1 1 1 2 4
UNSAT
0: -1 -2
1: -1 -3
2: -1 -4
3: -1 -5
4: -1 -6
5: -1 -7
6: -1 -8
7: -1 -9
45: -11 -12
46: -11 -13
47: -11 -14
48: -11 -15
49: -11 -16
50: -11 -17
51: -11 -18
89: -21 -22
90: -21 -23
91: -21 -24
92: -21 -25
93: -21 -26
94: -21 -27
132: -31 -32
137: -32 -33
138: -32 -34
139: -32 -35
140: -32 -36
170: -40 -42
171: -40 -43
172: -40 -44
173: -40 -45
215: -51 -52
218: -52 -53
219: -52 -54
253: -60 -62
257: -62 -63
291: -69 -72
348: -84 -85
349: -84 -86
350: -84 -87
351: -84 -88
352: -84 -89
353: -84 -90
354: -85 -86
355: -85 -87
356: -85 -88
357: -85 -89
358: -85 -90
359: -86 -87
360: -86 -88
361: -86 -89
362: -86 -90
363: -87 -88
364: -87 -89
365: -87 -90
366: -88 -89
367: -88 -90
368: -89 -90
369: 82 83 84 85 86 87 88 89 90
385: -93 -94
386: -93 -95
387: -93 -96
388: -93 -97
389: -93 -98
390: -93 -99
391: -94 -95
392: -94 -96
393: -94 -97
394: -94 -98
395: -94 -99
396: -95 -96
397: -95 -97
398: -95 -98
399: -95 -99
400: -96 -97
401: -96 -98
402: -96 -99
403: -97 -98
404: -97 -99
405: -98 -99
406: 91 92 93 94 95 96 97 98 99
407: -100 -101
408: -100 -102
409: -100 -103
410: -100 -104
411: -100 -105
412: -100 -106
413: -100 -107
414: -100 -108
415: -101 -102
416: -101 -103
417: -101 -104
420: -101 -107
421: -101 -108
426: -102 -107
428: -103 -104
429: -103 -105
430: -103 -106
432: -103 -108
433: -104 -105
435: -104 -107
436: -104 -108
437: -105 -106
438: -105 -107
439: -105 -108
441: -106 -108
442: -107 -108
443: 100 101 102 103 104 105 106 107 108
444: -109 -110
445: -109 -111
446: -109 -112
447: -109 -113
448: -109 -114
449: -109 -115
450: -109 -116
451: -109 -117
452: -110 -111
453: -110 -112
454: -110 -113
455: -110 -114
456: -110 -115
457: -110 -116
458: -110 -117
459: -111 -112
460: -111 -113
461: -111 -114
462: -111 -115
463: -111 -116
464: -111 -117
465: -112 -113
466: -112 -114
468: -112 -116
469: -112 -117
471: -113 -115
472: -113 -116
473: -113 -117
474: -114 -115
475: -114 -116
476: -114 -117
477: -115 -116
479: -116 -117
480: 109 110 111 112 113 114 115 116 117
481: -118 -119
482: -118 -120
483: -118 -121
484: -118 -122
485: -118 -123
486: -118 -124
487: -118 -125
488: -118 -126
489: -119 -120
490: -119 -121
491: -119 -122
492: -119 -123
493: -119 -124
494: -119 -125
495: -119 -126
496: -120 -121
497: -120 -122
498: -120 -123
499: -120 -124
500: -120 -125
501: -120 -126
506: -121 -126
507: -122 -123
508: -122 -124
509: -122 -125
510: -122 -126
511: -123 -124
512: -123 -125
513: -123 -126
514: -124 -125
515: -124 -126
516: -125 -126
517: 118 119 120 121 122 123 124 125 126
518: -127 -128
519: -127 -129
520: -127 -130
521: -127 -131
522: -127 -132
523: -127 -133
524: -127 -134
525: -127 -135
526: -128 -129
527: -128 -130
528: -128 -131
529: -128 -132
530: -128 -133
531: -128 -134
532: -128 -135
533: -129 -130
534: -129 -131
535: -129 -132
536: -129 -133
537: -129 -134
538: -129 -135
539: -130 -131
540: -130 -132
541: -130 -133
543: -130 -135
544: -131 -132
545: -131 -133
546: -131 -134
547: -131 -135
548: -132 -133
549: -132 -134
550: -132 -135
551: -133 -134
552: -133 -135
553: -134 -135
554: 127 128 129 130 131 132 133 134 135
555: -136 -137
556: -136 -138
557: -136 -139
558: -136 -140
559: -136 -141
560: -136 -142
561: -136 -143
562: -136 -144
563: -137 -138
564: -137 -139
567: -137 -142
568: -137 -143
569: -137 -144
570: -138 -139
571: -138 -140
572: -138 -141
573: -138 -142
574: -138 -143
575: -138 -144
576: -139 -140
577: -139 -141
578: -139 -142
579: -139 -143
580: -139 -144
581: -140 -141
582: -140 -142
583: -140 -143
584: -140 -144
585: -141 -142
586: -141 -143
587: -141 -144
588: -142 -143
590: -143 -144
591: 136 137 138 139 140 141 142 143 144
592: -145 -146
593: -145 -147
594: -145 -148
595: -145 -149
596: -145 -150
597: -145 -151
598: -145 -152
599: -145 -153
600: -146 -147
601: -146 -148
602: -146 -149
603: -146 -150
604: -146 -151
605: -146 -152
606: -146 -153
607: -147 -148
608: -147 -149
609: -147 -150
610: -147 -151
611: -147 -152
612: -147 -153
613: -148 -149
614: -148 -150
616: -148 -152
617: -148 -153
618: -149 -150
619: -149 -151
620: -149 -152
621: -149 -153
622: -150 -151
624: -150 -153
625: -151 -152
626: -151 -153
627: -152 -153
628: 145 146 147 148 149 150 151 152 153
629: -154 -155
630: -154 -156
631: -154 -157
632: -154 -158
633: -154 -159
634: -154 -160
635: -154 -161
636: -154 -162
637: -155 -156
638: -155 -157
639: -155 -158
640: -155 -159
641: -155 -160
642: -155 -161
643: -155 -162
644: -156 -157
645: -156 -158
646: -156 -159
647: -156 -160
648: -156 -161
649: -156 -162
650: -157 -158
651: -157 -159
652: -157 -160
653: -157 -161
654: -157 -162
655: -158 -159
656: -158 -160
657: -158 -161
658: -158 -162
660: -159 -161
661: -159 -162
662: -160 -161
663: -160 -162
664: -161 -162
665: 154 155 156 157 158 159 160 161 162
675: -164 -166
676: -164 -167
677: -164 -168
678: -164 -169
679: -164 -170
680: -164 -171
687: -166 -167
688: -166 -168
689: -166 -169
690: -166 -170
691: -166 -171
692: -167 -168
693: -167 -169
694: -167 -170
695: -167 -171
696: -168 -169
697: -168 -170
698: -168 -171
699: -169 -170
700: -169 -171
701: -170 -171
702: 163 164 165 166 167 168 169 170 171
703: -172 -173
704: -172 -174
705: -172 -175
706: -172 -176
707: -172 -177
708: -172 -178
709: -172 -179
710: -172 -180
711: -173 -174
712: -173 -175
713: -173 -176
714: -173 -177
715: -173 -178
716: -173 -179
717: -173 -180
718: -174 -175
719: -174 -176
720: -174 -177
721: -174 -178
722: -174 -179
723: -174 -180
724: -175 -176
725: -175 -177
726: -175 -178
727: -175 -179
728: -175 -180
729: -176 -177
730: -176 -178
731: -176 -179
732: -176 -180
733: -177 -178
734: -177 -179
735: -177 -180
737: -178 -180
738: -179 -180
739: 172 173 174 175 176 177 178 179 180
749: -182 -184
750: -182 -185
751: -182 -186
752: -182 -187
753: -182 -188
754: -182 -189
761: -184 -185
762: -184 -186
763: -184 -187
764: -184 -188
765: -184 -189
766: -185 -186
767: -185 -187
768: -185 -188
769: -185 -189
770: -186 -187
771: -186 -188
772: -186 -189
773: -187 -188
774: -187 -189
775: -188 -189
776: 181 182 183 184 185 186 187 188 189
777: -190 -191
778: -190 -192
779: -190 -193
780: -190 -194
781: -190 -195
782: -190 -196
783: -190 -197
784: -190 -198
785: -191 -192
786: -191 -193
787: -191 -194
788: -191 -195
789: -191 -196
790: -191 -197
791: -191 -198
792: -192 -193
793: -192 -194
794: -192 -195
795: -192 -196
796: -192 -197
797: -192 -198
798: -193 -194
799: -193 -195
800: -193 -196
801: -193 -197
802: -193 -198
803: -194 -195
804: -194 -196
805: -194 -197
806: -194 -198
807: -195 -196
808: -195 -197
809: -195 -198
810: -196 -197
811: -196 -198
812: -197 -198
813: 190 191 192 193 194 195 196 197 198
814: -199 -200
815: -199 -201
816: -199 -202
817: -199 -203
818: -199 -204
819: -199 -205
820: -199 -206
821: -199 -207
822: -200 -201
823: -200 -202
824: -200 -203
825: -200 -204
826: -200 -205
827: -200 -206
828: -200 -207
829: -201 -202
830: -201 -203
831: -201 -204
832: -201 -205
833: -201 -206
834: -201 -207
835: -202 -203
836: -202 -204
837: -202 -205
838: -202 -206
839: -202 -207
840: -203 -204
841: -203 -205
842: -203 -206
843: -203 -207
844: -204 -205
845: -204 -206
846: -204 -207
847: -205 -206
848: -205 -207
849: -206 -207
850: 199 200 201 202 203 204 205 206 207
851: -208 -209
852: -208 -210
853: -208 -211
854: -208 -212
855: -208 -213
856: -208 -214
857: -208 -215
858: -208 -216
859: -209 -210
860: -209 -211
861: -209 -212
862: -209 -213
863: -209 -214
864: -209 -215
865: -209 -216
866: -210 -211
867: -210 -212
868: -210 -213
869: -210 -214
870: -210 -215
871: -210 -216
872: -211 -212
873: -211 -213
874: -211 -214
875: -211 -215
876: -211 -216
877: -212 -213
878: -212 -214
879: -212 -215
880: -212 -216
881: -213 -214
882: -213 -215
883: -213 -216
884: -214 -215
885: -214 -216
886: -215 -216
887: 208 209 210 211 212 213 214 215 216
888: -217 -218
889: -217 -219
890: -217 -220
891: -217 -221
892: -217 -222
893: -217 -223
894: -217 -224
895: -217 -225
896: -218 -219
897: -218 -220
898: -218 -221
899: -218 -222
900: -218 -223
901: -218 -224
902: -218 -225
903: -219 -220
904: -219 -221
905: -219 -222
906: -219 -223
907: -219 -224
908: -219 -225
909: -220 -221
910: -220 -222
911: -220 -223
912: -220 -224
913: -220 -225
914: -221 -222
915: -221 -223
916: -221 -224
917: -221 -225
918: -222 -223
919: -222 -224
920: -222 -225
921: -223 -224
922: -223 -225
923: -224 -225
924: 217 218 219 220 221 222 223 224 225
925: -226 -227
926: -226 -228
927: -226 -229
928: -226 -230
929: -226 -231
930: -226 -232
931: -226 -233
932: -226 -234
933: -227 -228
934: -227 -229
935: -227 -230
936: -227 -231
937: -227 -232
938: -227 -233
939: -227 -234
940: -228 -229
941: -228 -230
942: -228 -231
943: -228 -232
944: -228 -233
945: -228 -234
946: -229 -230
947: -229 -231
948: -229 -232
949: -229 -233
950: -229 -234
951: -230 -231
952: -230 -232
953: -230 -233
954: -230 -234
955: -231 -232
956: -231 -233
957: -231 -234
958: -232 -233
959: -232 -234
960: -233 -234
961: 226 227 228 229 230 231 232 233 234
962: -235 -236
963: -235 -237
964: -235 -238
965: -235 -239
966: -235 -240
967: -235 -241
968: -235 -242
969: -235 -243
970: -236 -237
971: -236 -238
972: -236 -239
973: -236 -240
974: -236 -241
975: -236 -242
976: -236 -243
977: -237 -238
978: -237 -239
979: -237 -240
980: -237 -241
982: -237 -243
983: -238 -239
984: -238 -240
985: -238 -241
986: -238 -242
987: -238 -243
988: -239 -240
989: -239 -241
990: -239 -242
991: -239 -243
992: -240 -241
993: -240 -242
994: -240 -243
995: -241 -242
996: -241 -243
997: -242 -243
998: 235 236 237 238 239 240 241 242 243
1007: -245 -246
1008: -245 -247
1010: -245 -249
1011: -245 -250
1012: -245 -251
1013: -245 -252
1014: -246 -247
1016: -246 -249
1017: -246 -250
1018: -246 -251
1019: -246 -252
1021: -247 -249
1022: -247 -250
1023: -247 -251
1024: -247 -252
1029: -249 -250
1030: -249 -251
1031: -249 -252
1032: -250 -251
1033: -250 -252
1034: -251 -252
1035: 244 245 246 247 248 249 250 251 252
1036: -253 -254
1037: -253 -255
1038: -253 -256
1039: -253 -257
1040: -253 -258
1041: -253 -259
1042: -253 -260
1043: -253 -261
1044: -254 -255
1045: -254 -256
1046: -254 -257
1051: -255 -256
1052: -255 -257
1053: -255 -258
1054: -255 -259
1055: -255 -260
1057: -256 -257
1058: -256 -258
1060: -256 -260
1061: -256 -261
1063: -257 -259
1064: -257 -260
1065: -257 -261
1066: -258 -259
1067: -258 -260
1068: -258 -261
1069: -259 -260
1071: -260 -261
1072: 253 254 255 256 257 258 259 260 261
1073: -262 -263
1074: -262 -264
1075: -262 -265
1076: -262 -266
1077: -262 -267
1078: -262 -268
1079: -262 -269
1080: -262 -270
1081: -263 -264
1082: -263 -265
1083: -263 -266
1084: -263 -267
1085: -263 -268
1086: -263 -269
1087: -263 -270
1089: -264 -266
1097: -265 -269
1099: -266 -267
1101: -266 -269
1102: -266 -270
1103: -267 -268
1104: -267 -269
1105: -267 -270
1106: -268 -269
1108: -269 -270
1109: 262 263 264 265 266 267 268 269 270
1111: -271 -273
1112: -271 -274
1114: -271 -276
1115: -271 -277
1116: -271 -278
1119: -272 -274
1122: -272 -277
1124: -272 -279
1125: -273 -274
1127: -273 -276
1130: -273 -279
1132: -274 -276
1133: -274 -277
1134: -274 -278
1140: -276 -277
1142: -276 -279
1143: -277 -278
1145: -278 -279
1146: 271 272 273 274 275 276 277 278 279
1150: -280 -284
1155: -281 -282
1157: -281 -284
1158: -281 -285
1159: -281 -286
1160: -281 -287
1161: -281 -288
1162: -282 -283
1163: -282 -284
1164: -282 -285
1165: -282 -286
1166: -282 -287
1167: -282 -288
1171: -283 -287
1172: -283 -288
1174: -284 -286
1177: -285 -286
1178: -285 -287
1179: -285 -288
1180: -286 -287
1181: -286 -288
1182: -287 -288
1183: 280 281 282 283 284 285 286 287 288
1184: -289 -290
1185: -289 -291
1186: -289 -292
1187: -289 -293
1188: -289 -294
1189: -289 -295
1190: -289 -296
1191: -289 -297
1192: -290 -291
1193: -290 -292
1194: -290 -293
1195: -290 -294
1196: -290 -295
1197: -290 -296
1198: -290 -297
1199: -291 -292
1200: -291 -293
1201: -291 -294
1202: -291 -295
1203: -291 -296
1204: -291 -297
1205: -292 -293
1206: -292 -294
1207: -292 -295
1208: -292 -296
1209: -292 -297
1210: -293 -294
1211: -293 -295
1212: -293 -296
1213: -293 -297
1220: 289 290 291 292 293 294 295 296 297
1221: -298 -299
1222: -298 -300
1224: -298 -302
1225: -298 -303
1226: -298 -304
1227: -298 -305
1228: -298 -306
1229: -299 -300
1230: -299 -301
1231: -299 -302
1232: -299 -303
1233: -299 -304
1234: -299 -305
1235: -299 -306
1236: -300 -301
1237: -300 -302
1238: -300 -303
1239: -300 -304
1240: -300 -305
1241: -300 -306
1242: -301 -302
1247: -302 -303
1248: -302 -304
1249: -302 -305
1250: -302 -306
1251: -303 -304
1252: -303 -305
1253: -303 -306
1255: -304 -306
1256: -305 -306
1257: 298 299 300 301 302 303 304 305 306
1258: -307 -308
1259: -307 -309
1260: -307 -310
1261: -307 -311
1262: -307 -312
1263: -307 -313
1264: -307 -314
1265: -307 -315
1266: -308 -309
1267: -308 -310
1268: -308 -311
1269: -308 -312
1270: -308 -313
1271: -308 -314
1272: -308 -315
1273: -309 -310
1274: -309 -311
1275: -309 -312
1277: -309 -314
1278: -309 -315
1279: -310 -311
1281: -310 -313
1282: -310 -314
1283: -310 -315
1284: -311 -312
1285: -311 -313
1286: -311 -314
1287: -311 -315
1290: -312 -315
1292: -313 -315
1293: -314 -315
1294: 307 308 309 310 311 312 313 314 315
1295: -316 -317
1296: -316 -318
1297: -316 -319
1298: -316 -320
1299: -316 -321
1300: -316 -322
1301: -316 -323
1302: -316 -324
1303: -317 -318
1304: -317 -319
1305: -317 -320
1306: -317 -321
1307: -317 -322
1308: -317 -323
1309: -317 -324
1310: -318 -319
1311: -318 -320
1312: -318 -321
1313: -318 -322
1314: -318 -323
1315: -318 -324
1316: -319 -320
1320: -319 -324
1321: -320 -321
1322: -320 -322
1323: -320 -323
1324: -320 -324
1325: -321 -322
1330: -323 -324
1331: 316 317 318 319 320 321 322 323 324
1340: -326 -327
1343: -326 -330
1344: -326 -331
1345: -326 -332
1346: -326 -333
1349: -327 -330
1350: -327 -331
1351: -327 -332
1352: -327 -333
1362: -330 -331
1363: -330 -332
1364: -330 -333
1365: -331 -332
1366: -331 -333
1367: -332 -333
1368: 325 326 327 328 329 330 331 332 333
1370: -334 -336
1371: -334 -337
1373: -334 -339
1374: -334 -340
1375: -334 -341
1376: -334 -342
1377: -335 -336
1381: -335 -340
1383: -335 -342
1384: -336 -337
1385: -336 -338
1386: -336 -339
1387: -336 -340
1388: -336 -341
1389: -336 -342
1390: -337 -338
1391: -337 -339
1392: -337 -340
1393: -337 -341
1394: -337 -342
1395: -338 -339
1399: -339 -340
1400: -339 -341
1401: -339 -342
1402: -340 -341
1403: -340 -342
1404: -341 -342
1405: 334 335 336 337 338 339 340 341 342
1406: -343 -344
1407: -343 -345
1408: -343 -346
1409: -343 -347
1410: -343 -348
1411: -343 -349
1412: -343 -350
1413: -343 -351
1415: -344 -346
1417: -344 -348
1422: -345 -347
1427: -346 -347
1428: -346 -348
1429: -346 -349
1430: -346 -350
1431: -346 -351
1436: -348 -349
1441: -350 -351
1442: 343 344 345 346 347 348 349 350 351
1451: -353 -354
1454: -353 -357
1455: -353 -358
1456: -353 -359
1457: -353 -360
1460: -354 -357
1461: -354 -358
1462: -354 -359
1463: -354 -360
1473: -357 -358
1474: -357 -359
1475: -357 -360
1476: -358 -359
1477: -358 -360
1478: -359 -360
1479: 352 353 354 355 356 357 358 359 360
1481: -361 -363
1483: -361 -365
1484: -361 -366
1487: -361 -369
1488: -362 -363
1490: -362 -365
1493: -362 -368
1494: -362 -369
1496: -363 -365
1497: -363 -366
1498: -363 -367
1499: -363 -368
1500: -363 -369
1506: -365 -366
1507: -365 -367
1508: -365 -368
1509: -365 -369
1510: -366 -367
1512: -366 -369
1514: -367 -369
1515: -368 -369
1516: 361 362 363 364 365 366 367 368 369
1517: -370 -371
1518: -370 -372
1519: -370 -373
1520: -370 -374
1521: -370 -375
1522: -370 -376
1523: -370 -377
1524: -370 -378
1525: -371 -372
1526: -371 -373
1527: -371 -374
1528: -371 -375
1529: -371 -376
1530: -371 -377
1531: -371 -378
1532: -372 -373
1533: -372 -374
1534: -372 -375
1535: -372 -376
1536: -372 -377
1537: -372 -378
1538: -373 -374
1539: -373 -375
1540: -373 -376
1541: -373 -377
1543: -374 -375
1544: -374 -376
1546: -374 -378
1547: -375 -376
1550: -376 -377
1551: -376 -378
1552: -377 -378
1553: 370 371 372 373 374 375 376 377 378
1554: -379 -380
1555: -379 -381
1556: -379 -382
1557: -379 -383
1558: -379 -384
1559: -379 -385
1560: -379 -386
1561: -379 -387
1562: -380 -381
1563: -380 -382
1564: -380 -383
1565: -380 -384
1566: -380 -385
1567: -380 -386
1568: -380 -387
1569: -381 -382
1570: -381 -383
1571: -381 -384
1572: -381 -385
1573: -381 -386
1574: -381 -387
1575: -382 -383
1577: -382 -385
1578: -382 -386
1579: -382 -387
1580: -383 -384
1582: -383 -386
1588: -385 -387
1589: -386 -387
1590: 379 380 381 382 383 384 385 386 387
1591: -388 -389
1592: -388 -390
1593: -388 -391
1594: -388 -392
1595: -388 -393
1596: -388 -394
1597: -388 -395
1598: -388 -396
1599: -389 -390
1600: -389 -391
1601: -389 -392
1602: -389 -393
1603: -389 -394
1604: -389 -395
1605: -389 -396
1606: -390 -391
1607: -390 -392
1608: -390 -393
1609: -390 -394
1610: -390 -395
1611: -390 -396
1612: -391 -392
1613: -391 -393
1614: -391 -394
1616: -391 -396
1617: -392 -393
1622: -393 -395
1623: -393 -396
1625: -394 -396
1627: 388 389 390 391 392 393 394 395 396
1628: -397 -398
1629: -397 -399
1630: -397 -400
1631: -397 -401
1632: -397 -402
1633: -397 -403
1634: -397 -404
1635: -397 -405
1636: -398 -399
1637: -398 -400
1638: -398 -401
1639: -398 -402
1640: -398 -403
1641: -398 -404
1642: -398 -405
1643: -399 -400
1644: -399 -401
1645: -399 -402
1646: -399 -403
1647: -399 -404
1648: -399 -405
1649: -400 -401
1650: -400 -402
1651: -400 -403
1652: -400 -404
1653: -400 -405
1657: -401 -405
1658: -402 -403
1660: -402 -405
1661: -403 -404
1664: 397 398 399 400 401 402 403 404 405
1673: -407 -408
1674: -407 -409
1675: -407 -410
1676: -407 -411
1677: -407 -412
1678: -407 -413
1680: -408 -409
1681: -408 -410
1682: -408 -411
1683: -408 -412
1684: -408 -413
1686: -409 -410
1687: -409 -411
1688: -409 -412
1689: -409 -413
1691: -410 -411
1692: -410 -412
1693: -410 -413
1695: -411 -412
1696: -411 -413
1698: -412 -413
1701: 406 407 408 409 410 411 412 413 414
1702: -415 -416
1703: -415 -417
1704: -415 -418
1705: -415 -419
1706: -415 -420
1707: -415 -421
1708: -415 -422
1709: -415 -423
1711: -416 -418
1713: -416 -420
1719: -417 -420
1720: -417 -421
1721: -417 -422
1722: -417 -423
1723: -418 -419
1725: -418 -421
1727: -418 -423
1729: -419 -421
1731: -419 -423
1734: -420 -423
1735: -421 -422
1736: -421 -423
1737: -422 -423
1738: 415 416 417 418 419 420 421 422 423
1739: -424 -425
1740: -424 -426
1741: -424 -427
1742: -424 -428
1743: -424 -429
1744: -424 -430
1745: -424 -431
1746: -424 -432
1748: -425 -427
1749: -425 -428
1750: -425 -429
1751: -425 -430
1752: -425 -431
1753: -425 -432
1754: -426 -427
1757: -426 -430
1761: -427 -429
1762: -427 -430
1764: -427 -432
1765: -428 -429
1768: -428 -432
1771: -429 -432
1773: -430 -432
1775: 424 425 426 427 428 429 430 431 432
1776: -433 -434
1777: -433 -435
1778: -433 -436
1779: -433 -437
1780: -433 -438
1781: -433 -439
1782: -433 -440
1783: -433 -441
1784: -434 -435
1785: -434 -436
1786: -434 -437
1788: -434 -439
1789: -434 -440
1790: -434 -441
1791: -435 -436
1792: -435 -437
1793: -435 -438
1794: -435 -439
1796: -435 -441
1797: -436 -437
1801: -436 -441
1802: -437 -438
1805: -437 -441
1806: -438 -439
1808: -438 -441
1810: -439 -441
1811: -440 -441
1812: 433 434 435 436 437 438 439 440 441
1813: -442 -443
1814: -442 -444
1815: -442 -445
1816: -442 -446
1817: -442 -447
1818: -442 -448
1819: -442 -449
1820: -442 -450
1821: -443 -444
1822: -443 -445
1823: -443 -446
1824: -443 -447
1826: -443 -449
1827: -443 -450
1828: -444 -445
1829: -444 -446
1832: -444 -449
1833: -444 -450
1834: -445 -446
1835: -445 -447
1836: -445 -448
1837: -445 -449
1838: -445 -450
1839: -446 -447
1843: -447 -448
1845: -447 -450
1847: -448 -450
1848: -449 -450
1849: 442 443 444 445 446 447 448 449 450
1850: -451 -452
1851: -451 -453
1852: -451 -454
1853: -451 -455
1854: -451 -456
1855: -451 -457
1856: -451 -458
1862: -452 -457
1863: -452 -458
1868: -453 -457
1869: -453 -458
1871: -454 -455
1872: -454 -456
1873: -454 -457
1874: -454 -458
1876: -455 -456
1877: -455 -457
1878: -455 -458
1880: -456 -457
1883: -457 -458
1886: 451 452 453 454 455 456 457 458 459
1887: -460 -461
1888: -460 -462
1889: -460 -463
1890: -460 -464
1891: -460 -465
1892: -460 -466
1893: -460 -467
1894: -460 -468
1895: -461 -462
1896: -461 -463
1897: -461 -464
1900: -461 -467
1901: -461 -468
1903: -462 -464
1905: -462 -466
1906: -462 -467
1907: -462 -468
1911: -463 -467
1915: -464 -467
1916: -464 -468
1918: -465 -467
1920: -466 -467
1921: -466 -468
1922: -467 -468
1923: 460 461 462 463 464 465 466 467 468
1924: -469 -470
1925: -469 -471
1926: -469 -472
1927: -469 -473
1928: -469 -474
1929: -469 -475
1930: -469 -476
1931: -469 -477
1932: -470 -471
1933: -470 -472
1934: -470 -473
1937: -470 -476
1938: -470 -477
1939: -471 -472
1940: -471 -473
1941: -471 -474
1942: -471 -475
1943: -471 -476
1944: -471 -477
1945: -472 -473
1948: -472 -476
1949: -472 -477
1950: -473 -474
1951: -473 -475
1952: -473 -476
1953: -473 -477
1955: -474 -476
1956: -474 -477
1958: -475 -477
1959: -476 -477
1960: 469 470 471 472 473 474 475 476 477
1961: -478 -479
1962: -478 -480
1963: -478 -481
1964: -478 -482
1965: -478 -483
1966: -478 -484
1967: -478 -485
1968: -478 -486
1969: -479 -480
1970: -479 -481
1971: -479 -482
1972: -479 -483
1975: -479 -486
1976: -480 -481
1977: -480 -482
1981: -480 -486
1984: -481 -484
1985: -481 -485
1986: -481 -486
1988: -482 -484
1990: -482 -486
1993: -483 -486
1995: -484 -486
1996: -485 -486
1997: 478 479 480 481 482 483 484 485 486
2006: -488 -489
2007: -488 -490
2008: -488 -491
2010: -488 -493
2011: -488 -494
2012: -488 -495
2013: -489 -490
2014: -489 -491
2016: -489 -493
2017: -489 -494
2018: -489 -495
2019: -490 -491
2021: -490 -493
2022: -490 -494
2023: -490 -495
2026: -491 -494
2027: -491 -495
2031: -493 -494
2032: -493 -495
2033: -494 -495
2034: 487 488 489 490 491 492 493 494 495
2035: -496 -497
2036: -496 -498
2037: -496 -499
2038: -496 -500
2039: -496 -501
2040: -496 -502
2041: -496 -503
2042: -496 -504
2045: -497 -500
2051: -498 -500
2052: -498 -501
2057: -499 -501
2059: -499 -503
2060: -499 -504
2061: -500 -501
2062: -500 -502
2063: -500 -503
2065: -501 -502
2068: -502 -503
2069: -502 -504
2070: -503 -504
2071: 496 497 498 499 500 501 502 503 504
2072: -505 -506
2073: -505 -507
2074: -505 -508
2075: -505 -509
2076: -505 -510
2077: -505 -511
2078: -505 -512
2079: -505 -513
2080: -506 -507
2081: -506 -508
2082: -506 -509
2083: -506 -510
2084: -506 -511
2085: -506 -512
2086: -506 -513
2093: -508 -509
2094: -508 -510
2095: -508 -511
2098: -509 -510
2099: -509 -511
2100: -509 -512
2101: -509 -513
2102: -510 -511
2103: -510 -512
2105: -511 -512
2106: -511 -513
2108: 505 506 507 508 509 510 511 512 513
2109: -514 -515
2110: -514 -516
2111: -514 -517
2112: -514 -518
2113: -514 -519
2114: -514 -520
2115: -514 -521
2116: -514 -522
2117: -515 -516
2118: -515 -517
2119: -515 -518
2120: -515 -519
2124: -516 -517
2125: -516 -518
2126: -516 -519
2127: -516 -520
2128: -516 -521
2129: -516 -522
2130: -517 -518
2131: -517 -519
2135: -518 -519
2136: -518 -520
2137: -518 -521
2139: -519 -520
2140: -519 -521
2141: -519 -522
2143: -520 -522
2145: 514 515 516 517 518 519 520 521 522
2146: -523 -524
2147: -523 -525
2148: -523 -526
2149: -523 -527
2150: -523 -528
2151: -523 -529
2152: -523 -530
2153: -523 -531
2154: -524 -525
2155: -524 -526
2157: -524 -528
2158: -524 -529
2161: -525 -526
2162: -525 -527
2163: -525 -528
2164: -525 -529
2165: -525 -530
2166: -525 -531
2167: -526 -527
2168: -526 -528
2169: -526 -529
2170: -526 -530
2171: -526 -531
2172: -527 -528
2176: -528 -529
2177: -528 -530
2178: -528 -531
2182: 523 524 525 526 527 528 529 530 531
2184: -532 -534
2185: -532 -535
2186: -532 -536
2187: -532 -537
2188: -532 -538
2189: -532 -539
2194: -533 -537
2196: -533 -539
2198: -534 -535
2199: -534 -536
2200: -534 -537
2202: -534 -539
2204: -535 -536
2205: -535 -537
2206: -535 -538
2207: -535 -539
2208: -535 -540
2209: -536 -537
2210: -536 -538
2211: -536 -539
2212: -536 -540
2213: -537 -538
2214: -537 -539
2215: -537 -540
2216: -538 -539
2219: 532 533 534 535 536 537 538 539 540
2221: -541 -543
2222: -541 -544
2223: -541 -545
2225: -541 -547
2226: -541 -548
2228: -542 -543
2230: -542 -545
2233: -542 -548
2236: -543 -545
2243: -544 -547
2247: -545 -547
2248: -545 -548
2249: -545 -549
2253: -547 -548
2255: -548 -549
2256: 541 542 543 544 545 546 547 548 549
2257: -550 -551
2258: -550 -552
2259: -550 -553
2260: -550 -554
2261: -550 -555
2262: -550 -556
2263: -550 -557
2264: -550 -558
2265: -551 -552
2266: -551 -553
2267: -551 -554
2268: -551 -555
2269: -551 -556
2272: -552 -553
2273: -552 -554
2274: -552 -555
2275: -552 -556
2276: -552 -557
2277: -552 -558
2279: -553 -555
2281: -553 -557
2282: -553 -558
2283: -554 -555
2285: -554 -557
2287: -555 -556
2288: -555 -557
2289: -555 -558
2291: -556 -558
2293: 550 551 552 553 554 555 556 557 558
2294: -559 -560
2295: -559 -561
2296: -559 -562
2297: -559 -563
2298: -559 -564
2299: -559 -565
2300: -559 -566
2301: -559 -567
2303: -560 -562
2304: -560 -563
2305: -560 -564
2306: -560 -565
2307: -560 -566
2308: -560 -567
2309: -561 -562
2310: -561 -563
2311: -561 -564
2313: -561 -566
2314: -561 -567
2315: -562 -563
2316: -562 -564
2317: -562 -565
2318: -562 -566
2319: -562 -567
2320: -563 -564
2321: -563 -565
2322: -563 -566
2323: -563 -567
2324: -564 -565
2325: -564 -566
2326: -564 -567
2329: -566 -567
2330: 559 560 561 562 563 564 565 566 567
2339: -569 -570
2340: -569 -571
2341: -569 -572
2342: -569 -573
2344: -569 -575
2345: -569 -576
2346: -570 -571
2347: -570 -572
2348: -570 -573
2350: -570 -575
2351: -570 -576
2352: -571 -572
2353: -571 -573
2355: -571 -575
2356: -571 -576
2357: -572 -573
2359: -572 -575
2360: -572 -576
2362: -573 -575
2363: -573 -576
2366: -575 -576
2367: 568 569 570 571 572 573 574 575 576
2368: -577 -578
2369: -577 -579
2370: -577 -580
2371: -577 -581
2372: -577 -582
2373: -577 -583
2374: -577 -584
2375: -577 -585
2381: -578 -584
2383: -579 -580
2385: -579 -582
2386: -579 -583
2387: -579 -584
2388: -579 -585
2389: -580 -581
2391: -580 -583
2395: -581 -583
2396: -581 -584
2397: -581 -585
2398: -582 -583
2402: -583 -585
2403: -584 -585
2404: 577 578 579 580 581 582 583 584 585
2405: -586 -587
2406: -586 -588
2407: -586 -589
2408: -586 -590
2409: -586 -591
2410: -586 -592
2411: -586 -593
2412: -586 -594
2414: -587 -589
2415: -587 -590
2417: -587 -592
2418: -587 -593
2423: -588 -592
2426: -589 -590
2427: -589 -591
2428: -589 -592
2429: -589 -593
2431: -590 -591
2432: -590 -592
2433: -590 -593
2436: -591 -593
2438: -592 -593
2439: -592 -594
2440: -593 -594
2441: 586 587 588 589 590 591 592 593 594
2442: -595 -596
2443: -595 -597
2444: -595 -598
2445: -595 -599
2446: -595 -600
2447: -595 -601
2448: -595 -602
2449: -595 -603
2450: -596 -597
2452: -596 -599
2454: -596 -601
2455: -596 -602
2457: -597 -598
2458: -597 -599
2460: -597 -601
2462: -597 -603
2463: -598 -599
2465: -598 -601
2468: -599 -600
2469: -599 -601
2470: -599 -602
2471: -599 -603
2472: -600 -601
2473: -600 -602
2474: -600 -603
2475: -601 -602
2476: -601 -603
2477: -602 -603
2478: 595 596 597 598 599 600 601 602 603
2479: -604 -605
2480: -604 -606
2481: -604 -607
2482: -604 -608
2483: -604 -609
2484: -604 -610
2485: -604 -611
2486: -604 -612
2487: -605 -606
2488: -605 -607
2490: -605 -609
2491: -605 -610
2492: -605 -611
2493: -605 -612
2494: -606 -607
2495: -606 -608
2496: -606 -609
2497: -606 -610
2500: -607 -608
2501: -607 -609
2502: -607 -610
2503: -607 -611
2504: -607 -612
2506: -608 -610
2509: -609 -610
2512: -610 -611
2513: -610 -612
2514: -611 -612
2515: 604 605 606 607 608 609 610 611 612
2516: -613 -614
2517: -613 -615
2518: -613 -616
2519: -613 -617
2520: -613 -618
2521: -613 -619
2522: -613 -620
2524: -614 -615
2525: -614 -616
2527: -614 -618
2528: -614 -619
2530: -614 -621
2531: -615 -616
2532: -615 -617
2533: -615 -618
2534: -615 -619
2537: -616 -617
2538: -616 -618
2539: -616 -619
2540: -616 -620
2542: -617 -618
2543: -617 -619
2546: -618 -619
2547: -618 -620
2548: -618 -621
2549: -619 -620
2550: -619 -621
2552: 613 614 615 616 617 618 619 620 621
2553: -622 -623
2554: -622 -624
2555: -622 -625
2556: -622 -626
2557: -622 -627
2558: -622 -628
2559: -622 -629
2560: -622 -630
2561: -623 -624
2562: -623 -625
2563: -623 -626
2564: -623 -627
2565: -623 -628
2567: -623 -630
2568: -624 -625
2569: -624 -626
2570: -624 -627
2571: -624 -628
2572: -624 -629
2573: -624 -630
2575: -625 -627
2576: -625 -628
2577: -625 -629
2578: -625 -630
2580: -626 -628
2581: -626 -629
2582: -626 -630
2583: -627 -628
2585: -627 -630
2586: -628 -629
2587: -628 -630
2588: -629 -630
2589: 622 623 624 625 626 627 628 629 630
2591: -631 -633
2592: -631 -634
2593: -631 -635
2594: -631 -636
2596: -631 -638
2597: -631 -639
2598: -632 -633
2599: -632 -634
2601: -632 -636
2603: -632 -638
2604: -632 -639
2605: -633 -634
2607: -633 -636
2609: -633 -638
2610: -633 -639
2612: -634 -636
2616: -635 -636
2618: -635 -638
2619: -635 -639
2621: -636 -638
2625: -638 -639
2626: 631 632 633 634 635 636 637 638 639
2627: -640 -641
2628: -640 -642
2629: -640 -643
2630: -640 -644
2631: -640 -645
2632: -640 -646
2633: -640 -647
2634: -640 -648
2635: -641 -642
2636: -641 -643
2637: -641 -644
2639: -641 -646
2641: -641 -648
2642: -642 -643
2643: -642 -644
2644: -642 -645
2645: -642 -646
2646: -642 -647
2647: -642 -648
2648: -643 -644
2650: -643 -646
2651: -643 -647
2652: -643 -648
2654: -644 -646
2656: -644 -648
2657: -645 -646
2661: -646 -648
2663: 640 641 642 643 644 645 646 647 648
2672: -650 -651
2673: -650 -652
2674: -650 -653
2675: -650 -654
2676: -650 -655
2678: -650 -657
2679: -651 -652
2680: -651 -653
2681: -651 -654
2682: -651 -655
2684: -651 -657
2685: -652 -653
2686: -652 -654
2687: -652 -655
2689: -652 -657
2690: -653 -654
2691: -653 -655
2693: -653 -657
2694: -654 -655
2696: -654 -657
2698: -655 -657
2700: 649 650 651 652 653 654 655 656 657
2701: -658 -659
2702: -658 -660
2703: -658 -661
2704: -658 -662
2705: -658 -663
2706: -658 -664
2707: -658 -665
2709: -659 -660
2716: -660 -661
2717: -660 -662
2720: -660 -665
2722: -661 -662
2723: -661 -663
2725: -661 -665
2726: -661 -666
2727: -662 -663
2729: -662 -665
2730: -662 -666
2732: -663 -665
2736: -665 -666
2737: 658 659 660 661 662 663 664 665 666
2738: -667 -668
2739: -667 -669
2740: -667 -670
2741: -667 -671
2742: -667 -672
2743: -667 -673
2744: -667 -674
2745: -667 -675
2747: -668 -670
2748: -668 -671
2751: -668 -674
2753: -669 -670
2756: -669 -673
2759: -670 -671
2760: -670 -672
2763: -670 -675
2764: -671 -672
2766: -671 -674
2767: -671 -675
2768: -672 -673
2769: -672 -674
2771: -673 -674
2773: -674 -675
2774: 667 668 669 670 671 672 673 674 675
2775: -676 -677
2776: -676 -678
2777: -676 -679
2778: -676 -680
2779: -676 -681
2780: -676 -682
2781: -676 -683
2782: -676 -684
2783: -677 -678
2785: -677 -680
2788: -677 -683
2791: -678 -680
2794: -678 -683
2795: -678 -684
2796: -679 -680
2799: -679 -683
2801: -680 -681
2802: -680 -682
2803: -680 -683
2804: -680 -684
2806: -681 -683
2808: -682 -683
2809: -682 -684
2810: -683 -684
2811: 676 677 678 679 680 681 682 683 684
2812: -685 -686
2813: -685 -687
2814: -685 -688
2815: -685 -689
2816: -685 -690
2817: -685 -691
2818: -685 -692
2819: -685 -693
2820: -686 -687
2821: -686 -688
2822: -686 -689
2827: -687 -688
2830: -687 -691
2831: -687 -692
2833: -688 -689
2834: -688 -690
2835: -688 -691
2836: -688 -692
2837: -688 -693
2840: -689 -692
2843: -690 -692
2844: -690 -693
2847: -692 -693
2848: 685 686 687 688 689 690 691 692 693
2849: -694 -695
2850: -694 -696
2851: -694 -697
2852: -694 -698
2853: -694 -699
2854: -694 -700
2855: -694 -701
2856: -694 -702
2857: -695 -696
2858: -695 -697
2859: -695 -698
2860: -695 -699
2861: -695 -700
2862: -695 -701
2863: -695 -702
2864: -696 -697
2865: -696 -698
2866: -696 -699
2867: -696 -700
2868: -696 -701
2869: -696 -702
2870: -697 -698
2872: -697 -700
2873: -697 -701
2874: -697 -702
2875: -698 -699
2876: -698 -700
2877: -698 -701
2880: -699 -701
2882: -700 -701
2885: 694 695 696 697 698 699 700 701 702
2886: -703 -704
2887: -703 -705
2888: -703 -706
2889: -703 -707
2890: -703 -708
2891: -703 -709
2892: -703 -710
2893: -703 -711
2894: -704 -705
2895: -704 -706
2896: -704 -707
2897: -704 -708
2898: -704 -709
2899: -704 -710
2900: -704 -711
2901: -705 -706
2902: -705 -707
2903: -705 -708
2904: -705 -709
2905: -705 -710
2907: -706 -707
2908: -706 -708
2909: -706 -709
2910: -706 -710
2911: -706 -711
2912: -707 -708
2913: -707 -709
2914: -707 -710
2915: -707 -711
2917: -708 -710
2919: -709 -710
2921: -710 -711
2922: 703 704 705 706 707 708 709 710 711
2924: -712 -714
2925: -712 -715
2926: -712 -716
2927: -712 -717
2928: -712 -718
2929: -712 -719
2930: -712 -720
2931: -713 -714
2932: -713 -715
2933: -713 -716
2936: -713 -719
2937: -713 -720
2938: -714 -715
2939: -714 -716
2940: -714 -717
2942: -714 -719
2943: -714 -720
2944: -715 -716
2945: -715 -717
2947: -715 -719
2948: -715 -720
2949: -716 -717
2950: -716 -718
2951: -716 -719
2952: -716 -720
2954: -717 -719
2956: -718 -719
2958: -719 -720
2959: 712 713 714 715 716 717 718 719 720
2960: -721 -722
2961: -721 -723
2962: -721 -724
2963: -721 -725
2964: -721 -726
2965: -721 -727
2967: -721 -729
2972: -722 -727
2974: -722 -729
2975: -723 -724
2976: -723 -725
2977: -723 -726
2978: -723 -727
2980: -723 -729
2981: -724 -725
2982: -724 -726
2983: -724 -727
2985: -724 -729
2986: -725 -726
2987: -725 -727
2989: -725 -729
2990: -726 -727
2992: -726 -729
2994: -727 -729
2996: 721 722 723 724 725 726 727 728 729
3888: -84 -172 -1 82
3898: -84 -173 -11 91
3908: -84 -174 -21 100
3919: -84 -175 -32 118
3927: -84 -176 -40 109
3939: -84 -177 -52 136
3949: -84 -178 -62 145
3959: -84 -179 -72 154
3965: -84 -180 -78 127
3969: -85 -253 -1 82
3979: -85 -254 -11 91
3989: -85 -255 -21 100
4000: -85 -256 -32 118
4008: -85 -257 -40 109
4020: -85 -258 -52 136
4030: -85 -259 -62 145
4040: -85 -260 -72 154
4046: -85 -261 -78 127
4050: -86 -334 -1 82
4070: -86 -336 -21 100
4081: -86 -337 -32 118
4089: -86 -338 -40 109
4101: -86 -339 -52 136
4111: -86 -340 -62 145
4121: -86 -341 -72 154
4127: -86 -342 -78 127
4131: -87 -415 -1 82
4141: -87 -416 -11 91
4151: -87 -417 -21 100
4162: -87 -418 -32 118
4170: -87 -419 -40 109
4182: -87 -420 -52 136
4192: -87 -421 -62 145
4202: -87 -422 -72 154
4208: -87 -423 -78 127
4212: -88 -496 -1 82
4222: -88 -497 -11 91
4232: -88 -498 -21 100
4243: -88 -499 -32 118
4251: -88 -500 -40 109
4263: -88 -501 -52 136
4273: -88 -502 -62 145
4283: -88 -503 -72 154
4289: -88 -504 -78 127
4293: -89 -577 -1 82
4303: -89 -578 -11 91
4313: -89 -579 -21 100
4324: -89 -580 -32 118
4332: -89 -581 -40 109
4344: -89 -582 -52 136
4354: -89 -583 -62 145
4364: -89 -584 -72 154
4370: -89 -585 -78 127
4374: -90 -658 -1 82
4384: -90 -659 -11 91
4394: -90 -660 -21 100
4405: -90 -661 -32 118
4413: -90 -662 -40 109
4425: -90 -663 -52 136
4435: -90 -664 -62 145
4445: -90 -665 -72 154
4451: -90 -666 -78 127
4536: -164 -100 -1 163
4546: -164 -101 -11 172
4556: -164 -102 -21 181
4567: -164 -103 -32 199
4575: -164 -104 -40 190
4587: -164 -105 -52 217
4597: -164 -106 -62 226
4607: -164 -107 -72 235
4613: -164 -108 -78 208
4698: -166 -262 -1 163
4708: -166 -263 -11 172
4718: -166 -264 -21 181
4729: -166 -265 -32 199
4737: -166 -266 -40 190
4749: -166 -267 -52 217
4759: -166 -268 -62 226
4769: -166 -269 -72 235
4775: -166 -270 -78 208
4779: -167 -343 -1 163
4789: -167 -344 -11 172
4799: -167 -345 -21 181
4810: -167 -346 -32 199
4818: -167 -347 -40 190
4830: -167 -348 -52 217
4840: -167 -349 -62 226
4850: -167 -350 -72 235
4856: -167 -351 -78 208
4860: -168 -424 -1 163
4870: -168 -425 -11 172
4880: -168 -426 -21 181
4891: -168 -427 -32 199
4899: -168 -428 -40 190
4911: -168 -429 -52 217
4921: -168 -430 -62 226
4931: -168 -431 -72 235
4937: -168 -432 -78 208
4941: -169 -505 -1 163
4951: -169 -506 -11 172
4961: -169 -507 -21 181
4972: -169 -508 -32 199
4980: -169 -509 -40 190
4992: -169 -510 -52 217
5002: -169 -511 -62 226
5012: -169 -512 -72 235
5018: -169 -513 -78 208
5022: -170 -586 -1 163
5032: -170 -587 -11 172
5042: -170 -588 -21 181
5053: -170 -589 -32 199
5061: -170 -590 -40 190
5073: -170 -591 -52 217
5083: -170 -592 -62 226
5093: -170 -593 -72 235
5099: -170 -594 -78 208
5103: -171 -667 -1 163
5113: -171 -668 -11 172
5123: -171 -669 -21 181
5134: -171 -670 -32 199
5142: -171 -671 -40 190
5154: -171 -672 -52 217
5164: -171 -673 -62 226
5174: -171 -674 -72 235
5180: -171 -675 -78 208
5265: -245 -109 -1 244
5275: -245 -110 -11 253
5285: -245 -111 -21 262
5296: -245 -112 -32 280
5304: -245 -113 -40 271
5316: -245 -114 -52 298
5326: -245 -115 -62 307
5336: -245 -116 -72 316
5342: -245 -117 -78 289
5346: -246 -190 -1 244
5356: -246 -191 -11 253
5366: -246 -192 -21 262
5377: -246 -193 -32 280
5385: -246 -194 -40 271
5397: -246 -195 -52 298
5407: -246 -196 -62 307
5417: -246 -197 -72 316
5423: -246 -198 -78 289
5437: -247 -272 -11 253
5447: -247 -273 -21 262
5466: -247 -275 -40 271
5488: -247 -277 -62 307
5589: -249 -433 -1 244
5599: -249 -434 -11 253
5609: -249 -435 -21 262
5620: -249 -436 -32 280
5628: -249 -437 -40 271
5640: -249 -438 -52 298
5650: -249 -439 -62 307
5660: -249 -440 -72 316
5666: -249 -441 -78 289
5670: -250 -514 -1 244
5680: -250 -515 -11 253
5690: -250 -516 -21 262
5701: -250 -517 -32 280
5709: -250 -518 -40 271
5721: -250 -519 -52 298
5731: -250 -520 -62 307
5741: -250 -521 -72 316
5747: -250 -522 -78 289
5751: -251 -595 -1 244
5761: -251 -596 -11 253
5771: -251 -597 -21 262
5782: -251 -598 -32 280
5790: -251 -599 -40 271
5802: -251 -600 -52 298
5812: -251 -601 -62 307
5822: -251 -602 -72 316
5828: -251 -603 -78 289
5832: -252 -676 -1 244
5842: -252 -677 -11 253
5852: -252 -678 -21 262
5863: -252 -679 -32 280
5871: -252 -680 -40 271
5883: -252 -681 -52 298
5893: -252 -682 -62 307
5903: -252 -683 -72 316
5909: -252 -684 -78 289
5994: -326 -118 -1 325
6004: -326 -119 -11 334
6014: -326 -120 -21 343
6025: -326 -121 -32 361
6033: -326 -122 -40 352
6045: -326 -123 -52 379
6055: -326 -124 -62 388
6065: -326 -125 -72 397
6071: -326 -126 -78 370
6075: -327 -199 -1 325
6085: -327 -200 -11 334
6095: -327 -201 -21 343
6106: -327 -202 -32 361
6114: -327 -203 -40 352
6126: -327 -204 -52 379
6136: -327 -205 -62 388
6146: -327 -206 -72 397
6152: -327 -207 -78 370
6257: -329 -363 -21 343
6268: -329 -364 -32 361
6298: -329 -367 -62 388
6318: -330 -442 -1 325
6328: -330 -443 -11 334
6338: -330 -444 -21 343
6349: -330 -445 -32 361
6357: -330 -446 -40 352
6369: -330 -447 -52 379
6379: -330 -448 -62 388
6389: -330 -449 -72 397
6395: -330 -450 -78 370
6399: -331 -523 -1 325
6409: -331 -524 -11 334
6419: -331 -525 -21 343
6430: -331 -526 -32 361
6438: -331 -527 -40 352
6450: -331 -528 -52 379
6460: -331 -529 -62 388
6470: -331 -530 -72 397
6476: -331 -531 -78 370
6480: -332 -604 -1 325
6490: -332 -605 -11 334
6500: -332 -606 -21 343
6511: -332 -607 -32 361
6519: -332 -608 -40 352
6531: -332 -609 -52 379
6541: -332 -610 -62 388
6551: -332 -611 -72 397
6557: -332 -612 -78 370
6561: -333 -685 -1 325
6571: -333 -686 -11 334
6581: -333 -687 -21 343
6592: -333 -688 -32 361
6600: -333 -689 -40 352
6612: -333 -690 -52 379
6622: -333 -691 -62 388
6632: -333 -692 -72 397
6638: -333 -693 -78 370
6723: -407 -127 -1 406
6733: -407 -128 -11 415
6743: -407 -129 -21 424
6754: -407 -130 -32 442
6762: -407 -131 -40 433
6774: -407 -132 -52 460
6784: -407 -133 -62 469
6794: -407 -134 -72 478
6800: -407 -135 -78 451
6804: -408 -208 -1 406
6814: -408 -209 -11 415
6824: -408 -210 -21 424
6835: -408 -211 -32 442
6843: -408 -212 -40 433
6855: -408 -213 -52 460
6865: -408 -214 -62 469
6875: -408 -215 -72 478
6881: -408 -216 -78 451
6885: -409 -289 -1 406
6895: -409 -290 -11 415
6905: -409 -291 -21 424
6916: -409 -292 -32 442
6924: -409 -293 -40 433
6936: -409 -294 -52 460
6946: -409 -295 -62 469
6956: -409 -296 -72 478
6962: -409 -297 -78 451
6966: -410 -370 -1 406
6976: -410 -371 -11 415
6986: -410 -372 -21 424
6997: -410 -373 -32 442
7005: -410 -374 -40 433
7017: -410 -375 -52 460
7027: -410 -376 -62 469
7037: -410 -377 -72 478
7043: -410 -378 -78 451
7047: -411 -451 -1 406
7057: -411 -452 -11 415
7067: -411 -453 -21 424
7078: -411 -454 -32 442
7086: -411 -455 -40 433
7108: -411 -457 -62 469
7118: -411 -458 -72 478
7124: -411 -459 -78 451
7128: -412 -532 -1 406
7138: -412 -533 -11 415
7148: -412 -534 -21 424
7159: -412 -535 -32 442
7167: -412 -536 -40 433
7179: -412 -537 -52 460
7189: -412 -538 -62 469
7199: -412 -539 -72 478
7205: -412 -540 -78 451
7209: -413 -613 -1 406
7219: -413 -614 -11 415
7229: -413 -615 -21 424
7240: -413 -616 -32 442
7248: -413 -617 -40 433
7260: -413 -618 -52 460
7270: -413 -619 -62 469
7280: -413 -620 -72 478
7286: -413 -621 -78 451
7452: -488 -136 -1 487
7462: -488 -137 -11 496
7472: -488 -138 -21 505
7483: -488 -139 -32 523
7491: -488 -140 -40 514
7503: -488 -141 -52 541
7513: -488 -142 -62 550
7523: -488 -143 -72 559
7529: -488 -144 -78 532
7533: -489 -217 -1 487
7543: -489 -218 -11 496
7553: -489 -219 -21 505
7564: -489 -220 -32 523
7572: -489 -221 -40 514
7584: -489 -222 -52 541
7594: -489 -223 -62 550
7604: -489 -224 -72 559
7610: -489 -225 -78 532
7614: -490 -298 -1 487
7624: -490 -299 -11 496
7634: -490 -300 -21 505
7645: -490 -301 -32 523
7653: -490 -302 -40 514
7665: -490 -303 -52 541
7675: -490 -304 -62 550
7685: -490 -305 -72 559
7691: -490 -306 -78 532
7695: -491 -379 -1 487
7705: -491 -380 -11 496
7715: -491 -381 -21 505
7726: -491 -382 -32 523
7734: -491 -383 -40 514
7746: -491 -384 -52 541
7756: -491 -385 -62 550
7766: -491 -386 -72 559
7772: -491 -387 -78 532
7857: -493 -541 -1 487
7867: -493 -542 -11 496
7877: -493 -543 -21 505
7888: -493 -544 -32 523
7896: -493 -545 -40 514
7928: -493 -548 -72 559
7934: -493 -549 -78 532
7938: -494 -622 -1 487
7948: -494 -623 -11 496
7958: -494 -624 -21 505
7969: -494 -625 -32 523
7977: -494 -626 -40 514
7989: -494 -627 -52 541
7999: -494 -628 -62 550
8009: -494 -629 -72 559
8015: -494 -630 -78 532
8019: -495 -703 -1 487
8029: -495 -704 -11 496
8039: -495 -705 -21 505
8050: -495 -706 -32 523
8058: -495 -707 -40 514
8070: -495 -708 -52 541
8080: -495 -709 -62 550
8090: -495 -710 -72 559
8096: -495 -711 -78 532
8181: -569 -145 -1 568
8191: -569 -146 -11 577
8201: -569 -147 -21 586
8212: -569 -148 -32 604
8220: -569 -149 -40 595
8232: -569 -150 -52 622
8242: -569 -151 -62 631
8252: -569 -152 -72 640
8258: -569 -153 -78 613
8262: -570 -226 -1 568
8272: -570 -227 -11 577
8282: -570 -228 -21 586
8293: -570 -229 -32 604
8301: -570 -230 -40 595
8313: -570 -231 -52 622
8323: -570 -232 -62 631
8333: -570 -233 -72 640
8339: -570 -234 -78 613
8343: -571 -307 -1 568
8353: -571 -308 -11 577
8363: -571 -309 -21 586
8374: -571 -310 -32 604
8382: -571 -311 -40 595
8394: -571 -312 -52 622
8404: -571 -313 -62 631
8414: -571 -314 -72 640
8420: -571 -315 -78 613
8424: -572 -388 -1 568
8434: -572 -389 -11 577
8444: -572 -390 -21 586
8455: -572 -391 -32 604
8463: -572 -392 -40 595
8475: -572 -393 -52 622
8485: -572 -394 -62 631
8495: -572 -395 -72 640
8501: -572 -396 -78 613
8505: -573 -469 -1 568
8515: -573 -470 -11 577
8525: -573 -471 -21 586
8536: -573 -472 -32 604
8544: -573 -473 -40 595
8556: -573 -474 -52 622
8566: -573 -475 -62 631
8576: -573 -476 -72 640
8582: -573 -477 -78 613
8667: -575 -631 -1 568
8677: -575 -632 -11 577
8687: -575 -633 -21 586
8698: -575 -634 -32 604
8706: -575 -635 -40 595
8718: -575 -636 -52 622
8744: -575 -639 -78 613
8748: -576 -712 -1 568
8758: -576 -713 -11 577
8768: -576 -714 -21 586
8779: -576 -715 -32 604
8787: -576 -716 -40 595
8799: -576 -717 -52 622
8809: -576 -718 -62 631
8819: -576 -719 -72 640
8825: -576 -720 -78 613
8910: -650 -154 -1 649
8920: -650 -155 -11 658
8930: -650 -156 -21 667
8941: -650 -157 -32 685
8949: -650 -158 -40 676
8961: -650 -159 -52 703
8971: -650 -160 -62 712
8981: -650 -161 -72 721
8987: -650 -162 -78 694
8991: -651 -235 -1 649
9001: -651 -236 -11 658
9011: -651 -237 -21 667
9022: -651 -238 -32 685
9030: -651 -239 -40 676
9042: -651 -240 -52 703
9052: -651 -241 -62 712
9062: -651 -242 -72 721
9068: -651 -243 -78 694
9072: -652 -316 -1 649
9082: -652 -317 -11 658
9092: -652 -318 -21 667
9103: -652 -319 -32 685
9111: -652 -320 -40 676
9123: -652 -321 -52 703
9133: -652 -322 -62 712
9143: -652 -323 -72 721
9149: -652 -324 -78 694
9153: -653 -397 -1 649
9163: -653 -398 -11 658
9173: -653 -399 -21 667
9184: -653 -400 -32 685
9192: -653 -401 -40 676
9204: -653 -402 -52 703
9214: -653 -403 -62 712
9224: -653 -404 -72 721
9230: -653 -405 -78 694
9234: -654 -478 -1 649
9244: -654 -479 -11 658
9254: -654 -480 -21 667
9265: -654 -481 -32 685
9273: -654 -482 -40 676
9285: -654 -483 -52 703
9295: -654 -484 -62 712
9305: -654 -485 -72 721
9311: -654 -486 -78 694
9315: -655 -559 -1 649
9325: -655 -560 -11 658
9335: -655 -561 -21 667
9346: -655 -562 -32 685
9354: -655 -563 -40 676
9366: -655 -564 -52 703
9376: -655 -565 -62 712
9386: -655 -566 -72 721
9392: -655 -567 -78 694
9477: -657 -721 -1 649
9487: -657 -722 -11 658
9497: -657 -723 -21 667
9508: -657 -724 -32 685
9516: -657 -725 -40 676
9528: -657 -726 -52 703
9538: -657 -727 -62 712
9548: -657 -728 -72 721
9657: -11 -84 -100 2
9659: -11 -84 -102 20
9660: -11 -84 -103 29
9661: -11 -84 -104 38
9662: -11 -84 -105 47
9663: -11 -84 -106 56
9664: -11 -84 -107 65
9665: -11 -84 -108 74
9666: -11 -85 -109 2
9668: -11 -85 -111 20
9669: -11 -85 -112 29
9670: -11 -85 -113 38
9671: -11 -85 -114 47
9672: -11 -85 -115 56
9673: -11 -85 -116 65
9674: -11 -85 -117 74
9675: -11 -86 -118 2
9677: -11 -86 -120 20
9678: -11 -86 -121 29
9680: -11 -86 -123 47
9681: -11 -86 -124 56
9682: -11 -86 -125 65
9683: -11 -86 -126 74
9684: -11 -87 -127 2
9686: -11 -87 -129 20
9687: -11 -87 -130 29
9688: -11 -87 -131 38
9689: -11 -87 -132 47
9690: -11 -87 -133 56
9691: -11 -87 -134 65
9692: -11 -87 -135 74
9693: -11 -88 -136 2
9695: -11 -88 -138 20
9696: -11 -88 -139 29
9697: -11 -88 -140 38
9698: -11 -88 -141 47
9699: -11 -88 -142 56
9700: -11 -88 -143 65
9701: -11 -88 -144 74
9702: -11 -89 -145 2
9704: -11 -89 -147 20
9705: -11 -89 -148 29
9706: -11 -89 -149 38
9707: -11 -89 -150 47
9708: -11 -89 -151 56
9710: -11 -89 -153 74
9711: -11 -90 -154 2
9713: -11 -90 -156 20
9714: -11 -90 -157 29
9715: -11 -90 -158 38
9716: -11 -90 -159 47
9717: -11 -90 -160 56
9718: -11 -90 -161 65
9719: -11 -90 -162 74
10485: -93 -176 -118 83
10506: -93 -178 -139 110
10515: -93 -179 -148 110
10534: -94 -253 -86 119
10535: -94 -253 -87 128
10548: -94 -255 -100 83
10577: -94 -258 -129 101
10584: -94 -259 -136 83
10595: -94 -260 -147 101
10602: -94 -261 -154 83
10614: -95 -334 -85 110
10629: -95 -336 -100 83
10630: -95 -336 -101 92
10632: -95 -336 -103 110
10676: -95 -341 -147 101
10696: -96 -415 -86 119
10706: -96 -416 -96 128
10717: -96 -417 -107 146
10725: -96 -418 -115 137
10780: -97 -496 -89 146
10791: -97 -498 -100 83
10819: -97 -501 -128 92
10820: -97 -501 -129 101
10862: -98 -577 -90 155
10883: -98 -580 -111 101
10892: -98 -581 -120 101
10908: -98 -583 -136 83
10911: -98 -583 -139 110
10958: -99 -660 -105 128
10971: -99 -662 -118 83
11000: -99 -665 -147 101
11034: -172 -21 -100 164
11035: -172 -21 -101 173
11037: -172 -21 -103 191
11038: -172 -21 -104 200
11039: -172 -21 -105 209
11040: -172 -21 -106 218
11041: -172 -21 -107 227
11042: -172 -21 -108 236
11206: -174 -184 -110 173
11207: -174 -184 -111 182
11208: -174 -184 -112 191
11209: -174 -184 -113 200
11210: -174 -184 -114 209
11211: -174 -184 -115 218
11212: -174 -184 -116 227
11215: -174 -185 -119 173
11216: -174 -185 -120 182
11217: -174 -185 -121 191
11218: -174 -185 -122 200
11219: -174 -185 -123 209
11220: -174 -185 -124 218
11221: -174 -185 -125 227
11224: -174 -186 -128 173
11225: -174 -186 -129 182
11226: -174 -186 -130 191
11227: -174 -186 -131 200
11228: -174 -186 -132 209
11229: -174 -186 -133 218
11230: -174 -186 -134 227
11231: -174 -186 -135 236
11233: -174 -187 -137 173
11234: -174 -187 -138 182
11235: -174 -187 -139 191
11236: -174 -187 -140 200
11237: -174 -187 -141 209
11238: -174 -187 -142 218
11239: -174 -187 -143 227
11240: -174 -187 -144 236
11242: -174 -188 -146 173
11243: -174 -188 -147 182
11244: -174 -188 -148 191
11245: -174 -188 -149 200
11246: -174 -188 -150 209
11247: -174 -188 -151 218
11248: -174 -188 -152 227
11249: -174 -188 -153 236
11251: -174 -189 -155 173
11252: -174 -189 -156 182
11253: -174 -189 -157 191
11255: -174 -189 -159 209
11256: -174 -189 -160 218
11257: -174 -189 -161 227
11258: -174 -189 -162 236
11261: -175 -262 -84 182
11263: -175 -262 -86 200
11264: -175 -262 -87 209
11266: -175 -262 -89 227
11271: -175 -263 -94 191
11273: -175 -263 -96 209
11274: -175 -263 -97 218
11288: -175 -265 -111 182
11295: -175 -266 -118 164
11296: -175 -266 -119 173
11305: -175 -267 -128 173
11314: -175 -268 -137 173
11335: -175 -270 -158 200
11342: -176 -343 -84 182
11343: -176 -343 -85 191
11345: -176 -343 -87 209
11346: -176 -343 -88 218
11347: -176 -343 -89 227
11348: -176 -343 -90 236
11352: -176 -344 -94 191
11353: -176 -344 -95 200
11355: -176 -344 -97 218
11358: -176 -345 -100 164
11367: -176 -346 -109 164
11376: -176 -347 -118 164
11377: -176 -347 -119 173
11378: -176 -347 -120 182
11380: -176 -347 -122 200
11386: -176 -348 -128 173
11423: -177 -424 -84 182
11424: -177 -424 -85 191
11427: -177 -424 -88 218
11428: -177 -424 -89 227
11429: -177 -424 -90 236
11435: -177 -425 -96 209
11436: -177 -425 -97 218
11437: -177 -425 -98 227
11438: -177 -425 -99 236
11440: -177 -426 -101 173
11457: -177 -428 -118 164
11467: -177 -429 -128 173
11469: -177 -429 -130 191
11470: -177 -429 -131 200
11471: -177 -429 -132 209
11472: -177 -429 -133 218
11473: -177 -429 -134 227
11475: -177 -430 -136 164
11491: -177 -431 -152 227
11494: -177 -432 -155 173
11504: -178 -505 -84 182
11505: -178 -505 -85 191
11507: -178 -505 -87 209
11508: -178 -505 -88 218
11509: -178 -505 -89 227
11510: -178 -505 -90 236
11514: -178 -506 -94 191
11515: -178 -506 -95 200
11516: -178 -506 -96 209
11517: -178 -506 -97 218
11519: -178 -506 -99 236
11530: -178 -508 -110 173
11539: -178 -509 -119 173
11540: -178 -509 -120 182
11544: -178 -509 -124 218
11545: -178 -509 -125 227
11547: -178 -510 -127 164
11548: -178 -510 -128 173
11549: -178 -510 -129 182
11551: -178 -510 -131 200
11560: -178 -511 -140 200
11562: -178 -511 -142 218
11563: -178 -511 -143 227
11564: -178 -511 -144 236
11565: -178 -512 -145 164
11566: -178 -512 -146 173
11575: -178 -513 -155 173
11585: -179 -586 -84 182
11586: -179 -586 -85 191
11588: -179 -586 -87 209
11591: -179 -586 -90 236
11595: -179 -587 -94 191
11597: -179 -587 -96 209
11598: -179 -587 -97 218
11599: -179 -587 -98 227
11601: -179 -588 -100 164
11602: -179 -588 -101 173
11638: -179 -592 -137 173
11649: -179 -593 -148 191
11650: -179 -593 -149 200
11651: -179 -593 -150 209
11655: -179 -594 -154 164
11666: -180 -667 -84 182
11669: -180 -667 -87 209
11670: -180 -667 -88 218
11676: -180 -668 -94 191
11677: -180 -668 -95 200
11678: -180 -668 -96 209
11679: -180 -668 -97 218
11680: -180 -668 -98 227
11681: -180 -668 -99 236
11682: -180 -669 -100 164
11692: -180 -670 -110 173
11699: -180 -670 -117 236
11709: -180 -672 -127 164
11710: -180 -672 -128 173
11723: -180 -673 -141 209
11726: -180 -673 -144 236
11728: -180 -674 -146 173
11731: -180 -674 -149 200
11732: -180 -674 -150 209
11734: -180 -674 -152 227
11735: -180 -674 -153 236
11738: -180 -675 -156 182
11740: -180 -675 -158 200
11742: -180 -675 -160 218
11743: -180 -675 -161 227
11744: -180 -675 -162 236
11781: -253 -32 -118 245
11782: -253 -32 -119 254
11783: -253 -32 -120 263
11784: -253 -32 -121 272
11785: -253 -32 -122 281
11786: -253 -32 -123 290
11787: -253 -32 -124 299
11788: -253 -32 -125 308
11789: -253 -32 -126 317
11910: -255 -190 -85 272
11911: -255 -190 -86 281
11921: -255 -191 -96 290
11922: -255 -191 -97 299
11923: -255 -191 -98 308
11924: -255 -191 -99 317
11925: -255 -192 -100 245
11926: -255 -192 -101 254
11928: -255 -192 -103 272
11935: -255 -193 -110 254
11944: -255 -194 -119 254
11947: -255 -194 -122 281
11951: -255 -194 -126 317
11952: -255 -195 -127 245
11953: -255 -195 -128 254
11954: -255 -195 -129 263
11959: -255 -195 -134 308
11961: -255 -196 -136 245
11962: -255 -196 -137 254
11963: -255 -196 -138 263
11966: -255 -196 -141 290
11970: -255 -197 -145 245
11971: -255 -197 -146 254
11975: -255 -197 -150 290
11976: -255 -197 -151 299
11979: -255 -198 -154 245
11980: -255 -198 -155 254
11981: -255 -198 -156 263
11985: -255 -198 -160 299
11986: -255 -198 -161 308
11991: -256 -271 -85 272
11994: -256 -271 -88 299
12011: -256 -273 -105 290
12013: -256 -273 -107 308
12014: -256 -273 -108 317
12033: -256 -276 -127 245
12034: -256 -276 -128 254
12037: -256 -276 -131 281
12038: -256 -276 -132 290
12041: -256 -276 -135 317
12042: -256 -277 -136 245
12043: -256 -277 -137 254
12046: -256 -277 -140 281
12051: -256 -278 -145 245
12052: -256 -278 -146 254
12053: -256 -278 -147 263
12055: -256 -278 -149 281
12058: -256 -278 -152 308
12060: -256 -279 -154 245
12061: -256 -279 -155 254
12064: -256 -279 -158 281
12080: -257 -353 -93 263
12083: -257 -353 -96 290
12087: -257 -354 -100 245
12088: -257 -354 -101 254
12114: -257 -357 -127 245
12115: -257 -357 -128 254
12117: -257 -357 -130 272
12118: -257 -357 -131 281
12123: -257 -358 -136 245
12124: -257 -358 -137 254
12126: -257 -358 -139 272
12127: -257 -358 -140 281
12132: -257 -359 -145 245
12133: -257 -359 -146 254
12136: -257 -359 -149 281
12138: -257 -359 -151 299
12139: -257 -359 -152 308
12140: -257 -359 -153 317
12141: -257 -360 -154 245
12142: -257 -360 -155 254
12143: -257 -360 -156 263
12145: -257 -360 -158 281
12153: -258 -433 -85 272
12155: -258 -433 -87 290
12156: -258 -433 -88 299
12157: -258 -433 -89 308
12158: -258 -433 -90 317
12161: -258 -434 -93 263
12163: -258 -434 -95 281
12168: -258 -435 -100 245
12173: -258 -435 -105 290
12178: -258 -436 -110 254
12187: -258 -437 -119 254
12192: -258 -437 -124 299
12198: -258 -438 -130 272
12199: -258 -438 -131 281
12201: -258 -438 -133 299
12203: -258 -438 -135 317
12204: -258 -439 -136 245
12222: -258 -441 -154 245
12223: -258 -441 -155 254
12233: -259 -514 -84 263
12234: -259 -514 -85 272
12236: -259 -514 -87 290
12238: -259 -514 -89 308
12239: -259 -514 -90 317
12255: -259 -516 -106 299
12258: -259 -517 -109 245
12268: -259 -518 -119 254
12276: -259 -519 -127 245
12277: -259 -519 -128 254
12288: -259 -520 -139 272
12294: -259 -521 -145 245
12304: -259 -522 -155 254
12314: -260 -595 -84 263
12315: -260 -595 -85 272
12316: -260 -595 -86 281
12317: -260 -595 -87 290
12319: -260 -595 -89 308
12323: -260 -596 -93 263
12326: -260 -596 -96 290
12327: -260 -596 -97 299
12329: -260 -596 -99 317
12331: -260 -597 -101 254
12335: -260 -597 -105 290
12338: -260 -597 -108 317
12339: -260 -598 -109 245
12340: -260 -598 -110 254
12349: -260 -599 -119 254
12356: -260 -599 -126 317
12366: -260 -601 -136 245
12367: -260 -601 -137 254
12372: -260 -601 -142 299
12374: -260 -601 -144 317
12384: -260 -603 -154 245
12395: -261 -676 -84 263
12396: -261 -676 -85 272
12397: -261 -676 -86 281
12399: -261 -676 -88 299
12400: -261 -676 -89 308
12401: -261 -676 -90 317
12410: -261 -677 -99 317
12412: -261 -678 -101 254
12430: -261 -680 -119 254
12438: -261 -681 -127 245
12456: -261 -683 -145 245
12457: -261 -683 -146 254
12460: -261 -683 -149 281
12468: -261 -684 -157 272
12501: -334 -40 -109 326
12502: -334 -40 -110 335
12503: -334 -40 -111 344
12504: -334 -40 -112 353
12505: -334 -40 -113 362
12506: -334 -40 -114 371
12507: -334 -40 -115 380
12508: -334 -40 -116 389
12509: -334 -40 -117 398
12639: -336 -199 -85 353
12640: -336 -199 -86 362
12647: -336 -200 -93 344
12650: -336 -200 -96 371
12651: -336 -200 -97 380
12652: -336 -200 -98 389
12653: -336 -200 -99 398
12654: -336 -201 -100 326
12655: -336 -201 -101 335
12658: -336 -201 -104 362
12663: -336 -202 -109 326
12664: -336 -202 -110 335
12667: -336 -202 -113 362
12672: -336 -203 -118 326
12673: -336 -203 -119 335
12681: -336 -204 -127 326
12682: -336 -204 -128 335
12683: -336 -204 -129 344
12685: -336 -204 -131 362
12687: -336 -204 -133 380
12689: -336 -204 -135 398
12690: -336 -205 -136 326
12691: -336 -205 -137 335
12692: -336 -205 -138 344
12699: -336 -206 -145 326
12700: -336 -206 -146 335
12701: -336 -206 -147 344
12703: -336 -206 -149 362
12708: -336 -207 -154 326
12709: -336 -207 -155 335
12710: -336 -207 -156 344
12728: -337 -281 -93 344
12735: -337 -282 -100 326
12736: -337 -282 -101 335
12738: -337 -282 -103 353
12740: -337 -282 -105 371
12746: -337 -283 -111 344
12762: -337 -285 -127 326
12763: -337 -285 -128 335
12771: -337 -286 -136 326
12772: -337 -286 -137 335
12780: -337 -287 -145 326
12781: -337 -287 -146 335
12782: -337 -287 -147 344
12783: -337 -287 -148 353
12789: -337 -288 -154 326
12790: -337 -288 -155 335
12792: -337 -288 -157 353
12802: -338 -361 -86 362
12816: -338 -363 -100 326
12817: -338 -363 -101 335
12821: -338 -363 -105 371
12823: -338 -363 -107 389
12843: -338 -366 -127 326
12844: -338 -366 -128 335
12848: -338 -366 -132 371
12851: -338 -366 -135 398
12852: -338 -367 -136 326
12853: -338 -367 -137 335
12855: -338 -367 -139 353
12856: -338 -367 -140 362
12858: -338 -367 -142 380
12861: -338 -368 -145 326
12862: -338 -368 -146 335
12866: -338 -368 -150 371
12868: -338 -368 -152 389
12870: -338 -369 -154 326
12871: -338 -369 -155 335
12878: -338 -369 -162 398
12881: -339 -442 -84 344
12882: -339 -442 -85 353
12883: -339 -442 -86 362
12885: -339 -442 -88 380
12886: -339 -442 -89 389
12887: -339 -442 -90 398
12890: -339 -443 -93 344
12894: -339 -443 -97 380
12895: -339 -443 -98 389
12897: -339 -444 -100 326
12898: -339 -444 -101 335
12902: -339 -444 -105 371
12906: -339 -445 -109 326
12907: -339 -445 -110 335
12915: -339 -446 -118 326
12916: -339 -446 -119 335
12925: -339 -447 -128 335
12928: -339 -447 -131 362
12933: -339 -448 -136 326
12934: -339 -448 -137 335
12935: -339 -448 -138 344
12951: -339 -450 -154 326
12952: -339 -450 -155 335
12954: -339 -450 -157 353
12955: -339 -450 -158 362
12962: -340 -523 -84 344
12963: -340 -523 -85 353
12964: -340 -523 -86 362
12965: -340 -523 -87 371
12967: -340 -523 -89 389
12968: -340 -523 -90 398
12971: -340 -524 -93 344
12974: -340 -524 -96 371
12979: -340 -525 -101 335
12984: -340 -525 -106 380
12987: -340 -526 -109 326
12988: -340 -526 -110 335
12996: -340 -527 -118 326
13005: -340 -528 -127 326
13006: -340 -528 -128 335
13007: -340 -528 -129 344
13008: -340 -528 -130 353
13010: -340 -528 -132 371
13012: -340 -528 -134 389
13013: -340 -528 -135 398
13015: -340 -529 -137 335
13018: -340 -529 -140 362
13019: -340 -529 -141 371
13024: -340 -530 -146 335
13034: -340 -531 -156 344
13043: -341 -604 -84 344
13044: -341 -604 -85 353
13045: -341 -604 -86 362
13046: -341 -604 -87 371
13047: -341 -604 -88 380
13049: -341 -604 -90 398
13052: -341 -605 -93 344
13055: -341 -605 -96 371
13058: -341 -605 -99 398
13059: -341 -606 -100 326
13060: -341 -606 -101 335
13064: -341 -606 -105 371
13069: -341 -607 -110 335
13072: -341 -607 -113 362
13074: -341 -607 -115 380
13077: -341 -608 -118 326
13084: -341 -608 -125 389
13087: -341 -609 -128 335
13096: -341 -610 -137 335
13103: -341 -610 -144 398
13108: -341 -611 -149 362
13114: -341 -612 -155 335
13121: -341 -612 -162 398
13124: -342 -685 -84 344
13125: -342 -685 -85 353
13126: -342 -685 -86 362
13127: -342 -685 -87 371
13128: -342 -685 -88 380
13129: -342 -685 -89 389
13130: -342 -685 -90 398
13134: -342 -686 -94 353
13137: -342 -686 -97 380
13139: -342 -686 -99 398
13140: -342 -687 -100 326
13141: -342 -687 -101 335
13148: -342 -687 -108 398
13150: -342 -688 -110 335
13153: -342 -688 -113 362
13158: -342 -689 -118 326
13166: -342 -689 -126 398
13168: -342 -690 -128 335
13185: -342 -692 -145 326
13186: -342 -692 -146 335
13187: -342 -692 -147 344
13191: -342 -692 -151 380
13198: -342 -693 -158 362
13257: -415 -52 -136 407
13258: -415 -52 -137 416
13259: -415 -52 -138 425
13260: -415 -52 -139 434
13261: -415 -52 -140 443
13262: -415 -52 -141 452
13263: -415 -52 -142 461
13264: -415 -52 -143 470
13265: -415 -52 -144 479
13368: -417 -208 -85 434
13370: -417 -208 -87 452
13371: -417 -208 -88 461
13372: -417 -208 -89 470
13373: -417 -208 -90 479
13376: -417 -209 -93 425
13377: -417 -209 -94 434
13378: -417 -209 -95 443
13380: -417 -209 -97 461
13381: -417 -209 -98 470
13382: -417 -209 -99 479
13383: -417 -210 -100 407
13384: -417 -210 -101 416
13386: -417 -210 -103 434
13388: -417 -210 -105 452
13390: -417 -210 -107 470
13392: -417 -211 -109 407
13393: -417 -211 -110 416
13396: -417 -211 -113 443
13398: -417 -211 -115 461
13401: -417 -212 -118 407
13402: -417 -212 -119 416
13408: -417 -212 -125 470
13411: -417 -213 -128 416
13423: -417 -214 -140 443
13428: -417 -215 -145 407
13429: -417 -215 -146 416
13437: -417 -216 -154 407
13438: -417 -216 -155 416
13439: -417 -216 -156 425
13448: -418 -289 -84 425
13451: -418 -289 -87 452
13452: -418 -289 -88 461
13453: -418 -289 -89 470
13454: -418 -289 -90 479
13457: -418 -290 -93 425
13461: -418 -290 -97 461
13462: -418 -290 -98 470
13463: -418 -290 -99 479
13467: -418 -291 -103 434
13472: -418 -291 -108 479
13482: -418 -293 -118 407
13483: -418 -293 -119 416
13484: -418 -293 -120 425
13486: -418 -293 -122 443
13488: -418 -293 -124 461
13489: -418 -293 -125 470
13490: -418 -293 -126 479
13492: -418 -294 -128 416
13510: -418 -296 -146 416
13519: -418 -297 -155 416
13529: -419 -370 -84 425
13532: -419 -370 -87 452
13534: -419 -370 -89 470
13535: -419 -370 -90 479
13538: -419 -371 -93 425
13542: -419 -371 -97 461
13545: -419 -372 -100 407
13549: -419 -372 -104 443
13550: -419 -372 -105 452
13553: -419 -372 -108 479
13554: -419 -373 -109 407
13555: -419 -373 -110 416
13556: -419 -373 -111 425
13562: -419 -373 -117 479
13573: -419 -375 -128 416
13583: -419 -376 -138 425
13585: -419 -376 -140 443
13589: -419 -376 -144 479
13599: -419 -378 -154 407
13600: -419 -378 -155 416
13613: -420 -451 -87 452
13629: -420 -453 -103 434
13631: -420 -453 -105 452
13633: -420 -453 -107 470
13634: -420 -453 -108 479
13635: -420 -454 -109 407
13636: -420 -454 -110 416
13638: -420 -454 -112 434
13644: -420 -455 -118 407
13645: -420 -455 -119 416
13647: -420 -455 -121 434
13648: -420 -455 -122 443
13649: -420 -455 -123 452
13651: -420 -455 -125 470
13654: -420 -456 -128 416
13662: -420 -457 -136 407
13663: -420 -457 -137 416
13665: -420 -457 -139 434
13667: -420 -457 -141 452
13668: -420 -457 -142 461
13669: -420 -457 -143 470
13670: -420 -457 -144 479
13671: -420 -458 -145 407
13672: -420 -458 -146 416
13675: -420 -458 -149 443
13677: -420 -458 -151 461
13679: -420 -458 -153 479
13694: -421 -532 -87 452
13696: -421 -532 -89 470
13697: -421 -532 -90 479
13702: -421 -533 -95 443
13707: -421 -534 -100 407
13711: -421 -534 -104 443
13715: -421 -534 -108 479
13721: -421 -535 -114 452
13725: -421 -536 -118 407
13731: -421 -536 -124 461
13734: -421 -537 -127 407
13735: -421 -537 -128 416
13736: -421 -537 -129 425
13744: -421 -538 -137 416
13748: -421 -538 -141 452
13754: -421 -539 -147 425
13761: -421 -540 -154 407
13762: -421 -540 -155 416
13772: -422 -613 -84 425
13774: -422 -613 -86 443
13775: -422 -613 -87 452
13776: -422 -613 -88 461
13778: -422 -613 -90 479
13781: -422 -614 -93 425
13782: -422 -614 -94 434
13783: -422 -614 -95 443
13785: -422 -614 -97 461
13787: -422 -614 -99 479
13788: -422 -615 -100 407
13794: -422 -615 -106 461
13806: -422 -617 -118 407
13811: -422 -617 -123 452
13815: -422 -618 -127 407
13816: -422 -618 -128 416
13817: -422 -618 -129 425
13825: -422 -619 -137 416
13838: -422 -620 -150 452
13840: -422 -620 -152 470
13842: -422 -621 -154 407
13843: -422 -621 -155 416
13853: -423 -694 -84 425
13854: -423 -694 -85 434
13855: -423 -694 -86 443
13856: -423 -694 -87 452
13858: -423 -694 -89 470
13869: -423 -696 -100 407
13878: -423 -697 -109 407
13879: -423 -697 -110 416
13887: -423 -698 -118 407
13888: -423 -698 -119 416
13900: -423 -699 -131 443
13914: -423 -701 -145 407
13915: -423 -701 -146 416
13924: -423 -702 -155 416
13995: -496 -62 -145 488
13996: -496 -62 -146 497
13997: -496 -62 -147 506
13998: -496 -62 -148 515
13999: -496 -62 -149 524
14000: -496 -62 -150 533
14001: -496 -62 -151 542
14002: -496 -62 -152 551
14003: -496 -62 -153 560
14100: -498 -217 -88 542
14105: -498 -218 -93 506
14106: -498 -218 -94 515
14107: -498 -218 -95 524
14108: -498 -218 -96 533
14111: -498 -218 -99 560
14112: -498 -219 -100 488
14113: -498 -219 -101 497
14118: -498 -219 -106 542
14121: -498 -220 -109 488
14123: -498 -220 -111 506
14127: -498 -220 -115 542
14130: -498 -221 -118 488
14131: -498 -221 -119 497
14138: -498 -221 -126 560
14139: -498 -222 -127 488
14140: -498 -222 -128 497
14141: -498 -222 -129 506
14142: -498 -222 -130 515
14149: -498 -223 -137 497
14157: -498 -224 -145 488
14158: -498 -224 -146 497
14166: -498 -225 -154 488
14167: -498 -225 -155 497
14168: -498 -225 -156 506
14173: -498 -225 -161 551
14177: -499 -298 -84 506
14181: -499 -298 -88 542
14186: -499 -299 -93 506
14191: -499 -299 -98 551
14192: -499 -299 -99 560
14193: -499 -300 -100 488
14194: -499 -300 -101 497
14197: -499 -300 -104 524
14198: -499 -300 -105 533
14200: -499 -300 -107 551
14201: -499 -300 -108 560
14211: -499 -302 -118 488
14212: -499 -302 -119 497
14230: -499 -304 -137 497
14239: -499 -305 -146 497
14244: -499 -305 -151 542
14247: -499 -306 -154 488
14258: -500 -379 -84 506
14259: -500 -379 -85 515
14261: -500 -379 -87 533
14262: -500 -379 -88 542
14263: -500 -379 -89 551
14267: -500 -380 -93 506
14268: -500 -380 -94 515
14269: -500 -380 -95 524
14274: -500 -381 -100 488
14278: -500 -381 -104 524
14279: -500 -381 -105 533
14280: -500 -381 -106 542
14282: -500 -381 -108 560
14283: -500 -382 -109 488
14284: -500 -382 -110 497
14288: -500 -382 -114 533
14302: -500 -384 -128 497
14304: -500 -384 -130 515
14311: -500 -385 -137 497
14319: -500 -386 -145 488
14320: -500 -386 -146 497
14332: -500 -387 -158 524
14339: -501 -460 -84 506
14340: -501 -460 -85 515
14341: -501 -460 -86 524
14345: -501 -460 -90 560
14351: -501 -461 -96 533
14355: -501 -462 -100 488
14356: -501 -462 -101 497
14358: -501 -462 -103 515
14359: -501 -462 -104 524
14362: -501 -462 -107 551
14365: -501 -463 -110 497
14373: -501 -464 -118 488
14374: -501 -464 -119 497
14404: -501 -467 -149 524
14409: -501 -468 -154 488
14410: -501 -468 -155 497
14426: -502 -541 -90 560
14441: -502 -543 -105 533
14442: -502 -543 -106 542
14445: -502 -544 -109 488
14446: -502 -544 -110 497
14448: -502 -544 -112 515
14451: -502 -544 -115 542
14454: -502 -545 -118 488
14455: -502 -545 -119 497
14459: -502 -545 -123 533
14473: -502 -547 -137 497
14481: -502 -548 -145 488
14482: -502 -548 -146 497
14489: -502 -548 -153 560
14490: -502 -549 -154 488
14491: -502 -549 -155 497
14494: -502 -549 -158 524
14496: -502 -549 -160 542
14501: -503 -622 -84 506
14504: -503 -622 -87 533
14505: -503 -622 -88 542
14507: -503 -622 -90 560
14527: -503 -625 -110 497
14545: -503 -627 -128 497
14553: -503 -628 -136 488
14554: -503 -628 -137 497
14564: -503 -629 -147 506
14568: -503 -629 -151 542
14571: -503 -630 -154 488
14577: -503 -630 -160 542
14582: -504 -703 -84 506
14584: -504 -703 -86 524
14585: -504 -703 -87 533
14586: -504 -703 -88 542
14587: -504 -703 -89 551
14592: -504 -704 -94 515
14594: -504 -704 -96 533
14598: -504 -705 -100 488
14599: -504 -705 -101 497
14602: -504 -705 -104 524
14607: -504 -706 -109 488
14615: -504 -706 -117 560
14617: -504 -707 -119 497
14620: -504 -707 -122 524
14625: -504 -708 -127 488
14626: -504 -708 -128 497
14635: -504 -709 -137 497
14644: -504 -710 -146 497
14647: -504 -710 -149 524
14648: -504 -710 -150 533
14654: -504 -711 -156 506
14733: -577 -72 -154 569
14734: -577 -72 -155 578
14735: -577 -72 -156 587
14736: -577 -72 -157 596
14737: -577 -72 -158 605
14738: -577 -72 -159 614
14739: -577 -72 -160 623
14740: -577 -72 -161 632
14741: -577 -72 -162 641
14830: -579 -226 -89 632
14831: -579 -226 -90 641
14834: -579 -227 -93 587
14835: -579 -227 -94 596
14836: -579 -227 -95 605
14837: -579 -227 -96 614
14841: -579 -228 -100 569
14842: -579 -228 -101 578
14848: -579 -228 -107 632
14850: -579 -229 -109 569
14851: -579 -229 -110 578
14857: -579 -229 -116 632
14859: -579 -230 -118 569
14860: -579 -230 -119 578
14861: -579 -230 -120 587
14866: -579 -230 -125 632
14868: -579 -231 -127 569
14869: -579 -231 -128 578
14877: -579 -232 -136 569
14878: -579 -232 -137 578
14887: -579 -233 -146 578
14892: -579 -233 -151 623
14896: -579 -234 -155 578
14906: -580 -307 -84 587
14908: -580 -307 -86 605
14910: -580 -307 -88 623
14911: -580 -307 -89 632
14912: -580 -307 -90 641
14918: -580 -308 -96 614
14921: -580 -308 -99 641
14925: -580 -309 -103 596
14928: -580 -309 -106 623
14940: -580 -311 -118 569
14941: -580 -311 -119 578
14943: -580 -311 -121 596
14944: -580 -311 -122 605
14946: -580 -311 -124 623
14948: -580 -311 -126 641
14959: -580 -313 -137 578
14967: -580 -314 -145 569
14968: -580 -314 -146 578
14987: -581 -388 -84 587
14990: -581 -388 -87 614
14992: -581 -388 -89 632
14993: -581 -388 -90 641
15002: -581 -389 -99 641
15003: -581 -390 -100 569
15007: -581 -390 -104 605
15008: -581 -390 -105 614
15009: -581 -390 -106 623
15012: -581 -391 -109 569
15013: -581 -391 -110 578
15014: -581 -391 -111 587
15021: -581 -392 -118 569
15028: -581 -392 -125 632
15034: -581 -393 -131 605
15039: -581 -394 -136 569
15040: -581 -394 -137 578
15041: -581 -394 -138 587
15048: -581 -395 -145 569
15049: -581 -395 -146 578
15054: -581 -395 -151 623
15058: -581 -396 -155 578
15068: -582 -469 -84 587
15069: -582 -469 -85 596
15072: -582 -469 -88 623
15073: -582 -469 -89 632
15074: -582 -469 -90 641
15078: -582 -470 -94 596
15079: -582 -470 -95 605
15080: -582 -470 -96 614
15081: -582 -470 -97 623
15083: -582 -470 -99 641
15087: -582 -471 -103 596
15098: -582 -472 -114 614
15113: -582 -474 -129 587
15116: -582 -474 -132 614
15120: -582 -475 -136 569
15130: -582 -476 -146 578
15139: -582 -477 -155 578
15140: -582 -477 -156 587
15149: -583 -550 -84 587
15151: -583 -550 -86 605
15152: -583 -550 -87 614
15155: -583 -550 -90 641
15162: -583 -551 -97 623
15165: -583 -552 -100 569
15166: -583 -552 -101 578
15175: -583 -553 -110 578
15178: -583 -553 -113 605
15184: -583 -554 -119 578
15190: -583 -554 -125 632
15192: -583 -555 -127 569
15193: -583 -555 -128 578
15202: -583 -556 -137 578
15216: -583 -557 -151 623
15221: -583 -558 -156 587
15233: -584 -631 -87 614
15246: -584 -633 -100 569
15249: -584 -633 -103 596
15251: -584 -633 -105 614
15253: -584 -633 -107 632
15255: -584 -634 -109 569
15256: -584 -634 -110 578
15259: -584 -634 -113 605
15261: -584 -634 -115 623
15262: -584 -634 -116 632
15263: -584 -634 -117 641
15264: -584 -635 -118 569
15265: -584 -635 -119 578
15268: -584 -635 -122 605
15271: -584 -635 -125 632
15274: -584 -636 -128 578
15280: -584 -636 -134 632
15281: -584 -636 -135 641
15300: -584 -639 -154 569
15301: -584 -639 -155 578
15303: -584 -639 -157 596
15307: -584 -639 -161 632
15314: -585 -712 -87 614
15316: -585 -712 -89 632
15327: -585 -714 -100 569
15328: -585 -714 -101 578
15333: -585 -714 -106 623
15337: -585 -715 -110 578
15338: -585 -715 -111 587
15343: -585 -715 -116 632
15353: -585 -716 -126 641
15355: -585 -717 -128 578
15364: -585 -718 -137 578
15372: -585 -719 -145 569
15373: -585 -719 -146 578
15374: -585 -719 -147 587
15375: -585 -719 -148 596
15381: -585 -720 -154 569
15388: -585 -720 -161 632
15435: -658 -78 -127 650
15436: -658 -78 -128 659
15437: -658 -78 -129 668
15438: -658 -78 -130 677
15439: -658 -78 -131 686
15440: -658 -78 -132 695
15441: -658 -78 -133 704
15442: -658 -78 -134 713
15443: -658 -78 -135 722
15557: -660 -235 -87 695
15558: -660 -235 -88 704
15560: -660 -235 -90 722
15563: -660 -236 -93 668
15564: -660 -236 -94 677
15566: -660 -236 -96 695
15567: -660 -236 -97 704
15568: -660 -236 -98 713
15570: -660 -237 -100 650
15571: -660 -237 -101 659
15579: -660 -238 -109 650
15580: -660 -238 -110 659
15581: -660 -238 -111 668
15583: -660 -238 -113 686
15585: -660 -238 -115 704
15587: -660 -238 -117 722
15588: -660 -239 -118 650
15589: -660 -239 -119 659
15598: -660 -240 -128 659
15599: -660 -240 -129 668
15606: -660 -241 -136 650
15607: -660 -241 -137 659
15611: -660 -241 -141 695
15614: -660 -241 -144 722
15615: -660 -242 -145 650
15616: -660 -242 -146 659
15618: -660 -242 -148 677
15621: -660 -242 -151 704
15625: -660 -243 -155 659
15628: -660 -243 -158 686
15631: -660 -243 -161 713
15635: -661 -316 -84 668
15637: -661 -316 -86 686
15638: -661 -316 -87 695
15640: -661 -316 -89 713
15641: -661 -316 -90 722
15644: -661 -317 -93 668
15645: -661 -317 -94 677
15647: -661 -317 -96 695
15648: -661 -317 -97 704
15651: -661 -318 -100 650
15654: -661 -318 -103 677
15656: -661 -318 -105 695
15657: -661 -318 -106 704
15658: -661 -318 -107 713
15668: -661 -319 -117 722
15669: -661 -320 -118 650
15670: -661 -320 -119 659
15674: -661 -320 -123 695
15682: -661 -321 -131 686
15697: -661 -323 -146 659
15700: -661 -323 -149 686
15706: -661 -324 -155 659
15716: -662 -397 -84 668
15719: -662 -397 -87 695
15720: -662 -397 -88 704
15722: -662 -397 -90 722
15728: -662 -398 -96 695
15729: -662 -398 -97 704
15733: -662 -399 -101 659
15736: -662 -399 -104 686
15738: -662 -399 -106 704
15740: -662 -399 -108 722
15741: -662 -400 -109 650
15742: -662 -400 -110 659
15744: -662 -400 -112 677
15745: -662 -400 -113 686
15746: -662 -400 -114 695
15748: -662 -400 -116 713
15760: -662 -402 -128 659
15769: -662 -403 -137 659
15770: -662 -403 -138 668
15772: -662 -403 -140 686
15773: -662 -403 -141 695
15787: -662 -405 -155 659
15797: -663 -478 -84 668
15798: -663 -478 -85 677
15799: -663 -478 -86 686
15801: -663 -478 -88 704
15802: -663 -478 -89 713
15803: -663 -478 -90 722
15808: -663 -479 -95 686
15816: -663 -480 -103 677
15817: -663 -480 -104 686
15842: -663 -483 -129 668
15849: -663 -484 -136 650
15859: -663 -485 -146 659
15867: -663 -486 -154 650
15868: -663 -486 -155 659
15869: -663 -486 -156 668
15878: -664 -559 -84 668
15881: -664 -559 -87 695
15883: -664 -559 -89 713
15884: -664 -559 -90 722
15888: -664 -560 -94 677
15890: -664 -560 -96 695
15894: -664 -561 -100 650
15899: -664 -561 -105 695
15900: -664 -561 -106 704
15903: -664 -562 -109 650
15907: -664 -562 -113 686
15909: -664 -562 -115 704
15921: -664 -564 -127 650
15922: -664 -564 -128 659
15928: -664 -564 -134 713
15936: -664 -565 -142 704
15939: -664 -566 -145 650
15940: -664 -566 -146 659
15948: -664 -567 -154 650
15949: -664 -567 -155 659
15959: -665 -640 -84 668
15961: -665 -640 -86 686
15963: -665 -640 -88 704
15968: -665 -641 -93 668
15970: -665 -641 -95 686
15972: -665 -641 -97 704
15973: -665 -641 -98 713
15975: -665 -642 -100 650
15976: -665 -642 -101 659
15980: -665 -642 -105 695
15981: -665 -642 -106 704
15984: -665 -643 -109 650
15985: -665 -643 -110 659
15992: -665 -643 -117 722
15993: -665 -644 -118 650
15994: -665 -644 -119 659
16007: -665 -645 -132 695
16008: -665 -645 -133 704
16011: -665 -646 -136 650
16012: -665 -646 -137 659
16019: -665 -646 -144 722
16021: -665 -647 -146 659
16037: -665 -648 -162 722
16056: -666 -723 -100 650
16059: -666 -723 -103 677
16062: -666 -723 -106 704
16063: -666 -723 -107 713
16064: -666 -723 -108 722
16065: -666 -724 -109 650
16066: -666 -724 -110 659
16067: -666 -724 -111 668
16068: -666 -724 -112 677
16072: -666 -724 -116 713
16073: -666 -724 -117 722
16074: -666 -725 -118 650
16075: -666 -725 -119 659
16078: -666 -725 -122 686
16082: -666 -725 -126 722
16083: -666 -726 -127 650
16084: -666 -726 -128 659
16088: -666 -726 -132 695
16090: -666 -726 -134 713
16092: -666 -727 -136 650
16093: -666 -727 -137 659
16290: -21 -164 -172 3
16291: -21 -164 -173 12
16293: -21 -164 -175 30
16294: -21 -164 -176 39
16295: -21 -164 -177 48
16296: -21 -164 -178 57
16297: -21 -164 -179 66
16298: -21 -164 -180 75
16308: -21 -166 -190 3
16309: -21 -166 -191 12
16311: -21 -166 -193 30
16312: -21 -166 -194 39
16313: -21 -166 -195 48
16314: -21 -166 -196 57
16315: -21 -166 -197 66
16316: -21 -166 -198 75
16317: -21 -167 -199 3
16318: -21 -167 -200 12
16320: -21 -167 -202 30
16322: -21 -167 -204 48
16323: -21 -167 -205 57
16324: -21 -167 -206 66
16325: -21 -167 -207 75
16326: -21 -168 -208 3
16327: -21 -168 -209 12
16329: -21 -168 -211 30
16330: -21 -168 -212 39
16331: -21 -168 -213 48
16332: -21 -168 -214 57
16333: -21 -168 -215 66
16334: -21 -168 -216 75
16335: -21 -169 -217 3
16336: -21 -169 -218 12
16338: -21 -169 -220 30
16339: -21 -169 -221 39
16340: -21 -169 -222 48
16341: -21 -169 -223 57
16342: -21 -169 -224 66
16343: -21 -169 -225 75
16344: -21 -170 -226 3
16345: -21 -170 -227 12
16347: -21 -170 -229 30
16348: -21 -170 -230 39
16349: -21 -170 -231 48
16350: -21 -170 -232 57
16351: -21 -170 -233 66
16352: -21 -170 -234 75
16353: -21 -171 -235 3
16354: -21 -171 -236 12
16356: -21 -171 -238 30
16357: -21 -171 -239 39
16358: -21 -171 -240 48
16359: -21 -171 -241 57
16360: -21 -171 -242 66
16857: -100 -11 -172 84
16859: -100 -11 -174 102
16860: -100 -11 -175 111
16861: -100 -11 -176 120
16862: -100 -11 -177 129
16863: -100 -11 -178 138
16864: -100 -11 -179 147
16865: -100 -11 -180 156
16957: -101 -94 -191 93
16958: -101 -94 -192 102
16959: -101 -94 -193 111
16960: -101 -94 -194 120
16961: -101 -94 -195 129
16962: -101 -94 -196 138
16963: -101 -94 -197 147
16964: -101 -94 -198 156
16966: -101 -95 -200 93
16967: -101 -95 -201 102
16968: -101 -95 -202 111
16969: -101 -95 -203 120
16970: -101 -95 -204 129
16971: -101 -95 -205 138
16972: -101 -95 -206 147
16973: -101 -95 -207 156
16975: -101 -96 -209 93
16976: -101 -96 -210 102
16977: -101 -96 -211 111
16978: -101 -96 -212 120
16979: -101 -96 -213 129
16980: -101 -96 -214 138
16981: -101 -96 -215 147
16982: -101 -96 -216 156
16983: -101 -97 -217 84
16984: -101 -97 -218 93
16985: -101 -97 -219 102
16986: -101 -97 -220 111
16987: -101 -97 -221 120
16988: -101 -97 -222 129
16989: -101 -97 -223 138
16990: -101 -97 -224 147
16991: -101 -97 -225 156
16993: -101 -98 -227 93
16994: -101 -98 -228 102
16995: -101 -98 -229 111
16996: -101 -98 -230 120
16997: -101 -98 -231 129
16998: -101 -98 -232 138
16999: -101 -98 -233 147
17000: -101 -98 -234 156
17002: -101 -99 -236 93
17003: -101 -99 -237 102
17004: -101 -99 -238 111
17005: -101 -99 -239 120
17006: -101 -99 -240 129
17007: -101 -99 -241 138
17008: -101 -99 -242 147
17009: -101 -99 -243 156
17092: -103 -253 -164 93
17098: -103 -253 -170 147
17099: -103 -253 -171 156
17100: -103 -254 -172 84
17112: -103 -255 -184 111
17113: -103 -255 -185 120
17114: -103 -255 -186 129
17115: -103 -255 -187 138
17116: -103 -255 -188 147
17127: -103 -257 -199 84
17128: -103 -257 -200 93
17131: -103 -257 -203 120
17132: -103 -257 -204 129
17133: -103 -257 -205 138
17135: -103 -257 -207 156
17138: -103 -258 -210 102
17149: -103 -259 -221 120
17156: -103 -260 -228 102
17157: -103 -260 -229 111
17158: -103 -260 -230 120
17162: -103 -260 -234 156
17165: -103 -261 -237 102
17173: -104 -334 -164 93
17178: -104 -334 -169 138
17179: -104 -334 -170 147
17180: -104 -334 -171 156
17193: -104 -336 -184 111
17194: -104 -336 -185 120
17195: -104 -336 -186 129
17196: -104 -336 -187 138
17198: -104 -336 -189 156
17199: -104 -337 -190 84
17206: -104 -337 -197 147
17207: -104 -337 -198 156
17209: -104 -338 -200 93
17219: -104 -339 -210 102
17228: -104 -340 -219 102
17230: -104 -340 -221 120
17237: -104 -341 -228 102
17239: -104 -341 -230 120
17246: -104 -342 -237 102
17254: -105 -415 -164 93
17256: -105 -415 -166 111
17259: -105 -415 -169 138
17260: -105 -415 -170 147
17262: -105 -416 -172 84
17274: -105 -417 -184 111
17275: -105 -417 -185 120
17276: -105 -417 -186 129
17278: -105 -417 -188 147
17285: -105 -418 -195 129
17288: -105 -418 -198 156
17290: -105 -419 -200 93
17292: -105 -419 -202 111
17294: -105 -419 -204 129
17296: -105 -419 -206 147
17297: -105 -419 -207 156
17299: -105 -420 -209 93
17302: -105 -420 -212 120
17307: -105 -421 -217 84
17309: -105 -421 -219 102
17318: -105 -422 -228 102
17327: -105 -423 -237 102
17328: -105 -423 -238 111
17335: -106 -496 -164 93
17337: -106 -496 -166 111
17339: -106 -496 -168 129
17341: -106 -496 -170 147
17342: -106 -496 -171 156
17345: -106 -497 -174 102
17355: -106 -498 -184 111
17356: -106 -498 -185 120
17357: -106 -498 -186 129
17358: -106 -498 -187 138
17359: -106 -498 -188 147
17360: -106 -498 -189 156
17362: -106 -499 -191 93
17363: -106 -499 -192 102
17367: -106 -499 -196 138
17369: -106 -499 -198 156
17371: -106 -500 -200 93
17372: -106 -500 -201 102
17379: -106 -501 -208 84
17380: -106 -501 -209 93
17381: -106 -501 -210 102
17383: -106 -501 -212 120
17386: -106 -501 -215 147
17387: -106 -501 -216 156
17389: -106 -502 -218 93
17397: -106 -503 -226 84
17399: -106 -503 -228 102
17403: -106 -503 -232 138
17408: -106 -504 -237 102
17409: -106 -504 -238 111
17416: -107 -577 -164 93
17418: -107 -577 -166 111
17419: -107 -577 -167 120
17420: -107 -577 -168 129
17421: -107 -577 -169 138
17423: -107 -577 -171 156
17424: -107 -578 -172 84
17436: -107 -579 -184 111
17437: -107 -579 -185 120
17438: -107 -579 -186 129
17439: -107 -579 -187 138
17440: -107 -579 -188 147
17447: -107 -580 -195 129
17458: -107 -581 -206 147
17462: -107 -582 -210 102
17463: -107 -582 -211 111
17471: -107 -583 -219 102
17479: -107 -584 -227 93
17485: -107 -584 -233 147
17487: -107 -585 -235 84
17489: -107 -585 -237 102
17497: -108 -658 -164 93
17500: -108 -658 -167 120
17501: -108 -658 -168 129
17502: -108 -658 -169 138
17503: -108 -658 -170 147
17505: -108 -659 -172 84
17517: -108 -660 -184 111
17518: -108 -660 -185 120
17519: -108 -660 -186 129
17520: -108 -660 -187 138
17522: -108 -660 -189 156
17528: -108 -661 -195 129
17529: -108 -661 -196 138
17531: -108 -661 -198 156
17534: -108 -662 -201 102
17541: -108 -663 -208 84
17543: -108 -663 -210 102
17552: -108 -664 -219 102
17559: -108 -665 -226 84
17560: -108 -665 -227 93
17561: -108 -665 -228 102
17562: -108 -665 -229 111
17564: -108 -665 -231 129
17567: -108 -665 -234 156
17569: -108 -666 -236 93
17571: -108 -666 -238 111
17685: -182 -103 -190 165
17710: -182 -105 -215 228
17714: -182 -106 -219 183
17715: -182 -106 -220 192
17732: -182 -108 -237 183
17866: -184 -267 -209 174
17874: -184 -268 -217 165
17876: -184 -268 -219 183
17883: -184 -269 -226 165
17934: -185 -346 -196 219
17965: -185 -350 -227 174
17988: -186 -424 -169 219
17990: -186 -424 -171 237
18009: -186 -427 -190 165
18011: -186 -427 -192 183
18025: -186 -428 -206 228
18026: -186 -428 -207 237
18048: -186 -431 -229 192
18072: -187 -506 -172 165
18074: -187 -506 -174 183
18076: -187 -506 -176 201
18091: -187 -508 -191 174
18106: -187 -509 -206 228
18109: -187 -510 -209 174
18127: -187 -512 -227 174
18138: -187 -513 -238 192
18153: -188 -587 -172 165
18156: -188 -587 -175 192
18177: -188 -589 -196 219
18179: -188 -589 -198 237
18181: -188 -590 -200 174
18185: -188 -590 -204 210
18188: -188 -590 -207 237
18193: -188 -591 -212 201
18199: -188 -592 -218 174
18203: -188 -592 -222 210
18280: -189 -673 -218 174
18282: -189 -673 -220 192
18342: -262 -32 -199 246
18343: -262 -32 -200 255
18344: -262 -32 -201 264
18345: -262 -32 -202 273
18346: -262 -32 -203 282
18347: -262 -32 -204 291
18348: -262 -32 -205 300
18349: -262 -32 -206 309
18350: -262 -32 -207 318
18390: -263 -109 -166 273
18391: -263 -109 -167 282
18392: -263 -109 -168 291
18393: -263 -109 -169 300
18394: -263 -109 -170 309
18396: -263 -110 -172 246
18398: -263 -110 -174 264
18399: -263 -110 -175 273
18401: -263 -110 -177 291
18409: -263 -111 -185 282
18410: -263 -111 -186 291
18411: -263 -111 -187 300
18416: -263 -112 -192 264
18423: -263 -113 -199 246
18424: -263 -113 -200 255
18427: -263 -113 -203 282
18428: -263 -113 -204 291
18429: -263 -113 -205 300
18430: -263 -113 -206 309
18431: -263 -113 -207 318
18434: -263 -114 -210 264
18435: -263 -114 -211 273
18436: -263 -114 -212 282
18437: -263 -114 -213 291
18438: -263 -114 -214 300
18440: -263 -114 -216 318
18441: -263 -115 -217 246
18442: -263 -115 -218 255
18443: -263 -115 -219 264
18444: -263 -115 -220 273
18445: -263 -115 -221 282
18446: -263 -115 -222 291
18447: -263 -115 -223 300
18449: -263 -115 -225 318
18450: -263 -116 -226 246
18451: -263 -116 -227 255
18452: -263 -116 -228 264
18453: -263 -116 -229 273
18454: -263 -116 -230 282
18455: -263 -116 -231 291
18456: -263 -116 -232 300
18458: -263 -116 -234 318
18459: -263 -117 -235 246
18460: -263 -117 -236 255
18461: -263 -117 -237 264
18462: -263 -117 -238 273
18463: -263 -117 -239 282
18464: -263 -117 -240 291
18465: -263 -117 -241 300
18466: -263 -117 -242 309
18498: -264 -193 -193 273
18558: -265 -272 -172 246
18561: -265 -272 -175 273
18563: -265 -272 -177 291
18564: -265 -272 -178 300
18565: -265 -272 -179 309
18594: -265 -276 -208 246
18596: -265 -276 -210 264
18598: -265 -276 -212 282
18599: -265 -276 -213 291
18603: -265 -277 -217 246
18605: -265 -277 -219 264
18607: -265 -277 -221 282
18608: -265 -277 -222 291
18609: -265 -277 -223 300
18612: -265 -278 -226 246
18614: -265 -278 -228 264
18616: -265 -278 -230 282
18617: -265 -278 -231 291
18618: -265 -278 -232 300
18619: -265 -278 -233 309
18621: -265 -279 -235 246
18623: -265 -279 -237 264
18624: -265 -279 -238 273
18625: -265 -279 -239 282
18627: -265 -279 -241 300
18629: -265 -279 -243 318
18639: -266 -353 -172 246
18641: -266 -353 -174 264
18642: -266 -353 -175 273
18643: -266 -353 -176 282
18649: -266 -354 -182 255
18675: -266 -357 -208 246
18676: -266 -357 -209 255
18677: -266 -357 -210 264
18678: -266 -357 -211 273
18679: -266 -357 -212 282
18684: -266 -358 -217 246
18685: -266 -358 -218 255
18686: -266 -358 -219 264
18687: -266 -358 -220 273
18688: -266 -358 -221 282
18689: -266 -358 -222 291
18693: -266 -359 -226 246
18695: -266 -359 -228 264
18697: -266 -359 -230 282
18702: -266 -360 -235 246
18703: -266 -360 -236 255
18704: -266 -360 -237 264
18706: -266 -360 -239 282
18707: -266 -360 -240 291
18712: -267 -433 -164 255
18714: -267 -433 -166 273
18715: -267 -433 -167 282
18716: -267 -433 -168 291
18717: -267 -433 -169 300
18718: -267 -433 -170 309
18719: -267 -433 -171 318
18720: -267 -434 -172 246
18730: -267 -435 -182 255
18733: -267 -435 -185 282
18734: -267 -435 -186 291
18735: -267 -435 -187 300
18737: -267 -435 -189 318
18738: -267 -436 -190 246
18740: -267 -436 -192 264
18743: -267 -436 -195 291
18744: -267 -436 -196 300
18749: -267 -437 -201 264
18754: -267 -437 -206 309
18758: -267 -438 -210 264
18762: -267 -438 -214 300
18764: -267 -438 -216 318
18765: -267 -439 -217 246
18766: -267 -439 -218 255
18767: -267 -439 -219 264
18776: -267 -440 -228 264
18777: -267 -440 -229 273
18779: -267 -440 -231 291
18784: -267 -441 -236 255
18785: -267 -441 -237 264
18786: -267 -441 -238 273
18789: -267 -441 -241 300
18790: -267 -441 -242 309
18791: -267 -441 -243 318
18793: -268 -514 -164 255
18795: -268 -514 -166 273
18796: -268 -514 -167 282
18798: -268 -514 -169 300
18799: -268 -514 -170 309
18800: -268 -514 -171 318
18801: -268 -515 -172 246
18815: -268 -516 -186 291
18817: -268 -516 -188 309
18819: -268 -517 -190 246
18823: -268 -517 -194 282
18825: -268 -517 -196 300
18826: -268 -517 -197 309
18827: -268 -517 -198 318
18830: -268 -518 -201 264
18832: -268 -518 -203 282
18835: -268 -518 -206 309
18836: -268 -518 -207 318
18837: -268 -519 -208 246
18838: -268 -519 -209 255
18839: -268 -519 -210 264
18840: -268 -519 -211 273
18843: -268 -519 -214 300
18844: -268 -519 -215 309
18857: -268 -521 -228 264
18865: -268 -522 -236 255
18866: -268 -522 -237 264
18871: -268 -522 -242 309
18874: -269 -595 -164 255
18876: -269 -595 -166 273
18877: -269 -595 -167 282
18878: -269 -595 -168 291
18880: -269 -595 -170 309
18881: -269 -595 -171 318
18882: -269 -596 -172 246
18892: -269 -597 -182 255
18895: -269 -597 -185 282
18896: -269 -597 -186 291
18898: -269 -597 -188 309
18900: -269 -598 -190 246
18901: -269 -598 -191 255
18907: -269 -598 -197 309
18908: -269 -598 -198 318
18909: -269 -599 -199 246
18910: -269 -599 -200 255
18911: -269 -599 -201 264
18912: -269 -599 -202 273
18913: -269 -599 -203 282
18914: -269 -599 -204 291
18916: -269 -599 -206 309
18920: -269 -600 -210 264
18927: -269 -601 -217 246
18928: -269 -601 -218 255
18929: -269 -601 -219 264
18930: -269 -601 -220 273
18931: -269 -601 -221 282
18932: -269 -601 -222 291
18934: -269 -601 -224 309
18935: -269 -601 -225 318
18939: -269 -602 -229 273
18940: -269 -602 -230 282
18946: -269 -603 -236 255
18947: -269 -603 -237 264
18949: -269 -603 -239 282
18955: -270 -676 -164 255
18957: -270 -676 -166 273
18958: -270 -676 -167 282
18959: -270 -676 -168 291
18960: -270 -676 -169 300
18961: -270 -676 -170 309
18962: -270 -676 -171 318
18963: -270 -677 -172 246
18981: -270 -679 -190 246
18982: -270 -679 -191 255
18985: -270 -679 -194 282
18987: -270 -679 -196 300
18988: -270 -679 -197 309
18990: -270 -680 -199 246
18991: -270 -680 -200 255
18992: -270 -680 -201 264
18994: -270 -680 -203 282
18996: -270 -680 -205 300
19001: -270 -681 -210 264
19004: -270 -681 -213 291
19009: -270 -682 -218 255
19010: -270 -682 -219 264
19011: -270 -682 -220 273
19017: -270 -683 -226 246
19019: -270 -683 -228 264
19020: -270 -683 -229 273
19022: -270 -683 -231 291
19023: -270 -683 -232 300
19024: -270 -683 -233 309
19025: -270 -683 -234 318
19028: -270 -684 -237 264
19062: -343 -40 -190 327
19063: -343 -40 -191 336
19064: -343 -40 -192 345
19065: -343 -40 -193 354
19066: -343 -40 -194 363
19067: -343 -40 -195 372
19068: -343 -40 -196 381
19069: -343 -40 -197 390
19070: -343 -40 -198 399
19119: -344 -118 -166 354
19120: -344 -118 -167 363
19121: -344 -118 -168 372
19125: -344 -119 -172 327
19127: -344 -119 -174 345
19129: -344 -119 -176 363
19140: -344 -120 -187 381
19141: -344 -120 -188 390
19142: -344 -120 -189 399
19143: -344 -121 -190 327
19145: -344 -121 -192 345
19149: -344 -121 -196 381
19151: -344 -121 -198 399
19152: -344 -122 -199 327
19154: -344 -122 -201 345
19171: -344 -124 -218 336
19172: -344 -124 -219 345
19177: -344 -124 -224 390
19178: -344 -124 -225 399
19179: -344 -125 -226 327
19181: -344 -125 -228 345
19182: -344 -125 -229 354
19183: -344 -125 -230 363
19189: -344 -126 -236 336
19237: -345 -203 -203 363
19287: -346 -281 -172 327
19289: -346 -281 -174 345
19297: -346 -282 -182 336
19301: -346 -282 -186 372
19302: -346 -282 -187 381
19304: -346 -282 -189 399
19323: -346 -285 -208 327
19324: -346 -285 -209 336
19325: -346 -285 -210 345
19326: -346 -285 -211 354
19332: -346 -286 -217 327
19334: -346 -286 -219 345
19335: -346 -286 -220 354
19341: -346 -287 -226 327
19342: -346 -287 -227 336
19343: -346 -287 -228 345
19344: -346 -287 -229 354
19345: -346 -287 -230 363
19346: -346 -287 -231 372
19347: -346 -287 -232 381
19349: -346 -287 -234 399
19350: -346 -288 -235 327
19351: -346 -288 -236 336
19352: -346 -288 -237 345
19353: -346 -288 -238 354
19372: -347 -362 -176 363
19373: -347 -362 -177 372
19374: -347 -362 -178 381
19376: -347 -362 -180 399
19407: -347 -366 -211 354
19416: -347 -367 -220 354
19417: -347 -367 -221 363
19419: -347 -367 -223 381
19424: -347 -368 -228 345
19429: -347 -368 -233 390
19431: -347 -369 -235 327
19433: -347 -369 -237 345
19437: -347 -369 -241 381
19439: -347 -369 -243 399
19441: -348 -442 -164 336
19443: -348 -442 -166 354
19444: -348 -442 -167 363
19446: -348 -442 -169 381
19447: -348 -442 -170 390
19448: -348 -442 -171 399
19449: -348 -443 -172 327
19454: -348 -443 -177 372
19457: -348 -443 -180 399
19461: -348 -444 -184 354
19463: -348 -444 -186 372
19465: -348 -444 -188 390
19467: -348 -445 -190 327
19469: -348 -445 -192 345
19471: -348 -445 -194 363
19473: -348 -445 -196 381
19476: -348 -446 -199 327
19477: -348 -446 -200 336
19479: -348 -446 -202 354
19481: -348 -446 -204 372
19482: -348 -446 -205 381
19489: -348 -447 -212 363
19493: -348 -447 -216 399
19495: -348 -448 -218 336
19496: -348 -448 -219 345
19498: -348 -448 -221 363
19504: -348 -449 -227 336
19505: -348 -449 -228 345
19513: -348 -450 -236 336
19514: -348 -450 -237 345
19516: -348 -450 -239 363
19520: -348 -450 -243 399
19522: -349 -523 -164 336
19524: -349 -523 -166 354
19525: -349 -523 -167 363
19526: -349 -523 -168 372
19528: -349 -523 -170 390
19529: -349 -523 -171 399
19530: -349 -524 -172 327
19532: -349 -524 -174 345
19535: -349 -524 -177 372
19536: -349 -524 -178 381
19544: -349 -525 -186 372
19547: -349 -525 -189 399
19550: -349 -526 -192 345
19551: -349 -526 -193 354
19552: -349 -526 -194 363
19555: -349 -526 -197 390
19557: -349 -527 -199 327
19558: -349 -527 -200 336
19559: -349 -527 -201 345
19560: -349 -527 -202 354
19563: -349 -527 -205 381
19564: -349 -527 -206 390
19567: -349 -528 -209 336
19568: -349 -528 -210 345
19570: -349 -528 -212 363
19573: -349 -528 -215 390
19574: -349 -528 -216 399
19579: -349 -529 -221 363
19585: -349 -530 -227 336
19592: -349 -530 -234 399
19595: -349 -531 -237 345
19597: -349 -531 -239 363
19599: -349 -531 -241 381
19603: -350 -604 -164 336
19605: -350 -604 -166 354
19606: -350 -604 -167 363
19607: -350 -604 -168 372
19610: -350 -604 -171 399
19611: -350 -605 -172 327
19613: -350 -605 -174 345
19619: -350 -605 -180 399
19621: -350 -606 -182 336
19627: -350 -606 -188 390
19628: -350 -606 -189 399
19629: -350 -607 -190 327
19630: -350 -607 -191 336
19631: -350 -607 -192 345
19632: -350 -607 -193 354
19633: -350 -607 -194 363
19638: -350 -608 -199 327
19639: -350 -608 -200 336
19643: -350 -608 -204 372
19645: -350 -608 -206 390
19646: -350 -608 -207 399
19648: -350 -609 -209 336
19649: -350 -609 -210 345
19651: -350 -609 -212 363
19656: -350 -610 -217 327
19657: -350 -610 -218 336
19658: -350 -610 -219 345
19661: -350 -610 -222 372
19664: -350 -610 -225 399
19669: -350 -611 -230 363
19670: -350 -611 -231 372
19675: -350 -612 -236 336
19676: -350 -612 -237 345
19677: -350 -612 -238 354
19684: -351 -685 -164 336
19686: -351 -685 -166 354
19687: -351 -685 -167 363
19688: -351 -685 -168 372
19689: -351 -685 -169 381
19690: -351 -685 -170 390
19691: -351 -685 -171 399
19692: -351 -686 -172 327
19707: -351 -687 -187 381
19710: -351 -688 -190 327
19712: -351 -688 -192 345
19713: -351 -688 -193 354
19715: -351 -688 -195 372
19716: -351 -688 -196 381
19718: -351 -688 -198 399
19719: -351 -689 -199 327
19720: -351 -689 -200 336
19721: -351 -689 -201 345
19724: -351 -689 -204 372
19725: -351 -689 -205 381
19729: -351 -690 -209 336
19739: -351 -691 -219 345
19742: -351 -691 -222 372
19746: -351 -692 -226 327
19747: -351 -692 -227 336
19748: -351 -692 -228 345
19749: -351 -692 -229 354
19750: -351 -692 -230 363
19751: -351 -692 -231 372
19759: -351 -693 -239 363
19818: -424 -52 -217 408
19819: -424 -52 -218 417
19820: -424 -52 -219 426
19821: -424 -52 -220 435
19822: -424 -52 -221 444
19823: -424 -52 -222 453
19824: -424 -52 -223 462
19825: -424 -52 -224 471
19826: -424 -52 -225 480
19846: -425 -127 -164 417
19849: -425 -127 -167 444
19850: -425 -127 -168 453
19852: -425 -127 -170 471
19854: -425 -128 -172 408
19856: -425 -128 -174 426
19859: -425 -128 -177 453
19861: -425 -128 -179 471
19864: -425 -129 -182 417
19866: -425 -129 -184 435
19867: -425 -129 -185 444
19873: -425 -130 -191 417
19874: -425 -130 -192 426
19876: -425 -130 -194 444
19878: -425 -130 -196 462
19879: -425 -130 -197 471
19880: -425 -130 -198 480
19884: -425 -131 -202 435
19885: -425 -131 -203 444
19886: -425 -131 -204 453
19887: -425 -131 -205 462
19889: -425 -131 -207 480
19892: -425 -132 -210 426
19899: -425 -133 -217 408
19900: -425 -133 -218 417
19901: -425 -133 -219 426
19907: -425 -133 -225 480
19908: -425 -134 -226 408
19909: -425 -134 -227 417
19910: -425 -134 -228 426
19911: -425 -134 -229 435
19915: -425 -134 -233 471
19917: -425 -135 -235 408
19918: -425 -135 -236 417
19919: -425 -135 -237 426
19920: -425 -135 -238 435
19921: -425 -135 -239 444
19923: -425 -135 -241 462
19925: -425 -135 -243 480
20008: -427 -289 -164 417
20011: -427 -289 -167 444
20012: -427 -289 -168 453
20013: -427 -289 -169 462
20014: -427 -289 -170 471
20015: -427 -289 -171 480
20016: -427 -290 -172 408
20019: -427 -290 -175 435
20024: -427 -290 -180 480
20026: -427 -291 -182 417
20028: -427 -291 -184 435
20031: -427 -291 -187 462
20032: -427 -291 -188 471
20033: -427 -291 -189 480
20036: -427 -292 -192 426
20043: -427 -293 -199 408
20045: -427 -293 -201 426
20049: -427 -293 -205 462
20053: -427 -294 -209 417
20054: -427 -294 -210 426
20056: -427 -294 -212 444
20063: -427 -295 -219 426
20066: -427 -295 -222 453
20073: -427 -296 -229 435
20075: -427 -296 -231 453
20081: -427 -297 -237 426
20082: -427 -297 -238 435
20093: -428 -370 -168 453
20094: -428 -370 -169 462
20096: -428 -370 -171 480
20097: -428 -371 -172 408
20099: -428 -371 -174 426
20107: -428 -372 -182 417
20110: -428 -372 -185 444
20112: -428 -372 -187 462
20113: -428 -372 -188 471
20115: -428 -373 -190 408
20116: -428 -373 -191 417
20117: -428 -373 -192 426
20120: -428 -373 -195 453
20121: -428 -373 -196 462
20123: -428 -373 -198 480
20134: -428 -375 -209 417
20135: -428 -375 -210 426
20144: -428 -376 -219 426
20147: -428 -376 -222 453
20149: -428 -376 -224 471
20153: -428 -377 -228 426
20155: -428 -377 -230 444
20156: -428 -377 -231 453
20162: -428 -378 -237 426
20164: -428 -378 -239 444
20172: -429 -451 -166 435
20174: -429 -451 -168 453
20178: -429 -452 -172 408
20180: -429 -452 -174 426
20185: -429 -452 -179 471
20186: -429 -452 -180 480
20197: -429 -454 -191 417
20198: -429 -454 -192 426
20200: -429 -454 -194 444
20201: -429 -454 -195 453
20202: -429 -454 -196 462
20205: -429 -455 -199 408
20207: -429 -455 -201 426
20216: -429 -456 -210 426
20223: -429 -457 -217 408
20225: -429 -457 -219 426
20226: -429 -457 -220 435
20227: -429 -457 -221 444
20229: -429 -457 -223 462
20232: -429 -458 -226 408
20233: -429 -458 -227 417
20234: -429 -458 -228 426
20239: -429 -458 -233 471
20255: -430 -532 -168 453
20257: -430 -532 -170 471
20258: -430 -532 -171 480
20259: -430 -533 -172 408
20266: -430 -533 -179 471
20272: -430 -534 -185 444
20274: -430 -534 -187 462
20275: -430 -534 -188 471
20279: -430 -535 -192 426
20280: -430 -535 -193 435
20282: -430 -535 -195 453
20283: -430 -535 -196 462
20285: -430 -535 -198 480
20286: -430 -536 -199 408
20287: -430 -536 -200 417
20288: -430 -536 -201 426
20289: -430 -536 -202 435
20291: -430 -536 -204 453
20293: -430 -536 -206 471
20295: -430 -537 -208 408
20296: -430 -537 -209 417
20297: -430 -537 -210 426
20298: -430 -537 -211 435
20299: -430 -537 -212 444
20301: -430 -537 -214 462
20306: -430 -538 -219 426
20309: -430 -538 -222 453
20313: -430 -539 -226 408
20315: -430 -539 -228 426
20324: -430 -540 -237 426
20325: -430 -540 -238 435
20328: -430 -540 -241 462
20336: -431 -613 -168 453
20337: -431 -613 -169 462
20338: -431 -613 -170 471
20339: -431 -613 -171 480
20340: -431 -614 -172 408
20343: -431 -614 -175 435
20346: -431 -614 -178 462
20350: -431 -615 -182 417
20352: -431 -615 -184 435
20353: -431 -615 -185 444
20357: -431 -615 -189 480
20360: -431 -616 -192 426
20361: -431 -616 -193 435
20363: -431 -616 -195 453
20365: -431 -616 -197 471
20366: -431 -616 -198 480
20368: -431 -617 -200 417
20369: -431 -617 -201 426
20370: -431 -617 -202 435
20371: -431 -617 -203 444
20372: -431 -617 -204 453
20374: -431 -617 -206 471
20375: -431 -617 -207 480
20376: -431 -618 -208 408
20377: -431 -618 -209 417
20378: -431 -618 -210 426
20379: -431 -618 -211 435
20380: -431 -618 -212 444
20384: -431 -618 -216 480
20385: -431 -619 -217 408
20387: -431 -619 -219 426
20389: -431 -619 -221 444
20390: -431 -619 -222 453
20391: -431 -619 -223 462
20393: -431 -619 -225 480
20395: -431 -620 -227 417
20397: -431 -620 -229 435
20399: -431 -620 -231 453
20401: -431 -620 -233 471
20403: -431 -621 -235 408
20404: -431 -621 -236 417
20405: -431 -621 -237 426
20407: -431 -621 -239 444
20411: -431 -621 -243 480
20413: -432 -694 -164 417
20415: -432 -694 -166 435
20416: -432 -694 -167 444
20419: -432 -694 -170 471
20423: -432 -695 -174 426
20428: -432 -695 -179 471
20431: -432 -696 -182 417
20434: -432 -696 -185 444
20438: -432 -696 -189 480
20439: -432 -697 -190 408
20441: -432 -697 -192 426
20445: -432 -697 -196 462
20448: -432 -698 -199 408
20450: -432 -698 -201 426
20457: -432 -699 -208 408
20461: -432 -699 -212 444
20467: -432 -700 -218 417
20469: -432 -700 -220 435
20475: -432 -701 -226 408
20477: -432 -701 -228 426
20480: -432 -701 -231 453
20486: -432 -702 -237 426
20556: -505 -62 -226 489
20557: -505 -62 -227 498
20558: -505 -62 -228 507
20559: -505 -62 -229 516
20560: -505 -62 -230 525
20561: -505 -62 -231 534
20562: -505 -62 -232 543
20563: -505 -62 -233 552
20564: -505 -62 -234 561
20578: -506 -136 -167 525
20580: -506 -136 -169 543
20581: -506 -136 -170 552
20582: -506 -136 -171 561
20583: -506 -137 -172 489
20585: -506 -137 -174 507
20589: -506 -137 -178 543
20593: -506 -138 -182 498
20595: -506 -138 -184 516
20596: -506 -138 -185 525
20599: -506 -138 -188 552
20600: -506 -138 -189 561
20602: -506 -139 -191 498
20603: -506 -139 -192 507
20604: -506 -139 -193 516
20605: -506 -139 -194 525
20606: -506 -139 -195 534
20608: -506 -139 -197 552
20609: -506 -139 -198 561
20611: -506 -140 -200 498
20614: -506 -140 -203 525
20615: -506 -140 -204 534
20616: -506 -140 -205 543
20617: -506 -140 -206 552
20619: -506 -141 -208 489
20620: -506 -141 -209 498
20621: -506 -141 -210 507
20622: -506 -141 -211 516
20623: -506 -141 -212 525
20630: -506 -142 -219 507
20631: -506 -142 -220 516
20638: -506 -143 -227 498
20639: -506 -143 -228 507
20643: -506 -143 -232 543
20646: -506 -144 -235 489
20647: -506 -144 -236 498
20648: -506 -144 -237 507
20649: -506 -144 -238 516
20650: -506 -144 -239 525
20654: -506 -144 -243 561
20737: -508 -298 -164 498
20740: -508 -298 -167 525
20742: -508 -298 -169 543
20743: -508 -298 -170 552
20744: -508 -298 -171 561
20745: -508 -299 -172 489
20748: -508 -299 -175 516
20755: -508 -300 -182 498
20757: -508 -300 -184 516
20758: -508 -300 -185 525
20761: -508 -300 -188 552
20762: -508 -300 -189 561
20772: -508 -302 -199 489
20773: -508 -302 -200 498
20774: -508 -302 -201 507
20775: -508 -302 -202 516
20778: -508 -302 -205 543
20779: -508 -302 -206 552
20783: -508 -303 -210 507
20787: -508 -303 -214 543
20791: -508 -304 -218 498
20792: -508 -304 -219 507
20801: -508 -305 -228 507
20805: -508 -305 -232 543
20810: -508 -306 -237 507
20811: -508 -306 -238 516
20818: -509 -379 -164 498
20822: -509 -379 -168 534
20823: -509 -379 -169 543
20824: -509 -379 -170 552
20826: -509 -380 -172 489
20828: -509 -380 -174 507
20834: -509 -380 -180 561
20836: -509 -381 -182 498
20839: -509 -381 -185 525
20840: -509 -381 -186 534
20842: -509 -381 -188 552
20844: -509 -382 -190 489
20846: -509 -382 -192 507
20848: -509 -382 -194 525
20851: -509 -382 -197 552
20852: -509 -382 -198 561
20853: -509 -383 -199 489
20864: -509 -384 -210 507
20868: -509 -384 -214 543
20873: -509 -385 -219 507
20882: -509 -386 -228 507
20883: -509 -386 -229 516
20899: -510 -460 -164 498
20901: -510 -460 -166 516
20902: -510 -460 -167 525
20906: -510 -460 -171 561
20907: -510 -461 -172 489
20909: -510 -461 -174 507
20913: -510 -461 -178 543
20921: -510 -462 -186 534
20925: -510 -463 -190 489
20927: -510 -463 -192 507
20934: -510 -464 -199 489
20936: -510 -464 -201 507
20941: -510 -464 -206 552
20943: -510 -465 -208 489
20945: -510 -465 -210 507
20952: -510 -466 -217 489
20965: -510 -467 -230 525
20970: -510 -468 -235 489
20972: -510 -468 -237 507
20976: -510 -468 -241 543
20983: -511 -541 -167 525
20985: -511 -541 -169 543
20986: -511 -541 -170 552
20988: -511 -542 -172 489
20994: -511 -542 -178 543
21006: -511 -544 -190 489
21007: -511 -544 -191 498
21008: -511 -544 -192 507
21009: -511 -544 -193 516
21010: -511 -544 -194 525
21012: -511 -544 -196 543
21015: -511 -545 -199 489
21017: -511 -545 -201 507
21018: -511 -545 -202 516
21021: -511 -545 -205 543
21023: -511 -545 -207 561
21042: -511 -548 -226 489
21043: -511 -548 -227 498
21044: -511 -548 -228 507
21047: -511 -548 -231 534
21049: -511 -548 -233 552
21051: -511 -549 -235 489
21053: -511 -549 -237 507
21055: -511 -549 -239 525
21057: -511 -549 -241 543
21063: -512 -622 -166 516
21065: -512 -622 -168 534
21066: -512 -622 -169 543
21068: -512 -622 -171 561
21069: -512 -623 -172 489
21074: -512 -623 -177 534
21081: -512 -624 -184 516
21082: -512 -624 -185 525
21085: -512 -624 -188 552
21089: -512 -625 -192 507
21091: -512 -625 -194 525
21092: -512 -625 -195 534
21093: -512 -625 -196 543
21094: -512 -625 -197 552
21098: -512 -626 -201 507
21102: -512 -626 -205 543
21103: -512 -626 -206 552
21104: -512 -626 -207 561
21106: -512 -627 -209 498
21107: -512 -627 -210 507
21110: -512 -627 -213 534
21113: -512 -627 -216 561
21114: -512 -628 -217 489
21115: -512 -628 -218 498
21116: -512 -628 -219 507
21119: -512 -628 -222 534
21120: -512 -628 -223 543
21121: -512 -628 -224 552
21125: -512 -629 -228 507
21128: -512 -629 -231 534
21132: -512 -630 -235 489
21133: -512 -630 -236 498
21134: -512 -630 -237 507
21136: -512 -630 -239 525
21138: -512 -630 -241 543
21142: -513 -703 -164 498
21145: -513 -703 -167 525
21146: -513 -703 -168 534
21147: -513 -703 -169 543
21148: -513 -703 -170 552
21150: -513 -704 -172 489
21153: -513 -704 -175 516
21157: -513 -704 -179 552
21158: -513 -704 -180 561
21160: -513 -705 -182 498
21162: -513 -705 -184 516
21163: -513 -705 -185 525
21164: -513 -705 -186 534
21170: -513 -706 -192 507
21171: -513 -706 -193 516
21174: -513 -706 -196 543
21175: -513 -706 -197 552
21176: -513 -706 -198 561
21178: -513 -707 -200 498
21179: -513 -707 -201 507
21182: -513 -707 -204 534
21183: -513 -707 -205 543
21185: -513 -707 -207 561
21186: -513 -708 -208 489
21188: -513 -708 -210 507
21191: -513 -708 -213 534
21196: -513 -709 -218 498
21197: -513 -709 -219 507
21203: -513 -709 -225 561
21204: -513 -710 -226 489
21206: -513 -710 -228 507
21208: -513 -710 -230 525
21210: -513 -710 -232 543
21219: -513 -711 -241 543
21294: -586 -72 -235 570
21295: -586 -72 -236 579
21296: -586 -72 -237 588
21297: -586 -72 -238 597
21298: -586 -72 -239 606
21299: -586 -72 -240 615
21300: -586 -72 -241 624
21301: -586 -72 -242 633
21302: -586 -72 -243 642
21304: -587 -145 -164 579
21308: -587 -145 -168 615
21310: -587 -145 -170 633
21312: -587 -146 -172 570
21314: -587 -146 -174 588
21315: -587 -146 -175 597
21324: -587 -147 -184 597
21325: -587 -147 -185 606
21329: -587 -147 -189 642
21331: -587 -148 -191 579
21336: -587 -148 -196 624
21340: -587 -149 -200 579
21345: -587 -149 -205 624
21348: -587 -150 -208 570
21349: -587 -150 -209 579
21352: -587 -150 -212 606
21357: -587 -151 -217 570
21358: -587 -151 -218 579
21359: -587 -151 -219 588
21362: -587 -151 -222 615
21366: -587 -152 -226 570
21368: -587 -152 -228 588
21375: -587 -153 -235 570
21376: -587 -153 -236 579
21377: -587 -153 -237 588
21378: -587 -153 -238 597
21385: -588 -226 -164 579
21406: -588 -228 -185 606
21466: -589 -307 -164 579
21469: -589 -307 -167 606
21470: -589 -307 -168 615
21471: -589 -307 -169 624
21472: -589 -307 -170 633
21473: -589 -307 -171 642
21474: -589 -308 -172 570
21476: -589 -308 -174 588
21482: -589 -308 -180 642
21484: -589 -309 -182 579
21486: -589 -309 -184 597
21488: -589 -309 -186 615
21491: -589 -309 -189 642
21492: -589 -310 -190 570
21501: -589 -311 -199 570
21502: -589 -311 -200 579
21503: -589 -311 -201 588
21505: -589 -311 -203 606
21507: -589 -311 -205 624
21509: -589 -311 -207 642
21511: -589 -312 -209 579
21512: -589 -312 -210 588
21517: -589 -312 -215 633
21522: -589 -313 -220 597
21527: -589 -313 -225 642
21530: -589 -314 -228 588
21531: -589 -314 -229 597
21538: -589 -315 -236 579
21539: -589 -315 -237 588
21547: -590 -388 -164 579
21549: -590 -388 -166 597
21551: -590 -388 -168 615
21553: -590 -388 -170 633
21554: -590 -388 -171 642
21555: -590 -389 -172 570
21557: -590 -389 -174 588
21565: -590 -390 -182 579
21568: -590 -390 -185 606
21569: -590 -390 -186 615
21573: -590 -391 -190 570
21575: -590 -391 -192 588
21579: -590 -391 -196 624
21581: -590 -391 -198 642
21582: -590 -392 -199 570
21584: -590 -392 -201 588
21592: -590 -393 -209 579
21593: -590 -393 -210 588
21598: -590 -393 -215 633
21604: -590 -394 -221 606
21606: -590 -394 -223 624
21607: -590 -394 -224 633
21611: -590 -395 -228 588
21620: -590 -396 -237 588
21628: -591 -469 -164 579
21631: -591 -469 -167 606
21633: -591 -469 -169 624
21634: -591 -469 -170 633
21635: -591 -469 -171 642
21636: -591 -470 -172 570
21639: -591 -470 -175 597
21641: -591 -470 -177 615
21648: -591 -471 -184 597
21649: -591 -471 -185 606
21651: -591 -471 -187 624
21656: -591 -472 -192 588
21657: -591 -472 -193 597
21659: -591 -472 -195 615
21661: -591 -472 -197 633
21665: -591 -473 -201 588
21668: -591 -473 -204 615
21670: -591 -473 -206 633
21677: -591 -474 -213 615
21681: -591 -475 -217 570
21683: -591 -475 -219 588
21687: -591 -475 -223 624
21691: -591 -476 -227 579
21692: -591 -476 -228 588
21693: -591 -476 -229 597
21695: -591 -476 -231 615
21700: -591 -477 -236 579
21701: -591 -477 -237 588
21702: -591 -477 -238 597
21703: -591 -477 -239 606
21704: -591 -477 -240 615
21705: -591 -477 -241 624
21707: -591 -477 -243 642
21709: -592 -550 -164 579
21711: -592 -550 -166 597
21712: -592 -550 -167 606
21713: -592 -550 -168 615
21715: -592 -550 -170 633
21717: -592 -551 -172 570
21719: -592 -551 -174 588
21722: -592 -551 -177 615
21730: -592 -552 -185 606
21732: -592 -552 -187 624
21737: -592 -553 -192 588
21744: -592 -554 -199 570
21746: -592 -554 -201 588
21753: -592 -555 -208 570
21755: -592 -555 -210 588
21760: -592 -555 -215 633
21762: -592 -556 -217 570
21764: -592 -556 -219 588
21784: -592 -558 -239 606
21788: -592 -558 -243 642
21793: -593 -631 -167 606
21794: -593 -631 -168 615
21795: -593 -631 -169 624
21796: -593 -631 -170 633
21797: -593 -631 -171 642
21798: -593 -632 -172 570
21800: -593 -632 -174 588
21804: -593 -632 -178 624
21805: -593 -632 -179 633
21816: -593 -634 -190 570
21817: -593 -634 -191 579
21818: -593 -634 -192 588
21819: -593 -634 -193 597
21820: -593 -634 -194 606
21821: -593 -634 -195 615
21822: -593 -634 -196 624
21823: -593 -634 -197 633
21825: -593 -635 -199 570
21827: -593 -635 -201 588
21832: -593 -635 -206 633
21836: -593 -636 -210 588
21841: -593 -636 -215 633
21861: -593 -639 -235 570
21863: -593 -639 -237 588
21868: -593 -639 -242 633
21869: -593 -639 -243 642
21875: -594 -712 -168 615
21876: -594 -712 -169 624
21877: -594 -712 -170 633
21879: -594 -713 -172 570
21882: -594 -713 -175 597
21883: -594 -713 -176 606
21892: -594 -714 -185 606
21896: -594 -714 -189 642
21899: -594 -715 -192 588
21900: -594 -715 -193 597
21901: -594 -715 -194 606
21902: -594 -715 -195 615
21905: -594 -715 -198 642
21906: -594 -716 -199 570
21908: -594 -716 -201 588
21912: -594 -716 -205 624
21913: -594 -716 -206 633
21914: -594 -716 -207 642
21916: -594 -717 -209 579
21917: -594 -717 -210 588
21924: -594 -718 -217 570
21926: -594 -718 -219 588
21933: -594 -719 -226 570
21934: -594 -719 -227 579
21935: -594 -719 -228 588
21938: -594 -719 -231 615
21941: -594 -719 -234 642
21945: -594 -720 -238 597
21996: -667 -78 -208 651
21997: -667 -78 -209 660
21998: -667 -78 -210 669
21999: -667 -78 -211 678
22000: -667 -78 -212 687
22001: -667 -78 -213 696
22002: -667 -78 -214 705
22003: -667 -78 -215 714
22004: -667 -78 -216 723
22036: -668 -154 -167 687
22037: -668 -154 -168 696
22038: -668 -154 -169 705
22040: -668 -154 -171 723
22041: -668 -155 -172 651
22043: -668 -155 -174 669
22051: -668 -156 -182 660
22053: -668 -156 -184 678
22054: -668 -156 -185 687
22055: -668 -156 -186 696
22056: -668 -156 -187 705
22064: -668 -157 -195 696
22065: -668 -157 -196 705
22066: -668 -157 -197 714
22068: -668 -158 -199 651
22069: -668 -158 -200 660
22070: -668 -158 -201 669
22073: -668 -158 -204 696
22074: -668 -158 -205 705
22076: -668 -158 -207 723
22077: -668 -159 -208 651
22078: -668 -159 -209 660
22086: -668 -160 -217 651
22088: -668 -160 -219 669
22091: -668 -160 -222 696
22092: -668 -160 -223 705
22095: -668 -161 -226 651
22096: -668 -161 -227 660
22098: -668 -161 -229 678
22100: -668 -161 -231 696
22102: -668 -161 -233 714
22106: -668 -162 -237 669
22112: -668 -162 -243 723
22195: -670 -316 -164 660
22198: -670 -316 -167 687
22199: -670 -316 -168 696
22200: -670 -316 -169 705
22202: -670 -316 -171 723
22203: -670 -317 -172 651
22205: -670 -317 -174 669
22213: -670 -318 -182 660
22215: -670 -318 -184 678
22216: -670 -318 -185 687
22217: -670 -318 -186 696
22218: -670 -318 -187 705
22219: -670 -318 -188 714
22222: -670 -319 -191 660
22230: -670 -320 -199 651
22232: -670 -320 -201 669
22235: -670 -320 -204 696
22240: -670 -321 -209 660
22241: -670 -321 -210 669
22245: -670 -321 -214 705
22247: -670 -321 -216 723
22248: -670 -322 -217 651
22251: -670 -322 -220 678
22256: -670 -322 -225 723
22259: -670 -323 -228 669
22268: -670 -324 -237 669
22273: -670 -324 -242 714
22276: -671 -397 -164 660
22278: -671 -397 -166 678
22280: -671 -397 -168 696
22281: -671 -397 -169 705
22282: -671 -397 -170 714
22283: -671 -397 -171 723
22284: -671 -398 -172 651
22286: -671 -398 -174 669
22291: -671 -398 -179 714
22296: -671 -399 -184 678
22297: -671 -399 -185 687
22298: -671 -399 -186 696
22302: -671 -400 -190 651
22304: -671 -400 -192 669
22305: -671 -400 -193 678
22306: -671 -400 -194 687
22307: -671 -400 -195 696
22311: -671 -401 -199 651
22315: -671 -401 -203 687
22322: -671 -402 -210 669
22326: -671 -402 -214 705
22331: -671 -403 -219 669
22340: -671 -404 -228 669
22346: -671 -404 -234 723
22354: -671 -405 -242 714
22359: -672 -478 -166 678
22362: -672 -478 -169 705
22363: -672 -478 -170 714
22364: -672 -478 -171 723
22365: -672 -479 -172 651
22372: -672 -479 -179 714
22378: -672 -480 -185 687
22379: -672 -480 -186 696
22381: -672 -480 -188 714
22384: -672 -481 -191 660
22385: -672 -481 -192 669
22388: -672 -481 -195 696
22389: -672 -481 -196 705
22390: -672 -481 -197 714
22391: -672 -481 -198 723
22393: -672 -482 -200 660
22394: -672 -482 -201 669
22395: -672 -482 -202 678
22397: -672 -482 -204 696
22398: -672 -482 -205 705
22402: -672 -483 -209 660
22403: -672 -483 -210 669
22406: -672 -483 -213 696
22409: -672 -483 -216 723
22410: -672 -484 -217 651
22411: -672 -484 -218 660
22412: -672 -484 -219 669
22413: -672 -484 -220 678
22420: -672 -485 -227 660
22421: -672 -485 -228 669
22423: -672 -485 -230 687
22424: -672 -485 -231 696
22428: -672 -486 -235 651
22429: -672 -486 -236 660
22430: -672 -486 -237 669
22432: -672 -486 -239 687
22433: -672 -486 -240 696
22434: -672 -486 -241 705
22435: -672 -486 -242 714
22438: -673 -559 -164 660
22442: -673 -559 -168 696
22444: -673 -559 -170 714
22445: -673 -559 -171 723
22446: -673 -560 -172 651
22451: -673 -560 -177 696
22458: -673 -561 -184 678
22459: -673 -561 -185 687
22460: -673 -561 -186 696
22462: -673 -561 -188 714
22465: -673 -562 -191 660
22466: -673 -562 -192 669
22467: -673 -562 -193 678
22468: -673 -562 -194 687
22470: -673 -562 -196 705
22471: -673 -562 -197 714
22474: -673 -563 -200 660
22475: -673 -563 -201 669
22477: -673 -563 -203 687
22479: -673 -563 -205 705
22481: -673 -563 -207 723
22484: -673 -564 -210 669
22486: -673 -564 -212 687
22487: -673 -564 -213 696
22489: -673 -564 -215 714
22490: -673 -564 -216 723
22491: -673 -565 -217 651
22492: -673 -565 -218 660
22494: -673 -565 -220 678
22497: -673 -565 -223 705
22499: -673 -565 -225 723
22500: -673 -566 -226 651
22501: -673 -566 -227 660
22502: -673 -566 -228 669
22507: -673 -566 -233 714
22509: -673 -567 -235 651
22510: -673 -567 -236 660
22511: -673 -567 -237 669
22512: -673 -567 -238 678
22516: -673 -567 -242 714
22519: -674 -640 -164 660
22521: -674 -640 -166 678
22522: -674 -640 -167 687
22524: -674 -640 -169 705
22527: -674 -641 -172 651
22529: -674 -641 -174 669
22533: -674 -641 -178 705
22545: -674 -643 -190 651
22547: -674 -643 -192 669
22554: -674 -644 -199 651
22555: -674 -644 -200 660
22556: -674 -644 -201 669
22564: -674 -645 -209 660
22567: -674 -645 -212 687
22568: -674 -645 -213 696
22572: -674 -646 -217 651
22574: -674 -646 -219 669
22577: -674 -646 -222 696
22579: -674 -646 -224 714
22580: -674 -646 -225 723
22581: -674 -647 -226 651
22583: -674 -647 -228 669
22594: -674 -648 -239 687
22603: -675 -721 -167 687
22604: -675 -721 -168 696
22607: -675 -721 -171 723
22608: -675 -722 -172 651
22614: -675 -722 -178 705
22615: -675 -722 -179 714
22616: -675 -722 -180 723
22627: -675 -724 -191 660
22628: -675 -724 -192 669
22630: -675 -724 -194 687
22631: -675 -724 -195 696
22632: -675 -724 -196 705
22633: -675 -724 -197 714
22634: -675 -724 -198 723
22635: -675 -725 -199 651
22637: -675 -725 -201 669
22643: -675 -725 -207 723
22644: -675 -726 -208 651
22646: -675 -726 -210 669
22651: -675 -726 -215 714
22655: -675 -727 -219 669
22657: -675 -727 -221 687
22661: -675 -727 -225 723
23013: -32 -326 -253 4
23014: -32 -326 -254 13
23015: -32 -326 -255 22
23016: -32 -326 -256 31
23018: -32 -326 -258 49
23019: -32 -326 -259 58
23020: -32 -326 -260 67
23021: -32 -326 -261 76
23022: -32 -327 -262 4
23023: -32 -327 -263 13
23024: -32 -327 -264 22
23025: -32 -327 -265 31
23027: -32 -327 -267 49
23028: -32 -327 -268 58
23029: -32 -327 -269 67
23030: -32 -327 -270 76
23031: -32 -328 -271 4
23040: -32 -329 -280 4
23042: -32 -329 -282 22
23049: -32 -330 -289 4
23050: -32 -330 -290 13
23051: -32 -330 -291 22
23052: -32 -330 -292 31
23054: -32 -330 -294 49
23055: -32 -330 -295 58
23056: -32 -330 -296 67
23057: -32 -330 -297 76
23058: -32 -331 -298 4
23059: -32 -331 -299 13
23060: -32 -331 -300 22
23061: -32 -331 -301 31
23063: -32 -331 -303 49
23064: -32 -331 -304 58
23065: -32 -331 -305 67
23066: -32 -331 -306 76
23067: -32 -332 -307 4
23068: -32 -332 -308 13
23069: -32 -332 -309 22
23070: -32 -332 -310 31
23072: -32 -332 -312 49
23073: -32 -332 -313 58
23074: -32 -332 -314 67
23075: -32 -332 -315 76
23076: -32 -333 -316 4
23077: -32 -333 -317 13
23078: -32 -333 -318 22
23079: -32 -333 -319 31
23081: -32 -333 -321 49
23082: -32 -333 -322 58
23083: -32 -333 -323 67
23084: -32 -333 -324 76
23418: -109 -11 -253 85
23420: -109 -11 -255 103
23421: -109 -11 -256 112
23422: -109 -11 -257 121
23423: -109 -11 -258 130
23424: -109 -11 -259 139
23425: -109 -11 -260 148
23426: -109 -11 -261 157
23509: -110 -93 -263 94
23510: -110 -93 -264 103
23511: -110 -93 -265 112
23512: -110 -93 -266 121
23513: -110 -93 -267 130
23514: -110 -93 -268 139
23515: -110 -93 -269 148
23516: -110 -93 -270 157
23536: -110 -96 -290 94
23537: -110 -96 -291 103
23539: -110 -96 -293 121
23540: -110 -96 -294 130
23541: -110 -96 -295 139
23542: -110 -96 -296 148
23543: -110 -96 -297 157
23545: -110 -97 -299 94
23547: -110 -97 -301 112
23548: -110 -97 -302 121
23549: -110 -97 -303 130
23550: -110 -97 -304 139
23551: -110 -97 -305 148
23552: -110 -97 -306 157
23554: -110 -98 -308 94
23555: -110 -98 -309 103
23557: -110 -98 -311 121
23558: -110 -98 -312 130
23559: -110 -98 -313 139
23560: -110 -98 -314 148
23561: -110 -98 -315 157
23563: -110 -99 -317 94
23564: -110 -99 -318 103
23566: -110 -99 -320 121
23567: -110 -99 -321 130
23568: -110 -99 -322 139
23569: -110 -99 -323 148
23570: -110 -99 -324 157
23572: -111 -172 -245 94
23577: -111 -172 -250 139
23589: -111 -174 -262 85
23590: -111 -174 -263 94
23592: -111 -174 -265 112
23593: -111 -174 -266 121
23594: -111 -174 -267 130
23595: -111 -174 -268 139
23596: -111 -174 -269 148
23597: -111 -174 -270 157
23598: -111 -175 -271 85
23599: -111 -175 -272 94
23600: -111 -175 -273 103
23601: -111 -175 -274 112
23603: -111 -175 -276 130
23604: -111 -175 -277 139
23605: -111 -175 -278 148
23606: -111 -175 -279 157
23619: -111 -177 -292 112
23635: -111 -179 -308 94
23636: -111 -179 -309 103
23638: -111 -179 -311 121
23643: -111 -180 -316 85
23670: -112 -255 -262 85
23689: -112 -257 -281 94
23740: -113 -334 -251 148
23741: -113 -334 -252 157
23760: -113 -337 -271 85
23789: -113 -340 -300 103
23798: -113 -341 -309 103
23813: -113 -342 -324 157
23815: -114 -415 -245 94
23816: -114 -415 -246 103
23821: -114 -415 -251 148
23822: -114 -415 -252 157
23833: -114 -417 -263 94
23835: -114 -417 -265 112
23836: -114 -417 -266 121
23839: -114 -417 -269 148
23840: -114 -417 -270 157
23844: -114 -418 -274 112
23846: -114 -418 -276 130
23848: -114 -418 -278 148
23852: -114 -419 -282 103
23863: -114 -420 -293 121
23881: -114 -422 -311 121
23888: -114 -423 -318 103
23896: -115 -496 -245 94
23897: -115 -496 -246 103
23900: -115 -496 -249 130
23903: -115 -496 -252 157
23914: -115 -498 -263 94
23924: -115 -499 -273 103
23933: -115 -500 -282 103
23940: -115 -501 -289 85
23941: -115 -501 -290 94
23943: -115 -501 -292 112
23944: -115 -501 -293 121
23951: -115 -502 -300 103
23952: -115 -502 -301 112
23958: -115 -503 -307 85
23971: -115 -504 -320 121
23977: -116 -577 -245 94
23978: -116 -577 -246 103
23981: -116 -577 -249 130
23982: -116 -577 -250 139
23983: -116 -577 -251 148
23984: -116 -577 -252 157
23995: -116 -579 -263 94
23997: -116 -579 -265 112
23999: -116 -579 -267 130
24000: -116 -579 -268 139
24030: -116 -583 -298 85
24034: -116 -583 -302 121
24043: -116 -584 -311 121
24058: -117 -658 -245 94
24063: -117 -658 -250 139
24076: -117 -660 -263 94
24095: -117 -662 -282 103
24102: -117 -663 -289 85
24115: -117 -664 -302 121
24120: -117 -665 -307 85
24121: -117 -665 -308 94
24122: -117 -665 -309 103
24156: -190 -21 -262 166
24157: -190 -21 -263 175
24159: -190 -21 -265 193
24160: -190 -21 -266 202
24161: -190 -21 -267 211
24162: -190 -21 -268 220
24163: -190 -21 -269 229
24164: -190 -21 -270 238
24220: -191 -100 -245 175
24221: -191 -100 -246 184
24224: -191 -100 -249 211
24225: -191 -100 -250 220
24226: -191 -100 -251 229
24227: -191 -100 -252 238
24228: -191 -101 -253 166
24230: -191 -101 -255 184
24231: -191 -101 -256 193
24232: -191 -101 -257 202
24233: -191 -101 -258 211
24234: -191 -101 -259 220
24235: -191 -101 -260 229
24236: -191 -101 -261 238
24246: -191 -103 -271 166
24247: -191 -103 -272 175
24249: -191 -103 -274 193
24251: -191 -103 -276 211
24252: -191 -103 -277 220
24253: -191 -103 -278 229
24254: -191 -103 -279 238
24258: -191 -104 -283 193
24260: -191 -104 -285 211
24261: -191 -104 -286 220
24262: -191 -104 -287 229
24272: -191 -105 -297 238
24282: -191 -107 -307 166
24284: -191 -107 -309 184
24285: -191 -107 -310 193
24286: -191 -107 -311 202
24291: -191 -108 -316 166
24293: -191 -108 -318 184
24294: -191 -108 -319 193
24295: -191 -108 -320 202
24310: -192 -182 -254 175
24311: -192 -182 -255 184
24312: -192 -182 -256 193
24313: -192 -182 -257 202
24314: -192 -182 -258 211
24315: -192 -182 -259 220
24316: -192 -182 -260 229
24317: -192 -182 -261 238
24347: -192 -186 -291 184
24349: -192 -186 -293 202
24350: -192 -186 -294 211
24351: -192 -186 -295 220
24352: -192 -186 -296 229
24353: -192 -186 -297 238
24355: -192 -187 -299 175
24356: -192 -187 -300 184
24357: -192 -187 -301 193
24358: -192 -187 -302 202
24359: -192 -187 -303 211
24360: -192 -187 -304 220
24361: -192 -187 -305 229
24362: -192 -187 -306 238
24365: -192 -188 -309 184
24366: -192 -188 -310 193
24367: -192 -188 -311 202
24368: -192 -188 -312 211
24369: -192 -188 -313 220
24370: -192 -188 -314 229
24371: -192 -188 -315 238
24373: -192 -189 -317 175
24374: -192 -189 -318 184
24375: -192 -189 -319 193
24376: -192 -189 -320 202
24377: -192 -189 -321 211
24378: -192 -189 -322 220
24379: -192 -189 -323 229
24380: -192 -189 -324 238
24382: -193 -262 -245 175
24386: -193 -262 -249 211
24463: -194 -343 -245 175
24467: -194 -343 -249 211
24468: -194 -343 -250 220
24469: -194 -343 -251 229
24470: -194 -343 -252 238
24480: -194 -345 -262 166
24489: -194 -346 -271 166
24544: -195 -424 -245 175
24545: -195 -424 -246 184
24548: -195 -424 -249 211
24549: -195 -424 -250 220
24550: -195 -424 -251 229
24551: -195 -424 -252 238
24552: -195 -425 -253 166
24554: -195 -425 -255 184
24555: -195 -425 -256 193
24557: -195 -425 -258 211
24558: -195 -425 -259 220
24559: -195 -425 -260 229
24570: -195 -427 -271 166
24585: -195 -428 -286 220
24596: -195 -429 -297 238
24599: -195 -430 -300 184
24602: -195 -430 -303 211
24608: -195 -431 -309 184
24610: -195 -431 -311 202
24617: -195 -432 -318 184
24619: -195 -432 -320 202
24625: -196 -505 -245 175
24626: -196 -505 -246 184
24629: -196 -505 -249 211
24630: -196 -505 -250 220
24631: -196 -505 -251 229
24632: -196 -505 -252 238
24633: -196 -506 -253 166
24635: -196 -506 -255 184
24636: -196 -506 -256 193
24669: -196 -510 -289 166
24670: -196 -510 -290 175
24671: -196 -510 -291 184
24673: -196 -510 -293 202
24678: -196 -511 -298 166
24687: -196 -512 -307 166
24689: -196 -512 -309 184
24690: -196 -512 -310 193
24691: -196 -512 -311 202
24693: -196 -512 -313 220
24694: -196 -512 -314 229
24696: -196 -513 -316 166
24697: -196 -513 -317 175
24698: -196 -513 -318 184
24700: -196 -513 -320 202
24703: -196 -513 -323 229
24704: -196 -513 -324 238
24706: -197 -586 -245 175
24707: -197 -586 -246 184
24710: -197 -586 -249 211
24711: -197 -586 -250 220
24712: -197 -586 -251 229
24713: -197 -586 -252 238
24714: -197 -587 -253 166
24716: -197 -587 -255 184
24723: -197 -588 -262 166
24734: -197 -589 -273 184
24735: -197 -589 -274 193
24752: -197 -591 -291 184
24754: -197 -591 -293 202
24759: -197 -592 -298 166
24761: -197 -592 -300 184
24763: -197 -592 -302 202
24772: -197 -593 -311 202
24777: -197 -594 -316 166
24779: -197 -594 -318 184
24781: -197 -594 -320 202
24787: -198 -667 -245 175
24788: -198 -667 -246 184
24791: -198 -667 -249 211
24792: -198 -667 -250 220
24793: -198 -667 -251 229
24794: -198 -667 -252 238
24796: -198 -668 -254 175
24797: -198 -668 -255 184
24814: -198 -670 -272 175
24816: -198 -670 -274 193
24819: -198 -670 -277 220
24820: -198 -670 -278 229
24821: -198 -670 -279 238
24830: -198 -671 -288 238
24831: -198 -672 -289 166
24833: -198 -672 -291 184
24836: -198 -672 -294 211
24837: -198 -672 -295 220
24839: -198 -672 -297 238
24840: -198 -673 -298 166
24842: -198 -673 -300 184
24844: -198 -673 -302 202
24849: -198 -674 -307 166
24851: -198 -674 -309 184
24853: -198 -674 -311 202
24858: -198 -675 -316 166
24904: -271 -32 -281 256
24905: -271 -32 -282 265
24908: -271 -32 -285 292
24909: -271 -32 -286 301
24910: -271 -32 -287 310
24911: -271 -32 -288 319
24955: -272 -109 -251 310
24966: -272 -111 -262 247
25002: -272 -115 -298 247
25006: -272 -115 -302 283
25015: -272 -116 -311 283
25024: -272 -117 -320 283
25036: -273 -190 -251 310
25037: -273 -190 -252 319
25038: -273 -191 -253 247
25072: -273 -194 -287 310
25073: -273 -194 -288 319
25078: -273 -195 -293 283
25087: -273 -196 -302 283
25102: -273 -198 -317 256
25104: -273 -198 -319 274
25105: -273 -198 -320 283
25108: -273 -198 -323 310
25278: -276 -433 -250 301
25279: -276 -433 -251 310
25280: -276 -433 -252 319
25316: -276 -437 -288 319
25338: -276 -440 -310 274
25348: -276 -441 -320 283
25350: -276 -441 -322 301
25351: -276 -441 -323 310
25358: -277 -514 -249 292
25360: -277 -514 -251 310
25361: -277 -514 -252 319
25362: -277 -515 -253 247
25369: -277 -515 -260 310
25374: -277 -516 -265 274
25375: -277 -516 -266 283
25378: -277 -516 -269 310
25394: -277 -518 -285 292
25396: -277 -518 -287 310
25397: -277 -518 -288 319
25398: -277 -519 -289 247
25399: -277 -519 -290 256
25400: -277 -519 -291 265
25402: -277 -519 -293 283
25421: -277 -521 -312 292
25429: -277 -522 -320 283
25436: -278 -595 -246 265
25439: -278 -595 -249 292
25440: -278 -595 -250 301
25442: -278 -595 -252 319
25443: -278 -596 -253 247
25446: -278 -596 -256 274
25476: -278 -599 -286 301
25478: -278 -599 -288 319
25489: -278 -601 -299 256
25490: -278 -601 -300 265
25491: -278 -601 -301 274
25492: -278 -601 -302 283
25508: -278 -603 -318 265
25510: -278 -603 -320 283
25517: -279 -676 -246 265
25520: -279 -676 -249 292
25521: -279 -676 -250 301
25524: -279 -677 -253 247
25529: -279 -677 -258 292
25536: -279 -678 -265 274
25557: -279 -680 -286 301
25564: -279 -681 -293 283
25573: -279 -682 -302 283
25578: -279 -683 -307 247
25579: -279 -683 -308 256
25582: -279 -683 -311 283
25583: -279 -683 -312 292
25584: -279 -683 -313 301
25688: -353 -119 -255 346
25689: -353 -119 -256 355
25691: -353 -119 -258 373
25693: -353 -119 -260 391
25694: -353 -119 -261 400
25709: -353 -121 -276 373
25723: -353 -123 -290 337
25725: -353 -123 -292 355
25726: -353 -123 -293 364
25731: -353 -124 -298 328
25732: -353 -124 -299 337
25735: -353 -124 -302 364
25741: -353 -125 -308 337
25750: -353 -126 -317 337
25767: -354 -200 -253 328
25771: -354 -200 -257 364
25774: -354 -200 -260 391
25805: -354 -204 -291 346
25807: -354 -204 -293 364
25812: -354 -205 -298 328
25814: -354 -205 -300 346
25816: -354 -205 -302 364
25821: -354 -206 -307 328
25822: -354 -206 -308 337
25823: -354 -206 -309 346
25824: -354 -206 -310 355
25825: -354 -206 -311 364
25827: -354 -206 -313 382
25828: -354 -206 -314 391
25832: -354 -207 -318 346
25879: -355 -284 -284 364
26014: -357 -443 -257 364
26020: -357 -444 -263 337
26023: -357 -444 -266 364
26033: -357 -445 -276 373
26053: -357 -447 -296 391
26054: -357 -447 -297 400
26073: -357 -450 -316 328
26074: -357 -450 -317 337
26075: -357 -450 -318 346
26076: -357 -450 -319 355
26077: -357 -450 -320 364
26078: -357 -450 -321 373
26079: -357 -450 -322 382
26081: -357 -450 -324 400
26095: -358 -524 -257 364
26097: -358 -524 -259 382
26101: -358 -525 -263 337
26110: -358 -526 -272 337
26124: -358 -527 -286 382
26127: -358 -528 -289 328
26129: -358 -528 -291 346
26131: -358 -528 -293 364
26133: -358 -528 -295 382
26134: -358 -528 -296 391
26148: -358 -530 -310 355
26176: -359 -605 -257 364
26185: -359 -606 -266 364
26218: -359 -610 -299 337
26219: -359 -610 -300 346
26220: -359 -610 -301 355
26221: -359 -610 -302 364
26253: -360 -686 -253 328
26257: -360 -686 -257 364
26279: -360 -688 -279 400
26281: -360 -689 -281 337
26293: -360 -690 -293 364
26302: -360 -691 -302 364
26307: -360 -692 -307 328
26309: -360 -692 -309 346
26311: -360 -692 -311 364
26379: -433 -52 -298 409
26380: -433 -52 -299 418
26381: -433 -52 -300 427
26382: -433 -52 -301 436
26383: -433 -52 -302 445
26384: -433 -52 -303 454
26385: -433 -52 -304 463
26386: -433 -52 -305 472
26387: -433 -52 -306 481
26411: -434 -127 -249 454
26412: -434 -127 -250 463
26415: -434 -128 -253 409
26418: -434 -128 -256 436
26419: -434 -128 -257 445
26422: -434 -128 -260 472
26427: -434 -129 -265 436
26428: -434 -129 -266 445
26444: -434 -131 -282 427
26450: -434 -131 -288 481
26464: -434 -133 -302 445
26473: -434 -134 -311 445
26492: -435 -208 -249 454
26495: -435 -208 -252 481
26499: -435 -209 -256 436
26502: -435 -209 -259 463
26505: -435 -210 -262 409
26508: -435 -210 -265 436
26509: -435 -210 -266 445
26511: -435 -210 -268 463
26526: -435 -212 -283 436
26533: -435 -213 -290 418
26535: -435 -213 -292 436
26536: -435 -213 -293 445
26545: -435 -214 -302 445
26546: -435 -214 -303 454
26547: -435 -214 -304 463
26552: -435 -215 -309 427
26553: -435 -215 -310 436
26554: -435 -215 -311 445
26560: -435 -216 -317 418
26561: -435 -216 -318 427
26562: -435 -216 -319 436
26563: -435 -216 -320 445
26577: -436 -290 -253 409
26586: -436 -291 -262 409
26622: -436 -295 -298 409
26655: -437 -370 -250 463
26657: -437 -370 -252 481
26658: -437 -371 -253 409
26667: -437 -372 -262 409
26676: -437 -373 -271 409
26703: -437 -376 -298 409
26725: -437 -378 -320 445
26735: -438 -451 -249 454
26736: -438 -451 -250 463
26739: -438 -452 -253 409
26741: -438 -452 -255 427
26742: -438 -452 -256 436
26748: -438 -453 -262 409
26767: -438 -455 -281 418
26772: -438 -455 -286 463
26784: -438 -457 -298 409
26788: -438 -457 -302 445
26796: -438 -458 -310 436
26797: -438 -458 -311 445
26816: -439 -532 -249 454
26829: -439 -534 -262 409
26830: -439 -534 -263 418
26855: -439 -536 -288 481
26856: -439 -537 -289 409
26860: -439 -537 -293 445
26862: -439 -537 -295 463
26869: -439 -538 -302 445
26874: -439 -539 -307 409
26900: -440 -613 -252 481
26950: -440 -619 -302 445
26974: -441 -694 -245 418
26975: -441 -694 -246 427
26979: -441 -694 -250 463
26980: -441 -694 -251 472
26981: -441 -694 -252 481
26982: -441 -695 -253 409
26988: -441 -695 -259 463
26990: -441 -695 -261 481
26991: -441 -696 -262 409
27011: -441 -698 -282 427
27016: -441 -698 -287 472
27018: -441 -699 -289 409
27022: -441 -699 -293 445
27027: -441 -700 -298 409
27028: -441 -700 -299 418
27029: -441 -700 -300 427
27030: -441 -700 -301 436
27035: -441 -700 -306 481
27036: -441 -701 -307 409
27038: -441 -701 -309 427
27040: -441 -701 -311 445
27041: -441 -701 -312 454
27048: -441 -702 -319 436
27049: -441 -702 -320 445
27117: -514 -62 -307 490
27118: -514 -62 -308 499
27119: -514 -62 -309 508
27120: -514 -62 -310 517
27121: -514 -62 -311 526
27122: -514 -62 -312 535
27123: -514 -62 -313 544
27124: -514 -62 -314 553
27125: -514 -62 -315 562
27141: -515 -136 -250 544
27144: -515 -137 -253 490
27147: -515 -137 -256 517
27156: -515 -138 -265 517
27157: -515 -138 -266 526
27178: -515 -140 -287 553
27179: -515 -140 -288 562
27184: -515 -141 -293 526
27191: -515 -142 -300 508
27199: -515 -143 -308 499
27202: -515 -143 -311 526
27209: -515 -144 -318 508
27210: -515 -144 -319 517
27211: -515 -144 -320 526
27214: -515 -144 -323 553
27217: -516 -217 -245 499
27221: -516 -217 -249 535
27222: -516 -217 -250 544
27223: -516 -217 -251 553
27224: -516 -217 -252 562
27225: -516 -218 -253 490
27226: -516 -218 -254 499
27228: -516 -218 -256 517
27229: -516 -218 -257 526
27232: -516 -218 -260 553
27233: -516 -218 -261 562
27234: -516 -219 -262 490
27237: -516 -219 -265 517
27238: -516 -219 -266 526
27239: -516 -219 -267 535
27241: -516 -219 -269 553
27251: -516 -220 -279 562
27253: -516 -221 -281 499
27254: -516 -221 -282 508
27255: -516 -221 -283 517
27259: -516 -221 -287 553
27264: -516 -222 -292 517
27265: -516 -222 -293 526
27279: -516 -224 -307 490
27280: -516 -224 -308 499
27281: -516 -224 -309 508
27282: -516 -224 -310 517
27283: -516 -224 -311 526
27284: -516 -224 -312 535
27285: -516 -224 -313 544
27286: -516 -224 -314 553
27288: -516 -225 -316 490
27290: -516 -225 -318 508
27291: -516 -225 -319 517
27292: -516 -225 -320 526
27306: -517 -299 -253 490
27357: -517 -304 -304 544
27385: -518 -379 -251 553
27386: -518 -379 -252 562
27387: -518 -380 -253 490
27396: -518 -381 -262 490
27402: -518 -381 -268 544
27405: -518 -382 -271 490
27422: -518 -383 -288 562
27423: -518 -384 -289 490
27454: -518 -387 -320 526
27460: -519 -460 -245 499
27461: -519 -460 -246 508
27464: -519 -460 -249 535
27465: -519 -460 -250 544
27466: -519 -460 -251 553
27467: -519 -460 -252 562
27468: -519 -461 -253 490
27470: -519 -461 -255 508
27471: -519 -461 -256 517
27476: -519 -461 -261 562
27477: -519 -462 -262 490
27480: -519 -462 -265 517
27483: -519 -462 -268 544
27485: -519 -462 -270 562
27489: -519 -463 -274 517
27494: -519 -463 -279 562
27497: -519 -464 -282 508
27502: -519 -464 -287 553
27508: -519 -465 -293 526
27511: -519 -465 -296 553
27513: -519 -466 -298 490
27517: -519 -466 -302 526
27518: -519 -466 -303 535
27523: -519 -467 -308 499
27524: -519 -467 -309 508
27525: -519 -467 -310 517
27526: -519 -467 -311 526
27531: -519 -468 -316 490
27532: -519 -468 -317 499
27533: -519 -468 -318 508
27535: -519 -468 -320 526
27537: -519 -468 -322 544
27546: -520 -541 -250 544
27549: -520 -542 -253 490
27558: -520 -543 -262 490
27578: -520 -545 -282 508
27603: -520 -548 -307 490
27607: -520 -548 -311 526
27615: -520 -549 -319 517
27616: -520 -549 -320 526
27627: -521 -622 -250 544
27628: -521 -622 -251 553
27629: -521 -622 -252 562
27645: -521 -624 -268 544
27675: -521 -628 -298 490
27679: -521 -628 -302 526
27688: -521 -629 -311 526
27693: -521 -630 -316 490
27708: -522 -703 -250 544
27710: -522 -703 -252 562
27747: -522 -708 -289 490
27769: -522 -710 -311 526
27855: -595 -72 -316 571
27856: -595 -72 -317 580
27857: -595 -72 -318 589
27858: -595 -72 -319 598
27859: -595 -72 -320 607
27860: -595 -72 -321 616
27861: -595 -72 -322 625
27862: -595 -72 -323 634
27863: -595 -72 -324 643
27871: -596 -145 -251 634
27872: -596 -145 -252 643
27873: -596 -146 -253 571
27885: -596 -147 -265 598
27886: -596 -147 -266 607
27902: -596 -149 -282 589
27908: -596 -149 -288 643
27921: -596 -151 -301 598
27940: -596 -153 -320 607
27950: -597 -226 -249 616
27953: -597 -226 -252 643
27957: -597 -227 -256 598
27958: -597 -227 -257 607
27961: -597 -227 -260 634
27963: -597 -228 -262 571
27982: -597 -230 -281 580
27983: -597 -230 -282 589
27984: -597 -230 -283 598
27990: -597 -231 -289 571
27992: -597 -231 -291 589
27993: -597 -231 -292 598
27994: -597 -231 -293 607
27996: -597 -231 -295 625
28000: -597 -232 -299 580
28002: -597 -232 -301 598
28003: -597 -232 -302 607
28009: -597 -233 -308 580
28017: -597 -234 -316 571
28018: -597 -234 -317 580
28019: -597 -234 -318 589
28020: -597 -234 -319 598
28021: -597 -234 -320 607
28023: -597 -234 -322 625
28035: -598 -308 -253 571
28113: -599 -388 -250 625
28115: -599 -388 -252 643
28116: -599 -389 -253 571
28125: -599 -390 -262 571
28134: -599 -391 -271 571
28140: -599 -391 -277 625
28144: -599 -392 -281 580
28149: -599 -392 -286 625
28153: -599 -393 -290 580
28156: -599 -393 -293 607
28157: -599 -393 -294 616
28158: -599 -393 -295 625
28165: -599 -394 -302 607
28184: -599 -396 -321 616
28196: -600 -469 -252 643
28197: -600 -470 -253 571
28232: -600 -473 -288 643
28264: -600 -477 -320 607
28267: -600 -477 -323 634
28270: -601 -550 -245 580
28271: -601 -550 -246 589
28274: -601 -550 -249 616
28275: -601 -550 -250 625
28276: -601 -550 -251 634
28277: -601 -550 -252 643
28278: -601 -551 -253 571
28282: -601 -551 -257 607
28287: -601 -552 -262 571
28293: -601 -552 -268 625
28298: -601 -553 -273 589
28313: -601 -554 -288 643
28314: -601 -555 -289 571
28315: -601 -555 -290 580
28316: -601 -555 -291 589
28318: -601 -555 -293 607
28320: -601 -555 -295 625
28321: -601 -555 -296 634
28322: -601 -555 -297 643
28327: -601 -556 -302 607
28332: -601 -557 -307 571
28334: -601 -557 -309 589
28336: -601 -557 -311 607
28342: -601 -558 -317 580
28343: -601 -558 -318 589
28344: -601 -558 -319 598
28345: -601 -558 -320 607
28349: -601 -558 -324 643
28355: -602 -631 -249 616
28356: -602 -631 -250 625
28357: -602 -631 -251 634
28359: -602 -632 -253 571
28371: -602 -633 -265 598
28373: -602 -633 -267 616
28376: -602 -633 -270 643
28395: -602 -636 -289 571
28397: -602 -636 -291 589
28398: -602 -636 -292 598
28399: -602 -636 -293 607
28422: -602 -639 -316 571
28450: -603 -714 -263 580
28476: -603 -717 -289 571
28494: -603 -719 -307 571
28497: -603 -719 -310 598
28498: -603 -719 -311 607
28502: -603 -719 -315 643
28557: -676 -78 -289 652
28558: -676 -78 -290 661
28559: -676 -78 -291 670
28560: -676 -78 -292 679
28561: -676 -78 -293 688
28562: -676 -78 -294 697
28563: -676 -78 -295 706
28564: -676 -78 -296 715
28565: -676 -78 -297 724
28601: -677 -154 -252 724
28602: -677 -155 -253 652
28614: -677 -156 -265 679
28615: -677 -156 -266 688
28630: -677 -158 -281 661
28631: -677 -158 -282 670
28635: -677 -158 -286 706
28649: -677 -160 -300 670
28651: -677 -160 -302 688
28659: -677 -161 -310 679
28660: -677 -161 -311 688
28667: -677 -162 -318 670
28668: -677 -162 -319 679
28669: -677 -162 -320 688
28682: -678 -235 -252 724
28686: -678 -236 -256 679
28687: -678 -236 -257 688
28691: -678 -236 -261 724
28692: -678 -237 -262 652
28699: -678 -237 -269 715
28716: -678 -239 -286 706
28721: -678 -240 -291 670
28723: -678 -240 -293 688
28732: -678 -241 -302 688
28735: -678 -241 -305 715
28738: -678 -242 -308 661
28741: -678 -242 -311 688
28843: -680 -397 -251 715
28845: -680 -398 -253 652
28854: -680 -399 -262 652
28863: -680 -400 -271 652
28866: -680 -400 -274 679
28925: -681 -478 -252 724
28933: -681 -479 -260 715
28936: -681 -480 -263 661
28955: -681 -482 -282 670
28960: -681 -482 -287 715
28966: -681 -483 -293 688
28971: -681 -484 -298 652
28991: -681 -486 -318 670
28993: -681 -486 -320 688
28994: -681 -486 -321 697
28995: -681 -486 -322 706
29031: -682 -562 -277 706
29039: -682 -563 -285 697
29045: -682 -564 -291 670
29047: -682 -564 -293 688
29061: -682 -566 -307 652
29080: -683 -640 -245 661
29081: -683 -640 -246 670
29084: -683 -640 -249 697
29085: -683 -640 -250 706
29086: -683 -640 -251 715
29088: -683 -641 -253 652
29090: -683 -641 -255 670
29105: -683 -642 -270 724
29116: -683 -644 -281 661
29126: -683 -645 -291 670
29127: -683 -645 -292 679
29128: -683 -645 -293 688
29133: -683 -646 -298 652
29134: -683 -646 -299 661
29135: -683 -646 -300 670
29136: -683 -646 -301 679
29137: -683 -646 -302 688
29138: -683 -646 -303 697
29141: -683 -646 -306 724
29143: -683 -647 -308 661
29145: -683 -647 -310 679
29151: -683 -648 -316 652
29165: -684 -721 -249 697
29168: -684 -721 -252 724
29169: -684 -722 -253 652
29172: -684 -722 -256 679
29176: -684 -722 -260 715
29178: -684 -723 -262 652
29179: -684 -723 -263 661
29181: -684 -723 -265 679
29182: -684 -723 -266 688
29183: -684 -723 -267 697
29185: -684 -723 -269 715
29205: -684 -726 -289 652
29207: -684 -726 -291 670
29209: -684 -726 -293 688
29218: -684 -727 -302 688
29493: -40 -245 -334 5
29494: -40 -245 -335 14
29495: -40 -245 -336 23
29497: -40 -245 -338 41
29498: -40 -245 -339 50
29499: -40 -245 -340 59
29500: -40 -245 -341 68
29501: -40 -245 -342 77
29502: -40 -246 -343 5
29503: -40 -246 -344 14
29504: -40 -246 -345 23
29506: -40 -246 -347 41
29507: -40 -246 -348 50
29508: -40 -246 -349 59
29509: -40 -246 -350 68
29510: -40 -246 -351 77
29512: -40 -247 -353 14
29515: -40 -247 -356 41
29517: -40 -247 -358 59
29520: -40 -248 -361 5
29529: -40 -249 -370 5
29530: -40 -249 -371 14
29531: -40 -249 -372 23
29533: -40 -249 -374 41
29534: -40 -249 -375 50
29535: -40 -249 -376 59
29536: -40 -249 -377 68
29537: -40 -249 -378 77
29538: -40 -250 -379 5
29539: -40 -250 -380 14
29540: -40 -250 -381 23
29542: -40 -250 -383 41
29543: -40 -250 -384 50
29544: -40 -250 -385 59
29545: -40 -250 -386 68
29546: -40 -250 -387 77
29547: -40 -251 -388 5
29548: -40 -251 -389 14
29549: -40 -251 -390 23
29551: -40 -251 -392 41
29552: -40 -251 -393 50
29553: -40 -251 -394 59
29554: -40 -251 -395 68
29555: -40 -251 -396 77
29556: -40 -252 -397 5
29557: -40 -252 -398 14
29558: -40 -252 -399 23
29560: -40 -252 -401 41
29561: -40 -252 -402 50
29562: -40 -252 -403 59
29563: -40 -252 -404 68
29564: -40 -252 -405 77
29979: -118 -11 -334 86
29981: -118 -11 -336 104
29982: -118 -11 -337 113
29983: -118 -11 -338 122
29984: -118 -11 -339 131
29985: -118 -11 -340 140
29986: -118 -11 -341 149
29987: -118 -11 -342 158
30070: -119 -93 -344 95
30071: -119 -93 -345 104
30072: -119 -93 -346 113
30073: -119 -93 -347 122
30074: -119 -93 -348 131
30075: -119 -93 -349 140
30076: -119 -93 -350 149
30077: -119 -93 -351 158
30097: -119 -96 -371 95
30098: -119 -96 -372 104
30099: -119 -96 -373 113
30100: -119 -96 -374 122
30101: -119 -96 -375 131
30102: -119 -96 -376 140
30103: -119 -96 -377 149
30104: -119 -96 -378 158
30106: -119 -97 -380 95
30107: -119 -97 -381 104
30108: -119 -97 -382 113
30110: -119 -97 -384 131
30111: -119 -97 -385 140
30112: -119 -97 -386 149
30113: -119 -97 -387 158
30115: -119 -98 -389 95
30116: -119 -98 -390 104
30117: -119 -98 -391 113
30119: -119 -98 -393 131
30120: -119 -98 -394 140
30121: -119 -98 -395 149
30122: -119 -98 -396 158
30124: -119 -99 -398 95
30125: -119 -99 -399 104
30126: -119 -99 -400 113
30128: -119 -99 -402 131
30129: -119 -99 -403 140
30130: -119 -99 -404 149
30131: -119 -99 -405 158
30133: -120 -172 -326 95
30137: -120 -172 -330 131
30138: -120 -172 -331 140
30139: -120 -172 -332 149
30140: -120 -172 -333 158
30150: -120 -174 -343 86
30151: -120 -174 -344 95
30153: -120 -174 -346 113
30154: -120 -174 -347 122
30155: -120 -174 -348 131
30156: -120 -174 -349 140
30157: -120 -174 -350 149
30168: -120 -176 -361 86
30170: -120 -176 -363 104
30172: -120 -176 -365 122
30173: -120 -176 -366 131
30174: -120 -176 -367 140
30175: -120 -176 -368 149
30176: -120 -176 -369 158
30186: -120 -178 -379 86
30207: -120 -180 -400 113
30215: -121 -253 -327 104
30218: -121 -253 -330 131
30219: -121 -253 -331 140
30220: -121 -253 -332 149
30221: -121 -253 -333 158
30231: -121 -255 -343 86
30247: -121 -256 -359 149
30249: -121 -257 -361 86
30312: -122 -336 -343 86
30376: -123 -415 -326 95
30377: -123 -415 -327 104
30380: -123 -415 -330 131
30381: -123 -415 -331 140
30382: -123 -415 -332 149
30383: -123 -415 -333 158
30393: -123 -417 -343 86
30394: -123 -417 -344 95
30404: -123 -418 -354 104
30409: -123 -418 -359 149
30415: -123 -419 -365 122
30447: -123 -423 -397 86
30457: -124 -496 -326 95
30458: -124 -496 -327 104
30461: -124 -496 -330 131
30462: -124 -496 -331 140
30463: -124 -496 -332 149
30464: -124 -496 -333 158
30475: -124 -498 -344 95
30478: -124 -498 -347 122
30479: -124 -498 -348 131
30482: -124 -498 -351 158
30492: -124 -500 -361 86
30494: -124 -500 -363 104
30496: -124 -500 -365 122
30497: -124 -500 -366 131
30498: -124 -500 -367 140
30499: -124 -500 -368 149
30500: -124 -500 -369 158
30501: -124 -501 -370 86
30522: -124 -503 -391 113
30538: -125 -577 -326 95
30539: -125 -577 -327 104
30542: -125 -577 -330 131
30543: -125 -577 -331 140
30544: -125 -577 -332 149
30545: -125 -577 -333 158
30556: -125 -579 -344 95
30559: -125 -579 -347 122
30560: -125 -579 -348 131
30561: -125 -579 -349 140
30566: -125 -580 -354 104
30569: -125 -580 -357 131
30575: -125 -581 -363 104
30583: -125 -582 -371 95
30591: -125 -583 -379 86
30592: -125 -583 -380 95
30593: -125 -583 -381 104
30598: -125 -583 -386 149
30609: -125 -585 -397 86
30612: -125 -585 -400 113
30619: -126 -658 -326 95
30620: -126 -658 -327 104
30623: -126 -658 -330 131
30624: -126 -658 -331 140
30625: -126 -658 -332 149
30636: -126 -660 -343 86
30637: -126 -660 -344 95
30652: -126 -661 -359 149
30653: -126 -661 -360 158
30658: -126 -662 -365 122
30659: -126 -662 -366 131
30660: -126 -662 -367 140
30661: -126 -662 -368 149
30662: -126 -662 -369 158
30664: -126 -663 -371 95
30673: -126 -664 -380 95
30675: -126 -664 -382 113
30676: -126 -664 -383 122
30681: -126 -665 -388 86
30682: -126 -665 -389 95
30683: -126 -665 -390 104
30685: -126 -665 -392 122
30687: -126 -665 -394 140
30688: -126 -665 -395 149
30695: -126 -666 -402 131
30717: -199 -21 -343 167
30718: -199 -21 -344 176
30720: -199 -21 -346 194
30721: -199 -21 -347 203
30722: -199 -21 -348 212
30723: -199 -21 -349 221
30724: -199 -21 -350 230
30725: -199 -21 -351 239
30782: -200 -100 -327 185
30785: -200 -100 -330 212
30788: -200 -100 -333 239
30789: -200 -101 -334 167
30791: -200 -101 -336 185
30792: -200 -101 -337 194
30793: -200 -101 -338 203
30794: -200 -101 -339 212
30795: -200 -101 -340 221
30796: -200 -101 -341 230
30797: -200 -101 -342 239
30808: -200 -103 -353 176
30816: -200 -104 -361 167
30817: -200 -104 -362 176
30820: -200 -104 -365 203
30821: -200 -104 -366 212
30822: -200 -104 -367 221
30823: -200 -104 -368 230
30824: -200 -104 -369 239
30828: -200 -105 -373 194
30830: -200 -105 -375 212
30832: -200 -105 -377 230
30846: -200 -107 -391 194
30854: -200 -108 -399 185
30855: -200 -108 -400 194
30872: -201 -182 -336 185
30873: -201 -182 -337 194
30875: -201 -182 -339 212
30876: -201 -182 -340 221
30877: -201 -182 -341 230
30878: -201 -182 -342 239
30890: -201 -184 -354 185
30896: -201 -184 -360 239
30907: -201 -186 -371 176
30908: -201 -186 -372 185
30909: -201 -186 -373 194
30910: -201 -186 -374 203
30911: -201 -186 -375 212
30912: -201 -186 -376 221
30913: -201 -186 -377 230
30914: -201 -186 -378 239
30916: -201 -187 -380 176
30917: -201 -187 -381 185
30918: -201 -187 -382 194
30919: -201 -187 -383 203
30920: -201 -187 -384 212
30921: -201 -187 -385 221
30922: -201 -187 -386 230
30923: -201 -187 -387 239
30925: -201 -188 -389 176
30926: -201 -188 -390 185
30927: -201 -188 -391 194
30929: -201 -188 -393 212
30930: -201 -188 -394 221
30931: -201 -188 -395 230
30932: -201 -188 -396 239
30934: -201 -189 -398 176
30935: -201 -189 -399 185
30936: -201 -189 -400 194
30937: -201 -189 -401 203
30938: -201 -189 -402 212
30939: -201 -189 -403 221
30940: -201 -189 -404 230
30941: -201 -189 -405 239
30943: -202 -262 -326 176
30947: -202 -262 -330 212
30948: -202 -262 -331 221
30949: -202 -262 -332 230
30950: -202 -262 -333 239
30951: -202 -263 -334 167
30978: -202 -266 -361 167
30990: -202 -267 -373 194
30998: -202 -268 -381 185
31007: -202 -269 -390 185
31015: -202 -270 -398 176
31016: -202 -270 -399 185
31043: -203 -345 -345 185
31079: -203 -349 -381 185
31095: -203 -351 -397 167
31105: -204 -424 -326 176
31106: -204 -424 -327 185
31109: -204 -424 -330 212
31110: -204 -424 -331 221
31111: -204 -424 -332 230
31112: -204 -424 -333 239
31113: -204 -425 -334 167
31149: -204 -429 -370 167
31153: -204 -429 -374 203
31155: -204 -429 -376 221
31160: -204 -430 -381 185
31167: -204 -431 -388 167
31169: -204 -431 -390 185
31174: -204 -431 -395 230
31176: -204 -432 -397 167
31179: -204 -432 -400 194
31186: -205 -505 -326 176
31187: -205 -505 -327 185
31190: -205 -505 -330 212
31191: -205 -505 -331 221
31192: -205 -505 -332 230
31193: -205 -505 -333 239
31198: -205 -506 -338 203
31203: -205 -507 -343 167
31221: -205 -509 -361 167
31225: -205 -509 -365 203
31226: -205 -509 -366 212
31227: -205 -509 -367 221
31228: -205 -509 -368 230
31229: -205 -509 -369 239
31230: -205 -510 -370 167
31232: -205 -510 -372 185
31233: -205 -510 -373 194
31239: -205 -511 -379 167
31241: -205 -511 -381 185
31242: -205 -511 -382 194
31245: -205 -511 -385 221
31248: -205 -512 -388 167
31249: -205 -512 -389 176
31250: -205 -512 -390 185
31251: -205 -512 -391 194
31252: -205 -512 -392 203
31255: -205 -512 -395 230
31259: -205 -513 -399 185
31260: -205 -513 -400 194
31261: -205 -513 -401 203
31263: -205 -513 -403 221
31265: -205 -513 -405 239
31267: -206 -586 -326 176
31268: -206 -586 -327 185
31271: -206 -586 -330 212
31272: -206 -586 -331 221
31274: -206 -586 -333 239
31275: -206 -587 -334 167
31277: -206 -587 -336 185
31284: -206 -588 -343 167
31294: -206 -589 -353 176
31303: -206 -590 -362 176
31306: -206 -590 -365 203
31307: -206 -590 -366 212
31308: -206 -590 -367 221
31309: -206 -590 -368 230
31313: -206 -591 -372 185
31314: -206 -591 -373 194
31316: -206 -591 -375 212
31320: -206 -592 -379 167
31322: -206 -592 -381 185
31340: -206 -594 -399 185
31346: -206 -594 -405 239
31348: -207 -667 -326 176
31349: -207 -667 -327 185
31353: -207 -667 -331 221
31354: -207 -667 -332 230
31355: -207 -667 -333 239
31375: -207 -670 -353 176
31384: -207 -671 -362 176
31387: -207 -671 -365 203
31389: -207 -671 -367 221
31390: -207 -671 -368 230
31391: -207 -671 -369 239
31392: -207 -672 -370 167
31393: -207 -672 -371 176
31394: -207 -672 -372 185
31395: -207 -672 -373 194
31397: -207 -672 -375 212
31398: -207 -672 -376 221
31400: -207 -672 -378 239
31403: -207 -673 -381 185
31404: -207 -673 -382 194
31407: -207 -673 -385 221
31410: -207 -674 -388 167
31413: -207 -674 -391 194
31464: -280 -32 -361 248
31465: -280 -32 -362 257
31468: -280 -32 -365 284
31471: -280 -32 -368 311
31520: -281 -110 -336 266
31523: -281 -110 -339 293
31525: -281 -110 -341 311
31526: -281 -110 -342 320
31527: -281 -111 -343 248
31537: -281 -112 -353 257
31538: -281 -112 -354 266
31541: -281 -112 -357 293
31543: -281 -112 -359 311
31544: -281 -112 -360 320
31556: -281 -114 -372 266
31564: -281 -115 -380 257
31566: -281 -115 -382 275
31572: -281 -116 -388 248
31573: -281 -116 -389 257
31574: -281 -116 -390 266
31575: -281 -116 -391 275
31581: -281 -117 -397 248
31582: -281 -117 -398 257
31584: -281 -117 -400 275
31599: -282 -191 -334 248
31601: -282 -191 -336 266
31602: -282 -191 -337 275
31603: -282 -191 -338 284
31604: -282 -191 -339 293
31606: -282 -191 -341 311
31607: -282 -191 -342 320
31609: -282 -192 -344 257
31610: -282 -192 -345 266
31612: -282 -192 -347 284
31613: -282 -192 -348 293
31614: -282 -192 -349 302
31615: -282 -192 -350 311
31618: -282 -193 -353 257
31619: -282 -193 -354 266
31622: -282 -193 -357 293
31623: -282 -193 -358 302
31624: -282 -193 -359 311
31626: -282 -194 -361 248
31627: -282 -194 -362 257
31628: -282 -194 -363 266
31630: -282 -194 -365 284
31631: -282 -194 -366 293
31632: -282 -194 -367 302
31633: -282 -194 -368 311
31635: -282 -195 -370 248
31636: -282 -195 -371 257
31637: -282 -195 -372 266
31638: -282 -195 -373 275
31639: -282 -195 -374 284
31640: -282 -195 -375 293
31641: -282 -195 -376 302
31642: -282 -195 -377 311
31644: -282 -196 -379 248
31645: -282 -196 -380 257
31646: -282 -196 -381 266
31647: -282 -196 -382 275
31648: -282 -196 -383 284
31649: -282 -196 -384 293
31650: -282 -196 -385 302
31651: -282 -196 -386 311
31653: -282 -197 -388 248
31654: -282 -197 -389 257
31655: -282 -197 -390 266
31656: -282 -197 -391 275
31657: -282 -197 -392 284
31658: -282 -197 -393 293
31659: -282 -197 -394 302
31660: -282 -197 -395 311
31662: -282 -198 -397 248
31663: -282 -198 -398 257
31664: -282 -198 -399 266
31665: -282 -198 -400 275
31666: -282 -198 -401 284
31667: -282 -198 -402 293
31668: -282 -198 -403 302
31669: -282 -198 -404 311
31689: -283 -273 -343 248
31782: -284 -355 -355 275
31851: -285 -435 -343 248
31852: -285 -435 -344 257
31854: -285 -435 -346 275
31865: -285 -436 -357 293
31892: -285 -439 -384 293
31899: -285 -440 -391 275
31908: -285 -441 -400 275
31910: -285 -441 -402 293
31926: -286 -515 -337 275
31932: -286 -516 -343 248
31935: -286 -516 -346 275
31947: -286 -517 -358 302
31959: -286 -519 -370 248
31961: -286 -519 -372 266
31962: -286 -519 -373 275
31963: -286 -519 -374 284
31964: -286 -519 -375 293
31965: -286 -519 -376 302
31966: -286 -519 -377 311
31967: -286 -519 -378 320
31978: -286 -521 -389 257
31980: -286 -521 -391 275
32007: -287 -596 -337 275
32013: -287 -597 -343 248
32016: -287 -597 -346 275
32024: -287 -598 -354 266
32043: -287 -600 -373 275
32052: -287 -601 -382 275
32070: -287 -603 -400 275
32085: -288 -677 -334 248
32094: -288 -678 -343 248
32104: -288 -679 -353 257
32133: -288 -682 -382 275
32141: -288 -683 -390 266
32142: -288 -683 -391 275
32185: -361 -40 -353 338
32186: -361 -40 -354 347
32188: -361 -40 -356 365
32189: -361 -40 -357 374
32190: -361 -40 -358 383
32191: -361 -40 -359 392
32192: -361 -40 -360 401
32243: -362 -118 -330 374
32245: -362 -118 -332 392
32246: -362 -118 -333 401
32256: -362 -120 -343 329
32261: -362 -120 -348 374
32271: -362 -121 -358 383
32272: -362 -121 -359 392
32273: -362 -121 -360 401
32285: -362 -123 -372 347
32295: -362 -124 -382 356
32313: -362 -126 -400 356
32316: -362 -126 -403 383
32326: -363 -199 -332 392
32328: -363 -200 -334 329
32364: -363 -204 -370 329
32367: -363 -204 -373 356
32369: -363 -204 -375 374
32371: -363 -204 -377 392
32374: -363 -205 -380 338
32376: -363 -205 -382 356
32381: -363 -205 -387 401
32382: -363 -206 -388 329
32385: -363 -206 -391 356
32386: -363 -206 -392 365
32387: -363 -206 -393 374
32394: -363 -207 -400 356
32568: -366 -442 -331 383
32569: -366 -442 -332 392
32570: -366 -442 -333 401
32577: -366 -443 -340 383
32590: -366 -445 -353 338
32595: -366 -445 -358 383
32597: -366 -445 -360 401
32624: -366 -448 -387 401
32627: -366 -449 -390 347
32637: -366 -450 -400 356
32640: -366 -450 -403 383
32648: -367 -523 -330 374
32650: -367 -523 -332 392
32651: -367 -523 -333 401
32671: -367 -526 -353 338
32672: -367 -526 -354 347
32677: -367 -526 -359 392
32678: -367 -526 -360 401
32689: -367 -528 -371 338
32690: -367 -528 -372 347
32691: -367 -528 -373 356
32695: -367 -528 -377 392
32706: -367 -530 -388 329
32709: -367 -530 -391 356
32720: -367 -531 -402 374
32725: -368 -604 -326 338
32729: -368 -604 -330 374
32730: -368 -604 -331 383
32732: -368 -604 -333 401
32736: -368 -605 -337 356
32737: -368 -605 -338 365
32741: -368 -605 -342 401
32743: -368 -606 -344 338
32746: -368 -606 -347 365
32752: -368 -607 -353 338
32756: -368 -607 -357 374
32757: -368 -607 -358 383
32779: -368 -610 -380 338
32780: -368 -610 -381 347
32781: -368 -610 -382 356
32782: -368 -610 -383 365
32783: -368 -610 -384 374
32786: -368 -610 -387 401
32796: -368 -612 -397 329
32799: -368 -612 -400 356
32810: -369 -685 -330 374
32811: -369 -685 -331 383
32812: -369 -685 -332 392
32819: -369 -686 -339 374
32823: -369 -687 -343 329
32824: -369 -687 -344 338
32828: -369 -687 -348 374
32833: -369 -688 -353 338
32834: -369 -688 -354 347
32838: -369 -688 -358 383
32866: -369 -691 -386 392
32868: -369 -692 -388 329
32869: -369 -692 -389 338
32871: -369 -692 -391 356
32872: -369 -692 -392 365
32873: -369 -692 -393 374
32940: -442 -52 -379 410
32941: -442 -52 -380 419
32942: -442 -52 -381 428
32943: -442 -52 -382 437
32944: -442 -52 -383 446
32945: -442 -52 -384 455
32946: -442 -52 -385 464
32947: -442 -52 -386 473
32948: -442 -52 -387 482
32968: -443 -127 -326 419
32969: -443 -127 -327 428
32972: -443 -127 -330 455
32973: -443 -127 -331 464
32976: -443 -128 -334 410
32978: -443 -128 -336 428
32979: -443 -128 -337 437
32984: -443 -128 -342 482
32985: -443 -129 -343 410
32989: -443 -129 -347 446
32992: -443 -129 -350 473
32995: -443 -130 -353 419
32996: -443 -130 -354 428
33000: -443 -130 -358 464
33001: -443 -130 -359 473
33002: -443 -130 -360 482
33025: -443 -133 -383 446
33032: -443 -134 -390 428
33042: -443 -135 -400 437
33053: -444 -208 -330 455
33055: -444 -208 -332 473
33056: -444 -208 -333 482
33057: -444 -209 -334 410
33060: -444 -209 -337 437
33061: -444 -209 -338 446
33062: -444 -209 -339 455
33064: -444 -209 -341 473
33065: -444 -209 -342 482
33066: -444 -210 -343 410
33077: -444 -211 -354 428
33080: -444 -211 -357 455
33082: -444 -211 -359 473
33083: -444 -211 -360 482
33096: -444 -213 -373 437
33105: -444 -214 -382 437
33114: -444 -215 -391 437
33116: -444 -215 -393 455
33122: -444 -216 -399 428
33123: -444 -216 -400 437
33124: -444 -216 -401 446
33131: -445 -289 -327 428
33135: -445 -289 -331 464
33136: -445 -289 -332 473
33137: -445 -289 -333 482
33138: -445 -290 -334 410
33147: -445 -291 -343 410
33152: -445 -291 -348 455
33157: -445 -292 -353 419
33165: -445 -293 -361 410
33187: -445 -295 -383 446
33192: -445 -296 -388 410
33195: -445 -296 -391 437
33254: -446 -374 -369 482
33260: -446 -375 -375 455
33264: -446 -376 -379 410
33296: -447 -451 -330 455
33300: -447 -452 -334 410
33302: -447 -452 -336 428
33304: -447 -452 -338 446
33309: -447 -453 -343 410
33310: -447 -453 -344 419
33313: -447 -453 -347 446
33315: -447 -453 -349 464
33345: -447 -457 -379 410
33355: -447 -458 -389 419
33356: -447 -458 -390 428
33357: -447 -458 -391 437
33358: -447 -458 -392 446
33377: -448 -532 -330 455
33390: -448 -534 -343 410
33391: -448 -534 -344 419
33395: -448 -534 -348 455
33398: -448 -534 -351 482
33400: -448 -535 -353 419
33407: -448 -535 -360 482
33417: -448 -537 -370 410
33420: -448 -537 -373 437
33435: -448 -539 -388 410
33458: -449 -613 -330 455
33459: -449 -613 -331 464
33464: -449 -614 -336 428
33481: -449 -616 -353 419
33507: -449 -619 -379 410
33509: -449 -619 -381 428
33511: -449 -619 -383 446
33535: -450 -694 -326 419
33536: -450 -694 -327 428
33539: -450 -694 -330 455
33540: -450 -694 -331 464
33541: -450 -694 -332 473
33542: -450 -694 -333 482
33552: -450 -696 -343 410
33557: -450 -696 -348 455
33562: -450 -697 -353 419
33589: -450 -700 -380 419
33590: -450 -700 -381 428
33592: -450 -700 -383 446
33597: -450 -701 -388 410
33605: -450 -701 -396 482
33678: -523 -62 -388 491
33679: -523 -62 -389 500
33680: -523 -62 -390 509
33681: -523 -62 -391 518
33682: -523 -62 -392 527
33683: -523 -62 -393 536
33684: -523 -62 -394 545
33685: -523 -62 -395 554
33686: -523 -62 -396 563
33701: -524 -136 -330 536
33702: -524 -136 -331 545
33705: -524 -137 -334 491
33707: -524 -137 -336 509
33708: -524 -137 -337 518
33709: -524 -137 -338 527
33710: -524 -137 -339 536
33712: -524 -137 -341 554
33713: -524 -137 -342 563
33714: -524 -138 -343 491
33715: -524 -138 -344 500
33717: -524 -138 -346 518
33718: -524 -138 -347 527
33719: -524 -138 -348 536
33722: -524 -138 -351 563
33724: -524 -139 -353 500
33728: -524 -139 -357 536
33730: -524 -139 -359 554
33731: -524 -139 -360 563
33744: -524 -141 -373 518
33751: -524 -142 -380 500
33762: -524 -143 -391 518
33770: -524 -144 -399 509
33771: -524 -144 -400 518
33778: -525 -217 -326 500
33779: -525 -217 -327 509
33782: -525 -217 -330 536
33783: -525 -217 -331 545
33784: -525 -217 -332 554
33785: -525 -217 -333 563
33788: -525 -218 -336 509
33790: -525 -218 -338 527
33793: -525 -218 -341 554
33794: -525 -218 -342 563
33795: -525 -219 -343 491
33796: -525 -219 -344 500
33800: -525 -219 -348 536
33802: -525 -219 -350 554
33825: -525 -222 -373 518
33826: -525 -222 -374 527
33828: -525 -222 -376 545
33833: -525 -223 -381 509
33834: -525 -223 -382 518
33842: -525 -224 -390 509
33846: -525 -224 -394 545
33849: -525 -225 -397 491
33851: -525 -225 -399 509
33852: -525 -225 -400 518
33854: -525 -225 -402 536
33855: -525 -225 -403 545
33857: -525 -225 -405 563
33863: -526 -298 -330 536
33865: -526 -298 -332 554
33866: -526 -298 -333 563
33867: -526 -299 -334 491
33869: -526 -299 -336 509
33871: -526 -299 -338 527
33876: -526 -300 -343 491
33877: -526 -300 -344 500
33882: -526 -300 -349 545
33883: -526 -300 -350 554
33894: -526 -302 -361 491
33905: -526 -303 -372 509
33906: -526 -303 -373 518
33923: -526 -305 -390 509
33924: -526 -305 -391 518
33954: -527 -380 -340 545
33957: -527 -381 -343 491
33963: -527 -381 -349 545
34002: -527 -386 -388 491
34016: -527 -387 -402 536
34021: -528 -460 -326 500
34022: -528 -460 -327 509
34025: -528 -460 -330 536
34026: -528 -460 -331 545
34027: -528 -460 -332 554
34028: -528 -460 -333 563
34035: -528 -461 -340 545
34038: -528 -462 -343 491
34039: -528 -462 -344 500
34044: -528 -462 -349 545
34049: -528 -463 -354 509
34054: -528 -463 -359 554
34067: -528 -465 -372 509
34068: -528 -465 -373 518
34074: -528 -466 -379 491
34075: -528 -466 -380 500
34077: -528 -466 -382 518
34084: -528 -467 -389 500
34085: -528 -467 -390 509
34087: -528 -467 -392 527
34091: -528 -467 -396 563
34092: -528 -468 -397 491
34096: -528 -468 -401 527
34098: -528 -468 -403 545
34107: -529 -541 -331 545
34108: -529 -541 -332 554
34110: -529 -542 -334 491
34114: -529 -542 -338 527
34120: -529 -543 -344 500
34164: -529 -548 -388 491
34174: -529 -549 -398 500
34176: -529 -549 -400 518
34189: -530 -622 -332 554
34193: -530 -623 -336 509
34201: -530 -624 -344 500
34206: -530 -624 -349 545
34207: -530 -624 -350 554
34236: -530 -628 -379 491
34238: -530 -628 -381 509
34239: -530 -628 -382 518
34243: -530 -628 -386 554
34254: -530 -630 -397 491
34264: -531 -703 -326 500
34268: -531 -703 -330 536
34269: -531 -703 -331 545
34271: -531 -703 -333 563
34281: -531 -705 -343 491
34308: -531 -708 -370 491
34326: -531 -710 -388 491
34338: -531 -711 -400 518
34416: -604 -72 -397 572
34417: -604 -72 -398 581
34418: -604 -72 -399 590
34419: -604 -72 -400 599
34420: -604 -72 -401 608
34421: -604 -72 -402 617
34422: -604 -72 -403 626
34423: -604 -72 -404 635
34424: -604 -72 -405 644
34427: -605 -145 -327 590
34430: -605 -145 -330 617
34432: -605 -145 -332 635
34433: -605 -145 -333 644
34434: -605 -146 -334 572
34438: -605 -146 -338 608
34443: -605 -147 -343 572
34446: -605 -147 -346 599
34447: -605 -147 -347 608
34449: -605 -147 -349 626
34453: -605 -148 -353 581
34454: -605 -148 -354 590
34458: -605 -148 -358 626
34482: -605 -151 -382 599
34490: -605 -152 -390 590
34511: -606 -226 -330 617
34512: -606 -226 -331 626
34513: -606 -226 -332 635
34519: -606 -227 -338 608
34521: -606 -227 -340 626
34523: -606 -227 -342 644
34524: -606 -228 -343 572
34528: -606 -228 -347 608
34529: -606 -228 -348 617
34530: -606 -228 -349 626
34534: -606 -229 -353 581
34535: -606 -229 -354 590
34538: -606 -229 -357 617
34541: -606 -229 -360 644
34546: -606 -230 -365 608
34551: -606 -231 -370 572
34552: -606 -231 -371 581
34553: -606 -231 -372 590
34554: -606 -231 -373 599
34555: -606 -231 -374 608
34558: -606 -231 -377 635
34561: -606 -232 -380 581
34563: -606 -232 -382 599
34564: -606 -232 -383 608
34570: -606 -233 -389 581
34573: -606 -233 -392 608
34580: -606 -234 -399 590
34581: -606 -234 -400 599
34588: -607 -307 -326 581
34592: -607 -307 -330 617
34593: -607 -307 -331 626
34595: -607 -307 -333 644
34596: -607 -308 -334 572
34598: -607 -308 -336 590
34603: -607 -308 -341 635
34605: -607 -309 -343 572
34612: -607 -309 -350 635
34619: -607 -310 -357 617
34623: -607 -311 -361 572
34633: -607 -312 -371 581
34635: -607 -312 -373 599
34636: -607 -312 -374 608
34647: -607 -313 -385 626
34660: -607 -315 -398 581
34662: -607 -315 -400 599
34686: -608 -390 -343 572
34693: -608 -390 -350 635
34729: -608 -394 -386 635
34750: -609 -469 -326 581
34751: -609 -469 -327 590
34754: -609 -469 -330 617
34756: -609 -469 -332 635
34757: -609 -469 -333 644
34777: -609 -472 -353 581
34784: -609 -472 -360 644
34797: -609 -474 -373 599
34803: -609 -475 -379 572
34815: -609 -476 -391 599
34823: -609 -477 -399 590
34824: -609 -477 -400 599
34831: -610 -550 -326 581
34832: -610 -550 -327 590
34835: -610 -550 -330 617
34836: -610 -550 -331 626
34838: -610 -550 -333 644
34843: -610 -551 -338 608
34848: -610 -552 -343 572
34858: -610 -553 -353 581
34865: -610 -553 -360 644
34875: -610 -555 -370 572
34877: -610 -555 -372 590
34887: -610 -556 -382 599
34893: -610 -557 -388 572
34903: -610 -558 -398 581
34905: -610 -558 -400 599
34910: -610 -558 -405 644
34916: -611 -631 -330 617
34918: -611 -631 -332 635
34924: -611 -632 -338 608
34927: -611 -632 -341 635
34929: -611 -633 -343 572
34933: -611 -633 -347 608
34956: -611 -636 -370 572
34958: -611 -636 -372 590
34983: -611 -639 -397 572
34986: -611 -639 -400 599
35005: -612 -713 -338 608
35011: -612 -714 -344 581
35014: -612 -714 -347 608
35017: -612 -714 -350 635
35037: -612 -717 -370 572
35055: -612 -719 -388 572
35057: -612 -719 -390 590
35058: -612 -719 -391 599
35060: -612 -719 -393 617
35063: -612 -719 -396 644
35067: -612 -720 -400 599
35118: -685 -78 -370 653
35119: -685 -78 -371 662
35120: -685 -78 -372 671
35121: -685 -78 -373 680
35122: -685 -78 -374 689
35123: -685 -78 -375 698
35124: -685 -78 -376 707
35125: -685 -78 -377 716
35126: -685 -78 -378 725
35156: -686 -154 -327 671
35159: -686 -154 -330 698
35162: -686 -154 -333 725
35163: -686 -155 -334 653
35167: -686 -155 -338 689
35169: -686 -155 -340 707
35170: -686 -155 -341 716
35172: -686 -156 -343 653
35176: -686 -156 -347 689
35178: -686 -156 -349 707
35182: -686 -157 -353 662
35187: -686 -157 -358 707
35194: -686 -158 -365 689
35200: -686 -159 -371 662
35202: -686 -159 -373 680
35211: -686 -160 -382 680
35215: -686 -160 -386 716
35236: -687 -235 -326 662
35243: -687 -235 -333 725
35248: -687 -236 -338 689
35249: -687 -236 -339 698
35250: -687 -236 -340 707
35253: -687 -237 -343 653
35260: -687 -237 -350 716
35264: -687 -238 -354 671
35268: -687 -238 -358 707
35269: -687 -238 -359 716
35279: -687 -239 -369 725
35292: -687 -241 -382 680
35299: -687 -242 -389 662
35301: -687 -242 -391 680
35309: -687 -243 -399 671
35321: -688 -316 -330 698
35322: -688 -316 -331 707
35323: -688 -316 -332 716
35325: -688 -317 -334 653
35329: -688 -317 -338 689
35333: -688 -317 -342 725
35334: -688 -318 -343 653
35338: -688 -318 -347 689
35340: -688 -318 -349 707
35341: -688 -318 -350 716
35345: -688 -319 -354 671
35349: -688 -319 -358 707
35352: -688 -320 -361 653
35373: -688 -322 -382 680
35486: -690 -478 -333 725
35500: -690 -480 -347 689
35532: -690 -484 -379 653
35550: -690 -486 -397 653
35553: -690 -486 -400 680
35555: -690 -486 -402 698
35565: -691 -559 -331 707
35566: -691 -559 -332 716
35570: -691 -560 -336 671
35611: -691 -564 -377 716
35641: -692 -640 -326 662
35642: -692 -640 -327 671
35645: -692 -640 -330 698
35646: -692 -640 -331 707
35647: -692 -640 -332 716
35648: -692 -640 -333 725
35649: -692 -641 -334 653
35658: -692 -642 -343 653
35673: -692 -643 -358 707
35687: -692 -645 -372 671
35688: -692 -645 -373 680
35689: -692 -645 -374 689
35694: -692 -646 -379 653
35696: -692 -646 -381 671
35703: -692 -647 -388 653
35704: -692 -647 -389 662
35705: -692 -647 -390 671
35706: -692 -647 -391 680
35728: -693 -721 -332 716
35729: -693 -721 -333 725
35730: -693 -722 -334 653
35732: -693 -722 -336 671
35734: -693 -722 -338 689
35739: -693 -723 -343 653
35743: -693 -723 -347 689
35766: -693 -726 -370 653
35777: -693 -727 -381 671
36297: -52 -488 -415 6
36298: -52 -488 -416 15
36299: -52 -488 -417 24
36300: -52 -488 -418 33
36301: -52 -488 -419 42
36302: -52 -488 -420 51
36303: -52 -488 -421 60
36304: -52 -488 -422 69
36306: -52 -489 -424 6
36307: -52 -489 -425 15
36308: -52 -489 -426 24
36309: -52 -489 -427 33
36310: -52 -489 -428 42
36311: -52 -489 -429 51
36312: -52 -489 -430 60
36313: -52 -489 -431 69
36315: -52 -490 -433 6
36316: -52 -490 -434 15
36317: -52 -490 -435 24
36318: -52 -490 -436 33
36319: -52 -490 -437 42
36320: -52 -490 -438 51
36321: -52 -490 -439 60
36322: -52 -490 -440 69
36324: -52 -491 -442 6
36325: -52 -491 -443 15
36326: -52 -491 -444 24
36327: -52 -491 -445 33
36328: -52 -491 -446 42
36329: -52 -491 -447 51
36330: -52 -491 -448 60
36331: -52 -491 -449 69
36342: -52 -493 -460 6
36343: -52 -493 -461 15
36344: -52 -493 -462 24
36345: -52 -493 -463 33
36346: -52 -493 -464 42
36348: -52 -493 -466 60
36349: -52 -493 -467 69
36351: -52 -494 -469 6
36352: -52 -494 -470 15
36353: -52 -494 -471 24
36354: -52 -494 -472 33
36355: -52 -494 -473 42
36356: -52 -494 -474 51
36357: -52 -494 -475 60
36358: -52 -494 -476 69
36360: -52 -495 -478 6
36361: -52 -495 -479 15
36362: -52 -495 -480 24
36363: -52 -495 -481 33
36364: -52 -495 -482 42
36365: -52 -495 -483 51
36366: -52 -495 -484 60
36367: -52 -495 -485 69
36540: -127 -11 -415 87
36542: -127 -11 -417 105
36543: -127 -11 -418 114
36544: -127 -11 -419 123
36545: -127 -11 -420 132
36546: -127 -11 -421 141
36547: -127 -11 -422 150
36548: -127 -11 -423 159
36631: -128 -93 -425 96
36632: -128 -93 -426 105
36633: -128 -93 -427 114
36634: -128 -93 -428 123
36635: -128 -93 -429 132
36636: -128 -93 -430 141
36637: -128 -93 -431 150
36638: -128 -93 -432 159
36640: -128 -94 -434 96
36641: -128 -94 -435 105
36642: -128 -94 -436 114
36644: -128 -94 -438 132
36645: -128 -94 -439 141
36647: -128 -94 -441 159
36649: -128 -95 -443 96
36651: -128 -95 -445 114
36652: -128 -95 -446 123
36656: -128 -95 -450 159
36666: -128 -97 -460 87
36667: -128 -97 -461 96
36668: -128 -97 -462 105
36669: -128 -97 -463 114
36670: -128 -97 -464 123
36671: -128 -97 -465 132
36672: -128 -97 -466 141
36673: -128 -97 -467 150
36674: -128 -97 -468 159
36676: -128 -98 -470 96
36677: -128 -98 -471 105
36678: -128 -98 -472 114
36679: -128 -98 -473 123
36680: -128 -98 -474 132
36681: -128 -98 -475 141
36682: -128 -98 -476 150
36683: -128 -98 -477 159
36694: -129 -172 -407 96
36695: -129 -172 -408 105
36696: -129 -172 -409 114
36697: -129 -172 -410 123
36711: -129 -174 -424 87
36712: -129 -174 -425 96
36714: -129 -174 -427 114
36715: -129 -174 -428 123
36716: -129 -174 -429 132
36717: -129 -174 -430 141
36718: -129 -174 -431 150
36719: -129 -174 -432 159
36734: -129 -176 -447 132
36738: -129 -177 -451 87
36739: -129 -177 -452 96
36740: -129 -177 -453 105
36741: -129 -177 -454 114
36742: -129 -177 -455 123
36743: -129 -177 -456 132
36744: -129 -177 -457 141
36745: -129 -177 -458 150
36775: -130 -253 -407 96
36776: -130 -253 -408 105
36777: -130 -253 -409 114
36778: -130 -253 -410 123
36780: -130 -253 -412 141
36781: -130 -253 -413 150
36793: -130 -255 -425 96
36797: -130 -255 -429 132
36809: -130 -256 -441 159
36810: -130 -257 -442 87
36812: -130 -257 -444 105
36815: -130 -257 -447 132
36818: -130 -257 -450 159
36819: -130 -258 -451 87
36820: -130 -258 -452 96
36822: -130 -258 -454 114
36823: -130 -258 -455 123
36824: -130 -258 -456 132
36826: -130 -258 -458 150
36830: -130 -259 -462 105
36839: -130 -260 -471 105
36856: -131 -334 -407 96
36857: -131 -334 -408 105
36858: -131 -334 -409 114
36862: -131 -334 -413 150
36873: -131 -336 -424 87
36874: -131 -336 -425 96
36882: -131 -337 -433 87
36883: -131 -337 -434 96
36884: -131 -337 -435 105
36900: -131 -339 -451 87
36902: -131 -339 -453 105
36903: -131 -339 -454 114
36904: -131 -339 -455 123
36905: -131 -339 -456 132
36906: -131 -339 -457 141
36907: -131 -339 -458 150
36926: -131 -341 -477 159
36954: -132 -417 -424 87
36990: -132 -421 -460 87
37002: -132 -422 -472 114
37011: -132 -423 -481 114
37018: -133 -496 -407 96
37019: -133 -496 -408 105
37024: -133 -496 -413 150
37035: -133 -498 -424 87
37036: -133 -498 -425 96
37062: -133 -501 -451 87
37063: -133 -501 -452 96
37065: -133 -501 -454 114
37066: -133 -501 -455 123
37068: -133 -501 -457 141
37069: -133 -501 -458 150
37080: -133 -503 -469 87
37099: -134 -577 -407 96
37100: -134 -577 -408 105
37105: -134 -577 -413 150
37117: -134 -579 -425 96
37127: -134 -580 -435 105
37144: -134 -582 -452 96
37152: -134 -583 -460 87
37170: -134 -585 -478 87
37182: -135 -658 -409 114
37184: -135 -658 -411 132
37185: -135 -658 -412 141
37186: -135 -658 -413 150
37197: -135 -660 -424 87
37216: -135 -662 -443 96
37227: -135 -663 -454 114
37228: -135 -663 -455 123
37229: -135 -663 -456 132
37230: -135 -663 -457 141
37245: -135 -665 -472 114
37246: -135 -665 -473 123
37250: -135 -665 -477 159
37253: -135 -666 -480 105
37278: -208 -21 -424 168
37279: -208 -21 -425 177
37280: -208 -21 -426 186
37281: -208 -21 -427 195
37282: -208 -21 -428 204
37283: -208 -21 -429 213
37284: -208 -21 -430 222
37285: -208 -21 -431 231
37286: -208 -21 -432 240
37342: -209 -100 -407 177
37343: -209 -100 -408 186
37346: -209 -100 -411 213
37347: -209 -100 -412 222
37348: -209 -100 -413 231
37350: -209 -101 -415 168
37352: -209 -101 -417 186
37353: -209 -101 -418 195
37354: -209 -101 -419 204
37355: -209 -101 -420 213
37356: -209 -101 -421 222
37357: -209 -101 -422 231
37358: -209 -101 -423 240
37370: -209 -103 -435 186
37378: -209 -104 -443 177
37379: -209 -104 -444 186
37381: -209 -104 -446 204
37382: -209 -104 -447 213
37384: -209 -104 -449 231
37386: -209 -105 -451 168
37387: -209 -105 -452 177
37388: -209 -105 -453 186
37389: -209 -105 -454 195
37390: -209 -105 -455 204
37391: -209 -105 -456 213
37392: -209 -105 -457 222
37393: -209 -105 -458 231
37407: -209 -107 -472 195
37432: -210 -182 -416 177
37433: -210 -182 -417 186
37434: -210 -182 -418 195
37435: -210 -182 -419 204
37436: -210 -182 -420 213
37437: -210 -182 -421 222
37438: -210 -182 -422 231
37439: -210 -182 -423 240
37450: -210 -184 -434 177
37451: -210 -184 -435 186
37452: -210 -184 -436 195
37454: -210 -184 -438 213
37455: -210 -184 -439 222
37456: -210 -184 -440 231
37457: -210 -184 -441 240
37460: -210 -185 -444 186
37462: -210 -185 -446 204
37464: -210 -185 -448 222
37465: -210 -185 -449 231
37466: -210 -185 -450 240
37478: -210 -187 -462 186
37479: -210 -187 -463 195
37481: -210 -187 -465 213
37482: -210 -187 -466 222
37484: -210 -187 -468 240
37487: -210 -188 -471 186
37488: -210 -188 -472 195
37489: -210 -188 -473 204
37490: -210 -188 -474 213
37491: -210 -188 -475 222
37492: -210 -188 -476 231
37493: -210 -188 -477 240
37504: -211 -262 -407 177
37505: -211 -262 -408 186
37506: -211 -262 -409 195
37507: -211 -262 -410 204
37508: -211 -262 -411 213
37509: -211 -262 -412 222
37510: -211 -262 -413 231
37514: -211 -263 -417 186
37530: -211 -265 -433 168
37532: -211 -265 -435 186
37533: -211 -265 -436 195
37534: -211 -265 -437 204
37535: -211 -265 -438 213
37536: -211 -265 -439 222
37537: -211 -265 -440 231
37538: -211 -265 -441 240
37539: -211 -266 -442 168
37540: -211 -266 -443 177
37541: -211 -266 -444 186
37547: -211 -266 -450 240
37552: -211 -267 -455 204
37557: -211 -268 -460 168
37563: -211 -268 -466 222
37567: -211 -269 -470 177
37575: -211 -270 -478 168
37585: -212 -343 -407 177
37586: -212 -343 -408 186
37587: -212 -343 -409 195
37588: -212 -343 -410 204
37589: -212 -343 -411 213
37590: -212 -343 -412 222
37591: -212 -343 -413 231
37611: -212 -346 -433 168
37614: -212 -346 -436 195
37629: -212 -348 -451 168
37630: -212 -348 -452 177
37631: -212 -348 -453 186
37632: -212 -348 -454 195
37633: -212 -348 -455 204
37634: -212 -348 -456 213
37635: -212 -348 -457 222
37638: -212 -349 -460 168
37647: -212 -350 -469 168
37649: -212 -350 -471 186
37656: -212 -351 -478 168
37662: -212 -351 -484 222
37663: -212 -351 -485 231
37664: -212 -351 -486 240
37696: -213 -427 -437 204
37701: -213 -428 -442 168
37707: -213 -428 -448 222
37719: -213 -430 -460 168
37736: -213 -431 -477 240
37739: -213 -432 -480 186
37740: -213 -432 -481 195
37747: -214 -505 -407 177
37748: -214 -505 -408 186
37749: -214 -505 -409 195
37750: -214 -505 -410 204
37751: -214 -505 -411 213
37753: -214 -505 -413 231
37755: -214 -506 -415 168
37773: -214 -508 -433 168
37782: -214 -509 -442 168
37791: -214 -510 -451 168
37792: -214 -510 -452 177
37793: -214 -510 -453 186
37794: -214 -510 -454 195
37796: -214 -510 -456 213
37797: -214 -510 -457 222
37798: -214 -510 -458 231
37809: -214 -512 -469 168
37821: -214 -513 -481 195
37826: -214 -513 -486 240
37828: -215 -586 -407 177
37829: -215 -586 -408 186
37830: -215 -586 -409 195
37831: -215 -586 -410 204
37832: -215 -586 -411 213
37833: -215 -586 -412 222
37834: -215 -586 -413 231
37838: -215 -587 -417 186
37858: -215 -589 -437 204
37863: -215 -590 -442 168
37865: -215 -590 -444 186
37868: -215 -590 -447 213
37872: -215 -591 -451 168
37879: -215 -591 -458 231
37881: -215 -592 -460 168
37882: -215 -592 -461 177
37883: -215 -592 -462 186
37884: -215 -592 -463 195
37886: -215 -592 -465 213
37887: -215 -592 -466 222
37911: -216 -667 -409 195
37913: -216 -667 -411 213
37914: -216 -667 -412 222
37915: -216 -667 -413 231
37920: -216 -668 -418 195
37932: -216 -669 -430 222
37953: -216 -672 -451 168
37954: -216 -672 -452 177
37955: -216 -672 -453 186
37957: -216 -672 -455 204
37958: -216 -672 -456 213
37972: -216 -674 -470 177
37974: -216 -674 -472 195
37975: -216 -674 -473 204
37988: -216 -675 -486 240
38025: -289 -32 -442 249
38026: -289 -32 -443 258
38027: -289 -32 -444 267
38028: -289 -32 -445 276
38029: -289 -32 -446 285
38030: -289 -32 -447 294
38031: -289 -32 -448 303
38032: -289 -32 -449 312
38033: -289 -32 -450 321
38073: -290 -109 -409 276
38079: -290 -110 -415 249
38082: -290 -110 -418 276
38083: -290 -110 -419 285
38084: -290 -110 -420 294
38085: -290 -110 -421 303
38086: -290 -110 -422 312
38087: -290 -110 -423 321
38088: -290 -111 -424 249
38093: -290 -111 -429 294
38095: -290 -111 -431 312
38096: -290 -111 -432 321
38101: -290 -112 -437 285
38106: -290 -113 -442 249
38136: -290 -116 -472 276
38143: -290 -117 -479 258
38144: -290 -117 -480 267
38150: -290 -117 -486 321
38160: -291 -191 -415 249
38165: -291 -191 -420 294
38166: -291 -191 -421 303
38167: -291 -191 -422 312
38169: -291 -192 -424 249
38170: -291 -192 -425 258
38172: -291 -192 -427 276
38173: -291 -192 -428 285
38174: -291 -192 -429 294
38175: -291 -192 -430 303
38176: -291 -192 -431 312
38177: -291 -192 -432 321
38187: -291 -194 -442 249
38189: -291 -194 -444 267
38190: -291 -194 -445 276
38192: -291 -194 -447 294
38199: -291 -195 -454 276
38206: -291 -196 -461 258
38207: -291 -196 -462 267
38210: -291 -196 -465 294
38211: -291 -196 -466 303
38215: -291 -197 -470 258
38216: -291 -197 -471 267
38219: -291 -197 -474 294
38220: -291 -197 -475 303
38222: -291 -197 -477 321
38223: -291 -198 -478 249
38224: -291 -198 -479 258
38225: -291 -198 -480 267
38227: -291 -198 -482 285
38228: -291 -198 -483 294
38231: -291 -198 -486 321
38235: -292 -271 -409 276
38248: -292 -272 -422 312
38255: -292 -273 -429 294
38257: -292 -273 -431 312
38295: -292 -278 -469 249
38297: -292 -278 -471 267
38322: -293 -353 -415 249
38324: -293 -353 -417 267
38325: -293 -353 -418 276
38326: -293 -353 -419 285
38327: -293 -353 -420 294
38328: -293 -353 -421 303
38329: -293 -353 -422 312
38330: -293 -353 -423 321
38331: -293 -354 -424 249
38332: -293 -354 -425 258
38334: -293 -354 -427 276
38335: -293 -354 -428 285
38336: -293 -354 -429 294
38338: -293 -354 -431 312
38339: -293 -354 -432 321
38367: -293 -358 -460 249
38368: -293 -358 -461 258
38369: -293 -358 -462 267
38370: -293 -358 -463 276
38371: -293 -358 -464 285
38372: -293 -358 -465 294
38373: -293 -358 -466 303
38374: -293 -358 -467 312
38376: -293 -359 -469 249
38377: -293 -359 -470 258
38378: -293 -359 -471 267
38379: -293 -359 -472 276
38380: -293 -359 -473 285
38381: -293 -359 -474 294
38382: -293 -359 -475 303
38383: -293 -359 -476 312
38384: -293 -359 -477 321
38385: -293 -360 -478 249
38386: -293 -360 -479 258
38387: -293 -360 -480 267
38388: -293 -360 -481 276
38389: -293 -360 -482 285
38390: -293 -360 -483 294
38391: -293 -360 -484 303
38392: -293 -360 -485 312
38393: -293 -360 -486 321
38395: -294 -433 -407 258
38400: -294 -433 -412 303
38430: -294 -437 -442 249
38448: -294 -439 -460 249
38476: -295 -514 -407 258
38477: -295 -514 -408 267
38478: -295 -514 -409 276
38479: -295 -514 -410 285
38481: -295 -514 -412 303
38488: -295 -515 -419 285
38493: -295 -516 -424 249
38502: -295 -517 -433 249
38511: -295 -518 -442 249
38525: -295 -519 -456 294
38527: -295 -519 -458 312
38557: -296 -595 -407 258
38562: -296 -595 -412 303
38570: -296 -596 -420 294
38574: -296 -597 -424 249
38578: -296 -597 -428 285
38581: -296 -597 -431 312
38583: -296 -598 -433 249
38592: -296 -599 -442 249
38595: -296 -599 -445 276
38597: -296 -599 -447 294
38610: -296 -601 -460 249
38618: -296 -601 -468 321
38627: -296 -602 -477 321
38639: -297 -676 -408 267
38641: -297 -676 -410 285
38642: -297 -676 -411 294
38643: -297 -676 -412 303
38644: -297 -676 -413 312
38701: -297 -683 -470 258
38702: -297 -683 -471 267
38704: -297 -683 -473 285
38745: -370 -40 -433 330
38746: -370 -40 -434 339
38747: -370 -40 -435 348
38748: -370 -40 -436 357
38749: -370 -40 -437 366
38750: -370 -40 -438 375
38751: -370 -40 -439 384
38752: -370 -40 -440 393
38753: -370 -40 -441 402
38801: -371 -118 -408 348
38803: -371 -118 -410 366
38804: -371 -118 -411 375
38805: -371 -118 -412 384
38806: -371 -118 -413 393
38808: -371 -119 -415 330
38810: -371 -119 -417 348
38813: -371 -119 -420 375
38814: -371 -119 -421 384
38815: -371 -119 -422 393
38816: -371 -119 -423 402
38817: -371 -120 -424 330
38822: -371 -120 -429 375
38865: -371 -125 -472 357
38882: -372 -199 -408 348
38884: -372 -199 -410 366
38889: -372 -200 -415 330
38891: -372 -200 -417 348
38892: -372 -200 -418 357
38894: -372 -200 -420 375
38896: -372 -200 -422 393
38897: -372 -200 -423 402
38898: -372 -201 -424 330
38900: -372 -201 -426 348
38903: -372 -201 -429 375
38906: -372 -201 -432 402
38907: -372 -202 -433 330
38909: -372 -202 -435 348
38914: -372 -202 -440 393
38915: -372 -202 -441 402
38924: -372 -203 -450 402
38925: -372 -204 -451 330
38934: -372 -205 -460 330
38936: -372 -205 -462 348
38943: -372 -206 -469 330
38944: -372 -206 -470 339
38945: -372 -206 -471 348
38946: -372 -206 -472 357
38948: -372 -206 -474 375
38950: -372 -206 -476 393
38952: -372 -207 -478 330
38954: -372 -207 -480 348
38955: -372 -207 -481 357
38957: -372 -207 -483 375
38958: -372 -207 -484 384
38960: -372 -207 -486 402
38970: -373 -281 -415 330
38972: -373 -281 -417 348
38973: -373 -281 -418 357
38974: -373 -281 -419 366
38975: -373 -281 -420 375
38976: -373 -281 -421 384
38977: -373 -281 -422 393
38978: -373 -281 -423 402
38979: -373 -282 -424 330
38982: -373 -282 -427 357
38984: -373 -282 -429 375
38987: -373 -282 -432 402
38993: -373 -283 -438 375
38997: -373 -284 -442 330
39015: -373 -286 -460 330
39016: -373 -286 -461 339
39018: -373 -286 -463 357
39019: -373 -286 -464 366
39020: -373 -286 -465 375
39021: -373 -286 -466 384
39023: -373 -286 -468 402
39024: -373 -287 -469 330
39025: -373 -287 -470 339
39026: -373 -287 -471 348
39027: -373 -287 -472 357
39029: -373 -287 -474 375
39030: -373 -287 -475 384
39031: -373 -287 -476 393
39032: -373 -287 -477 402
39033: -373 -288 -478 330
39034: -373 -288 -479 339
39035: -373 -288 -480 348
39036: -373 -288 -481 357
39038: -373 -288 -483 375
39039: -373 -288 -484 384
39040: -373 -288 -485 393
39041: -373 -288 -486 402
39046: -374 -361 -410 366
39053: -374 -362 -417 348
39056: -374 -362 -420 375
39058: -374 -362 -422 393
39059: -374 -362 -423 402
39061: -374 -363 -425 339
39065: -374 -363 -429 375
39067: -374 -363 -431 393
39105: -374 -368 -469 330
39107: -374 -368 -471 348
39119: -374 -369 -483 375
39125: -375 -442 -408 348
39129: -375 -442 -412 384
39132: -375 -443 -415 330
39136: -375 -443 -419 366
39150: -375 -445 -433 330
39163: -375 -446 -446 366
39177: -375 -448 -460 330
39186: -375 -449 -469 330
39195: -375 -450 -478 330
39199: -375 -450 -482 366
39205: -376 -523 -407 339
39206: -376 -523 -408 348
39207: -376 -523 -409 357
39208: -376 -523 -410 366
39210: -376 -523 -412 384
39211: -376 -523 -413 393
39223: -376 -525 -425 339
39226: -376 -525 -428 366
39231: -376 -526 -433 330
39236: -376 -526 -438 375
39252: -376 -528 -454 357
39256: -376 -528 -458 393
39258: -376 -529 -460 330
39286: -377 -604 -407 339
39287: -377 -604 -408 348
39288: -377 -604 -409 357
39290: -377 -604 -411 375
39296: -377 -605 -417 348
39297: -377 -605 -418 357
39307: -377 -606 -428 366
39312: -377 -607 -433 330
39316: -377 -607 -437 366
39321: -377 -608 -442 330
39322: -377 -608 -443 339
39347: -377 -610 -468 402
39367: -378 -685 -407 339
39368: -378 -685 -408 348
39369: -378 -685 -409 357
39371: -378 -685 -411 375
39372: -378 -685 -412 384
39373: -378 -685 -413 393
39384: -378 -687 -424 330
39397: -378 -688 -437 366
39431: -378 -692 -471 348
39502: -451 -52 -461 420
39503: -451 -52 -462 429
39504: -451 -52 -463 438
39505: -451 -52 -464 447
39506: -451 -52 -465 456
39507: -451 -52 -466 465
39509: -451 -52 -468 483
39530: -452 -127 -408 429
39535: -452 -127 -413 474
39552: -452 -129 -430 465
39564: -452 -131 -442 411
39567: -452 -131 -445 438
39574: -452 -132 -452 420
39592: -452 -134 -470 420
39594: -452 -134 -472 438
39612: -453 -208 -409 438
39613: -453 -208 -410 447
39616: -453 -208 -413 474
39618: -453 -209 -415 411
39642: -453 -211 -439 465
39644: -453 -211 -441 483
39645: -453 -212 -442 411
39656: -453 -213 -453 429
39675: -453 -215 -472 438
39676: -453 -215 -473 447
39677: -453 -215 -474 456
39695: -454 -289 -411 456
39697: -454 -289 -413 474
39708: -454 -291 -424 411
39727: -454 -293 -443 420
39728: -454 -293 -444 429
39732: -454 -293 -448 465
39733: -454 -293 -449 474
39746: -454 -295 -462 429
39757: -454 -296 -473 447
39762: -454 -297 -478 411
39764: -454 -297 -480 429
39774: -455 -370 -409 438
39778: -455 -370 -413 474
39780: -455 -371 -415 411
39782: -455 -371 -417 429
39803: -455 -373 -438 456
39805: -455 -373 -440 474
39806: -455 -373 -441 483
39827: -455 -376 -462 429
39831: -455 -376 -466 465
39836: -455 -377 -471 429
39841: -455 -377 -476 474
39842: -455 -377 -477 483
39843: -455 -378 -478 411
39844: -455 -378 -479 420
39897: -456 -456 -451 411
39898: -456 -456 -452 420
39899: -456 -456 -453 429
39947: -457 -533 -420 456
39969: -457 -536 -442 411
39998: -457 -539 -471 429
40005: -457 -540 -478 411
40017: -458 -613 -409 438
40019: -458 -613 -411 456
40028: -458 -614 -420 456
40032: -458 -615 -424 411
40049: -458 -616 -441 483
40050: -458 -617 -442 411
40055: -458 -617 -447 456
40068: -458 -619 -460 411
40239: -532 -62 -469 492
40240: -532 -62 -470 501
40241: -532 -62 -471 510
40242: -532 -62 -472 519
40243: -532 -62 -473 528
40244: -532 -62 -474 537
40245: -532 -62 -475 546
40246: -532 -62 -476 555
40247: -532 -62 -477 564
40258: -533 -136 -407 501
40262: -533 -136 -411 537
40263: -533 -136 -412 546
40264: -533 -136 -413 555
40271: -533 -137 -420 537
40272: -533 -137 -421 546
40273: -533 -137 -422 555
40276: -533 -138 -425 501
40285: -533 -139 -434 501
40294: -533 -140 -443 501
40295: -533 -140 -444 510
40303: -533 -141 -452 501
40306: -533 -141 -455 528
40312: -533 -142 -461 501
40321: -533 -143 -470 501
40329: -533 -144 -478 492
40330: -533 -144 -479 501
40332: -533 -144 -481 519
40333: -533 -144 -482 528
40334: -533 -144 -483 537
40335: -533 -144 -484 546
40340: -534 -217 -408 510
40341: -534 -217 -409 519
40343: -534 -217 -411 537
40349: -534 -218 -417 510
40350: -534 -218 -418 519
40355: -534 -218 -423 564
40357: -534 -219 -425 501
40360: -534 -219 -428 528
40361: -534 -219 -429 537
40362: -534 -219 -430 546
40365: -534 -220 -433 492
40366: -534 -220 -434 501
40367: -534 -220 -435 510
40370: -534 -220 -438 537
40371: -534 -220 -439 546
40373: -534 -220 -441 564
40376: -534 -221 -444 510
40382: -534 -221 -450 564
40385: -534 -222 -453 510
40387: -534 -222 -455 528
40394: -534 -223 -462 510
40401: -534 -224 -469 492
40402: -534 -224 -470 501
40403: -534 -224 -471 510
40404: -534 -224 -472 519
40406: -534 -224 -474 537
40407: -534 -224 -475 546
40408: -534 -224 -476 555
40410: -534 -225 -478 492
40411: -534 -225 -479 501
40412: -534 -225 -480 510
40413: -534 -225 -481 519
40415: -534 -225 -483 537
40416: -534 -225 -484 546
40417: -534 -225 -485 555
40418: -534 -225 -486 564
40420: -535 -298 -407 501
40421: -535 -298 -408 510
40423: -535 -298 -410 528
40425: -535 -298 -412 546
40426: -535 -298 -413 555
40430: -535 -299 -417 510
40431: -535 -299 -418 519
40433: -535 -299 -420 537
40434: -535 -299 -421 546
40435: -535 -299 -422 555
40436: -535 -299 -423 564
40437: -535 -300 -424 492
40438: -535 -300 -425 501
40440: -535 -300 -427 519
40442: -535 -300 -429 537
40443: -535 -300 -430 546
40455: -535 -302 -442 492
40456: -535 -302 -443 501
40457: -535 -302 -444 510
40458: -535 -302 -445 519
40459: -535 -302 -446 528
40460: -535 -302 -447 537
40461: -535 -302 -448 546
40462: -535 -302 -449 555
40463: -535 -302 -450 564
40473: -535 -304 -460 492
40476: -535 -304 -463 519
40494: -535 -306 -481 519
40501: -536 -379 -407 501
40504: -536 -379 -410 528
40506: -536 -379 -412 546
40507: -536 -379 -413 555
40509: -536 -380 -415 492
40514: -536 -380 -420 537
40518: -536 -381 -424 492
40519: -536 -381 -425 501
40524: -536 -381 -430 546
40525: -536 -381 -431 555
40527: -536 -382 -433 492
40531: -536 -382 -437 528
40532: -536 -382 -438 537
40534: -536 -382 -440 555
40567: -536 -386 -473 528
40576: -536 -387 -482 528
40590: -537 -461 -415 492
40596: -537 -461 -421 546
40599: -537 -462 -424 492
40600: -537 -462 -425 501
40603: -537 -462 -428 528
40605: -537 -462 -430 546
40607: -537 -462 -432 564
40608: -537 -463 -433 492
40614: -537 -463 -439 546
40616: -537 -463 -441 564
40617: -537 -464 -442 492
40618: -537 -464 -443 501
40619: -537 -464 -444 510
40623: -537 -464 -448 546
40624: -537 -464 -449 555
40625: -537 -464 -450 564
40641: -537 -466 -466 546
40644: -537 -467 -469 492
40645: -537 -467 -470 501
40646: -537 -467 -471 510
40648: -537 -467 -473 528
40653: -537 -468 -478 492
40655: -537 -468 -480 510
40656: -537 -468 -481 519
40657: -537 -468 -482 528
40659: -537 -468 -484 546
40668: -538 -541 -412 546
40672: -538 -542 -416 501
40673: -538 -542 -417 510
40674: -538 -542 -418 519
40675: -538 -542 -419 528
40676: -538 -542 -420 537
40678: -538 -542 -422 555
40679: -538 -542 -423 564
40680: -538 -543 -424 492
40681: -538 -543 -425 501
40683: -538 -543 -427 519
40690: -538 -544 -434 501
40698: -538 -545 -442 492
40699: -538 -545 -443 501
40700: -538 -545 -444 510
40704: -538 -545 -448 546
40725: -538 -548 -469 492
40731: -538 -548 -475 546
40740: -538 -549 -484 546
40744: -539 -622 -407 501
40745: -539 -622 -408 510
40748: -539 -622 -411 537
40750: -539 -622 -413 555
40754: -539 -623 -417 510
40759: -539 -623 -422 555
40761: -539 -624 -424 492
40768: -539 -624 -431 555
40776: -539 -625 -439 546
40777: -539 -625 -440 555
40778: -539 -625 -441 564
40784: -539 -626 -447 537
40786: -539 -626 -449 555
40797: -539 -628 -460 492
40798: -539 -628 -461 501
40799: -539 -628 -462 510
40800: -539 -628 -463 519
40801: -539 -628 -464 528
40802: -539 -628 -465 537
40803: -539 -628 -466 546
40804: -539 -628 -467 555
40812: -539 -629 -475 546
40822: -539 -630 -485 555
40825: -540 -703 -407 501
40826: -540 -703 -408 510
40827: -540 -703 -409 519
40828: -540 -703 -410 528
40829: -540 -703 -411 537
40831: -540 -703 -413 555
40841: -540 -704 -423 564
40860: -540 -707 -442 492
40878: -540 -709 -460 492
40887: -540 -710 -469 492
40889: -540 -710 -471 510
40894: -540 -710 -476 555
40895: -540 -710 -477 564
40977: -613 -72 -478 573
40978: -613 -72 -479 582
40979: -613 -72 -480 591
40980: -613 -72 -481 600
40981: -613 -72 -482 609
40982: -613 -72 -483 618
40983: -613 -72 -484 627
40984: -613 -72 -485 636
40985: -613 -72 -486 645
40988: -614 -145 -408 591
40992: -614 -145 -412 627
40993: -614 -145 -413 636
40995: -614 -146 -415 573
40998: -614 -146 -418 600
40999: -614 -146 -419 609
41000: -614 -146 -420 618
41001: -614 -146 -421 627
41003: -614 -146 -423 645
41004: -614 -147 -424 573
41008: -614 -147 -428 609
41009: -614 -147 -429 618
41012: -614 -147 -432 645
41013: -614 -148 -433 573
41021: -614 -148 -441 645
41022: -614 -149 -442 573
41024: -614 -149 -444 591
41027: -614 -149 -447 618
41030: -614 -149 -450 645
41050: -614 -152 -470 582
41053: -614 -152 -473 609
41066: -614 -153 -486 645
41068: -615 -226 -407 582
41070: -615 -226 -409 600
41074: -615 -226 -413 636
41079: -615 -227 -418 600
41080: -615 -227 -419 609
41081: -615 -227 -420 618
41084: -615 -227 -423 645
41085: -615 -228 -424 573
41091: -615 -228 -430 627
41093: -615 -228 -432 645
41095: -615 -229 -434 582
41096: -615 -229 -435 591
41099: -615 -229 -438 618
41102: -615 -229 -441 645
41103: -615 -230 -442 573
41104: -615 -230 -443 582
41105: -615 -230 -444 591
41108: -615 -230 -447 618
41111: -615 -230 -450 645
41124: -615 -232 -463 600
41140: -615 -234 -479 582
41141: -615 -234 -480 591
41143: -615 -234 -482 609
41144: -615 -234 -483 618
41149: -616 -307 -407 582
41150: -616 -307 -408 591
41151: -616 -307 -409 600
41153: -616 -307 -411 618
41154: -616 -307 -412 627
41155: -616 -307 -413 636
41159: -616 -308 -417 591
41162: -616 -308 -420 618
41170: -616 -309 -428 609
41173: -616 -309 -431 636
41184: -616 -311 -442 573
41189: -616 -311 -447 618
41192: -616 -311 -450 645
41202: -616 -313 -460 573
41203: -616 -313 -461 582
41211: -616 -314 -469 573
41228: -616 -315 -486 645
41230: -617 -388 -407 582
41231: -617 -388 -408 591
41232: -617 -388 -409 600
41236: -617 -388 -413 636
41248: -617 -390 -425 582
41250: -617 -390 -427 600
41254: -617 -390 -431 636
41256: -617 -391 -433 573
41258: -617 -391 -435 591
41264: -617 -391 -441 645
41300: -617 -395 -477 645
41309: -617 -396 -486 645
41314: -618 -469 -410 609
41322: -618 -470 -418 600
41329: -618 -471 -425 582
41331: -618 -471 -427 600
41336: -618 -471 -432 645
41345: -618 -472 -441 645
41348: -618 -473 -444 591
41349: -618 -473 -445 600
41354: -618 -473 -450 645
41364: -618 -475 -460 573
41392: -619 -550 -407 582
41393: -619 -550 -408 591
41394: -619 -550 -409 600
41395: -619 -550 -410 609
41396: -619 -550 -411 618
41397: -619 -550 -412 627
41417: -619 -552 -432 645
41418: -619 -553 -433 573
41419: -619 -553 -434 582
41427: -619 -554 -442 573
41429: -619 -554 -444 591
41433: -619 -554 -448 627
41436: -619 -555 -451 573
41442: -619 -555 -457 627
41466: -619 -558 -481 600
41467: -619 -558 -482 609
41468: -619 -558 -483 618
41479: -620 -631 -413 636
41483: -620 -632 -417 591
41486: -620 -632 -420 618
41562: -621 -713 -415 573
41564: -621 -713 -417 591
41567: -621 -713 -420 618
41571: -621 -714 -424 573
41588: -621 -715 -441 645
41604: -621 -717 -457 627
41624: -621 -719 -477 645
41625: -621 -720 -478 573
41679: -694 -78 -451 654
41680: -694 -78 -452 663
41681: -694 -78 -453 672
41682: -694 -78 -454 681
41683: -694 -78 -455 690
41684: -694 -78 -456 699
41686: -694 -78 -458 717
41718: -695 -154 -409 681
41719: -695 -154 -410 690
41721: -695 -154 -412 708
41722: -695 -154 -413 717
41724: -695 -155 -415 654
41727: -695 -155 -418 681
41728: -695 -155 -419 690
41729: -695 -155 -420 699
41730: -695 -155 -421 708
41732: -695 -155 -423 726
41733: -695 -156 -424 654
41737: -695 -156 -428 690
41738: -695 -156 -429 699
41798: -696 -235 -408 672
41799: -696 -235 -409 681
41800: -696 -235 -410 690
41802: -696 -235 -412 708
41811: -696 -236 -421 708
41814: -696 -237 -424 654
41815: -696 -237 -425 663
41817: -696 -237 -427 681
41818: -696 -237 -428 690
41819: -696 -237 -429 699
41820: -696 -237 -430 708
41821: -696 -237 -431 717
41822: -696 -237 -432 726
41823: -696 -238 -433 654
41827: -696 -238 -437 690
41832: -696 -239 -442 654
41833: -696 -239 -443 663
41834: -696 -239 -444 672
41837: -696 -239 -447 699
41840: -696 -239 -450 726
41852: -696 -241 -462 672
41878: -697 -316 -407 663
41879: -697 -316 -408 672
41880: -697 -316 -409 681
41883: -697 -316 -412 708
41884: -697 -316 -413 717
41886: -697 -317 -415 654
41888: -697 -317 -417 672
41896: -697 -318 -425 663
41912: -697 -319 -441 726
41913: -697 -320 -442 654
41914: -697 -320 -443 663
41919: -697 -320 -448 708
41921: -697 -320 -450 726
41926: -697 -321 -455 690
41940: -697 -323 -469 654
41959: -698 -397 -407 663
41961: -698 -397 -409 681
41962: -698 -397 -410 690
41964: -698 -397 -412 708
41965: -698 -397 -413 717
41977: -698 -399 -425 663
41985: -698 -400 -433 654
41986: -698 -400 -434 663
41987: -698 -400 -435 672
41988: -698 -400 -436 681
41989: -698 -400 -437 690
41990: -698 -400 -438 699
41991: -698 -400 -439 708
41992: -698 -400 -440 717
41993: -698 -400 -441 726
42040: -699 -478 -407 663
42119: -699 -486 -486 726
42121: -700 -559 -407 663
42122: -700 -559 -408 672
42124: -700 -559 -410 690
42126: -700 -559 -412 708
42127: -700 -559 -413 717
42171: -700 -564 -457 708
42204: -701 -640 -409 681
42206: -701 -640 -411 699
42207: -701 -640 -412 708
42212: -701 -641 -417 672
42252: -701 -645 -457 708
42253: -701 -645 -458 717
42273: -701 -648 -478 654
42318: -702 -725 -442 654
42939: -62 -569 -496 7
42940: -62 -569 -497 16
42941: -62 -569 -498 25
42942: -62 -569 -499 34
42943: -62 -569 -500 43
42945: -62 -569 -502 61
42946: -62 -569 -503 70
42948: -62 -570 -505 7
42949: -62 -570 -506 16
42950: -62 -570 -507 25
42951: -62 -570 -508 34
42952: -62 -570 -509 43
42954: -62 -570 -511 61
42955: -62 -570 -512 70
42956: -62 -570 -513 79
42957: -62 -571 -514 7
42958: -62 -571 -515 16
42959: -62 -571 -516 25
42960: -62 -571 -517 34
42961: -62 -571 -518 43
42963: -62 -571 -520 61
42964: -62 -571 -521 70
42965: -62 -571 -522 79
42966: -62 -572 -523 7
42967: -62 -572 -524 16
42968: -62 -572 -525 25
42969: -62 -572 -526 34
42970: -62 -572 -527 43
42972: -62 -572 -529 61
42973: -62 -572 -530 70
42974: -62 -572 -531 79
42975: -62 -573 -532 7
42976: -62 -573 -533 16
42977: -62 -573 -534 25
42978: -62 -573 -535 34
42979: -62 -573 -536 43
42981: -62 -573 -538 61
42982: -62 -573 -539 70
42983: -62 -573 -540 79
42993: -62 -575 -550 7
42994: -62 -575 -551 16
42995: -62 -575 -552 25
42996: -62 -575 -553 34
42997: -62 -575 -554 43
42999: -62 -575 -556 61
43000: -62 -575 -557 70
43001: -62 -575 -558 79
43002: -62 -576 -559 7
43003: -62 -576 -560 16
43004: -62 -576 -561 25
43005: -62 -576 -562 34
43006: -62 -576 -563 43
43008: -62 -576 -565 61
43009: -62 -576 -566 70
43010: -62 -576 -567 79
43101: -136 -11 -496 88
43103: -136 -11 -498 106
43104: -136 -11 -499 115
43105: -136 -11 -500 124
43106: -136 -11 -501 133
43107: -136 -11 -502 142
43108: -136 -11 -503 151
43109: -136 -11 -504 160
43192: -137 -93 -506 97
43193: -137 -93 -507 106
43194: -137 -93 -508 115
43195: -137 -93 -509 124
43196: -137 -93 -510 133
43197: -137 -93 -511 142
43198: -137 -93 -512 151
43199: -137 -93 -513 160
43201: -137 -94 -515 97
43203: -137 -94 -517 115
43204: -137 -94 -518 124
43205: -137 -94 -519 133
43206: -137 -94 -520 142
43208: -137 -94 -522 160
43210: -137 -95 -524 97
43211: -137 -95 -525 106
43212: -137 -95 -526 115
43213: -137 -95 -527 124
43214: -137 -95 -528 133
43215: -137 -95 -529 142
43217: -137 -95 -531 160
43237: -137 -98 -551 97
43239: -137 -98 -553 115
43240: -137 -98 -554 124
43241: -137 -98 -555 133
43242: -137 -98 -556 142
43243: -137 -98 -557 151
43244: -137 -98 -558 160
43246: -137 -99 -560 97
43247: -137 -99 -561 106
43248: -137 -99 -562 115
43249: -137 -99 -563 124
43250: -137 -99 -564 133
43252: -137 -99 -566 151
43253: -137 -99 -567 160
43255: -138 -172 -488 97
43256: -138 -172 -489 106
43257: -138 -172 -490 115
43260: -138 -172 -493 142
43272: -138 -174 -505 88
43273: -138 -174 -506 97
43275: -138 -174 -508 115
43277: -138 -174 -510 133
43278: -138 -174 -511 142
43279: -138 -174 -512 151
43280: -138 -174 -513 160
43308: -138 -178 -541 88
43309: -138 -178 -542 97
43310: -138 -178 -543 106
43311: -138 -178 -544 115
43312: -138 -178 -545 124
43314: -138 -178 -547 142
43315: -138 -178 -548 151
43316: -138 -178 -549 160
43326: -138 -180 -559 88
43331: -138 -180 -564 133
43336: -139 -253 -488 97
43337: -139 -253 -489 106
43343: -139 -253 -495 160
43371: -139 -257 -523 88
43372: -139 -257 -524 97
43373: -139 -257 -525 106
43376: -139 -257 -528 133
43377: -139 -257 -529 142
43379: -139 -257 -531 160
43392: -139 -259 -544 115
43393: -139 -259 -545 124
43417: -140 -334 -488 97
43418: -140 -334 -489 106
43419: -140 -334 -490 115
43420: -140 -334 -491 124
43422: -140 -334 -493 142
43423: -140 -334 -494 151
43424: -140 -334 -495 160
43434: -140 -336 -505 88
43435: -140 -336 -506 97
43443: -140 -337 -514 88
43470: -140 -340 -541 88
43471: -140 -340 -542 97
43472: -140 -340 -543 106
43473: -140 -340 -544 115
43474: -140 -340 -545 124
43476: -140 -340 -547 142
43477: -140 -340 -548 151
43478: -140 -340 -549 160
43491: -140 -342 -562 115
43499: -141 -415 -489 106
43500: -141 -415 -490 115
43501: -141 -415 -491 124
43503: -141 -415 -493 142
43504: -141 -415 -494 151
43505: -141 -415 -495 160
43516: -141 -417 -506 97
43533: -141 -419 -523 88
43560: -141 -422 -550 88
43571: -141 -423 -561 106
43586: -142 -496 -495 160
43596: -142 -498 -505 88
43614: -142 -500 -523 88
43624: -142 -501 -533 97
43653: -142 -504 -562 115
43660: -143 -577 -488 97
43661: -143 -577 -489 106
43663: -143 -577 -491 124
43678: -143 -579 -506 97
43695: -143 -581 -523 88
43716: -143 -583 -544 115
43717: -143 -583 -545 124
43719: -143 -583 -547 142
43720: -143 -583 -548 151
43721: -143 -583 -549 160
43747: -144 -658 -494 151
43759: -144 -660 -506 97
43776: -144 -662 -523 88
43777: -144 -662 -524 97
43793: -144 -663 -540 160
43801: -144 -664 -548 151
43803: -144 -665 -550 88
43805: -144 -665 -552 106
43839: -217 -21 -505 169
43840: -217 -21 -506 178
43842: -217 -21 -508 196
43843: -217 -21 -509 205
43844: -217 -21 -510 214
43845: -217 -21 -511 223
43846: -217 -21 -512 232
43847: -217 -21 -513 241
43904: -218 -100 -489 187
43906: -218 -100 -491 205
43908: -218 -100 -493 223
43910: -218 -100 -495 241
43911: -218 -101 -496 169
43913: -218 -101 -498 187
43914: -218 -101 -499 196
43915: -218 -101 -500 205
43916: -218 -101 -501 214
43917: -218 -101 -502 223
43918: -218 -101 -503 232
43919: -218 -101 -504 241
43938: -218 -104 -523 169
43956: -218 -106 -541 169
43957: -218 -106 -542 178
43958: -218 -106 -543 187
43959: -218 -106 -544 196
43960: -218 -106 -545 205
43962: -218 -106 -547 223
43963: -218 -106 -548 232
43964: -218 -106 -549 241
43993: -219 -182 -497 178
43994: -219 -182 -498 187
43995: -219 -182 -499 196
43997: -219 -182 -501 214
43998: -219 -182 -502 223
43999: -219 -182 -503 232
44000: -219 -182 -504 241
44011: -219 -184 -515 178
44012: -219 -184 -516 187
44013: -219 -184 -517 196
44014: -219 -184 -518 205
44015: -219 -184 -519 214
44016: -219 -184 -520 223
44018: -219 -184 -522 241
44020: -219 -185 -524 178
44021: -219 -185 -525 187
44022: -219 -185 -526 196
44023: -219 -185 -527 205
44024: -219 -185 -528 214
44025: -219 -185 -529 223
44026: -219 -185 -530 232
44027: -219 -185 -531 241
44047: -219 -188 -551 178
44048: -219 -188 -552 187
44049: -219 -188 -553 196
44050: -219 -188 -554 205
44051: -219 -188 -555 214
44052: -219 -188 -556 223
44053: -219 -188 -557 232
44054: -219 -188 -558 241
44057: -219 -189 -561 187
44058: -219 -189 -562 196
44059: -219 -189 -563 205
44060: -219 -189 -564 214
44062: -219 -189 -566 232
44063: -219 -189 -567 241
44065: -220 -262 -488 178
44066: -220 -262 -489 187
44068: -220 -262 -491 205
44070: -220 -262 -493 223
44071: -220 -262 -494 232
44072: -220 -262 -495 241
44100: -220 -266 -523 169
44102: -220 -266 -525 187
44105: -220 -266 -528 214
44106: -220 -266 -529 223
44109: -220 -267 -532 169
44114: -220 -267 -537 214
44127: -220 -269 -550 169
44146: -221 -343 -488 178
44147: -221 -343 -489 187
44148: -221 -343 -490 196
44149: -221 -343 -491 205
44151: -221 -343 -493 223
44152: -221 -343 -494 232
44153: -221 -343 -495 241
44172: -221 -346 -514 169
44175: -221 -346 -517 196
44177: -221 -346 -519 214
44186: -221 -347 -528 214
44195: -221 -348 -537 214
44199: -221 -349 -541 169
44200: -221 -349 -542 178
44201: -221 -349 -543 187
44202: -221 -349 -544 196
44203: -221 -349 -545 205
44205: -221 -349 -547 223
44206: -221 -349 -548 232
44208: -221 -350 -550 169
44209: -221 -350 -551 178
44217: -221 -351 -559 169
44223: -221 -351 -565 223
44227: -222 -424 -488 178
44229: -222 -424 -490 196
44230: -222 -424 -491 205
44232: -222 -424 -493 223
44233: -222 -424 -494 232
44234: -222 -424 -495 241
44235: -222 -425 -496 169
44238: -222 -425 -499 196
44255: -222 -427 -516 187
44256: -222 -427 -517 196
44258: -222 -427 -519 214
44264: -222 -428 -525 187
44267: -222 -428 -528 214
44280: -222 -430 -541 169
44282: -222 -430 -543 187
44284: -222 -430 -545 205
44301: -222 -432 -562 196
44303: -222 -432 -564 214
44304: -222 -432 -565 223
44316: -223 -506 -496 169
44327: -223 -507 -507 187
44339: -223 -508 -519 214
44345: -223 -509 -525 187
44354: -223 -510 -534 187
44355: -223 -510 -535 196
44356: -223 -510 -536 205
44370: -223 -512 -550 169
44389: -224 -586 -488 178
44390: -224 -586 -489 187
44391: -224 -586 -490 196
44392: -224 -586 -491 205
44394: -224 -586 -493 223
44399: -224 -587 -498 187
44415: -224 -589 -514 169
44424: -224 -590 -523 169
44425: -224 -590 -524 178
44432: -224 -590 -531 241
44442: -224 -592 -541 169
44444: -224 -592 -543 187
44448: -224 -592 -547 223
44449: -224 -592 -548 232
44450: -224 -592 -549 241
44470: -225 -667 -488 178
44471: -225 -667 -489 187
44472: -225 -667 -490 196
44500: -225 -670 -518 205
44507: -225 -671 -525 187
44510: -225 -671 -528 214
44513: -225 -671 -531 241
44515: -225 -672 -533 178
44523: -225 -673 -541 169
44525: -225 -673 -543 187
44527: -225 -673 -545 205
44529: -225 -673 -547 223
44530: -225 -673 -548 232
44531: -225 -673 -549 241
44532: -225 -674 -550 169
44533: -225 -674 -551 178
44534: -225 -674 -552 187
44535: -225 -674 -553 196
44538: -225 -674 -556 223
44539: -225 -674 -557 232
44586: -298 -32 -523 250
44587: -298 -32 -524 259
44588: -298 -32 -525 268
44589: -298 -32 -526 277
44590: -298 -32 -527 286
44591: -298 -32 -528 295
44592: -298 -32 -529 304
44593: -298 -32 -530 313
44594: -298 -32 -531 322
44634: -299 -109 -490 277
44638: -299 -109 -494 313
44640: -299 -110 -496 250
44644: -299 -110 -500 286
44645: -299 -110 -501 295
44646: -299 -110 -502 304
44647: -299 -110 -503 313
44648: -299 -110 -504 322
44655: -299 -111 -511 304
44663: -299 -112 -519 295
44672: -299 -113 -528 295
44677: -299 -114 -533 259
44680: -299 -114 -536 286
44682: -299 -114 -538 304
44683: -299 -114 -539 313
44708: -299 -117 -564 295
44713: -300 -190 -488 259
44715: -300 -190 -490 277
44716: -300 -190 -491 286
44721: -300 -191 -496 250
44723: -300 -191 -498 268
44724: -300 -191 -499 277
44725: -300 -191 -500 286
44726: -300 -191 -501 295
44727: -300 -191 -502 304
44728: -300 -191 -503 313
44729: -300 -191 -504 322
44730: -300 -192 -505 250
44731: -300 -192 -506 259
44732: -300 -192 -507 268
44733: -300 -192 -508 277
44734: -300 -192 -509 286
44735: -300 -192 -510 295
44736: -300 -192 -511 304
44737: -300 -192 -512 313
44738: -300 -192 -513 322
44739: -300 -193 -514 250
44741: -300 -193 -516 268
44742: -300 -193 -517 277
44743: -300 -193 -518 286
44744: -300 -193 -519 295
44745: -300 -193 -520 304
44748: -300 -194 -523 250
44750: -300 -194 -525 268
44753: -300 -194 -528 295
44754: -300 -194 -529 304
44757: -300 -195 -532 250
44758: -300 -195 -533 259
44761: -300 -195 -536 286
44762: -300 -195 -537 295
44763: -300 -195 -538 304
44769: -300 -196 -544 277
44775: -300 -197 -550 250
44777: -300 -197 -552 268
44779: -300 -197 -554 286
44781: -300 -197 -556 304
44784: -300 -198 -559 250
44785: -300 -198 -560 259
44786: -300 -198 -561 268
44788: -300 -198 -563 286
44789: -300 -198 -564 295
44790: -300 -198 -565 304
44792: -300 -198 -567 322
44796: -301 -271 -490 277
44804: -301 -272 -498 268
44805: -301 -272 -499 277
44808: -301 -272 -502 304
44810: -301 -272 -504 322
44811: -301 -273 -505 250
44812: -301 -273 -506 259
44816: -301 -273 -510 295
44819: -301 -273 -513 322
44839: -301 -276 -533 259
44842: -301 -276 -536 286
44843: -301 -276 -537 295
44844: -301 -276 -538 304
44845: -301 -276 -539 313
44883: -302 -353 -496 250
44885: -302 -353 -498 268
44886: -302 -353 -499 277
44887: -302 -353 -500 286
44888: -302 -353 -501 295
44889: -302 -353 -502 304
44890: -302 -353 -503 313
44891: -302 -353 -504 322
44892: -302 -354 -505 250
44893: -302 -354 -506 259
44895: -302 -354 -508 277
44896: -302 -354 -509 286
44897: -302 -354 -510 295
44898: -302 -354 -511 304
44899: -302 -354 -512 313
44900: -302 -354 -513 322
44919: -302 -357 -532 250
44920: -302 -357 -533 259
44921: -302 -357 -534 268
44923: -302 -357 -536 286
44924: -302 -357 -537 295
44925: -302 -357 -538 304
44926: -302 -357 -539 313
44927: -302 -357 -540 322
44937: -302 -359 -550 250
44938: -302 -359 -551 259
44939: -302 -359 -552 268
44940: -302 -359 -553 277
44941: -302 -359 -554 286
44942: -302 -359 -555 295
44944: -302 -359 -557 313
44945: -302 -359 -558 322
44946: -302 -360 -559 250
44947: -302 -360 -560 259
44948: -302 -360 -561 268
44949: -302 -360 -562 277
44950: -302 -360 -563 286
44951: -302 -360 -564 295
44952: -302 -360 -565 304
44953: -302 -360 -566 313
44954: -302 -360 -567 322
44957: -303 -433 -489 268
44959: -303 -433 -491 286
44962: -303 -433 -494 313
44963: -303 -433 -495 322
45029: -303 -441 -561 268
45045: -304 -515 -496 250
45062: -304 -516 -513 322
45066: -304 -517 -517 277
45077: -304 -518 -528 295
45081: -304 -519 -532 250
45082: -304 -519 -533 259
45083: -304 -519 -534 268
45084: -304 -519 -535 277
45099: -304 -521 -550 250
45119: -305 -595 -489 268
45124: -305 -595 -494 313
45125: -305 -595 -495 322
45135: -305 -597 -505 250
45141: -305 -597 -511 304
45153: -305 -599 -523 250
45199: -306 -676 -488 259
45200: -306 -676 -489 268
45205: -306 -676 -494 313
45206: -306 -676 -495 322
45234: -306 -680 -523 250
45237: -306 -680 -526 277
45259: -306 -682 -548 313
45266: -306 -683 -555 295
45306: -379 -40 -514 331
45307: -379 -40 -515 340
45308: -379 -40 -516 349
45309: -379 -40 -517 358
45310: -379 -40 -518 367
45311: -379 -40 -519 376
45312: -379 -40 -520 385
45313: -379 -40 -521 394
45314: -379 -40 -522 403
45362: -380 -118 -489 349
45364: -380 -118 -491 367
45367: -380 -118 -494 394
45368: -380 -118 -495 403
45369: -380 -119 -496 331
45372: -380 -119 -499 358
45373: -380 -119 -500 367
45374: -380 -119 -501 376
45375: -380 -119 -502 385
45376: -380 -119 -503 394
45377: -380 -119 -504 403
45378: -380 -120 -505 331
45379: -380 -120 -506 340
45383: -380 -120 -510 376
45384: -380 -120 -511 385
45392: -380 -121 -519 376
45396: -380 -122 -523 331
45399: -380 -122 -526 358
45408: -380 -123 -535 358
45410: -380 -123 -537 376
45428: -380 -125 -555 376
45432: -380 -126 -559 331
45433: -380 -126 -560 340
45434: -380 -126 -561 349
45435: -380 -126 -562 358
45437: -380 -126 -564 376
45440: -380 -126 -567 403
45443: -381 -199 -489 349
45445: -381 -199 -491 367
45450: -381 -200 -496 331
45452: -381 -200 -498 349
45453: -381 -200 -499 358
45455: -381 -200 -501 376
45456: -381 -200 -502 385
45457: -381 -200 -503 394
45458: -381 -200 -504 403
45459: -381 -201 -505 331
45460: -381 -201 -506 340
45462: -381 -201 -508 358
45463: -381 -201 -509 367
45464: -381 -201 -510 376
45465: -381 -201 -511 385
45466: -381 -201 -512 394
45467: -381 -201 -513 403
45468: -381 -202 -514 331
45469: -381 -202 -515 340
45470: -381 -202 -516 349
45473: -381 -202 -519 376
45474: -381 -202 -520 385
45475: -381 -202 -521 394
45480: -381 -203 -526 358
45482: -381 -203 -528 376
45483: -381 -203 -529 385
45484: -381 -203 -530 394
45486: -381 -204 -532 331
45487: -381 -204 -533 340
45488: -381 -204 -534 349
45489: -381 -204 -535 358
45491: -381 -204 -537 376
45492: -381 -204 -538 385
45493: -381 -204 -539 394
45504: -381 -206 -550 331
45506: -381 -206 -552 349
45510: -381 -206 -556 385
45513: -381 -207 -559 331
45514: -381 -207 -560 340
45515: -381 -207 -561 349
45516: -381 -207 -562 358
45518: -381 -207 -564 376
45519: -381 -207 -565 385
45531: -382 -281 -496 331
45533: -382 -281 -498 349
45535: -382 -281 -500 367
45536: -382 -281 -501 376
45537: -382 -281 -502 385
45539: -382 -281 -504 403
45540: -382 -282 -505 331
45543: -382 -282 -508 358
45544: -382 -282 -509 367
45545: -382 -282 -510 376
45546: -382 -282 -511 385
45547: -382 -282 -512 394
45548: -382 -282 -513 403
45551: -382 -283 -516 349
45554: -382 -283 -519 376
45556: -382 -283 -521 394
45567: -382 -285 -532 331
45568: -382 -285 -533 340
45569: -382 -285 -534 349
45571: -382 -285 -536 367
45572: -382 -285 -537 376
45574: -382 -285 -539 394
45575: -382 -285 -540 403
45585: -382 -287 -550 331
45586: -382 -287 -551 340
45588: -382 -287 -553 358
45591: -382 -287 -556 385
45594: -382 -288 -559 331
45595: -382 -288 -560 340
45597: -382 -288 -562 358
45598: -382 -288 -563 367
45599: -382 -288 -564 376
45618: -383 -362 -502 385
45621: -383 -363 -505 331
45676: -383 -369 -560 340
45680: -383 -369 -564 376
45685: -384 -442 -488 340
45686: -384 -442 -489 349
45690: -384 -442 -493 385
45691: -384 -442 -494 394
45692: -384 -442 -495 403
45706: -384 -444 -509 367
45734: -384 -447 -537 376
45756: -384 -450 -559 331
45758: -384 -450 -561 349
45759: -384 -450 -562 358
45774: -385 -524 -496 331
45784: -385 -525 -506 340
45792: -385 -526 -514 331
45797: -385 -526 -519 376
45814: -385 -528 -536 367
45828: -385 -530 -550 331
45847: -386 -604 -488 340
45848: -386 -604 -489 349
45849: -386 -604 -490 358
45854: -386 -604 -495 403
45858: -386 -605 -499 358
45864: -386 -606 -505 331
45865: -386 -606 -506 340
45868: -386 -606 -509 367
45873: -386 -607 -514 331
45884: -386 -608 -525 349
45929: -387 -685 -489 349
45933: -387 -685 -493 385
45935: -387 -685 -495 403
45939: -387 -686 -499 358
45949: -387 -687 -509 367
45954: -387 -688 -514 331
45958: -387 -688 -518 367
45964: -387 -689 -524 340
45990: -387 -692 -550 331
45995: -387 -692 -555 376
46062: -460 -52 -541 412
46063: -460 -52 -542 421
46064: -460 -52 -543 430
46065: -460 -52 -544 439
46066: -460 -52 -545 448
46068: -460 -52 -547 466
46069: -460 -52 -548 475
46070: -460 -52 -549 484
46092: -461 -127 -490 439
46096: -461 -127 -494 475
46097: -461 -127 -495 484
46098: -461 -128 -496 412
46101: -461 -128 -499 439
46103: -461 -128 -501 457
46105: -461 -128 -503 475
46107: -461 -129 -505 412
46112: -461 -129 -510 457
46113: -461 -129 -511 466
46116: -461 -130 -514 412
46121: -461 -130 -519 457
46125: -461 -131 -523 412
46128: -461 -131 -526 439
46130: -461 -131 -528 457
46171: -462 -208 -488 421
46173: -462 -208 -490 439
46174: -462 -208 -491 448
46177: -462 -208 -494 475
46178: -462 -208 -495 484
46179: -462 -209 -496 412
46185: -462 -209 -502 466
46186: -462 -209 -503 475
46188: -462 -210 -505 412
46191: -462 -210 -508 439
46193: -462 -210 -510 457
46197: -462 -211 -514 412
46198: -462 -211 -515 421
46199: -462 -211 -516 430
46201: -462 -211 -518 448
46202: -462 -211 -519 457
46203: -462 -211 -520 466
46206: -462 -212 -523 412
46207: -462 -212 -524 421
46208: -462 -212 -525 430
46211: -462 -212 -528 457
46212: -462 -212 -529 466
46233: -462 -215 -550 412
46242: -462 -216 -559 412
46243: -462 -216 -560 421
46244: -462 -216 -561 430
46248: -462 -216 -565 466
46252: -463 -289 -488 421
46254: -463 -289 -490 439
46255: -463 -289 -491 448
46258: -463 -289 -494 475
46259: -463 -289 -495 484
46266: -463 -290 -502 466
46270: -463 -291 -506 421
46287: -463 -293 -523 412
46289: -463 -293 -525 430
46290: -463 -293 -526 439
46291: -463 -293 -527 448
46292: -463 -293 -528 457
46293: -463 -293 -529 466
46294: -463 -293 -530 475
46333: -464 -370 -488 421
46335: -464 -370 -490 439
46336: -464 -370 -491 448
46339: -464 -370 -494 475
46340: -464 -370 -495 484
46341: -464 -371 -496 412
46350: -464 -372 -505 412
46351: -464 -372 -506 421
46354: -464 -372 -509 448
46355: -464 -372 -510 457
46356: -464 -372 -511 466
46359: -464 -373 -514 412
46362: -464 -373 -517 439
46364: -464 -373 -519 457
46400: -464 -377 -555 457
46435: -465 -453 -509 448
46445: -465 -454 -519 457
46512: -466 -534 -505 412
46521: -466 -535 -514 412
46544: -466 -537 -537 457
46558: -466 -539 -551 421
46578: -467 -613 -490 439
46579: -467 -613 -491 448
46582: -467 -613 -494 475
46583: -467 -613 -495 484
46662: -468 -694 -493 466
46668: -468 -695 -499 439
46669: -468 -695 -500 448
46694: -468 -698 -525 430
46697: -468 -698 -528 457
46706: -468 -699 -537 457
46710: -468 -700 -541 412
46717: -468 -700 -548 475
46800: -541 -62 -550 493
46801: -541 -62 -551 502
46802: -541 -62 -552 511
46803: -541 -62 -553 520
46804: -541 -62 -554 529
46806: -541 -62 -556 547
46807: -541 -62 -557 556
46821: -542 -136 -490 520
46826: -542 -136 -495 565
46861: -542 -140 -530 556
46869: -542 -141 -538 547
46902: -543 -217 -490 520
46907: -543 -217 -495 565
46940: -543 -221 -528 538
46943: -543 -221 -531 565
46974: -543 -225 -562 520
46984: -544 -298 -491 529
46995: -544 -299 -502 547
46998: -544 -300 -505 493
47004: -544 -300 -511 547
47005: -544 -300 -512 556
47017: -544 -302 -524 502
47018: -544 -302 -525 511
47021: -544 -302 -528 538
47024: -544 -302 -531 565
47044: -544 -305 -551 502
47053: -544 -306 -560 502
47056: -544 -306 -563 529
47064: -545 -379 -490 520
47069: -545 -379 -495 565
47070: -545 -380 -496 493
47076: -545 -380 -502 547
47080: -545 -381 -506 502
47086: -545 -381 -512 556
47089: -545 -382 -515 502
47091: -545 -382 -517 520
47093: -545 -382 -519 538
47095: -545 -382 -521 556
47109: -545 -384 -535 520
47125: -545 -386 -551 502
47126: -545 -386 -552 511
47127: -545 -386 -553 520
47134: -545 -387 -560 502
47136: -545 -387 -562 520
47140: -545 -387 -566 556
47250: -547 -544 -514 493
47277: -547 -547 -541 493
47312: -548 -622 -495 565
47313: -548 -623 -496 493
47323: -548 -624 -506 502
47341: -548 -626 -524 502
47365: -548 -628 -548 556
47388: -549 -703 -490 520
47389: -549 -703 -491 529
47392: -549 -703 -494 556
47448: -549 -710 -550 493
47449: -549 -710 -551 502
47450: -549 -710 -552 511
47452: -549 -710 -554 529
47538: -622 -72 -559 574
47539: -622 -72 -560 583
47540: -622 -72 -561 592
47541: -622 -72 -562 601
47542: -622 -72 -563 610
47543: -622 -72 -564 619
47544: -622 -72 -565 628
47545: -622 -72 -566 637
47546: -622 -72 -567 646
47549: -623 -145 -489 592
47554: -623 -145 -494 637
47558: -623 -146 -498 592
47560: -623 -146 -500 610
47562: -623 -146 -502 628
47563: -623 -146 -503 637
47565: -623 -147 -505 574
47566: -623 -147 -506 583
47570: -623 -147 -510 619
47575: -623 -148 -515 583
47578: -623 -148 -518 610
47583: -623 -149 -523 574
47584: -623 -149 -524 583
47593: -623 -150 -533 583
47598: -623 -150 -538 628
47602: -623 -151 -542 583
47605: -623 -151 -545 610
47608: -623 -151 -548 637
47611: -623 -152 -551 583
47620: -623 -153 -560 583
47630: -624 -226 -489 592
47636: -624 -226 -495 646
47639: -624 -227 -498 592
47642: -624 -227 -501 619
47645: -624 -227 -504 646
47647: -624 -228 -506 583
47650: -624 -228 -509 610
47652: -624 -228 -511 628
47653: -624 -228 -512 637
47654: -624 -228 -513 646
47655: -624 -229 -514 574
47656: -624 -229 -515 583
47657: -624 -229 -516 592
47662: -624 -229 -521 637
47664: -624 -230 -523 574
47665: -624 -230 -524 583
47666: -624 -230 -525 592
47673: -624 -231 -532 574
47674: -624 -231 -533 583
47675: -624 -231 -534 592
47678: -624 -231 -537 619
47679: -624 -231 -538 628
47680: -624 -231 -539 637
47681: -624 -231 -540 646
47684: -624 -232 -543 592
47686: -624 -232 -545 610
47691: -624 -233 -550 574
47693: -624 -233 -552 592
47700: -624 -234 -559 574
47702: -624 -234 -561 592
47707: -624 -234 -566 637
47710: -625 -307 -488 583
47711: -625 -307 -489 592
47713: -625 -307 -491 610
47715: -625 -307 -493 628
47716: -625 -307 -494 637
47717: -625 -307 -495 646
47720: -625 -308 -498 592
47723: -625 -308 -501 619
47725: -625 -308 -503 637
47728: -625 -309 -506 583
47732: -625 -309 -510 619
47734: -625 -309 -512 637
47745: -625 -311 -523 574
47746: -625 -311 -524 583
47747: -625 -311 -525 592
47748: -625 -311 -526 601
47749: -625 -311 -527 610
47750: -625 -311 -528 619
47751: -625 -311 -529 628
47752: -625 -311 -530 637
47753: -625 -311 -531 646
47757: -625 -312 -535 601
47758: -625 -312 -536 610
47759: -625 -312 -537 619
47792: -626 -388 -489 592
47797: -626 -388 -494 637
47801: -626 -389 -498 592
47808: -626 -390 -505 574
47809: -626 -390 -506 583
47812: -626 -390 -509 610
47814: -626 -390 -511 628
47815: -626 -390 -512 637
47816: -626 -390 -513 646
47817: -626 -391 -514 574
47821: -626 -391 -518 610
47822: -626 -391 -519 619
47825: -626 -391 -522 646
47829: -626 -392 -526 601
47839: -626 -393 -536 610
47840: -626 -393 -537 619
47841: -626 -393 -538 628
47866: -626 -396 -563 610
47872: -627 -469 -488 583
47873: -627 -469 -489 592
47874: -627 -469 -490 601
47877: -627 -469 -493 628
47879: -627 -469 -495 646
47889: -627 -471 -505 574
47907: -627 -473 -523 574
47931: -627 -475 -547 628
47943: -627 -477 -559 574
47944: -627 -477 -560 583
47948: -627 -477 -564 619
47961: -628 -551 -496 574
47963: -628 -551 -498 592
47965: -628 -551 -500 610
47966: -628 -551 -501 619
47968: -628 -551 -503 637
47970: -628 -552 -505 574
47971: -628 -552 -506 583
47973: -628 -552 -508 601
47974: -628 -552 -509 610
47975: -628 -552 -510 619
47977: -628 -552 -512 637
47979: -628 -553 -514 574
47981: -628 -553 -516 592
47984: -628 -553 -519 619
47986: -628 -553 -521 637
47988: -628 -554 -523 574
47989: -628 -554 -524 583
47990: -628 -554 -525 592
47993: -628 -554 -528 619
47995: -628 -554 -530 637
47996: -628 -554 -531 646
47997: -628 -555 -532 574
48000: -628 -555 -535 601
48001: -628 -555 -536 610
48004: -628 -555 -539 637
48022: -628 -557 -557 637
48025: -628 -558 -560 583
48026: -628 -558 -561 592
48027: -628 -558 -562 601
48040: -629 -631 -494 637
48042: -629 -632 -496 574
48049: -629 -632 -503 637
48051: -629 -633 -505 574
48052: -629 -633 -506 583
48058: -629 -633 -512 637
48067: -629 -634 -521 637
48071: -629 -635 -525 592
48076: -629 -635 -530 637
48084: -629 -636 -538 628
48085: -629 -636 -539 637
48105: -629 -639 -559 574
48131: -630 -713 -504 646
48137: -630 -714 -510 619
48140: -630 -714 -513 646
48141: -630 -715 -514 574
48174: -630 -718 -547 628
48177: -630 -719 -550 574
48181: -630 -719 -554 610
48183: -630 -719 -556 628
48185: -630 -719 -558 646
48240: -703 -78 -532 655
48241: -703 -78 -533 664
48242: -703 -78 -534 673
48243: -703 -78 -535 682
48244: -703 -78 -536 691
48245: -703 -78 -537 700
48246: -703 -78 -538 709
48247: -703 -78 -539 718
48248: -703 -78 -540 727
48279: -704 -154 -490 682
48280: -704 -154 -491 691
48284: -704 -154 -495 727
48285: -704 -155 -496 655
48287: -704 -155 -498 673
48290: -704 -155 -501 700
48298: -704 -156 -509 691
48300: -704 -156 -511 709
48307: -704 -157 -518 691
48308: -704 -157 -519 700
48309: -704 -157 -520 709
48314: -704 -158 -525 673
48317: -704 -158 -528 700
48318: -704 -158 -529 709
48348: -704 -162 -559 655
48351: -704 -162 -562 682
48358: -705 -235 -488 664
48364: -705 -235 -494 718
48365: -705 -235 -495 727
48369: -705 -236 -499 682
48370: -705 -236 -500 691
48371: -705 -236 -501 700
48372: -705 -236 -502 709
48375: -705 -237 -505 655
48378: -705 -237 -508 682
48379: -705 -237 -509 691
48380: -705 -237 -510 700
48381: -705 -237 -511 709
48382: -705 -237 -512 718
48383: -705 -237 -513 727
48384: -705 -238 -514 655
48389: -705 -238 -519 700
48394: -705 -239 -524 664
48398: -705 -239 -528 700
48399: -705 -239 -529 709
48407: -705 -240 -537 700
48415: -705 -241 -545 691
48434: -705 -243 -564 700
48439: -706 -316 -488 664
48440: -706 -316 -489 673
48441: -706 -316 -490 682
48446: -706 -316 -495 727
48452: -706 -317 -501 700
48453: -706 -317 -502 709
48457: -706 -318 -506 664
48461: -706 -318 -510 700
48462: -706 -318 -511 709
48464: -706 -318 -513 727
48474: -706 -320 -523 655
48476: -706 -320 -525 673
48479: -706 -320 -528 700
48488: -706 -321 -537 700
48501: -706 -323 -550 655
48512: -706 -324 -561 673
48520: -707 -397 -488 664
48522: -707 -397 -490 682
48523: -707 -397 -491 691
48527: -707 -397 -495 727
48528: -707 -398 -496 655
48534: -707 -398 -502 709
48537: -707 -399 -505 655
48538: -707 -399 -506 664
48545: -707 -399 -513 727
48546: -707 -400 -514 655
48548: -707 -400 -516 673
48549: -707 -400 -517 682
48550: -707 -400 -518 691
48551: -707 -400 -519 700
48552: -707 -400 -520 709
48560: -707 -401 -528 700
48577: -707 -403 -545 691
48596: -707 -405 -564 700
48618: -708 -480 -505 655
48632: -708 -481 -519 700
48636: -708 -482 -523 655
48677: -708 -486 -564 700
48684: -709 -559 -490 682
48693: -709 -560 -499 682
48724: -709 -563 -530 718
48742: -709 -565 -548 718
48744: -709 -566 -550 655
48763: -710 -640 -488 664
48764: -710 -640 -489 673
48765: -710 -640 -490 682
48768: -710 -640 -493 709
48769: -710 -640 -494 718
48771: -710 -641 -496 655
48772: -710 -641 -497 664
48776: -710 -641 -501 700
48778: -710 -641 -503 718
48781: -710 -642 -506 664
48783: -710 -642 -508 682
48784: -710 -642 -509 691
48786: -710 -642 -511 709
48787: -710 -642 -512 718
48796: -710 -643 -521 718
48808: -710 -645 -533 664
48810: -710 -645 -535 682
48811: -710 -645 -536 691
48813: -710 -645 -538 709
48814: -710 -645 -539 718
48823: -710 -646 -548 718
48834: -710 -648 -559 655
48859: -711 -722 -503 718
48870: -711 -724 -514 655
49581: -72 -650 -577 8
49582: -72 -650 -578 17
49583: -72 -650 -579 26
49584: -72 -650 -580 35
49585: -72 -650 -581 44
49586: -72 -650 -582 53
49588: -72 -650 -584 71
49589: -72 -650 -585 80
49590: -72 -651 -586 8
49591: -72 -651 -587 17
49592: -72 -651 -588 26
49593: -72 -651 -589 35
49594: -72 -651 -590 44
49595: -72 -651 -591 53
49597: -72 -651 -593 71
49598: -72 -651 -594 80
49599: -72 -652 -595 8
49600: -72 -652 -596 17
49601: -72 -652 -597 26
49602: -72 -652 -598 35
49603: -72 -652 -599 44
49604: -72 -652 -600 53
49606: -72 -652 -602 71
49607: -72 -652 -603 80
49608: -72 -653 -604 8
49609: -72 -653 -605 17
49610: -72 -653 -606 26
49611: -72 -653 -607 35
49612: -72 -653 -608 44
49613: -72 -653 -609 53
49615: -72 -653 -611 71
49616: -72 -653 -612 80
49617: -72 -654 -613 8
49618: -72 -654 -614 17
49619: -72 -654 -615 26
49620: -72 -654 -616 35
49621: -72 -654 -617 44
49622: -72 -654 -618 53
49624: -72 -654 -620 71
49625: -72 -654 -621 80
49626: -72 -655 -622 8
49627: -72 -655 -623 17
49628: -72 -655 -624 26
49629: -72 -655 -625 35
49630: -72 -655 -626 44
49631: -72 -655 -627 53
49633: -72 -655 -629 71
49634: -72 -655 -630 80
49644: -72 -657 -640 8
49645: -72 -657 -641 17
49646: -72 -657 -642 26
49647: -72 -657 -643 35
49648: -72 -657 -644 44
49649: -72 -657 -645 53
49651: -72 -657 -647 71
49652: -72 -657 -648 80
49662: -145 -11 -577 89
49664: -145 -11 -579 107
49665: -145 -11 -580 116
49666: -145 -11 -581 125
49667: -145 -11 -582 134
49668: -145 -11 -583 143
49669: -145 -11 -584 152
49670: -145 -11 -585 161
49753: -146 -93 -587 98
49754: -146 -93 -588 107
49755: -146 -93 -589 116
49756: -146 -93 -590 125
49757: -146 -93 -591 134
49758: -146 -93 -592 143
49759: -146 -93 -593 152
49760: -146 -93 -594 161
49762: -146 -94 -596 98
49764: -146 -94 -598 116
49765: -146 -94 -599 125
49766: -146 -94 -600 134
49767: -146 -94 -601 143
49768: -146 -94 -602 152
49769: -146 -94 -603 161
49771: -146 -95 -605 98
49775: -146 -95 -609 134
49776: -146 -95 -610 143
49778: -146 -95 -612 161
49780: -146 -96 -614 98
49782: -146 -96 -616 116
49784: -146 -96 -618 134
49785: -146 -96 -619 143
49787: -146 -96 -621 161
49807: -146 -99 -641 98
49810: -146 -99 -644 125
49812: -146 -99 -646 143
49814: -146 -99 -648 161
49816: -147 -172 -569 98
49817: -147 -172 -570 107
49833: -147 -174 -586 89
49834: -147 -174 -587 98
49836: -147 -174 -589 116
49837: -147 -174 -590 125
49838: -147 -174 -591 134
49839: -147 -174 -592 143
49840: -147 -174 -593 152
49841: -147 -174 -594 161
49842: -147 -175 -595 89
49851: -147 -176 -604 89
49857: -147 -176 -610 143
49860: -147 -177 -613 89
49861: -147 -177 -614 98
49864: -147 -177 -617 125
49870: -147 -178 -623 98
49878: -147 -179 -631 89
49880: -147 -179 -633 107
49881: -147 -179 -634 116
49882: -147 -179 -635 125
49883: -147 -179 -636 134
49885: -147 -179 -638 152
49886: -147 -179 -639 161
49887: -147 -180 -640 89
49890: -147 -180 -643 116
49897: -148 -253 -569 98
49898: -148 -253 -570 107
49899: -148 -253 -571 116
49900: -148 -253 -572 125
49915: -148 -255 -587 98
49932: -148 -257 -604 89
49938: -148 -257 -610 143
49959: -148 -260 -631 89
49960: -148 -260 -632 98
49961: -148 -260 -633 107
49962: -148 -260 -634 116
49963: -148 -260 -635 125
49964: -148 -260 -636 134
49966: -148 -260 -638 152
49978: -149 -334 -569 98
49979: -149 -334 -570 107
49982: -149 -334 -573 134
49984: -149 -334 -575 152
49996: -149 -336 -587 98
50000: -149 -336 -591 134
50002: -149 -336 -593 152
50003: -149 -336 -594 161
50004: -149 -337 -595 89
50013: -149 -338 -604 89
50024: -149 -339 -615 107
50040: -149 -341 -631 89
50041: -149 -341 -632 98
50042: -149 -341 -633 107
50043: -149 -341 -634 116
50044: -149 -341 -635 125
50045: -149 -341 -636 134
50047: -149 -341 -638 152
50048: -149 -341 -639 161
50059: -150 -415 -569 98
50060: -150 -415 -570 107
50062: -150 -415 -572 125
50065: -150 -415 -575 152
50077: -150 -417 -587 98
50108: -150 -420 -618 134
50130: -150 -423 -640 89
50141: -151 -496 -570 107
50142: -151 -496 -571 116
50143: -151 -496 -572 125
50144: -151 -496 -573 134
50146: -151 -496 -575 152
50147: -151 -496 -576 161
50176: -151 -500 -605 98
50186: -151 -501 -615 107
50187: -151 -501 -616 116
50188: -151 -501 -617 125
50189: -151 -501 -618 134
50191: -151 -501 -620 152
50202: -151 -503 -631 89
50238: -152 -579 -586 89
50249: -152 -580 -597 107
50275: -152 -583 -623 98
50278: -152 -583 -626 125
50292: -152 -585 -640 89
50302: -153 -658 -569 98
50303: -153 -658 -570 107
50304: -153 -658 -571 116
50305: -153 -658 -572 125
50308: -153 -658 -575 152
50320: -153 -660 -587 98
50323: -153 -660 -590 125
50326: -153 -660 -593 152
50338: -153 -662 -605 98
50339: -153 -662 -606 107
50346: -153 -663 -613 89
50362: -153 -664 -629 152
50364: -153 -665 -631 89
50365: -153 -665 -632 98
50366: -153 -665 -633 107
50367: -153 -665 -634 116
50369: -153 -665 -636 134
50371: -153 -665 -638 152
50372: -153 -665 -639 161
50377: -153 -666 -644 125
50400: -226 -21 -586 170
50401: -226 -21 -587 179
50403: -226 -21 -589 197
50404: -226 -21 -590 206
50405: -226 -21 -591 215
50406: -226 -21 -592 224
50407: -226 -21 -593 233
50408: -226 -21 -594 242
50464: -227 -100 -569 179
50465: -227 -100 -570 188
50466: -227 -100 -571 197
50470: -227 -100 -575 233
50472: -227 -101 -577 170
50474: -227 -101 -579 188
50475: -227 -101 -580 197
50476: -227 -101 -581 206
50477: -227 -101 -582 215
50478: -227 -101 -583 224
50479: -227 -101 -584 233
50480: -227 -101 -585 242
50490: -227 -103 -595 170
50499: -227 -104 -604 170
50505: -227 -104 -610 224
50526: -227 -107 -631 170
50527: -227 -107 -632 179
50528: -227 -107 -633 188
50529: -227 -107 -634 197
50530: -227 -107 -635 206
50531: -227 -107 -636 215
50533: -227 -107 -638 233
50534: -227 -107 -639 242
50539: -227 -108 -644 206
50553: -228 -182 -577 170
50554: -228 -182 -578 179
50555: -228 -182 -579 188
50556: -228 -182 -580 197
50557: -228 -182 -581 206
50558: -228 -182 -582 215
50559: -228 -182 -583 224
50560: -228 -182 -584 233
50561: -228 -182 -585 242
50572: -228 -184 -596 179
50573: -228 -184 -597 188
50574: -228 -184 -598 197
50575: -228 -184 -599 206
50576: -228 -184 -600 215
50577: -228 -184 -601 224
50578: -228 -184 -602 233
50580: -228 -185 -604 170
50582: -228 -185 -606 188
50583: -228 -185 -607 197
50584: -228 -185 -608 206
50585: -228 -185 -609 215
50586: -228 -185 -610 224
50587: -228 -185 -611 233
50588: -228 -185 -612 242
50591: -228 -186 -615 188
50592: -228 -186 -616 197
50593: -228 -186 -617 206
50594: -228 -186 -618 215
50595: -228 -186 -619 224
50597: -228 -186 -621 242
50618: -228 -189 -642 188
50620: -228 -189 -644 206
50622: -228 -189 -646 224
50623: -228 -189 -647 233
50624: -228 -189 -648 242
50626: -229 -262 -569 179
50627: -229 -262 -570 188
50628: -229 -262 -571 197
50629: -229 -262 -572 206
50630: -229 -262 -573 215
50632: -229 -262 -575 233
50633: -229 -262 -576 242
50636: -229 -263 -579 188
50661: -229 -266 -604 170
50663: -229 -266 -606 188
50665: -229 -266 -608 206
50667: -229 -266 -610 224
50672: -229 -267 -615 188
50688: -229 -269 -631 170
50689: -229 -269 -632 179
50691: -229 -269 -634 197
50692: -229 -269 -635 206
50695: -229 -269 -638 233
50696: -229 -269 -639 242
50699: -229 -270 -642 188
50700: -229 -270 -643 197
50707: -230 -343 -569 179
50708: -230 -343 -570 188
50709: -230 -343 -571 197
50710: -230 -343 -572 206
50711: -230 -343 -573 215
50713: -230 -343 -575 233
50714: -230 -343 -576 242
50733: -230 -346 -595 170
50737: -230 -346 -599 206
50739: -230 -346 -601 224
50744: -230 -347 -606 188
50760: -230 -349 -622 170
50769: -230 -350 -631 170
50770: -230 -350 -632 179
50771: -230 -350 -633 188
50772: -230 -350 -634 197
50773: -230 -350 -635 206
50774: -230 -350 -636 215
50776: -230 -350 -638 233
50782: -230 -351 -644 206
50786: -230 -351 -648 242
50788: -231 -424 -569 179
50789: -231 -424 -570 188
50790: -231 -424 -571 197
50791: -231 -424 -572 206
50792: -231 -424 -573 215
50794: -231 -424 -575 233
50795: -231 -424 -576 242
50802: -231 -425 -583 224
50819: -231 -427 -600 215
50825: -231 -428 -606 188
50850: -231 -431 -631 170
50853: -231 -431 -634 197
50855: -231 -431 -636 215
50858: -231 -431 -639 242
50859: -231 -432 -640 170
50865: -231 -432 -646 224
50869: -232 -505 -569 179
50871: -232 -505 -571 197
50872: -232 -505 -572 206
50873: -232 -505 -573 215
50875: -232 -505 -575 233
50876: -232 -505 -576 242
50904: -232 -509 -604 170
50905: -232 -509 -605 179
50906: -232 -509 -606 188
50913: -232 -510 -613 170
50914: -232 -510 -614 179
50916: -232 -510 -616 197
50917: -232 -510 -617 206
50931: -232 -512 -631 170
50944: -232 -513 -644 206
50958: -233 -587 -577 170
50976: -233 -589 -595 170
50987: -233 -590 -606 188
51004: -233 -592 -623 179
51021: -233 -594 -640 170
51031: -234 -667 -569 179
51032: -234 -667 -570 188
51033: -234 -667 -571 197
51035: -234 -667 -573 215
51037: -234 -667 -575 233
51068: -234 -671 -606 188
51087: -234 -673 -625 197
51093: -234 -674 -631 170
51095: -234 -674 -633 188
51097: -234 -674 -635 206
51098: -234 -674 -636 215
51100: -234 -674 -638 233
51101: -234 -674 -639 242
51147: -307 -32 -604 251
51148: -307 -32 -605 260
51149: -307 -32 -606 269
51150: -307 -32 -607 278
51151: -307 -32 -608 287
51152: -307 -32 -609 296
51153: -307 -32 -610 305
51154: -307 -32 -611 314
51155: -307 -32 -612 323
51195: -308 -109 -571 278
51201: -308 -110 -577 251
51203: -308 -110 -579 269
51204: -308 -110 -580 278
51205: -308 -110 -581 287
51206: -308 -110 -582 296
51207: -308 -110 -583 305
51208: -308 -110 -584 314
51209: -308 -110 -585 323
51210: -308 -111 -586 251
51214: -308 -111 -590 287
51215: -308 -111 -591 296
51217: -308 -111 -593 314
51218: -308 -111 -594 323
51228: -308 -113 -604 251
51229: -308 -113 -605 260
51231: -308 -113 -607 278
51235: -308 -113 -611 314
51238: -308 -114 -614 260
51241: -308 -114 -617 287
51246: -308 -115 -622 251
51247: -308 -115 -623 260
51250: -308 -115 -626 287
51252: -308 -115 -628 305
51253: -308 -115 -629 314
51274: -309 -190 -569 260
51276: -309 -190 -571 278
51280: -309 -190 -575 314
51281: -309 -190 -576 323
51282: -309 -191 -577 251
51284: -309 -191 -579 269
51286: -309 -191 -581 287
51288: -309 -191 -583 305
51289: -309 -191 -584 314
51291: -309 -192 -586 251
51294: -309 -192 -589 278
51295: -309 -192 -590 287
51296: -309 -192 -591 296
51297: -309 -192 -592 305
51298: -309 -192 -593 314
51299: -309 -192 -594 323
51300: -309 -193 -595 251
51309: -309 -194 -604 251
51310: -309 -194 -605 260
51311: -309 -194 -606 269
51315: -309 -194 -610 305
51316: -309 -194 -611 314
51318: -309 -195 -613 251
51319: -309 -195 -614 260
51320: -309 -195 -615 269
51323: -309 -195 -618 296
51325: -309 -195 -620 314
51327: -309 -196 -622 251
51328: -309 -196 -623 260
51329: -309 -196 -624 269
51331: -309 -196 -626 287
51333: -309 -196 -628 305
51334: -309 -196 -629 314
51335: -309 -196 -630 323
51339: -309 -197 -634 278
51348: -309 -198 -643 278
51352: -309 -198 -647 314
51357: -310 -271 -571 278
51370: -310 -272 -584 314
51372: -310 -273 -586 251
51373: -310 -273 -587 260
51376: -310 -273 -590 287
51399: -310 -276 -613 251
51404: -310 -276 -618 296
51405: -310 -276 -619 305
51414: -310 -277 -628 305
51426: -310 -279 -640 251
51444: -311 -353 -577 251
51446: -311 -353 -579 269
51447: -311 -353 -580 278
51448: -311 -353 -581 287
51449: -311 -353 -582 296
51450: -311 -353 -583 305
51451: -311 -353 -584 314
51452: -311 -353 -585 323
51453: -311 -354 -586 251
51454: -311 -354 -587 260
51456: -311 -354 -589 278
51457: -311 -354 -590 287
51458: -311 -354 -591 296
51459: -311 -354 -592 305
51460: -311 -354 -593 314
51461: -311 -354 -594 323
51480: -311 -357 -613 251
51481: -311 -357 -614 260
51482: -311 -357 -615 269
51483: -311 -357 -616 278
51484: -311 -357 -617 287
51485: -311 -357 -618 296
51486: -311 -357 -619 305
51487: -311 -357 -620 314
51488: -311 -357 -621 323
51489: -311 -358 -622 251
51490: -311 -358 -623 260
51491: -311 -358 -624 269
51493: -311 -358 -626 287
51495: -311 -358 -628 305
51496: -311 -358 -629 314
51507: -311 -360 -640 251
51508: -311 -360 -641 260
51509: -311 -360 -642 269
51510: -311 -360 -643 278
51511: -311 -360 -644 287
51512: -311 -360 -645 296
51513: -311 -360 -646 305
51514: -311 -360 -647 314
51515: -311 -360 -648 323
51517: -312 -433 -569 260
51518: -312 -433 -570 269
51519: -312 -433 -571 278
51520: -312 -433 -572 287
51521: -312 -433 -573 296
51525: -312 -434 -577 251
51528: -312 -434 -580 278
51535: -312 -435 -587 260
51539: -312 -435 -591 296
51552: -312 -437 -604 251
51555: -312 -437 -607 278
51587: -312 -440 -639 323
51598: -313 -514 -569 260
51599: -313 -514 -570 269
51601: -313 -514 -572 287
51602: -313 -514 -573 296
51604: -313 -514 -575 314
51605: -313 -514 -576 323
51616: -313 -516 -587 260
51621: -313 -516 -592 305
51643: -313 -519 -614 260
51644: -313 -519 -615 269
51646: -313 -519 -617 287
51647: -313 -519 -618 296
51657: -313 -520 -628 305
51692: -314 -596 -582 296
51708: -314 -598 -598 278
51714: -314 -599 -604 251
51732: -314 -601 -622 251
51750: -314 -603 -640 251
51760: -315 -676 -569 260
51763: -315 -676 -572 287
51764: -315 -676 -573 296
51766: -315 -676 -575 314
51767: -315 -676 -576 323
51778: -315 -678 -587 260
51795: -315 -680 -604 251
51867: -388 -40 -595 332
51868: -388 -40 -596 341
51869: -388 -40 -597 350
51870: -388 -40 -598 359
51871: -388 -40 -599 368
51872: -388 -40 -600 377
51873: -388 -40 -601 386
51874: -388 -40 -602 395
51875: -388 -40 -603 404
51923: -389 -118 -570 350
51924: -389 -118 -571 359
51925: -389 -118 -572 368
51926: -389 -118 -573 377
51930: -389 -119 -577 332
51932: -389 -119 -579 350
51933: -389 -119 -580 359
51934: -389 -119 -581 368
51936: -389 -119 -583 386
51937: -389 -119 -584 395
51938: -389 -119 -585 404
51940: -389 -120 -587 341
51942: -389 -120 -589 359
51946: -389 -120 -593 395
51948: -389 -121 -595 332
51954: -389 -121 -601 386
51957: -389 -122 -604 332
51966: -389 -123 -613 332
51967: -389 -123 -614 341
51969: -389 -123 -616 359
51973: -389 -123 -620 395
51978: -389 -124 -625 359
51981: -389 -124 -628 386
51983: -389 -124 -630 404
51984: -389 -125 -631 332
51987: -389 -125 -634 359
51996: -389 -126 -643 359
52005: -390 -199 -571 359
52006: -390 -199 -572 368
52011: -390 -200 -577 332
52013: -390 -200 -579 350
52014: -390 -200 -580 359
52016: -390 -200 -582 377
52018: -390 -200 -584 395
52020: -390 -201 -586 332
52021: -390 -201 -587 341
52024: -390 -201 -590 368
52026: -390 -201 -592 386
52027: -390 -201 -593 395
52029: -390 -202 -595 332
52030: -390 -202 -596 341
52031: -390 -202 -597 350
52032: -390 -202 -598 359
52033: -390 -202 -599 368
52035: -390 -202 -601 386
52036: -390 -202 -602 395
52037: -390 -202 -603 404
52041: -390 -203 -607 359
52044: -390 -203 -610 386
52047: -390 -204 -613 332
52048: -390 -204 -614 341
52049: -390 -204 -615 350
52050: -390 -204 -616 359
52051: -390 -204 -617 368
52053: -390 -204 -619 386
52054: -390 -204 -620 395
52056: -390 -205 -622 332
52057: -390 -205 -623 341
52058: -390 -205 -624 350
52059: -390 -205 -625 359
52060: -390 -205 -626 368
52061: -390 -205 -627 377
52062: -390 -205 -628 386
52063: -390 -205 -629 395
52074: -390 -207 -640 332
52076: -390 -207 -642 350
52077: -390 -207 -643 359
52081: -390 -207 -647 395
52092: -391 -281 -577 332
52094: -391 -281 -579 350
52095: -391 -281 -580 359
52098: -391 -281 -583 386
52099: -391 -281 -584 395
52100: -391 -281 -585 404
52101: -391 -282 -586 332
52102: -391 -282 -587 341
52104: -391 -282 -589 359
52105: -391 -282 -590 368
52106: -391 -282 -591 377
52107: -391 -282 -592 386
52108: -391 -282 -593 395
52111: -391 -283 -596 341
52112: -391 -283 -597 350
52128: -391 -285 -613 332
52129: -391 -285 -614 341
52130: -391 -285 -615 350
52132: -391 -285 -617 368
52134: -391 -285 -619 386
52135: -391 -285 -620 395
52137: -391 -286 -622 332
52138: -391 -286 -623 341
52142: -391 -286 -627 377
52143: -391 -286 -628 386
52155: -391 -288 -640 332
52157: -391 -288 -642 350
52158: -391 -288 -643 359
52159: -391 -288 -644 368
52160: -391 -288 -645 377
52161: -391 -288 -646 386
52162: -391 -288 -647 395
52163: -391 -288 -648 404
52168: -392 -361 -572 368
52175: -392 -362 -579 350
52178: -392 -362 -582 377
52180: -392 -362 -584 395
52181: -392 -362 -585 404
52182: -392 -363 -586 332
52189: -392 -363 -593 395
52203: -392 -365 -607 359
52239: -392 -369 -643 359
52246: -393 -442 -569 341
52247: -393 -442 -570 350
52248: -393 -442 -571 359
52250: -393 -442 -573 377
52253: -393 -442 -576 404
52254: -393 -443 -577 332
52256: -393 -443 -579 350
52257: -393 -443 -580 359
52260: -393 -443 -583 386
52264: -393 -444 -587 341
52268: -393 -444 -591 377
52281: -393 -446 -604 332
52283: -393 -446 -606 350
52315: -393 -449 -638 395
52327: -394 -523 -569 341
52328: -394 -523 -570 350
52329: -394 -523 -571 359
52333: -394 -523 -575 395
52334: -394 -523 -576 404
52351: -394 -525 -593 395
52362: -394 -527 -604 332
52372: -394 -528 -614 341
52373: -394 -528 -615 350
52374: -394 -528 -616 359
52386: -394 -529 -628 386
52416: -395 -605 -577 332
52434: -395 -607 -595 332
52447: -395 -608 -608 368
52462: -395 -610 -623 341
52489: -396 -685 -569 341
52490: -396 -685 -570 350
52491: -396 -685 -571 359
52493: -396 -685 -573 377
52495: -396 -685 -575 395
52496: -396 -685 -576 404
52500: -396 -686 -580 359
52505: -396 -686 -585 404
52507: -396 -687 -587 341
52509: -396 -687 -589 359
52515: -396 -688 -595 332
52524: -396 -689 -604 332
52554: -396 -692 -634 359
52556: -396 -692 -636 377
52558: -396 -692 -638 395
52559: -396 -692 -639 404
52623: -469 -52 -622 413
52624: -469 -52 -623 422
52625: -469 -52 -624 431
52626: -469 -52 -625 440
52627: -469 -52 -626 449
52628: -469 -52 -627 458
52629: -469 -52 -628 467
52630: -469 -52 -629 476
52631: -469 -52 -630 485
52651: -470 -127 -569 422
52652: -470 -127 -570 431
52655: -470 -127 -573 458
52659: -470 -128 -577 413
52662: -470 -128 -580 440
52663: -470 -128 -581 449
52665: -470 -128 -583 467
52666: -470 -128 -584 476
52671: -470 -129 -589 440
52672: -470 -129 -590 449
52675: -470 -129 -593 476
52683: -470 -130 -601 467
52700: -470 -132 -618 458
52706: -470 -133 -624 431
52733: -471 -208 -570 431
52735: -471 -208 -572 449
52736: -471 -208 -573 458
52742: -471 -209 -579 431
52744: -471 -209 -581 449
52745: -471 -209 -582 458
52746: -471 -209 -583 467
52747: -471 -209 -584 476
52749: -471 -210 -586 413
52752: -471 -210 -589 440
52753: -471 -210 -590 449
52756: -471 -210 -593 476
52758: -471 -211 -595 413
52759: -471 -211 -596 422
52760: -471 -211 -597 431
52762: -471 -211 -599 449
52764: -471 -211 -601 467
52765: -471 -211 -602 476
52767: -471 -212 -604 413
52768: -471 -212 -605 422
52769: -471 -212 -606 431
52773: -471 -212 -610 467
52774: -471 -212 -611 476
52775: -471 -212 -612 485
52779: -471 -213 -616 440
52781: -471 -213 -618 458
52813: -472 -289 -569 422
52814: -472 -289 -570 431
52815: -472 -289 -571 440
52817: -472 -289 -573 458
52819: -472 -289 -575 476
52830: -472 -291 -586 413
52835: -472 -291 -591 458
52837: -472 -291 -593 476
52848: -472 -293 -604 413
52850: -472 -293 -606 431
52851: -472 -293 -607 440
52852: -472 -293 -608 449
52854: -472 -293 -610 467
52855: -472 -293 -611 476
52856: -472 -293 -612 485
52869: -472 -295 -625 440
52897: -473 -370 -572 449
52898: -473 -370 -573 458
52901: -473 -370 -576 485
52902: -473 -371 -577 413
52907: -473 -371 -582 458
52912: -473 -372 -587 422
52916: -473 -372 -591 458
52920: -473 -373 -595 413
52923: -473 -373 -598 440
52924: -473 -373 -599 449
52926: -473 -373 -601 467
52927: -473 -373 -602 476
52928: -473 -373 -603 485
52944: -473 -375 -619 467
52963: -473 -377 -638 476
52979: -474 -451 -573 458
52992: -474 -453 -586 413
52993: -474 -453 -587 422
53005: -474 -454 -599 449
53073: -475 -534 -586 413
53103: -475 -537 -616 440
53104: -475 -537 -617 449
53148: -476 -614 -580 440
53155: -476 -615 -587 422
53169: -476 -616 -601 467
53178: -476 -617 -610 467
53186: -476 -618 -618 458
53208: -476 -621 -640 413
53218: -477 -694 -569 422
53219: -477 -694 -570 431
53220: -477 -694 -571 440
53221: -477 -694 -572 449
53224: -477 -694 -575 476
53225: -477 -694 -576 485
53230: -477 -695 -581 449
53232: -477 -695 -583 467
53233: -477 -695 -584 476
53242: -477 -696 -593 476
53251: -477 -697 -602 476
53253: -477 -698 -604 413
53258: -477 -698 -609 458
53274: -477 -700 -625 440
53275: -477 -700 -626 449
53278: -477 -700 -629 476
53361: -550 -62 -631 494
53362: -550 -62 -632 503
53363: -550 -62 -633 512
53364: -550 -62 -634 521
53365: -550 -62 -635 530
53366: -550 -62 -636 539
53368: -550 -62 -638 557
53369: -550 -62 -639 566
53382: -551 -136 -571 521
53383: -551 -136 -572 530
53387: -551 -136 -576 566
53388: -551 -137 -577 494
53394: -551 -137 -583 548
53396: -551 -137 -585 566
53415: -551 -140 -604 494
53435: -551 -142 -624 512
53462: -552 -217 -570 512
53463: -552 -217 -571 521
53464: -552 -217 -572 530
53465: -552 -217 -573 539
53468: -552 -217 -576 566
53469: -552 -218 -577 494
53471: -552 -218 -579 512
53476: -552 -218 -584 557
53478: -552 -219 -586 494
53479: -552 -219 -587 503
53484: -552 -219 -592 548
53486: -552 -219 -594 566
53487: -552 -220 -595 494
53488: -552 -220 -596 503
53489: -552 -220 -597 512
53494: -552 -220 -602 557
53496: -552 -221 -604 494
53497: -552 -221 -605 503
53498: -552 -221 -606 512
53502: -552 -221 -610 548
53503: -552 -221 -611 557
53504: -552 -221 -612 566
53505: -552 -222 -613 494
53506: -552 -222 -614 503
53507: -552 -222 -615 512
53512: -552 -222 -620 557
53527: -552 -224 -635 530
53532: -552 -225 -640 494
53534: -552 -225 -642 512
53539: -552 -225 -647 557
53543: -553 -298 -570 512
53544: -553 -298 -571 521
53545: -553 -298 -572 530
53546: -553 -298 -573 539
53548: -553 -298 -575 557
53549: -553 -298 -576 566
53559: -553 -300 -586 494
53563: -553 -300 -590 530
53577: -553 -302 -604 494
53578: -553 -302 -605 503
53579: -553 -302 -606 512
53580: -553 -302 -607 521
53581: -553 -302 -608 530
53582: -553 -302 -609 539
53583: -553 -302 -610 548
53584: -553 -302 -611 557
53585: -553 -302 -612 566
53623: -554 -379 -569 503
53624: -554 -379 -570 512
53625: -554 -379 -571 521
53626: -554 -379 -572 530
53627: -554 -379 -573 539
53630: -554 -379 -576 566
53640: -554 -381 -586 494
53641: -554 -381 -587 503
53649: -554 -382 -595 494
53650: -554 -382 -596 503
53653: -554 -382 -599 530
53654: -554 -382 -600 539
53655: -554 -382 -601 548
53656: -554 -382 -602 557
53710: -555 -460 -575 557
53718: -555 -461 -583 548
53741: -555 -464 -606 512
53758: -555 -466 -623 503
53774: -555 -467 -639 566
53786: -556 -541 -570 512
53838: -556 -547 -622 494
53869: -557 -622 -572 530
53880: -557 -623 -583 548
53889: -557 -624 -592 548
53892: -557 -625 -595 494
53925: -557 -628 -628 548
53949: -558 -703 -571 521
53950: -558 -703 -572 530
53951: -558 -703 -573 539
53954: -558 -703 -576 566
53973: -558 -706 -595 494
54100: -631 -72 -641 584
54101: -631 -72 -642 593
54102: -631 -72 -643 602
54103: -631 -72 -644 611
54105: -631 -72 -646 629
54107: -631 -72 -648 647
54112: -632 -145 -572 611
54142: -632 -148 -602 638
54186: -632 -153 -646 629
54194: -633 -226 -573 620
54216: -633 -229 -595 575
54220: -633 -229 -599 611
54225: -633 -230 -604 575
54231: -633 -230 -610 629
54232: -633 -230 -611 638
54240: -633 -231 -619 629
54274: -634 -307 -572 611
54275: -634 -307 -573 620
54277: -634 -307 -575 638
54279: -634 -308 -577 575
54281: -634 -308 -579 593
54285: -634 -308 -583 629
54286: -634 -308 -584 638
54288: -634 -309 -586 575
54295: -634 -309 -593 638
54296: -634 -309 -594 647
54307: -634 -311 -605 584
54308: -634 -311 -606 593
54313: -634 -311 -611 638
54319: -634 -312 -617 611
54320: -634 -312 -618 620
54322: -634 -312 -620 638
54323: -634 -312 -621 647
54343: -634 -315 -641 584
54346: -634 -315 -644 611
54347: -634 -315 -645 620
54354: -635 -388 -571 602
54367: -635 -389 -584 638
54369: -635 -390 -586 575
54370: -635 -390 -587 584
54372: -635 -390 -589 602
54374: -635 -390 -591 620
54375: -635 -390 -592 629
54376: -635 -390 -593 638
54377: -635 -390 -594 647
54379: -635 -391 -596 584
54380: -635 -391 -597 593
54383: -635 -391 -600 620
54384: -635 -391 -601 629
54385: -635 -391 -602 638
54396: -635 -393 -613 575
54399: -635 -393 -616 602
54407: -635 -394 -624 593
54426: -635 -396 -643 602
54435: -636 -469 -571 602
54448: -636 -470 -584 638
54459: -636 -472 -595 575
54463: -636 -472 -599 611
54504: -636 -477 -640 575
54506: -636 -477 -642 593
54609: -638 -632 -583 629
54661: -638 -638 -635 611
54680: -639 -712 -573 620
54691: -639 -713 -584 638
54709: -639 -715 -602 638
54730: -639 -718 -623 584
54801: -712 -78 -613 656
54802: -712 -78 -614 665
54803: -712 -78 -615 674
54804: -712 -78 -616 683
54805: -712 -78 -617 692
54806: -712 -78 -618 701
54807: -712 -78 -619 710
54808: -712 -78 -620 719
54809: -712 -78 -621 728
54838: -713 -154 -569 665
54850: -713 -155 -581 692
54851: -713 -155 -582 701
54853: -713 -155 -584 719
54856: -713 -156 -587 665
54861: -713 -156 -592 710
54865: -713 -157 -596 665
54873: -713 -158 -604 656
54874: -713 -158 -605 665
54877: -713 -158 -608 692
54878: -713 -158 -609 701
54880: -713 -158 -611 719
54883: -713 -159 -614 665
54892: -713 -160 -623 665
54893: -713 -160 -624 674
54901: -713 -161 -632 665
54904: -713 -161 -635 692
54910: -713 -162 -641 665
54919: -714 -235 -569 665
54920: -714 -235 -570 674
54923: -714 -235 -573 701
54925: -714 -235 -575 719
54926: -714 -235 -576 728
54927: -714 -236 -577 656
54929: -714 -236 -579 674
54933: -714 -236 -583 710
54937: -714 -237 -587 665
54940: -714 -237 -590 692
54941: -714 -237 -591 701
54943: -714 -237 -593 719
54944: -714 -237 -594 728
54945: -714 -238 -595 656
54947: -714 -238 -597 674
54954: -714 -239 -604 656
54955: -714 -239 -605 665
54956: -714 -239 -606 674
54965: -714 -240 -615 674
54972: -714 -241 -622 656
54973: -714 -241 -623 665
54974: -714 -241 -624 674
54976: -714 -241 -626 692
54977: -714 -241 -627 701
54978: -714 -241 -628 710
54979: -714 -241 -629 719
54980: -714 -241 -630 728
54983: -714 -242 -633 674
54989: -714 -242 -639 728
54992: -714 -243 -642 674
55000: -715 -316 -569 665
55002: -715 -316 -571 683
55004: -715 -316 -573 701
55007: -715 -316 -576 728
55008: -715 -317 -577 656
55010: -715 -317 -579 674
55011: -715 -317 -580 683
55013: -715 -317 -582 701
55014: -715 -317 -583 710
55016: -715 -317 -585 728
55018: -715 -318 -587 665
55020: -715 -318 -589 683
55025: -715 -318 -594 728
55028: -715 -319 -597 674
55035: -715 -320 -604 656
55036: -715 -320 -605 665
55037: -715 -320 -606 674
55038: -715 -320 -607 683
55039: -715 -320 -608 692
55040: -715 -320 -609 701
55041: -715 -320 -610 710
55042: -715 -320 -611 719
55043: -715 -320 -612 728
55056: -715 -322 -625 683
55063: -715 -323 -632 665
55071: -715 -324 -640 656
55081: -716 -397 -569 665
55084: -716 -397 -572 692
55085: -716 -397 -573 701
55088: -716 -397 -576 728
55093: -716 -398 -581 692
55095: -716 -398 -583 710
55098: -716 -399 -586 656
55099: -716 -399 -587 665
55101: -716 -399 -589 683
55103: -716 -399 -591 701
55104: -716 -399 -592 710
55105: -716 -399 -593 719
55106: -716 -399 -594 728
55107: -716 -400 -595 656
55108: -716 -400 -596 665
55109: -716 -400 -597 674
55110: -716 -400 -598 683
55111: -716 -400 -599 692
55112: -716 -400 -600 701
55113: -716 -400 -601 710
55114: -716 -400 -602 719
55115: -716 -400 -603 728
55119: -716 -401 -607 683
55129: -716 -402 -617 692
55135: -716 -403 -623 665
55140: -716 -403 -628 710
55153: -716 -405 -641 665
55164: -717 -478 -571 683
55165: -717 -478 -572 692
55166: -717 -478 -573 701
55184: -717 -480 -591 701
55193: -717 -481 -600 701
55202: -717 -482 -609 701
55220: -717 -484 -627 701
55229: -717 -485 -636 701
55233: -717 -486 -640 656
55238: -717 -486 -645 701
55239: -717 -486 -646 710
55244: -718 -559 -570 674
55245: -718 -559 -571 683
55246: -718 -559 -572 692
55247: -718 -559 -573 701
55249: -718 -559 -575 719
55269: -718 -562 -595 656
55278: -718 -563 -604 656
55280: -718 -563 -606 674
55291: -718 -564 -617 692
55320: -718 -567 -646 710
55332: -719 -641 -577 656
55335: -719 -641 -580 683
55336: -719 -641 -581 692
55337: -719 -641 -582 701
55338: -719 -641 -583 710
55340: -719 -641 -585 728
55341: -719 -642 -586 656
55342: -719 -642 -587 665
55344: -719 -642 -589 683
55345: -719 -642 -590 692
55346: -719 -642 -591 701
55347: -719 -642 -592 710
55349: -719 -642 -594 728
55350: -719 -643 -595 656
55351: -719 -643 -596 665
55352: -719 -643 -597 674
55354: -719 -643 -599 692
55356: -719 -643 -601 710
55358: -719 -643 -603 728
55359: -719 -644 -604 656
55360: -719 -644 -605 665
55362: -719 -644 -607 683
55365: -719 -644 -610 710
55367: -719 -644 -612 728
55369: -719 -645 -614 665
55370: -719 -645 -615 674
55371: -719 -645 -616 683
55372: -719 -645 -617 692
55373: -719 -645 -618 701
55376: -719 -645 -621 728
55377: -719 -646 -622 656
55378: -719 -646 -623 665
55379: -719 -646 -624 674
55380: -719 -646 -625 683
55381: -719 -646 -626 692
55382: -719 -646 -627 701
55385: -719 -646 -630 728
55403: -719 -648 -648 728
55412: -720 -721 -576 728
55413: -720 -722 -577 656
55415: -720 -722 -579 674
55416: -720 -722 -580 683
55421: -720 -722 -585 728
55422: -720 -723 -586 656
55423: -720 -723 -587 665
55425: -720 -723 -589 683
55437: -720 -724 -601 710
55440: -720 -725 -604 656
55441: -720 -725 -605 665
55442: -720 -725 -606 674
55446: -720 -725 -610 710
55449: -720 -726 -613 656
55457: -720 -726 -621 728
55463: -720 -727 -627 701
55899: -78 -407 -658 9
55900: -78 -407 -659 18
55901: -78 -407 -660 27
55902: -78 -407 -661 36
55903: -78 -407 -662 45
55904: -78 -407 -663 54
55905: -78 -407 -664 63
55907: -78 -407 -666 81
55908: -78 -408 -667 9
55909: -78 -408 -668 18
55910: -78 -408 -669 27
55911: -78 -408 -670 36
55912: -78 -408 -671 45
55913: -78 -408 -672 54
55914: -78 -408 -673 63
55916: -78 -408 -675 81
55917: -78 -409 -676 9
55918: -78 -409 -677 18
55919: -78 -409 -678 27
55920: -78 -409 -679 36
55921: -78 -409 -680 45
55922: -78 -409 -681 54
55923: -78 -409 -682 63
55925: -78 -409 -684 81
55926: -78 -410 -685 9
55927: -78 -410 -686 18
55928: -78 -410 -687 27
55929: -78 -410 -688 36
55930: -78 -410 -689 45
55931: -78 -410 -690 54
55932: -78 -410 -691 63
55934: -78 -410 -693 81
55935: -78 -411 -694 9
55936: -78 -411 -695 18
55937: -78 -411 -696 27
55938: -78 -411 -697 36
55939: -78 -411 -698 45
55940: -78 -411 -699 54
55941: -78 -411 -700 63
55943: -78 -411 -702 81
55944: -78 -412 -703 9
55945: -78 -412 -704 18
55946: -78 -412 -705 27
55947: -78 -412 -706 36
55948: -78 -412 -707 45
55949: -78 -412 -708 54
55950: -78 -412 -709 63
55952: -78 -412 -711 81
55953: -78 -413 -712 9
55954: -78 -413 -713 18
55955: -78 -413 -714 27
55956: -78 -413 -715 36
55957: -78 -413 -716 45
55958: -78 -413 -717 54
55959: -78 -413 -718 63
55961: -78 -413 -720 81
56223: -154 -11 -658 90
56224: -154 -11 -659 99
56225: -154 -11 -660 108
56226: -154 -11 -661 117
56227: -154 -11 -662 126
56228: -154 -11 -663 135
56229: -154 -11 -664 144
56230: -154 -11 -665 153
56231: -154 -11 -666 162
56314: -155 -93 -668 99
56315: -155 -93 -669 108
56316: -155 -93 -670 117
56317: -155 -93 -671 126
56319: -155 -93 -673 144
56320: -155 -93 -674 153
56321: -155 -93 -675 162
56323: -155 -94 -677 99
56324: -155 -94 -678 108
56325: -155 -94 -679 117
56326: -155 -94 -680 126
56327: -155 -94 -681 135
56328: -155 -94 -682 144
56329: -155 -94 -683 153
56330: -155 -94 -684 162
56335: -155 -95 -689 126
56338: -155 -95 -692 153
56340: -155 -96 -694 90
56341: -155 -96 -695 99
56343: -155 -96 -697 117
56344: -155 -96 -698 126
56345: -155 -96 -699 135
56346: -155 -96 -700 144
56347: -155 -96 -701 153
56348: -155 -96 -702 162
56350: -155 -97 -704 99
56351: -155 -97 -705 108
56352: -155 -97 -706 117
56353: -155 -97 -707 126
56355: -155 -97 -709 144
56356: -155 -97 -710 153
56357: -155 -97 -711 162
56377: -156 -172 -650 99
56378: -156 -172 -651 108
56379: -156 -172 -652 117
56394: -156 -174 -667 90
56395: -156 -174 -668 99
56397: -156 -174 -670 117
56398: -156 -174 -671 126
56399: -156 -174 -672 135
56400: -156 -174 -673 144
56401: -156 -174 -674 153
56402: -156 -174 -675 162
56446: -156 -179 -719 153
56448: -156 -180 -721 90
56449: -156 -180 -722 99
56450: -156 -180 -723 108
56451: -156 -180 -724 117
56452: -156 -180 -725 126
56453: -156 -180 -726 135
56454: -156 -180 -727 144
56456: -156 -180 -729 162
56458: -157 -253 -650 99
56459: -157 -253 -651 108
56461: -157 -253 -653 126
56476: -157 -255 -668 99
56478: -157 -255 -670 117
56493: -157 -257 -685 90
56497: -157 -257 -689 126
56500: -157 -257 -692 153
56527: -157 -260 -719 153
56529: -157 -261 -721 90
56539: -158 -334 -650 99
56540: -158 -334 -651 108
56541: -158 -334 -652 117
56542: -158 -334 -653 126
56543: -158 -334 -654 135
56546: -158 -334 -657 162
56557: -158 -336 -668 99
56565: -158 -337 -676 90
56572: -158 -337 -683 153
56610: -158 -342 -721 90
56611: -158 -342 -722 99
56612: -158 -342 -723 108
56613: -158 -342 -724 117
56614: -158 -342 -725 126
56615: -158 -342 -726 135
56618: -158 -342 -729 162
56620: -159 -415 -650 99
56621: -159 -415 -651 108
56622: -159 -415 -652 117
56625: -159 -415 -655 144
56627: -159 -415 -657 162
56638: -159 -417 -668 99
56643: -159 -417 -673 144
56668: -159 -420 -698 126
56673: -159 -421 -703 90
56691: -159 -423 -721 90
56692: -159 -423 -722 99
56696: -159 -423 -726 135
56697: -159 -423 -727 144
56699: -159 -423 -729 162
56701: -160 -496 -650 99
56702: -160 -496 -651 108
56703: -160 -496 -652 117
56705: -160 -496 -654 135
56708: -160 -496 -657 162
56719: -160 -498 -668 99
56737: -160 -500 -686 99
56745: -160 -501 -694 90
56760: -160 -502 -709 144
56773: -160 -504 -722 99
56776: -160 -504 -725 126
56777: -160 -504 -726 135
56778: -160 -504 -727 144
56780: -160 -504 -729 162
56783: -161 -577 -651 108
56785: -161 -577 -653 126
56786: -161 -577 -654 135
56787: -161 -577 -655 144
56789: -161 -577 -657 162
56800: -161 -579 -668 99
56806: -161 -579 -674 153
56808: -161 -580 -676 90
56817: -161 -581 -685 90
56837: -161 -583 -705 108
56838: -161 -583 -706 117
56839: -161 -583 -707 126
56853: -161 -585 -721 90
56854: -161 -585 -722 99
56880: -162 -660 -667 90
56890: -162 -661 -677 99
56907: -162 -663 -694 90
56927: -162 -665 -714 108
56928: -162 -665 -715 117
56929: -162 -665 -716 126
56961: -235 -21 -667 171
56962: -235 -21 -668 180
56964: -235 -21 -670 198
56965: -235 -21 -671 207
56966: -235 -21 -672 216
56967: -235 -21 -673 225
56968: -235 -21 -674 234
56969: -235 -21 -675 243
57026: -236 -100 -651 189
57027: -236 -100 -652 198
57029: -236 -100 -654 216
57030: -236 -100 -655 225
57033: -236 -101 -658 171
57035: -236 -101 -660 189
57036: -236 -101 -661 198
57037: -236 -101 -662 207
57038: -236 -101 -663 216
57040: -236 -101 -665 234
57041: -236 -101 -666 243
57058: -236 -103 -683 234
57091: -236 -107 -716 207
57096: -236 -108 -721 171
57097: -236 -108 -722 180
57098: -236 -108 -723 189
57099: -236 -108 -724 198
57100: -236 -108 -725 207
57101: -236 -108 -726 216
57102: -236 -108 -727 225
57104: -236 -108 -729 243
57115: -237 -182 -659 180
57116: -237 -182 -660 189
57117: -237 -182 -661 198
57118: -237 -182 -662 207
57120: -237 -182 -664 225
57121: -237 -182 -665 234
57133: -237 -184 -677 180
57134: -237 -184 -678 189
57135: -237 -184 -679 198
57137: -237 -184 -681 216
57139: -237 -184 -683 234
57140: -237 -184 -684 243
57142: -237 -185 -686 180
57143: -237 -185 -687 189
57144: -237 -185 -688 198
57145: -237 -185 -689 207
57146: -237 -185 -690 216
57147: -237 -185 -691 225
57148: -237 -185 -692 234
57149: -237 -185 -693 243
57151: -237 -186 -695 180
57152: -237 -186 -696 189
57153: -237 -186 -697 198
57155: -237 -186 -699 216
57156: -237 -186 -700 225
57157: -237 -186 -701 234
57158: -237 -186 -702 243
57160: -237 -187 -704 180
57161: -237 -187 -705 189
57162: -237 -187 -706 198
57163: -237 -187 -707 207
57164: -237 -187 -708 216
57165: -237 -187 -709 225
57166: -237 -187 -710 234
57167: -237 -187 -711 243
57187: -238 -262 -650 180
57188: -238 -262 -651 189
57189: -238 -262 -652 198
57190: -238 -262 -653 207
57191: -238 -262 -654 216
57192: -238 -262 -655 225
57194: -238 -262 -657 243
57222: -238 -266 -685 171
57223: -238 -266 -686 180
57229: -238 -266 -692 234
57249: -238 -269 -712 171
57252: -238 -269 -715 198
57258: -238 -270 -721 171
57259: -238 -270 -722 180
57261: -238 -270 -724 198
57262: -238 -270 -725 207
57263: -238 -270 -726 216
57264: -238 -270 -727 225
57266: -238 -270 -729 243
57268: -239 -343 -650 180
57269: -239 -343 -651 189
57270: -239 -343 -652 198
57271: -239 -343 -653 207
57272: -239 -343 -654 216
57273: -239 -343 -655 225
57275: -239 -343 -657 243
57278: -239 -344 -660 189
57294: -239 -346 -676 171
57301: -239 -346 -683 234
57314: -239 -348 -696 189
57322: -239 -349 -704 180
57323: -239 -349 -705 189
57324: -239 -349 -706 198
57327: -239 -349 -709 225
57334: -239 -350 -716 207
57336: -239 -350 -718 225
57337: -239 -350 -719 234
57338: -239 -350 -720 243
57339: -239 -351 -721 171
57340: -239 -351 -722 180
57341: -239 -351 -723 189
57342: -239 -351 -724 198
57343: -239 -351 -725 207
57344: -239 -351 -726 216
57345: -239 -351 -727 225
57347: -239 -351 -729 243
57349: -240 -424 -650 180
57350: -240 -424 -651 189
57351: -240 -424 -652 198
57352: -240 -424 -653 207
57354: -240 -424 -655 225
57356: -240 -424 -657 243
57384: -240 -428 -685 171
57386: -240 -428 -687 189
57403: -240 -430 -704 180
57423: -240 -432 -724 198
57425: -240 -432 -726 216
57430: -241 -505 -650 180
57431: -241 -505 -651 189
57432: -241 -505 -652 198
57433: -241 -505 -653 207
57434: -241 -505 -654 216
57435: -241 -505 -655 225
57437: -241 -505 -657 243
57438: -241 -506 -658 171
57457: -241 -508 -677 180
57462: -241 -508 -682 225
57465: -241 -509 -685 171
57472: -241 -509 -692 234
57477: -241 -510 -697 198
57492: -241 -512 -712 171
57503: -241 -513 -723 189
57511: -242 -586 -650 180
57513: -242 -586 -652 198
57514: -242 -586 -653 207
57515: -242 -586 -654 216
57516: -242 -586 -655 225
57518: -242 -586 -657 243
57537: -242 -589 -676 171
57545: -242 -589 -684 243
57546: -242 -590 -685 171
57547: -242 -590 -686 180
57548: -242 -590 -687 189
57567: -242 -592 -706 198
57571: -242 -592 -710 234
57584: -242 -594 -723 189
57611: -243 -669 -669 189
57618: -243 -670 -676 171
57629: -243 -671 -687 189
57656: -243 -674 -714 189
57657: -243 -674 -715 198
57658: -243 -674 -716 207
57708: -316 -32 -685 252
57709: -316 -32 -686 261
57710: -316 -32 -687 270
57711: -316 -32 -688 279
57712: -316 -32 -689 288
57713: -316 -32 -690 297
57714: -316 -32 -691 306
57715: -316 -32 -692 315
57716: -316 -32 -693 324
57756: -317 -109 -652 279
57758: -317 -109 -654 297
57762: -317 -110 -658 252
57764: -317 -110 -660 270
57765: -317 -110 -661 279
57766: -317 -110 -662 288
57767: -317 -110 -663 297
57768: -317 -110 -664 306
57769: -317 -110 -665 315
57770: -317 -110 -666 324
57774: -317 -111 -670 279
57775: -317 -111 -671 288
57776: -317 -111 -672 297
57778: -317 -111 -674 315
57779: -317 -111 -675 324
57780: -317 -112 -676 252
57787: -317 -112 -683 315
57789: -317 -113 -685 252
57790: -317 -113 -686 261
57795: -317 -113 -691 306
57796: -317 -113 -692 315
57797: -317 -113 -693 324
57816: -317 -116 -712 252
57817: -317 -116 -713 261
57820: -317 -116 -716 288
57822: -317 -116 -718 306
57823: -317 -116 -719 315
57824: -317 -116 -720 324
57837: -318 -190 -652 279
57843: -318 -191 -658 252
57847: -318 -191 -662 288
57848: -318 -191 -663 297
57851: -318 -191 -666 324
57852: -318 -192 -667 252
57853: -318 -192 -668 261
57854: -318 -192 -669 270
57855: -318 -192 -670 279
57856: -318 -192 -671 288
57857: -318 -192 -672 297
57858: -318 -192 -673 306
57859: -318 -192 -674 315
57860: -318 -192 -675 324
57861: -318 -193 -676 252
57872: -318 -194 -687 270
57877: -318 -194 -692 315
57879: -318 -195 -694 252
57881: -318 -195 -696 270
57883: -318 -195 -698 288
57886: -318 -195 -701 315
57887: -318 -195 -702 324
57888: -318 -196 -703 252
57890: -318 -196 -705 270
57895: -318 -196 -710 315
57896: -318 -196 -711 324
57897: -318 -197 -712 252
57898: -318 -197 -713 261
57899: -318 -197 -714 270
57901: -318 -197 -716 288
57902: -318 -197 -717 297
57903: -318 -197 -718 306
57904: -318 -197 -719 315
57905: -318 -197 -720 324
57909: -318 -198 -724 279
57918: -319 -271 -652 279
57926: -319 -272 -660 270
57927: -319 -272 -661 279
57932: -319 -272 -666 324
57933: -319 -273 -667 252
57934: -319 -273 -668 261
57936: -319 -273 -670 279
57939: -319 -273 -673 306
57941: -319 -273 -675 324
57976: -319 -277 -710 315
57983: -319 -278 -717 297
57985: -319 -278 -719 315
57986: -319 -278 -720 324
58005: -320 -353 -658 252
58006: -320 -353 -659 261
58007: -320 -353 -660 270
58010: -320 -353 -663 297
58011: -320 -353 -664 306
58012: -320 -353 -665 315
58013: -320 -353 -666 324
58014: -320 -354 -667 252
58015: -320 -354 -668 261
58017: -320 -354 -670 279
58018: -320 -354 -671 288
58019: -320 -354 -672 297
58020: -320 -354 -673 306
58021: -320 -354 -674 315
58022: -320 -354 -675 324
58041: -320 -357 -694 252
58042: -320 -357 -695 261
58043: -320 -357 -696 270
58044: -320 -357 -697 279
58045: -320 -357 -698 288
58046: -320 -357 -699 297
58047: -320 -357 -700 306
58049: -320 -357 -702 324
58050: -320 -358 -703 252
58051: -320 -358 -704 261
58052: -320 -358 -705 270
58053: -320 -358 -706 279
58054: -320 -358 -707 288
58055: -320 -358 -708 297
58056: -320 -358 -709 306
58057: -320 -358 -710 315
58058: -320 -358 -711 324
58059: -320 -359 -712 252
58060: -320 -359 -713 261
58061: -320 -359 -714 270
58063: -320 -359 -716 288
58064: -320 -359 -717 297
58065: -320 -359 -718 306
58066: -320 -359 -719 315
58067: -320 -359 -720 324
58071: -320 -360 -724 279
58078: -321 -433 -650 261
58080: -321 -433 -652 279
58081: -321 -433 -653 288
58082: -321 -433 -654 297
58083: -321 -433 -655 306
58094: -321 -434 -666 324
58095: -321 -435 -667 252
58152: -321 -441 -724 279
58163: -322 -514 -654 297
58177: -322 -516 -668 261
58209: -322 -519 -700 306
58240: -323 -595 -650 261
58241: -323 -595 -651 270
58243: -323 -595 -653 288
58244: -323 -595 -654 297
58247: -323 -595 -657 324
58260: -323 -597 -670 279
58282: -323 -599 -692 315
58297: -323 -601 -707 288
58300: -323 -601 -710 315
58309: -323 -602 -719 315
58356: -324 -680 -685 252
58365: -324 -681 -694 252
58381: -324 -682 -710 315
58386: -324 -683 -715 279
58428: -397 -40 -676 333
58429: -397 -40 -677 342
58430: -397 -40 -678 351
58431: -397 -40 -679 360
58432: -397 -40 -680 369
58433: -397 -40 -681 378
58434: -397 -40 -682 387
58435: -397 -40 -683 396
58436: -397 -40 -684 405
58485: -398 -118 -652 360
58486: -398 -118 -653 369
58491: -398 -119 -658 333
58494: -398 -119 -661 360
58495: -398 -119 -662 369
58498: -398 -119 -665 396
58499: -398 -119 -666 405
58501: -398 -120 -668 342
58503: -398 -120 -670 360
58516: -398 -121 -683 396
58518: -398 -122 -685 333
58537: -398 -124 -704 342
58538: -398 -124 -705 351
58539: -398 -124 -706 360
58542: -398 -124 -709 387
58543: -398 -124 -710 396
58548: -398 -125 -715 360
58550: -398 -125 -717 378
58552: -398 -125 -719 396
58553: -398 -125 -720 405
58554: -398 -126 -721 333
58564: -399 -199 -650 342
58566: -399 -199 -652 360
58572: -399 -200 -658 333
58574: -399 -200 -660 351
58576: -399 -200 -662 369
58578: -399 -200 -664 387
58580: -399 -200 -666 405
58581: -399 -201 -667 333
58584: -399 -201 -670 360
58585: -399 -201 -671 369
58586: -399 -201 -672 378
58587: -399 -201 -673 387
58588: -399 -201 -674 396
58589: -399 -201 -675 405
58590: -399 -202 -676 333
58592: -399 -202 -678 351
58597: -399 -202 -683 396
58598: -399 -202 -684 405
58609: -399 -204 -695 342
58610: -399 -204 -696 351
58616: -399 -204 -702 405
58617: -399 -205 -703 333
58618: -399 -205 -704 342
58619: -399 -205 -705 351
58620: -399 -205 -706 360
58624: -399 -205 -710 396
58625: -399 -205 -711 405
58626: -399 -206 -712 333
58627: -399 -206 -713 342
58628: -399 -206 -714 351
58629: -399 -206 -715 360
58631: -399 -206 -717 378
58633: -399 -206 -719 396
58634: -399 -206 -720 405
58639: -399 -207 -725 369
58653: -400 -281 -658 333
58655: -400 -281 -660 351
58657: -400 -281 -662 369
58658: -400 -281 -663 378
58659: -400 -281 -664 387
58660: -400 -281 -665 396
58661: -400 -281 -666 405
58662: -400 -282 -667 333
58663: -400 -282 -668 342
58665: -400 -282 -670 360
58666: -400 -282 -671 369
58669: -400 -282 -674 396
58670: -400 -282 -675 405
58672: -400 -283 -677 342
58673: -400 -283 -678 351
58676: -400 -283 -681 378
58678: -400 -283 -683 396
58679: -400 -283 -684 405
58689: -400 -285 -694 333
58691: -400 -285 -696 351
58693: -400 -285 -698 369
58695: -400 -285 -700 387
58696: -400 -285 -701 396
58698: -400 -286 -703 333
58701: -400 -286 -706 360
58702: -400 -286 -707 369
58704: -400 -286 -709 387
58705: -400 -286 -710 396
58707: -400 -287 -712 333
58708: -400 -287 -713 342
58709: -400 -287 -714 351
58710: -400 -287 -715 360
58711: -400 -287 -716 369
58712: -400 -287 -717 378
58713: -400 -287 -718 387
58714: -400 -287 -719 396
58715: -400 -287 -720 405
58727: -401 -361 -651 351
58729: -401 -361 -653 369
58733: -401 -361 -657 405
58737: -401 -362 -661 360
58808: -402 -442 -651 351
58809: -402 -442 -652 360
58812: -402 -442 -655 387
58818: -402 -443 -661 360
58824: -402 -444 -667 333
58825: -402 -444 -668 342
58829: -402 -444 -672 378
58833: -402 -445 -676 333
58844: -402 -446 -687 351
58883: -402 -450 -726 378
58888: -403 -523 -650 342
58889: -403 -523 -651 351
58893: -403 -523 -655 387
58899: -403 -524 -661 360
58900: -403 -524 -662 369
58906: -403 -525 -668 342
58909: -403 -525 -671 369
58914: -403 -526 -676 333
58920: -403 -526 -682 387
58922: -403 -526 -684 405
58923: -403 -527 -685 333
58970: -404 -604 -651 351
58971: -404 -604 -652 360
58973: -404 -604 -654 378
58974: -404 -604 -655 387
58979: -404 -605 -660 351
58999: -404 -607 -680 369
59002: -404 -607 -683 396
59004: -404 -608 -685 333
59038: -404 -611 -719 396
59067: -405 -687 -667 333
59076: -405 -688 -676 333
59094: -405 -690 -694 333
59184: -478 -52 -703 414
59185: -478 -52 -704 423
59186: -478 -52 -705 432
59187: -478 -52 -706 441
59188: -478 -52 -707 450
59189: -478 -52 -708 459
59190: -478 -52 -709 468
59191: -478 -52 -710 477
59192: -478 -52 -711 486
59213: -479 -127 -651 432
59214: -479 -127 -652 441
59216: -479 -127 -654 459
59223: -479 -128 -661 441
59224: -479 -128 -662 450
59225: -479 -128 -663 459
59226: -479 -128 -664 468
59228: -479 -128 -666 486
59230: -479 -129 -668 423
59236: -479 -129 -674 477
59239: -479 -130 -677 423
59248: -479 -131 -686 423
59249: -479 -131 -687 432
59257: -479 -132 -695 423
59266: -479 -133 -704 423
59275: -479 -134 -713 423
59278: -479 -134 -716 450
59284: -479 -135 -722 423
59287: -479 -135 -725 450
59293: -480 -208 -650 423
59294: -480 -208 -651 432
59295: -480 -208 -652 441
59297: -480 -208 -654 459
59298: -480 -208 -655 468
59301: -480 -209 -658 414
59303: -480 -209 -660 432
59304: -480 -209 -661 441
59308: -480 -209 -665 477
59311: -480 -210 -668 423
59313: -480 -210 -670 441
59314: -480 -210 -671 450
59315: -480 -210 -672 459
59316: -480 -210 -673 468
59318: -480 -210 -675 486
59319: -480 -211 -676 414
59320: -480 -211 -677 423
59321: -480 -211 -678 432
59323: -480 -211 -680 450
59324: -480 -211 -681 459
59325: -480 -211 -682 468
59327: -480 -211 -684 486
59328: -480 -212 -685 414
59329: -480 -212 -686 423
59330: -480 -212 -687 432
59333: -480 -212 -690 459
59334: -480 -212 -691 468
59335: -480 -212 -692 477
59336: -480 -212 -693 486
59339: -480 -213 -696 432
59346: -480 -214 -703 414
59347: -480 -214 -704 423
59348: -480 -214 -705 432
59351: -480 -214 -708 459
59352: -480 -214 -709 468
59354: -480 -214 -711 486
59355: -480 -215 -712 414
59356: -480 -215 -713 423
59357: -480 -215 -714 432
59358: -480 -215 -715 441
59359: -480 -215 -716 450
59360: -480 -215 -717 459
59362: -480 -215 -719 477
59363: -480 -215 -720 486
59366: -480 -216 -723 432
59367: -480 -216 -724 441
59368: -480 -216 -725 450
59376: -481 -289 -652 441
59378: -481 -289 -654 459
59385: -481 -290 -661 441
59386: -481 -290 -662 450
59387: -481 -290 -663 459
59388: -481 -290 -664 468
59390: -481 -290 -666 486
59391: -481 -291 -667 414
59392: -481 -291 -668 423
59394: -481 -291 -670 441
59396: -481 -291 -672 459
59409: -481 -293 -685 414
59410: -481 -293 -686 423
59411: -481 -293 -687 432
59412: -481 -293 -688 441
59413: -481 -293 -689 450
59414: -481 -293 -690 459
59415: -481 -293 -691 468
59416: -481 -293 -692 477
59417: -481 -293 -693 486
59418: -481 -294 -694 414
59439: -481 -296 -715 441
59456: -482 -370 -651 432
59458: -482 -370 -653 450
59459: -482 -370 -654 459
59460: -482 -370 -655 468
59462: -482 -370 -657 486
59465: -482 -371 -660 432
59467: -482 -371 -662 450
59470: -482 -371 -665 477
59473: -482 -372 -668 423
59476: -482 -372 -671 450
59477: -482 -372 -672 459
59481: -482 -373 -676 414
59482: -482 -373 -677 423
59483: -482 -373 -678 432
59484: -482 -373 -679 441
59485: -482 -373 -680 450
59486: -482 -373 -681 459
59487: -482 -373 -682 468
59488: -482 -373 -683 477
59489: -482 -373 -684 486
59493: -482 -374 -688 441
59503: -482 -375 -698 450
59512: -482 -376 -707 450
59521: -482 -377 -716 450
59537: -483 -451 -651 432
59540: -483 -451 -654 459
59544: -483 -452 -658 414
59551: -483 -452 -665 477
59553: -483 -453 -667 414
59554: -483 -453 -668 423
59572: -483 -455 -686 423
59573: -483 -455 -687 432
59589: -483 -457 -703 414
59594: -483 -457 -708 459
59600: -483 -458 -714 432
59601: -483 -458 -715 441
59605: -483 -458 -719 477
59622: -484 -532 -655 468
59631: -484 -533 -664 468
59640: -484 -534 -673 468
59643: -484 -535 -676 414
59650: -484 -535 -683 477
59652: -484 -536 -685 414
59658: -484 -536 -691 468
59661: -484 -537 -694 414
59667: -484 -537 -700 468
59668: -484 -537 -701 477
59685: -484 -539 -718 468
59699: -485 -613 -651 432
59700: -485 -613 -652 441
59703: -485 -613 -655 468
59716: -485 -615 -668 423
59720: -485 -615 -672 459
59722: -485 -615 -674 477
59741: -485 -617 -693 486
59742: -485 -618 -694 414
59759: -485 -619 -711 486
59780: -486 -694 -651 432
59781: -486 -694 -652 441
59782: -486 -694 -653 450
59783: -486 -694 -654 459
59784: -486 -694 -655 468
59787: -486 -695 -658 414
59790: -486 -695 -661 441
59792: -486 -695 -663 459
59794: -486 -695 -665 477
59796: -486 -696 -667 414
59797: -486 -696 -668 423
59799: -486 -696 -670 441
59800: -486 -696 -671 450
59801: -486 -696 -672 459
59802: -486 -696 -673 468
59803: -486 -696 -674 477
59805: -486 -697 -676 414
59806: -486 -697 -677 423
59807: -486 -697 -678 432
59810: -486 -697 -681 459
59812: -486 -697 -683 477
59814: -486 -698 -685 414
59816: -486 -698 -687 432
59817: -486 -698 -688 441
59819: -486 -698 -690 459
59821: -486 -698 -692 477
59828: -486 -699 -699 459
59833: -486 -700 -704 423
59834: -486 -700 -705 432
59835: -486 -700 -706 441
59836: -486 -700 -707 450
59841: -486 -701 -712 414
59843: -486 -701 -714 432
59844: -486 -701 -715 441
59845: -486 -701 -716 450
59846: -486 -701 -717 459
59922: -559 -62 -712 495
59923: -559 -62 -713 504
59924: -559 -62 -714 513
59925: -559 -62 -715 522
59926: -559 -62 -716 531
59927: -559 -62 -717 540
59928: -559 -62 -718 549
59929: -559 -62 -719 558
59930: -559 -62 -720 567
59941: -560 -136 -650 504
59943: -560 -136 -652 522
59945: -560 -136 -654 540
59946: -560 -136 -655 549
59949: -560 -137 -658 495
59957: -560 -137 -666 567
59961: -560 -138 -670 522
59962: -560 -138 -671 531
59963: -560 -138 -672 540
59965: -560 -138 -674 558
59966: -560 -138 -675 567
59974: -560 -139 -683 558
60010: -560 -143 -719 558
60022: -561 -217 -650 504
60024: -561 -217 -652 522
60025: -561 -217 -653 531
60027: -561 -217 -655 549
60033: -561 -218 -661 522
60034: -561 -218 -662 531
60037: -561 -218 -665 558
60039: -561 -219 -667 495
60040: -561 -219 -668 504
60042: -561 -219 -670 522
60043: -561 -219 -671 531
60046: -561 -219 -674 558
60047: -561 -219 -675 567
60050: -561 -220 -678 513
60055: -561 -220 -683 558
60056: -561 -220 -684 567
60057: -561 -221 -685 495
60058: -561 -221 -686 504
60060: -561 -221 -688 522
60064: -561 -221 -692 558
60065: -561 -221 -693 567
60097: -561 -225 -725 531
60103: -562 -298 -650 504
60104: -562 -298 -651 513
60105: -562 -298 -652 522
60106: -562 -298 -653 531
60108: -562 -298 -655 549
60110: -562 -298 -657 567
60113: -562 -299 -660 513
60124: -562 -300 -671 531
60127: -562 -300 -674 558
60129: -562 -301 -676 495
60138: -562 -302 -685 495
60139: -562 -302 -686 504
60141: -562 -302 -688 522
60145: -562 -302 -692 558
60146: -562 -302 -693 567
60151: -562 -303 -698 531
60163: -562 -304 -710 558
60184: -563 -379 -650 504
60185: -563 -379 -651 513
60186: -563 -379 -652 522
60188: -563 -379 -654 540
60189: -563 -379 -655 549
60198: -563 -380 -664 549
60201: -563 -381 -667 495
60202: -563 -381 -668 504
60207: -563 -381 -673 549
60210: -563 -382 -676 495
60213: -563 -382 -679 522
60214: -563 -382 -680 531
60215: -563 -382 -681 540
60218: -563 -382 -684 567
60238: -563 -385 -704 504
60261: -563 -387 -727 549
60265: -564 -460 -650 504
60266: -564 -460 -651 513
60267: -564 -460 -652 522
60268: -564 -460 -653 531
60269: -564 -460 -654 540
60272: -564 -460 -657 567
60281: -564 -461 -666 567
60283: -564 -462 -668 504
60300: -564 -464 -685 495
60331: -564 -467 -716 531
60335: -564 -467 -720 567
60336: -564 -468 -721 495
60341: -564 -468 -726 540
60354: -565 -542 -658 495
60376: -565 -544 -680 531
60399: -565 -547 -703 495
60414: -565 -548 -718 549
60415: -565 -548 -719 558
60455: -566 -625 -678 513
60460: -566 -625 -683 558
60462: -566 -626 -685 495
60483: -566 -628 -706 522
60487: -566 -628 -710 558
60518: -567 -704 -660 513
60520: -567 -704 -662 531
60536: -567 -706 -678 513
60545: -567 -707 -687 513
60550: -567 -707 -692 558
60660: -640 -72 -721 576
60661: -640 -72 -722 585
60662: -640 -72 -723 594
60663: -640 -72 -724 603
60664: -640 -72 -725 612
60665: -640 -72 -726 621
60666: -640 -72 -727 630
60668: -640 -72 -729 648
60670: -641 -145 -650 585
60671: -641 -145 -651 594
60672: -641 -145 -652 603
60673: -641 -145 -653 612
60674: -641 -145 -654 621
60675: -641 -145 -655 630
60678: -641 -146 -658 576
60680: -641 -146 -660 594
60681: -641 -146 -661 603
60682: -641 -146 -662 612
60683: -641 -146 -663 621
60685: -641 -146 -665 639
60687: -641 -147 -667 576
60696: -641 -148 -676 576
60705: -641 -149 -685 576
60751: -642 -226 -650 585
60752: -642 -226 -651 594
60753: -642 -226 -652 603
60754: -642 -226 -653 612
60755: -642 -226 -654 621
60759: -642 -227 -658 576
60762: -642 -227 -661 603
60768: -642 -228 -667 576
60772: -642 -228 -671 612
60773: -642 -228 -672 621
60774: -642 -228 -673 630
60775: -642 -228 -674 639
60777: -642 -229 -676 576
60778: -642 -229 -677 585
60779: -642 -229 -678 594
60784: -642 -229 -683 639
60785: -642 -229 -684 648
60786: -642 -230 -685 576
60787: -642 -230 -686 585
60788: -642 -230 -687 594
60793: -642 -230 -692 639
60794: -642 -230 -693 648
60796: -642 -231 -695 585
60804: -642 -232 -703 576
60806: -642 -232 -705 594
60812: -642 -232 -711 648
60818: -642 -233 -717 621
60826: -642 -234 -725 612
60832: -643 -307 -650 585
60833: -643 -307 -651 594
60834: -643 -307 -652 603
60835: -643 -307 -653 612
60836: -643 -307 -654 621
60837: -643 -307 -655 630
60849: -643 -309 -667 576
60850: -643 -309 -668 585
60866: -643 -310 -684 648
60867: -643 -311 -685 576
60874: -643 -311 -692 639
60875: -643 -311 -693 648
60887: -643 -313 -705 594
60907: -643 -315 -725 612
60914: -644 -388 -651 594
60915: -644 -388 -652 603
60916: -644 -388 -653 612
60917: -644 -388 -654 621
60918: -644 -388 -655 630
60931: -644 -390 -668 585
60939: -644 -391 -676 576
60941: -644 -391 -678 594
60943: -644 -391 -680 612
60944: -644 -391 -681 621
60945: -644 -391 -682 630
60946: -644 -391 -683 639
60947: -644 -391 -684 648
60982: -644 -395 -719 639
60994: -645 -469 -650 585
60996: -645 -469 -652 603
60997: -645 -469 -653 612
60998: -645 -469 -654 621
60999: -645 -469 -655 630
61029: -645 -473 -685 576
61076: -646 -550 -651 594
61079: -646 -550 -654 621
61082: -646 -550 -657 648
61087: -646 -551 -662 612
61099: -646 -552 -674 639
61101: -646 -553 -676 576
61119: -646 -555 -694 576
61164: -647 -632 -658 576
61189: -647 -634 -683 639
61198: -647 -635 -692 639
61252: -648 -713 -665 639
61279: -648 -716 -692 639
61363: -721 -78 -695 666
61364: -721 -78 -696 675
61365: -721 -78 -697 684
61366: -721 -78 -698 693
61369: -721 -78 -701 720
61400: -722 -154 -651 675
61401: -722 -154 -652 684
61402: -722 -154 -653 693
61404: -722 -154 -655 711
61434: -722 -158 -685 657
61441: -722 -158 -692 720
61443: -722 -159 -694 657
61452: -722 -160 -703 657
61469: -722 -161 -720 729
61482: -723 -235 -652 684
61485: -723 -235 -655 711
61487: -723 -235 -657 729
61488: -723 -236 -658 657
61515: -723 -239 -685 657
61549: -723 -242 -719 720
61564: -724 -316 -653 693
61566: -724 -316 -655 711
61573: -724 -317 -662 693
61577: -724 -317 -666 729
61583: -724 -318 -672 702
61597: -724 -320 -686 666
61598: -724 -320 -687 675
61601: -724 -320 -690 702
61602: -724 -320 -691 711
61603: -724 -320 -692 720
61618: -724 -322 -707 693
61631: -724 -323 -720 729
61642: -725 -397 -650 666
61644: -725 -397 -652 684
61647: -725 -397 -655 711
61650: -725 -398 -658 657
61652: -725 -398 -660 675
61654: -725 -398 -662 693
61658: -725 -398 -666 729
61664: -725 -399 -672 702
61670: -725 -400 -678 675
61673: -725 -400 -681 702
61674: -725 -400 -682 711
61676: -725 -400 -684 729
61679: -725 -401 -687 675
61687: -725 -402 -695 666
61689: -725 -402 -697 684
61694: -725 -402 -702 729
61696: -725 -403 -704 666
61698: -725 -403 -706 684
61700: -725 -403 -708 702
61701: -725 -403 -709 711
61702: -725 -403 -710 720
61703: -725 -403 -711 729
61706: -725 -404 -714 675
61711: -725 -404 -719 720
61712: -725 -404 -720 729
61717: -725 -405 -725 693
61725: -726 -478 -652 684
61726: -726 -478 -653 693
61728: -726 -478 -655 711
61739: -726 -479 -666 729
61749: -726 -481 -676 657
61751: -726 -481 -678 675
61758: -726 -482 -685 657
61769: -726 -483 -696 675
61776: -726 -484 -703 657
61784: -726 -484 -711 729
61787: -726 -485 -714 675
61789: -726 -485 -716 693
61806: -727 -559 -652 684
61820: -727 -560 -666 729
61831: -727 -562 -677 666
61834: -727 -562 -680 693
61837: -727 -562 -683 720
61839: -727 -563 -685 657
61857: -727 -565 -703 657
62042: -729 -729 -726 702
62967: -100 -85 -256 30
62968: -100 -85 -257 39
62969: -100 -85 -258 48
62970: -100 -85 -259 57
62971: -100 -85 -260 66
62972: -100 -85 -261 75
62976: -100 -86 -337 30
62977: -100 -86 -338 39
62978: -100 -86 -339 48
62979: -100 -86 -340 57
62980: -100 -86 -341 66
62981: -100 -86 -342 75
62982: -100 -87 -415 3
62985: -100 -87 -418 30
62986: -100 -87 -419 39
62987: -100 -87 -420 48
62988: -100 -87 -421 57
62989: -100 -87 -422 66
62994: -100 -88 -499 30
62995: -100 -88 -500 39
62996: -100 -88 -501 48
62997: -100 -88 -502 57
62998: -100 -88 -503 66
62999: -100 -88 -504 75
63001: -100 -89 -578 12
63003: -100 -89 -580 30
63004: -100 -89 -581 39
63005: -100 -89 -582 48
63007: -100 -89 -584 66
63008: -100 -89 -585 75
63012: -100 -90 -661 30
63013: -100 -90 -662 39
63014: -100 -90 -663 48
63015: -100 -90 -664 57
63016: -100 -90 -665 66
63017: -100 -90 -666 75
63039: -109 -84 -175 31
63041: -109 -84 -177 49
63042: -109 -84 -178 58
63043: -109 -84 -179 67
63044: -109 -84 -180 76
63056: -109 -86 -336 22
63059: -109 -86 -339 49
63060: -109 -86 -340 58
63061: -109 -86 -341 67
63062: -109 -86 -342 76
63065: -109 -87 -417 22
63066: -109 -87 -418 31
63068: -109 -87 -420 49
63069: -109 -87 -421 58
63070: -109 -87 -422 67
63074: -109 -88 -498 22
63075: -109 -88 -499 31
63078: -109 -88 -502 58
63079: -109 -88 -503 67
63080: -109 -88 -504 76
63083: -109 -89 -579 22
63084: -109 -89 -580 31
63086: -109 -89 -582 49
63088: -109 -89 -584 67
63092: -109 -90 -660 22
63093: -109 -90 -661 31
63095: -109 -90 -663 49
63096: -109 -90 -664 58
63098: -109 -90 -666 76
63119: -118 -84 -174 23
63121: -118 -84 -176 41
63122: -118 -84 -177 50
63123: -118 -84 -178 59
63124: -118 -84 -179 68
63125: -118 -84 -180 77
63128: -118 -85 -255 23
63131: -118 -85 -258 50
63132: -118 -85 -259 59
63133: -118 -85 -260 68
63134: -118 -85 -261 77
63146: -118 -87 -417 23
63148: -118 -87 -419 41
63149: -118 -87 -420 50
63150: -118 -87 -421 59
63151: -118 -87 -422 68
63152: -118 -87 -423 77
63155: -118 -88 -498 23
63157: -118 -88 -500 41
63159: -118 -88 -502 59
63160: -118 -88 -503 68
63161: -118 -88 -504 77
63164: -118 -89 -579 23
63166: -118 -89 -581 41
63167: -118 -89 -582 50
63168: -118 -89 -583 59
63169: -118 -89 -584 68
63170: -118 -89 -585 77
63173: -118 -90 -660 23
63175: -118 -90 -662 41
63176: -118 -90 -663 50
63177: -118 -90 -664 59
63178: -118 -90 -665 68
63179: -118 -90 -666 77
63205: -127 -84 -179 69
63209: -127 -85 -255 24
63210: -127 -85 -256 33
63211: -127 -85 -257 42
63212: -127 -85 -258 51
63213: -127 -85 -259 60
63214: -127 -85 -260 69
63216: -127 -86 -334 6
63218: -127 -86 -336 24
63220: -127 -86 -338 42
63221: -127 -86 -339 51
63222: -127 -86 -340 60
63223: -127 -86 -341 69
63236: -127 -88 -498 24
63237: -127 -88 -499 33
63238: -127 -88 -500 42
63240: -127 -88 -502 60
63241: -127 -88 -503 69
63245: -127 -89 -579 24
63246: -127 -89 -580 33
63247: -127 -89 -581 42
63248: -127 -89 -582 51
63250: -127 -89 -584 69
63254: -127 -90 -660 24
63255: -127 -90 -661 33
63256: -127 -90 -662 42
63257: -127 -90 -663 51
63258: -127 -90 -664 60
63282: -136 -84 -175 34
63283: -136 -84 -176 43
63285: -136 -84 -178 61
63286: -136 -84 -179 70
63287: -136 -84 -180 79
63290: -136 -85 -255 25
63291: -136 -85 -256 34
63292: -136 -85 -257 43
63294: -136 -85 -259 61
63295: -136 -85 -260 70
63296: -136 -85 -261 79
63299: -136 -86 -336 25
63301: -136 -86 -338 43
63304: -136 -86 -341 70
63305: -136 -86 -342 79
63308: -136 -87 -417 25
63309: -136 -87 -418 34
63310: -136 -87 -419 43
63312: -136 -87 -421 61
63313: -136 -87 -422 70
63326: -136 -89 -579 25
63327: -136 -89 -580 34
63328: -136 -89 -581 43
63331: -136 -89 -584 70
63335: -136 -90 -660 25
63336: -136 -90 -661 34
63337: -136 -90 -662 43
63339: -136 -90 -664 61
63341: -136 -90 -666 79
63362: -145 -84 -174 26
63363: -145 -84 -175 35
63364: -145 -84 -176 44
63365: -145 -84 -177 53
63367: -145 -84 -179 71
63368: -145 -84 -180 80
63371: -145 -85 -255 26
63372: -145 -85 -256 35
63373: -145 -85 -257 44
63376: -145 -85 -260 71
63377: -145 -85 -261 80
63380: -145 -86 -336 26
63382: -145 -86 -338 44
63383: -145 -86 -339 53
63385: -145 -86 -341 71
63386: -145 -86 -342 80
63387: -145 -87 -415 8
63388: -145 -87 -416 17
63389: -145 -87 -417 26
63390: -145 -87 -418 35
63391: -145 -87 -419 44
63392: -145 -87 -420 53
63394: -145 -87 -422 71
63395: -145 -87 -423 80
63398: -145 -88 -498 26
63399: -145 -88 -499 35
63400: -145 -88 -500 44
63403: -145 -88 -503 71
63404: -145 -88 -504 80
63416: -145 -90 -660 26
63417: -145 -90 -661 35
63418: -145 -90 -662 44
63419: -145 -90 -663 53
63422: -145 -90 -666 80
63445: -154 -84 -176 45
63447: -154 -84 -178 63
63449: -154 -84 -180 81
63452: -154 -85 -255 27
63453: -154 -85 -256 36
63454: -154 -85 -257 45
63455: -154 -85 -258 54
63456: -154 -85 -259 63
63458: -154 -85 -261 81
63461: -154 -86 -336 27
63462: -154 -86 -337 36
63463: -154 -86 -338 45
63467: -154 -86 -342 81
63470: -154 -87 -417 27
63472: -154 -87 -419 45
63473: -154 -87 -420 54
63474: -154 -87 -421 63
63479: -154 -88 -498 27
63481: -154 -88 -500 45
63482: -154 -88 -501 54
63483: -154 -88 -502 63
63485: -154 -88 -504 81
63489: -154 -89 -580 36
63490: -154 -89 -581 45
63491: -154 -89 -582 54
63615: -172 -166 -265 29
63616: -172 -166 -266 38
63617: -172 -166 -267 47
63618: -172 -166 -268 56
63619: -172 -166 -269 65
63620: -172 -166 -270 74
63624: -172 -167 -346 29
63625: -172 -167 -347 38
63626: -172 -167 -348 47
63627: -172 -167 -349 56
63628: -172 -167 -350 65
63629: -172 -167 -351 74
63630: -172 -168 -424 2
63633: -172 -168 -427 29
63634: -172 -168 -428 38
63635: -172 -168 -429 47
63636: -172 -168 -430 56
63637: -172 -168 -431 65
63638: -172 -168 -432 74
63639: -172 -169 -505 2
63642: -172 -169 -508 29
63643: -172 -169 -509 38
63644: -172 -169 -510 47
63645: -172 -169 -511 56
63646: -172 -169 -512 65
63647: -172 -169 -513 74
63651: -172 -170 -589 29
63652: -172 -170 -590 38
63653: -172 -170 -591 47
63654: -172 -170 -592 56
63655: -172 -170 -593 65
63656: -172 -170 -594 74
63660: -172 -171 -670 29
63661: -172 -171 -671 38
63662: -172 -171 -672 47
63663: -172 -171 -673 56
63664: -172 -171 -674 65
63665: -172 -171 -675 74
63759: -190 -164 -103 31
63761: -190 -164 -105 49
63762: -190 -164 -106 58
63763: -190 -164 -107 67
63764: -190 -164 -108 76
63784: -190 -167 -344 13
63788: -190 -167 -348 49
63789: -190 -167 -349 58
63790: -190 -167 -350 67
63791: -190 -167 -351 76
63793: -190 -168 -425 13
63795: -190 -168 -427 31
63797: -190 -168 -429 49
63798: -190 -168 -430 58
63799: -190 -168 -431 67
63802: -190 -169 -506 13
63807: -190 -169 -511 58
63808: -190 -169 -512 67
63809: -190 -169 -513 76
63813: -190 -170 -589 31
63815: -190 -170 -591 49
63817: -190 -170 -593 67
63818: -190 -170 -594 76
63820: -190 -171 -668 13
63822: -190 -171 -670 31
63824: -190 -171 -672 49
63825: -190 -171 -673 58
63827: -190 -171 -675 76
63839: -199 -164 -102 23
63841: -199 -164 -104 41
63842: -199 -164 -105 50
63843: -199 -164 -106 59
63844: -199 -164 -107 68
63845: -199 -164 -108 77
63856: -199 -166 -263 14
63860: -199 -166 -267 50
63861: -199 -166 -268 59
63862: -199 -166 -269 68
63863: -199 -166 -270 77
63874: -199 -168 -425 14
63877: -199 -168 -428 41
63878: -199 -168 -429 50
63879: -199 -168 -430 59
63880: -199 -168 -431 68
63883: -199 -169 -506 14
63886: -199 -169 -509 41
63888: -199 -169 -511 59
63889: -199 -169 -512 68
63890: -199 -169 -513 77
63892: -199 -170 -587 14
63895: -199 -170 -590 41
63896: -199 -170 -591 50
63897: -199 -170 -592 59
63898: -199 -170 -593 68
63901: -199 -171 -668 14
63904: -199 -171 -671 41
63905: -199 -171 -672 50
63906: -199 -171 -673 59
63908: -199 -171 -675 77
63940: -208 -166 -266 42
63943: -208 -166 -269 69
63949: -208 -167 -347 42
63950: -208 -167 -348 51
63951: -208 -167 -349 60
63952: -208 -167 -350 69
63967: -208 -169 -509 42
63969: -208 -169 -511 60
63970: -208 -169 -512 69
63973: -208 -170 -587 15
63977: -208 -170 -591 51
63978: -208 -170 -592 60
63979: -208 -170 -593 69
63982: -208 -171 -668 15
63986: -208 -171 -672 51
63987: -208 -171 -673 60
64000: -217 -164 -101 16
64002: -217 -164 -103 34
64003: -217 -164 -104 43
64005: -217 -164 -106 61
64006: -217 -164 -107 70
64007: -217 -164 -108 79
64018: -217 -166 -263 16
64020: -217 -166 -265 34
64021: -217 -166 -266 43
64023: -217 -166 -268 61
64024: -217 -166 -269 70
64025: -217 -166 -270 79
64030: -217 -167 -347 43
64032: -217 -167 -349 61
64033: -217 -167 -350 70
64034: -217 -167 -351 79
64036: -217 -168 -425 16
64038: -217 -168 -427 34
64039: -217 -168 -428 43
64041: -217 -168 -430 61
64042: -217 -168 -431 70
64054: -217 -170 -587 16
64056: -217 -170 -589 34
64060: -217 -170 -593 70
64063: -217 -171 -668 16
64065: -217 -171 -670 34
64066: -217 -171 -671 43
64068: -217 -171 -673 61
64069: -217 -171 -674 70
64070: -217 -171 -675 79
64083: -226 -164 -103 35
64084: -226 -164 -104 44
64087: -226 -164 -107 71
64099: -226 -166 -263 17
64101: -226 -166 -265 35
64103: -226 -166 -267 53
64106: -226 -166 -270 80
64108: -226 -167 -344 17
64117: -226 -168 -425 17
64121: -226 -168 -429 53
64123: -226 -168 -431 71
64124: -226 -168 -432 80
64126: -226 -169 -506 17
64128: -226 -169 -508 35
64129: -226 -169 -509 44
64133: -226 -169 -513 80
64144: -226 -171 -668 17
64146: -226 -171 -670 35
64147: -226 -171 -671 44
64148: -226 -171 -672 53
64151: -226 -171 -675 80
64165: -235 -164 -104 45
64166: -235 -164 -105 54
64167: -235 -164 -106 63
64169: -235 -164 -108 81
64180: -235 -166 -263 18
64182: -235 -166 -265 36
64183: -235 -166 -266 45
64184: -235 -166 -267 54
64185: -235 -166 -268 63
64187: -235 -166 -270 81
64189: -235 -167 -344 18
64194: -235 -167 -349 63
64196: -235 -167 -351 81
64198: -235 -168 -425 18
64200: -235 -168 -427 36
64201: -235 -168 -428 45
64202: -235 -168 -429 54
64203: -235 -168 -430 63
64211: -235 -169 -510 54
64212: -235 -169 -511 63
64214: -235 -169 -513 81
64216: -235 -170 -587 18
64218: -235 -170 -589 36
64219: -235 -170 -590 45
64220: -235 -170 -591 54
64223: -235 -170 -594 81
64334: -253 -246 -192 20
64335: -253 -246 -193 29
64336: -253 -246 -194 38
64337: -253 -246 -195 47
64338: -253 -246 -196 56
64339: -253 -246 -197 65
64340: -253 -246 -198 74
64359: -253 -249 -433 2
64361: -253 -249 -435 20
64362: -253 -249 -436 29
64363: -253 -249 -437 38
64364: -253 -249 -438 47
64365: -253 -249 -439 56
64366: -253 -249 -440 65
64367: -253 -249 -441 74
64370: -253 -250 -516 20
64371: -253 -250 -517 29
64372: -253 -250 -518 38
64373: -253 -250 -519 47
64374: -253 -250 -520 56
64375: -253 -250 -521 65
64376: -253 -250 -522 74
64377: -253 -251 -595 2
64379: -253 -251 -597 20
64380: -253 -251 -598 29
64381: -253 -251 -599 38
64382: -253 -251 -600 47
64383: -253 -251 -601 56
64384: -253 -251 -602 65
64385: -253 -251 -603 74
64386: -253 -252 -676 2
64388: -253 -252 -678 20
64389: -253 -252 -679 29
64390: -253 -252 -680 38
64391: -253 -252 -681 47
64392: -253 -252 -682 56
64393: -253 -252 -683 65
64394: -253 -252 -684 74
64404: -262 -245 -109 3
64405: -262 -245 -110 12
64407: -262 -245 -112 30
64408: -262 -245 -113 39
64409: -262 -245 -114 48
64411: -262 -245 -116 66
64412: -262 -245 -117 75
64417: -262 -246 -194 39
64441: -262 -249 -434 12
64443: -262 -249 -436 30
64444: -262 -249 -437 39
64445: -262 -249 -438 48
64446: -262 -249 -439 57
64447: -262 -249 -440 66
64448: -262 -249 -441 75
64449: -262 -250 -514 3
64450: -262 -250 -515 12
64453: -262 -250 -518 39
64454: -262 -250 -519 48
64455: -262 -250 -520 57
64456: -262 -250 -521 66
64457: -262 -250 -522 75
64462: -262 -251 -599 39
64463: -262 -251 -600 48
64464: -262 -251 -601 57
64465: -262 -251 -602 66
64466: -262 -251 -603 75
64468: -262 -252 -677 12
64470: -262 -252 -679 30
64471: -262 -252 -680 39
64472: -262 -252 -681 48
64473: -262 -252 -682 57
64474: -262 -252 -683 66
64475: -262 -252 -684 75
64490: -271 -245 -114 49
64493: -271 -245 -117 76
64499: -271 -246 -195 49
64500: -271 -246 -196 58
64501: -271 -246 -197 67
64527: -271 -249 -439 58
64529: -271 -249 -441 76
64535: -271 -250 -519 49
64537: -271 -250 -521 67
64555: -271 -252 -683 67
64556: -271 -252 -684 76
64589: -280 -247 -276 50
64591: -280 -247 -278 68
64592: -280 -247 -279 77
64608: -280 -249 -439 59
64648: -289 -245 -110 15
64649: -289 -245 -111 24
64650: -289 -245 -112 33
64651: -289 -245 -113 42
64652: -289 -245 -114 51
64653: -289 -245 -115 60
64654: -289 -245 -116 69
64656: -289 -246 -190 6
64658: -289 -246 -192 24
64659: -289 -246 -193 33
64660: -289 -246 -194 42
64661: -289 -246 -195 51
64662: -289 -246 -196 60
64684: -289 -249 -434 15
64685: -289 -249 -435 24
64687: -289 -249 -437 42
64688: -289 -249 -438 51
64689: -289 -249 -439 60
64690: -289 -249 -440 69
64693: -289 -250 -515 15
64694: -289 -250 -516 24
64696: -289 -250 -518 42
64697: -289 -250 -519 51
64698: -289 -250 -520 60
64699: -289 -250 -521 69
64702: -289 -251 -596 15
64705: -289 -251 -599 42
64707: -289 -251 -601 60
64708: -289 -251 -602 69
64714: -289 -252 -680 42
64715: -289 -252 -681 51
64716: -289 -252 -682 60
64717: -289 -252 -683 69
64729: -298 -245 -110 16
64732: -298 -245 -113 43
64734: -298 -245 -115 61
64736: -298 -245 -117 79
64739: -298 -246 -192 25
64741: -298 -246 -194 43
64743: -298 -246 -196 61
64745: -298 -246 -198 79
64765: -298 -249 -434 16
64766: -298 -249 -435 25
64770: -298 -249 -439 61
64771: -298 -249 -440 70
64772: -298 -249 -441 79
64774: -298 -250 -515 16
64775: -298 -250 -516 25
64777: -298 -250 -518 43
64779: -298 -250 -520 61
64780: -298 -250 -521 70
64781: -298 -250 -522 79
64783: -298 -251 -596 16
64784: -298 -251 -597 25
64786: -298 -251 -599 43
64788: -298 -251 -601 61
64789: -298 -251 -602 70
64790: -298 -251 -603 79
64791: -298 -252 -676 7
64792: -298 -252 -677 16
64797: -298 -252 -682 61
64798: -298 -252 -683 70
64799: -298 -252 -684 79
64810: -307 -245 -110 17
64813: -307 -245 -113 44
64814: -307 -245 -114 53
64816: -307 -245 -116 71
64817: -307 -245 -117 80
64819: -307 -246 -191 17
64820: -307 -246 -192 26
64823: -307 -246 -195 53
64825: -307 -246 -197 71
64826: -307 -246 -198 80
64845: -307 -249 -433 8
64846: -307 -249 -434 17
64847: -307 -249 -435 26
64849: -307 -249 -437 44
64850: -307 -249 -438 53
64852: -307 -249 -440 71
64853: -307 -249 -441 80
64855: -307 -250 -515 17
64856: -307 -250 -516 26
64858: -307 -250 -518 44
64859: -307 -250 -519 53
64861: -307 -250 -521 71
64862: -307 -250 -522 80
64864: -307 -251 -596 17
64865: -307 -251 -597 26
64867: -307 -251 -599 44
64868: -307 -251 -600 53
64870: -307 -251 -602 71
64871: -307 -251 -603 80
64873: -307 -252 -677 17
64874: -307 -252 -678 26
64876: -307 -252 -680 44
64877: -307 -252 -681 53
64879: -307 -252 -683 71
64880: -307 -252 -684 80
64891: -316 -245 -110 18
64892: -316 -245 -111 27
64894: -316 -245 -113 45
64896: -316 -245 -115 63
64901: -316 -246 -192 27
64927: -316 -249 -434 18
64928: -316 -249 -435 27
64930: -316 -249 -437 45
64931: -316 -249 -438 54
64932: -316 -249 -439 63
64934: -316 -249 -441 81
64936: -316 -250 -515 18
64937: -316 -250 -516 27
64939: -316 -250 -518 45
64940: -316 -250 -519 54
64941: -316 -250 -520 63
64943: -316 -250 -522 81
64954: -316 -252 -677 18
64955: -316 -252 -678 27
64957: -316 -252 -680 45
64958: -316 -252 -681 54
64959: -316 -252 -682 63
64961: -316 -252 -684 81
65054: -334 -326 -120 20
65055: -334 -326 -121 29
65057: -334 -326 -123 47
65058: -334 -326 -124 56
65059: -334 -326 -125 65
65064: -334 -327 -202 29
65066: -334 -327 -204 47
65067: -334 -327 -205 56
65068: -334 -327 -206 65
65069: -334 -327 -207 74
65090: -334 -330 -444 20
65091: -334 -330 -445 29
65092: -334 -330 -446 38
65093: -334 -330 -447 47
65094: -334 -330 -448 56
65095: -334 -330 -449 65
65096: -334 -330 -450 74
65099: -334 -331 -525 20
65100: -334 -331 -526 29
65101: -334 -331 -527 38
65102: -334 -331 -528 47
65103: -334 -331 -529 56
65104: -334 -331 -530 65
65105: -334 -331 -531 74
65109: -334 -332 -607 29
65111: -334 -332 -609 47
65112: -334 -332 -610 56
65113: -334 -332 -611 65
65114: -334 -332 -612 74
65118: -334 -333 -688 29
65120: -334 -333 -690 47
65121: -334 -333 -691 56
65122: -334 -333 -692 65
65123: -334 -333 -693 74
65133: -343 -326 -118 3
65134: -343 -326 -119 12
65136: -343 -326 -121 30
65137: -343 -326 -122 39
65138: -343 -326 -123 48
65139: -343 -326 -124 57
65140: -343 -326 -125 66
65141: -343 -326 -126 75
65161: -343 -329 -362 12
65164: -343 -329 -365 39
65165: -343 -329 -366 48
65167: -343 -329 -368 66
65168: -343 -329 -369 75
65169: -343 -330 -442 3
65170: -343 -330 -443 12
65172: -343 -330 -445 30
65173: -343 -330 -446 39
65174: -343 -330 -447 48
65175: -343 -330 -448 57
65176: -343 -330 -449 66
65177: -343 -330 -450 75
65178: -343 -331 -523 3
65179: -343 -331 -524 12
65181: -343 -331 -526 30
65182: -343 -331 -527 39
65183: -343 -331 -528 48
65184: -343 -331 -529 57
65185: -343 -331 -530 66
65186: -343 -331 -531 75
65187: -343 -332 -604 3
65188: -343 -332 -605 12
65190: -343 -332 -607 30
65191: -343 -332 -608 39
65192: -343 -332 -609 48
65193: -343 -332 -610 57
65194: -343 -332 -611 66
65196: -343 -333 -685 3
65197: -343 -333 -686 12
65199: -343 -333 -688 30
65200: -343 -333 -689 39
65201: -343 -333 -690 48
65202: -343 -333 -691 57
65203: -343 -333 -692 66
65204: -343 -333 -693 75
65242: -352 -329 -362 13
65246: -352 -329 -366 49
65247: -352 -329 -367 58
65248: -352 -329 -368 67
65249: -352 -329 -369 76
65297: -361 -326 -120 23
65301: -361 -326 -124 59
65303: -361 -326 -126 77
65305: -361 -327 -200 14
65309: -361 -327 -204 50
65310: -361 -327 -205 59
65311: -361 -327 -206 68
65332: -361 -330 -443 14
65338: -361 -330 -449 68
65341: -361 -331 -524 14
65345: -361 -331 -528 50
65346: -361 -331 -529 59
65347: -361 -331 -530 68
65348: -361 -331 -531 77
65350: -361 -332 -605 14
65354: -361 -332 -609 50
65355: -361 -332 -610 59
65356: -361 -332 -611 68
65357: -361 -332 -612 77
65359: -361 -333 -686 14
65363: -361 -333 -690 50
65365: -361 -333 -692 68
65366: -361 -333 -693 77
65377: -370 -326 -119 15
65378: -370 -326 -120 24
65379: -370 -326 -121 33
65381: -370 -326 -123 51
65382: -370 -326 -124 60
65386: -370 -327 -200 15
65387: -370 -327 -201 24
65388: -370 -327 -202 33
65389: -370 -327 -203 42
65390: -370 -327 -204 51
65391: -370 -327 -205 60
65392: -370 -327 -206 69
65413: -370 -330 -443 15
65414: -370 -330 -444 24
65415: -370 -330 -445 33
65417: -370 -330 -447 51
65418: -370 -330 -448 60
65419: -370 -330 -449 69
65422: -370 -331 -524 15
65423: -370 -331 -525 24
65424: -370 -331 -526 33
65426: -370 -331 -528 51
65427: -370 -331 -529 60
65428: -370 -331 -530 69
65431: -370 -332 -605 15
65432: -370 -332 -606 24
65433: -370 -332 -607 33
65435: -370 -332 -609 51
65436: -370 -332 -610 60
65437: -370 -332 -611 69
65439: -370 -333 -685 6
65442: -370 -333 -688 33
65444: -370 -333 -690 51
65445: -370 -333 -691 60
65446: -370 -333 -692 69
65467: -379 -327 -200 16
65472: -379 -327 -205 61
65473: -379 -327 -206 70
65474: -379 -327 -207 79
65496: -379 -330 -445 34
65499: -379 -330 -448 61
65501: -379 -330 -450 79
65509: -379 -331 -530 70
65510: -379 -331 -531 79
65512: -379 -332 -605 16
65514: -379 -332 -607 34
65517: -379 -332 -610 61
65518: -379 -332 -611 70
65521: -379 -333 -686 16
65523: -379 -333 -688 34
65526: -379 -333 -691 61
65527: -379 -333 -692 70
65528: -379 -333 -693 79
65539: -388 -326 -119 17
65540: -388 -326 -120 26
65543: -388 -326 -123 53
65546: -388 -326 -126 80
65548: -388 -327 -200 17
65549: -388 -327 -201 26
65550: -388 -327 -202 35
65552: -388 -327 -204 53
65555: -388 -327 -207 80
65575: -388 -330 -443 17
65576: -388 -330 -444 26
65577: -388 -330 -445 35
65579: -388 -330 -447 53
65581: -388 -330 -449 71
65582: -388 -330 -450 80
65584: -388 -331 -524 17
65585: -388 -331 -525 26
65586: -388 -331 -526 35
65588: -388 -331 -528 53
65590: -388 -331 -530 71
65591: -388 -331 -531 80
65593: -388 -332 -605 17
65594: -388 -332 -606 26
65595: -388 -332 -607 35
65597: -388 -332 -609 53
65599: -388 -332 -611 71
65600: -388 -332 -612 80
65602: -388 -333 -686 17
65604: -388 -333 -688 35
65606: -388 -333 -690 53
65608: -388 -333 -692 71
65609: -388 -333 -693 80
65622: -397 -326 -121 36
65627: -397 -326 -126 81
65629: -397 -327 -200 18
65631: -397 -327 -202 36
65633: -397 -327 -204 54
65634: -397 -327 -205 63
65636: -397 -327 -207 81
65656: -397 -330 -443 18
65658: -397 -330 -445 36
65660: -397 -330 -447 54
65661: -397 -330 -448 63
65663: -397 -330 -450 81
65665: -397 -331 -524 18
65667: -397 -331 -526 36
65669: -397 -331 -528 54
65670: -397 -331 -529 63
65676: -397 -332 -607 36
65678: -397 -332 -609 54
65679: -397 -332 -610 63
65681: -397 -332 -612 81
65683: -397 -333 -686 18
65684: -397 -333 -687 27
65685: -397 -333 -688 36
65687: -397 -333 -690 54
65688: -397 -333 -691 63
65690: -397 -333 -693 81
65784: -415 -407 -130 29
65787: -415 -407 -133 56
65789: -415 -407 -135 74
65790: -415 -408 -208 2
65794: -415 -408 -212 38
65796: -415 -408 -214 56
65797: -415 -408 -215 65
65798: -415 -408 -216 74
65799: -415 -409 -289 2
65801: -415 -409 -291 20
65802: -415 -409 -292 29
65803: -415 -409 -293 38
65805: -415 -409 -295 56
65806: -415 -409 -296 65
65807: -415 -409 -297 74
65810: -415 -410 -372 20
65811: -415 -410 -373 29
65812: -415 -410 -374 38
65814: -415 -410 -376 56
65815: -415 -410 -377 65
65816: -415 -410 -378 74
65819: -415 -411 -453 20
65820: -415 -411 -454 29
65821: -415 -411 -455 38
65823: -415 -411 -457 56
65826: -415 -412 -532 2
65828: -415 -412 -534 20
65829: -415 -412 -535 29
65830: -415 -412 -536 38
65831: -415 -412 -537 47
65832: -415 -412 -538 56
65833: -415 -412 -539 65
65834: -415 -412 -540 74
65835: -415 -413 -613 2
65837: -415 -413 -615 20
65838: -415 -413 -616 29
65839: -415 -413 -617 38
65840: -415 -413 -618 47
65841: -415 -413 -619 56
65842: -415 -413 -620 65
65843: -415 -413 -621 74
65863: -424 -407 -128 12
65865: -424 -407 -130 30
65866: -424 -407 -131 39
65867: -424 -407 -132 48
65868: -424 -407 -133 57
65869: -424 -407 -134 66
65872: -424 -408 -209 12
65874: -424 -408 -211 30
65875: -424 -408 -212 39
65877: -424 -408 -214 57
65878: -424 -408 -215 66
65879: -424 -408 -216 75
65880: -424 -409 -289 3
65881: -424 -409 -290 12
65884: -424 -409 -293 39
65885: -424 -409 -294 48
65886: -424 -409 -295 57
65887: -424 -409 -296 66
65888: -424 -409 -297 75
65890: -424 -410 -371 12
65892: -424 -410 -373 30
65893: -424 -410 -374 39
65894: -424 -410 -375 48
65895: -424 -410 -376 57
65896: -424 -410 -377 66
65897: -424 -410 -378 75
65901: -424 -411 -454 30
65902: -424 -411 -455 39
65904: -424 -411 -457 57
65905: -424 -411 -458 66
65908: -424 -412 -533 12
65910: -424 -412 -535 30
65911: -424 -412 -536 39
65913: -424 -412 -538 57
65915: -424 -412 -540 75
65916: -424 -413 -613 3
65917: -424 -413 -614 12
65919: -424 -413 -616 30
65920: -424 -413 -617 39
65921: -424 -413 -618 48
65922: -424 -413 -619 57
65923: -424 -413 -620 66
65924: -424 -413 -621 75
65944: -433 -407 -128 13
65945: -433 -407 -129 22
65946: -433 -407 -130 31
65948: -433 -407 -132 49
65949: -433 -407 -133 58
65950: -433 -407 -134 67
65951: -433 -407 -135 76
65953: -433 -408 -209 13
65954: -433 -408 -210 22
65955: -433 -408 -211 31
65957: -433 -408 -213 49
65958: -433 -408 -214 58
65959: -433 -408 -215 67
65960: -433 -408 -216 76
65962: -433 -409 -290 13
65963: -433 -409 -291 22
65964: -433 -409 -292 31
65966: -433 -409 -294 49
65967: -433 -409 -295 58
65968: -433 -409 -296 67
65969: -433 -409 -297 76
65971: -433 -410 -371 13
65972: -433 -410 -372 22
65973: -433 -410 -373 31
65975: -433 -410 -375 49
65976: -433 -410 -376 58
65977: -433 -410 -377 67
65978: -433 -410 -378 76
65980: -433 -411 -452 13
65985: -433 -411 -457 58
65989: -433 -412 -533 13
65990: -433 -412 -534 22
65991: -433 -412 -535 31
65993: -433 -412 -537 49
65994: -433 -412 -538 58
65996: -433 -412 -540 76
65997: -433 -413 -613 4
65998: -433 -413 -614 13
65999: -433 -413 -615 22
66000: -433 -413 -616 31
66002: -433 -413 -618 49
66003: -433 -413 -619 58
66004: -433 -413 -620 67
66005: -433 -413 -621 76
66025: -442 -407 -128 14
66026: -442 -407 -129 23
66028: -442 -407 -131 41
66029: -442 -407 -132 50
66030: -442 -407 -133 59
66031: -442 -407 -134 68
66032: -442 -407 -135 77
66033: -442 -408 -208 5
66034: -442 -408 -209 14
66035: -442 -408 -210 23
66037: -442 -408 -212 41
66038: -442 -408 -213 50
66039: -442 -408 -214 59
66040: -442 -408 -215 68
66041: -442 -408 -216 77
66042: -442 -409 -289 5
66043: -442 -409 -290 14
66044: -442 -409 -291 23
66047: -442 -409 -294 50
66048: -442 -409 -295 59
66049: -442 -409 -296 68
66050: -442 -409 -297 77
66052: -442 -410 -371 14
66053: -442 -410 -372 23
66055: -442 -410 -374 41
66057: -442 -410 -376 59
66058: -442 -410 -377 68
66059: -442 -410 -378 77
66066: -442 -411 -457 59
66070: -442 -412 -533 14
66071: -442 -412 -534 23
66073: -442 -412 -536 41
66074: -442 -412 -537 50
66075: -442 -412 -538 59
66076: -442 -412 -539 68
66077: -442 -412 -540 77
66078: -442 -413 -613 5
66079: -442 -413 -614 14
66080: -442 -413 -615 23
66082: -442 -413 -617 41
66083: -442 -413 -618 50
66084: -442 -413 -619 59
66085: -442 -413 -620 68
66086: -442 -413 -621 77
66106: -451 -407 -128 15
66107: -451 -407 -129 24
66109: -451 -407 -131 42
66111: -451 -407 -133 60
66112: -451 -407 -134 69
66115: -451 -408 -209 15
66117: -451 -408 -211 33
66118: -451 -408 -212 42
66120: -451 -408 -214 60
66121: -451 -408 -215 69
66124: -451 -409 -290 15
66125: -451 -409 -291 24
66127: -451 -409 -293 42
66128: -451 -409 -294 51
66129: -451 -409 -295 60
66130: -451 -409 -296 69
66133: -451 -410 -371 15
66134: -451 -410 -372 24
66138: -451 -410 -376 60
66139: -451 -410 -377 69
66151: -451 -412 -533 15
66152: -451 -412 -534 24
66153: -451 -412 -535 33
66154: -451 -412 -536 42
66156: -451 -412 -538 60
66160: -451 -413 -614 15
66161: -451 -413 -615 24
66162: -451 -413 -616 33
66163: -451 -413 -617 42
66165: -451 -413 -619 60
66166: -451 -413 -620 69
66187: -460 -407 -128 16
66188: -460 -407 -129 25
66190: -460 -407 -131 43
66192: -460 -407 -133 61
66193: -460 -407 -134 70
66196: -460 -408 -209 16
66197: -460 -408 -210 25
66198: -460 -408 -211 34
66199: -460 -408 -212 43
66201: -460 -408 -214 61
66202: -460 -408 -215 70
66203: -460 -408 -216 79
66205: -460 -409 -290 16
66206: -460 -409 -291 25
66207: -460 -409 -292 34
66208: -460 -409 -293 43
66210: -460 -409 -295 61
66211: -460 -409 -296 70
66212: -460 -409 -297 79
66214: -460 -410 -371 16
66215: -460 -410 -372 25
66216: -460 -410 -373 34
66217: -460 -410 -374 43
66219: -460 -410 -376 61
66221: -460 -410 -378 79
66226: -460 -411 -455 43
66237: -460 -412 -538 61
66241: -460 -413 -614 16
66242: -460 -413 -615 25
66243: -460 -413 -616 34
66244: -460 -413 -617 43
66246: -460 -413 -619 61
66247: -460 -413 -620 70
66248: -460 -413 -621 79
66268: -469 -407 -128 17
66270: -469 -407 -130 35
66277: -469 -408 -209 17
66283: -469 -408 -215 71
66284: -469 -408 -216 80
66286: -469 -409 -290 17
66288: -469 -409 -292 35
66289: -469 -409 -293 44
66290: -469 -409 -294 53
66292: -469 -409 -296 71
66293: -469 -409 -297 80
66295: -469 -410 -371 17
66296: -469 -410 -372 26
66297: -469 -410 -373 35
66298: -469 -410 -374 44
66299: -469 -410 -375 53
66301: -469 -410 -377 71
66302: -469 -410 -378 80
66306: -469 -411 -454 35
66307: -469 -411 -455 44
66310: -469 -411 -458 71
66322: -469 -413 -614 17
66324: -469 -413 -616 35
66329: -469 -413 -621 80
66349: -478 -407 -128 18
66352: -478 -407 -131 45
66353: -478 -407 -132 54
66354: -478 -407 -133 63
66363: -478 -408 -214 63
66365: -478 -408 -216 81
66370: -478 -409 -293 45
66377: -478 -410 -372 27
66378: -478 -410 -373 36
66379: -478 -410 -374 45
66390: -478 -411 -457 63
66394: -478 -412 -533 18
66397: -478 -412 -536 45
66399: -478 -412 -538 63
66403: -478 -413 -614 18
66405: -478 -413 -616 36
66406: -478 -413 -617 45
66407: -478 -413 -618 54
66513: -496 -488 -139 29
66514: -496 -488 -140 38
66515: -496 -488 -141 47
66517: -496 -488 -143 65
66518: -496 -488 -144 74
66521: -496 -489 -219 20
66522: -496 -489 -220 29
66523: -496 -489 -221 38
66524: -496 -489 -222 47
66525: -496 -489 -223 56
66526: -496 -489 -224 65
66530: -496 -490 -300 20
66531: -496 -490 -301 29
66532: -496 -490 -302 38
66533: -496 -490 -303 47
66534: -496 -490 -304 56
66535: -496 -490 -305 65
66536: -496 -490 -306 74
66539: -496 -491 -381 20
66540: -496 -491 -382 29
66541: -496 -491 -383 38
66542: -496 -491 -384 47
66543: -496 -491 -385 56
66544: -496 -491 -386 65
66545: -496 -491 -387 74
66557: -496 -493 -543 20
66558: -496 -493 -544 29
66559: -496 -493 -545 38
66562: -496 -493 -548 65
66563: -496 -493 -549 74
66566: -496 -494 -624 20
66567: -496 -494 -625 29
66568: -496 -494 -626 38
66569: -496 -494 -627 47
66570: -496 -494 -628 56
66571: -496 -494 -629 65
66572: -496 -494 -630 74
66573: -496 -495 -703 2
66575: -496 -495 -705 20
66576: -496 -495 -706 29
66577: -496 -495 -707 38
66578: -496 -495 -708 47
66579: -496 -495 -709 56
66580: -496 -495 -710 65
66581: -496 -495 -711 74
66591: -505 -488 -136 3
66594: -505 -488 -139 30
66595: -505 -488 -140 39
66596: -505 -488 -141 48
66597: -505 -488 -142 57
66598: -505 -488 -143 66
66599: -505 -488 -144 75
66601: -505 -489 -218 12
66603: -505 -489 -220 30
66604: -505 -489 -221 39
66605: -505 -489 -222 48
66610: -505 -490 -299 12
66612: -505 -490 -301 30
66613: -505 -490 -302 39
66614: -505 -490 -303 48
66615: -505 -490 -304 57
66616: -505 -490 -305 66
66617: -505 -490 -306 75
66619: -505 -491 -380 12
66621: -505 -491 -382 30
66622: -505 -491 -383 39
66623: -505 -491 -384 48
66624: -505 -491 -385 57
66625: -505 -491 -386 66
66626: -505 -491 -387 75
66637: -505 -493 -542 12
66639: -505 -493 -544 30
66640: -505 -493 -545 39
66643: -505 -493 -548 66
66645: -505 -494 -622 3
66646: -505 -494 -623 12
66648: -505 -494 -625 30
66649: -505 -494 -626 39
66650: -505 -494 -627 48
66651: -505 -494 -628 57
66652: -505 -494 -629 66
66653: -505 -494 -630 75
66657: -505 -495 -706 30
66658: -505 -495 -707 39
66659: -505 -495 -708 48
66660: -505 -495 -709 57
66661: -505 -495 -710 66
66662: -505 -495 -711 75
66675: -514 -488 -139 31
66678: -514 -488 -142 58
66679: -514 -488 -143 67
66680: -514 -488 -144 76
66681: -514 -489 -217 4
66682: -514 -489 -218 13
66684: -514 -489 -220 31
66686: -514 -489 -222 49
66687: -514 -489 -223 58
66689: -514 -489 -225 76
66693: -514 -490 -301 31
66700: -514 -491 -380 13
66701: -514 -491 -381 22
66705: -514 -491 -385 58
66706: -514 -491 -386 67
66707: -514 -491 -387 76
66718: -514 -493 -542 13
66720: -514 -493 -544 31
66724: -514 -493 -548 67
66726: -514 -494 -622 4
66727: -514 -494 -623 13
66728: -514 -494 -624 22
66729: -514 -494 -625 31
66731: -514 -494 -627 49
66732: -514 -494 -628 58
66733: -514 -494 -629 67
66734: -514 -494 -630 76
66736: -514 -495 -704 13
66737: -514 -495 -705 22
66738: -514 -495 -706 31
66740: -514 -495 -708 49
66741: -514 -495 -709 58
66742: -514 -495 -710 67
66743: -514 -495 -711 76
66753: -523 -488 -136 5
66754: -523 -488 -137 14
66755: -523 -488 -138 23
66757: -523 -488 -140 41
66758: -523 -488 -141 50
66759: -523 -488 -142 59
66760: -523 -488 -143 68
66761: -523 -488 -144 77
66762: -523 -489 -217 5
66763: -523 -489 -218 14
66764: -523 -489 -219 23
66766: -523 -489 -221 41
66767: -523 -489 -222 50
66768: -523 -489 -223 59
66769: -523 -489 -224 68
66770: -523 -489 -225 77
66772: -523 -490 -299 14
66773: -523 -490 -300 23
66776: -523 -490 -303 50
66777: -523 -490 -304 59
66778: -523 -490 -305 68
66779: -523 -490 -306 77
66781: -523 -491 -380 14
66782: -523 -491 -381 23
66784: -523 -491 -383 41
66787: -523 -491 -386 68
66788: -523 -491 -387 77
66807: -523 -494 -622 5
66809: -523 -494 -624 23
66811: -523 -494 -626 41
66812: -523 -494 -627 50
66813: -523 -494 -628 59
66814: -523 -494 -629 68
66815: -523 -494 -630 77
66816: -523 -495 -703 5
66817: -523 -495 -704 14
66818: -523 -495 -705 23
66820: -523 -495 -707 41
66821: -523 -495 -708 50
66822: -523 -495 -709 59
66823: -523 -495 -710 68
66824: -523 -495 -711 77
66844: -532 -489 -218 15
66848: -532 -489 -222 51
66849: -532 -489 -223 60
66850: -532 -489 -224 69
66856: -532 -490 -302 42
66862: -532 -491 -380 15
66863: -532 -491 -381 24
66865: -532 -491 -383 42
66880: -532 -493 -542 15
66882: -532 -493 -544 33
66883: -532 -493 -545 42
66889: -532 -494 -623 15
66890: -532 -494 -624 24
66891: -532 -494 -625 33
66893: -532 -494 -627 51
66894: -532 -494 -628 60
66895: -532 -494 -629 69
66900: -532 -495 -706 33
66901: -532 -495 -707 42
66917: -541 -488 -138 25
66918: -541 -488 -139 34
66935: -541 -490 -300 25
66937: -541 -490 -302 43
66943: -541 -491 -380 16
66944: -541 -491 -381 25
66975: -541 -494 -628 61
66982: -541 -495 -707 43
66986: -541 -495 -711 79
66999: -550 -488 -139 35
67000: -550 -488 -140 44
67001: -550 -488 -141 53
67003: -550 -488 -143 71
67004: -550 -488 -144 80
67007: -550 -489 -219 26
67008: -550 -489 -220 35
67009: -550 -489 -221 44
67010: -550 -489 -222 53
67012: -550 -489 -224 71
67013: -550 -489 -225 80
67015: -550 -490 -299 17
67016: -550 -490 -300 26
67017: -550 -490 -301 35
67018: -550 -490 -302 44
67019: -550 -490 -303 53
67021: -550 -490 -305 71
67022: -550 -490 -306 80
67024: -550 -491 -380 17
67025: -550 -491 -381 26
67026: -550 -491 -382 35
67030: -550 -491 -386 71
67031: -550 -491 -387 80
67044: -550 -493 -544 35
67045: -550 -493 -545 44
67057: -550 -494 -629 71
67060: -550 -495 -704 17
67061: -550 -495 -705 26
67063: -550 -495 -707 44
67064: -550 -495 -708 53
67066: -550 -495 -710 71
67067: -550 -495 -711 80
67089: -559 -489 -220 36
67091: -559 -489 -222 54
67092: -559 -489 -223 63
67094: -559 -489 -225 81
67096: -559 -490 -299 18
67097: -559 -490 -300 27
67098: -559 -490 -301 36
67099: -559 -490 -302 45
67100: -559 -490 -303 54
67101: -559 -490 -304 63
67103: -559 -490 -306 81
67105: -559 -491 -380 18
67107: -559 -491 -382 36
67108: -559 -491 -383 45
67109: -559 -491 -384 54
67112: -559 -491 -387 81
67125: -559 -493 -544 36
67133: -559 -494 -624 27
67134: -559 -494 -625 36
67135: -559 -494 -626 45
67136: -559 -494 -627 54
67139: -559 -494 -630 81
67141: -559 -495 -704 18
67145: -559 -495 -708 54
67146: -559 -495 -709 63
67148: -559 -495 -711 81
67242: -577 -569 -148 29
67243: -577 -569 -149 38
67245: -577 -569 -151 56
67247: -577 -569 -153 74
67248: -577 -570 -226 2
67250: -577 -570 -228 20
67251: -577 -570 -229 29
67252: -577 -570 -230 38
67253: -577 -570 -231 47
67254: -577 -570 -232 56
67255: -577 -570 -233 65
67256: -577 -570 -234 74
67259: -577 -571 -309 20
67261: -577 -571 -311 38
67262: -577 -571 -312 47
67263: -577 -571 -313 56
67264: -577 -571 -314 65
67265: -577 -571 -315 74
67268: -577 -572 -390 20
67269: -577 -572 -391 29
67270: -577 -572 -392 38
67271: -577 -572 -393 47
67272: -577 -572 -394 56
67273: -577 -572 -395 65
67274: -577 -572 -396 74
67275: -577 -573 -469 2
67277: -577 -573 -471 20
67279: -577 -573 -473 38
67280: -577 -573 -474 47
67281: -577 -573 -475 56
67282: -577 -573 -476 65
67283: -577 -573 -477 74
67295: -577 -575 -633 20
67296: -577 -575 -634 29
67297: -577 -575 -635 38
67301: -577 -575 -639 74
67302: -577 -576 -712 2
67304: -577 -576 -714 20
67305: -577 -576 -715 29
67306: -577 -576 -716 38
67307: -577 -576 -717 47
67308: -577 -576 -718 56
67309: -577 -576 -719 65
67310: -577 -576 -720 74
67324: -586 -569 -149 39
67325: -586 -569 -150 48
67326: -586 -569 -151 57
67328: -586 -569 -153 75
67330: -586 -570 -227 12
67332: -586 -570 -229 30
67333: -586 -570 -230 39
67334: -586 -570 -231 48
67335: -586 -570 -232 57
67337: -586 -570 -234 75
67339: -586 -571 -308 12
67341: -586 -571 -310 30
67342: -586 -571 -311 39
67343: -586 -571 -312 48
67344: -586 -571 -313 57
67345: -586 -571 -314 66
67346: -586 -571 -315 75
67348: -586 -572 -389 12
67350: -586 -572 -391 30
67351: -586 -572 -392 39
67353: -586 -572 -394 57
67354: -586 -572 -395 66
67355: -586 -572 -396 75
67356: -586 -573 -469 3
67357: -586 -573 -470 12
67360: -586 -573 -473 39
67361: -586 -573 -474 48
67362: -586 -573 -475 57
67363: -586 -573 -476 66
67364: -586 -573 -477 75
67384: -586 -576 -713 12
67387: -586 -576 -716 39
67389: -586 -576 -718 57
67390: -586 -576 -719 66
67391: -586 -576 -720 75
67402: -595 -569 -146 13
67407: -595 -569 -151 58
67411: -595 -570 -227 13
67412: -595 -570 -228 22
67413: -595 -570 -229 31
67415: -595 -570 -231 49
67416: -595 -570 -232 58
67417: -595 -570 -233 67
67418: -595 -570 -234 76
67420: -595 -571 -308 13
67426: -595 -571 -314 67
67429: -595 -572 -389 13
67430: -595 -572 -390 22
67433: -595 -572 -393 49
67434: -595 -572 -394 58
67435: -595 -572 -395 67
67436: -595 -572 -396 76
67438: -595 -573 -470 13
67439: -595 -573 -471 22
67440: -595 -573 -472 31
67442: -595 -573 -474 49
67443: -595 -573 -475 58
67444: -595 -573 -476 67
67445: -595 -573 -477 76
67457: -595 -575 -633 22
67458: -595 -575 -634 31
67460: -595 -575 -636 49
67463: -595 -575 -639 76
67464: -595 -576 -712 4
67465: -595 -576 -713 13
67466: -595 -576 -714 22
67467: -595 -576 -715 31
67469: -595 -576 -717 49
67470: -595 -576 -718 58
67471: -595 -576 -719 67
67472: -595 -576 -720 76
67482: -604 -569 -145 5
67483: -604 -569 -146 14
67484: -604 -569 -147 23
67486: -604 -569 -149 41
67487: -604 -569 -150 50
67488: -604 -569 -151 59
67490: -604 -569 -153 77
67492: -604 -570 -227 14
67493: -604 -570 -228 23
67495: -604 -570 -230 41
67496: -604 -570 -231 50
67497: -604 -570 -232 59
67498: -604 -570 -233 68
67499: -604 -570 -234 77
67501: -604 -571 -308 14
67502: -604 -571 -309 23
67504: -604 -571 -311 41
67505: -604 -571 -312 50
67506: -604 -571 -313 59
67507: -604 -571 -314 68
67508: -604 -571 -315 77
67510: -604 -572 -389 14
67511: -604 -572 -390 23
67513: -604 -572 -392 41
67514: -604 -572 -393 50
67515: -604 -572 -394 59
67517: -604 -572 -396 77
67519: -604 -573 -470 14
67520: -604 -573 -471 23
67522: -604 -573 -473 41
67523: -604 -573 -474 50
67524: -604 -573 -475 59
67525: -604 -573 -476 68
67526: -604 -573 -477 77
67537: -604 -575 -632 14
67538: -604 -575 -633 23
67540: -604 -575 -635 41
67541: -604 -575 -636 50
67544: -604 -575 -639 77
67546: -604 -576 -713 14
67547: -604 -576 -714 23
67549: -604 -576 -716 41
67550: -604 -576 -717 50
67551: -604 -576 -718 59
67552: -604 -576 -719 68
67553: -604 -576 -720 77
67565: -613 -569 -147 24
67568: -613 -569 -150 51
67573: -613 -570 -227 15
67574: -613 -570 -228 24
67577: -613 -570 -231 51
67578: -613 -570 -232 60
67579: -613 -570 -233 69
67582: -613 -571 -308 15
67584: -613 -571 -310 33
67585: -613 -571 -311 42
67587: -613 -571 -313 60
67591: -613 -572 -389 15
67597: -613 -572 -395 69
67600: -613 -573 -470 15
67601: -613 -573 -471 24
67602: -613 -573 -472 33
67603: -613 -573 -473 42
67604: -613 -573 -474 51
67605: -613 -573 -475 60
67618: -613 -575 -632 15
67619: -613 -575 -633 24
67621: -613 -575 -635 42
67622: -613 -575 -636 51
67627: -613 -576 -713 15
67629: -613 -576 -715 33
67630: -613 -576 -716 42
67631: -613 -576 -717 51
67632: -613 -576 -718 60
67654: -622 -570 -227 16
67657: -622 -570 -230 43
67664: -622 -571 -309 25
67666: -622 -571 -311 43
67681: -622 -573 -470 16
67682: -622 -573 -471 25
67684: -622 -573 -473 43
67686: -622 -573 -475 61
67700: -622 -575 -633 25
67701: -622 -575 -634 34
67706: -622 -575 -639 79
67713: -622 -576 -718 61
67727: -631 -569 -147 26
67728: -631 -569 -148 35
67729: -631 -569 -149 44
67730: -631 -569 -150 53
67733: -631 -569 -153 80
67739: -631 -570 -231 53
67744: -631 -571 -308 17
67745: -631 -571 -309 26
67746: -631 -571 -310 35
67748: -631 -571 -312 53
67751: -631 -571 -315 80
67765: -631 -573 -473 44
67793: -631 -576 -717 53
67807: -640 -569 -146 18
67811: -640 -569 -150 54
67812: -640 -569 -151 63
67816: -640 -570 -227 18
67817: -640 -570 -228 27
67825: -640 -571 -308 18
67827: -640 -571 -310 36
67828: -640 -571 -311 45
67830: -640 -571 -313 63
67832: -640 -571 -315 81
67837: -640 -572 -392 45
67841: -640 -572 -396 81
67843: -640 -573 -470 18
67846: -640 -573 -473 45
67847: -640 -573 -474 54
67864: -640 -575 -635 45
67865: -640 -575 -636 54
67870: -640 -576 -713 18
67871: -640 -576 -714 27
67872: -640 -576 -715 36
67873: -640 -576 -716 45
67875: -640 -576 -718 63
67970: -658 -650 -156 20
67971: -658 -650 -157 29
67972: -658 -650 -158 38
67973: -658 -650 -159 47
67974: -658 -650 -160 56
67975: -658 -650 -161 65
67977: -658 -651 -235 2
67979: -658 -651 -237 20
67980: -658 -651 -238 29
67981: -658 -651 -239 38
67983: -658 -651 -241 56
67984: -658 -651 -242 65
67985: -658 -651 -243 74
67986: -658 -652 -316 2
67988: -658 -652 -318 20
67990: -658 -652 -320 38
67991: -658 -652 -321 47
67992: -658 -652 -322 56
67993: -658 -652 -323 65
67994: -658 -652 -324 74
67995: -658 -653 -397 2
67997: -658 -653 -399 20
67998: -658 -653 -400 29
68000: -658 -653 -402 47
68001: -658 -653 -403 56
68002: -658 -653 -404 65
68003: -658 -653 -405 74
68004: -658 -654 -478 2
68006: -658 -654 -480 20
68007: -658 -654 -481 29
68009: -658 -654 -483 47
68010: -658 -654 -484 56
68011: -658 -654 -485 65
68012: -658 -654 -486 74
68015: -658 -655 -561 20
68016: -658 -655 -562 29
68017: -658 -655 -563 38
68018: -658 -655 -564 47
68019: -658 -655 -565 56
68020: -658 -655 -566 65
68021: -658 -655 -567 74
68033: -658 -657 -723 20
68035: -658 -657 -725 38
68036: -658 -657 -726 47
68037: -658 -657 -727 56
68050: -667 -650 -155 12
68052: -667 -650 -157 30
68055: -667 -650 -160 57
68056: -667 -650 -161 66
68057: -667 -650 -162 75
68061: -667 -651 -238 30
68062: -667 -651 -239 39
68063: -667 -651 -240 48
68065: -667 -651 -242 66
68068: -667 -652 -317 12
68070: -667 -652 -319 30
68071: -667 -652 -320 39
68072: -667 -652 -321 48
68073: -667 -652 -322 57
68074: -667 -652 -323 66
68075: -667 -652 -324 75
68076: -667 -653 -397 3
68079: -667 -653 -400 30
68080: -667 -653 -401 39
68081: -667 -653 -402 48
68084: -667 -653 -405 75
68088: -667 -654 -481 30
68090: -667 -654 -483 48
68093: -667 -654 -486 75
68095: -667 -655 -560 12
68097: -667 -655 -562 30
68098: -667 -655 -563 39
68099: -667 -655 -564 48
68100: -667 -655 -565 57
68101: -667 -655 -566 66
68102: -667 -655 -567 75
68115: -667 -657 -724 30
68116: -667 -657 -725 39
68131: -676 -650 -155 13
68133: -676 -650 -157 31
68135: -676 -650 -159 49
68136: -676 -650 -160 58
68137: -676 -650 -161 67
68138: -676 -650 -162 76
68140: -676 -651 -236 13
68141: -676 -651 -237 22
68142: -676 -651 -238 31
68145: -676 -651 -241 58
68154: -676 -652 -322 58
68155: -676 -652 -323 67
68158: -676 -653 -398 13
68159: -676 -653 -399 22
68162: -676 -653 -402 49
68163: -676 -653 -403 58
68164: -676 -653 -404 67
68165: -676 -653 -405 76
68167: -676 -654 -479 13
68168: -676 -654 -480 22
68169: -676 -654 -481 31
68171: -676 -654 -483 49
68172: -676 -654 -484 58
68173: -676 -654 -485 67
68174: -676 -654 -486 76
68176: -676 -655 -560 13
68177: -676 -655 -561 22
68178: -676 -655 -562 31
68180: -676 -655 -564 49
68181: -676 -655 -565 58
68182: -676 -655 -566 67
68183: -676 -655 -567 76
68194: -676 -657 -722 13
68198: -676 -657 -726 49
68199: -676 -657 -727 58
68200: -676 -657 -728 67
68211: -685 -650 -154 5
68212: -685 -650 -155 14
68215: -685 -650 -158 41
68216: -685 -650 -159 50
68217: -685 -650 -160 59
68220: -685 -651 -235 5
68221: -685 -651 -236 14
68222: -685 -651 -237 23
68225: -685 -651 -240 50
68226: -685 -651 -241 59
68230: -685 -652 -317 14
68231: -685 -652 -318 23
68233: -685 -652 -320 41
68234: -685 -652 -321 50
68235: -685 -652 -322 59
68236: -685 -652 -323 68
68237: -685 -652 -324 77
68239: -685 -653 -398 14
68243: -685 -653 -402 50
68248: -685 -654 -479 14
68249: -685 -654 -480 23
68251: -685 -654 -482 41
68252: -685 -654 -483 50
68253: -685 -654 -484 59
68254: -685 -654 -485 68
68255: -685 -654 -486 77
68257: -685 -655 -560 14
68258: -685 -655 -561 23
68260: -685 -655 -563 41
68261: -685 -655 -564 50
68262: -685 -655 -565 59
68263: -685 -655 -566 68
68276: -685 -657 -723 23
68278: -685 -657 -725 41
68280: -685 -657 -727 59
68293: -694 -650 -155 15
68295: -694 -650 -157 33
68296: -694 -650 -158 42
68298: -694 -650 -160 60
68302: -694 -651 -236 15
68303: -694 -651 -237 24
68305: -694 -651 -239 42
68306: -694 -651 -240 51
68308: -694 -651 -242 69
68311: -694 -652 -317 15
68313: -694 -652 -319 33
68314: -694 -652 -320 42
68315: -694 -652 -321 51
68316: -694 -652 -322 60
68319: -694 -653 -397 6
68321: -694 -653 -399 24
68322: -694 -653 -400 33
68324: -694 -653 -402 51
68325: -694 -653 -403 60
68326: -694 -653 -404 69
68338: -694 -655 -560 15
68339: -694 -655 -561 24
68341: -694 -655 -563 42
68342: -694 -655 -564 51
68343: -694 -655 -565 60
68344: -694 -655 -566 69
68357: -694 -657 -723 24
68358: -694 -657 -724 33
68374: -703 -650 -155 16
68376: -703 -650 -157 34
68379: -703 -650 -160 61
68381: -703 -650 -162 79
68383: -703 -651 -236 16
68384: -703 -651 -237 25
68385: -703 -651 -238 34
68386: -703 -651 -239 43
68388: -703 -651 -241 61
68389: -703 -651 -242 70
68390: -703 -651 -243 79
68395: -703 -652 -320 43
68397: -703 -652 -322 61
68398: -703 -652 -323 70
68399: -703 -652 -324 79
68401: -703 -653 -398 16
68403: -703 -653 -400 34
68404: -703 -653 -401 43
68406: -703 -653 -403 61
68407: -703 -653 -404 70
68410: -703 -654 -479 16
68411: -703 -654 -480 25
68412: -703 -654 -481 34
68413: -703 -654 -482 43
68415: -703 -654 -484 61
68416: -703 -654 -485 70
68417: -703 -654 -486 79
68419: -703 -655 -560 16
68420: -703 -655 -561 25
68421: -703 -655 -562 34
68422: -703 -655 -563 43
68424: -703 -655 -565 61
68425: -703 -655 -566 70
68426: -703 -655 -567 79
68438: -703 -657 -723 25
68439: -703 -657 -724 34
68440: -703 -657 -725 43
68442: -703 -657 -727 61
68476: -712 -652 -320 44
68484: -712 -653 -400 35
68498: -712 -654 -486 80
68500: -712 -655 -560 17
68501: -712 -655 -561 26
68502: -712 -655 -562 35
68506: -712 -655 -566 71
68507: -712 -655 -567 80
68519: -712 -657 -723 26
68520: -712 -657 -724 35
68541: -721 -650 -160 63
68550: -721 -651 -241 63
68554: -721 -652 -317 18
68555: -721 -652 -318 27
68556: -721 -652 -319 36
68557: -721 -652 -320 45
68558: -721 -652 -321 54
68565: -721 -653 -400 36
68568: -721 -653 -403 63
68572: -721 -654 -479 18
68581: -721 -655 -560 18
68582: -721 -655 -561 27
68584: -721 -655 -563 45
68585: -721 -655 -564 54
68586: -721 -655 -565 63
68598: -721 -657 -721 9
68698: -11 -11 -83 92
68699: -11 -11 -84 101
68700: -11 -11 -85 110
68701: -11 -11 -86 119
68702: -11 -11 -87 128
68703: -11 -11 -88 137
68704: -11 -11 -89 146
68705: -11 -11 -90 155
69516: -101 -93 -172 84
69525: -101 -94 -253 84
69527: -101 -94 -255 102
69529: -101 -94 -257 120
69530: -101 -94 -258 129
69531: -101 -94 -259 138
69532: -101 -94 -260 147
69537: -101 -95 -337 111
69540: -101 -95 -340 138
69541: -101 -95 -341 147
69542: -101 -95 -342 156
69546: -101 -96 -418 111
69549: -101 -96 -421 138
69550: -101 -96 -422 147
69551: -101 -96 -423 156
69552: -101 -97 -496 84
69554: -101 -97 -498 102
69555: -101 -97 -499 111
69556: -101 -97 -500 120
69557: -101 -97 -501 129
69559: -101 -97 -503 147
69560: -101 -97 -504 156
69561: -101 -98 -577 84
69564: -101 -98 -580 111
69566: -101 -98 -582 129
69567: -101 -98 -583 138
69572: -101 -99 -660 102
69573: -101 -99 -661 111
69575: -101 -99 -663 129
69576: -101 -99 -664 138
69577: -101 -99 -665 147
69597: -110 -93 -172 85
69603: -110 -93 -178 139
69624: -110 -96 -415 85
69626: -110 -96 -417 103
69631: -110 -96 -422 148
69633: -110 -97 -496 85
69635: -110 -97 -498 103
69638: -110 -97 -501 130
69640: -110 -97 -503 148
69642: -110 -98 -577 85
69647: -110 -98 -582 130
69648: -110 -98 -583 139
69651: -110 -99 -658 85
69656: -110 -99 -663 130
69657: -110 -99 -664 139
69658: -110 -99 -665 148
69680: -119 -93 -174 104
69681: -119 -93 -175 113
69682: -119 -93 -176 122
69683: -119 -93 -177 131
69684: -119 -93 -178 140
69685: -119 -93 -179 149
69686: -119 -93 -180 158
69687: -119 -94 -253 86
69696: -119 -95 -334 86
69707: -119 -96 -417 104
69708: -119 -96 -418 113
69712: -119 -96 -422 149
69713: -119 -96 -423 158
69716: -119 -97 -498 104
69717: -119 -97 -499 113
69719: -119 -97 -501 131
69723: -119 -98 -577 86
69725: -119 -98 -579 104
69727: -119 -98 -581 122
69728: -119 -98 -582 131
69729: -119 -98 -583 140
69734: -119 -99 -660 104
69738: -119 -99 -664 140
69739: -119 -99 -665 149
69759: -128 -93 -172 87
69760: -128 -93 -173 96
69762: -128 -93 -175 114
69764: -128 -93 -177 132
69765: -128 -93 -178 141
69768: -128 -94 -253 87
69770: -128 -94 -255 105
69772: -128 -94 -257 123
69773: -128 -94 -258 132
69774: -128 -94 -259 141
69775: -128 -94 -260 150
69776: -128 -94 -261 159
69779: -128 -95 -336 105
69780: -128 -95 -337 114
69782: -128 -95 -339 132
69785: -128 -95 -342 159
69795: -128 -97 -496 87
69798: -128 -97 -499 114
69799: -128 -97 -500 123
69800: -128 -97 -501 132
69803: -128 -97 -504 159
69806: -128 -98 -579 105
69807: -128 -98 -580 114
69809: -128 -98 -582 132
69810: -128 -98 -583 141
69843: -137 -93 -175 115
69844: -137 -93 -176 124
69845: -137 -93 -177 133
69846: -137 -93 -178 142
69847: -137 -93 -179 151
69848: -137 -93 -180 160
69849: -137 -94 -253 88
69851: -137 -94 -255 106
69853: -137 -94 -257 124
69854: -137 -94 -258 133
69855: -137 -94 -259 142
69856: -137 -94 -260 151
69857: -137 -94 -261 160
69860: -137 -95 -336 106
69861: -137 -95 -337 115
69863: -137 -95 -339 133
69865: -137 -95 -341 151
69866: -137 -95 -342 160
69867: -137 -96 -415 88
69887: -137 -98 -579 106
69888: -137 -98 -580 115
69889: -137 -98 -581 124
69890: -137 -98 -582 133
69891: -137 -98 -583 142
69893: -137 -98 -585 160
69894: -137 -99 -658 88
69896: -137 -99 -660 106
69897: -137 -99 -661 115
69900: -137 -99 -664 142
69901: -137 -99 -665 151
69921: -146 -93 -172 89
69930: -146 -94 -253 89
69932: -146 -94 -255 107
69934: -146 -94 -257 125
69935: -146 -94 -258 134
69936: -146 -94 -259 143
69937: -146 -94 -260 152
69938: -146 -94 -261 161
69941: -146 -95 -336 107
69942: -146 -95 -337 116
69944: -146 -95 -339 134
69945: -146 -95 -340 143
69947: -146 -95 -342 161
69948: -146 -96 -415 89
69951: -146 -96 -418 116
69954: -146 -96 -421 143
69956: -146 -96 -423 161
69958: -146 -97 -497 98
69975: -146 -99 -658 89
69978: -146 -99 -661 116
69979: -146 -99 -662 125
69980: -146 -99 -663 134
69981: -146 -99 -664 143
70002: -155 -93 -172 90
70011: -155 -94 -253 90
70013: -155 -94 -255 108
70015: -155 -94 -257 126
70016: -155 -94 -258 135
70017: -155 -94 -259 144
70018: -155 -94 -260 153
70019: -155 -94 -261 162
70022: -155 -95 -336 108
70023: -155 -95 -337 117
70025: -155 -95 -339 135
70026: -155 -95 -340 144
70027: -155 -95 -341 153
70029: -155 -96 -415 90
70032: -155 -96 -418 117
70036: -155 -96 -422 153
70038: -155 -97 -496 90
70045: -155 -97 -503 153
70047: -155 -98 -577 90
70056: -155 -99 -658 90
70084: -164 -174 -182 91
70086: -164 -174 -184 109
70087: -164 -174 -185 118
70088: -164 -174 -186 127
70089: -164 -174 -187 136
70090: -164 -174 -188 145
70091: -164 -174 -189 154
70101: -164 -176 -343 82
70155: -173 -173 -100 83
70158: -173 -173 -103 110
70159: -173 -173 -104 119
70160: -173 -173 -105 128
70162: -173 -173 -107 146
70163: -173 -173 -108 155
70254: -182 -175 -262 84
70258: -182 -175 -266 120
70259: -182 -175 -267 129
70260: -182 -175 -268 138
70261: -182 -175 -269 147
70262: -182 -175 -270 156
70263: -182 -176 -343 84
70264: -182 -176 -344 93
70266: -182 -176 -346 111
70268: -182 -176 -348 129
70269: -182 -176 -349 138
70270: -182 -176 -350 147
70271: -182 -176 -351 156
70272: -182 -177 -424 84
70273: -182 -177 -425 93
70275: -182 -177 -427 111
70276: -182 -177 -428 120
70278: -182 -177 -430 138
70279: -182 -177 -431 147
70280: -182 -177 -432 156
70281: -182 -178 -505 84
70282: -182 -178 -506 93
70284: -182 -178 -508 111
70285: -182 -178 -509 120
70286: -182 -178 -510 129
70288: -182 -178 -512 147
70289: -182 -178 -513 156
70290: -182 -179 -586 84
70293: -182 -179 -589 111
70294: -182 -179 -590 120
70295: -182 -179 -591 129
70296: -182 -179 -592 138
70298: -182 -179 -594 156
70299: -182 -180 -667 84
70300: -182 -180 -668 93
70302: -182 -180 -670 111
70303: -182 -180 -671 120
70304: -182 -180 -672 129
70305: -182 -180 -673 138
70306: -182 -180 -674 147
70310: -191 -172 -21 103
70330: -191 -174 -185 121
70331: -191 -174 -186 130
70332: -191 -174 -187 139
70333: -191 -174 -188 148
70334: -191 -174 -189 157
70335: -191 -175 -262 85
70344: -191 -176 -343 85
70347: -191 -176 -346 112
70351: -191 -176 -350 148
70352: -191 -176 -351 157
70353: -191 -177 -424 85
70354: -191 -177 -425 94
70356: -191 -177 -427 112
70360: -191 -177 -431 148
70361: -191 -177 -432 157
70362: -191 -178 -505 85
70363: -191 -178 -506 94
70367: -191 -178 -510 130
70371: -191 -179 -586 85
70377: -191 -179 -592 139
70378: -191 -179 -593 148
70380: -191 -180 -667 85
70381: -191 -180 -668 94
70383: -191 -180 -670 112
70384: -191 -180 -671 121
70385: -191 -180 -672 130
70386: -191 -180 -673 139
70387: -191 -180 -674 148
70388: -191 -180 -675 157
70391: -200 -172 -21 104
70412: -200 -174 -186 131
70413: -200 -174 -187 140
70414: -200 -174 -188 149
70420: -200 -175 -266 122
70425: -200 -176 -343 86
70434: -200 -177 -424 86
70444: -200 -178 -506 95
70448: -200 -178 -510 131
70453: -200 -179 -587 95
70461: -200 -180 -667 86
70462: -200 -180 -668 95
70468: -200 -180 -674 149
70472: -209 -172 -21 105
70491: -209 -174 -184 114
70492: -209 -174 -185 123
70495: -209 -174 -188 150
70500: -209 -175 -265 114
70503: -209 -175 -268 141
70504: -209 -175 -269 150
70505: -209 -175 -270 159
70506: -209 -176 -343 87
70507: -209 -176 -344 96
70515: -209 -177 -424 87
70516: -209 -177 -425 96
70518: -209 -177 -427 114
70519: -209 -177 -428 123
70520: -209 -177 -429 132
70521: -209 -177 -430 141
70522: -209 -177 -431 150
70523: -209 -177 -432 159
70525: -209 -178 -506 96
70532: -209 -178 -513 159
70533: -209 -179 -586 87
70543: -209 -180 -668 96
70545: -209 -180 -670 114
70546: -209 -180 -671 123
70548: -209 -180 -673 141
70549: -209 -180 -674 150
70550: -209 -180 -675 159
70553: -218 -172 -21 106
70572: -218 -174 -184 115
70593: -218 -176 -349 142
70594: -218 -176 -350 151
70597: -218 -177 -425 97
70599: -218 -177 -427 115
70600: -218 -177 -428 124
70601: -218 -177 -429 133
70602: -218 -177 -430 142
70603: -218 -177 -431 151
70604: -218 -177 -432 160
70605: -218 -178 -505 88
70608: -218 -178 -508 115
70609: -218 -178 -509 124
70610: -218 -178 -510 133
70611: -218 -178 -511 142
70612: -218 -178 -512 151
70613: -218 -178 -513 160
70624: -218 -180 -668 97
70634: -227 -172 -21 107
70653: -227 -174 -184 116
70660: -227 -175 -263 98
70668: -227 -176 -343 89
70669: -227 -176 -344 98
70685: -227 -177 -432 161
70691: -227 -178 -510 134
70692: -227 -178 -511 143
70693: -227 -178 -512 152
70705: -227 -180 -668 98
70715: -236 -172 -21 108
70734: -236 -174 -184 117
70735: -236 -174 -185 126
70737: -236 -174 -187 144
70738: -236 -174 -188 153
70749: -236 -176 -343 90
70750: -236 -176 -344 99
70759: -236 -177 -425 99
70769: -236 -178 -507 108
70770: -236 -178 -508 117
70779: -236 -179 -589 117
70780: -236 -179 -590 126
70781: -236 -179 -591 135
70782: -236 -179 -592 144
70783: -236 -179 -593 153
70785: -236 -180 -667 90
70788: -236 -180 -670 117
70789: -236 -180 -671 126
70790: -236 -180 -672 135
70791: -236 -180 -673 144
70793: -236 -180 -675 162
70798: -245 -253 -32 118
70826: -245 -256 -276 127
70827: -245 -256 -277 136
70828: -245 -256 -278 145
70829: -245 -256 -279 154
70832: -245 -257 -354 100
70835: -245 -257 -357 127
70836: -245 -257 -358 136
70837: -245 -257 -359 145
70838: -245 -257 -360 154
70847: -245 -258 -441 154
70863: -245 -260 -601 136
70872: -245 -261 -682 136
70884: -254 -254 -109 83
70885: -254 -254 -110 92
70886: -254 -254 -111 101
70887: -254 -254 -112 110
70888: -254 -254 -113 119
70889: -254 -254 -114 128
70890: -254 -254 -115 137
70891: -254 -254 -116 146
70892: -254 -254 -117 155
70960: -263 -253 -32 120
70976: -263 -255 -192 102
70978: -263 -255 -194 120
70980: -263 -255 -196 138
70982: -263 -255 -198 156
70985: -263 -256 -273 102
70988: -263 -256 -276 129
70989: -263 -256 -277 138
70990: -263 -256 -278 147
70991: -263 -256 -279 156
70994: -263 -257 -354 102
70997: -263 -257 -357 129
70998: -263 -257 -358 138
70999: -263 -257 -359 147
71000: -263 -257 -360 156
71001: -263 -258 -433 84
71003: -263 -258 -435 102
71005: -263 -258 -437 120
71006: -263 -258 -438 129
71007: -263 -258 -439 138
71008: -263 -258 -440 147
71009: -263 -258 -441 156
71010: -263 -259 -514 84
71023: -263 -260 -599 120
71025: -263 -260 -601 138
71026: -263 -260 -602 147
71028: -263 -261 -676 84
71035: -263 -261 -683 147
71041: -272 -253 -32 121
71078: -272 -257 -357 130
71081: -272 -257 -360 157
71082: -272 -258 -433 85
71086: -272 -258 -437 121
71094: -272 -259 -517 112
71122: -281 -253 -32 122
71138: -281 -255 -192 104
71141: -281 -255 -195 131
71152: -281 -256 -278 149
71163: -281 -258 -433 86
71171: -281 -258 -441 158
71172: -281 -259 -514 86
71177: -281 -259 -519 131
71179: -281 -259 -521 149
71181: -281 -260 -595 86
71183: -281 -260 -597 104
71184: -281 -260 -598 113
71185: -281 -260 -599 122
71186: -281 -260 -600 131
71187: -281 -260 -601 140
71188: -281 -260 -602 149
71189: -281 -260 -603 158
71190: -281 -261 -676 86
71197: -281 -261 -683 149
71203: -290 -253 -32 123
71221: -290 -255 -194 123
71222: -290 -255 -195 132
71224: -290 -255 -197 150
71225: -290 -255 -198 159
71228: -290 -256 -273 105
71232: -290 -256 -277 141
71233: -290 -256 -278 150
71234: -290 -256 -279 159
71237: -290 -257 -354 105
71240: -290 -257 -357 132
71241: -290 -257 -358 141
71242: -290 -257 -359 150
71243: -290 -257 -360 159
71248: -290 -258 -437 123
71252: -290 -258 -441 159
71253: -290 -259 -514 87
71258: -290 -259 -519 132
71264: -290 -260 -597 105
71266: -290 -260 -599 123
71267: -290 -260 -600 132
71268: -290 -260 -601 141
71269: -290 -260 -602 150
71270: -290 -260 -603 159
71273: -290 -261 -678 105
71275: -290 -261 -680 123
71277: -290 -261 -682 141
71278: -290 -261 -683 150
71284: -299 -253 -32 124
71300: -299 -255 -192 106
71302: -299 -255 -194 124
71303: -299 -255 -195 133
71304: -299 -255 -196 142
71305: -299 -255 -197 151
71306: -299 -255 -198 160
71312: -299 -256 -276 133
71314: -299 -256 -278 151
71315: -299 -256 -279 160
71318: -299 -257 -354 106
71321: -299 -257 -357 133
71322: -299 -257 -358 142
71323: -299 -257 -359 151
71324: -299 -257 -360 160
71325: -299 -258 -433 88
71333: -299 -258 -441 160
71334: -299 -259 -514 88
71343: -299 -260 -595 88
71349: -299 -260 -601 142
71352: -299 -261 -676 88
71355: -299 -261 -679 115
71358: -299 -261 -682 142
71365: -308 -253 -32 125
71379: -308 -255 -190 89
71381: -308 -255 -192 107
71382: -308 -255 -193 116
71383: -308 -255 -194 125
71384: -308 -255 -195 134
71385: -308 -255 -196 143
71386: -308 -255 -197 152
71387: -308 -255 -198 161
71388: -308 -256 -271 89
71390: -308 -256 -273 107
71393: -308 -256 -276 134
71394: -308 -256 -277 143
71395: -308 -256 -278 152
71396: -308 -256 -279 161
71399: -308 -257 -354 107
71402: -308 -257 -357 134
71403: -308 -257 -358 143
71404: -308 -257 -359 152
71405: -308 -257 -360 161
71408: -308 -258 -435 107
71410: -308 -258 -437 125
71413: -308 -258 -440 152
71414: -308 -258 -441 161
71415: -308 -259 -514 89
71420: -308 -259 -519 134
71426: -308 -260 -597 107
71428: -308 -260 -599 125
71429: -308 -260 -600 134
71430: -308 -260 -601 143
71431: -308 -260 -602 152
71432: -308 -260 -603 161
71433: -308 -261 -676 89
71440: -308 -261 -683 152
71446: -317 -253 -32 126
71468: -317 -255 -198 162
71474: -317 -256 -276 135
71475: -317 -256 -277 144
71480: -317 -257 -354 108
71483: -317 -257 -357 135
71484: -317 -257 -358 144
71485: -317 -257 -359 153
71486: -317 -257 -360 162
71495: -317 -258 -441 162
71498: -317 -259 -516 108
71501: -317 -259 -519 135
71511: -317 -260 -601 144
71516: -317 -261 -678 108
71518: -317 -261 -680 126
71519: -317 -261 -681 135
71520: -317 -261 -682 144
71521: -317 -261 -683 153
71522: -317 -261 -684 162
71526: -326 -334 -40 109
71544: -326 -336 -202 109
71546: -326 -336 -204 127
71547: -326 -336 -205 136
71548: -326 -336 -206 145
71549: -326 -336 -207 154
71551: -326 -337 -281 91
71552: -326 -337 -282 100
71553: -326 -337 -283 109
71555: -326 -337 -285 127
71556: -326 -337 -286 136
71557: -326 -337 -287 145
71558: -326 -337 -288 154
71566: -326 -338 -368 145
71567: -326 -338 -369 154
71568: -326 -339 -442 82
71569: -326 -339 -443 91
71570: -326 -339 -444 100
71571: -326 -339 -445 109
71572: -326 -339 -446 118
71573: -326 -339 -447 127
71574: -326 -339 -448 136
71575: -326 -339 -449 145
71576: -326 -339 -450 154
71578: -326 -340 -524 91
71586: -326 -341 -604 82
71587: -326 -341 -605 91
71588: -326 -341 -606 100
71589: -326 -341 -607 109
71590: -326 -341 -608 118
71591: -326 -341 -609 127
71592: -326 -341 -610 136
71594: -326 -341 -612 154
71595: -326 -342 -685 82
71688: -344 -334 -40 111
71705: -344 -336 -201 102
71706: -344 -336 -202 111
71708: -344 -336 -204 129
71709: -344 -336 -205 138
71710: -344 -336 -206 147
71711: -344 -336 -207 156
71714: -344 -337 -282 102
71715: -344 -337 -283 111
71717: -344 -337 -285 129
71718: -344 -337 -286 138
71719: -344 -337 -287 147
71720: -344 -337 -288 156
71726: -344 -338 -366 129
71727: -344 -338 -367 138
71728: -344 -338 -368 147
71729: -344 -338 -369 156
71730: -344 -339 -442 84
71732: -344 -339 -444 102
71733: -344 -339 -445 111
71734: -344 -339 -446 120
71735: -344 -339 -447 129
71736: -344 -339 -448 138
71737: -344 -339 -449 147
71738: -344 -339 -450 156
71739: -344 -340 -523 84
71742: -344 -340 -526 111
71743: -344 -340 -527 120
71744: -344 -340 -528 129
71745: -344 -340 -529 138
71746: -344 -340 -530 147
71747: -344 -340 -531 156
71748: -344 -341 -604 84
71751: -344 -341 -607 111
71753: -344 -341 -609 129
71754: -344 -341 -610 138
71755: -344 -341 -611 147
71756: -344 -341 -612 156
71757: -344 -342 -685 84
71760: -344 -342 -688 111
71762: -344 -342 -690 129
71763: -344 -342 -691 138
71764: -344 -342 -692 147
71765: -344 -342 -693 156
71769: -353 -334 -40 112
71785: -353 -336 -200 94
71786: -353 -336 -201 103
71787: -353 -336 -202 112
71788: -353 -336 -203 121
71789: -353 -336 -204 130
71790: -353 -336 -205 139
71791: -353 -336 -206 148
71792: -353 -336 -207 157
71804: -353 -338 -363 103
71807: -353 -338 -366 130
71809: -353 -338 -368 148
71810: -353 -338 -369 157
71811: -353 -339 -442 85
71812: -353 -339 -443 94
71813: -353 -339 -444 103
71814: -353 -339 -445 112
71816: -353 -339 -447 130
71817: -353 -339 -448 139
71818: -353 -339 -449 148
71819: -353 -339 -450 157
71820: -353 -340 -523 85
71821: -353 -340 -524 94
71822: -353 -340 -525 103
71823: -353 -340 -526 112
71825: -353 -340 -528 130
71826: -353 -340 -529 139
71827: -353 -340 -530 148
71828: -353 -340 -531 157
71829: -353 -341 -604 85
71830: -353 -341 -605 94
71831: -353 -341 -606 103
71832: -353 -341 -607 112
71833: -353 -341 -608 121
71834: -353 -341 -609 130
71835: -353 -341 -610 139
71836: -353 -341 -611 148
71837: -353 -341 -612 157
71838: -353 -342 -685 85
71839: -353 -342 -686 94
71840: -353 -342 -687 103
71841: -353 -342 -688 112
71842: -353 -342 -689 121
71843: -353 -342 -690 130
71844: -353 -342 -691 139
71845: -353 -342 -692 148
71846: -353 -342 -693 157
71850: -362 -334 -40 113
71870: -362 -336 -204 131
71872: -362 -336 -206 149
71895: -362 -339 -445 113
71900: -362 -339 -450 158
71913: -362 -341 -607 113
71931: -371 -334 -40 114
71946: -371 -336 -199 87
71947: -371 -336 -200 96
71948: -371 -336 -201 105
71949: -371 -336 -202 114
71950: -371 -336 -203 123
71951: -371 -336 -204 132
71952: -371 -336 -205 141
71953: -371 -336 -206 150
71954: -371 -336 -207 159
71955: -371 -337 -280 87
71957: -371 -337 -282 105
71958: -371 -337 -283 114
71959: -371 -337 -284 123
71960: -371 -337 -285 132
71961: -371 -337 -286 141
71962: -371 -337 -287 150
71963: -371 -337 -288 159
71966: -371 -338 -363 105
71970: -371 -338 -367 141
71971: -371 -338 -368 150
71972: -371 -338 -369 159
71973: -371 -339 -442 87
71976: -371 -339 -445 114
71982: -371 -340 -523 87
71985: -371 -340 -526 114
71987: -371 -340 -528 132
71991: -371 -341 -604 87
72000: -371 -342 -685 87
72007: -371 -342 -692 150
72012: -380 -334 -40 115
72027: -380 -336 -199 88
72029: -380 -336 -201 106
72030: -380 -336 -202 115
72032: -380 -336 -204 133
72033: -380 -336 -205 142
72034: -380 -336 -206 151
72035: -380 -336 -207 160
72038: -380 -337 -282 106
72039: -380 -337 -283 115
72041: -380 -337 -285 133
72042: -380 -337 -286 142
72043: -380 -337 -287 151
72044: -380 -337 -288 160
72047: -380 -338 -363 106
72050: -380 -338 -366 133
72052: -380 -338 -368 151
72053: -380 -338 -369 160
72054: -380 -339 -442 88
72062: -380 -339 -450 160
72064: -380 -340 -524 97
72065: -380 -340 -525 106
72068: -380 -340 -528 133
72070: -380 -340 -530 151
72072: -380 -341 -604 88
72078: -380 -341 -610 142
72081: -380 -342 -685 88
72083: -380 -342 -687 106
72084: -380 -342 -688 115
72085: -380 -342 -689 124
72086: -380 -342 -690 133
72087: -380 -342 -691 142
72088: -380 -342 -692 151
72089: -380 -342 -693 160
72093: -389 -334 -40 116
72110: -389 -336 -201 107
72111: -389 -336 -202 116
72112: -389 -336 -203 125
72113: -389 -336 -204 134
72114: -389 -336 -205 143
72115: -389 -336 -206 152
72116: -389 -336 -207 161
72119: -389 -337 -282 107
72120: -389 -337 -283 116
72122: -389 -337 -285 134
72123: -389 -337 -286 143
72124: -389 -337 -287 152
72125: -389 -337 -288 161
72131: -389 -338 -366 134
72132: -389 -338 -367 143
72134: -389 -338 -369 161
72135: -389 -339 -442 89
72143: -389 -339 -450 161
72144: -389 -340 -523 89
72149: -389 -340 -528 134
72153: -389 -341 -604 89
72156: -389 -341 -607 116
72162: -389 -342 -685 89
72169: -389 -342 -692 152
72174: -398 -334 -40 117
72189: -398 -336 -199 90
72191: -398 -336 -201 108
72192: -398 -336 -202 117
72194: -398 -336 -204 135
72196: -398 -336 -206 153
72197: -398 -336 -207 162
72200: -398 -337 -282 108
72201: -398 -337 -283 117
72203: -398 -337 -285 135
72204: -398 -337 -286 144
72205: -398 -337 -287 153
72209: -398 -338 -363 108
72211: -398 -338 -365 126
72212: -398 -338 -366 135
72213: -398 -338 -367 144
72214: -398 -338 -368 153
72216: -398 -339 -442 90
72234: -398 -341 -604 90
72240: -398 -341 -610 144
72245: -398 -342 -687 108
72246: -398 -342 -688 117
72248: -398 -342 -690 135
72249: -398 -342 -691 144
72250: -398 -342 -692 153
72258: -407 -415 -52 136
72272: -407 -417 -210 100
72279: -407 -418 -289 82
72280: -407 -418 -290 91
72281: -407 -418 -291 100
72282: -407 -418 -292 109
72283: -407 -418 -293 118
72286: -407 -418 -296 145
72288: -407 -419 -370 82
72290: -407 -419 -372 100
72291: -407 -419 -373 109
72294: -407 -419 -376 136
72295: -407 -419 -377 145
72297: -407 -420 -451 82
72300: -407 -420 -454 109
72301: -407 -420 -455 118
72303: -407 -420 -457 136
72304: -407 -420 -458 145
72311: -407 -421 -537 127
72313: -407 -421 -539 145
72315: -407 -422 -613 82
72316: -407 -422 -614 91
72324: -407 -423 -694 82
72325: -407 -423 -695 91
72326: -407 -423 -696 100
72327: -407 -423 -697 109
72328: -407 -423 -698 118
72329: -407 -423 -699 127
72330: -407 -423 -700 136
72332: -407 -423 -702 154
72342: -416 -416 -127 83
72343: -416 -416 -128 92
72344: -416 -416 -129 101
72345: -416 -416 -130 110
72346: -416 -416 -131 119
72347: -416 -416 -132 128
72349: -416 -416 -134 146
72350: -416 -416 -135 155
72420: -425 -415 -52 138
72434: -425 -417 -210 102
72441: -425 -418 -289 84
72444: -425 -418 -292 111
72445: -425 -418 -293 120
72446: -425 -418 -294 129
72447: -425 -418 -295 138
72448: -425 -418 -296 147
72449: -425 -418 -297 156
72450: -425 -419 -370 84
72452: -425 -419 -372 102
72453: -425 -419 -373 111
72457: -425 -419 -377 147
72458: -425 -419 -378 156
72462: -425 -420 -454 111
72463: -425 -420 -455 120
72465: -425 -420 -457 138
72466: -425 -420 -458 147
72471: -425 -421 -535 111
72473: -425 -421 -537 129
72474: -425 -421 -538 138
72475: -425 -421 -539 147
72476: -425 -421 -540 156
72483: -425 -422 -619 138
72486: -425 -423 -694 84
72488: -425 -423 -696 102
72489: -425 -423 -697 111
72490: -425 -423 -698 120
72491: -425 -423 -699 129
72492: -425 -423 -700 138
72493: -425 -423 -701 147
72494: -425 -423 -702 156
72501: -434 -415 -52 139
72515: -434 -417 -210 103
72522: -434 -418 -289 85
72524: -434 -418 -291 103
72526: -434 -418 -293 121
72529: -434 -418 -296 148
72530: -434 -418 -297 157
72534: -434 -419 -373 112
72542: -434 -420 -453 103
72543: -434 -420 -454 112
72544: -434 -420 -455 121
72546: -434 -420 -457 139
72547: -434 -420 -458 148
72553: -434 -421 -536 121
72556: -434 -421 -539 148
72557: -434 -421 -540 157
72561: -434 -422 -616 112
72562: -434 -422 -617 121
72565: -434 -422 -620 148
72567: -434 -423 -694 85
72569: -434 -423 -696 103
72570: -434 -423 -697 112
72571: -434 -423 -698 121
72572: -434 -423 -699 130
72573: -434 -423 -700 139
72575: -434 -423 -702 157
72582: -443 -415 -52 140
72595: -443 -417 -209 95
72597: -443 -417 -211 113
72599: -443 -417 -213 131
72607: -443 -418 -293 122
72610: -443 -418 -296 149
72614: -443 -419 -372 104
72615: -443 -419 -373 113
72618: -443 -419 -376 140
72621: -443 -420 -451 86
72623: -443 -420 -453 104
72624: -443 -420 -454 113
72627: -443 -420 -457 140
72628: -443 -420 -458 149
72633: -443 -421 -535 113
72634: -443 -421 -536 122
72635: -443 -421 -537 131
72636: -443 -421 -538 140
72637: -443 -421 -539 149
72642: -443 -422 -616 113
72643: -443 -422 -617 122
72648: -443 -423 -694 86
72650: -443 -423 -696 104
72651: -443 -423 -697 113
72652: -443 -423 -698 122
72653: -443 -423 -699 131
72654: -443 -423 -700 140
72655: -443 -423 -701 149
72656: -443 -423 -702 158
72663: -452 -415 -52 141
72686: -452 -418 -291 105
72688: -452 -418 -293 123
72703: -452 -420 -452 96
72716: -452 -421 -537 132
72722: -452 -422 -615 105
72727: -452 -422 -620 150
72729: -452 -423 -694 87
72744: -461 -415 -52 142
72757: -461 -417 -209 97
72758: -461 -417 -210 106
72759: -461 -417 -211 115
72760: -461 -417 -212 124
72763: -461 -417 -215 151
72769: -461 -418 -293 124
72785: -461 -420 -453 106
72786: -461 -420 -454 115
72787: -461 -420 -455 124
72790: -461 -420 -458 151
72804: -461 -422 -616 115
72805: -461 -422 -617 124
72807: -461 -422 -619 142
72808: -461 -422 -620 151
72810: -461 -423 -694 88
72825: -470 -415 -52 143
72838: -470 -417 -209 98
72840: -470 -417 -211 116
72844: -470 -417 -215 152
72849: -470 -418 -292 116
72850: -470 -418 -293 125
72858: -470 -419 -373 116
72860: -470 -419 -375 134
72861: -470 -419 -376 143
72862: -470 -419 -377 152
72863: -470 -419 -378 161
72866: -470 -420 -453 107
72867: -470 -420 -454 116
72868: -470 -420 -455 125
72870: -470 -420 -457 143
72878: -470 -421 -537 134
72891: -470 -423 -694 89
72893: -470 -423 -696 107
72895: -470 -423 -698 125
72896: -470 -423 -699 134
72897: -470 -423 -700 143
72898: -470 -423 -701 152
72899: -470 -423 -702 161
72906: -479 -415 -52 144
72919: -479 -417 -209 99
72921: -479 -417 -211 117
72931: -479 -418 -293 126
72948: -479 -420 -454 117
72949: -479 -420 -455 126
72951: -479 -420 -457 144
72952: -479 -420 -458 153
72959: -479 -421 -537 135
72972: -479 -423 -694 90
72974: -479 -423 -696 108
72975: -479 -423 -697 117
72976: -479 -423 -698 126
72978: -479 -423 -700 144
72979: -479 -423 -701 153
72980: -479 -423 -702 162
72988: -488 -496 -62 145
72999: -488 -498 -217 82
73000: -488 -498 -218 91
73001: -488 -498 -219 100
73004: -488 -498 -222 127
73008: -488 -499 -298 82
73010: -488 -499 -300 100
73012: -488 -499 -302 118
73019: -488 -500 -381 100
73020: -488 -500 -382 109
73026: -488 -501 -460 82
73027: -488 -501 -461 91
73028: -488 -501 -462 100
73033: -488 -501 -467 145
73035: -488 -502 -541 82
73038: -488 -502 -544 109
73039: -488 -502 -545 118
73043: -488 -502 -549 154
73050: -488 -503 -628 136
73053: -488 -504 -703 82
73071: -497 -497 -136 83
73073: -497 -497 -138 101
73074: -497 -497 -139 110
73075: -497 -497 -140 119
73076: -497 -497 -141 128
73077: -497 -497 -142 137
73078: -497 -497 -143 146
73079: -497 -497 -144 155
73150: -506 -496 -62 147
73163: -506 -498 -219 102
73164: -506 -498 -220 111
73166: -506 -498 -222 129
73174: -506 -499 -302 120
73177: -506 -499 -305 147
73179: -506 -500 -379 84
73182: -506 -500 -382 111
73183: -506 -500 -383 120
73184: -506 -500 -384 129
73186: -506 -500 -386 147
73187: -506 -500 -387 156
73188: -506 -501 -460 84
73190: -506 -501 -462 102
73191: -506 -501 -463 111
73192: -506 -501 -464 120
73193: -506 -501 -465 129
73194: -506 -501 -466 138
73195: -506 -501 -467 147
73196: -506 -501 -468 156
73200: -506 -502 -544 111
73201: -506 -502 -545 120
73204: -506 -502 -548 147
73205: -506 -502 -549 156
73206: -506 -503 -622 84
73208: -506 -503 -624 102
73209: -506 -503 -625 111
73210: -506 -503 -626 120
73212: -506 -503 -628 138
73214: -506 -503 -630 156
73215: -506 -504 -703 84
73218: -506 -504 -706 111
73220: -506 -504 -708 129
73221: -506 -504 -709 138
73223: -506 -504 -711 156
73231: -515 -496 -62 148
73242: -515 -498 -217 85
73244: -515 -498 -219 103
73246: -515 -498 -221 121
73248: -515 -498 -223 139
73249: -515 -498 -224 148
73250: -515 -498 -225 157
73255: -515 -499 -302 121
73262: -515 -500 -381 103
73263: -515 -500 -382 112
73264: -515 -500 -383 121
73266: -515 -500 -385 139
73267: -515 -500 -386 148
73268: -515 -500 -387 157
73269: -515 -501 -460 85
73271: -515 -501 -462 103
73272: -515 -501 -463 112
73273: -515 -501 -464 121
73274: -515 -501 -465 130
73275: -515 -501 -466 139
73282: -515 -502 -545 121
73285: -515 -502 -548 148
73286: -515 -502 -549 157
73287: -515 -503 -622 85
73289: -515 -503 -624 103
73290: -515 -503 -625 112
73291: -515 -503 -626 121
73293: -515 -503 -628 139
73295: -515 -503 -630 157
73298: -515 -504 -705 103
73299: -515 -504 -706 112
73300: -515 -504 -707 121
73303: -515 -504 -710 148
73304: -515 -504 -711 157
73312: -524 -496 -62 149
73323: -524 -498 -217 86
73325: -524 -498 -219 104
73336: -524 -499 -302 122
73341: -524 -500 -379 86
73344: -524 -500 -382 113
73350: -524 -501 -460 86
73351: -524 -501 -461 95
73352: -524 -501 -462 104
73353: -524 -501 -463 113
73354: -524 -501 -464 122
73355: -524 -501 -465 131
73356: -524 -501 -466 140
73357: -524 -501 -467 149
73358: -524 -501 -468 158
73361: -524 -502 -543 104
73362: -524 -502 -544 113
73365: -524 -502 -547 140
73366: -524 -502 -548 149
73367: -524 -502 -549 158
73368: -524 -503 -622 86
73371: -524 -503 -625 113
73372: -524 -503 -626 122
73374: -524 -503 -628 140
73376: -524 -503 -630 158
73377: -524 -504 -703 86
73379: -524 -504 -705 104
73380: -524 -504 -706 113
73381: -524 -504 -707 122
73382: -524 -504 -708 131
73383: -524 -504 -709 140
73384: -524 -504 -710 149
73385: -524 -504 -711 158
73393: -533 -496 -62 150
73431: -533 -501 -460 87
73433: -533 -501 -462 105
73434: -533 -501 -463 114
73435: -533 -501 -464 123
73436: -533 -501 -465 132
73438: -533 -501 -467 150
73439: -533 -501 -468 159
73448: -533 -502 -549 159
73474: -542 -496 -62 151
73487: -542 -498 -219 106
73512: -542 -501 -460 88
73536: -542 -503 -628 142
73539: -542 -504 -703 88
73546: -542 -504 -710 151
73555: -551 -496 -62 152
73568: -551 -498 -219 107
73570: -551 -498 -221 125
73571: -551 -498 -222 134
73575: -551 -499 -298 89
73579: -551 -499 -302 125
73591: -551 -500 -386 152
73593: -551 -501 -460 89
73605: -551 -502 -544 116
73606: -551 -502 -545 125
73610: -551 -502 -549 161
73620: -551 -504 -703 89
73636: -560 -496 -62 153
73647: -560 -498 -217 90
73650: -560 -498 -220 117
73660: -560 -499 -302 126
73668: -560 -500 -382 117
73673: -560 -500 -387 162
73674: -560 -501 -460 90
73681: -560 -501 -467 153
73687: -560 -502 -545 126
73698: -560 -503 -628 144
73718: -569 -577 -72 154
73729: -569 -579 -227 91
73733: -569 -579 -231 127
73737: -569 -580 -307 82
73738: -569 -580 -308 91
73741: -569 -580 -311 118
73745: -569 -580 -315 154
73749: -569 -581 -391 109
73757: -569 -582 -471 100
73758: -569 -582 -472 109
73760: -569 -582 -474 127
73761: -569 -582 -475 136
73764: -569 -583 -550 82
73767: -569 -583 -553 109
73773: -569 -584 -631 82
73776: -569 -584 -634 109
73777: -569 -584 -635 118
73778: -569 -584 -636 127
73781: -569 -584 -639 154
73789: -569 -585 -719 145
73800: -578 -578 -145 83
73801: -578 -578 -146 92
73802: -578 -578 -147 101
73803: -578 -578 -148 110
73804: -578 -578 -149 119
73805: -578 -578 -150 128
73806: -578 -578 -151 137
73807: -578 -578 -152 146
73808: -578 -578 -153 155
73880: -587 -577 -72 156
73890: -587 -579 -226 84
73892: -587 -579 -228 102
73899: -587 -580 -307 84
73901: -587 -580 -309 102
73902: -587 -580 -310 111
73903: -587 -580 -311 120
73904: -587 -580 -312 129
73905: -587 -580 -313 138
73906: -587 -580 -314 147
73908: -587 -581 -388 84
73910: -587 -581 -390 102
73911: -587 -581 -391 111
73912: -587 -581 -392 120
73913: -587 -581 -393 129
73914: -587 -581 -394 138
73915: -587 -581 -395 147
73916: -587 -581 -396 156
73917: -587 -582 -469 84
73920: -587 -582 -472 111
73922: -587 -582 -474 129
73923: -587 -582 -475 138
73924: -587 -582 -476 147
73925: -587 -582 -477 156
73926: -587 -583 -550 84
73927: -587 -583 -551 93
73928: -587 -583 -552 102
73929: -587 -583 -553 111
73930: -587 -583 -554 120
73931: -587 -583 -555 129
73932: -587 -583 -556 138
73933: -587 -583 -557 147
73934: -587 -583 -558 156
73938: -587 -584 -634 111
73939: -587 -584 -635 120
73940: -587 -584 -636 129
73943: -587 -584 -639 156
73944: -587 -585 -712 84
73947: -587 -585 -715 111
73948: -587 -585 -716 120
73949: -587 -585 -717 129
73951: -587 -585 -719 147
73961: -596 -577 -72 157
73984: -596 -580 -311 121
73989: -596 -581 -388 85
73992: -596 -581 -391 112
73998: -596 -582 -469 85
74007: -596 -583 -550 85
74020: -596 -584 -635 121
74021: -596 -584 -636 130
74024: -596 -584 -639 157
74032: -596 -585 -719 148
74042: -605 -577 -72 158
74054: -605 -579 -228 104
74055: -605 -579 -229 113
74056: -605 -579 -230 122
74057: -605 -579 -231 131
74058: -605 -579 -232 140
74059: -605 -579 -233 149
74060: -605 -579 -234 158
74061: -605 -580 -307 86
74065: -605 -580 -311 122
74074: -605 -581 -392 122
74079: -605 -582 -469 86
74083: -605 -582 -473 122
74088: -605 -583 -550 86
74090: -605 -583 -552 104
74091: -605 -583 -553 113
74092: -605 -583 -554 122
74093: -605 -583 -555 131
74094: -605 -583 -556 140
74095: -605 -583 -557 149
74096: -605 -583 -558 158
74097: -605 -584 -631 86
74100: -605 -584 -634 113
74102: -605 -584 -636 131
74105: -605 -584 -639 158
74106: -605 -585 -712 86
74109: -605 -585 -715 113
74110: -605 -585 -716 122
74111: -605 -585 -717 131
74113: -605 -585 -719 149
74123: -614 -577 -72 159
74137: -614 -579 -230 123
74138: -614 -579 -231 132
74139: -614 -579 -232 141
74142: -614 -580 -307 87
74146: -614 -580 -311 123
74153: -614 -581 -390 105
74154: -614 -581 -391 114
74157: -614 -581 -394 141
74169: -614 -583 -550 87
74172: -614 -583 -553 114
74173: -614 -583 -554 123
74174: -614 -583 -555 132
74175: -614 -583 -556 141
74176: -614 -583 -557 150
74177: -614 -583 -558 159
74181: -614 -584 -634 114
74182: -614 -584 -635 123
74194: -614 -585 -719 150
74195: -614 -585 -720 159
74204: -623 -577 -72 160
74223: -623 -580 -307 88
74227: -623 -580 -311 124
74235: -623 -581 -391 115
74242: -623 -582 -470 97
74243: -623 -582 -471 106
74244: -623 -582 -472 115
74245: -623 -582 -473 124
74246: -623 -582 -474 133
74249: -623 -582 -477 160
74252: -623 -583 -552 106
74253: -623 -583 -553 115
74254: -623 -583 -554 124
74255: -623 -583 -555 133
74256: -623 -583 -556 142
74258: -623 -583 -558 160
74262: -623 -584 -634 115
74263: -623 -584 -635 124
74267: -623 -584 -639 160
74275: -623 -585 -719 151
74285: -632 -577 -72 161
74299: -632 -579 -230 125
74322: -632 -582 -469 89
74331: -632 -583 -550 89
74341: -632 -584 -632 98
74366: -641 -577 -72 162
74377: -641 -579 -227 99
74378: -641 -579 -228 108
74380: -641 -579 -230 126
74384: -641 -579 -234 162
74406: -641 -582 -472 117
74407: -641 -582 -473 126
74423: -641 -584 -633 108
74424: -641 -584 -634 117
74425: -641 -584 -635 126
74426: -641 -584 -636 135
74444: -650 -658 -78 127
74460: -650 -660 -238 109
74461: -650 -660 -239 118
74463: -650 -660 -241 136
74464: -650 -660 -242 145
74466: -650 -661 -316 82
74470: -650 -661 -320 118
74475: -650 -662 -397 82
74477: -650 -662 -399 100
74478: -650 -662 -400 109
74481: -650 -662 -403 136
74483: -650 -662 -405 154
74484: -650 -663 -478 82
74485: -650 -663 -479 91
74486: -650 -663 -480 100
74490: -650 -663 -484 136
74491: -650 -663 -485 145
74492: -650 -663 -486 154
74494: -650 -664 -560 91
74496: -650 -664 -562 109
74498: -650 -664 -564 127
74502: -650 -665 -640 82
74503: -650 -665 -641 91
74504: -650 -665 -642 100
74505: -650 -665 -643 109
74507: -650 -665 -645 127
74509: -650 -665 -647 145
74510: -650 -665 -648 154
74514: -650 -666 -724 109
74515: -650 -666 -725 118
74516: -650 -666 -726 127
74517: -650 -666 -727 136
74529: -659 -659 -154 83
74530: -659 -659 -155 92
74534: -659 -659 -159 128
74606: -668 -658 -78 129
74621: -668 -660 -237 102
74628: -668 -661 -316 84
74632: -668 -661 -320 120
74634: -668 -661 -322 138
74635: -668 -661 -323 147
74637: -668 -662 -397 84
74639: -668 -662 -399 102
74640: -668 -662 -400 111
74641: -668 -662 -401 120
74642: -668 -662 -402 129
74643: -668 -662 -403 138
74644: -668 -662 -404 147
74645: -668 -662 -405 156
74654: -668 -663 -486 156
74655: -668 -664 -559 84
74657: -668 -664 -561 102
74659: -668 -664 -563 120
74660: -668 -664 -564 129
74661: -668 -664 -565 138
74662: -668 -664 -566 147
74663: -668 -664 -567 156
74665: -668 -665 -641 93
74666: -668 -665 -642 102
74667: -668 -665 -643 111
74668: -668 -665 -644 120
74669: -668 -665 -645 129
74670: -668 -665 -646 138
74671: -668 -665 -647 147
74672: -668 -665 -648 156
74675: -668 -666 -723 102
74676: -668 -666 -724 111
74677: -668 -666 -725 120
74678: -668 -666 -726 129
74679: -668 -666 -727 138
74687: -677 -658 -78 130
74702: -677 -660 -237 103
74706: -677 -660 -241 139
74713: -677 -661 -320 121
74721: -677 -662 -400 112
74724: -677 -662 -403 139
74727: -677 -663 -478 85
74731: -677 -663 -482 121
74732: -677 -663 -483 130
74733: -677 -663 -484 139
74734: -677 -663 -485 148
74735: -677 -663 -486 157
74745: -677 -665 -640 85
74747: -677 -665 -642 103
74748: -677 -665 -643 112
74749: -677 -665 -644 121
74750: -677 -665 -645 130
74752: -677 -665 -647 148
74753: -677 -665 -648 157
74754: -677 -666 -721 85
74756: -677 -666 -723 103
74758: -677 -666 -725 121
74759: -677 -666 -726 130
74760: -677 -666 -727 139
74768: -686 -658 -78 131
74781: -686 -660 -235 86
74783: -686 -660 -237 104
74788: -686 -660 -242 149
74794: -686 -661 -320 122
74796: -686 -661 -322 140
74802: -686 -662 -400 113
74808: -686 -663 -478 86
74810: -686 -663 -480 104
74811: -686 -663 -481 113
74812: -686 -663 -482 122
74813: -686 -663 -483 131
74814: -686 -663 -484 140
74816: -686 -663 -486 158
74819: -686 -664 -561 104
74820: -686 -664 -562 113
74821: -686 -664 -563 122
74822: -686 -664 -564 131
74823: -686 -664 -565 140
74824: -686 -664 -566 149
74826: -686 -665 -640 86
74828: -686 -665 -642 104
74829: -686 -665 -643 113
74830: -686 -665 -644 122
74831: -686 -665 -645 131
74832: -686 -665 -646 140
74833: -686 -665 -647 149
74834: -686 -665 -648 158
74837: -686 -666 -723 104
74838: -686 -666 -724 113
74840: -686 -666 -726 131
74841: -686 -666 -727 140
74849: -695 -658 -78 132
74863: -695 -660 -236 96
74883: -695 -662 -400 114
74903: -695 -664 -564 132
74907: -695 -665 -640 87
74918: -695 -666 -723 105
74919: -695 -666 -724 114
74920: -695 -666 -725 123
74922: -695 -666 -727 141
74930: -704 -658 -78 133
74945: -704 -660 -237 106
74950: -704 -660 -242 151
74952: -704 -661 -316 88
74956: -704 -661 -320 124
74964: -704 -662 -400 115
74966: -704 -662 -402 133
74978: -704 -663 -486 160
74979: -704 -664 -559 88
74988: -704 -665 -640 88
74990: -704 -665 -642 106
74993: -704 -665 -645 133
74994: -704 -665 -646 142
74995: -704 -665 -647 151
74996: -704 -665 -648 160
75000: -704 -666 -724 115
75001: -704 -666 -725 124
75002: -704 -666 -726 133
75011: -713 -658 -78 134
75031: -713 -660 -242 152
75035: -713 -661 -318 107
75038: -713 -661 -321 134
75039: -713 -661 -322 143
75045: -713 -662 -400 116
75054: -713 -663 -481 116
75060: -713 -664 -559 89
75069: -713 -665 -640 89
75070: -713 -665 -641 98
75071: -713 -665 -642 107
75072: -713 -665 -643 116
75073: -713 -665 -644 125
75074: -713 -665 -645 134
75075: -713 -665 -646 143
75076: -713 -665 -647 152
75081: -713 -666 -724 116
75082: -713 -666 -725 125
75083: -713 -666 -726 134
75084: -713 -666 -727 143
75092: -722 -658 -78 135
75112: -722 -660 -242 153
75144: -722 -664 -562 117
75150: -722 -665 -640 90
75160: -722 -666 -722 99
75349: -21 -21 -164 174
75350: -21 -21 -165 183
75351: -21 -21 -166 192
75352: -21 -21 -167 201
75353: -21 -21 -168 210
75354: -21 -21 -169 219
75355: -21 -21 -170 228
75356: -21 -21 -171 237
75908: -84 -101 -93 181
75909: -84 -101 -94 190
75910: -84 -101 -95 199
75911: -84 -101 -96 208
75912: -84 -101 -97 217
75913: -84 -101 -98 226
75914: -84 -101 -99 235
75979: -93 -100 -11 173
76005: -93 -103 -253 164
76007: -93 -103 -255 182
76009: -93 -103 -257 200
76010: -93 -103 -258 209
76011: -93 -103 -259 218
76012: -93 -103 -260 227
76013: -93 -103 -261 236
76014: -93 -104 -334 164
76016: -93 -104 -336 182
76017: -93 -104 -337 191
76019: -93 -104 -339 209
76020: -93 -104 -340 218
76021: -93 -104 -341 227
76022: -93 -104 -342 236
76023: -93 -105 -415 164
76025: -93 -105 -417 182
76026: -93 -105 -418 191
76027: -93 -105 -419 200
76029: -93 -105 -421 218
76030: -93 -105 -422 227
76031: -93 -105 -423 236
76032: -93 -106 -496 164
76034: -93 -106 -498 182
76035: -93 -106 -499 191
76036: -93 -106 -500 200
76037: -93 -106 -501 209
76038: -93 -106 -502 218
76039: -93 -106 -503 227
76040: -93 -106 -504 236
76041: -93 -107 -577 164
76043: -93 -107 -579 182
76044: -93 -107 -580 191
76045: -93 -107 -581 200
76046: -93 -107 -582 209
76047: -93 -107 -583 218
76049: -93 -107 -585 236
76050: -93 -108 -658 164
76052: -93 -108 -660 182
76053: -93 -108 -661 191
76054: -93 -108 -662 200
76055: -93 -108 -663 209
76056: -93 -108 -664 218
76057: -93 -108 -665 227
76077: -102 -102 -172 165
76079: -102 -102 -174 183
76141: -111 -100 -11 175
76153: -111 -101 -95 202
76154: -111 -101 -96 211
76156: -111 -101 -98 229
76157: -111 -101 -99 238
76170: -111 -103 -256 193
76179: -111 -104 -337 193
76197: -111 -106 -499 193
76198: -111 -106 -500 202
76199: -111 -106 -501 211
76201: -111 -106 -503 229
76214: -111 -108 -660 184
76216: -111 -108 -662 202
76219: -111 -108 -665 229
76222: -120 -100 -11 176
76236: -120 -101 -97 221
76237: -120 -101 -98 230
76252: -120 -103 -257 203
76270: -120 -105 -419 203
76273: -120 -105 -422 230
76278: -120 -106 -499 194
76279: -120 -106 -500 203
76280: -120 -106 -501 212
76281: -120 -106 -502 221
76282: -120 -106 -503 230
76283: -120 -106 -504 239
76284: -120 -107 -577 167
76293: -120 -108 -658 167
76296: -120 -108 -661 194
76297: -120 -108 -662 203
76298: -120 -108 -663 212
76299: -120 -108 -664 221
76300: -120 -108 -665 230
76301: -120 -108 -666 239
76303: -129 -100 -11 177
76314: -129 -101 -94 195
76331: -129 -103 -255 186
76341: -129 -104 -337 195
76342: -129 -104 -338 204
76344: -129 -104 -340 222
76345: -129 -104 -341 231
76346: -129 -104 -342 240
76347: -129 -105 -415 168
76350: -129 -105 -418 195
76351: -129 -105 -419 204
76352: -129 -105 -420 213
76353: -129 -105 -421 222
76354: -129 -105 -422 231
76355: -129 -105 -423 240
76358: -129 -106 -498 186
76365: -129 -107 -577 168
76376: -129 -108 -660 186
76377: -129 -108 -661 195
76378: -129 -108 -662 204
76380: -129 -108 -664 222
76381: -129 -108 -665 231
76382: -129 -108 -666 240
76384: -138 -100 -11 178
76400: -138 -101 -99 241
76412: -138 -103 -255 187
76413: -138 -103 -256 196
76421: -138 -104 -336 187
76428: -138 -105 -415 169
76431: -138 -105 -418 196
76432: -138 -105 -419 205
76433: -138 -105 -420 214
76435: -138 -105 -422 232
76436: -138 -105 -423 241
76437: -138 -106 -496 169
76440: -138 -106 -499 196
76441: -138 -106 -500 205
76442: -138 -106 -501 214
76444: -138 -106 -503 232
76445: -138 -106 -504 241
76446: -138 -107 -577 169
76457: -138 -108 -660 187
76462: -138 -108 -665 232
76465: -147 -100 -11 179
76479: -147 -101 -97 224
76500: -147 -104 -334 170
76502: -147 -104 -336 188
76503: -147 -104 -337 197
76504: -147 -104 -338 206
76505: -147 -104 -339 215
76506: -147 -104 -340 224
76507: -147 -104 -341 233
76508: -147 -104 -342 242
76520: -147 -106 -498 188
76521: -147 -106 -499 197
76522: -147 -106 -500 206
76523: -147 -106 -501 215
76524: -147 -106 -502 224
76526: -147 -106 -504 242
76527: -147 -107 -577 170
76529: -147 -107 -579 188
76530: -147 -107 -580 197
76532: -147 -107 -582 215
76534: -147 -107 -584 233
76535: -147 -107 -585 242
76536: -147 -108 -658 170
76538: -147 -108 -660 188
76546: -156 -100 -11 180
76557: -156 -101 -94 198
76558: -156 -101 -95 207
76560: -156 -101 -97 225
76561: -156 -101 -98 234
76583: -156 -104 -336 189
76590: -156 -105 -415 171
76600: -156 -106 -497 180
76603: -156 -106 -500 207
76604: -156 -106 -501 216
76608: -156 -107 -577 171
76610: -156 -107 -579 189
76611: -156 -107 -580 198
76612: -156 -107 -581 207
76613: -156 -107 -582 216
76614: -156 -107 -583 225
76615: -156 -107 -584 234
76616: -156 -107 -585 243
76617: -156 -108 -658 171
76619: -156 -108 -660 189
76620: -156 -108 -661 198
76621: -156 -108 -662 207
76622: -156 -108 -663 216
76623: -156 -108 -664 225
76624: -156 -108 -665 234
76625: -156 -108 -666 243
76734: -174 -184 -262 164
76738: -174 -184 -266 200
76739: -174 -184 -267 209
76740: -174 -184 -268 218
76741: -174 -184 -269 227
76742: -174 -184 -270 236
76743: -174 -185 -343 164
76748: -174 -185 -348 209
76749: -174 -185 -349 218
76755: -174 -186 -427 191
76756: -174 -186 -428 200
76758: -174 -186 -430 218
76759: -174 -186 -431 227
76760: -174 -186 -432 236
76761: -174 -187 -505 164
76764: -174 -187 -508 191
76765: -174 -187 -509 200
76766: -174 -187 -510 209
76768: -174 -187 -512 227
76769: -174 -187 -513 236
76771: -174 -188 -587 173
76773: -174 -188 -589 191
76774: -174 -188 -590 200
76775: -174 -188 -591 209
76776: -174 -188 -592 218
76778: -174 -188 -594 236
76779: -174 -189 -667 164
76780: -174 -189 -668 173
76782: -174 -189 -670 191
76783: -174 -189 -671 200
76784: -174 -189 -672 209
76786: -174 -189 -674 227
76878: -192 -182 -100 166
76883: -192 -182 -105 211
76885: -192 -182 -107 229
76886: -192 -182 -108 238
76914: -192 -186 -424 166
76915: -192 -186 -425 175
76921: -192 -186 -431 229
76922: -192 -186 -432 238
76923: -192 -187 -505 166
76924: -192 -187 -506 175
76928: -192 -187 -510 211
76931: -192 -187 -513 238
76932: -192 -188 -586 166
76936: -192 -188 -590 202
76937: -192 -188 -591 211
76938: -192 -188 -592 220
76940: -192 -188 -594 238
76941: -192 -189 -667 166
76945: -192 -189 -671 202
76948: -192 -189 -674 229
76962: -201 -182 -103 194
76963: -201 -182 -104 203
76964: -201 -182 -105 212
76965: -201 -182 -106 221
76966: -201 -182 -107 230
76967: -201 -182 -108 239
76996: -201 -186 -425 176
76998: -201 -186 -427 194
76999: -201 -186 -428 203
77001: -201 -186 -430 221
77002: -201 -186 -431 230
77003: -201 -186 -432 239
77005: -201 -187 -506 176
77009: -201 -187 -510 212
77011: -201 -187 -512 230
77012: -201 -187 -513 239
77014: -201 -188 -587 176
77016: -201 -188 -589 194
77017: -201 -188 -590 203
77018: -201 -188 -591 212
77019: -201 -188 -592 221
77021: -201 -188 -594 239
77022: -201 -189 -667 167
77023: -201 -189 -668 176
77025: -201 -189 -670 194
77027: -201 -189 -672 212
77028: -201 -189 -673 221
77029: -201 -189 -674 230
77040: -210 -182 -100 168
77045: -210 -182 -105 213
77046: -210 -182 -106 222
77047: -210 -182 -107 231
77048: -210 -182 -108 240
77058: -210 -184 -262 168
77059: -210 -184 -263 177
77062: -210 -184 -266 204
77063: -210 -184 -267 213
77064: -210 -184 -268 222
77065: -210 -184 -269 231
77066: -210 -184 -270 240
77067: -210 -185 -343 168
77068: -210 -185 -344 177
77072: -210 -185 -348 213
77073: -210 -185 -349 222
77075: -210 -185 -351 240
77085: -210 -187 -505 168
77086: -210 -187 -506 177
77088: -210 -187 -508 195
77089: -210 -187 -509 204
77090: -210 -187 -510 213
77092: -210 -187 -512 231
77093: -210 -187 -513 240
77098: -210 -188 -590 204
77099: -210 -188 -591 213
77100: -210 -188 -592 222
77103: -210 -189 -667 168
77121: -219 -182 -100 169
77124: -219 -182 -103 196
77126: -219 -182 -105 214
77128: -219 -182 -107 232
77129: -219 -182 -108 241
77139: -219 -184 -262 169
77140: -219 -184 -263 178
77143: -219 -184 -266 205
77144: -219 -184 -267 214
77146: -219 -184 -269 232
77147: -219 -184 -270 241
77148: -219 -185 -343 169
77149: -219 -185 -344 178
77155: -219 -185 -350 232
77156: -219 -185 -351 241
77176: -219 -188 -587 178
77178: -219 -188 -589 196
77179: -219 -188 -590 205
77180: -219 -188 -591 214
77181: -219 -188 -592 223
77183: -219 -188 -594 241
77184: -219 -189 -667 169
77185: -219 -189 -668 178
77191: -219 -189 -674 232
77202: -228 -182 -100 170
77205: -228 -182 -103 197
77206: -228 -182 -104 206
77207: -228 -182 -105 215
77208: -228 -182 -106 224
77209: -228 -182 -107 233
77210: -228 -182 -108 242
77220: -228 -184 -262 170
77221: -228 -184 -263 179
77224: -228 -184 -266 206
77225: -228 -184 -267 215
77226: -228 -184 -268 224
77228: -228 -184 -270 242
77229: -228 -185 -343 170
77232: -228 -185 -346 197
77234: -228 -185 -348 215
77235: -228 -185 -349 224
77237: -228 -185 -351 242
77238: -228 -186 -424 170
77241: -228 -186 -427 197
77242: -228 -186 -428 206
77244: -228 -186 -430 224
77245: -228 -186 -431 233
77246: -228 -186 -432 242
77247: -228 -187 -505 170
77265: -228 -189 -667 170
77266: -228 -189 -668 179
77268: -228 -189 -670 197
77269: -228 -189 -671 206
77270: -228 -189 -672 215
77271: -228 -189 -673 224
77272: -228 -189 -674 233
77283: -237 -182 -100 171
77286: -237 -182 -103 198
77287: -237 -182 -104 207
77288: -237 -182 -105 216
77289: -237 -182 -106 225
77290: -237 -182 -107 234
77302: -237 -184 -263 180
77305: -237 -184 -266 207
77306: -237 -184 -267 216
77307: -237 -184 -268 225
77308: -237 -184 -269 234
77310: -237 -185 -343 171
77311: -237 -185 -344 180
77313: -237 -185 -346 198
77315: -237 -185 -348 216
77316: -237 -185 -349 225
77317: -237 -185 -350 234
77318: -237 -185 -351 243
77320: -237 -186 -425 180
77322: -237 -186 -427 198
77323: -237 -186 -428 207
77325: -237 -186 -430 225
77326: -237 -186 -431 234
77327: -237 -186 -432 243
77328: -237 -187 -505 171
77329: -237 -187 -506 180
77332: -237 -187 -509 207
77333: -237 -187 -510 216
77335: -237 -187 -512 234
77336: -237 -187 -513 243
77359: -246 -262 -32 199
77392: -246 -266 -353 172
77396: -246 -266 -357 208
77397: -246 -266 -358 217
77398: -246 -266 -359 226
77399: -246 -266 -360 235
77400: -246 -267 -433 163
77411: -246 -268 -516 181
77434: -246 -270 -683 226
77440: -255 -262 -32 200
77446: -255 -263 -110 173
77463: -255 -265 -271 164
77468: -255 -265 -276 209
77470: -255 -265 -278 227
77471: -255 -265 -279 236
77473: -255 -266 -353 173
77477: -255 -266 -357 209
77478: -255 -266 -358 218
77479: -255 -266 -359 227
77480: -255 -266 -360 236
77482: -255 -267 -434 173
77483: -255 -267 -435 182
77485: -255 -267 -437 200
77486: -255 -267 -438 209
77487: -255 -267 -439 218
77488: -255 -267 -440 227
77493: -255 -268 -517 191
77495: -255 -268 -519 209
77500: -255 -269 -596 173
77503: -255 -269 -599 200
77504: -255 -269 -600 209
77505: -255 -269 -601 218
77506: -255 -269 -602 227
77507: -255 -269 -603 236
77508: -255 -270 -676 164
77512: -255 -270 -680 200
77513: -255 -270 -681 209
77514: -255 -270 -682 218
77515: -255 -270 -683 227
77516: -255 -270 -684 236
77521: -264 -262 -32 201
77535: -264 -264 -190 165
77536: -264 -264 -191 174
77537: -264 -264 -192 183
77540: -264 -264 -195 210
77541: -264 -264 -196 219
77542: -264 -264 -197 228
77543: -264 -264 -198 237
77602: -273 -262 -32 202
77614: -273 -263 -116 229
77635: -273 -266 -353 175
77641: -273 -266 -359 229
77642: -273 -266 -360 238
77656: -273 -268 -518 202
77677: -273 -270 -683 229
77683: -282 -262 -32 203
77689: -282 -263 -110 176
77690: -282 -263 -111 185
77695: -282 -263 -116 230
77716: -282 -266 -353 176
77722: -282 -266 -359 230
77724: -282 -267 -433 167
77728: -282 -267 -437 203
77732: -282 -267 -441 239
77738: -282 -268 -519 212
77742: -282 -269 -595 167
77743: -282 -269 -596 176
77746: -282 -269 -599 203
77747: -282 -269 -600 212
77748: -282 -269 -601 221
77749: -282 -269 -602 230
77750: -282 -269 -603 239
77751: -282 -270 -676 167
77764: -291 -262 -32 204
77770: -291 -263 -110 177
77772: -291 -263 -112 195
77773: -291 -263 -113 204
77774: -291 -263 -114 213
77775: -291 -263 -115 222
77776: -291 -263 -116 231
77777: -291 -263 -117 240
77787: -291 -265 -271 168
77788: -291 -265 -272 177
77792: -291 -265 -276 213
77793: -291 -265 -277 222
77794: -291 -265 -278 231
77795: -291 -265 -279 240
77797: -291 -266 -353 177
77801: -291 -266 -357 213
77802: -291 -266 -358 222
77803: -291 -266 -359 231
77804: -291 -266 -360 240
77809: -291 -267 -437 204
77817: -291 -268 -517 195
77818: -291 -268 -518 204
77819: -291 -268 -519 213
77820: -291 -268 -520 222
77821: -291 -268 -521 231
77822: -291 -268 -522 240
77823: -291 -269 -595 168
77824: -291 -269 -596 177
77827: -291 -269 -599 204
77828: -291 -269 -600 213
77830: -291 -269 -602 231
77831: -291 -269 -603 240
77832: -291 -270 -676 168
77839: -291 -270 -683 231
77845: -300 -262 -32 205
77850: -300 -263 -109 169
77851: -300 -263 -110 178
77853: -300 -263 -112 196
77854: -300 -263 -113 205
77855: -300 -263 -114 214
77856: -300 -263 -115 223
77857: -300 -263 -116 232
77858: -300 -263 -117 241
77869: -300 -265 -272 178
77873: -300 -265 -276 214
77876: -300 -265 -279 241
77878: -300 -266 -353 178
77882: -300 -266 -357 214
77883: -300 -266 -358 223
77884: -300 -266 -359 232
77885: -300 -266 -360 241
77889: -300 -267 -436 196
77894: -300 -267 -441 241
77895: -300 -268 -514 169
77897: -300 -268 -516 187
77899: -300 -268 -518 205
77900: -300 -268 -519 214
77903: -300 -268 -522 241
77904: -300 -269 -595 169
77905: -300 -269 -596 178
77907: -300 -269 -598 196
77908: -300 -269 -599 205
77909: -300 -269 -600 214
77910: -300 -269 -601 223
77912: -300 -269 -603 241
77913: -300 -270 -676 169
77926: -309 -262 -32 206
77932: -309 -263 -110 179
77934: -309 -263 -112 197
77935: -309 -263 -113 206
77936: -309 -263 -114 215
77937: -309 -263 -115 224
77938: -309 -263 -116 233
77939: -309 -263 -117 242
77950: -309 -265 -272 179
77954: -309 -265 -276 215
77955: -309 -265 -277 224
77956: -309 -265 -278 233
77957: -309 -265 -279 242
77959: -309 -266 -353 179
77963: -309 -266 -357 215
77964: -309 -266 -358 224
77965: -309 -266 -359 233
77966: -309 -266 -360 242
77968: -309 -267 -434 179
77971: -309 -267 -437 206
77972: -309 -267 -438 215
77973: -309 -267 -439 224
77974: -309 -267 -440 233
77975: -309 -267 -441 242
77981: -309 -268 -519 215
77985: -309 -269 -595 170
77995: -309 -270 -677 179
77997: -309 -270 -679 197
77998: -309 -270 -680 206
77999: -309 -270 -681 215
78000: -309 -270 -682 224
78001: -309 -270 -683 233
78007: -318 -262 -32 207
78015: -318 -263 -112 198
78016: -318 -263 -113 207
78017: -318 -263 -114 216
78019: -318 -263 -116 234
78020: -318 -263 -117 243
78030: -318 -265 -271 171
78031: -318 -265 -272 180
78035: -318 -265 -276 216
78037: -318 -265 -278 234
78040: -318 -266 -353 180
78044: -318 -266 -357 216
78045: -318 -266 -358 225
78046: -318 -266 -359 234
78047: -318 -266 -360 243
78057: -318 -268 -514 171
78058: -318 -268 -515 180
78061: -318 -268 -518 207
78062: -318 -268 -519 216
78063: -318 -268 -520 225
78064: -318 -268 -521 234
78065: -318 -268 -522 243
78067: -318 -269 -596 180
78071: -318 -269 -600 216
78072: -318 -269 -601 225
78073: -318 -269 -602 234
78074: -318 -269 -603 243
78075: -318 -270 -676 171
78082: -318 -270 -683 234
78087: -327 -343 -40 190
78093: -327 -344 -118 163
78096: -327 -344 -121 190
78112: -327 -346 -281 172
78116: -327 -346 -285 208
78117: -327 -346 -286 217
78118: -327 -346 -287 226
78119: -327 -346 -288 235
78125: -327 -347 -366 208
78126: -327 -347 -367 217
78128: -327 -347 -369 235
78130: -327 -348 -443 172
78131: -327 -348 -444 181
78132: -327 -348 -445 190
78133: -327 -348 -446 199
78134: -327 -348 -447 208
78135: -327 -348 -448 217
78136: -327 -348 -449 226
78147: -327 -350 -604 163
78156: -327 -351 -685 163
78168: -336 -343 -40 191
78174: -336 -344 -118 164
78175: -336 -344 -119 173
78193: -336 -346 -281 173
78195: -336 -346 -283 191
78196: -336 -346 -284 200
78197: -336 -346 -285 209
78198: -336 -346 -286 218
78199: -336 -346 -287 227
78200: -336 -346 -288 236
78202: -336 -347 -362 173
78208: -336 -347 -368 227
78209: -336 -347 -369 236
78210: -336 -348 -442 164
78213: -336 -348 -445 191
78214: -336 -348 -446 200
78215: -336 -348 -447 209
78216: -336 -348 -448 218
78217: -336 -348 -449 227
78218: -336 -348 -450 236
78219: -336 -349 -523 164
78221: -336 -349 -525 182
78224: -336 -349 -528 209
78228: -336 -350 -604 164
78229: -336 -350 -605 173
78231: -336 -350 -607 191
78232: -336 -350 -608 200
78233: -336 -350 -609 209
78234: -336 -350 -610 218
78235: -336 -350 -611 227
78236: -336 -350 -612 236
78237: -336 -351 -685 164
78238: -336 -351 -686 173
78240: -336 -351 -688 191
78242: -336 -351 -690 209
78243: -336 -351 -691 218
78244: -336 -351 -692 227
78245: -336 -351 -693 236
78264: -345 -345 -199 165
78265: -345 -345 -200 174
78266: -345 -345 -201 183
78267: -345 -345 -202 192
78269: -345 -345 -204 210
78270: -345 -345 -205 219
78271: -345 -345 -206 228
78272: -345 -345 -207 237
78330: -354 -343 -40 193
78337: -354 -344 -119 175
78338: -354 -344 -120 184
78341: -354 -344 -123 211
78342: -354 -344 -124 220
78343: -354 -344 -125 229
78344: -354 -344 -126 238
78364: -354 -347 -362 175
78373: -354 -348 -443 175
78374: -354 -348 -444 184
78377: -354 -348 -447 211
78378: -354 -348 -448 220
78379: -354 -348 -449 229
78380: -354 -348 -450 238
78381: -354 -349 -523 166
78382: -354 -349 -524 175
78383: -354 -349 -525 184
78384: -354 -349 -526 193
78386: -354 -349 -528 211
78387: -354 -349 -529 220
78388: -354 -349 -530 229
78389: -354 -349 -531 238
78390: -354 -350 -604 166
78391: -354 -350 -605 175
78392: -354 -350 -606 184
78395: -354 -350 -609 211
78396: -354 -350 -610 220
78397: -354 -350 -611 229
78398: -354 -350 -612 238
78399: -354 -351 -685 166
78400: -354 -351 -686 175
78401: -354 -351 -687 184
78402: -354 -351 -688 193
78404: -354 -351 -690 211
78405: -354 -351 -691 220
78407: -354 -351 -693 238
78411: -363 -343 -40 194
78425: -363 -344 -126 239
78446: -363 -347 -363 185
78461: -363 -348 -450 239
78471: -363 -350 -604 167
78475: -363 -350 -608 203
78477: -363 -350 -610 221
78492: -372 -343 -40 195
78498: -372 -344 -118 168
78499: -372 -344 -119 177
78501: -372 -344 -121 195
78502: -372 -344 -122 204
78503: -372 -344 -123 213
78504: -372 -344 -124 222
78505: -372 -344 -125 231
78506: -372 -344 -126 240
78517: -372 -346 -281 177
78519: -372 -346 -283 195
78521: -372 -346 -285 213
78522: -372 -346 -286 222
78523: -372 -346 -287 231
78524: -372 -346 -288 240
78525: -372 -347 -361 168
78526: -372 -347 -362 177
78530: -372 -347 -366 213
78531: -372 -347 -367 222
78532: -372 -347 -368 231
78533: -372 -347 -369 240
78535: -372 -348 -443 177
78537: -372 -348 -445 195
78539: -372 -348 -447 213
78540: -372 -348 -448 222
78541: -372 -348 -449 231
78542: -372 -348 -450 240
78543: -372 -349 -523 168
78544: -372 -349 -524 177
78546: -372 -349 -526 195
78547: -372 -349 -527 204
78548: -372 -349 -528 213
78549: -372 -349 -529 222
78550: -372 -349 -530 231
78551: -372 -349 -531 240
78552: -372 -350 -604 168
78553: -372 -350 -605 177
78557: -372 -350 -609 213
78558: -372 -350 -610 222
78559: -372 -350 -611 231
78560: -372 -350 -612 240
78568: -372 -351 -692 231
78573: -381 -343 -40 196
78579: -381 -344 -118 169
78584: -381 -344 -123 214
78585: -381 -344 -124 223
78586: -381 -344 -125 232
78587: -381 -344 -126 241
78598: -381 -346 -281 178
78600: -381 -346 -283 196
78601: -381 -346 -284 205
78602: -381 -346 -285 214
78603: -381 -346 -286 223
78604: -381 -346 -287 232
78605: -381 -346 -288 241
78607: -381 -347 -362 178
78615: -381 -348 -442 169
78623: -381 -348 -450 241
78624: -381 -349 -523 169
78633: -381 -350 -604 169
78636: -381 -350 -607 196
78637: -381 -350 -608 205
78638: -381 -350 -609 214
78639: -381 -350 -610 223
78640: -381 -350 -611 232
78641: -381 -350 -612 241
78645: -381 -351 -688 196
78654: -390 -343 -40 197
78660: -390 -344 -118 170
78661: -390 -344 -119 179
78663: -390 -344 -121 197
78664: -390 -344 -122 206
78665: -390 -344 -123 215
78666: -390 -344 -124 224
78667: -390 -344 -125 233
78668: -390 -344 -126 242
78679: -390 -346 -281 179
78681: -390 -346 -283 197
78683: -390 -346 -285 215
78684: -390 -346 -286 224
78685: -390 -346 -287 233
78686: -390 -346 -288 242
78688: -390 -347 -362 179
78696: -390 -348 -442 170
78702: -390 -348 -448 224
78703: -390 -348 -449 233
78704: -390 -348 -450 242
78710: -390 -349 -528 215
78714: -390 -350 -604 170
78717: -390 -350 -607 197
78719: -390 -350 -609 215
78720: -390 -350 -610 224
78722: -390 -350 -612 242
78723: -390 -351 -685 170
78726: -390 -351 -688 197
78727: -390 -351 -689 206
78728: -390 -351 -690 215
78729: -390 -351 -691 224
78730: -390 -351 -692 233
78731: -390 -351 -693 242
78735: -399 -343 -40 198
78744: -399 -344 -121 198
78747: -399 -344 -124 225
78748: -399 -344 -125 234
78749: -399 -344 -126 243
78759: -399 -346 -280 171
78760: -399 -346 -281 180
78762: -399 -346 -283 198
78763: -399 -346 -284 207
78764: -399 -346 -285 216
78765: -399 -346 -286 225
78766: -399 -346 -287 234
78767: -399 -346 -288 243
78769: -399 -347 -362 180
78774: -399 -347 -367 225
78780: -399 -348 -445 198
78785: -399 -348 -450 243
78787: -399 -349 -524 180
78789: -399 -349 -526 198
78790: -399 -349 -527 207
78791: -399 -349 -528 216
78793: -399 -349 -530 234
78794: -399 -349 -531 243
78795: -399 -350 -604 171
78798: -399 -350 -607 198
78800: -399 -350 -609 216
78801: -399 -350 -610 225
78819: -408 -424 -52 217
78822: -408 -425 -127 163
78824: -408 -425 -129 181
78840: -408 -427 -289 163
78841: -408 -427 -290 172
78844: -408 -427 -293 199
78846: -408 -427 -295 217
78847: -408 -427 -296 226
78848: -408 -427 -297 235
78851: -408 -428 -372 181
78852: -408 -428 -373 190
78854: -408 -428 -375 208
78855: -408 -428 -376 217
78858: -408 -429 -451 163
78859: -408 -429 -452 172
78861: -408 -429 -454 190
78862: -408 -429 -455 199
78864: -408 -429 -457 217
78865: -408 -429 -458 226
78872: -408 -430 -537 208
78878: -408 -431 -615 181
78882: -408 -431 -619 217
78885: -408 -432 -694 163
78887: -408 -432 -696 181
78888: -408 -432 -697 190
78889: -408 -432 -698 199
78891: -408 -432 -700 217
78892: -408 -432 -701 226
78893: -408 -432 -702 235
78900: -417 -424 -52 218
78904: -417 -425 -128 173
78921: -417 -427 -289 164
78922: -417 -427 -290 173
78924: -417 -427 -292 191
78925: -417 -427 -293 200
78926: -417 -427 -294 209
78927: -417 -427 -295 218
78928: -417 -427 -296 227
78929: -417 -427 -297 236
78930: -417 -428 -370 164
78931: -417 -428 -371 173
78933: -417 -428 -373 191
78934: -417 -428 -374 200
78935: -417 -428 -375 209
78936: -417 -428 -376 218
78937: -417 -428 -377 227
78938: -417 -428 -378 236
78942: -417 -429 -454 191
78943: -417 -429 -455 200
78945: -417 -429 -457 218
78946: -417 -429 -458 227
78948: -417 -430 -532 164
78949: -417 -430 -533 173
78951: -417 -430 -535 191
78953: -417 -430 -537 209
78954: -417 -430 -538 218
78955: -417 -430 -539 227
78956: -417 -430 -540 236
78963: -417 -431 -619 218
78966: -417 -432 -694 164
78967: -417 -432 -695 173
78969: -417 -432 -697 191
78970: -417 -432 -698 200
78971: -417 -432 -699 209
78972: -417 -432 -700 218
78973: -417 -432 -701 227
78974: -417 -432 -702 236
78981: -426 -424 -52 219
78993: -426 -426 -208 165
78994: -426 -426 -209 174
78995: -426 -426 -210 183
78996: -426 -426 -211 192
78997: -426 -426 -212 201
79062: -435 -424 -52 220
79065: -435 -425 -127 166
79066: -435 -425 -128 175
79068: -435 -425 -130 193
79069: -435 -425 -131 202
79071: -435 -425 -133 220
79092: -435 -428 -370 166
79095: -435 -428 -373 193
79099: -435 -428 -377 229
79105: -435 -429 -455 202
79108: -435 -429 -458 229
79113: -435 -430 -535 193
79119: -435 -431 -613 166
79120: -435 -431 -614 175
79122: -435 -431 -616 193
79123: -435 -431 -617 202
79124: -435 -431 -618 211
79126: -435 -431 -620 229
79127: -435 -431 -621 238
79128: -435 -432 -694 166
79129: -435 -432 -695 175
79131: -435 -432 -697 193
79132: -435 -432 -698 202
79133: -435 -432 -699 211
79134: -435 -432 -700 220
79135: -435 -432 -701 229
79136: -435 -432 -702 238
79143: -444 -424 -52 221
79147: -444 -425 -128 176
79149: -444 -425 -130 194
79150: -444 -425 -131 203
79151: -444 -425 -132 212
79153: -444 -425 -134 230
79154: -444 -425 -135 239
79164: -444 -427 -289 167
79168: -444 -427 -293 203
79176: -444 -428 -373 194
79177: -444 -428 -374 203
79179: -444 -428 -376 221
79180: -444 -428 -377 230
79181: -444 -428 -378 239
79182: -444 -429 -451 167
79183: -444 -429 -452 176
79185: -444 -429 -454 194
79188: -444 -429 -457 221
79189: -444 -429 -458 230
79191: -444 -430 -532 167
79192: -444 -430 -533 176
79194: -444 -430 -535 194
79195: -444 -430 -536 203
79196: -444 -430 -537 212
79197: -444 -430 -538 221
79198: -444 -430 -539 230
79199: -444 -430 -540 239
79200: -444 -431 -613 167
79201: -444 -431 -614 176
79203: -444 -431 -616 194
79204: -444 -431 -617 203
79205: -444 -431 -618 212
79206: -444 -431 -619 221
79208: -444 -431 -621 239
79209: -444 -432 -694 167
79210: -444 -432 -695 176
79212: -444 -432 -697 194
79213: -444 -432 -698 203
79214: -444 -432 -699 212
79215: -444 -432 -700 221
79216: -444 -432 -701 230
79217: -444 -432 -702 239
79224: -453 -424 -52 222
79227: -453 -425 -127 168
79249: -453 -427 -293 204
79257: -453 -428 -373 195
79277: -453 -430 -537 213
79305: -462 -424 -52 223
79309: -462 -425 -128 178
79311: -462 -425 -130 196
79312: -462 -425 -131 205
79314: -462 -425 -133 223
79315: -462 -425 -134 232
79345: -462 -429 -452 178
79347: -462 -429 -454 196
79348: -462 -429 -455 205
79352: -462 -429 -459 241
79386: -471 -424 -52 224
79393: -471 -425 -131 206
79407: -471 -427 -289 170
79411: -471 -427 -293 206
79417: -471 -428 -371 179
79419: -471 -428 -373 197
79421: -471 -428 -375 215
79422: -471 -428 -376 224
79424: -471 -428 -378 242
79425: -471 -429 -451 170
79428: -471 -429 -454 197
79429: -471 -429 -455 206
79435: -471 -430 -533 179
79439: -471 -430 -537 215
79442: -471 -430 -540 242
79449: -471 -431 -619 224
79451: -471 -431 -621 242
79452: -471 -432 -694 170
79453: -471 -432 -695 179
79455: -471 -432 -697 197
79456: -471 -432 -698 206
79457: -471 -432 -699 215
79458: -471 -432 -700 224
79459: -471 -432 -701 233
79460: -471 -432 -702 242
79467: -480 -424 -52 225
79470: -480 -425 -127 171
79473: -480 -425 -130 198
79474: -480 -425 -131 207
79477: -480 -425 -134 234
79488: -480 -427 -289 171
79500: -480 -428 -373 198
79509: -480 -429 -454 198
79520: -480 -430 -537 216
79524: -480 -431 -613 171
79534: -480 -432 -695 180
79535: -480 -432 -696 189
79536: -480 -432 -697 198
79537: -480 -432 -698 207
79538: -480 -432 -699 216
79539: -480 -432 -700 225
79540: -480 -432 -701 234
79541: -480 -432 -702 243
79549: -489 -505 -62 226
79569: -489 -508 -298 163
79571: -489 -508 -300 181
79573: -489 -508 -302 199
79578: -489 -509 -379 163
79580: -489 -509 -381 181
79581: -489 -509 -382 190
79582: -489 -509 -383 199
79583: -489 -509 -384 208
79584: -489 -509 -385 217
79585: -489 -509 -386 226
79586: -489 -509 -387 235
79587: -489 -510 -460 163
79588: -489 -510 -461 172
79589: -489 -510 -462 181
79590: -489 -510 -463 190
79591: -489 -510 -464 199
79592: -489 -510 -465 208
79593: -489 -510 -466 217
79594: -489 -510 -467 226
79596: -489 -511 -541 163
79604: -489 -511 -549 235
79605: -489 -512 -622 163
79606: -489 -512 -623 172
79608: -489 -512 -625 190
79609: -489 -512 -626 199
79610: -489 -512 -627 208
79611: -489 -512 -628 217
79614: -489 -513 -703 163
79616: -489 -513 -705 181
79630: -498 -505 -62 227
79633: -498 -506 -137 173
79650: -498 -508 -298 164
79651: -498 -508 -299 173
79653: -498 -508 -301 191
79654: -498 -508 -302 200
79655: -498 -508 -303 209
79656: -498 -508 -304 218
79657: -498 -508 -305 227
79658: -498 -508 -306 236
79660: -498 -509 -380 173
79661: -498 -509 -381 182
79662: -498 -509 -382 191
79664: -498 -509 -384 209
79665: -498 -509 -385 218
79666: -498 -509 -386 227
79667: -498 -509 -387 236
79668: -498 -510 -460 164
79669: -498 -510 -461 173
79670: -498 -510 -462 182
79671: -498 -510 -463 191
79672: -498 -510 -464 200
79673: -498 -510 -465 209
79674: -498 -510 -466 218
79675: -498 -510 -467 227
79676: -498 -510 -468 236
79677: -498 -511 -541 164
79678: -498 -511 -542 173
79680: -498 -511 -544 191
79681: -498 -511 -545 200
79685: -498 -511 -549 236
79687: -498 -512 -623 173
79689: -498 -512 -625 191
79690: -498 -512 -626 200
79691: -498 -512 -627 209
79693: -498 -512 -629 227
79694: -498 -512 -630 236
79695: -498 -513 -703 164
79696: -498 -513 -704 173
79698: -498 -513 -706 191
79699: -498 -513 -707 200
79700: -498 -513 -708 209
79701: -498 -513 -709 218
79702: -498 -513 -710 227
79722: -507 -507 -217 165
79723: -507 -507 -218 174
79724: -507 -507 -219 183
79725: -507 -507 -220 192
79726: -507 -507 -221 201
79727: -507 -507 -222 210
79728: -507 -507 -223 219
79729: -507 -507 -224 228
79730: -507 -507 -225 237
79792: -516 -505 -62 229
79794: -516 -506 -136 166
79795: -516 -506 -137 175
79797: -516 -506 -139 193
79798: -516 -506 -140 202
79799: -516 -506 -141 211
79800: -516 -506 -142 220
79801: -516 -506 -143 229
79814: -516 -508 -300 184
79816: -516 -508 -302 202
79824: -516 -509 -382 193
79830: -516 -510 -460 166
79831: -516 -510 -461 175
79834: -516 -510 -464 202
79835: -516 -510 -465 211
79836: -516 -510 -466 220
79837: -516 -510 -467 229
79838: -516 -510 -468 238
79846: -516 -511 -548 229
79847: -516 -511 -549 238
79848: -516 -512 -622 166
79849: -516 -512 -623 175
79851: -516 -512 -625 193
79852: -516 -512 -626 202
79853: -516 -512 -627 211
79854: -516 -512 -628 220
79855: -516 -512 -629 229
79856: -516 -512 -630 238
79858: -516 -513 -704 175
79860: -516 -513 -706 193
79861: -516 -513 -707 202
79863: -516 -513 -709 220
79864: -516 -513 -710 229
79873: -525 -505 -62 230
79875: -525 -506 -136 167
79876: -525 -506 -137 176
79877: -525 -506 -138 185
79878: -525 -506 -139 194
79879: -525 -506 -140 203
79880: -525 -506 -141 212
79881: -525 -506 -142 221
79882: -525 -506 -143 230
79883: -525 -506 -144 239
79897: -525 -508 -302 203
79901: -525 -508 -306 239
79903: -525 -509 -380 176
79904: -525 -509 -381 185
79905: -525 -509 -382 194
79906: -525 -509 -383 203
79907: -525 -509 -384 212
79910: -525 -509 -387 239
79911: -525 -510 -460 167
79912: -525 -510 -461 176
79913: -525 -510 -462 185
79914: -525 -510 -463 194
79915: -525 -510 -464 203
79916: -525 -510 -465 212
79917: -525 -510 -466 221
79918: -525 -510 -467 230
79919: -525 -510 -468 239
79921: -525 -511 -542 176
79923: -525 -511 -544 194
79924: -525 -511 -545 203
79926: -525 -511 -547 221
79927: -525 -511 -548 230
79928: -525 -511 -549 239
79930: -525 -512 -623 176
79932: -525 -512 -625 194
79934: -525 -512 -627 212
79935: -525 -512 -628 221
79936: -525 -512 -629 230
79937: -525 -512 -630 239
79938: -525 -513 -703 167
79939: -525 -513 -704 176
79941: -525 -513 -706 194
79942: -525 -513 -707 203
79943: -525 -513 -708 212
79944: -525 -513 -709 221
79945: -525 -513 -710 230
79946: -525 -513 -711 239
79954: -534 -505 -62 231
79959: -534 -506 -139 195
79961: -534 -506 -141 213
79978: -534 -508 -302 204
79992: -534 -510 -460 168
79993: -534 -510 -461 177
79994: -534 -510 -462 186
79995: -534 -510 -463 195
79996: -534 -510 -464 204
79997: -534 -510 -465 213
79998: -534 -510 -466 222
79999: -534 -510 -467 231
80000: -534 -510 -468 240
80009: -534 -511 -549 240
80020: -534 -513 -704 177
80023: -534 -513 -707 204
80027: -534 -513 -711 240
80035: -543 -505 -62 232
80059: -543 -508 -302 205
80073: -543 -510 -460 169
80097: -543 -512 -628 223
80100: -543 -513 -703 169
80101: -543 -513 -704 178
80104: -543 -513 -707 205
80116: -552 -505 -62 233
80121: -552 -506 -139 197
80122: -552 -506 -140 206
80125: -552 -506 -143 233
80126: -552 -506 -144 242
80154: -552 -510 -460 170
80164: -552 -511 -542 179
80167: -552 -511 -545 206
80171: -552 -511 -549 242
80182: -552 -513 -704 179
80185: -552 -513 -707 206
80197: -561 -505 -62 234
80202: -561 -506 -139 198
80204: -561 -506 -141 216
80206: -561 -506 -143 234
80207: -561 -506 -144 243
80218: -561 -508 -299 180
80221: -561 -508 -302 207
80226: -561 -509 -379 171
80227: -561 -509 -380 180
80229: -561 -509 -382 198
80230: -561 -509 -383 207
80231: -561 -509 -384 216
80233: -561 -509 -386 234
80234: -561 -509 -387 243
80235: -561 -510 -460 171
80242: -561 -510 -467 234
80253: -561 -512 -622 171
80255: -561 -512 -624 189
80258: -561 -512 -627 216
80259: -561 -512 -628 225
80262: -561 -513 -703 171
80266: -561 -513 -707 207
80279: -570 -586 -72 235
80298: -570 -589 -307 163
80299: -570 -589 -308 172
80302: -570 -589 -311 199
80306: -570 -589 -315 235
80309: -570 -590 -390 181
80310: -570 -590 -391 190
80316: -570 -591 -469 163
80325: -570 -592 -550 163
80334: -570 -593 -631 163
80335: -570 -593 -632 172
80337: -570 -593 -634 190
80338: -570 -593 -635 199
80339: -570 -593 -636 208
80342: -570 -593 -639 235
80350: -570 -594 -719 226
80360: -579 -586 -72 236
80362: -579 -587 -146 173
80380: -579 -589 -308 173
80383: -579 -589 -311 200
80384: -579 -589 -312 209
80385: -579 -589 -313 218
80386: -579 -589 -314 227
80387: -579 -589 -315 236
80388: -579 -590 -388 164
80389: -579 -590 -389 173
80391: -579 -590 -391 191
80393: -579 -590 -393 209
80394: -579 -590 -394 218
80395: -579 -590 -395 227
80396: -579 -590 -396 236
80401: -579 -591 -473 200
80406: -579 -592 -550 164
80407: -579 -592 -551 173
80409: -579 -592 -553 191
80410: -579 -592 -554 200
80411: -579 -592 -555 209
80412: -579 -592 -556 218
80413: -579 -592 -557 227
80414: -579 -592 -558 236
80418: -579 -593 -634 191
80419: -579 -593 -635 200
80420: -579 -593 -636 209
80423: -579 -593 -639 236
80424: -579 -594 -712 164
80425: -579 -594 -713 173
80427: -579 -594 -715 191
80429: -579 -594 -717 209
80430: -579 -594 -718 218
80431: -579 -594 -719 227
80432: -579 -594 -720 236
80451: -588 -588 -226 165
80452: -588 -588 -227 174
80453: -588 -588 -228 183
80454: -588 -588 -229 192
80456: -588 -588 -231 210
80457: -588 -588 -232 219
80522: -597 -586 -72 238
80542: -597 -589 -308 175
80553: -597 -590 -391 193
80556: -597 -590 -394 220
80559: -597 -591 -469 166
80562: -597 -591 -472 193
80563: -597 -591 -473 202
80566: -597 -591 -476 229
80567: -597 -591 -477 238
80568: -597 -592 -550 166
80569: -597 -592 -551 175
80571: -597 -592 -553 193
80572: -597 -592 -554 202
80573: -597 -592 -555 211
80574: -597 -592 -556 220
80575: -597 -592 -557 229
80576: -597 -592 -558 238
80578: -597 -593 -632 175
80586: -597 -594 -712 166
80587: -597 -594 -713 175
80589: -597 -594 -715 193
80590: -597 -594 -716 202
80591: -597 -594 -717 211
80592: -597 -594 -718 220
80593: -597 -594 -719 229
80594: -597 -594 -720 238
80603: -606 -586 -72 239
80604: -606 -587 -145 167
80605: -606 -587 -146 176
80606: -606 -587 -147 185
80607: -606 -587 -148 194
80608: -606 -587 -149 203
80609: -606 -587 -150 212
80610: -606 -587 -151 221
80626: -606 -589 -311 203
80640: -606 -591 -469 167
80641: -606 -591 -470 176
80643: -606 -591 -472 194
80644: -606 -591 -473 203
80647: -606 -591 -476 230
80648: -606 -591 -477 239
80649: -606 -592 -550 167
80650: -606 -592 -551 176
80652: -606 -592 -553 194
80653: -606 -592 -554 203
80654: -606 -592 -555 212
80655: -606 -592 -556 221
80656: -606 -592 -557 230
80657: -606 -592 -558 239
80659: -606 -593 -632 176
80662: -606 -593 -635 203
80663: -606 -593 -636 212
80665: -606 -593 -638 230
80666: -606 -593 -639 239
80667: -606 -594 -712 167
80668: -606 -594 -713 176
80670: -606 -594 -715 194
80671: -606 -594 -716 203
80672: -606 -594 -717 212
80673: -606 -594 -718 221
80674: -606 -594 -719 230
80675: -606 -594 -720 239
80684: -615 -586 -72 240
80689: -615 -587 -149 204
80690: -615 -587 -150 213
80691: -615 -587 -151 222
80703: -615 -589 -307 168
80707: -615 -589 -311 204
80712: -615 -590 -388 168
80715: -615 -590 -391 195
80718: -615 -590 -394 222
80720: -615 -590 -396 240
80721: -615 -591 -469 168
80730: -615 -592 -550 168
80738: -615 -592 -558 240
80740: -615 -593 -632 177
80742: -615 -593 -634 195
80748: -615 -594 -712 168
80755: -615 -594 -719 231
80765: -624 -586 -72 241
80769: -624 -587 -148 196
80770: -624 -587 -149 205
80772: -624 -587 -151 223
80793: -624 -590 -388 169
80805: -624 -591 -472 196
80806: -624 -591 -473 205
80807: -624 -591 -474 214
80810: -624 -591 -477 241
80812: -624 -592 -551 178
80814: -624 -592 -553 196
80815: -624 -592 -554 205
80816: -624 -592 -555 214
80817: -624 -592 -556 223
80818: -624 -592 -557 232
80819: -624 -592 -558 241
80824: -624 -593 -635 205
80832: -624 -594 -715 196
80834: -624 -594 -717 214
80846: -633 -586 -72 242
80865: -633 -589 -307 170
80866: -633 -589 -308 179
80874: -633 -590 -388 170
80880: -633 -590 -394 224
80903: -633 -593 -633 188
80917: -633 -594 -719 233
80927: -642 -586 -72 243
80929: -642 -587 -146 180
80931: -642 -587 -148 198
80932: -642 -587 -149 207
80936: -642 -587 -153 243
80958: -642 -590 -391 198
80967: -642 -591 -472 198
80968: -642 -591 -473 207
80972: -642 -591 -477 243
80983: -642 -593 -632 180
80985: -642 -593 -634 198
80986: -642 -593 -635 207
80987: -642 -593 -636 216
80994: -642 -594 -715 198
81005: -651 -667 -78 208
81010: -651 -668 -155 172
81014: -651 -668 -159 208
81027: -651 -670 -316 163
81031: -651 -670 -320 199
81039: -651 -671 -400 190
81053: -651 -672 -486 235
81054: -651 -673 -559 163
81063: -651 -674 -640 163
81064: -651 -674 -641 172
81065: -651 -674 -642 181
81066: -651 -674 -643 190
81067: -651 -674 -644 199
81068: -651 -674 -645 208
81070: -651 -674 -647 226
81071: -651 -674 -648 235
81075: -651 -675 -724 190
81086: -660 -667 -78 209
81091: -660 -668 -155 173
81108: -660 -670 -316 164
81112: -660 -670 -320 200
81117: -660 -671 -397 164
81118: -660 -671 -398 173
81120: -660 -671 -400 191
81121: -660 -671 -401 200
81122: -660 -671 -402 209
81123: -660 -671 -403 218
81124: -660 -671 -404 227
81129: -660 -672 -481 191
81130: -660 -672 -482 200
81132: -660 -672 -484 218
81133: -660 -672 -485 227
81134: -660 -672 -486 236
81136: -660 -673 -560 173
81138: -660 -673 -562 191
81142: -660 -673 -566 227
81143: -660 -673 -567 236
81144: -660 -674 -640 164
81145: -660 -674 -641 173
81147: -660 -674 -643 191
81148: -660 -674 -644 200
81149: -660 -674 -645 209
81150: -660 -674 -646 218
81151: -660 -674 -647 227
81152: -660 -674 -648 236
81157: -660 -675 -725 200
81158: -660 -675 -726 209
81180: -669 -669 -235 165
81181: -669 -669 -236 174
81182: -669 -669 -237 183
81183: -669 -669 -238 192
81184: -669 -669 -239 201
81185: -669 -669 -240 210
81186: -669 -669 -241 219
81187: -669 -669 -242 228
81188: -669 -669 -243 237
81248: -678 -667 -78 211
81252: -678 -668 -154 166
81253: -678 -668 -155 175
81255: -678 -668 -157 193
81258: -678 -668 -160 220
81259: -678 -668 -161 229
81271: -678 -670 -317 175
81273: -678 -670 -319 193
81274: -678 -670 -320 202
81275: -678 -670 -321 211
81276: -678 -670 -322 220
81277: -678 -670 -323 229
81279: -678 -671 -397 166
81282: -678 -671 -400 193
81289: -678 -672 -479 175
81291: -678 -672 -481 193
81292: -678 -672 -482 202
81293: -678 -672 -483 211
81294: -678 -672 -484 220
81295: -678 -672 -485 229
81296: -678 -672 -486 238
81297: -678 -673 -559 166
81298: -678 -673 -560 175
81300: -678 -673 -562 193
81301: -678 -673 -563 202
81302: -678 -673 -564 211
81303: -678 -673 -565 220
81304: -678 -673 -566 229
81305: -678 -673 -567 238
81306: -678 -674 -640 166
81307: -678 -674 -641 175
81309: -678 -674 -643 193
81310: -678 -674 -644 202
81311: -678 -674 -645 211
81312: -678 -674 -646 220
81313: -678 -674 -647 229
81314: -678 -674 -648 238
81316: -678 -675 -722 175
81319: -678 -675 -725 202
81320: -678 -675 -726 211
81321: -678 -675 -727 220
81329: -687 -667 -78 212
81333: -687 -668 -154 167
81334: -687 -668 -155 176
81336: -687 -668 -157 194
81338: -687 -668 -159 212
81339: -687 -668 -160 221
81340: -687 -668 -161 230
81341: -687 -668 -162 239
81355: -687 -670 -320 203
81360: -687 -671 -397 167
81369: -687 -672 -478 167
81370: -687 -672 -479 176
81372: -687 -672 -481 194
81373: -687 -672 -482 203
81374: -687 -672 -483 212
81375: -687 -672 -484 221
81376: -687 -672 -485 230
81377: -687 -672 -486 239
81379: -687 -673 -560 176
81381: -687 -673 -562 194
81382: -687 -673 -563 203
81383: -687 -673 -564 212
81384: -687 -673 -565 221
81385: -687 -673 -566 230
81386: -687 -673 -567 239
81387: -687 -674 -640 167
81388: -687 -674 -641 176
81389: -687 -674 -642 185
81390: -687 -674 -643 194
81391: -687 -674 -644 203
81392: -687 -674 -645 212
81393: -687 -674 -646 221
81394: -687 -674 -647 230
81395: -687 -674 -648 239
81397: -687 -675 -722 176
81400: -687 -675 -725 203
81401: -687 -675 -726 212
81402: -687 -675 -727 221
81410: -696 -667 -78 213
81417: -696 -668 -157 195
81418: -696 -668 -158 204
81419: -696 -668 -159 213
81420: -696 -668 -160 222
81421: -696 -668 -161 231
81432: -696 -670 -316 168
81444: -696 -671 -400 195
81462: -696 -673 -562 195
81478: -696 -675 -722 177
81480: -696 -675 -724 195
81481: -696 -675 -725 204
81483: -696 -675 -727 222
81491: -705 -667 -78 214
81498: -705 -668 -157 196
81499: -705 -668 -158 205
81500: -705 -668 -159 214
81501: -705 -668 -160 223
81502: -705 -668 -161 232
81503: -705 -668 -162 241
81513: -705 -670 -316 169
81517: -705 -670 -320 205
81522: -705 -671 -397 169
81523: -705 -671 -398 178
81525: -705 -671 -400 196
81526: -705 -671 -401 205
81527: -705 -671 -402 214
81528: -705 -671 -403 223
81529: -705 -671 -404 232
81531: -705 -672 -478 169
81532: -705 -672 -479 178
81533: -705 -672 -480 187
81534: -705 -672 -481 196
81535: -705 -672 -482 205
81536: -705 -672 -483 214
81537: -705 -672 -484 223
81538: -705 -672 -485 232
81539: -705 -672 -486 241
81541: -705 -673 -560 178
81547: -705 -673 -566 232
81549: -705 -674 -640 169
81550: -705 -674 -641 178
81553: -705 -674 -644 205
81554: -705 -674 -645 214
81555: -705 -674 -646 223
81556: -705 -674 -647 232
81557: -705 -674 -648 241
81572: -714 -667 -78 215
81579: -714 -668 -157 197
81580: -714 -668 -158 206
81582: -714 -668 -160 224
81583: -714 -668 -161 233
81594: -714 -670 -316 170
81606: -714 -671 -400 197
81616: -714 -672 -482 206
81631: -714 -674 -641 179
81632: -714 -674 -642 188
81633: -714 -674 -643 197
81634: -714 -674 -644 206
81635: -714 -674 -645 215
81636: -714 -674 -646 224
81637: -714 -674 -647 233
81643: -714 -675 -725 206
81653: -723 -667 -78 216
81675: -723 -670 -316 171
81687: -723 -671 -400 198
81722: -723 -675 -723 189
82090: -40 -32 -326 257
82091: -40 -32 -327 266
82092: -40 -32 -328 275
82093: -40 -32 -329 284
82094: -40 -32 -330 293
82095: -40 -32 -331 302
82096: -40 -32 -332 311
82097: -40 -32 -333 320
82469: -85 -110 -93 262
82471: -85 -110 -95 280
82472: -85 -110 -96 289
82473: -85 -110 -97 298
82474: -85 -110 -98 307
82475: -85 -110 -99 316
82557: -94 -111 -172 245
82559: -94 -111 -174 263
82560: -94 -111 -175 272
82561: -94 -111 -176 281
82562: -94 -111 -177 290
82563: -94 -111 -178 299
82564: -94 -111 -179 308
82565: -94 -111 -180 317
82575: -94 -113 -334 245
82577: -94 -113 -336 263
82578: -94 -113 -337 272
82579: -94 -113 -338 281
82580: -94 -113 -339 290
82581: -94 -113 -340 299
82582: -94 -113 -341 308
82583: -94 -113 -342 317
82584: -94 -114 -415 245
82586: -94 -114 -417 263
82587: -94 -114 -418 272
82588: -94 -114 -419 281
82589: -94 -114 -420 290
82590: -94 -114 -421 299
82591: -94 -114 -422 308
82592: -94 -114 -423 317
82593: -94 -115 -496 245
82595: -94 -115 -498 263
82596: -94 -115 -499 272
82597: -94 -115 -500 281
82598: -94 -115 -501 290
82599: -94 -115 -502 299
82600: -94 -115 -503 308
82601: -94 -115 -504 317
82602: -94 -116 -577 245
82604: -94 -116 -579 263
82605: -94 -116 -580 272
82606: -94 -116 -581 281
82607: -94 -116 -582 290
82608: -94 -116 -583 299
82609: -94 -116 -584 308
82610: -94 -116 -585 317
82611: -94 -117 -658 245
82613: -94 -117 -660 263
82614: -94 -117 -661 272
82615: -94 -117 -662 281
82616: -94 -117 -663 290
82617: -94 -117 -664 299
82618: -94 -117 -665 308
82619: -94 -117 -666 317
82621: -103 -109 -11 255
82631: -103 -110 -93 264
82634: -103 -110 -96 291
82635: -103 -110 -97 300
82638: -103 -111 -172 246
82640: -103 -111 -174 264
82658: -103 -113 -336 264
82665: -103 -114 -415 246
82667: -103 -114 -417 264
82674: -103 -115 -496 246
82676: -103 -115 -498 264
82677: -103 -115 -499 273
82680: -103 -115 -502 300
82681: -103 -115 -503 309
82686: -103 -116 -580 273
82689: -103 -116 -583 300
82694: -103 -117 -660 264
82696: -103 -117 -662 282
82728: -112 -112 -253 247
82731: -112 -112 -256 274
82732: -112 -112 -257 283
82783: -121 -109 -11 257
82793: -121 -110 -93 266
82802: -121 -111 -174 266
82803: -121 -111 -175 275
82820: -121 -113 -336 266
82827: -121 -114 -415 248
82829: -121 -114 -417 266
82830: -121 -114 -418 275
82834: -121 -114 -422 311
82835: -121 -114 -423 320
82836: -121 -115 -496 248
82838: -121 -115 -498 266
82839: -121 -115 -499 275
82840: -121 -115 -500 284
82842: -121 -115 -502 302
82843: -121 -115 -503 311
82844: -121 -115 -504 320
82845: -121 -116 -577 248
82848: -121 -116 -580 275
82849: -121 -116 -581 284
82850: -121 -116 -582 293
82851: -121 -116 -583 302
82853: -121 -116 -585 320
82856: -121 -117 -660 266
82857: -121 -117 -661 275
82861: -121 -117 -665 311
82864: -130 -109 -11 258
82874: -130 -110 -93 267
82880: -130 -110 -99 321
82883: -130 -111 -174 267
82884: -130 -111 -175 276
82899: -130 -113 -334 249
82929: -130 -116 -580 276
82935: -130 -117 -658 249
82945: -139 -109 -11 259
82955: -139 -110 -93 268
82964: -139 -111 -174 268
82965: -139 -111 -175 277
82980: -139 -113 -334 250
82989: -139 -114 -415 250
83001: -139 -115 -499 277
83026: -148 -109 -11 260
83036: -148 -110 -93 269
83039: -148 -110 -96 296
83042: -148 -110 -99 323
83045: -148 -111 -174 269
83046: -148 -111 -175 278
83084: -148 -115 -501 296
83107: -157 -109 -11 261
83117: -157 -110 -93 270
83121: -157 -110 -97 306
83124: -157 -111 -172 252
83126: -157 -111 -174 270
83127: -157 -111 -175 279
83128: -157 -111 -176 288
83129: -157 -111 -177 297
83130: -157 -111 -178 306
83131: -157 -111 -179 315
83132: -157 -111 -180 324
83144: -157 -113 -336 270
83146: -157 -113 -338 288
83147: -157 -113 -339 297
83148: -157 -113 -340 306
83149: -157 -113 -341 315
83150: -157 -113 -342 324
83153: -157 -114 -417 270
83154: -157 -114 -418 279
83157: -157 -114 -421 306
83158: -157 -114 -422 315
83162: -157 -115 -498 270
83163: -157 -115 -499 279
83164: -157 -115 -500 288
83165: -157 -115 -501 297
83166: -157 -115 -502 306
83167: -157 -115 -503 315
83168: -157 -115 -504 324
83169: -157 -116 -577 252
83175: -157 -116 -583 306
83183: -157 -117 -663 297
83185: -157 -117 -665 315
83206: -166 -192 -182 253
83209: -166 -192 -185 280
83210: -166 -192 -186 289
83211: -166 -192 -187 298
83212: -166 -192 -188 307
83213: -166 -192 -189 316
83270: -175 -190 -21 263
83277: -175 -191 -100 245
83278: -175 -191 -101 254
83281: -175 -191 -104 281
83282: -175 -191 -105 290
83283: -175 -191 -106 299
83284: -175 -191 -107 308
83285: -175 -191 -108 317
83287: -175 -192 -182 254
83292: -175 -192 -187 299
83304: -175 -194 -343 245
83313: -175 -195 -424 245
83316: -175 -195 -427 272
83318: -175 -195 -429 290
83322: -175 -196 -505 245
83331: -175 -197 -586 245
83332: -175 -197 -587 254
83334: -175 -197 -589 272
83335: -175 -197 -590 281
83336: -175 -197 -591 290
83338: -175 -197 -593 308
83339: -175 -197 -594 317
83340: -175 -198 -667 245
83341: -175 -198 -668 254
83345: -175 -198 -672 290
83351: -184 -190 -21 264
83358: -184 -191 -100 246
83359: -184 -191 -101 255
83362: -184 -191 -104 282
83370: -184 -192 -184 273
83385: -184 -194 -343 246
83386: -184 -194 -344 255
83389: -184 -194 -347 282
83390: -184 -194 -348 291
83391: -184 -194 -349 300
83392: -184 -194 -350 309
83393: -184 -194 -351 318
83394: -184 -195 -424 246
83395: -184 -195 -425 255
83397: -184 -195 -427 273
83398: -184 -195 -428 282
83399: -184 -195 -429 291
83400: -184 -195 -430 300
83401: -184 -195 -431 309
83402: -184 -195 -432 318
83403: -184 -196 -505 246
83404: -184 -196 -506 255
83406: -184 -196 -508 273
83407: -184 -196 -509 282
83408: -184 -196 -510 291
83409: -184 -196 -511 300
83410: -184 -196 -512 309
83411: -184 -196 -513 318
83412: -184 -197 -586 246
83413: -184 -197 -587 255
83414: -184 -197 -588 264
83415: -184 -197 -589 273
83416: -184 -197 -590 282
83417: -184 -197 -591 291
83418: -184 -197 -592 300
83419: -184 -197 -593 309
83420: -184 -197 -594 318
83421: -184 -198 -667 246
83422: -184 -198 -668 255
83424: -184 -198 -670 273
83425: -184 -198 -671 282
83426: -184 -198 -672 291
83427: -184 -198 -673 300
83428: -184 -198 -674 309
83429: -184 -198 -675 318
83442: -193 -191 -103 274
83457: -193 -193 -262 247
83458: -193 -193 -263 256
83460: -193 -193 -265 274
83461: -193 -193 -266 283
83462: -193 -193 -267 292
83463: -193 -193 -268 301
83464: -193 -193 -269 310
83465: -193 -193 -270 319
83466: -193 -194 -343 247
83475: -193 -195 -424 247
83513: -202 -190 -21 266
83520: -202 -191 -100 248
83521: -202 -191 -101 257
83523: -202 -191 -103 275
83524: -202 -191 -104 284
83525: -202 -191 -105 293
83526: -202 -191 -106 302
83527: -202 -191 -107 311
83528: -202 -191 -108 320
83547: -202 -194 -343 248
83556: -202 -195 -424 248
83557: -202 -195 -425 257
83559: -202 -195 -427 275
83560: -202 -195 -428 284
83561: -202 -195 -429 293
83562: -202 -195 -430 302
83563: -202 -195 -431 311
83564: -202 -195 -432 320
83565: -202 -196 -505 248
83566: -202 -196 -506 257
83568: -202 -196 -508 275
83569: -202 -196 -509 284
83570: -202 -196 -510 293
83571: -202 -196 -511 302
83572: -202 -196 -512 311
83573: -202 -196 -513 320
83574: -202 -197 -586 248
83575: -202 -197 -587 257
83577: -202 -197 -589 275
83578: -202 -197 -590 284
83579: -202 -197 -591 293
83580: -202 -197 -592 302
83581: -202 -197 -593 311
83582: -202 -197 -594 320
83583: -202 -198 -667 248
83584: -202 -198 -668 257
83586: -202 -198 -670 275
83587: -202 -198 -671 284
83588: -202 -198 -672 293
83589: -202 -198 -673 302
83590: -202 -198 -674 311
83591: -202 -198 -675 320
83594: -211 -190 -21 267
83601: -211 -191 -100 249
83602: -211 -191 -101 258
83604: -211 -191 -103 276
83611: -211 -192 -182 258
83616: -211 -192 -187 303
83628: -211 -194 -343 249
83637: -211 -195 -424 249
83646: -211 -196 -505 249
83647: -211 -196 -506 258
83649: -211 -196 -508 276
83650: -211 -196 -509 285
83653: -211 -196 -512 312
83654: -211 -196 -513 321
83655: -211 -197 -586 249
83658: -211 -197 -589 276
83664: -211 -198 -667 249
83667: -211 -198 -670 276
83670: -211 -198 -673 303
83671: -211 -198 -674 312
83675: -220 -190 -21 268
83683: -220 -191 -101 259
83685: -220 -191 -103 277
83692: -220 -192 -182 259
83699: -220 -192 -189 322
83709: -220 -194 -343 250
83710: -220 -194 -344 259
83713: -220 -194 -347 286
83714: -220 -194 -348 295
83715: -220 -194 -349 304
83716: -220 -194 -350 313
83717: -220 -194 -351 322
83718: -220 -195 -424 250
83726: -220 -195 -432 322
83727: -220 -196 -505 250
83736: -220 -197 -586 250
83739: -220 -197 -589 277
83745: -220 -198 -667 250
83746: -220 -198 -668 259
83748: -220 -198 -670 277
83749: -220 -198 -671 286
83750: -220 -198 -672 295
83751: -220 -198 -673 304
83756: -229 -190 -21 269
83764: -229 -191 -101 260
83766: -229 -191 -103 278
83767: -229 -191 -104 287
83773: -229 -192 -182 260
83778: -229 -192 -187 305
83790: -229 -194 -343 251
83791: -229 -194 -344 260
83794: -229 -194 -347 287
83795: -229 -194 -348 296
83796: -229 -194 -349 305
83797: -229 -194 -350 314
83798: -229 -194 -351 323
83799: -229 -195 -424 251
83800: -229 -195 -425 260
83802: -229 -195 -427 278
83803: -229 -195 -428 287
83804: -229 -195 -429 296
83806: -229 -195 -431 314
83808: -229 -196 -505 251
83813: -229 -196 -510 296
83815: -229 -196 -512 314
83816: -229 -196 -513 323
83817: -229 -197 -586 251
83818: -229 -197 -587 260
83820: -229 -197 -589 278
83822: -229 -197 -591 296
83826: -229 -198 -667 251
83829: -229 -198 -670 278
83830: -229 -198 -671 287
83837: -238 -190 -21 270
83845: -238 -191 -101 261
83847: -238 -191 -103 279
83848: -238 -191 -104 288
83849: -238 -191 -105 297
83850: -238 -191 -106 306
83851: -238 -191 -107 315
83852: -238 -191 -108 324
83854: -238 -192 -182 261
83857: -238 -192 -185 288
83859: -238 -192 -187 306
83871: -238 -194 -343 252
83872: -238 -194 -344 261
83875: -238 -194 -347 288
83876: -238 -194 -348 297
83877: -238 -194 -349 306
83878: -238 -194 -350 315
83879: -238 -194 -351 324
83880: -238 -195 -424 252
83883: -238 -195 -427 279
83884: -238 -195 -428 288
83889: -238 -196 -505 252
83890: -238 -196 -506 261
83892: -238 -196 -508 279
83893: -238 -196 -509 288
83895: -238 -196 -511 306
83896: -238 -196 -512 315
83897: -238 -196 -513 324
83898: -238 -197 -586 252
83904: -238 -197 -592 306
83907: -238 -198 -667 252
84001: -256 -271 -32 281
84016: -256 -273 -191 254
84020: -256 -273 -195 290
84022: -256 -273 -197 308
84027: -256 -274 -274 272
84042: -256 -276 -433 245
84043: -256 -276 -434 254
84046: -256 -276 -437 281
84048: -256 -276 -439 299
84049: -256 -276 -440 308
84051: -256 -277 -514 245
84052: -256 -277 -515 254
84053: -256 -277 -516 263
84055: -256 -277 -518 281
84056: -256 -277 -519 290
84059: -256 -277 -522 317
84060: -256 -278 -595 245
84061: -256 -278 -596 254
84062: -256 -278 -597 263
84064: -256 -278 -599 281
84065: -256 -278 -600 290
84066: -256 -278 -601 299
84068: -256 -278 -603 317
84069: -256 -279 -676 245
84074: -256 -279 -681 290
84075: -256 -279 -682 299
84076: -256 -279 -683 308
84082: -265 -271 -32 282
84087: -265 -272 -109 246
84089: -265 -272 -111 264
84123: -265 -276 -433 246
84131: -265 -276 -441 318
84132: -265 -277 -514 246
84134: -265 -277 -516 264
84136: -265 -277 -518 282
84137: -265 -277 -519 291
84139: -265 -277 -521 309
84140: -265 -277 -522 318
84141: -265 -278 -595 246
84143: -265 -278 -597 264
84145: -265 -278 -599 282
84146: -265 -278 -600 291
84150: -265 -279 -676 246
84151: -265 -279 -677 255
84152: -265 -279 -678 264
84154: -265 -279 -680 282
84155: -265 -279 -681 291
84156: -265 -279 -682 300
84157: -265 -279 -683 309
84258: -283 -273 -190 248
84263: -283 -273 -195 293
84285: -283 -276 -433 248
84305: -283 -278 -597 266
84325: -292 -271 -32 285
84330: -292 -272 -109 249
84334: -292 -272 -113 285
84335: -292 -272 -114 294
84337: -292 -272 -116 312
84338: -292 -272 -117 321
84343: -292 -273 -194 285
84344: -292 -273 -195 294
84345: -292 -273 -196 303
84346: -292 -273 -197 312
84351: -292 -274 -274 276
84375: -292 -277 -514 249
84377: -292 -277 -516 267
84379: -292 -277 -518 285
84380: -292 -277 -519 294
84381: -292 -277 -520 303
84383: -292 -277 -522 321
84384: -292 -278 -595 249
84400: -292 -279 -683 312
84406: -301 -271 -32 286
84416: -301 -272 -114 295
84421: -301 -273 -191 259
84425: -301 -273 -195 295
84426: -301 -273 -196 304
84427: -301 -273 -197 313
84455: -301 -276 -441 322
84465: -301 -278 -595 250
84474: -301 -279 -676 250
84476: -301 -279 -678 268
84487: -310 -271 -32 287
84492: -310 -272 -109 251
84502: -310 -273 -191 260
84506: -310 -273 -195 296
84507: -310 -273 -196 305
84513: -310 -274 -274 278
84528: -310 -276 -433 251
84536: -310 -276 -441 323
84542: -310 -277 -519 296
84555: -310 -279 -676 251
84562: -310 -279 -683 314
84568: -319 -271 -32 288
84579: -319 -272 -115 306
84583: -319 -273 -191 261
84587: -319 -273 -195 297
84589: -319 -273 -197 315
84590: -319 -273 -198 324
84594: -319 -274 -274 279
84609: -319 -276 -433 252
84617: -319 -276 -441 324
84626: -319 -277 -522 324
84631: -319 -278 -599 288
84633: -319 -278 -601 306
84729: -337 -352 -40 272
84736: -337 -353 -119 254
84737: -337 -353 -120 263
84738: -337 -353 -121 272
84740: -337 -353 -123 290
84741: -337 -353 -124 299
84742: -337 -353 -125 308
84743: -337 -353 -126 317
84745: -337 -354 -200 254
84746: -337 -354 -201 263
84747: -337 -354 -202 272
84748: -337 -354 -203 281
84749: -337 -354 -204 290
84750: -337 -354 -205 299
84751: -337 -354 -206 308
84752: -337 -354 -207 317
84763: -337 -356 -362 254
84764: -337 -356 -363 263
84767: -337 -356 -366 290
84768: -337 -356 -367 299
84769: -337 -356 -368 308
84770: -337 -356 -369 317
84772: -337 -357 -443 254
84773: -337 -357 -444 263
84774: -337 -357 -445 272
84775: -337 -357 -446 281
84776: -337 -357 -447 290
84777: -337 -357 -448 299
84778: -337 -357 -449 308
84779: -337 -357 -450 317
84781: -337 -358 -524 254
84782: -337 -358 -525 263
84783: -337 -358 -526 272
84784: -337 -358 -527 281
84785: -337 -358 -528 290
84786: -337 -358 -529 299
84787: -337 -358 -530 308
84788: -337 -358 -531 317
84790: -337 -359 -605 254
84791: -337 -359 -606 263
84792: -337 -359 -607 272
84793: -337 -359 -608 281
84794: -337 -359 -609 290
84795: -337 -359 -610 299
84796: -337 -359 -611 308
84797: -337 -359 -612 317
84799: -337 -360 -686 254
84800: -337 -360 -687 263
84801: -337 -360 -688 272
84802: -337 -360 -689 281
84803: -337 -360 -690 290
84804: -337 -360 -691 299
84805: -337 -360 -692 308
84806: -337 -360 -693 317
84810: -346 -352 -40 273
84817: -346 -353 -119 255
84818: -346 -353 -120 264
84819: -346 -353 -121 273
84820: -346 -353 -122 282
84821: -346 -353 -123 291
84822: -346 -353 -124 300
84823: -346 -353 -125 309
84824: -346 -353 -126 318
84826: -346 -354 -200 255
84827: -346 -354 -201 264
84828: -346 -354 -202 273
84830: -346 -354 -204 291
84831: -346 -354 -205 300
84832: -346 -354 -206 309
84833: -346 -354 -207 318
84844: -346 -356 -362 255
84848: -346 -356 -366 291
84849: -346 -356 -367 300
84850: -346 -356 -368 309
84851: -346 -356 -369 318
84853: -346 -357 -443 255
84854: -346 -357 -444 264
84855: -346 -357 -445 273
84856: -346 -357 -446 282
84857: -346 -357 -447 291
84858: -346 -357 -448 300
84859: -346 -357 -449 309
84860: -346 -357 -450 318
84862: -346 -358 -524 255
84863: -346 -358 -525 264
84864: -346 -358 -526 273
84865: -346 -358 -527 282
84866: -346 -358 -528 291
84867: -346 -358 -529 300
84868: -346 -358 -530 309
84869: -346 -358 -531 318
84871: -346 -359 -605 255
84872: -346 -359 -606 264
84873: -346 -359 -607 273
84874: -346 -359 -608 282
84875: -346 -359 -609 291
84876: -346 -359 -610 300
84877: -346 -359 -611 309
84878: -346 -359 -612 318
84880: -346 -360 -686 255
84881: -346 -360 -687 264
84882: -346 -360 -688 273
84883: -346 -360 -689 282
84884: -346 -360 -690 291
84885: -346 -360 -691 300
84886: -346 -360 -692 309
84887: -346 -360 -693 318
84916: -355 -355 -281 256
84917: -355 -355 -282 265
84920: -355 -355 -285 292
84921: -355 -355 -286 301
84922: -355 -355 -287 310
84923: -355 -355 -288 319
85053: -373 -352 -40 276
85060: -373 -353 -119 258
85061: -373 -353 -120 267
85062: -373 -353 -121 276
85063: -373 -353 -122 285
85064: -373 -353 -123 294
85065: -373 -353 -124 303
85066: -373 -353 -125 312
85067: -373 -353 -126 321
85069: -373 -354 -200 258
85070: -373 -354 -201 267
85071: -373 -354 -202 276
85072: -373 -354 -203 285
85073: -373 -354 -204 294
85074: -373 -354 -205 303
85075: -373 -354 -206 312
85076: -373 -354 -207 321
85087: -373 -356 -362 258
85088: -373 -356 -363 267
85091: -373 -356 -366 294
85092: -373 -356 -367 303
85093: -373 -356 -368 312
85094: -373 -356 -369 321
85096: -373 -357 -443 258
85097: -373 -357 -444 267
85098: -373 -357 -445 276
85100: -373 -357 -447 294
85101: -373 -357 -448 303
85102: -373 -357 -449 312
85103: -373 -357 -450 321
85105: -373 -358 -524 258
85106: -373 -358 -525 267
85107: -373 -358 -526 276
85108: -373 -358 -527 285
85109: -373 -358 -528 294
85110: -373 -358 -529 303
85111: -373 -358 -530 312
85112: -373 -358 -531 321
85114: -373 -359 -605 258
85115: -373 -359 -606 267
85116: -373 -359 -607 276
85117: -373 -359 -608 285
85118: -373 -359 -609 294
85119: -373 -359 -610 303
85120: -373 -359 -611 312
85121: -373 -359 -612 321
85123: -373 -360 -686 258
85124: -373 -360 -687 267
85125: -373 -360 -688 276
85126: -373 -360 -689 285
85127: -373 -360 -690 294
85128: -373 -360 -691 303
85129: -373 -360 -692 312
85130: -373 -360 -693 321
85134: -382 -352 -40 277
85141: -382 -353 -119 259
85142: -382 -353 -120 268
85143: -382 -353 -121 277
85144: -382 -353 -122 286
85145: -382 -353 -123 295
85146: -382 -353 -124 304
85147: -382 -353 -125 313
85148: -382 -353 -126 322
85150: -382 -354 -200 259
85151: -382 -354 -201 268
85152: -382 -354 -202 277
85153: -382 -354 -203 286
85154: -382 -354 -204 295
85155: -382 -354 -205 304
85156: -382 -354 -206 313
85157: -382 -354 -207 322
85168: -382 -356 -362 259
85169: -382 -356 -363 268
85172: -382 -356 -366 295
85174: -382 -356 -368 313
85175: -382 -356 -369 322
85177: -382 -357 -443 259
85178: -382 -357 -444 268
85179: -382 -357 -445 277
85180: -382 -357 -446 286
85181: -382 -357 -447 295
85182: -382 -357 -448 304
85183: -382 -357 -449 313
85184: -382 -357 -450 322
85186: -382 -358 -524 259
85187: -382 -358 -525 268
85188: -382 -358 -526 277
85190: -382 -358 -528 295
85191: -382 -358 -529 304
85192: -382 -358 -530 313
85193: -382 -358 -531 322
85195: -382 -359 -605 259
85196: -382 -359 -606 268
85197: -382 -359 -607 277
85198: -382 -359 -608 286
85199: -382 -359 -609 295
85200: -382 -359 -610 304
85201: -382 -359 -611 313
85202: -382 -359 -612 322
85203: -382 -360 -685 250
85204: -382 -360 -686 259
85205: -382 -360 -687 268
85206: -382 -360 -688 277
85207: -382 -360 -689 286
85208: -382 -360 -690 295
85209: -382 -360 -691 304
85210: -382 -360 -692 313
85211: -382 -360 -693 322
85215: -391 -352 -40 278
85222: -391 -353 -119 260
85223: -391 -353 -120 269
85224: -391 -353 -121 278
85225: -391 -353 -122 287
85226: -391 -353 -123 296
85227: -391 -353 -124 305
85228: -391 -353 -125 314
85229: -391 -353 -126 323
85231: -391 -354 -200 260
85232: -391 -354 -201 269
85233: -391 -354 -202 278
85234: -391 -354 -203 287
85235: -391 -354 -204 296
85236: -391 -354 -205 305
85237: -391 -354 -206 314
85238: -391 -354 -207 323
85249: -391 -356 -362 260
85250: -391 -356 -363 269
85253: -391 -356 -366 296
85254: -391 -356 -367 305
85255: -391 -356 -368 314
85256: -391 -356 -369 323
85258: -391 -357 -443 260
85259: -391 -357 -444 269
85260: -391 -357 -445 278
85261: -391 -357 -446 287
85262: -391 -357 -447 296
85263: -391 -357 -448 305
85264: -391 -357 -449 314
85265: -391 -357 -450 323
85267: -391 -358 -524 260
85268: -391 -358 -525 269
85269: -391 -358 -526 278
85270: -391 -358 -527 287
85271: -391 -358 -528 296
85272: -391 -358 -529 305
85273: -391 -358 -530 314
85274: -391 -358 -531 323
85276: -391 -359 -605 260
85277: -391 -359 -606 269
85278: -391 -359 -607 278
85280: -391 -359 -609 296
85281: -391 -359 -610 305
85282: -391 -359 -611 314
85283: -391 -359 -612 323
85285: -391 -360 -686 260
85286: -391 -360 -687 269
85287: -391 -360 -688 278
85288: -391 -360 -689 287
85289: -391 -360 -690 296
85290: -391 -360 -691 305
85291: -391 -360 -692 314
85292: -391 -360 -693 323
85296: -400 -352 -40 279
85303: -400 -353 -119 261
85304: -400 -353 -120 270
85305: -400 -353 -121 279
85306: -400 -353 -122 288
85307: -400 -353 -123 297
85308: -400 -353 -124 306
85309: -400 -353 -125 315
85310: -400 -353 -126 324
85312: -400 -354 -200 261
85313: -400 -354 -201 270
85314: -400 -354 -202 279
85315: -400 -354 -203 288
85316: -400 -354 -204 297
85317: -400 -354 -205 306
85318: -400 -354 -206 315
85319: -400 -354 -207 324
85330: -400 -356 -362 261
85331: -400 -356 -363 270
85334: -400 -356 -366 297
85335: -400 -356 -367 306
85336: -400 -356 -368 315
85339: -400 -357 -443 261
85340: -400 -357 -444 270
85341: -400 -357 -445 279
85342: -400 -357 -446 288
85343: -400 -357 -447 297
85344: -400 -357 -448 306
85345: -400 -357 -449 315
85346: -400 -357 -450 324
85348: -400 -358 -524 261
85349: -400 -358 -525 270
85350: -400 -358 -526 279
85351: -400 -358 -527 288
85352: -400 -358 -528 297
85353: -400 -358 -529 306
85354: -400 -358 -530 315
85355: -400 -358 -531 324
85357: -400 -359 -605 261
85358: -400 -359 -606 270
85359: -400 -359 -607 279
85360: -400 -359 -608 288
85361: -400 -359 -609 297
85362: -400 -359 -610 306
85363: -400 -359 -611 315
85364: -400 -359 -612 324
85366: -400 -360 -686 261
85367: -400 -360 -687 270
85368: -400 -360 -688 279
85370: -400 -360 -690 297
85371: -400 -360 -691 306
85372: -400 -360 -692 315
85373: -400 -360 -693 324
85380: -409 -433 -52 298
85383: -409 -434 -127 244
85384: -409 -434 -128 253
85385: -409 -434 -129 262
85386: -409 -434 -130 271
85387: -409 -434 -131 280
85388: -409 -434 -132 289
85389: -409 -434 -133 298
85390: -409 -434 -134 307
85391: -409 -434 -135 316
85392: -409 -435 -208 244
85393: -409 -435 -209 253
85394: -409 -435 -210 262
85396: -409 -435 -212 280
85397: -409 -435 -213 289
85398: -409 -435 -214 298
85399: -409 -435 -215 307
85400: -409 -435 -216 316
85410: -409 -437 -370 244
85411: -409 -437 -371 253
85412: -409 -437 -372 262
85413: -409 -437 -373 271
85414: -409 -437 -374 280
85416: -409 -437 -376 298
85417: -409 -437 -377 307
85418: -409 -437 -378 316
85419: -409 -438 -451 244
85420: -409 -438 -452 253
85421: -409 -438 -453 262
85423: -409 -438 -455 280
85426: -409 -438 -458 307
85429: -409 -439 -533 253
85430: -409 -439 -534 262
85431: -409 -439 -535 271
85432: -409 -439 -536 280
85433: -409 -439 -537 289
85434: -409 -439 -538 298
85436: -409 -439 -540 316
85437: -409 -440 -613 244
85446: -409 -441 -694 244
85447: -409 -441 -695 253
85448: -409 -441 -696 262
85449: -409 -441 -697 271
85450: -409 -441 -698 280
85451: -409 -441 -699 289
85452: -409 -441 -700 298
85453: -409 -441 -701 307
85454: -409 -441 -702 316
85461: -418 -433 -52 299
85464: -418 -434 -127 245
85465: -418 -434 -128 254
85468: -418 -434 -131 281
85474: -418 -435 -209 254
85475: -418 -435 -210 263
85477: -418 -435 -212 281
85479: -418 -435 -214 299
85480: -418 -435 -215 308
85491: -418 -437 -370 245
85506: -418 -438 -457 299
85507: -418 -438 -458 308
85509: -418 -439 -532 245
85510: -418 -439 -533 254
85512: -418 -439 -535 272
85515: -418 -439 -538 299
85517: -418 -439 -540 317
85518: -418 -440 -613 245
85519: -418 -440 -614 254
85521: -418 -440 -616 272
85522: -418 -440 -617 281
85523: -418 -440 -618 290
85525: -418 -440 -620 308
85526: -418 -440 -621 317
85527: -418 -441 -694 245
85528: -418 -441 -695 254
85532: -418 -441 -699 290
85542: -427 -433 -52 300
85549: -427 -434 -131 282
85555: -427 -435 -209 255
85556: -427 -435 -210 264
85558: -427 -435 -212 282
85572: -427 -437 -370 246
85582: -427 -438 -452 255
85583: -427 -438 -453 264
85587: -427 -438 -457 300
85588: -427 -438 -458 309
85591: -427 -439 -533 255
85595: -427 -439 -537 291
85608: -427 -441 -694 246
85609: -427 -441 -695 255
85610: -427 -441 -696 264
85611: -427 -441 -697 273
85614: -427 -441 -700 300
85616: -427 -441 -702 318
85644: -436 -436 -289 247
85645: -436 -436 -290 256
85646: -436 -436 -291 265
85648: -436 -436 -293 283
85652: -436 -436 -297 319
85704: -445 -433 -52 302
85715: -445 -434 -135 320
85717: -445 -435 -209 257
85718: -445 -435 -210 266
85721: -445 -435 -213 293
85745: -445 -438 -453 266
85761: -445 -440 -613 248
85762: -445 -440 -614 257
85763: -445 -440 -615 266
85765: -445 -440 -617 284
85766: -445 -440 -618 293
85769: -445 -440 -621 320
85770: -445 -441 -694 248
85785: -454 -433 -52 303
85789: -454 -434 -128 258
85790: -454 -434 -129 267
85792: -454 -434 -131 285
85798: -454 -435 -209 258
85799: -454 -435 -210 267
85803: -454 -435 -214 303
85815: -454 -437 -370 249
85817: -454 -437 -372 267
85843: -454 -440 -614 258
85846: -454 -440 -617 285
85848: -454 -440 -619 303
85851: -454 -441 -694 249
85852: -454 -441 -695 258
85853: -454 -441 -696 267
85854: -454 -441 -697 276
85855: -454 -441 -698 285
85856: -454 -441 -699 294
85857: -454 -441 -700 303
85858: -454 -441 -701 312
85859: -454 -441 -702 321
85866: -463 -433 -52 304
85873: -463 -434 -131 286
85878: -463 -435 -208 250
85879: -463 -435 -209 259
85880: -463 -435 -210 268
85883: -463 -435 -213 295
85885: -463 -435 -215 313
85886: -463 -435 -216 322
85912: -463 -438 -458 313
85932: -463 -441 -694 250
85939: -463 -441 -701 313
85947: -472 -433 -52 305
85950: -472 -434 -127 251
85954: -472 -434 -131 287
85961: -472 -435 -210 269
85978: -472 -437 -371 260
85981: -472 -437 -374 287
85984: -472 -437 -377 314
85987: -472 -438 -452 260
85990: -472 -438 -455 287
86000: -472 -439 -537 296
86013: -472 -441 -694 251
86014: -472 -441 -695 260
86015: -472 -441 -696 269
86016: -472 -441 -697 278
86017: -472 -441 -698 287
86018: -472 -441 -699 296
86019: -472 -441 -700 305
86020: -472 -441 -701 314
86021: -472 -441 -702 323
86028: -481 -433 -52 306
86031: -481 -434 -127 252
86032: -481 -434 -128 261
86040: -481 -435 -208 252
86042: -481 -435 -210 270
86068: -481 -438 -452 261
86069: -481 -438 -453 270
86080: -481 -439 -536 288
86091: -481 -440 -619 306
86094: -481 -441 -694 252
86095: -481 -441 -695 261
86096: -481 -441 -696 270
86097: -481 -441 -697 279
86098: -481 -441 -698 288
86100: -481 -441 -700 306
86101: -481 -441 -701 315
86102: -481 -441 -702 324
86110: -490 -514 -62 307
86112: -490 -515 -136 244
86113: -490 -515 -137 253
86116: -490 -515 -140 280
86117: -490 -515 -141 289
86118: -490 -515 -142 298
86121: -490 -516 -217 244
86122: -490 -516 -218 253
86123: -490 -516 -219 262
86124: -490 -516 -220 271
86125: -490 -516 -221 280
86126: -490 -516 -222 289
86127: -490 -516 -223 298
86128: -490 -516 -224 307
86129: -490 -516 -225 316
86139: -490 -518 -379 244
86140: -490 -518 -380 253
86141: -490 -518 -381 262
86143: -490 -518 -383 280
86144: -490 -518 -384 289
86145: -490 -518 -385 298
86146: -490 -518 -386 307
86147: -490 -518 -387 316
86148: -490 -519 -460 244
86149: -490 -519 -461 253
86150: -490 -519 -462 262
86151: -490 -519 -463 271
86152: -490 -519 -464 280
86153: -490 -519 -465 289
86154: -490 -519 -466 298
86155: -490 -519 -467 307
86158: -490 -520 -542 253
86159: -490 -520 -543 262
86161: -490 -520 -545 280
86165: -490 -520 -549 316
86172: -490 -521 -628 298
86174: -490 -521 -630 316
86175: -490 -522 -703 244
86178: -490 -522 -706 271
86182: -490 -522 -710 307
86191: -499 -514 -62 308
86193: -499 -515 -136 245
86194: -499 -515 -137 254
86202: -499 -516 -217 245
86203: -499 -516 -218 254
86204: -499 -516 -219 263
86206: -499 -516 -221 281
86207: -499 -516 -222 290
86209: -499 -516 -224 308
86223: -499 -518 -382 272
86229: -499 -519 -460 245
86230: -499 -519 -461 254
86231: -499 -519 -462 263
86232: -499 -519 -463 272
86233: -499 -519 -464 281
86234: -499 -519 -465 290
86235: -499 -519 -466 299
86238: -499 -520 -541 245
86239: -499 -520 -542 254
86240: -499 -520 -543 263
86246: -499 -520 -549 317
86256: -499 -522 -703 245
86272: -508 -514 -62 309
86274: -508 -515 -136 246
86276: -508 -515 -138 264
86278: -508 -515 -140 282
86279: -508 -515 -141 291
86280: -508 -515 -142 300
86281: -508 -515 -143 309
86282: -508 -515 -144 318
86284: -508 -516 -218 255
86285: -508 -516 -219 264
86287: -508 -516 -221 282
86288: -508 -516 -222 291
86290: -508 -516 -224 309
86303: -508 -518 -381 264
86310: -508 -519 -460 246
86311: -508 -519 -461 255
86312: -508 -519 -462 264
86313: -508 -519 -463 273
86314: -508 -519 -464 282
86315: -508 -519 -465 291
86316: -508 -519 -466 300
86317: -508 -519 -467 309
86318: -508 -519 -468 318
86319: -508 -520 -541 246
86320: -508 -520 -542 255
86321: -508 -520 -543 264
86326: -508 -520 -548 309
86329: -508 -521 -623 255
86330: -508 -521 -624 264
86333: -508 -521 -627 291
86338: -508 -522 -704 255
86339: -508 -522 -705 264
86340: -508 -522 -706 273
86341: -508 -522 -707 282
86342: -508 -522 -708 291
86343: -508 -522 -709 300
86344: -508 -522 -710 309
86345: -508 -522 -711 318
86373: -517 -517 -298 247
86374: -517 -517 -299 256
86375: -517 -517 -300 265
86377: -517 -517 -302 283
86434: -526 -514 -62 311
86447: -526 -516 -219 266
86449: -526 -516 -221 284
86472: -526 -519 -460 248
86473: -526 -519 -461 257
86474: -526 -519 -462 266
86475: -526 -519 -463 275
86476: -526 -519 -464 284
86478: -526 -519 -466 302
86479: -526 -519 -467 311
86480: -526 -519 -468 320
86481: -526 -520 -541 248
86491: -526 -521 -623 257
86515: -535 -514 -62 312
86517: -535 -515 -136 249
86519: -535 -515 -138 267
86523: -535 -515 -142 303
86524: -535 -515 -143 312
86526: -535 -516 -217 249
86527: -535 -516 -218 258
86528: -535 -516 -219 267
86530: -535 -516 -221 285
86531: -535 -516 -222 294
86532: -535 -516 -223 303
86553: -535 -519 -460 249
86554: -535 -519 -461 258
86555: -535 -519 -462 267
86556: -535 -519 -463 276
86557: -535 -519 -464 285
86558: -535 -519 -465 294
86560: -535 -519 -467 312
86561: -535 -519 -468 321
86573: -535 -521 -624 267
86574: -535 -521 -625 276
86575: -535 -521 -626 285
86576: -535 -521 -627 294
86577: -535 -521 -628 303
86587: -535 -522 -710 312
86596: -544 -514 -62 313
86599: -544 -515 -137 259
86600: -544 -515 -138 268
86608: -544 -516 -218 259
86609: -544 -516 -219 268
86611: -544 -516 -221 286
86615: -544 -516 -225 322
86625: -544 -518 -379 250
86627: -544 -518 -381 268
86634: -544 -519 -460 250
86635: -544 -519 -461 259
86636: -544 -519 -462 268
86638: -544 -519 -464 286
86641: -544 -519 -467 313
86661: -544 -522 -703 250
86663: -544 -522 -705 268
86677: -553 -514 -62 314
86680: -553 -515 -137 260
86681: -553 -515 -138 269
86684: -553 -515 -141 296
86685: -553 -515 -142 305
86687: -553 -515 -144 323
86688: -553 -516 -217 251
86689: -553 -516 -218 260
86692: -553 -516 -221 287
86693: -553 -516 -222 296
86696: -553 -516 -225 323
86715: -553 -519 -460 251
86758: -562 -514 -62 315
86762: -562 -515 -138 270
86765: -562 -515 -141 297
86766: -562 -515 -142 306
86768: -562 -515 -144 324
86769: -562 -516 -217 252
86773: -562 -516 -221 288
86776: -562 -516 -224 315
86789: -562 -518 -381 270
86796: -562 -519 -460 252
86797: -562 -519 -461 261
86798: -562 -519 -462 270
86799: -562 -519 -463 279
86800: -562 -519 -464 288
86801: -562 -519 -465 297
86802: -562 -519 -466 306
86803: -562 -519 -467 315
86804: -562 -519 -468 324
86820: -562 -521 -628 306
86823: -562 -522 -703 252
86830: -562 -522 -710 315
86840: -571 -595 -72 316
86841: -571 -596 -145 244
86842: -571 -596 -146 253
86843: -571 -596 -147 262
86845: -571 -596 -149 280
86846: -571 -596 -150 289
86847: -571 -596 -151 298
86848: -571 -596 -152 307
86849: -571 -596 -153 316
86850: -571 -597 -226 244
86851: -571 -597 -227 253
86852: -571 -597 -228 262
86854: -571 -597 -230 280
86855: -571 -597 -231 289
86856: -571 -597 -232 298
86857: -571 -597 -233 307
86858: -571 -597 -234 316
86868: -571 -599 -388 244
86869: -571 -599 -389 253
86870: -571 -599 -390 262
86872: -571 -599 -392 280
86873: -571 -599 -393 289
86874: -571 -599 -394 298
86876: -571 -599 -396 316
86877: -571 -600 -469 244
86879: -571 -600 -471 262
86886: -571 -601 -550 244
86887: -571 -601 -551 253
86888: -571 -601 -552 262
86889: -571 -601 -553 271
86890: -571 -601 -554 280
86892: -571 -601 -556 298
86893: -571 -601 -557 307
86894: -571 -601 -558 316
86895: -571 -602 -631 244
86896: -571 -602 -632 253
86900: -571 -602 -636 289
86904: -571 -603 -712 244
86911: -571 -603 -719 307
86921: -580 -595 -72 317
86922: -580 -596 -145 245
86923: -580 -596 -146 254
86931: -580 -597 -226 245
86939: -580 -597 -234 317
86950: -580 -599 -389 254
86952: -580 -599 -391 272
86967: -580 -601 -550 245
86969: -580 -601 -552 263
86977: -580 -602 -632 254
86978: -580 -602 -633 263
86981: -580 -602 -636 290
86984: -580 -602 -639 317
86992: -580 -603 -719 308
87002: -589 -595 -72 318
87012: -589 -597 -226 246
87013: -589 -597 -227 255
87014: -589 -597 -228 264
87015: -589 -597 -229 273
87016: -589 -597 -230 282
87032: -589 -599 -390 264
87041: -589 -600 -471 264
87048: -589 -601 -550 246
87049: -589 -601 -551 255
87050: -589 -601 -552 264
87051: -589 -601 -553 273
87053: -589 -601 -555 291
87054: -589 -601 -556 300
87061: -589 -602 -635 282
87062: -589 -602 -636 291
87065: -589 -602 -639 318
87070: -589 -603 -716 282
87072: -589 -603 -718 300
87073: -589 -603 -719 309
87102: -598 -598 -307 247
87103: -598 -598 -308 256
87104: -598 -598 -309 265
87106: -598 -598 -311 283
87164: -607 -595 -72 320
87166: -607 -596 -146 257
87175: -607 -597 -227 257
87178: -607 -597 -230 284
87179: -607 -597 -231 293
87192: -607 -599 -388 248
87210: -607 -601 -550 248
87211: -607 -601 -551 257
87212: -607 -601 -552 266
87213: -607 -601 -553 275
87214: -607 -601 -554 284
87215: -607 -601 -555 293
87216: -607 -601 -556 302
87218: -607 -601 -558 320
87224: -607 -602 -636 293
87227: -607 -602 -639 320
87235: -607 -603 -719 311
87245: -616 -595 -72 321
87256: -616 -597 -227 258
87259: -616 -597 -230 285
87260: -616 -597 -231 294
87263: -616 -597 -234 321
87276: -616 -599 -391 276
87291: -616 -601 -550 249
87292: -616 -601 -551 258
87293: -616 -601 -552 267
87294: -616 -601 -553 276
87295: -616 -601 -554 285
87296: -616 -601 -555 294
87297: -616 -601 -556 303
87298: -616 -601 -557 312
87299: -616 -601 -558 321
87300: -616 -602 -631 249
87301: -616 -602 -632 258
87302: -616 -602 -633 267
87308: -616 -602 -639 321
87316: -616 -603 -719 312
87326: -625 -595 -72 322
87328: -625 -596 -146 259
87337: -625 -597 -227 259
87340: -625 -597 -230 286
87341: -625 -597 -231 295
87344: -625 -597 -234 322
87363: -625 -600 -469 250
87371: -625 -600 -477 322
87372: -625 -601 -550 250
87373: -625 -601 -551 259
87374: -625 -601 -552 268
87375: -625 -601 -553 277
87376: -625 -601 -554 286
87377: -625 -601 -555 295
87378: -625 -601 -556 304
87380: -625 -601 -558 322
87382: -625 -602 -632 259
87386: -625 -602 -636 295
87389: -625 -602 -639 322
87407: -634 -595 -72 323
87410: -634 -596 -147 269
87418: -634 -597 -227 260
87421: -634 -597 -230 287
87425: -634 -597 -234 323
87435: -634 -599 -388 251
87437: -634 -599 -390 269
87444: -634 -600 -469 251
87453: -634 -601 -550 251
87455: -634 -601 -552 269
87457: -634 -601 -554 287
87459: -634 -601 -556 305
87460: -634 -601 -557 314
87478: -634 -603 -719 314
87488: -643 -595 -72 324
87490: -643 -596 -146 261
87491: -643 -596 -147 270
87492: -643 -596 -148 279
87494: -643 -596 -150 297
87495: -643 -596 -151 306
87496: -643 -596 -152 315
87497: -643 -596 -153 324
87499: -643 -597 -227 261
87502: -643 -597 -230 288
87503: -643 -597 -231 297
87504: -643 -597 -232 306
87505: -643 -597 -233 315
87506: -643 -597 -234 324
87519: -643 -599 -391 279
87534: -643 -601 -550 252
87539: -643 -601 -555 297
87543: -643 -602 -631 252
87544: -643 -602 -632 261
87545: -643 -602 -633 270
87547: -643 -602 -635 288
87548: -643 -602 -636 297
87566: -652 -676 -78 289
87570: -652 -677 -154 244
87571: -652 -677 -155 253
87572: -652 -677 -156 262
87573: -652 -677 -157 271
87574: -652 -677 -158 280
87575: -652 -677 -159 289
87576: -652 -677 -160 298
87577: -652 -677 -161 307
87578: -652 -677 -162 316
87579: -652 -678 -235 244
87580: -652 -678 -236 253
87581: -652 -678 -237 262
87582: -652 -678 -238 271
87583: -652 -678 -239 280
87584: -652 -678 -240 289
87585: -652 -678 -241 298
87586: -652 -678 -242 307
87587: -652 -678 -243 316
87597: -652 -680 -397 244
87598: -652 -680 -398 253
87599: -652 -680 -399 262
87601: -652 -680 -401 280
87602: -652 -680 -402 289
87603: -652 -680 -403 298
87604: -652 -680 -404 307
87614: -652 -681 -486 316
87615: -652 -682 -559 244
87618: -652 -682 -562 271
87620: -652 -682 -564 289
87624: -652 -683 -640 244
87625: -652 -683 -641 253
87626: -652 -683 -642 262
87627: -652 -683 -643 271
87628: -652 -683 -644 280
87629: -652 -683 -645 289
87630: -652 -683 -646 298
87631: -652 -683 -647 307
87632: -652 -683 -648 316
87647: -661 -676 -78 290
87652: -661 -677 -155 254
87653: -661 -677 -156 263
87655: -661 -677 -158 281
87657: -661 -677 -160 299
87658: -661 -677 -161 308
87660: -661 -678 -235 245
87661: -661 -678 -236 254
87664: -661 -678 -239 281
87668: -661 -678 -243 317
87678: -661 -680 -397 245
87679: -661 -680 -398 254
87687: -661 -681 -478 245
87688: -661 -681 -479 254
87690: -661 -681 -481 272
87691: -661 -681 -482 281
87692: -661 -681 -483 290
87693: -661 -681 -484 299
87694: -661 -681 -485 308
87695: -661 -681 -486 317
87698: -661 -682 -561 263
87700: -661 -682 -563 281
87705: -661 -683 -640 245
87706: -661 -683 -641 254
87707: -661 -683 -642 263
87708: -661 -683 -643 272
87709: -661 -683 -644 281
87710: -661 -683 -645 290
87711: -661 -683 -646 299
87712: -661 -683 -647 308
87713: -661 -683 -648 317
87714: -661 -684 -721 245
87715: -661 -684 -722 254
87716: -661 -684 -723 263
87718: -661 -684 -725 281
87719: -661 -684 -726 290
87720: -661 -684 -727 299
87722: -661 -684 -729 317
87728: -670 -676 -78 291
87732: -670 -677 -154 246
87742: -670 -678 -236 255
87743: -670 -678 -237 264
87759: -670 -680 -397 246
87776: -670 -681 -486 318
87786: -670 -683 -640 246
87788: -670 -683 -642 264
87790: -670 -683 -644 282
87791: -670 -683 -645 291
87792: -670 -683 -646 300
87793: -670 -683 -647 309
87794: -670 -683 -648 318
87796: -670 -684 -722 255
87797: -670 -684 -723 264
87801: -670 -684 -727 300
87831: -679 -679 -316 247
87832: -679 -679 -317 256
87833: -679 -679 -318 265
87835: -679 -679 -320 283
87890: -688 -676 -78 293
87898: -688 -677 -158 284
87904: -688 -678 -236 257
87905: -688 -678 -237 266
87910: -688 -678 -242 311
87911: -688 -678 -243 320
87932: -688 -681 -480 266
87938: -688 -681 -486 320
87948: -688 -683 -640 248
87949: -688 -683 -641 257
87950: -688 -683 -642 266
87952: -688 -683 -644 284
87953: -688 -683 -645 293
87955: -688 -683 -647 311
87971: -697 -676 -78 294
87976: -697 -677 -155 258
87977: -697 -677 -156 267
87979: -697 -677 -158 285
87981: -697 -677 -160 303
87983: -697 -677 -162 321
87985: -697 -678 -236 258
87990: -697 -678 -241 303
87991: -697 -678 -242 312
87992: -697 -678 -243 321
88011: -697 -681 -478 249
88025: -697 -682 -564 294
88029: -697 -683 -640 249
88034: -697 -683 -645 294
88035: -697 -683 -646 303
88039: -697 -684 -722 258
88040: -697 -684 -723 267
88042: -697 -684 -725 285
88044: -697 -684 -727 303
88052: -706 -676 -78 295
88056: -706 -677 -154 250
88060: -706 -677 -158 286
88064: -706 -677 -162 322
88072: -706 -678 -242 313
88092: -706 -681 -478 250
88100: -706 -681 -486 322
88110: -706 -683 -640 250
88111: -706 -683 -641 259
88112: -706 -683 -642 268
88113: -706 -683 -643 277
88114: -706 -683 -644 286
88115: -706 -683 -645 295
88116: -706 -683 -646 304
88117: -706 -683 -647 313
88118: -706 -683 -648 322
88119: -706 -684 -721 250
88120: -706 -684 -722 259
88121: -706 -684 -723 268
88124: -706 -684 -726 295
88133: -715 -676 -78 296
88147: -715 -678 -236 260
88182: -715 -682 -559 251
88187: -715 -682 -564 296
88191: -715 -683 -640 251
88192: -715 -683 -641 260
88193: -715 -683 -642 269
88194: -715 -683 -643 278
88195: -715 -683 -644 287
88196: -715 -683 -645 296
88197: -715 -683 -646 305
88198: -715 -683 -647 314
88206: -715 -684 -727 305
88214: -724 -676 -78 297
88220: -724 -677 -156 270
88222: -724 -677 -158 288
88223: -724 -677 -159 297
88224: -724 -677 -160 306
88225: -724 -677 -161 315
88228: -724 -678 -236 261
88231: -724 -678 -239 288
88247: -724 -680 -399 270
88262: -724 -681 -486 324
88264: -724 -682 -560 261
88265: -724 -682 -561 270
88266: -724 -682 -562 279
88267: -724 -682 -563 288
88268: -724 -682 -564 297
88269: -724 -682 -565 306
88271: -724 -682 -567 324
88272: -724 -683 -640 252
88273: -724 -683 -641 261
88274: -724 -683 -642 270
88276: -724 -683 -644 288
88277: -724 -683 -645 297
88278: -724 -683 -646 306
88279: -724 -683 -647 315
88561: -32 -40 -245 337
88562: -32 -40 -246 346
88563: -32 -40 -247 355
88564: -32 -40 -248 364
88565: -32 -40 -249 373
88566: -32 -40 -250 382
88567: -32 -40 -251 391
88568: -32 -40 -252 400
89030: -86 -119 -93 343
89031: -86 -119 -94 352
89033: -86 -119 -96 370
89034: -86 -119 -97 379
89035: -86 -119 -98 388
89036: -86 -119 -99 397
89101: -95 -118 -11 335
89118: -95 -120 -172 326
89119: -95 -120 -173 335
89120: -95 -120 -174 344
89121: -95 -120 -175 353
89123: -95 -120 -177 371
89124: -95 -120 -178 380
89126: -95 -120 -180 398
89127: -95 -121 -253 326
89129: -95 -121 -255 344
89130: -95 -121 -256 353
89132: -95 -121 -258 371
89133: -95 -121 -259 380
89134: -95 -121 -260 389
89135: -95 -121 -261 398
89145: -95 -123 -415 326
89147: -95 -123 -417 344
89148: -95 -123 -418 353
89150: -95 -123 -420 371
89151: -95 -123 -421 380
89152: -95 -123 -422 389
89154: -95 -124 -496 326
89156: -95 -124 -498 344
89157: -95 -124 -499 353
89158: -95 -124 -500 362
89159: -95 -124 -501 371
89160: -95 -124 -502 380
89161: -95 -124 -503 389
89162: -95 -124 -504 398
89163: -95 -125 -577 326
89165: -95 -125 -579 344
89166: -95 -125 -580 353
89167: -95 -125 -581 362
89168: -95 -125 -582 371
89169: -95 -125 -583 380
89170: -95 -125 -584 389
89171: -95 -125 -585 398
89172: -95 -126 -658 326
89174: -95 -126 -660 344
89175: -95 -126 -661 353
89176: -95 -126 -662 362
89177: -95 -126 -663 371
89178: -95 -126 -664 380
89179: -95 -126 -665 389
89180: -95 -126 -666 398
89182: -104 -118 -11 336
89192: -104 -119 -93 345
89197: -104 -119 -98 390
89199: -104 -120 -172 327
89201: -104 -120 -174 345
89204: -104 -120 -177 372
89205: -104 -120 -178 381
89206: -104 -120 -179 390
89207: -104 -120 -180 399
89226: -104 -123 -415 327
89239: -104 -124 -500 363
89248: -104 -125 -581 363
89263: -113 -118 -11 337
89273: -113 -119 -93 346
89280: -113 -120 -172 328
89282: -113 -120 -174 346
89284: -113 -120 -176 364
89289: -113 -121 -253 328
89307: -113 -123 -415 328
89309: -113 -123 -417 346
89311: -113 -123 -419 364
89312: -113 -123 -420 373
89313: -113 -123 -421 382
89314: -113 -123 -422 391
89316: -113 -124 -496 328
89320: -113 -124 -500 364
89321: -113 -124 -501 373
89325: -113 -125 -577 328
89327: -113 -125 -579 346
89328: -113 -125 -580 355
89329: -113 -125 -581 364
89330: -113 -125 -582 373
89331: -113 -125 -583 382
89332: -113 -125 -584 391
89333: -113 -125 -585 400
89336: -113 -126 -660 346
89338: -113 -126 -662 364
89339: -113 -126 -663 373
89340: -113 -126 -664 382
89342: -113 -126 -666 400
89361: -122 -120 -172 329
89379: -122 -122 -334 329
89381: -122 -122 -336 347
89382: -122 -122 -337 356
89383: -122 -122 -338 365
89386: -122 -122 -341 392
89425: -131 -118 -11 339
89435: -131 -119 -93 348
89439: -131 -119 -97 384
89440: -131 -119 -98 393
89441: -131 -119 -99 402
89442: -131 -120 -172 330
89444: -131 -120 -174 348
89445: -131 -120 -175 357
89446: -131 -120 -176 366
89447: -131 -120 -177 375
89448: -131 -120 -178 384
89449: -131 -120 -179 393
89450: -131 -120 -180 402
89453: -131 -121 -255 348
89454: -131 -121 -256 357
89457: -131 -121 -259 384
89458: -131 -121 -260 393
89459: -131 -121 -261 402
89489: -131 -125 -579 348
89490: -131 -125 -580 357
89491: -131 -125 -581 366
89492: -131 -125 -582 375
89493: -131 -125 -583 384
89494: -131 -125 -584 393
89495: -131 -125 -585 402
89496: -131 -126 -658 330
89503: -131 -126 -665 393
89506: -140 -118 -11 340
89516: -140 -119 -93 349
89519: -140 -119 -96 376
89523: -140 -120 -172 331
89525: -140 -120 -174 349
89526: -140 -120 -175 358
89527: -140 -120 -176 367
89528: -140 -120 -177 376
89530: -140 -120 -179 394
89550: -140 -123 -415 331
89553: -140 -123 -418 358
89554: -140 -123 -419 367
89556: -140 -123 -421 385
89557: -140 -123 -422 394
89558: -140 -123 -423 403
89559: -140 -124 -496 331
89561: -140 -124 -498 349
89562: -140 -124 -499 358
89563: -140 -124 -500 367
89565: -140 -124 -502 385
89566: -140 -124 -503 394
89567: -140 -124 -504 403
89570: -140 -125 -579 349
89571: -140 -125 -580 358
89572: -140 -125 -581 367
89573: -140 -125 -582 376
89575: -140 -125 -584 394
89576: -140 -125 -585 403
89579: -140 -126 -660 349
89581: -140 -126 -662 367
89582: -140 -126 -663 376
89583: -140 -126 -664 385
89584: -140 -126 -665 394
89585: -140 -126 -666 403
89587: -149 -118 -11 341
89597: -149 -119 -93 350
89603: -149 -119 -99 404
89604: -149 -120 -172 332
89606: -149 -120 -174 350
89607: -149 -120 -175 359
89608: -149 -120 -176 368
89609: -149 -120 -177 377
89611: -149 -120 -179 395
89612: -149 -120 -180 404
89633: -149 -123 -417 350
89634: -149 -123 -418 359
89635: -149 -123 -419 368
89636: -149 -123 -420 377
89637: -149 -123 -421 386
89638: -149 -123 -422 395
89639: -149 -123 -423 404
89644: -149 -124 -500 368
89645: -149 -124 -501 377
89662: -149 -126 -662 368
89668: -158 -118 -11 342
89678: -158 -119 -93 351
89681: -158 -119 -96 378
89683: -158 -119 -98 396
89685: -158 -120 -172 333
89687: -158 -120 -174 351
89688: -158 -120 -175 360
89689: -158 -120 -176 369
89691: -158 -120 -178 387
89692: -158 -120 -179 396
89693: -158 -120 -180 405
89696: -158 -121 -255 351
89697: -158 -121 -256 360
89699: -158 -121 -258 378
89700: -158 -121 -259 387
89701: -158 -121 -260 396
89713: -158 -123 -416 342
89714: -158 -123 -417 351
89715: -158 -123 -418 360
89716: -158 -123 -419 369
89717: -158 -123 -420 378
89718: -158 -123 -421 387
89719: -158 -123 -422 396
89720: -158 -123 -423 405
89723: -158 -124 -498 351
89724: -158 -124 -499 360
89725: -158 -124 -500 369
89726: -158 -124 -501 378
89727: -158 -124 -502 387
89728: -158 -124 -503 396
89729: -158 -124 -504 405
89730: -158 -125 -577 333
89736: -158 -125 -583 387
89741: -158 -126 -660 351
89743: -158 -126 -662 369
89744: -158 -126 -663 378
89745: -158 -126 -664 387
89746: -158 -126 -665 396
89747: -158 -126 -666 405
89750: -167 -199 -21 343
89767: -167 -201 -182 334
89769: -167 -201 -184 352
89771: -167 -201 -186 370
89772: -167 -201 -187 379
89773: -167 -201 -188 388
89774: -167 -201 -189 397
89831: -176 -199 -21 344
89838: -176 -200 -100 326
89839: -176 -200 -101 335
89848: -176 -201 -182 335
89857: -176 -202 -263 335
89875: -176 -204 -425 335
89877: -176 -204 -427 353
89878: -176 -204 -428 362
89880: -176 -204 -430 380
89881: -176 -204 -431 389
89882: -176 -204 -432 398
89884: -176 -205 -506 335
89886: -176 -205 -508 353
89887: -176 -205 -509 362
89889: -176 -205 -511 380
89890: -176 -205 -512 389
89891: -176 -205 -513 398
89902: -176 -207 -668 335
89904: -176 -207 -670 353
89905: -176 -207 -671 362
89906: -176 -207 -672 371
89907: -176 -207 -673 380
89909: -176 -207 -675 398
89912: -185 -199 -21 345
89919: -185 -200 -100 327
89920: -185 -200 -101 336
89922: -185 -200 -103 354
89923: -185 -200 -104 363
89924: -185 -200 -105 372
89925: -185 -200 -106 381
89926: -185 -200 -107 390
89927: -185 -200 -108 399
89937: -185 -202 -262 327
89938: -185 -202 -263 336
89940: -185 -202 -265 354
89942: -185 -202 -267 372
89943: -185 -202 -268 381
89944: -185 -202 -269 390
89945: -185 -202 -270 399
89955: -185 -204 -424 327
89956: -185 -204 -425 336
89958: -185 -204 -427 354
89959: -185 -204 -428 363
89960: -185 -204 -429 372
89961: -185 -204 -430 381
89962: -185 -204 -431 390
89963: -185 -204 -432 399
89964: -185 -205 -505 327
89965: -185 -205 -506 336
89967: -185 -205 -508 354
89968: -185 -205 -509 363
89969: -185 -205 -510 372
89970: -185 -205 -511 381
89971: -185 -205 -512 390
89972: -185 -205 -513 399
89973: -185 -206 -586 327
89974: -185 -206 -587 336
89975: -185 -206 -588 345
89976: -185 -206 -589 354
89977: -185 -206 -590 363
89978: -185 -206 -591 372
89979: -185 -206 -592 381
89980: -185 -206 -593 390
89981: -185 -206 -594 399
89982: -185 -207 -667 327
89983: -185 -207 -668 336
89984: -185 -207 -669 345
89985: -185 -207 -670 354
89986: -185 -207 -671 363
89987: -185 -207 -672 372
89988: -185 -207 -673 381
89989: -185 -207 -674 390
89990: -185 -207 -675 399
89993: -194 -199 -21 346
90000: -194 -200 -100 328
90001: -194 -200 -101 337
90003: -194 -200 -103 355
90004: -194 -200 -104 364
90005: -194 -200 -105 373
90008: -194 -200 -108 400
90010: -194 -201 -182 337
90016: -194 -201 -188 391
90018: -194 -202 -262 328
90036: -194 -204 -424 328
90037: -194 -204 -425 337
90039: -194 -204 -427 355
90040: -194 -204 -428 364
90041: -194 -204 -429 373
90042: -194 -204 -430 382
90043: -194 -204 -431 391
90044: -194 -204 -432 400
90045: -194 -205 -505 328
90046: -194 -205 -506 337
90048: -194 -205 -508 355
90049: -194 -205 -509 364
90050: -194 -205 -510 373
90051: -194 -205 -511 382
90052: -194 -205 -512 391
90053: -194 -205 -513 400
90054: -194 -206 -586 328
90055: -194 -206 -587 337
90056: -194 -206 -588 346
90057: -194 -206 -589 355
90058: -194 -206 -590 364
90059: -194 -206 -591 373
90060: -194 -206 -592 382
90061: -194 -206 -593 391
90062: -194 -206 -594 400
90063: -194 -207 -667 328
90064: -194 -207 -668 337
90066: -194 -207 -670 355
90067: -194 -207 -671 364
90068: -194 -207 -672 373
90069: -194 -207 -673 382
90070: -194 -207 -674 391
90071: -194 -207 -675 400
90099: -203 -202 -262 329
90108: -203 -203 -343 329
90109: -203 -203 -344 338
90111: -203 -203 -346 356
90112: -203 -203 -347 365
90113: -203 -203 -348 374
90114: -203 -203 -349 383
90115: -203 -203 -350 392
90116: -203 -203 -351 401
90117: -203 -204 -424 329
90144: -203 -207 -667 329
90155: -212 -199 -21 348
90162: -212 -200 -100 330
90163: -212 -200 -101 339
90165: -212 -200 -103 357
90166: -212 -200 -104 366
90167: -212 -200 -105 375
90168: -212 -200 -106 384
90169: -212 -200 -107 393
90170: -212 -200 -108 402
90172: -212 -201 -182 339
90177: -212 -201 -187 384
90179: -212 -201 -189 402
90180: -212 -202 -262 330
90181: -212 -202 -263 339
90183: -212 -202 -265 357
90185: -212 -202 -267 375
90186: -212 -202 -268 384
90187: -212 -202 -269 393
90188: -212 -202 -270 402
90198: -212 -204 -424 330
90199: -212 -204 -425 339
90202: -212 -204 -428 366
90203: -212 -204 -429 375
90204: -212 -204 -430 384
90205: -212 -204 -431 393
90206: -212 -204 -432 402
90207: -212 -205 -505 330
90208: -212 -205 -506 339
90210: -212 -205 -508 357
90211: -212 -205 -509 366
90212: -212 -205 -510 375
90213: -212 -205 -511 384
90214: -212 -205 -512 393
90215: -212 -205 -513 402
90216: -212 -206 -586 330
90217: -212 -206 -587 339
90219: -212 -206 -589 357
90220: -212 -206 -590 366
90221: -212 -206 -591 375
90222: -212 -206 -592 384
90223: -212 -206 -593 393
90224: -212 -206 -594 402
90225: -212 -207 -667 330
90229: -212 -207 -671 366
90232: -212 -207 -674 393
90236: -221 -199 -21 349
90244: -221 -200 -101 340
90246: -221 -200 -103 358
90247: -221 -200 -104 367
90253: -221 -201 -182 340
90260: -221 -201 -189 403
90261: -221 -202 -262 331
90262: -221 -202 -263 340
90264: -221 -202 -265 358
90266: -221 -202 -267 376
90267: -221 -202 -268 385
90268: -221 -202 -269 394
90269: -221 -202 -270 403
90279: -221 -204 -424 331
90287: -221 -204 -432 403
90288: -221 -205 -505 331
90289: -221 -205 -506 340
90291: -221 -205 -508 358
90292: -221 -205 -509 367
90293: -221 -205 -510 376
90294: -221 -205 -511 385
90295: -221 -205 -512 394
90298: -221 -206 -587 340
90300: -221 -206 -589 358
90301: -221 -206 -590 367
90302: -221 -206 -591 376
90303: -221 -206 -592 385
90304: -221 -206 -593 394
90305: -221 -206 -594 403
90307: -221 -207 -668 340
90309: -221 -207 -670 358
90310: -221 -207 -671 367
90311: -221 -207 -672 376
90312: -221 -207 -673 385
90314: -221 -207 -675 403
90317: -230 -199 -21 350
90325: -230 -200 -101 341
90327: -230 -200 -103 359
90328: -230 -200 -104 368
90329: -230 -200 -105 377
90330: -230 -200 -106 386
90331: -230 -200 -107 395
90332: -230 -200 -108 404
90334: -230 -201 -182 341
90339: -230 -201 -187 386
90342: -230 -202 -262 332
90343: -230 -202 -263 341
90345: -230 -202 -265 359
90347: -230 -202 -267 377
90348: -230 -202 -268 386
90349: -230 -202 -269 395
90350: -230 -202 -270 404
90360: -230 -204 -424 332
90361: -230 -204 -425 341
90364: -230 -204 -428 368
90369: -230 -205 -505 332
90372: -230 -205 -508 359
90374: -230 -205 -510 377
90377: -230 -205 -513 404
90378: -230 -206 -586 332
90384: -230 -206 -592 386
90387: -230 -207 -667 332
90390: -230 -207 -670 359
90391: -230 -207 -671 368
90398: -239 -199 -21 351
90405: -239 -200 -100 333
90406: -239 -200 -101 342
90408: -239 -200 -103 360
90409: -239 -200 -104 369
90410: -239 -200 -105 378
90412: -239 -200 -107 396
90415: -239 -201 -182 342
90423: -239 -202 -262 333
90424: -239 -202 -263 342
90426: -239 -202 -265 360
90428: -239 -202 -267 378
90429: -239 -202 -268 387
90431: -239 -202 -270 405
90441: -239 -204 -424 333
90444: -239 -204 -427 360
90446: -239 -204 -429 378
90447: -239 -204 -430 387
90448: -239 -204 -431 396
90450: -239 -205 -505 333
90453: -239 -205 -508 360
90454: -239 -205 -509 369
90456: -239 -205 -511 387
90458: -239 -205 -513 405
90459: -239 -206 -586 333
90465: -239 -206 -592 387
90468: -239 -207 -667 333
90471: -239 -207 -670 360
90472: -239 -207 -671 369
90473: -239 -207 -672 378
90474: -239 -207 -673 387
90476: -239 -207 -675 405
90562: -257 -280 -32 362
90568: -257 -281 -110 335
90569: -257 -281 -111 344
90571: -257 -281 -113 362
90572: -257 -281 -114 371
90573: -257 -281 -115 380
90574: -257 -281 -116 389
90575: -257 -281 -117 398
90577: -257 -282 -191 335
90578: -257 -282 -192 344
90579: -257 -282 -193 353
90580: -257 -282 -194 362
90581: -257 -282 -195 371
90582: -257 -282 -196 380
90583: -257 -282 -197 389
90584: -257 -282 -198 398
90586: -257 -283 -272 335
90587: -257 -283 -273 344
90588: -257 -283 -274 353
90590: -257 -283 -276 371
90591: -257 -283 -277 380
90592: -257 -283 -278 389
90593: -257 -283 -279 398
90604: -257 -285 -434 335
90605: -257 -285 -435 344
90606: -257 -285 -436 353
90607: -257 -285 -437 362
90608: -257 -285 -438 371
90609: -257 -285 -439 380
90610: -257 -285 -440 389
90611: -257 -285 -441 398
90613: -257 -286 -515 335
90614: -257 -286 -516 344
90615: -257 -286 -517 353
90616: -257 -286 -518 362
90617: -257 -286 -519 371
90618: -257 -286 -520 380
90619: -257 -286 -521 389
90620: -257 -286 -522 398
90622: -257 -287 -596 335
90623: -257 -287 -597 344
90624: -257 -287 -598 353
90625: -257 -287 -599 362
90626: -257 -287 -600 371
90627: -257 -287 -601 380
90628: -257 -287 -602 389
90629: -257 -287 -603 398
90631: -257 -288 -677 335
90632: -257 -288 -678 344
90633: -257 -288 -679 353
90634: -257 -288 -680 362
90635: -257 -288 -681 371
90636: -257 -288 -682 380
90637: -257 -288 -683 389
90638: -257 -288 -684 398
90643: -266 -280 -32 363
90649: -266 -281 -110 336
90650: -266 -281 -111 345
90651: -266 -281 -112 354
90652: -266 -281 -113 363
90653: -266 -281 -114 372
90654: -266 -281 -115 381
90655: -266 -281 -116 390
90656: -266 -281 -117 399
90658: -266 -282 -191 336
90659: -266 -282 -192 345
90661: -266 -282 -194 363
90662: -266 -282 -195 372
90663: -266 -282 -196 381
90664: -266 -282 -197 390
90665: -266 -282 -198 399
90667: -266 -283 -272 336
90668: -266 -283 -273 345
90671: -266 -283 -276 372
90672: -266 -283 -277 381
90673: -266 -283 -278 390
90674: -266 -283 -279 399
90685: -266 -285 -434 336
90686: -266 -285 -435 345
90687: -266 -285 -436 354
90688: -266 -285 -437 363
90689: -266 -285 -438 372
90690: -266 -285 -439 381
90691: -266 -285 -440 390
90692: -266 -285 -441 399
90694: -266 -286 -515 336
90695: -266 -286 -516 345
90696: -266 -286 -517 354
90697: -266 -286 -518 363
90698: -266 -286 -519 372
90699: -266 -286 -520 381
90700: -266 -286 -521 390
90701: -266 -286 -522 399
90703: -266 -287 -596 336
90704: -266 -287 -597 345
90705: -266 -287 -598 354
90706: -266 -287 -599 363
90707: -266 -287 -600 372
90708: -266 -287 -601 381
90709: -266 -287 -602 390
90710: -266 -287 -603 399
90712: -266 -288 -677 336
90713: -266 -288 -678 345
90714: -266 -288 -679 354
90715: -266 -288 -680 363
90716: -266 -288 -681 372
90717: -266 -288 -682 381
90718: -266 -288 -683 390
90719: -266 -288 -684 399
90838: -284 -284 -353 338
90839: -284 -284 -354 347
90842: -284 -284 -357 374
90843: -284 -284 -358 383
90844: -284 -284 -359 392
90845: -284 -284 -360 401
90886: -293 -280 -32 366
90892: -293 -281 -110 339
90893: -293 -281 -111 348
90894: -293 -281 -112 357
90895: -293 -281 -113 366
90896: -293 -281 -114 375
90897: -293 -281 -115 384
90898: -293 -281 -116 393
90899: -293 -281 -117 402
90901: -293 -282 -191 339
90902: -293 -282 -192 348
90903: -293 -282 -193 357
90904: -293 -282 -194 366
90905: -293 -282 -195 375
90906: -293 -282 -196 384
90907: -293 -282 -197 393
90908: -293 -282 -198 402
90910: -293 -283 -272 339
90911: -293 -283 -273 348
90912: -293 -283 -274 357
90915: -293 -283 -277 384
90916: -293 -283 -278 393
90917: -293 -283 -279 402
90928: -293 -285 -434 339
90929: -293 -285 -435 348
90930: -293 -285 -436 357
90931: -293 -285 -437 366
90932: -293 -285 -438 375
90933: -293 -285 -439 384
90934: -293 -285 -440 393
90935: -293 -285 -441 402
90937: -293 -286 -515 339
90938: -293 -286 -516 348
90939: -293 -286 -517 357
90940: -293 -286 -518 366
90941: -293 -286 -519 375
90942: -293 -286 -520 384
90943: -293 -286 -521 393
90944: -293 -286 -522 402
90946: -293 -287 -596 339
90947: -293 -287 -597 348
90948: -293 -287 -598 357
90949: -293 -287 -599 366
90950: -293 -287 -600 375
90951: -293 -287 -601 384
90952: -293 -287 -602 393
90953: -293 -287 -603 402
90955: -293 -288 -677 339
90956: -293 -288 -678 348
90957: -293 -288 -679 357
90958: -293 -288 -680 366
90959: -293 -288 -681 375
90960: -293 -288 -682 384
90961: -293 -288 -683 393
90962: -293 -288 -684 402
90967: -302 -280 -32 367
90973: -302 -281 -110 340
90974: -302 -281 -111 349
90975: -302 -281 -112 358
90976: -302 -281 -113 367
90977: -302 -281 -114 376
90978: -302 -281 -115 385
90979: -302 -281 -116 394
90980: -302 -281 -117 403
90982: -302 -282 -191 340
90983: -302 -282 -192 349
90984: -302 -282 -193 358
90985: -302 -282 -194 367
90986: -302 -282 -195 376
90987: -302 -282 -196 385
90988: -302 -282 -197 394
90989: -302 -282 -198 403
90991: -302 -283 -272 340
90992: -302 -283 -273 349
90993: -302 -283 -274 358
90995: -302 -283 -276 376
90996: -302 -283 -277 385
90997: -302 -283 -278 394
90998: -302 -283 -279 403
91009: -302 -285 -434 340
91010: -302 -285 -435 349
91011: -302 -285 -436 358
91012: -302 -285 -437 367
91013: -302 -285 -438 376
91014: -302 -285 -439 385
91015: -302 -285 -440 394
91016: -302 -285 -441 403
91018: -302 -286 -515 340
91019: -302 -286 -516 349
91020: -302 -286 -517 358
91021: -302 -286 -518 367
91022: -302 -286 -519 376
91023: -302 -286 -520 385
91024: -302 -286 -521 394
91025: -302 -286 -522 403
91027: -302 -287 -596 340
91028: -302 -287 -597 349
91029: -302 -287 -598 358
91030: -302 -287 -599 367
91031: -302 -287 -600 376
91032: -302 -287 -601 385
91033: -302 -287 -602 394
91034: -302 -287 -603 403
91036: -302 -288 -677 340
91037: -302 -288 -678 349
91038: -302 -288 -679 358
91039: -302 -288 -680 367
91040: -302 -288 -681 376
91041: -302 -288 -682 385
91042: -302 -288 -683 394
91043: -302 -288 -684 403
91048: -311 -280 -32 368
91054: -311 -281 -110 341
91055: -311 -281 -111 350
91056: -311 -281 -112 359
91057: -311 -281 -113 368
91058: -311 -281 -114 377
91059: -311 -281 -115 386
91060: -311 -281 -116 395
91061: -311 -281 -117 404
91063: -311 -282 -191 341
91064: -311 -282 -192 350
91065: -311 -282 -193 359
91066: -311 -282 -194 368
91067: -311 -282 -195 377
91068: -311 -282 -196 386
91069: -311 -282 -197 395
91070: -311 -282 -198 404
91072: -311 -283 -272 341
91073: -311 -283 -273 350
91074: -311 -283 -274 359
91076: -311 -283 -276 377
91077: -311 -283 -277 386
91078: -311 -283 -278 395
91079: -311 -283 -279 404
91090: -311 -285 -434 341
91091: -311 -285 -435 350
91092: -311 -285 -436 359
91093: -311 -285 -437 368
91094: -311 -285 -438 377
91095: -311 -285 -439 386
91096: -311 -285 -440 395
91097: -311 -285 -441 404
91099: -311 -286 -515 341
91100: -311 -286 -516 350
91101: -311 -286 -517 359
91102: -311 -286 -518 368
91103: -311 -286 -519 377
91104: -311 -286 -520 386
91105: -311 -286 -521 395
91106: -311 -286 -522 404
91108: -311 -287 -596 341
91109: -311 -287 -597 350
91111: -311 -287 -599 368
91112: -311 -287 -600 377
91113: -311 -287 -601 386
91114: -311 -287 -602 395
91115: -311 -287 -603 404
91117: -311 -288 -677 341
91118: -311 -288 -678 350
91119: -311 -288 -679 359
91120: -311 -288 -680 368
91121: -311 -288 -681 377
91122: -311 -288 -682 386
91123: -311 -288 -683 395
91124: -311 -288 -684 404
91129: -320 -280 -32 369
91135: -320 -281 -110 342
91136: -320 -281 -111 351
91137: -320 -281 -112 360
91138: -320 -281 -113 369
91139: -320 -281 -114 378
91140: -320 -281 -115 387
91141: -320 -281 -116 396
91142: -320 -281 -117 405
91144: -320 -282 -191 342
91145: -320 -282 -192 351
91147: -320 -282 -194 369
91148: -320 -282 -195 378
91149: -320 -282 -196 387
91150: -320 -282 -197 396
91153: -320 -283 -272 342
91154: -320 -283 -273 351
91157: -320 -283 -276 378
91158: -320 -283 -277 387
91159: -320 -283 -278 396
91171: -320 -285 -434 342
91172: -320 -285 -435 351
91173: -320 -285 -436 360
91174: -320 -285 -437 369
91175: -320 -285 -438 378
91176: -320 -285 -439 387
91177: -320 -285 -440 396
91178: -320 -285 -441 405
91180: -320 -286 -515 342
91181: -320 -286 -516 351
91182: -320 -286 -517 360
91183: -320 -286 -518 369
91184: -320 -286 -519 378
91185: -320 -286 -520 387
91186: -320 -286 -521 396
91187: -320 -286 -522 405
91189: -320 -287 -596 342
91190: -320 -287 -597 351
91191: -320 -287 -598 360
91192: -320 -287 -599 369
91193: -320 -287 -600 378
91194: -320 -287 -601 387
91195: -320 -287 -602 396
91196: -320 -287 -603 405
91198: -320 -288 -677 342
91199: -320 -288 -678 351
91200: -320 -288 -679 360
91201: -320 -288 -680 369
91202: -320 -288 -681 378
91203: -320 -288 -682 387
91204: -320 -288 -683 396
91205: -320 -288 -684 405
91246: -329 -365 -365 361
91290: -338 -361 -40 353
91305: -338 -363 -199 326
91306: -338 -363 -200 335
91310: -338 -363 -204 371
91312: -338 -363 -206 389
91327: -338 -365 -365 362
91332: -338 -366 -442 326
91333: -338 -366 -443 335
91334: -338 -366 -444 344
91335: -338 -366 -445 353
91338: -338 -366 -448 380
91339: -338 -366 -449 389
91340: -338 -366 -450 398
91341: -338 -367 -523 326
91342: -338 -367 -524 335
91343: -338 -367 -525 344
91344: -338 -367 -526 353
91346: -338 -367 -528 371
91348: -338 -367 -530 389
91349: -338 -367 -531 398
91350: -338 -368 -604 326
91351: -338 -368 -605 335
91352: -338 -368 -606 344
91353: -338 -368 -607 353
91355: -338 -368 -609 371
91356: -338 -368 -610 380
91358: -338 -368 -612 398
91359: -338 -369 -685 326
91360: -338 -369 -686 335
91361: -338 -369 -687 344
91362: -338 -369 -688 353
91364: -338 -369 -690 371
91365: -338 -369 -691 380
91366: -338 -369 -692 389
91371: -347 -361 -40 354
91377: -347 -362 -118 327
91380: -347 -362 -121 354
91382: -347 -362 -123 372
91385: -347 -362 -126 399
91408: -347 -365 -365 363
91413: -347 -366 -442 327
91414: -347 -366 -443 336
91415: -347 -366 -444 345
91416: -347 -366 -445 354
91419: -347 -366 -448 381
91420: -347 -366 -449 390
91421: -347 -366 -450 399
91422: -347 -367 -523 327
91423: -347 -367 -524 336
91424: -347 -367 -525 345
91425: -347 -367 -526 354
91427: -347 -367 -528 372
91429: -347 -367 -530 390
91430: -347 -367 -531 399
91431: -347 -368 -604 327
91432: -347 -368 -605 336
91434: -347 -368 -607 354
91440: -347 -369 -685 327
91441: -347 -369 -686 336
91442: -347 -369 -687 345
91443: -347 -369 -688 354
91445: -347 -369 -690 372
91446: -347 -369 -691 381
91447: -347 -369 -692 390
91489: -356 -365 -365 364
91596: -365 -368 -607 356
91614: -374 -361 -40 357
91620: -374 -362 -118 330
91627: -374 -362 -125 393
91635: -374 -363 -205 384
91636: -374 -363 -206 393
91637: -374 -363 -207 402
91651: -374 -365 -365 366
91665: -374 -367 -523 330
91667: -374 -367 -525 348
91674: -374 -368 -604 330
91676: -374 -368 -606 348
91686: -374 -369 -688 357
91690: -374 -369 -692 393
91695: -383 -361 -40 358
91708: -383 -362 -125 394
91709: -383 -362 -126 403
91715: -383 -363 -204 376
91717: -383 -363 -206 394
91745: -383 -366 -450 403
91755: -383 -368 -604 331
91757: -383 -368 -606 349
91758: -383 -368 -607 358
91760: -383 -368 -609 376
91763: -383 -368 -612 403
91764: -383 -369 -685 331
91771: -383 -369 -692 394
91776: -392 -361 -40 359
91796: -392 -363 -204 377
91797: -392 -363 -205 386
91799: -392 -363 -207 404
91813: -392 -365 -365 368
91818: -392 -366 -442 332
91832: -392 -367 -528 377
91845: -392 -369 -685 332
91852: -392 -369 -692 395
91857: -401 -361 -40 360
91877: -401 -363 -204 378
91879: -401 -363 -206 396
91880: -401 -363 -207 405
91894: -401 -365 -365 369
91907: -401 -366 -450 405
91919: -401 -368 -606 351
91920: -401 -368 -607 360
91922: -401 -368 -609 378
91923: -401 -368 -610 387
91925: -401 -368 -612 405
91941: -410 -442 -52 379
91944: -410 -443 -127 325
91945: -410 -443 -128 334
91946: -410 -443 -129 343
91947: -410 -443 -130 352
91948: -410 -443 -131 361
91949: -410 -443 -132 370
91950: -410 -443 -133 379
91951: -410 -443 -134 388
91952: -410 -443 -135 397
91953: -410 -444 -208 325
91954: -410 -444 -209 334
91955: -410 -444 -210 343
91956: -410 -444 -211 352
91957: -410 -444 -212 361
91958: -410 -444 -213 370
91959: -410 -444 -214 379
91960: -410 -444 -215 388
91961: -410 -444 -216 397
91962: -410 -445 -289 325
91963: -410 -445 -290 334
91964: -410 -445 -291 343
91965: -410 -445 -292 352
91968: -410 -445 -295 379
91969: -410 -445 -296 388
91970: -410 -445 -297 397
91972: -410 -446 -371 334
91981: -410 -447 -452 334
91982: -410 -447 -453 343
91987: -410 -447 -458 388
91989: -410 -448 -532 325
91990: -410 -448 -533 334
91991: -410 -448 -534 343
91992: -410 -448 -535 352
91993: -410 -448 -536 361
91994: -410 -448 -537 370
91995: -410 -448 -538 379
91997: -410 -448 -540 397
91998: -410 -449 -613 325
91999: -410 -449 -614 334
92000: -410 -449 -615 343
92001: -410 -449 -616 352
92002: -410 -449 -617 361
92003: -410 -449 -618 370
92004: -410 -449 -619 379
92005: -410 -449 -620 388
92007: -410 -450 -694 325
92008: -410 -450 -695 334
92009: -410 -450 -696 343
92010: -410 -450 -697 352
92011: -410 -450 -698 361
92012: -410 -450 -699 370
92013: -410 -450 -700 379
92015: -410 -450 -702 397
92022: -419 -442 -52 380
92025: -419 -443 -127 326
92026: -419 -443 -128 335
92037: -419 -444 -211 353
92040: -419 -444 -214 380
92041: -419 -444 -215 389
92042: -419 -444 -216 398
92044: -419 -445 -290 335
92062: -419 -447 -452 335
92063: -419 -447 -453 344
92067: -419 -447 -457 380
92088: -419 -450 -694 326
92103: -428 -442 -52 381
92106: -428 -443 -127 327
92107: -428 -443 -128 336
92108: -428 -443 -129 345
92115: -428 -444 -208 327
92116: -428 -444 -209 336
92117: -428 -444 -210 345
92120: -428 -444 -213 372
92122: -428 -444 -215 390
92123: -428 -444 -216 399
92124: -428 -445 -289 327
92130: -428 -445 -295 381
92143: -428 -447 -452 336
92144: -428 -447 -453 345
92149: -428 -447 -458 390
92171: -428 -450 -696 345
92184: -437 -442 -52 382
92187: -437 -443 -127 328
92188: -437 -443 -128 337
92189: -437 -443 -129 346
92190: -437 -443 -130 355
92192: -437 -443 -132 373
92194: -437 -443 -134 391
92195: -437 -443 -135 400
92196: -437 -444 -208 328
92197: -437 -444 -209 337
92203: -437 -444 -215 391
92205: -437 -445 -289 328
92207: -437 -445 -291 346
92224: -437 -447 -452 337
92225: -437 -447 -453 346
92237: -437 -448 -537 373
92250: -437 -450 -694 328
92256: -437 -450 -700 382
92295: -446 -446 -370 329
92296: -446 -446 -371 338
92297: -446 -446 -372 347
92298: -446 -446 -373 356
92300: -446 -446 -375 374
92346: -455 -442 -52 384
92351: -455 -443 -129 348
92352: -455 -443 -130 357
92355: -455 -443 -133 384
92356: -455 -443 -134 393
92357: -455 -443 -135 402
92359: -455 -444 -209 339
92360: -455 -444 -210 348
92361: -455 -444 -211 357
92362: -455 -444 -212 366
92364: -455 -444 -214 384
92365: -455 -444 -215 393
92366: -455 -444 -216 402
92367: -455 -445 -289 330
92369: -455 -445 -291 348
92373: -455 -445 -295 384
92403: -455 -449 -613 330
92412: -455 -450 -694 330
92418: -455 -450 -700 384
92427: -464 -442 -52 385
92430: -464 -443 -127 331
92431: -464 -443 -128 340
92440: -464 -444 -209 340
92442: -464 -444 -211 358
92444: -464 -444 -213 376
92446: -464 -444 -215 394
92454: -464 -445 -295 385
92467: -464 -447 -452 340
92473: -464 -447 -458 394
92484: -464 -449 -613 331
92508: -473 -442 -52 386
92511: -473 -443 -127 332
92512: -473 -443 -128 341
92520: -473 -444 -208 332
92548: -473 -447 -452 341
92549: -473 -447 -453 350
92556: -473 -448 -532 332
92561: -473 -448 -537 377
92574: -473 -450 -694 332
92575: -473 -450 -695 341
92576: -473 -450 -696 350
92577: -473 -450 -697 359
92578: -473 -450 -698 368
92579: -473 -450 -699 377
92580: -473 -450 -700 386
92581: -473 -450 -701 395
92582: -473 -450 -702 404
92589: -482 -442 -52 387
92592: -482 -443 -127 333
92593: -482 -443 -128 342
92594: -482 -443 -129 351
92595: -482 -443 -130 360
92602: -482 -444 -209 342
92606: -482 -444 -213 378
92610: -482 -445 -289 333
92612: -482 -445 -291 351
92616: -482 -445 -295 387
92617: -482 -445 -296 396
92635: -482 -447 -458 396
92646: -482 -449 -613 333
92652: -482 -449 -619 387
92655: -482 -450 -694 333
92656: -482 -450 -695 342
92657: -482 -450 -696 351
92659: -482 -450 -698 369
92662: -482 -450 -701 396
92663: -482 -450 -702 405
92671: -491 -523 -62 388
92673: -491 -524 -136 325
92674: -491 -524 -137 334
92675: -491 -524 -138 343
92676: -491 -524 -139 352
92677: -491 -524 -140 361
92678: -491 -524 -141 370
92679: -491 -524 -142 379
92680: -491 -524 -143 388
92681: -491 -524 -144 397
92682: -491 -525 -217 325
92683: -491 -525 -218 334
92684: -491 -525 -219 343
92685: -491 -525 -220 352
92686: -491 -525 -221 361
92687: -491 -525 -222 370
92688: -491 -525 -223 379
92689: -491 -525 -224 388
92690: -491 -525 -225 397
92691: -491 -526 -298 325
92692: -491 -526 -299 334
92693: -491 -526 -300 343
92694: -491 -526 -301 352
92696: -491 -526 -303 370
92698: -491 -526 -305 388
92699: -491 -526 -306 397
92709: -491 -528 -460 325
92710: -491 -528 -461 334
92711: -491 -528 -462 343
92712: -491 -528 -463 352
92713: -491 -528 -464 361
92714: -491 -528 -465 370
92715: -491 -528 -466 379
92716: -491 -528 -467 388
92719: -491 -529 -542 334
92720: -491 -529 -543 343
92725: -491 -529 -548 388
92726: -491 -529 -549 397
92730: -491 -530 -625 352
92733: -491 -530 -628 379
92736: -491 -531 -703 325
92740: -491 -531 -707 361
92743: -491 -531 -710 388
92752: -500 -523 -62 389
92755: -500 -524 -137 335
92763: -500 -525 -217 326
92764: -500 -525 -218 335
92768: -500 -525 -222 371
92770: -500 -525 -224 389
92771: -500 -525 -225 398
92773: -500 -526 -299 335
92790: -500 -528 -460 326
92791: -500 -528 -461 335
92792: -500 -528 -462 344
92793: -500 -528 -463 353
92794: -500 -528 -464 362
92795: -500 -528 -465 371
92797: -500 -528 -467 389
92800: -500 -529 -542 335
92801: -500 -529 -543 344
92806: -500 -529 -548 389
92807: -500 -529 -549 398
92808: -500 -530 -622 326
92814: -500 -530 -628 380
92817: -500 -531 -703 326
92818: -500 -531 -704 335
92820: -500 -531 -706 353
92823: -500 -531 -709 380
92833: -509 -523 -62 390
92835: -509 -524 -136 327
92837: -509 -524 -138 345
92838: -509 -524 -139 354
92840: -509 -524 -141 372
92841: -509 -524 -142 381
92842: -509 -524 -143 390
92844: -509 -525 -217 327
92845: -509 -525 -218 336
92846: -509 -525 -219 345
92847: -509 -525 -220 354
92848: -509 -525 -221 363
92849: -509 -525 -222 372
92850: -509 -525 -223 381
92851: -509 -525 -224 390
92852: -509 -525 -225 399
92855: -509 -526 -300 345
92871: -509 -528 -460 327
92873: -509 -528 -462 345
92874: -509 -528 -463 354
92875: -509 -528 -464 363
92876: -509 -528 -465 372
92877: -509 -528 -466 381
92881: -509 -529 -542 336
92882: -509 -529 -543 345
92888: -509 -529 -549 399
92889: -509 -530 -622 327
92891: -509 -530 -624 345
92894: -509 -530 -627 372
92895: -509 -530 -628 381
92914: -518 -523 -62 391
92917: -518 -524 -137 337
92919: -518 -524 -139 355
92925: -518 -525 -217 328
92928: -518 -525 -220 355
92934: -518 -526 -298 328
92936: -518 -526 -300 346
92952: -518 -528 -460 328
92976: -518 -530 -628 382
93024: -527 -527 -379 329
93025: -527 -527 -380 338
93026: -527 -527 -381 347
93027: -527 -527 -382 356
93028: -527 -527 -383 365
93029: -527 -527 -384 374
93030: -527 -527 -385 383
93031: -527 -527 -386 392
93032: -527 -527 -387 401
93076: -536 -523 -62 393
93079: -536 -524 -137 339
93081: -536 -524 -139 357
93083: -536 -524 -141 375
93084: -536 -524 -142 384
93085: -536 -524 -143 393
93086: -536 -524 -144 402
93087: -536 -525 -217 330
93088: -536 -525 -218 339
93089: -536 -525 -219 348
93090: -536 -525 -220 357
93092: -536 -525 -222 375
93094: -536 -525 -224 393
93095: -536 -525 -225 402
93114: -536 -528 -460 330
93115: -536 -528 -461 339
93116: -536 -528 -462 348
93117: -536 -528 -463 357
93118: -536 -528 -464 366
93119: -536 -528 -465 375
93121: -536 -528 -467 393
93122: -536 -528 -468 402
93132: -536 -530 -622 330
93138: -536 -530 -628 384
93141: -536 -531 -703 330
93148: -536 -531 -710 393
93157: -545 -523 -62 394
93160: -545 -524 -137 340
93161: -545 -524 -138 349
93162: -545 -524 -139 358
93163: -545 -524 -140 367
93164: -545 -524 -141 376
93166: -545 -524 -143 394
93167: -545 -524 -144 403
93168: -545 -525 -217 331
93169: -545 -525 -218 340
93170: -545 -525 -219 349
93171: -545 -525 -220 358
93172: -545 -525 -221 367
93173: -545 -525 -222 376
93175: -545 -525 -224 394
93176: -545 -525 -225 403
93177: -545 -526 -298 331
93178: -545 -526 -299 340
93195: -545 -528 -460 331
93196: -545 -528 -461 340
93197: -545 -528 -462 349
93198: -545 -528 -463 358
93199: -545 -528 -464 367
93200: -545 -528 -465 376
93201: -545 -528 -466 385
93202: -545 -528 -467 394
93219: -545 -530 -628 385
93222: -545 -531 -703 331
93229: -545 -531 -710 394
93238: -554 -523 -62 395
93240: -554 -524 -136 332
93241: -554 -524 -137 341
93249: -554 -525 -217 332
93252: -554 -525 -220 359
93256: -554 -525 -224 395
93257: -554 -525 -225 404
93259: -554 -526 -299 341
93260: -554 -526 -300 350
93276: -554 -528 -460 332
93293: -554 -529 -549 404
93294: -554 -530 -622 332
93319: -563 -523 -62 396
93323: -563 -524 -138 351
93325: -563 -524 -140 369
93327: -563 -524 -142 387
93329: -563 -524 -144 405
93330: -563 -525 -217 333
93331: -563 -525 -218 342
93333: -563 -525 -220 360
93337: -563 -525 -224 396
93340: -563 -526 -299 342
93357: -563 -528 -460 333
93358: -563 -528 -461 342
93359: -563 -528 -462 351
93360: -563 -528 -463 360
93361: -563 -528 -464 369
93362: -563 -528 -465 378
93363: -563 -528 -466 387
93364: -563 -528 -467 396
93365: -563 -528 -468 405
93375: -563 -530 -622 333
93381: -563 -530 -628 387
93401: -572 -604 -72 397
93402: -572 -605 -145 325
93403: -572 -605 -146 334
93404: -572 -605 -147 343
93405: -572 -605 -148 352
93406: -572 -605 -149 361
93407: -572 -605 -150 370
93408: -572 -605 -151 379
93409: -572 -605 -152 388
93410: -572 -605 -153 397
93411: -572 -606 -226 325
93412: -572 -606 -227 334
93413: -572 -606 -228 343
93414: -572 -606 -229 352
93415: -572 -606 -230 361
93416: -572 -606 -231 370
93417: -572 -606 -232 379
93418: -572 -606 -233 388
93419: -572 -606 -234 397
93420: -572 -607 -307 325
93421: -572 -607 -308 334
93422: -572 -607 -309 343
93423: -572 -607 -310 352
93425: -572 -607 -312 370
93426: -572 -607 -313 379
93427: -572 -607 -314 388
93428: -572 -607 -315 397
93438: -572 -609 -469 325
93442: -572 -609 -473 361
93446: -572 -609 -477 397
93447: -572 -610 -550 325
93448: -572 -610 -551 334
93449: -572 -610 -552 343
93450: -572 -610 -553 352
93451: -572 -610 -554 361
93452: -572 -610 -555 370
93453: -572 -610 -556 379
93454: -572 -610 -557 388
93455: -572 -610 -558 397
93458: -572 -611 -633 343
93459: -572 -611 -634 352
93465: -572 -612 -712 325
93467: -572 -612 -714 343
93468: -572 -612 -715 352
93469: -572 -612 -716 361
93470: -572 -612 -717 370
93471: -572 -612 -718 379
93472: -572 -612 -719 388
93482: -581 -604 -72 398
93483: -581 -605 -145 326
93484: -581 -605 -146 335
93489: -581 -605 -151 380
93492: -581 -606 -226 326
93493: -581 -606 -227 335
93494: -581 -606 -228 344
93495: -581 -606 -229 353
93496: -581 -606 -230 362
93497: -581 -606 -231 371
93498: -581 -606 -232 380
93499: -581 -606 -233 389
93500: -581 -606 -234 398
93501: -581 -607 -307 326
93502: -581 -607 -308 335
93519: -581 -609 -469 326
93520: -581 -609 -470 335
93521: -581 -609 -471 344
93522: -581 -609 -472 353
93523: -581 -609 -473 362
93524: -581 -609 -474 371
93525: -581 -609 -475 380
93526: -581 -609 -476 389
93528: -581 -610 -550 326
93529: -581 -610 -551 335
93532: -581 -610 -554 362
93536: -581 -610 -558 398
93539: -581 -611 -633 344
93546: -581 -612 -712 326
93547: -581 -612 -713 335
93548: -581 -612 -714 344
93549: -581 -612 -715 353
93550: -581 -612 -716 362
93551: -581 -612 -717 371
93552: -581 -612 -718 380
93553: -581 -612 -719 389
93554: -581 -612 -720 398
93563: -590 -604 -72 399
93564: -590 -605 -145 327
93567: -590 -605 -148 354
93573: -590 -606 -226 327
93574: -590 -606 -227 336
93575: -590 -606 -228 345
93578: -590 -606 -231 372
93579: -590 -606 -232 381
93580: -590 -606 -233 390
93583: -590 -607 -308 336
93584: -590 -607 -309 345
93600: -590 -609 -469 327
93601: -590 -609 -470 336
93602: -590 -609 -471 345
93604: -590 -609 -473 363
93605: -590 -609 -474 372
93606: -590 -609 -475 381
93607: -590 -609 -476 390
93609: -590 -610 -550 327
93610: -590 -610 -551 336
93613: -590 -610 -554 363
93615: -590 -610 -556 381
93617: -590 -610 -558 399
93627: -590 -612 -712 327
93634: -590 -612 -719 390
93644: -599 -604 -72 400
93646: -599 -605 -146 337
93648: -599 -605 -148 355
93655: -599 -606 -227 337
93656: -599 -606 -228 346
93657: -599 -606 -229 355
93664: -599 -607 -308 337
93683: -599 -609 -471 346
93685: -599 -609 -473 364
93690: -599 -610 -550 328
93753: -608 -608 -388 329
93754: -608 -608 -389 338
93755: -608 -608 -390 347
93756: -608 -608 -391 356
93757: -608 -608 -392 365
93758: -608 -608 -393 374
93806: -617 -604 -72 402
93810: -617 -605 -148 357
93813: -617 -605 -151 384
93816: -617 -606 -226 330
93817: -617 -606 -227 339
93818: -617 -606 -228 348
93819: -617 -606 -229 357
93820: -617 -606 -230 366
93823: -617 -606 -233 393
93824: -617 -606 -234 402
93826: -617 -607 -308 339
93843: -617 -609 -469 330
93851: -617 -609 -477 402
93852: -617 -610 -550 330
93853: -617 -610 -551 339
93854: -617 -610 -552 348
93855: -617 -610 -553 357
93856: -617 -610 -554 366
93857: -617 -610 -555 375
93858: -617 -610 -556 384
93859: -617 -610 -557 393
93860: -617 -610 -558 402
93862: -617 -611 -632 339
93863: -617 -611 -633 348
93864: -617 -611 -634 357
93870: -617 -612 -712 330
93877: -617 -612 -719 393
93887: -626 -604 -72 403
93888: -626 -605 -145 331
93897: -626 -606 -226 331
93898: -626 -606 -227 340
93900: -626 -606 -229 358
93907: -626 -607 -308 340
93932: -626 -609 -477 403
93933: -626 -610 -550 331
93934: -626 -610 -551 340
93935: -626 -610 -552 349
93936: -626 -610 -553 358
93937: -626 -610 -554 367
93938: -626 -610 -555 376
93939: -626 -610 -556 385
93941: -626 -610 -558 403
93951: -626 -612 -712 331
93968: -635 -604 -72 404
93971: -635 -605 -147 350
93972: -635 -605 -148 359
93974: -635 -605 -150 377
93975: -635 -605 -151 386
93976: -635 -605 -152 395
93977: -635 -605 -153 404
93979: -635 -606 -227 341
93981: -635 -606 -229 359
93982: -635 -606 -230 368
93983: -635 -606 -231 377
93984: -635 -606 -232 386
93986: -635 -606 -234 404
93987: -635 -607 -307 332
93989: -635 -607 -309 350
93991: -635 -607 -311 368
94006: -635 -609 -470 341
94007: -635 -609 -471 350
94008: -635 -609 -472 359
94010: -635 -609 -474 377
94013: -635 -609 -477 404
94014: -635 -610 -550 332
94039: -635 -612 -719 395
94049: -644 -604 -72 405
94050: -644 -605 -145 333
94055: -644 -605 -150 378
94059: -644 -606 -226 333
94060: -644 -606 -227 342
94061: -644 -606 -228 351
94062: -644 -606 -229 360
94063: -644 -606 -230 369
94064: -644 -606 -231 378
94065: -644 -606 -232 387
94066: -644 -606 -233 396
94069: -644 -607 -308 342
94070: -644 -607 -309 351
94086: -644 -609 -469 333
94087: -644 -609 -470 342
94088: -644 -609 -471 351
94090: -644 -609 -473 369
94091: -644 -609 -474 378
94092: -644 -609 -475 387
94093: -644 -609 -476 396
94095: -644 -610 -550 333
94105: -644 -611 -632 342
94106: -644 -611 -633 351
94109: -644 -611 -636 378
94127: -653 -685 -78 370
94131: -653 -686 -154 325
94132: -653 -686 -155 334
94133: -653 -686 -156 343
94134: -653 -686 -157 352
94136: -653 -686 -159 370
94137: -653 -686 -160 379
94138: -653 -686 -161 388
94139: -653 -686 -162 397
94140: -653 -687 -235 325
94141: -653 -687 -236 334
94142: -653 -687 -237 343
94143: -653 -687 -238 352
94144: -653 -687 -239 361
94145: -653 -687 -240 370
94146: -653 -687 -241 379
94147: -653 -687 -242 388
94148: -653 -687 -243 397
94149: -653 -688 -316 325
94150: -653 -688 -317 334
94152: -653 -688 -319 352
94154: -653 -688 -321 370
94155: -653 -688 -322 379
94156: -653 -688 -323 388
94168: -653 -690 -479 334
94169: -653 -690 -480 343
94170: -653 -690 -481 352
94171: -653 -690 -482 361
94172: -653 -690 -483 370
94173: -653 -690 -484 379
94175: -653 -690 -486 397
94176: -653 -691 -559 325
94177: -653 -691 -560 334
94178: -653 -691 -561 343
94180: -653 -691 -563 361
94182: -653 -691 -565 379
94184: -653 -691 -567 397
94185: -653 -692 -640 325
94186: -653 -692 -641 334
94187: -653 -692 -642 343
94188: -653 -692 -643 352
94189: -653 -692 -644 361
94190: -653 -692 -645 370
94192: -653 -692 -647 388
94193: -653 -692 -648 397
94194: -653 -693 -721 325
94195: -653 -693 -722 334
94196: -653 -693 -723 343
94197: -653 -693 -724 352
94200: -653 -693 -727 379
94202: -653 -693 -729 397
94208: -662 -685 -78 371
94212: -662 -686 -154 326
94213: -662 -686 -155 335
94221: -662 -687 -235 326
94222: -662 -687 -236 335
94224: -662 -687 -238 353
94227: -662 -687 -241 380
94228: -662 -687 -242 389
94229: -662 -687 -243 398
94231: -662 -688 -317 335
94248: -662 -690 -478 326
94249: -662 -690 -479 335
94250: -662 -690 -480 344
94255: -662 -690 -485 389
94256: -662 -690 -486 398
94257: -662 -691 -559 326
94258: -662 -691 -560 335
94260: -662 -691 -562 353
94261: -662 -691 -563 362
94263: -662 -691 -565 380
94264: -662 -691 -566 389
94265: -662 -691 -567 398
94266: -662 -692 -640 326
94270: -662 -692 -644 362
94272: -662 -692 -646 380
94277: -662 -693 -723 344
94281: -662 -693 -727 380
94289: -671 -685 -78 372
94293: -671 -686 -154 327
94294: -671 -686 -155 336
94302: -671 -687 -235 327
94303: -671 -687 -236 336
94305: -671 -687 -238 354
94307: -671 -687 -240 372
94308: -671 -687 -241 381
94309: -671 -687 -242 390
94311: -671 -688 -316 327
94313: -671 -688 -318 345
94329: -671 -690 -478 327
94347: -671 -692 -640 327
94349: -671 -692 -642 345
94353: -671 -692 -646 381
94357: -671 -693 -722 336
94358: -671 -693 -723 345
94361: -671 -693 -726 372
94362: -671 -693 -727 381
94370: -680 -685 -78 373
94374: -680 -686 -154 328
94377: -680 -686 -157 355
94383: -680 -687 -235 328
94384: -680 -687 -236 337
94428: -680 -692 -640 328
94434: -680 -692 -646 382
94482: -689 -689 -397 329
94483: -689 -689 -398 338
94484: -689 -689 -399 347
94485: -689 -689 -400 356
94532: -698 -685 -78 375
94536: -698 -686 -154 330
94539: -698 -686 -157 357
94545: -698 -687 -235 330
94572: -698 -690 -478 330
94590: -698 -692 -640 330
94600: -698 -693 -722 339
94601: -698 -693 -723 348
94602: -698 -693 -724 357
94605: -698 -693 -727 384
94613: -707 -685 -78 376
94617: -707 -686 -154 331
94618: -707 -686 -155 340
94626: -707 -687 -235 331
94627: -707 -687 -236 340
94630: -707 -687 -239 367
94661: -707 -690 -486 403
94667: -707 -691 -564 376
94671: -707 -692 -640 331
94672: -707 -692 -641 340
94673: -707 -692 -642 349
94674: -707 -692 -643 358
94675: -707 -692 -644 367
94676: -707 -692 -645 376
94677: -707 -692 -646 385
94678: -707 -692 -647 394
94679: -707 -692 -648 403
94681: -707 -693 -722 340
94682: -707 -693 -723 349
94694: -716 -685 -78 377
94698: -716 -686 -154 332
94699: -716 -686 -155 341
94701: -716 -686 -157 359
94704: -716 -686 -160 386
94705: -716 -686 -161 395
94707: -716 -687 -235 332
94721: -716 -688 -321 377
94734: -716 -690 -478 332
94742: -716 -690 -486 404
94748: -716 -691 -564 377
94753: -716 -692 -641 341
94754: -716 -692 -642 350
94756: -716 -692 -644 368
94757: -716 -692 -645 377
94758: -716 -692 -646 386
94759: -716 -692 -647 395
94775: -725 -685 -78 378
94781: -725 -686 -156 351
94782: -725 -686 -157 360
94789: -725 -687 -236 342
94791: -725 -687 -238 360
94792: -725 -687 -239 369
94793: -725 -687 -240 378
94794: -725 -687 -241 387
94795: -725 -687 -242 396
94796: -725 -687 -243 405
94797: -725 -688 -316 333
94799: -725 -688 -318 351
94823: -725 -690 -486 405
94833: -725 -692 -640 333
94846: -725 -693 -725 369
95554: -78 -52 -488 423
95555: -78 -52 -489 432
95556: -78 -52 -490 441
95557: -78 -52 -491 450
95559: -78 -52 -493 468
95560: -78 -52 -494 477
95561: -78 -52 -495 486
95581: -87 -127 -11 415
95591: -87 -128 -93 424
95592: -87 -128 -94 433
95593: -87 -128 -95 442
95595: -87 -128 -97 460
95596: -87 -128 -98 469
95597: -87 -128 -99 478
95612: -87 -130 -258 451
95643: -87 -134 -577 406
95679: -96 -129 -172 407
95681: -96 -129 -174 425
95683: -96 -129 -176 443
95684: -96 -129 -177 452
95685: -96 -129 -178 461
95686: -96 -129 -179 470
95687: -96 -129 -180 479
95688: -96 -130 -253 407
95690: -96 -130 -255 425
95691: -96 -130 -256 434
95692: -96 -130 -257 443
95694: -96 -130 -259 461
95695: -96 -130 -260 470
95696: -96 -130 -261 479
95697: -96 -131 -334 407
95699: -96 -131 -336 425
95701: -96 -131 -338 443
95702: -96 -131 -339 452
95704: -96 -131 -341 470
95705: -96 -131 -342 479
95715: -96 -133 -496 407
95718: -96 -133 -499 434
95719: -96 -133 -500 443
95720: -96 -133 -501 452
95721: -96 -133 -502 461
95722: -96 -133 -503 470
95723: -96 -133 -504 479
95724: -96 -134 -577 407
95726: -96 -134 -579 425
95727: -96 -134 -580 434
95728: -96 -134 -581 443
95729: -96 -134 -582 452
95731: -96 -134 -584 470
95732: -96 -134 -585 479
95733: -96 -135 -658 407
95736: -96 -135 -661 434
95737: -96 -135 -662 443
95738: -96 -135 -663 452
95739: -96 -135 -664 461
95743: -105 -127 -11 417
95753: -105 -128 -93 426
95755: -105 -128 -95 444
95760: -105 -129 -172 408
95762: -105 -129 -174 426
95771: -105 -130 -255 426
95772: -105 -130 -256 435
95774: -105 -130 -258 453
95775: -105 -130 -259 462
95776: -105 -130 -260 471
95777: -105 -130 -261 480
95778: -105 -131 -334 408
95782: -105 -131 -338 444
95783: -105 -131 -339 453
95784: -105 -131 -340 462
95785: -105 -131 -341 471
95786: -105 -131 -342 480
95796: -105 -133 -496 408
95798: -105 -133 -498 426
95799: -105 -133 -499 435
95800: -105 -133 -500 444
95801: -105 -133 -501 453
95804: -105 -133 -504 480
95810: -105 -134 -582 453
95811: -105 -134 -583 462
95812: -105 -134 -584 471
95814: -105 -135 -658 408
95816: -105 -135 -660 426
95818: -105 -135 -662 444
95819: -105 -135 -663 453
95821: -105 -135 -665 471
95824: -114 -127 -11 418
95834: -114 -128 -93 427
95836: -114 -128 -95 445
95844: -114 -129 -175 436
95845: -114 -129 -176 445
95846: -114 -129 -177 454
95847: -114 -129 -178 463
95848: -114 -129 -179 472
95859: -114 -131 -334 409
95864: -114 -131 -339 454
95891: -114 -134 -582 454
95895: -114 -135 -658 409
95899: -114 -135 -662 445
95905: -123 -127 -11 419
95915: -123 -128 -93 428
95916: -123 -128 -94 437
95919: -123 -128 -97 464
95920: -123 -128 -98 473
95924: -123 -129 -174 428
95927: -123 -129 -177 455
95931: -123 -130 -253 410
95940: -123 -131 -334 410
95963: -123 -133 -501 455
95967: -123 -134 -577 410
95972: -123 -134 -582 455
95976: -123 -135 -658 410
95981: -123 -135 -663 455
95983: -123 -135 -665 473
96030: -132 -132 -415 411
96032: -132 -132 -417 429
96033: -132 -132 -418 438
96034: -132 -132 -419 447
96035: -132 -132 -420 456
96037: -132 -132 -422 474
96038: -132 -132 -423 483
96067: -141 -127 -11 421
96077: -141 -128 -93 430
96079: -141 -128 -95 448
96089: -141 -129 -177 457
96102: -141 -131 -334 412
96107: -141 -131 -339 457
96148: -150 -127 -11 422
96162: -150 -128 -97 467
96167: -150 -129 -174 431
96170: -150 -129 -177 458
96179: -150 -130 -258 458
96188: -150 -131 -339 458
96206: -150 -133 -501 458
96224: -150 -135 -663 458
96229: -159 -127 -11 423
96240: -159 -128 -94 441
96243: -159 -128 -97 468
96248: -159 -129 -174 432
96251: -159 -129 -177 459
96260: -159 -130 -258 459
96264: -159 -131 -334 414
96266: -159 -131 -336 432
96269: -159 -131 -339 459
96282: -159 -133 -496 414
96291: -159 -134 -577 414
96295: -159 -134 -581 450
96296: -159 -134 -582 459
96297: -159 -134 -583 468
96298: -159 -134 -584 477
96299: -159 -134 -585 486
96300: -159 -135 -658 414
96311: -168 -208 -21 424
96328: -168 -210 -182 415
96330: -168 -210 -184 433
96331: -168 -210 -185 442
96333: -168 -210 -187 460
96334: -168 -210 -188 469
96335: -168 -210 -189 478
96363: -168 -214 -505 406
96392: -177 -208 -21 425
96399: -177 -209 -100 407
96400: -177 -209 -101 416
96402: -177 -209 -103 434
96403: -177 -209 -104 443
96405: -177 -209 -106 461
96406: -177 -209 -107 470
96407: -177 -209 -108 479
96409: -177 -210 -182 416
96415: -177 -210 -188 470
96417: -177 -211 -262 407
96421: -177 -211 -266 443
96422: -177 -211 -267 452
96423: -177 -211 -268 461
96424: -177 -211 -269 470
96425: -177 -211 -270 479
96426: -177 -212 -343 407
96431: -177 -212 -348 452
96447: -177 -214 -508 434
96452: -177 -214 -513 479
96458: -177 -215 -591 452
96463: -177 -216 -668 416
96467: -177 -216 -672 452
96480: -186 -209 -100 408
96481: -186 -209 -101 417
96483: -186 -209 -103 435
96484: -186 -209 -104 444
96485: -186 -209 -105 453
96486: -186 -209 -106 462
96487: -186 -209 -107 471
96488: -186 -209 -108 480
96498: -186 -211 -262 408
96499: -186 -211 -263 417
96501: -186 -211 -265 435
96502: -186 -211 -266 444
96503: -186 -211 -267 453
96504: -186 -211 -268 462
96505: -186 -211 -269 471
96506: -186 -211 -270 480
96507: -186 -212 -343 408
96508: -186 -212 -344 417
96510: -186 -212 -346 435
96511: -186 -212 -347 444
96512: -186 -212 -348 453
96513: -186 -212 -349 462
96514: -186 -212 -350 471
96515: -186 -212 -351 480
96525: -186 -214 -505 408
96526: -186 -214 -506 417
96528: -186 -214 -508 435
96529: -186 -214 -509 444
96531: -186 -214 -511 462
96532: -186 -214 -512 471
96533: -186 -214 -513 480
96534: -186 -215 -586 408
96535: -186 -215 -587 417
96537: -186 -215 -589 435
96538: -186 -215 -590 444
96539: -186 -215 -591 453
96540: -186 -215 -592 462
96541: -186 -215 -593 471
96542: -186 -215 -594 480
96543: -186 -216 -667 408
96544: -186 -216 -668 417
96546: -186 -216 -670 435
96547: -186 -216 -671 444
96548: -186 -216 -672 453
96549: -186 -216 -673 462
96551: -186 -216 -675 480
96554: -195 -208 -21 427
96562: -195 -209 -101 418
96565: -195 -209 -104 445
96566: -195 -209 -105 454
96577: -195 -210 -188 472
96579: -195 -211 -262 409
96588: -195 -212 -343 409
96591: -195 -212 -346 436
96593: -195 -212 -348 454
96595: -195 -212 -350 472
96606: -195 -214 -505 409
96607: -195 -214 -506 418
96609: -195 -214 -508 436
96610: -195 -214 -509 445
96612: -195 -214 -511 463
96613: -195 -214 -512 472
96614: -195 -214 -513 481
96615: -195 -215 -586 409
96616: -195 -215 -587 418
96618: -195 -215 -589 436
96619: -195 -215 -590 445
96620: -195 -215 -591 454
96621: -195 -215 -592 463
96622: -195 -215 -593 472
96623: -195 -215 -594 481
96624: -195 -216 -667 409
96625: -195 -216 -668 418
96627: -195 -216 -670 436
96628: -195 -216 -671 445
96629: -195 -216 -672 454
96630: -195 -216 -673 463
96631: -195 -216 -674 472
96632: -195 -216 -675 481
96635: -204 -208 -21 428
96642: -204 -209 -100 410
96643: -204 -209 -101 419
96647: -204 -209 -105 455
96648: -204 -209 -106 464
96654: -204 -210 -184 437
96660: -204 -211 -262 410
96664: -204 -211 -266 446
96669: -204 -212 -343 410
96670: -204 -212 -344 419
96673: -204 -212 -347 446
96674: -204 -212 -348 455
96676: -204 -212 -350 473
96687: -204 -214 -505 410
96690: -204 -214 -508 437
96692: -204 -214 -510 455
96696: -204 -215 -586 410
96699: -204 -215 -589 437
96702: -204 -215 -592 464
96704: -204 -215 -594 482
96705: -204 -216 -667 410
96708: -204 -216 -670 437
96710: -204 -216 -672 455
96759: -213 -213 -424 411
96760: -213 -213 -425 420
96762: -213 -213 -427 438
96763: -213 -213 -428 447
96764: -213 -213 -429 456
96765: -213 -213 -430 465
96766: -213 -213 -431 474
96767: -213 -213 -432 483
96797: -222 -208 -21 430
96805: -222 -209 -101 421
96809: -222 -209 -105 457
96819: -222 -210 -187 466
96822: -222 -211 -262 412
96828: -222 -211 -268 466
96829: -222 -211 -269 475
96830: -222 -211 -270 484
96831: -222 -212 -343 412
96834: -222 -212 -346 439
96836: -222 -212 -348 457
96837: -222 -212 -349 466
96839: -222 -212 -351 484
96849: -222 -214 -505 412
96858: -222 -215 -586 412
96861: -222 -215 -589 439
96867: -222 -216 -667 412
96874: -222 -216 -674 475
96878: -231 -208 -21 431
96890: -231 -209 -105 458
96900: -231 -210 -187 467
96903: -231 -211 -262 413
96904: -231 -211 -263 422
96917: -231 -212 -348 458
96930: -231 -214 -505 413
96935: -231 -214 -510 458
96939: -231 -215 -586 413
96940: -231 -215 -587 422
96943: -231 -215 -590 449
96944: -231 -215 -591 458
96945: -231 -215 -592 467
96946: -231 -215 -593 476
96948: -231 -216 -667 413
96959: -240 -208 -21 432
96967: -240 -209 -101 423
96971: -240 -209 -105 459
96979: -240 -210 -185 450
96981: -240 -210 -187 468
96982: -240 -210 -188 477
96984: -240 -211 -262 414
96985: -240 -211 -263 423
96987: -240 -211 -265 441
96989: -240 -211 -267 459
96990: -240 -211 -268 468
96991: -240 -211 -269 477
96992: -240 -211 -270 486
96993: -240 -212 -343 414
96994: -240 -212 -344 423
96997: -240 -212 -347 450
96998: -240 -212 -348 459
96999: -240 -212 -349 468
97000: -240 -212 -350 477
97001: -240 -212 -351 486
97011: -240 -214 -505 414
97016: -240 -214 -510 459
97020: -240 -215 -586 414
97021: -240 -215 -587 423
97023: -240 -215 -589 441
97024: -240 -215 -590 450
97025: -240 -215 -591 459
97026: -240 -215 -592 468
97028: -240 -215 -594 486
97029: -240 -216 -667 414
97042: -249 -289 -32 442
97047: -249 -290 -109 406
97048: -249 -290 -110 415
97049: -249 -290 -111 424
97050: -249 -290 -112 433
97051: -249 -290 -113 442
97052: -249 -290 -114 451
97053: -249 -290 -115 460
97054: -249 -290 -116 469
97055: -249 -290 -117 478
97056: -249 -291 -190 406
97057: -249 -291 -191 415
97058: -249 -291 -192 424
97059: -249 -291 -193 433
97060: -249 -291 -194 442
97062: -249 -291 -196 460
97063: -249 -291 -197 469
97064: -249 -291 -198 478
97066: -249 -292 -272 415
97067: -249 -292 -273 424
97068: -249 -292 -274 433
97071: -249 -292 -277 460
97072: -249 -292 -278 469
97073: -249 -292 -279 478
97075: -249 -293 -353 415
97076: -249 -293 -354 424
97080: -249 -293 -358 460
97081: -249 -293 -359 469
97082: -249 -293 -360 478
97092: -249 -295 -514 406
97093: -249 -295 -515 415
97094: -249 -295 -516 424
97095: -249 -295 -517 433
97096: -249 -295 -518 442
97097: -249 -295 -519 451
97098: -249 -295 -520 460
97100: -249 -295 -522 478
97101: -249 -296 -595 406
97103: -249 -296 -597 424
97105: -249 -296 -599 442
97107: -249 -296 -601 460
97109: -249 -296 -603 478
97110: -249 -297 -676 406
97114: -249 -297 -680 442
97117: -249 -297 -683 469
97123: -258 -289 -32 443
97128: -258 -290 -109 407
97129: -258 -290 -110 416
97133: -258 -290 -114 452
97134: -258 -290 -115 461
97135: -258 -290 -116 470
97136: -258 -290 -117 479
97138: -258 -291 -191 416
97139: -258 -291 -192 425
97141: -258 -291 -194 443
97143: -258 -291 -196 461
97144: -258 -291 -197 470
97145: -258 -291 -198 479
97156: -258 -293 -353 416
97157: -258 -293 -354 425
97161: -258 -293 -358 461
97162: -258 -293 -359 470
97163: -258 -293 -360 479
97186: -258 -296 -599 443
97191: -258 -297 -676 407
97198: -258 -297 -683 470
97204: -267 -289 -32 444
97210: -267 -290 -110 417
97211: -267 -290 -111 426
97218: -267 -291 -190 408
97219: -267 -291 -191 417
97220: -267 -291 -192 426
97223: -267 -291 -195 453
97225: -267 -291 -197 471
97226: -267 -291 -198 480
97228: -267 -292 -272 417
97233: -267 -292 -277 462
97234: -267 -292 -278 471
97235: -267 -292 -279 480
97237: -267 -293 -353 417
97238: -267 -293 -354 426
97239: -267 -293 -355 435
97242: -267 -293 -358 462
97243: -267 -293 -359 471
97244: -267 -293 -360 480
97272: -267 -297 -676 408
97285: -276 -289 -32 445
97291: -276 -290 -110 418
97292: -276 -290 -111 427
97298: -276 -290 -117 481
97300: -276 -291 -191 418
97301: -276 -291 -192 427
97306: -276 -291 -197 472
97307: -276 -291 -198 481
97318: -276 -293 -353 418
97319: -276 -293 -354 427
97323: -276 -293 -358 463
97324: -276 -293 -359 472
97325: -276 -293 -360 481
97335: -276 -295 -514 409
97353: -276 -297 -676 409
97366: -285 -289 -32 446
97371: -285 -290 -109 410
97372: -285 -290 -110 419
97380: -285 -291 -190 410
97381: -285 -291 -191 419
97382: -285 -291 -192 428
97384: -285 -291 -194 446
97387: -285 -291 -197 473
97388: -285 -291 -198 482
97395: -285 -292 -277 464
97399: -285 -293 -353 419
97400: -285 -293 -354 428
97404: -285 -293 -358 464
97406: -285 -293 -360 482
97431: -285 -296 -601 464
97434: -285 -297 -676 410
97441: -285 -297 -683 473
97488: -294 -294 -433 411
97489: -294 -294 -434 420
97490: -294 -294 -435 429
97492: -294 -294 -437 447
97493: -294 -294 -438 456
97494: -294 -294 -439 465
97496: -294 -294 -441 483
97528: -303 -289 -32 448
97534: -303 -290 -110 421
97544: -303 -291 -192 430
97546: -303 -291 -194 448
97549: -303 -291 -197 475
97550: -303 -291 -198 484
97553: -303 -292 -273 430
97561: -303 -293 -353 421
97562: -303 -293 -354 430
97566: -303 -293 -358 466
97567: -303 -293 -359 475
97568: -303 -293 -360 484
97609: -312 -289 -32 449
97615: -312 -290 -110 422
97621: -312 -290 -116 476
97624: -312 -291 -191 422
97625: -312 -291 -192 431
97626: -312 -291 -193 440
97627: -312 -291 -194 449
97629: -312 -291 -196 467
97631: -312 -291 -198 485
97633: -312 -292 -272 422
97639: -312 -292 -278 476
97642: -312 -293 -353 422
97643: -312 -293 -354 431
97646: -312 -293 -357 458
97647: -312 -293 -358 467
97648: -312 -293 -359 476
97649: -312 -293 -360 485
97659: -312 -295 -514 413
97677: -312 -297 -676 413
97690: -321 -289 -32 450
97696: -321 -290 -110 423
97699: -321 -290 -113 450
97705: -321 -291 -191 423
97706: -321 -291 -192 432
97708: -321 -291 -194 450
97709: -321 -291 -195 459
97710: -321 -291 -196 468
97711: -321 -291 -197 477
97712: -321 -291 -198 486
97714: -321 -292 -272 423
97723: -321 -293 -353 423
97724: -321 -293 -354 432
97725: -321 -293 -355 441
97728: -321 -293 -358 468
97729: -321 -293 -359 477
97730: -321 -293 -360 486
97731: -321 -294 -433 414
97745: -321 -295 -519 459
97749: -321 -296 -595 414
97758: -321 -297 -676 414
97770: -330 -370 -40 433
97776: -330 -371 -118 406
97777: -330 -371 -119 415
97778: -330 -371 -120 424
97779: -330 -371 -121 433
97780: -330 -371 -122 442
97781: -330 -371 -123 451
97782: -330 -371 -124 460
97783: -330 -371 -125 469
97784: -330 -371 -126 478
97785: -330 -372 -199 406
97786: -330 -372 -200 415
97787: -330 -372 -201 424
97788: -330 -372 -202 433
97789: -330 -372 -203 442
97790: -330 -372 -204 451
97791: -330 -372 -205 460
97792: -330 -372 -206 469
97793: -330 -372 -207 478
97795: -330 -373 -281 415
97796: -330 -373 -282 424
97797: -330 -373 -283 433
97799: -330 -373 -285 451
97800: -330 -373 -286 460
97801: -330 -373 -287 469
97802: -330 -373 -288 478
97804: -330 -374 -362 415
97805: -330 -374 -363 424
97809: -330 -374 -367 460
97810: -330 -374 -368 469
97811: -330 -374 -369 478
97821: -330 -376 -523 406
97822: -330 -376 -524 415
97823: -330 -376 -525 424
97824: -330 -376 -526 433
97825: -330 -376 -527 442
97826: -330 -376 -528 451
97827: -330 -376 -529 460
97828: -330 -376 -530 469
97829: -330 -376 -531 478
97830: -330 -377 -604 406
97831: -330 -377 -605 415
97832: -330 -377 -606 424
97833: -330 -377 -607 433
97834: -330 -377 -608 442
97835: -330 -377 -609 451
97836: -330 -377 -610 460
97837: -330 -377 -611 469
97838: -330 -377 -612 478
97839: -330 -378 -685 406
97841: -330 -378 -687 424
97842: -330 -378 -688 433
97843: -330 -378 -689 442
97845: -330 -378 -691 460
97846: -330 -378 -692 469
97847: -330 -378 -693 478
97851: -339 -370 -40 434
97858: -339 -371 -119 416
97859: -339 -371 -120 425
97866: -339 -372 -199 407
97867: -339 -372 -200 416
97868: -339 -372 -201 425
97869: -339 -372 -202 434
97872: -339 -372 -205 461
97873: -339 -372 -206 470
97874: -339 -372 -207 479
97876: -339 -373 -281 416
97877: -339 -373 -282 425
97881: -339 -373 -286 461
97882: -339 -373 -287 470
97883: -339 -373 -288 479
97885: -339 -374 -362 416
97892: -339 -374 -369 479
97911: -339 -377 -604 407
97920: -339 -378 -685 407
97921: -339 -378 -686 416
97932: -348 -370 -40 435
97940: -348 -371 -120 426
97947: -348 -372 -199 408
97948: -348 -372 -200 417
97949: -348 -372 -201 426
97950: -348 -372 -202 435
97952: -348 -372 -204 453
97953: -348 -372 -205 462
97954: -348 -372 -206 471
97955: -348 -372 -207 480
97957: -348 -373 -281 417
97958: -348 -373 -282 426
97962: -348 -373 -286 462
97963: -348 -373 -287 471
97964: -348 -373 -288 480
97972: -348 -374 -368 471
97973: -348 -374 -369 480
97985: -348 -376 -525 426
97986: -348 -376 -526 435
97987: -348 -376 -527 444
97988: -348 -376 -528 453
97990: -348 -376 -530 471
97991: -348 -376 -531 480
97992: -348 -377 -604 408
98003: -348 -378 -687 426
98013: -357 -370 -40 436
98019: -357 -371 -118 409
98020: -357 -371 -119 418
98025: -357 -371 -124 463
98026: -357 -371 -125 472
98028: -357 -372 -199 409
98029: -357 -372 -200 418
98030: -357 -372 -201 427
98031: -357 -372 -202 436
98034: -357 -372 -205 463
98035: -357 -372 -206 472
98036: -357 -372 -207 481
98038: -357 -373 -281 418
98039: -357 -373 -282 427
98040: -357 -373 -283 436
98043: -357 -373 -286 463
98044: -357 -373 -287 472
98045: -357 -373 -288 481
98069: -357 -376 -528 454
98075: -357 -377 -606 427
98078: -357 -377 -609 454
98080: -357 -377 -611 472
98081: -357 -377 -612 481
98082: -357 -378 -685 409
98083: -357 -378 -686 418
98084: -357 -378 -687 427
98085: -357 -378 -688 436
98087: -357 -378 -690 454
98088: -357 -378 -691 463
98090: -357 -378 -693 481
98094: -366 -370 -40 437
98102: -366 -371 -120 428
98108: -366 -371 -126 482
98110: -366 -372 -200 419
98116: -366 -372 -206 473
98117: -366 -372 -207 482
98119: -366 -373 -281 419
98124: -366 -373 -286 464
98125: -366 -373 -287 473
98126: -366 -373 -288 482
98145: -366 -376 -523 410
98154: -366 -377 -604 410
98163: -366 -378 -685 410
98165: -366 -378 -687 428
98217: -375 -375 -442 411
98218: -375 -375 -443 420
98219: -375 -375 -444 429
98220: -375 -375 -445 438
98222: -375 -375 -447 456
98223: -375 -375 -448 465
98224: -375 -375 -449 474
98225: -375 -375 -450 483
98256: -384 -370 -40 439
98274: -384 -372 -202 439
98278: -384 -372 -206 475
98279: -384 -372 -207 484
98337: -393 -370 -40 440
98343: -393 -371 -118 413
98345: -393 -371 -120 431
98355: -393 -372 -202 440
98359: -393 -372 -206 476
98360: -393 -372 -207 485
98362: -393 -373 -281 422
98363: -393 -373 -282 431
98369: -393 -373 -288 485
98388: -393 -376 -523 413
98390: -393 -376 -525 431
98391: -393 -376 -526 440
98393: -393 -376 -528 458
98394: -393 -376 -529 467
98398: -393 -377 -605 422
98399: -393 -377 -606 431
98403: -393 -377 -610 467
98405: -393 -377 -612 485
98406: -393 -378 -685 413
98418: -402 -370 -40 441
98433: -402 -372 -199 414
98434: -402 -372 -200 423
98435: -402 -372 -201 432
98436: -402 -372 -202 441
98440: -402 -372 -206 477
98441: -402 -372 -207 486
98443: -402 -373 -281 423
98444: -402 -373 -282 432
98447: -402 -373 -285 459
98448: -402 -373 -286 468
98449: -402 -373 -287 477
98450: -402 -373 -288 486
98473: -402 -376 -527 450
98474: -402 -376 -528 459
98478: -402 -377 -604 414
98487: -402 -378 -685 414
98524: -411 -454 -290 415
98525: -411 -454 -291 424
98529: -411 -454 -295 460
98530: -411 -454 -296 469
98531: -411 -454 -297 478
98532: -411 -455 -370 406
98533: -411 -455 -371 415
98534: -411 -455 -372 424
98538: -411 -455 -376 460
98539: -411 -455 -377 469
98540: -411 -455 -378 478
98546: -411 -456 -456 451
98551: -411 -457 -533 415
98552: -411 -457 -534 424
98553: -411 -457 -535 433
98554: -411 -457 -536 442
98556: -411 -457 -538 460
98558: -411 -457 -540 478
98559: -411 -458 -613 406
98560: -411 -458 -614 415
98561: -411 -458 -615 424
98562: -411 -458 -616 433
98563: -411 -458 -617 442
98564: -411 -458 -618 451
98565: -411 -458 -619 460
98583: -420 -451 -52 461
98595: -420 -453 -208 407
98596: -420 -453 -209 416
98604: -420 -454 -289 407
98605: -420 -454 -290 416
98606: -420 -454 -291 425
98608: -420 -454 -293 443
98610: -420 -454 -295 461
98611: -420 -454 -296 470
98612: -420 -454 -297 479
98613: -420 -455 -370 407
98614: -420 -455 -371 416
98615: -420 -455 -372 425
98616: -420 -455 -373 434
98619: -420 -455 -376 461
98620: -420 -455 -377 470
98621: -420 -455 -378 479
98627: -420 -456 -456 452
98631: -420 -457 -532 407
98633: -420 -457 -534 425
98634: -420 -457 -535 434
98635: -420 -457 -536 443
98636: -420 -457 -537 452
98638: -420 -457 -539 470
98639: -420 -457 -540 479
98640: -420 -458 -613 407
98642: -420 -458 -615 425
98643: -420 -458 -616 434
98644: -420 -458 -617 443
98645: -420 -458 -618 452
98646: -420 -458 -619 461
98648: -420 -458 -621 479
98664: -429 -451 -52 462
98667: -429 -452 -127 408
98669: -429 -452 -129 426
98671: -429 -452 -131 444
98673: -429 -452 -133 462
98685: -429 -454 -289 408
98689: -429 -454 -293 444
98691: -429 -454 -295 462
98693: -429 -454 -297 480
98694: -429 -455 -370 408
98697: -429 -455 -373 435
98701: -429 -455 -377 471
98708: -429 -456 -456 453
98721: -429 -458 -613 408
98722: -429 -458 -614 417
98724: -429 -458 -616 435
98725: -429 -458 -617 444
98727: -429 -458 -619 462
98729: -429 -458 -621 480
98745: -438 -451 -52 463
98754: -438 -452 -133 463
98757: -438 -453 -208 409
98764: -438 -453 -215 472
98777: -438 -455 -372 427
98789: -438 -456 -456 454
98794: -438 -457 -533 418
98795: -438 -457 -534 427
98796: -438 -457 -535 436
98797: -438 -457 -536 445
98800: -438 -457 -539 472
98801: -438 -457 -540 481
98802: -438 -458 -613 409
98826: -447 -451 -52 464
98829: -447 -452 -127 410
98831: -447 -452 -129 428
98832: -447 -452 -130 437
98836: -447 -452 -134 473
98837: -447 -452 -135 482
98838: -447 -453 -208 410
98841: -447 -453 -211 437
98842: -447 -453 -212 446
98844: -447 -453 -214 464
98845: -447 -453 -215 473
98846: -447 -453 -216 482
98848: -447 -454 -290 419
98849: -447 -454 -291 428
98851: -447 -454 -293 446
98875: -447 -457 -533 419
98876: -447 -457 -534 428
98877: -447 -457 -535 437
98878: -447 -457 -536 446
98881: -447 -457 -539 473
98882: -447 -457 -540 482
98883: -447 -458 -613 410
98889: -447 -458 -619 464
98988: -465 -451 -52 466
98997: -465 -452 -133 466
99010: -465 -454 -290 421
99011: -465 -454 -291 430
99013: -465 -454 -293 448
99017: -465 -454 -297 484
99069: -474 -451 -52 467
99094: -474 -454 -293 449
99106: -474 -455 -377 476
99150: -483 -451 -52 468
99153: -483 -452 -127 414
99165: -483 -453 -211 441
99169: -483 -453 -215 477
99172: -483 -454 -290 423
99175: -483 -454 -293 450
99178: -483 -454 -296 477
99180: -483 -455 -370 414
99181: -483 -455 -371 423
99183: -483 -455 -373 441
99186: -483 -455 -376 468
99187: -483 -455 -377 477
99188: -483 -455 -378 486
99213: -483 -458 -619 468
99313: -501 -532 -62 470
99315: -501 -533 -136 407
99320: -501 -533 -141 452
99324: -501 -534 -217 407
99326: -501 -534 -219 425
99334: -501 -535 -299 416
99335: -501 -535 -300 425
99336: -501 -535 -301 434
99337: -501 -535 -302 443
99338: -501 -535 -303 452
99340: -501 -535 -305 470
99341: -501 -535 -306 479
99342: -501 -536 -379 407
99343: -501 -536 -380 416
99344: -501 -536 -381 425
99346: -501 -536 -383 443
99347: -501 -536 -384 452
99348: -501 -536 -385 461
99349: -501 -536 -386 470
99350: -501 -536 -387 479
99363: -501 -538 -544 434
99369: -501 -539 -622 407
99375: -501 -539 -628 461
99385: -501 -540 -710 470
99394: -510 -532 -62 471
99397: -510 -533 -137 417
99405: -510 -534 -217 408
99410: -510 -534 -222 453
99415: -510 -535 -299 417
99416: -510 -535 -300 426
99418: -510 -535 -302 444
99423: -510 -536 -379 408
99424: -510 -536 -380 417
99425: -510 -536 -381 426
99426: -510 -536 -382 435
99427: -510 -536 -383 444
99428: -510 -536 -384 453
99431: -510 -536 -387 480
99444: -510 -538 -544 435
99445: -510 -538 -545 444
99449: -510 -538 -549 480
99459: -510 -540 -703 408
99460: -510 -540 -704 417
99466: -510 -540 -710 471
99475: -519 -532 -62 472
99477: -519 -533 -136 409
99478: -519 -533 -137 418
99486: -519 -534 -217 409
99488: -519 -534 -219 427
99490: -519 -534 -221 445
99493: -519 -534 -224 472
99494: -519 -534 -225 481
99495: -519 -535 -298 409
99496: -519 -535 -299 418
99497: -519 -535 -300 427
99498: -519 -535 -301 436
99499: -519 -535 -302 445
99500: -519 -535 -303 454
99501: -519 -535 -304 463
99503: -519 -535 -306 481
99504: -519 -536 -379 409
99505: -519 -536 -380 418
99506: -519 -536 -381 427
99507: -519 -536 -382 436
99508: -519 -536 -383 445
99509: -519 -536 -384 454
99510: -519 -536 -385 463
99511: -519 -536 -386 472
99512: -519 -536 -387 481
99523: -519 -538 -542 418
99524: -519 -538 -543 427
99525: -519 -538 -544 436
99526: -519 -538 -545 445
99529: -519 -538 -548 472
99533: -519 -539 -624 427
99537: -519 -539 -628 463
99540: -519 -540 -703 409
99542: -519 -540 -705 427
99543: -519 -540 -706 436
99547: -519 -540 -710 472
99556: -528 -532 -62 473
99558: -528 -533 -136 410
99559: -528 -533 -137 419
99567: -528 -534 -217 410
99569: -528 -534 -219 428
99571: -528 -534 -221 446
99574: -528 -534 -224 473
99577: -528 -535 -299 419
99578: -528 -535 -300 428
99580: -528 -535 -302 446
99585: -528 -536 -379 410
99587: -528 -536 -381 428
99588: -528 -536 -382 437
99607: -528 -538 -545 446
99612: -528 -539 -622 410
99617: -528 -539 -627 455
99620: -528 -539 -630 482
99621: -528 -540 -703 410
99624: -528 -540 -706 437
99629: -528 -540 -711 482
99675: -537 -537 -460 411
99676: -537 -537 -461 420
99677: -537 -537 -462 429
99678: -537 -537 -463 438
99679: -537 -537 -464 447
99680: -537 -537 -465 456
99681: -537 -537 -466 465
99682: -537 -537 -467 474
99683: -537 -537 -468 483
99799: -555 -532 -62 476
99801: -555 -533 -136 413
99802: -555 -533 -137 422
99812: -555 -534 -219 431
99817: -555 -534 -224 476
99818: -555 -534 -225 485
99822: -555 -535 -301 440
99823: -555 -535 -302 449
99827: -555 -535 -306 485
99829: -555 -536 -380 422
99830: -555 -536 -381 431
99833: -555 -536 -384 458
99834: -555 -536 -385 467
99835: -555 -536 -386 476
99836: -555 -536 -387 485
99848: -555 -538 -543 431
99849: -555 -538 -544 440
99850: -555 -538 -545 449
99854: -555 -538 -549 485
99864: -555 -540 -703 413
99866: -555 -540 -705 431
99867: -555 -540 -706 440
99870: -555 -540 -709 467
99871: -555 -540 -710 476
99872: -555 -540 -711 485
99880: -564 -532 -62 477
99882: -564 -533 -136 414
99883: -564 -533 -137 423
99891: -564 -534 -217 414
99893: -564 -534 -219 432
99898: -564 -534 -224 477
99899: -564 -534 -225 486
99900: -564 -535 -298 414
99901: -564 -535 -299 423
99902: -564 -535 -300 432
99903: -564 -535 -301 441
99904: -564 -535 -302 450
99905: -564 -535 -303 459
99906: -564 -535 -304 468
99908: -564 -535 -306 486
99909: -564 -536 -379 414
99911: -564 -536 -381 432
99912: -564 -536 -382 441
99913: -564 -536 -383 450
99914: -564 -536 -384 459
99915: -564 -536 -385 468
99917: -564 -536 -387 486
99929: -564 -538 -543 432
99930: -564 -538 -544 441
99931: -564 -538 -545 450
99933: -564 -538 -547 468
99934: -564 -538 -548 477
99936: -564 -539 -622 414
99937: -564 -539 -623 423
99939: -564 -539 -625 441
99941: -564 -539 -627 459
99943: -564 -539 -629 477
99945: -564 -540 -703 414
99946: -564 -540 -704 423
99947: -564 -540 -705 432
99949: -564 -540 -707 450
99950: -564 -540 -708 459
99951: -564 -540 -709 468
99952: -564 -540 -710 477
99953: -564 -540 -711 486
99962: -573 -613 -72 478
99963: -573 -614 -145 406
99964: -573 -614 -146 415
99965: -573 -614 -147 424
99966: -573 -614 -148 433
99967: -573 -614 -149 442
99968: -573 -614 -150 451
99969: -573 -614 -151 460
99970: -573 -614 -152 469
99971: -573 -614 -153 478
99972: -573 -615 -226 406
99973: -573 -615 -227 415
99974: -573 -615 -228 424
99975: -573 -615 -229 433
99976: -573 -615 -230 442
99977: -573 -615 -231 451
99978: -573 -615 -232 460
99979: -573 -615 -233 469
99980: -573 -615 -234 478
99981: -573 -616 -307 406
99982: -573 -616 -308 415
99983: -573 -616 -309 424
99984: -573 -616 -310 433
99985: -573 -616 -311 442
99986: -573 -616 -312 451
99987: -573 -616 -313 460
99988: -573 -616 -314 469
99989: -573 -616 -315 478
99990: -573 -617 -388 406
99991: -573 -617 -389 415
99992: -573 -617 -390 424
99993: -573 -617 -391 433
99994: -573 -617 -392 442
99995: -573 -617 -393 451
99996: -573 -617 -394 460
99997: -573 -617 -395 469
99998: -573 -617 -396 478
100008: -573 -619 -550 406
100009: -573 -619 -551 415
100010: -573 -619 -552 424
100011: -573 -619 -553 433
100012: -573 -619 -554 442
100014: -573 -619 -556 460
100015: -573 -619 -557 469
100016: -573 -619 -558 478
100017: -573 -620 -631 406
100018: -573 -620 -632 415
100019: -573 -620 -633 424
100020: -573 -620 -634 433
100021: -573 -620 -635 442
100030: -573 -621 -716 442
100033: -573 -621 -719 469
100043: -582 -613 -72 479
100045: -582 -614 -146 416
100054: -582 -615 -227 416
100061: -582 -615 -234 479
100062: -582 -616 -307 407
100071: -582 -617 -388 407
100073: -582 -617 -390 425
100076: -582 -617 -393 452
100077: -582 -617 -394 461
100079: -582 -617 -396 479
100089: -582 -619 -550 407
100091: -582 -619 -552 425
100093: -582 -619 -554 443
100094: -582 -619 -555 452
100095: -582 -619 -556 461
100114: -582 -621 -719 470
100115: -582 -621 -720 479
100124: -591 -613 -72 480
100127: -591 -614 -147 426
100135: -591 -615 -227 417
100136: -591 -615 -228 426
100138: -591 -615 -230 444
100139: -591 -615 -231 453
100145: -591 -616 -309 426
100147: -591 -616 -311 444
100170: -591 -619 -550 408
100171: -591 -619 -551 417
100172: -591 -619 -552 426
100173: -591 -619 -553 435
100174: -591 -619 -554 444
100175: -591 -619 -555 453
100176: -591 -619 -556 462
100177: -591 -619 -557 471
100178: -591 -619 -558 480
100187: -591 -620 -639 480
100190: -591 -621 -714 426
100195: -591 -621 -719 471
100205: -600 -613 -72 481
100216: -600 -615 -227 418
100217: -600 -615 -228 427
100219: -600 -615 -230 445
100220: -600 -615 -231 454
100222: -600 -615 -233 472
100223: -600 -615 -234 481
100225: -600 -616 -308 418
100226: -600 -616 -309 427
100227: -600 -616 -310 436
100228: -600 -616 -311 445
100229: -600 -616 -312 454
100232: -600 -616 -315 481
100251: -600 -619 -550 409
100252: -600 -619 -551 418
100253: -600 -619 -552 427
100255: -600 -619 -554 445
100257: -600 -619 -556 463
100258: -600 -619 -557 472
100259: -600 -619 -558 481
100273: -600 -621 -716 445
100276: -600 -621 -719 472
100286: -609 -613 -72 482
100289: -609 -614 -147 428
100292: -609 -614 -150 455
100294: -609 -614 -152 473
100295: -609 -614 -153 482
100300: -609 -615 -230 446
100305: -609 -616 -307 410
100309: -609 -616 -311 446
100315: -609 -617 -389 419
100316: -609 -617 -390 428
100318: -609 -617 -392 446
100319: -609 -617 -393 455
100320: -609 -617 -394 464
100322: -609 -617 -396 482
100332: -609 -619 -550 410
100333: -609 -619 -551 419
100334: -609 -619 -552 428
100335: -609 -619 -553 437
100336: -609 -619 -554 446
100338: -609 -619 -556 464
100339: -609 -619 -557 473
100340: -609 -619 -558 482
100351: -609 -621 -713 419
100352: -609 -621 -714 428
100353: -609 -621 -715 437
100355: -609 -621 -717 455
100356: -609 -621 -718 464
100358: -609 -621 -720 482
100404: -618 -618 -469 411
100405: -618 -618 -470 420
100406: -618 -618 -471 429
100407: -618 -618 -472 438
100408: -618 -618 -473 447
100409: -618 -618 -474 456
100410: -618 -618 -475 465
100411: -618 -618 -476 474
100412: -618 -618 -477 483
100448: -627 -613 -72 484
100450: -627 -614 -146 421
100458: -627 -615 -226 412
100460: -627 -615 -228 430
100476: -627 -617 -388 412
100494: -627 -619 -550 412
100513: -627 -621 -713 421
100514: -627 -621 -714 430
100515: -627 -621 -715 439
100517: -627 -621 -717 457
100518: -627 -621 -718 466
100520: -627 -621 -720 484
100529: -636 -613 -72 485
100531: -636 -614 -146 422
100532: -636 -614 -147 431
100533: -636 -614 -148 440
100534: -636 -614 -149 449
100535: -636 -614 -150 458
100536: -636 -614 -151 467
100538: -636 -614 -153 485
100540: -636 -615 -227 422
100541: -636 -615 -228 431
100542: -636 -615 -229 440
100543: -636 -615 -230 449
100548: -636 -616 -307 413
100550: -636 -616 -309 431
100551: -636 -616 -310 440
100552: -636 -616 -311 449
100554: -636 -616 -313 467
100556: -636 -616 -315 485
100557: -636 -617 -388 413
100558: -636 -617 -389 422
100559: -636 -617 -390 431
100560: -636 -617 -391 440
100561: -636 -617 -392 449
100562: -636 -617 -393 458
100563: -636 -617 -394 467
100564: -636 -617 -395 476
100565: -636 -617 -396 485
100575: -636 -619 -550 413
100576: -636 -619 -551 422
100580: -636 -619 -555 458
100589: -636 -620 -636 458
100595: -636 -621 -714 431
100596: -636 -621 -715 440
100597: -636 -621 -716 449
100599: -636 -621 -718 467
100600: -636 -621 -719 476
100601: -636 -621 -720 485
100610: -645 -613 -72 486
100611: -645 -614 -145 414
100624: -645 -615 -230 450
100629: -645 -616 -307 414
100640: -645 -617 -390 432
100656: -645 -619 -550 414
100666: -645 -620 -632 423
100667: -645 -620 -633 432
100669: -645 -620 -635 450
100688: -654 -694 -78 451
100692: -654 -695 -154 406
100693: -654 -695 -155 415
100694: -654 -695 -156 424
100695: -654 -695 -157 433
100696: -654 -695 -158 442
100697: -654 -695 -159 451
100698: -654 -695 -160 460
100700: -654 -695 -162 478
100701: -654 -696 -235 406
100703: -654 -696 -237 424
100705: -654 -696 -239 442
100714: -654 -697 -320 442
100716: -654 -697 -322 460
100722: -654 -698 -400 433
100737: -654 -700 -559 406
100740: -654 -700 -562 433
100741: -654 -700 -563 442
100746: -654 -701 -640 406
100747: -654 -701 -641 415
100750: -654 -701 -644 442
100769: -663 -694 -78 452
100773: -663 -695 -154 407
100774: -663 -695 -155 416
100784: -663 -696 -237 425
100795: -663 -697 -320 443
100803: -663 -698 -400 434
100828: -663 -701 -641 416
100850: -672 -694 -78 453
100854: -672 -695 -154 408
100855: -672 -695 -155 417
100860: -672 -695 -160 462
100863: -672 -696 -235 408
100864: -672 -696 -236 417
100865: -672 -696 -237 426
100868: -672 -696 -240 453
100870: -672 -696 -242 471
100873: -672 -697 -317 417
100874: -672 -697 -318 426
100876: -672 -697 -320 444
100883: -672 -698 -399 426
100884: -672 -698 -400 435
100901: -672 -700 -561 426
100910: -672 -701 -642 426
100919: -672 -702 -723 426
100931: -681 -694 -78 454
100935: -681 -695 -154 409
100936: -681 -695 -155 418
100939: -681 -695 -158 445
100946: -681 -696 -237 427
100948: -681 -696 -239 445
100965: -681 -698 -400 436
100992: -681 -701 -643 436
101012: -690 -694 -78 455
101016: -690 -695 -154 410
101017: -690 -695 -155 419
101027: -690 -696 -237 428
101028: -690 -696 -238 437
101029: -690 -696 -239 446
101070: -690 -701 -640 410
101133: -699 -699 -478 411
101135: -699 -699 -480 429
101137: -699 -699 -482 447
101138: -699 -699 -483 456
101174: -708 -694 -78 457
101178: -708 -695 -154 412
101255: -717 -694 -78 458
101259: -717 -695 -154 413
101272: -717 -696 -239 449
101281: -717 -697 -320 449
101286: -717 -698 -397 413
101336: -726 -694 -78 459
101340: -726 -695 -154 414
101348: -726 -695 -162 486
101349: -726 -696 -235 414
101350: -726 -696 -236 423
101351: -726 -696 -237 432
101352: -726 -696 -238 441
101353: -726 -696 -239 450
101355: -726 -696 -241 468
101356: -726 -696 -242 477
101357: -726 -696 -243 486
101359: -726 -697 -317 423
101360: -726 -697 -318 432
101362: -726 -697 -320 450
101363: -726 -697 -321 459
101364: -726 -697 -322 468
101370: -726 -698 -400 441
101374: -726 -698 -404 477
101395: -726 -701 -641 423
101396: -726 -701 -642 432
101400: -726 -701 -646 468
101401: -726 -701 -647 477
101881: -52 -62 -569 501
101882: -52 -62 -570 510
101883: -52 -62 -571 519
101884: -52 -62 -572 528
101885: -52 -62 -573 537
101887: -52 -62 -575 555
101888: -52 -62 -576 564
102152: -88 -137 -93 505
102153: -88 -137 -94 514
102154: -88 -137 -95 523
102155: -88 -137 -96 532
102157: -88 -137 -98 550
102158: -88 -137 -99 559
102237: -97 -137 -97 542
102240: -97 -138 -172 488
102242: -97 -138 -174 506
102243: -97 -138 -175 515
102244: -97 -138 -176 524
102245: -97 -138 -177 533
102246: -97 -138 -178 542
102248: -97 -138 -180 560
102249: -97 -139 -253 488
102251: -97 -139 -255 506
102252: -97 -139 -256 515
102253: -97 -139 -257 524
102254: -97 -139 -258 533
102255: -97 -139 -259 542
102256: -97 -139 -260 551
102257: -97 -139 -261 560
102258: -97 -140 -334 488
102260: -97 -140 -336 506
102261: -97 -140 -337 515
102262: -97 -140 -338 524
102263: -97 -140 -339 533
102264: -97 -140 -340 542
102265: -97 -140 -341 551
102266: -97 -140 -342 560
102267: -97 -141 -415 488
102269: -97 -141 -417 506
102270: -97 -141 -418 515
102271: -97 -141 -419 524
102272: -97 -141 -420 533
102273: -97 -141 -421 542
102274: -97 -141 -422 551
102285: -97 -143 -577 488
102287: -97 -143 -579 506
102288: -97 -143 -580 515
102289: -97 -143 -581 524
102290: -97 -143 -582 533
102291: -97 -143 -583 542
102292: -97 -143 -584 551
102293: -97 -143 -585 560
102294: -97 -144 -658 488
102296: -97 -144 -660 506
102297: -97 -144 -661 515
102298: -97 -144 -662 524
102299: -97 -144 -663 533
102300: -97 -144 -664 542
102301: -97 -144 -665 551
102302: -97 -144 -666 560
102304: -106 -136 -11 498
102314: -106 -137 -93 507
102321: -106 -138 -172 489
102323: -106 -138 -174 507
102334: -106 -139 -257 525
102335: -106 -139 -258 534
102336: -106 -139 -259 543
102337: -106 -139 -260 552
102338: -106 -139 -261 561
102343: -106 -140 -338 525
102345: -106 -140 -340 543
102347: -106 -140 -342 561
102350: -106 -141 -417 507
102354: -106 -141 -421 543
102366: -106 -143 -577 489
102375: -106 -144 -658 489
102378: -106 -144 -661 516
102379: -106 -144 -662 525
102380: -106 -144 -663 534
102381: -106 -144 -664 543
102383: -106 -144 -666 561
102385: -115 -136 -11 499
102395: -115 -137 -93 508
102404: -115 -138 -174 508
102408: -115 -138 -178 544
102411: -115 -139 -253 490
102420: -115 -140 -334 490
102426: -115 -140 -340 544
102429: -115 -141 -415 490
102435: -115 -141 -421 544
102453: -115 -143 -583 544
102466: -124 -136 -11 500
102485: -124 -138 -174 509
102489: -124 -138 -178 545
102491: -124 -138 -180 563
102492: -124 -139 -253 491
102496: -124 -139 -257 527
102498: -124 -139 -259 545
102501: -124 -140 -334 491
102510: -124 -141 -415 491
102516: -124 -141 -421 545
102530: -124 -143 -579 509
102531: -124 -143 -580 518
102535: -124 -143 -584 554
102536: -124 -143 -585 563
102537: -124 -144 -658 491
102539: -124 -144 -660 509
102543: -124 -144 -664 545
102547: -133 -136 -11 501
102557: -133 -137 -93 510
102558: -133 -137 -94 519
102566: -133 -138 -174 510
102570: -133 -138 -178 546
102573: -133 -139 -253 492
102579: -133 -139 -259 546
102582: -133 -140 -334 492
102584: -133 -140 -336 510
102587: -133 -140 -339 537
102588: -133 -140 -340 546
102589: -133 -140 -341 555
102590: -133 -140 -342 564
102591: -133 -141 -415 492
102596: -133 -141 -420 537
102597: -133 -141 -421 546
102598: -133 -141 -422 555
102599: -133 -141 -423 564
102609: -133 -143 -577 492
102615: -133 -143 -583 546
102625: -133 -144 -665 555
102681: -142 -142 -496 493
102683: -142 -142 -498 511
102684: -142 -142 -499 520
102685: -142 -142 -500 529
102686: -142 -142 -501 538
102687: -142 -142 -502 547
102688: -142 -142 -503 556
102709: -151 -136 -11 503
102719: -151 -137 -93 512
102732: -151 -138 -178 548
102741: -151 -139 -259 548
102742: -151 -139 -260 557
102744: -151 -140 -334 494
102746: -151 -140 -336 512
102771: -151 -143 -577 494
102777: -151 -143 -583 548
102780: -151 -144 -658 494
102782: -151 -144 -660 512
102783: -151 -144 -661 521
102784: -151 -144 -662 530
102785: -151 -144 -663 539
102786: -151 -144 -664 548
102788: -151 -144 -666 566
102790: -160 -136 -11 504
102809: -160 -138 -174 513
102813: -160 -138 -178 549
102816: -160 -139 -253 495
102831: -160 -140 -340 549
102864: -160 -144 -661 522
102867: -160 -144 -664 549
102869: -160 -144 -666 567
102889: -169 -219 -182 496
102891: -169 -219 -184 514
102892: -169 -219 -185 523
102893: -169 -219 -186 532
102895: -169 -219 -188 550
102896: -169 -219 -189 559
102906: -169 -221 -343 487
102953: -178 -217 -21 506
102960: -178 -218 -100 488
102961: -178 -218 -101 497
102963: -178 -218 -103 515
102965: -178 -218 -105 533
102968: -178 -218 -108 560
102970: -178 -219 -182 497
102973: -178 -219 -185 524
102979: -178 -220 -263 497
102981: -178 -220 -265 515
102982: -178 -220 -266 524
102983: -178 -220 -267 533
102984: -178 -220 -268 542
102985: -178 -220 -269 551
102986: -178 -220 -270 560
102987: -178 -221 -343 488
102990: -178 -221 -346 515
102993: -178 -221 -349 542
102996: -178 -222 -424 488
102997: -178 -222 -425 497
103002: -178 -222 -430 542
103014: -178 -224 -586 488
103020: -178 -224 -592 542
103029: -178 -225 -673 542
103034: -187 -217 -21 507
103041: -187 -218 -100 489
103042: -187 -218 -101 498
103047: -187 -218 -106 543
103056: -187 -219 -187 543
103059: -187 -220 -262 489
103060: -187 -220 -263 498
103061: -187 -220 -264 507
103062: -187 -220 -265 516
103063: -187 -220 -266 525
103064: -187 -220 -267 534
103065: -187 -220 -268 543
103066: -187 -220 -269 552
103067: -187 -220 -270 561
103068: -187 -221 -343 489
103069: -187 -221 -344 498
103071: -187 -221 -346 516
103072: -187 -221 -347 525
103073: -187 -221 -348 534
103074: -187 -221 -349 543
103075: -187 -221 -350 552
103076: -187 -221 -351 561
103077: -187 -222 -424 489
103078: -187 -222 -425 498
103080: -187 -222 -427 516
103081: -187 -222 -428 525
103082: -187 -222 -429 534
103083: -187 -222 -430 543
103084: -187 -222 -431 552
103095: -187 -224 -586 489
103096: -187 -224 -587 498
103098: -187 -224 -589 516
103099: -187 -224 -590 525
103100: -187 -224 -591 534
103101: -187 -224 -592 543
103102: -187 -224 -593 552
103103: -187 -224 -594 561
103104: -187 -225 -667 489
103105: -187 -225 -668 498
103106: -187 -225 -669 507
103107: -187 -225 -670 516
103108: -187 -225 -671 525
103109: -187 -225 -672 534
103110: -187 -225 -673 543
103111: -187 -225 -674 552
103112: -187 -225 -675 561
103115: -196 -217 -21 508
103122: -196 -218 -100 490
103123: -196 -218 -101 499
103128: -196 -218 -106 544
103132: -196 -219 -182 499
103135: -196 -219 -185 526
103140: -196 -220 -262 490
103141: -196 -220 -263 499
103148: -196 -220 -270 562
103149: -196 -221 -343 490
103152: -196 -221 -346 517
103154: -196 -221 -348 535
103157: -196 -221 -351 562
103158: -196 -222 -424 490
103162: -196 -222 -428 526
103164: -196 -222 -430 544
103166: -196 -222 -432 562
103176: -196 -224 -586 490
103191: -196 -225 -673 544
103196: -205 -217 -21 509
103203: -205 -218 -100 491
103204: -205 -218 -101 500
103209: -205 -218 -106 545
103213: -205 -219 -182 500
103215: -205 -219 -184 518
103221: -205 -220 -262 491
103225: -205 -220 -266 527
103227: -205 -220 -268 545
103230: -205 -221 -343 491
103239: -205 -222 -424 491
103240: -205 -222 -425 500
103242: -205 -222 -427 518
103243: -205 -222 -428 527
103245: -205 -222 -430 545
103246: -205 -222 -431 554
103247: -205 -222 -432 563
103257: -205 -224 -586 491
103261: -205 -224 -590 527
103263: -205 -224 -592 545
103264: -205 -224 -593 554
103272: -205 -225 -673 545
103277: -214 -217 -21 510
103285: -214 -218 -101 501
103290: -214 -218 -106 546
103302: -214 -220 -262 492
103303: -214 -220 -263 501
103305: -214 -220 -265 519
103307: -214 -220 -267 537
103308: -214 -220 -268 546
103309: -214 -220 -269 555
103310: -214 -220 -270 564
103311: -214 -221 -343 492
103312: -214 -221 -344 501
103316: -214 -221 -348 537
103317: -214 -221 -349 546
103318: -214 -221 -350 555
103319: -214 -221 -351 564
103320: -214 -222 -424 492
103328: -214 -222 -432 564
103338: -214 -224 -586 492
103344: -214 -224 -592 546
103347: -214 -225 -667 492
103352: -214 -225 -672 537
103353: -214 -225 -673 546
103354: -214 -225 -674 555
103392: -223 -221 -343 493
103410: -223 -223 -505 493
103411: -223 -223 -506 502
103413: -223 -223 -508 520
103414: -223 -223 -509 529
103415: -223 -223 -510 538
103416: -223 -223 -511 547
103417: -223 -223 -512 556
103418: -223 -223 -513 565
103439: -232 -217 -21 512
103452: -232 -218 -106 548
103464: -232 -220 -262 494
103473: -232 -221 -343 494
103482: -232 -222 -424 494
103488: -232 -222 -430 548
103500: -232 -224 -586 494
103512: -232 -225 -670 521
103514: -232 -225 -672 539
103515: -232 -225 -673 548
103520: -241 -217 -21 513
103533: -241 -218 -106 549
103554: -241 -221 -343 495
103563: -241 -222 -424 495
103566: -241 -222 -427 522
103567: -241 -222 -428 531
103569: -241 -222 -430 549
103570: -241 -222 -431 558
103571: -241 -222 -432 567
103590: -241 -225 -667 495
103603: -250 -298 -32 523
103608: -250 -299 -109 487
103609: -250 -299 -110 496
103610: -250 -299 -111 505
103611: -250 -299 -112 514
103612: -250 -299 -113 523
103613: -250 -299 -114 532
103614: -250 -299 -115 541
103615: -250 -299 -116 550
103616: -250 -299 -117 559
103617: -250 -300 -190 487
103618: -250 -300 -191 496
103619: -250 -300 -192 505
103620: -250 -300 -193 514
103621: -250 -300 -194 523
103622: -250 -300 -195 532
103623: -250 -300 -196 541
103624: -250 -300 -197 550
103625: -250 -300 -198 559
103627: -250 -301 -272 496
103628: -250 -301 -273 505
103631: -250 -301 -276 532
103632: -250 -301 -277 541
103633: -250 -301 -278 550
103634: -250 -301 -279 559
103635: -250 -302 -352 487
103636: -250 -302 -353 496
103637: -250 -302 -354 505
103638: -250 -302 -355 514
103640: -250 -302 -357 532
103641: -250 -302 -358 541
103642: -250 -302 -359 550
103643: -250 -302 -360 559
103644: -250 -303 -433 487
103646: -250 -303 -435 505
103648: -250 -303 -437 523
103649: -250 -303 -438 532
103650: -250 -303 -439 541
103651: -250 -303 -440 550
103652: -250 -303 -441 559
103662: -250 -305 -595 487
103664: -250 -305 -597 505
103665: -250 -305 -598 514
103668: -250 -305 -601 541
103671: -250 -306 -676 487
103672: -250 -306 -677 496
103673: -250 -306 -678 505
103674: -250 -306 -679 514
103675: -250 -306 -680 523
103676: -250 -306 -681 532
103677: -250 -306 -682 541
103678: -250 -306 -683 550
103679: -250 -306 -684 559
103684: -259 -298 -32 524
103689: -259 -299 -109 488
103690: -259 -299 -110 497
103698: -259 -300 -190 488
103699: -259 -300 -191 497
103700: -259 -300 -192 506
103702: -259 -300 -194 524
103703: -259 -300 -195 533
103705: -259 -300 -197 551
103717: -259 -302 -353 497
103721: -259 -302 -357 533
103723: -259 -302 -359 551
103724: -259 -302 -360 560
103725: -259 -303 -433 488
103727: -259 -303 -435 506
103744: -259 -305 -596 497
103752: -259 -306 -676 488
103765: -268 -298 -32 525
103771: -268 -299 -110 498
103779: -268 -300 -190 489
103780: -268 -300 -191 498
103781: -268 -300 -192 507
103784: -268 -300 -195 534
103787: -268 -300 -198 561
103798: -268 -302 -353 498
103799: -268 -302 -354 507
103800: -268 -302 -355 516
103802: -268 -302 -357 534
103803: -268 -302 -358 543
103804: -268 -302 -359 552
103805: -268 -302 -360 561
103806: -268 -303 -433 489
103833: -268 -306 -676 489
103846: -277 -298 -32 526
103853: -277 -299 -111 508
103861: -277 -300 -191 499
103862: -277 -300 -192 508
103864: -277 -300 -194 526
103865: -277 -300 -195 535
103866: -277 -300 -196 544
103868: -277 -300 -198 562
103879: -277 -302 -353 499
103880: -277 -302 -354 508
103883: -277 -302 -357 535
103885: -277 -302 -359 553
103886: -277 -302 -360 562
103887: -277 -303 -433 490
103889: -277 -303 -435 508
103905: -277 -305 -595 490
103914: -277 -306 -676 490
103927: -286 -298 -32 527
103932: -286 -299 -109 491
103933: -286 -299 -110 500
103941: -286 -300 -190 491
103942: -286 -300 -191 500
103943: -286 -300 -192 509
103945: -286 -300 -194 527
103946: -286 -300 -195 536
103960: -286 -302 -353 500
103961: -286 -302 -354 509
103964: -286 -302 -357 536
103966: -286 -302 -359 554
103967: -286 -302 -360 563
103968: -286 -303 -433 491
103970: -286 -303 -435 509
103986: -286 -305 -595 491
103995: -286 -306 -676 491
103999: -286 -306 -680 527
104008: -295 -298 -32 528
104013: -295 -299 -109 492
104014: -295 -299 -110 501
104023: -295 -300 -191 501
104024: -295 -300 -192 510
104026: -295 -300 -194 528
104027: -295 -300 -195 537
104030: -295 -300 -198 564
104033: -295 -301 -273 510
104036: -295 -301 -276 537
104041: -295 -302 -353 501
104042: -295 -302 -354 510
104045: -295 -302 -357 537
104047: -295 -302 -359 555
104048: -295 -302 -360 564
104049: -295 -303 -433 492
104057: -295 -303 -441 564
104073: -295 -305 -601 546
104076: -295 -306 -676 492
104139: -304 -304 -514 493
104140: -304 -304 -515 502
104141: -304 -304 -516 511
104143: -304 -304 -518 529
104144: -304 -304 -519 538
104145: -304 -304 -520 547
104146: -304 -304 -521 556
104147: -304 -304 -522 565
104170: -313 -298 -32 530
104188: -313 -300 -194 530
104189: -313 -300 -195 539
104203: -313 -302 -353 503
104204: -313 -302 -354 512
104207: -313 -302 -357 539
104210: -313 -302 -360 566
104235: -313 -305 -601 548
104236: -313 -305 -602 557
104251: -322 -298 -32 531
104261: -322 -299 -114 540
104264: -322 -299 -117 567
104266: -322 -300 -191 504
104267: -322 -300 -192 513
104269: -322 -300 -194 531
104270: -322 -300 -195 540
104284: -322 -302 -353 504
104285: -322 -302 -354 513
104288: -322 -302 -357 540
104290: -322 -302 -359 558
104291: -322 -302 -360 567
104331: -331 -379 -40 514
104337: -331 -380 -118 487
104338: -331 -380 -119 496
104339: -331 -380 -120 505
104340: -331 -380 -121 514
104341: -331 -380 -122 523
104342: -331 -380 -123 532
104343: -331 -380 -124 541
104344: -331 -380 -125 550
104345: -331 -380 -126 559
104346: -331 -381 -199 487
104347: -331 -381 -200 496
104348: -331 -381 -201 505
104349: -331 -381 -202 514
104350: -331 -381 -203 523
104351: -331 -381 -204 532
104352: -331 -381 -205 541
104353: -331 -381 -206 550
104354: -331 -381 -207 559
104356: -331 -382 -281 496
104357: -331 -382 -282 505
104358: -331 -382 -283 514
104359: -331 -382 -284 523
104360: -331 -382 -285 532
104361: -331 -382 -286 541
104362: -331 -382 -287 550
104363: -331 -382 -288 559
104364: -331 -383 -361 487
104365: -331 -383 -362 496
104366: -331 -383 -363 505
104368: -331 -383 -365 523
104369: -331 -383 -366 532
104371: -331 -383 -368 550
104372: -331 -383 -369 559
104373: -331 -384 -442 487
104376: -331 -384 -445 514
104378: -331 -384 -447 532
104379: -331 -384 -448 541
104381: -331 -384 -450 559
104391: -331 -386 -604 487
104392: -331 -386 -605 496
104393: -331 -386 -606 505
104394: -331 -386 -607 514
104395: -331 -386 -608 523
104396: -331 -386 -609 532
104397: -331 -386 -610 541
104398: -331 -386 -611 550
104399: -331 -386 -612 559
104400: -331 -387 -685 487
104401: -331 -387 -686 496
104402: -331 -387 -687 505
104403: -331 -387 -688 514
104404: -331 -387 -689 523
104405: -331 -387 -690 532
104406: -331 -387 -691 541
104407: -331 -387 -692 550
104408: -331 -387 -693 559
104412: -340 -379 -40 515
104418: -340 -380 -118 488
104419: -340 -380 -119 497
104427: -340 -381 -199 488
104428: -340 -381 -200 497
104429: -340 -381 -201 506
104430: -340 -381 -202 515
104431: -340 -381 -203 524
104432: -340 -381 -204 533
104434: -340 -381 -206 551
104437: -340 -382 -281 497
104439: -340 -382 -283 515
104441: -340 -382 -285 533
104443: -340 -382 -287 551
104444: -340 -382 -288 560
104447: -340 -383 -363 506
104455: -340 -384 -443 497
104472: -340 -386 -604 488
104481: -340 -387 -685 488
104493: -349 -379 -40 516
104499: -349 -380 -118 489
104500: -349 -380 -119 498
104505: -349 -380 -124 543
104508: -349 -381 -199 489
104509: -349 -381 -200 498
104510: -349 -381 -201 507
104512: -349 -381 -203 525
104514: -349 -381 -205 543
104515: -349 -381 -206 552
104516: -349 -381 -207 561
104518: -349 -382 -281 498
104519: -349 -382 -282 507
104522: -349 -382 -285 534
104523: -349 -382 -286 543
104525: -349 -382 -288 561
104537: -349 -384 -444 507
104574: -358 -379 -40 517
104580: -358 -380 -118 490
104581: -358 -380 -119 499
104582: -358 -380 -120 508
104583: -358 -380 -121 517
104587: -358 -380 -125 553
104588: -358 -380 -126 562
104589: -358 -381 -199 490
104590: -358 -381 -200 499
104591: -358 -381 -201 508
104592: -358 -381 -202 517
104594: -358 -381 -204 535
104597: -358 -381 -207 562
104599: -358 -382 -281 499
104600: -358 -382 -282 508
104601: -358 -382 -283 517
104603: -358 -382 -285 535
104605: -358 -382 -287 553
104606: -358 -382 -288 562
104616: -358 -384 -442 490
104634: -358 -386 -604 490
104643: -358 -387 -685 490
104655: -367 -379 -40 518
104661: -367 -380 -118 491
104662: -367 -380 -119 500
104671: -367 -381 -200 500
104677: -367 -381 -206 554
104678: -367 -381 -207 563
104681: -367 -382 -282 509
104686: -367 -382 -287 554
104697: -367 -384 -442 491
104699: -367 -384 -444 509
104705: -367 -384 -450 563
104715: -367 -386 -604 491
104719: -367 -386 -608 527
104724: -367 -387 -685 491
104736: -376 -379 -40 519
104742: -376 -380 -118 492
104743: -376 -380 -119 501
104752: -376 -381 -200 501
104753: -376 -381 -201 510
104754: -376 -381 -202 519
104759: -376 -381 -207 564
104761: -376 -382 -281 501
104762: -376 -382 -282 510
104763: -376 -382 -283 519
104766: -376 -382 -286 546
104767: -376 -382 -287 555
104768: -376 -382 -288 564
104778: -376 -384 -442 492
104780: -376 -384 -444 510
104796: -376 -386 -604 492
104868: -385 -385 -523 493
104869: -385 -385 -524 502
104870: -385 -385 -525 511
104871: -385 -385 -526 520
104872: -385 -385 -527 529
104873: -385 -385 -528 538
104874: -385 -385 -529 547
104875: -385 -385 -530 556
104898: -394 -379 -40 521
104917: -394 -381 -203 530
104920: -394 -381 -206 557
104921: -394 -381 -207 566
104929: -394 -382 -287 557
104958: -394 -386 -604 494
104979: -403 -379 -40 522
104985: -403 -380 -118 495
104986: -403 -380 -119 504
104994: -403 -381 -199 495
104997: -403 -381 -202 522
104998: -403 -381 -203 531
104999: -403 -381 -204 540
105010: -403 -382 -287 558
105050: -403 -387 -687 513
105053: -403 -387 -690 540
105055: -403 -387 -692 558
105063: -412 -460 -52 541
105066: -412 -461 -127 487
105067: -412 -461 -128 496
105069: -412 -461 -130 514
105070: -412 -461 -131 523
105071: -412 -461 -132 532
105072: -412 -461 -133 541
105073: -412 -461 -134 550
105074: -412 -461 -135 559
105075: -412 -462 -208 487
105076: -412 -462 -209 496
105077: -412 -462 -210 505
105078: -412 -462 -211 514
105079: -412 -462 -212 523
105081: -412 -462 -214 541
105082: -412 -462 -215 550
105083: -412 -462 -216 559
105084: -412 -463 -289 487
105085: -412 -463 -290 496
105086: -412 -463 -291 505
105087: -412 -463 -292 514
105088: -412 -463 -293 523
105089: -412 -463 -294 532
105090: -412 -463 -295 541
105091: -412 -463 -296 550
105092: -412 -463 -297 559
105093: -412 -464 -370 487
105094: -412 -464 -371 496
105095: -412 -464 -372 505
105096: -412 -464 -373 514
105103: -412 -465 -452 496
105104: -412 -465 -453 505
105106: -412 -465 -455 523
105120: -412 -467 -613 487
105129: -412 -468 -694 487
105130: -412 -468 -695 496
105131: -412 -468 -696 505
105132: -412 -468 -697 514
105133: -412 -468 -698 523
105134: -412 -468 -699 532
105135: -412 -468 -700 541
105136: -412 -468 -701 550
105137: -412 -468 -702 559
105144: -421 -460 -52 542
105147: -421 -461 -127 488
105148: -421 -461 -128 497
105156: -421 -462 -208 488
105158: -421 -462 -210 506
105159: -421 -462 -211 515
105165: -421 -463 -289 488
105169: -421 -463 -293 524
105186: -421 -465 -454 515
105211: -421 -468 -695 497
105212: -421 -468 -696 506
105213: -421 -468 -697 515
105214: -421 -468 -698 524
105215: -421 -468 -699 533
105216: -421 -468 -700 542
105217: -421 -468 -701 551
105218: -421 -468 -702 560
105225: -430 -460 -52 543
105229: -430 -461 -128 498
105237: -430 -462 -208 489
105238: -430 -462 -209 498
105239: -430 -462 -210 507
105243: -430 -462 -214 543
105248: -430 -463 -291 507
105250: -430 -463 -293 525
105257: -430 -464 -372 507
105258: -430 -464 -373 516
105306: -439 -460 -52 544
105310: -439 -461 -128 499
105318: -439 -462 -208 490
105319: -439 -462 -209 499
105320: -439 -462 -210 508
105321: -439 -462 -211 517
105336: -439 -464 -370 490
105339: -439 -464 -373 517
105372: -439 -468 -694 490
105387: -448 -460 -52 545
105399: -448 -462 -208 491
105402: -448 -462 -211 518
105412: -448 -463 -293 527
105468: -457 -460 -52 546
105472: -457 -461 -128 501
105480: -457 -462 -208 492
105481: -457 -462 -209 501
105483: -457 -462 -211 519
105493: -457 -463 -293 528
105498: -457 -464 -370 492
105500: -457 -464 -372 510
105501: -457 -464 -373 519
105503: -457 -464 -375 537
105504: -457 -464 -376 546
105525: -457 -467 -613 492
105526: -457 -467 -614 501
105527: -457 -467 -615 510
105528: -457 -467 -616 519
105529: -457 -467 -617 528
105530: -457 -467 -618 537
105533: -457 -467 -621 564
105536: -457 -468 -696 510
105541: -457 -468 -701 555
105561: -466 -462 -208 493
105597: -466 -466 -532 493
105598: -466 -466 -533 502
105599: -466 -466 -534 511
105600: -466 -466 -535 520
105602: -466 -466 -537 538
105603: -466 -466 -538 547
105605: -466 -466 -540 565
105630: -475 -460 -52 548
105643: -475 -462 -209 503
105711: -484 -460 -52 549
105723: -484 -462 -208 495
105724: -484 -462 -209 504
105726: -484 -462 -211 522
105732: -484 -463 -289 495
105795: -493 -542 -136 487
105813: -493 -544 -298 487
105814: -493 -544 -299 496
105815: -493 -544 -300 505
105817: -493 -544 -302 523
105818: -493 -544 -303 532
105820: -493 -544 -305 550
105821: -493 -544 -306 559
105823: -493 -545 -380 496
105824: -493 -545 -381 505
105827: -493 -545 -384 532
105829: -493 -545 -386 550
105830: -493 -545 -387 559
105846: -493 -547 -547 541
105850: -493 -548 -623 496
105851: -493 -548 -624 505
105852: -493 -548 -625 514
105853: -493 -548 -626 523
105854: -493 -548 -627 532
105858: -493 -549 -703 487
105874: -502 -541 -62 551
105885: -502 -543 -217 488
105889: -502 -543 -221 524
105894: -502 -544 -298 488
105896: -502 -544 -300 506
105898: -502 -544 -302 524
105899: -502 -544 -303 533
105901: -502 -544 -305 551
105902: -502 -544 -306 560
105903: -502 -545 -379 488
105905: -502 -545 -381 506
105906: -502 -545 -382 515
105908: -502 -545 -384 533
105910: -502 -545 -386 551
105911: -502 -545 -387 560
105933: -502 -548 -625 515
105934: -502 -548 -626 524
105939: -502 -549 -703 488
105940: -502 -549 -704 497
105941: -502 -549 -705 506
105942: -502 -549 -706 515
105943: -502 -549 -707 524
105944: -502 -549 -708 533
105946: -502 -549 -710 551
105955: -511 -541 -62 552
105957: -511 -542 -136 489
105959: -511 -542 -138 507
105961: -511 -542 -140 525
105975: -511 -544 -298 489
105979: -511 -544 -302 525
105984: -511 -545 -379 489
105986: -511 -545 -381 507
105987: -511 -545 -382 516
106020: -511 -549 -703 489
106021: -511 -549 -704 498
106022: -511 -549 -705 507
106023: -511 -549 -706 516
106024: -511 -549 -707 525
106025: -511 -549 -708 534
106026: -511 -549 -709 543
106027: -511 -549 -710 552
106036: -520 -541 -62 553
106047: -520 -543 -217 490
106067: -520 -545 -381 508
106068: -520 -545 -382 517
106072: -520 -545 -386 553
106094: -520 -548 -624 508
106095: -520 -548 -625 517
106096: -520 -548 -626 526
106097: -520 -548 -627 535
106100: -520 -548 -630 562
106103: -520 -549 -705 508
106108: -520 -549 -710 553
106117: -529 -541 -62 554
106141: -529 -544 -302 527
106174: -529 -548 -623 500
106175: -529 -548 -624 509
106176: -529 -548 -625 518
106177: -529 -548 -626 527
106178: -529 -548 -627 536
106181: -529 -548 -630 563
106182: -529 -549 -703 491
106189: -529 -549 -710 554
106198: -538 -541 -62 555
106200: -538 -542 -136 492
106204: -538 -542 -140 528
106209: -538 -543 -217 492
106218: -538 -544 -298 492
106219: -538 -544 -299 501
106220: -538 -544 -300 510
106222: -538 -544 -302 528
106225: -538 -544 -305 555
106226: -538 -544 -306 564
106227: -538 -545 -379 492
106228: -538 -545 -380 501
106229: -538 -545 -381 510
106230: -538 -545 -382 519
106232: -538 -545 -384 537
106234: -538 -545 -386 555
106235: -538 -545 -387 564
106251: -538 -547 -547 546
106255: -538 -548 -623 501
106257: -538 -548 -625 519
106258: -538 -548 -626 528
106259: -538 -548 -627 537
106262: -538 -548 -630 564
106267: -538 -549 -707 528
106270: -538 -549 -710 555
106384: -556 -544 -302 530
106396: -556 -545 -386 557
106441: -565 -541 -62 558
106447: -565 -542 -140 531
106450: -565 -542 -143 558
106459: -565 -543 -224 558
106462: -565 -544 -299 504
106463: -565 -544 -300 513
106466: -565 -544 -303 540
106477: -565 -545 -386 558
106498: -565 -548 -623 504
106499: -565 -548 -624 513
106501: -565 -548 -626 531
106502: -565 -548 -627 540
106604: -583 -622 -72 560
106611: -583 -623 -151 542
106614: -583 -624 -226 488
106616: -583 -624 -228 506
106618: -583 -624 -230 524
106623: -583 -625 -307 488
106624: -583 -625 -308 497
106627: -583 -625 -311 524
106635: -583 -626 -391 515
106641: -583 -627 -469 488
106659: -583 -629 -631 488
106660: -583 -629 -632 497
106661: -583 -629 -633 506
106662: -583 -629 -634 515
106663: -583 -629 -635 524
106664: -583 -629 -636 533
106667: -583 -629 -639 560
106668: -583 -630 -712 488
106675: -583 -630 -719 551
106685: -592 -622 -72 561
106687: -592 -623 -146 498
106695: -592 -624 -226 489
106696: -592 -624 -227 498
106704: -592 -625 -307 489
106705: -592 -625 -308 498
106706: -592 -625 -309 507
106708: -592 -625 -311 525
106713: -592 -626 -388 489
106715: -592 -626 -390 507
106716: -592 -626 -391 516
106719: -592 -626 -394 543
106721: -592 -626 -396 561
106722: -592 -627 -469 489
106741: -592 -629 -632 498
106742: -592 -629 -633 507
106748: -592 -629 -639 561
106756: -592 -630 -719 552
106766: -601 -622 -72 562
106767: -601 -623 -145 490
106768: -601 -623 -146 499
106770: -601 -623 -148 517
106772: -601 -623 -150 535
106774: -601 -623 -152 553
106775: -601 -623 -153 562
106776: -601 -624 -226 490
106777: -601 -624 -227 499
106778: -601 -624 -228 508
106780: -601 -624 -230 526
106784: -601 -624 -234 562
106785: -601 -625 -307 490
106787: -601 -625 -309 508
106788: -601 -625 -310 517
106789: -601 -625 -311 526
106793: -601 -625 -315 562
106794: -601 -626 -388 490
106795: -601 -626 -389 499
106796: -601 -626 -390 508
106797: -601 -626 -391 517
106798: -601 -626 -392 526
106799: -601 -626 -393 535
106801: -601 -626 -395 553
106802: -601 -626 -396 562
106803: -601 -627 -469 490
106811: -601 -627 -477 562
106822: -601 -629 -632 499
106823: -601 -629 -633 508
106824: -601 -629 -634 517
106825: -601 -629 -635 526
106826: -601 -629 -636 535
106829: -601 -629 -639 562
106837: -601 -630 -719 553
106847: -610 -622 -72 563
106848: -610 -623 -145 491
106849: -610 -623 -146 500
106854: -610 -623 -151 545
106857: -610 -624 -226 491
106859: -610 -624 -228 509
106860: -610 -624 -229 518
106861: -610 -624 -230 527
106862: -610 -624 -231 536
106865: -610 -624 -234 563
106866: -610 -625 -307 491
106868: -610 -625 -309 509
106875: -610 -626 -388 491
106877: -610 -626 -390 509
106884: -610 -627 -469 491
106903: -610 -629 -632 500
106904: -610 -629 -633 509
106906: -610 -629 -635 527
106907: -610 -629 -636 536
106928: -619 -622 -72 564
106929: -619 -623 -145 492
106930: -619 -623 -146 501
106932: -619 -623 -148 519
106933: -619 -623 -149 528
106934: -619 -623 -150 537
106935: -619 -623 -151 546
106936: -619 -623 -152 555
106937: -619 -623 -153 564
106938: -619 -624 -226 492
106940: -619 -624 -228 510
106941: -619 -624 -229 519
106943: -619 -624 -231 537
106946: -619 -624 -234 564
106947: -619 -625 -307 492
106948: -619 -625 -308 501
106949: -619 -625 -309 510
106951: -619 -625 -311 528
106956: -619 -626 -388 492
106957: -619 -626 -389 501
106958: -619 -626 -390 510
106959: -619 -626 -391 519
106960: -619 -626 -392 528
106961: -619 -626 -393 537
106962: -619 -626 -394 546
106963: -619 -626 -395 555
106964: -619 -626 -396 564
106965: -619 -627 -469 492
106966: -619 -627 -470 501
106967: -619 -627 -471 510
106969: -619 -627 -473 528
106970: -619 -627 -474 537
106972: -619 -627 -476 555
106987: -619 -629 -635 528
106991: -619 -629 -639 564
106994: -619 -630 -714 510
107019: -628 -624 -226 493
107055: -628 -628 -550 493
107056: -628 -628 -551 502
107057: -628 -628 -552 511
107058: -628 -628 -553 520
107059: -628 -628 -554 529
107060: -628 -628 -555 538
107061: -628 -628 -556 547
107063: -628 -628 -558 565
107171: -646 -622 -72 567
107173: -646 -623 -146 504
107183: -646 -624 -228 513
107184: -646 -624 -229 522
107186: -646 -624 -231 540
107194: -646 -625 -311 531
107203: -646 -626 -392 531
107208: -646 -627 -469 495
107230: -646 -629 -635 531
107231: -646 -629 -636 540
107249: -655 -703 -78 532
107253: -655 -704 -154 487
107254: -655 -704 -155 496
107255: -655 -704 -156 505
107256: -655 -704 -157 514
107257: -655 -704 -158 523
107258: -655 -704 -159 532
107259: -655 -704 -160 541
107260: -655 -704 -161 550
107261: -655 -704 -162 559
107262: -655 -705 -235 487
107263: -655 -705 -236 496
107264: -655 -705 -237 505
107265: -655 -705 -238 514
107266: -655 -705 -239 523
107267: -655 -705 -240 532
107268: -655 -705 -241 541
107269: -655 -705 -242 550
107270: -655 -705 -243 559
107271: -655 -706 -316 487
107272: -655 -706 -317 496
107273: -655 -706 -318 505
107274: -655 -706 -319 514
107275: -655 -706 -320 523
107276: -655 -706 -321 532
107277: -655 -706 -322 541
107278: -655 -706 -323 550
107279: -655 -706 -324 559
107280: -655 -707 -397 487
107281: -655 -707 -398 496
107282: -655 -707 -399 505
107283: -655 -707 -400 514
107284: -655 -707 -401 523
107285: -655 -707 -402 532
107286: -655 -707 -403 541
107287: -655 -707 -404 550
107288: -655 -707 -405 559
107297: -655 -708 -486 559
107307: -655 -710 -640 487
107308: -655 -710 -641 496
107309: -655 -710 -642 505
107310: -655 -710 -643 514
107311: -655 -710 -644 523
107312: -655 -710 -645 532
107314: -655 -710 -647 550
107315: -655 -710 -648 559
107318: -655 -711 -723 505
107319: -655 -711 -724 514
107320: -655 -711 -725 523
107330: -664 -703 -78 533
107335: -664 -704 -155 497
107344: -664 -705 -236 497
107345: -664 -705 -237 506
107347: -664 -705 -239 524
107349: -664 -705 -241 542
107352: -664 -706 -316 488
107361: -664 -707 -397 488
107388: -664 -710 -640 488
107411: -673 -703 -78 534
107416: -673 -704 -155 498
107417: -673 -704 -156 507
107424: -673 -705 -235 489
107425: -673 -705 -236 498
107426: -673 -705 -237 507
107428: -673 -705 -239 525
107430: -673 -705 -241 543
107431: -673 -705 -242 552
107433: -673 -706 -316 489
107435: -673 -706 -318 507
107436: -673 -706 -319 516
107437: -673 -706 -320 525
107441: -673 -706 -324 561
107442: -673 -707 -397 489
107445: -673 -707 -400 516
107459: -673 -708 -486 561
107469: -673 -710 -640 489
107473: -673 -710 -644 525
107474: -673 -710 -645 534
107492: -682 -703 -78 535
107497: -682 -704 -155 499
107507: -682 -705 -237 508
107509: -682 -705 -239 526
107515: -682 -706 -317 499
107518: -682 -706 -320 526
107520: -682 -706 -322 544
107521: -682 -706 -323 553
107523: -682 -707 -397 490
107526: -682 -707 -400 517
107553: -682 -710 -643 517
107573: -691 -703 -78 536
107578: -691 -704 -155 500
107580: -691 -704 -157 518
107590: -691 -705 -239 527
107595: -691 -706 -316 491
107599: -691 -706 -320 527
107605: -691 -707 -398 500
107609: -691 -707 -402 536
107611: -691 -707 -404 554
107614: -691 -708 -479 500
107615: -691 -708 -480 509
107616: -691 -708 -481 518
107618: -691 -708 -483 536
107619: -691 -708 -484 545
107620: -691 -708 -485 554
107631: -691 -710 -640 491
107632: -691 -710 -641 500
107633: -691 -710 -642 509
107634: -691 -710 -643 518
107635: -691 -710 -644 527
107636: -691 -710 -645 536
107637: -691 -710 -646 545
107638: -691 -710 -647 554
107639: -691 -710 -648 563
107654: -700 -703 -78 537
107659: -700 -704 -155 501
107669: -700 -705 -237 510
107676: -700 -706 -316 492
107680: -700 -706 -320 528
107685: -700 -707 -397 492
107688: -700 -707 -400 519
107702: -700 -708 -486 564
107712: -700 -710 -640 492
107784: -709 -709 -559 493
107785: -709 -709 -560 502
107786: -709 -709 -561 511
107787: -709 -709 -562 520
107788: -709 -709 -563 529
107789: -709 -709 -564 538
107790: -709 -709 -565 547
107791: -709 -709 -566 556
107816: -718 -703 -78 539
107831: -718 -705 -237 512
107836: -718 -705 -242 557
107838: -718 -706 -316 494
107874: -718 -710 -640 494
107897: -727 -703 -78 540
107902: -727 -704 -155 504
107904: -727 -704 -157 522
107905: -727 -704 -158 531
107911: -727 -705 -236 504
107912: -727 -705 -237 513
107913: -727 -705 -238 522
107914: -727 -705 -239 531
107915: -727 -705 -240 540
107917: -727 -705 -242 558
107919: -727 -706 -316 495
107920: -727 -706 -317 504
107921: -727 -706 -318 513
107922: -727 -706 -319 522
107923: -727 -706 -320 531
107924: -727 -706 -321 540
107926: -727 -706 -323 558
107928: -727 -707 -397 495
107930: -727 -707 -399 513
107931: -727 -707 -400 522
107933: -727 -707 -402 540
107935: -727 -707 -404 558
107938: -727 -708 -479 504
107939: -727 -708 -480 513
107945: -727 -708 -486 567
107955: -727 -710 -640 495
107961: -727 -710 -646 549
108532: -62 -72 -650 583
108533: -62 -72 -651 592
108534: -62 -72 -652 601
108535: -62 -72 -653 610
108536: -62 -72 -654 619
108537: -62 -72 -655 628
108538: -62 -72 -656 637
108539: -62 -72 -657 646
108713: -89 -146 -93 586
108714: -89 -146 -94 595
108715: -89 -146 -95 604
108716: -89 -146 -96 613
108717: -89 -146 -97 622
108719: -89 -146 -99 640
108784: -98 -145 -11 578
108799: -98 -146 -98 632
108801: -98 -147 -172 569
108803: -98 -147 -174 587
108810: -98 -148 -253 569
108812: -98 -148 -255 587
108813: -98 -148 -256 596
108814: -98 -148 -257 605
108815: -98 -148 -258 614
108816: -98 -148 -259 623
108817: -98 -148 -260 632
108818: -98 -148 -261 641
108819: -98 -149 -334 569
108821: -98 -149 -336 587
108822: -98 -149 -337 596
108823: -98 -149 -338 605
108824: -98 -149 -339 614
108825: -98 -149 -340 623
108826: -98 -149 -341 632
108828: -98 -150 -415 569
108837: -98 -151 -496 569
108839: -98 -151 -498 587
108840: -98 -151 -499 596
108841: -98 -151 -500 605
108843: -98 -151 -502 623
108844: -98 -151 -503 632
108845: -98 -151 -504 641
108855: -98 -153 -658 569
108862: -98 -153 -665 632
108865: -107 -145 -11 579
108876: -107 -146 -94 597
108877: -107 -146 -95 606
108878: -107 -146 -96 615
108881: -107 -146 -99 642
108882: -107 -147 -172 570
108884: -107 -147 -174 588
108888: -107 -147 -178 624
108891: -107 -148 -253 570
108893: -107 -148 -255 588
108898: -107 -148 -260 633
108902: -107 -149 -336 588
108907: -107 -149 -341 633
108916: -107 -150 -422 633
108918: -107 -151 -496 570
108920: -107 -151 -498 588
108923: -107 -151 -501 615
108925: -107 -151 -503 633
108927: -107 -152 -577 570
108938: -107 -153 -660 588
108941: -107 -153 -663 615
108943: -107 -153 -665 633
108946: -116 -145 -11 580
108956: -116 -146 -93 589
108958: -116 -146 -95 607
108962: -116 -146 -99 643
108970: -116 -147 -179 634
108972: -116 -148 -253 571
108981: -116 -149 -334 571
108984: -116 -149 -337 598
108997: -116 -150 -422 634
108999: -116 -151 -496 571
109003: -116 -151 -500 607
109004: -116 -151 -501 616
109006: -116 -151 -503 634
109027: -125 -145 -11 581
109037: -125 -146 -93 590
109038: -125 -146 -94 599
109043: -125 -146 -99 644
109046: -125 -147 -174 590
109051: -125 -147 -179 635
109053: -125 -148 -253 572
109057: -125 -148 -257 608
109062: -125 -149 -334 572
109067: -125 -149 -339 617
109069: -125 -149 -341 635
109071: -125 -150 -415 572
109080: -125 -151 -496 572
109082: -125 -151 -498 590
109083: -125 -151 -499 599
109084: -125 -151 -500 608
109085: -125 -151 -501 617
109086: -125 -151 -502 626
109087: -125 -151 -503 635
109088: -125 -151 -504 644
109105: -125 -153 -665 635
109108: -134 -145 -11 582
109118: -134 -146 -93 591
109127: -134 -147 -174 591
109132: -134 -147 -179 636
109141: -134 -148 -260 636
109145: -134 -149 -336 591
109147: -134 -149 -338 609
109148: -134 -149 -339 618
109149: -134 -149 -340 627
109150: -134 -149 -341 636
109151: -134 -149 -342 645
109158: -134 -150 -421 627
109166: -134 -151 -501 618
109179: -134 -153 -658 573
109186: -134 -153 -665 636
109189: -143 -145 -11 583
109199: -143 -146 -93 592
109201: -143 -146 -95 610
109206: -143 -147 -172 574
109208: -143 -147 -174 592
109213: -143 -147 -179 637
109215: -143 -148 -253 574
109222: -143 -148 -260 637
109224: -143 -149 -334 574
109231: -143 -149 -341 637
109242: -143 -151 -496 574
109247: -143 -151 -501 619
109250: -143 -151 -504 646
109267: -143 -153 -665 637
109332: -152 -152 -577 575
109334: -152 -152 -579 593
109335: -152 -152 -580 602
109336: -152 -152 -581 611
109337: -152 -152 -582 620
109338: -152 -152 -583 629
109339: -152 -152 -584 638
109351: -161 -145 -11 585
109361: -161 -146 -93 594
109375: -161 -147 -179 639
109381: -161 -148 -257 612
109384: -161 -148 -260 639
109386: -161 -149 -334 576
109393: -161 -149 -341 639
109404: -161 -151 -496 576
109450: -170 -228 -182 577
109452: -170 -228 -184 595
109453: -170 -228 -185 604
109454: -170 -228 -186 613
109455: -170 -228 -187 622
109457: -170 -228 -189 640
109467: -170 -230 -343 568
109503: -170 -234 -667 568
109514: -179 -226 -21 587
109521: -179 -227 -100 569
109522: -179 -227 -101 578
109531: -179 -228 -182 578
109534: -179 -228 -185 605
109538: -179 -228 -189 641
109539: -179 -229 -262 569
109540: -179 -229 -263 578
109544: -179 -229 -267 614
109546: -179 -229 -269 632
109547: -179 -229 -270 641
109548: -179 -230 -343 569
109555: -179 -230 -350 632
109557: -179 -231 -424 569
109558: -179 -231 -425 578
109560: -179 -231 -427 596
109561: -179 -231 -428 605
109562: -179 -231 -429 614
109563: -179 -231 -430 623
109564: -179 -231 -431 632
109566: -179 -232 -505 569
109571: -179 -232 -510 614
109573: -179 -232 -512 632
109591: -179 -234 -674 632
109595: -188 -226 -21 588
109602: -188 -227 -100 570
109603: -188 -227 -101 579
109609: -188 -227 -107 633
109618: -188 -228 -188 633
109620: -188 -229 -262 570
109621: -188 -229 -263 579
109623: -188 -229 -265 597
109624: -188 -229 -266 606
109625: -188 -229 -267 615
109626: -188 -229 -268 624
109628: -188 -229 -270 642
109629: -188 -230 -343 570
109630: -188 -230 -344 579
109632: -188 -230 -346 597
109633: -188 -230 -347 606
109634: -188 -230 -348 615
109635: -188 -230 -349 624
109636: -188 -230 -350 633
109637: -188 -230 -351 642
109638: -188 -231 -424 570
109639: -188 -231 -425 579
109641: -188 -231 -427 597
109642: -188 -231 -428 606
109643: -188 -231 -429 615
109644: -188 -231 -430 624
109646: -188 -231 -432 642
109647: -188 -232 -505 570
109648: -188 -232 -506 579
109650: -188 -232 -508 597
109651: -188 -232 -509 606
109653: -188 -232 -511 624
109654: -188 -232 -512 633
109655: -188 -232 -513 642
109656: -188 -233 -586 570
109665: -188 -234 -667 570
109666: -188 -234 -668 579
109668: -188 -234 -670 597
109669: -188 -234 -671 606
109670: -188 -234 -672 615
109671: -188 -234 -673 624
109672: -188 -234 -674 633
109673: -188 -234 -675 642
109676: -197 -226 -21 589
109683: -197 -227 -100 571
109684: -197 -227 -101 580
109690: -197 -227 -107 634
109693: -197 -228 -182 580
109696: -197 -228 -185 607
109697: -197 -228 -186 616
109701: -197 -229 -262 571
109702: -197 -229 -263 580
109707: -197 -229 -268 625
109708: -197 -229 -269 634
109710: -197 -230 -343 571
109713: -197 -230 -346 598
109719: -197 -231 -424 571
109720: -197 -231 -425 580
109722: -197 -231 -427 598
109723: -197 -231 -428 607
109725: -197 -231 -430 625
109726: -197 -231 -431 634
109728: -197 -232 -505 571
109731: -197 -232 -508 598
109732: -197 -232 -509 607
109735: -197 -232 -512 634
109746: -197 -234 -667 571
109747: -197 -234 -668 580
109753: -197 -234 -674 634
109757: -206 -226 -21 590
109765: -206 -227 -101 581
109767: -206 -227 -103 599
109768: -206 -227 -104 608
109770: -206 -227 -106 626
109771: -206 -227 -107 635
109772: -206 -227 -108 644
109777: -206 -228 -185 608
109782: -206 -229 -262 572
109789: -206 -229 -269 635
109791: -206 -230 -343 572
109792: -206 -230 -344 581
109795: -206 -230 -347 608
109798: -206 -230 -350 635
109799: -206 -230 -351 644
109800: -206 -231 -424 572
109801: -206 -231 -425 581
109803: -206 -231 -427 599
109804: -206 -231 -428 608
109806: -206 -231 -430 626
109807: -206 -231 -431 635
109808: -206 -231 -432 644
109809: -206 -232 -505 572
109816: -206 -232 -512 635
109827: -206 -234 -667 572
109838: -215 -226 -21 591
109846: -215 -227 -101 582
109852: -215 -227 -107 636
109858: -215 -228 -185 609
109872: -215 -230 -343 573
109873: -215 -230 -344 582
109876: -215 -230 -347 609
109877: -215 -230 -348 618
109878: -215 -230 -349 627
109879: -215 -230 -350 636
109880: -215 -230 -351 645
109881: -215 -231 -424 573
109882: -215 -231 -425 582
109884: -215 -231 -427 600
109885: -215 -231 -428 609
109887: -215 -231 -430 627
109890: -215 -232 -505 573
109908: -215 -234 -667 573
109915: -215 -234 -674 636
109919: -224 -226 -21 592
109927: -224 -227 -101 583
109933: -224 -227 -107 637
109939: -224 -228 -185 610
109943: -224 -228 -189 646
109944: -224 -229 -262 574
109945: -224 -229 -263 583
109947: -224 -229 -265 601
109951: -224 -229 -269 637
109952: -224 -229 -270 646
109953: -224 -230 -343 574
109954: -224 -230 -344 583
109957: -224 -230 -347 610
109958: -224 -230 -348 619
109959: -224 -230 -349 628
109960: -224 -230 -350 637
109961: -224 -230 -351 646
109962: -224 -231 -424 574
109963: -224 -231 -425 583
109965: -224 -231 -427 601
109969: -224 -231 -431 637
109970: -224 -231 -432 646
109971: -224 -232 -505 574
109979: -224 -232 -513 646
109989: -224 -234 -667 574
109990: -224 -234 -668 583
109992: -224 -234 -670 601
109993: -224 -234 -671 610
109994: -224 -234 -672 619
109995: -224 -234 -673 628
109996: -224 -234 -674 637
109997: -224 -234 -675 646
110008: -233 -227 -101 584
110061: -233 -233 -586 575
110062: -233 -233 -587 584
110064: -233 -233 -589 602
110065: -233 -233 -590 611
110066: -233 -233 -591 620
110067: -233 -233 -592 629
110068: -233 -233 -593 638
110069: -233 -233 -594 647
110081: -242 -226 -21 594
110095: -242 -227 -107 639
110106: -242 -229 -262 576
110115: -242 -230 -343 576
110120: -242 -230 -348 621
110121: -242 -230 -349 630
110122: -242 -230 -350 639
110123: -242 -230 -351 648
110124: -242 -231 -424 576
110131: -242 -231 -431 639
110138: -242 -232 -510 621
110151: -242 -234 -667 576
110164: -251 -307 -32 604
110169: -251 -308 -109 568
110170: -251 -308 -110 577
110171: -251 -308 -111 586
110172: -251 -308 -112 595
110173: -251 -308 -113 604
110174: -251 -308 -114 613
110175: -251 -308 -115 622
110176: -251 -308 -116 631
110177: -251 -308 -117 640
110178: -251 -309 -190 568
110179: -251 -309 -191 577
110180: -251 -309 -192 586
110181: -251 -309 -193 595
110182: -251 -309 -194 604
110183: -251 -309 -195 613
110184: -251 -309 -196 622
110185: -251 -309 -197 631
110186: -251 -309 -198 640
110187: -251 -310 -271 568
110188: -251 -310 -272 577
110189: -251 -310 -273 586
110192: -251 -310 -276 613
110193: -251 -310 -277 622
110195: -251 -310 -279 640
110197: -251 -311 -353 577
110198: -251 -311 -354 586
110201: -251 -311 -357 613
110202: -251 -311 -358 622
110203: -251 -311 -359 631
110204: -251 -311 -360 640
110205: -251 -312 -433 568
110206: -251 -312 -434 577
110207: -251 -312 -435 586
110208: -251 -312 -436 595
110209: -251 -312 -437 604
110211: -251 -312 -439 622
110212: -251 -312 -440 631
110213: -251 -312 -441 640
110214: -251 -313 -514 568
110216: -251 -313 -516 586
110218: -251 -313 -518 604
110219: -251 -313 -519 613
110225: -251 -314 -597 586
110232: -251 -315 -676 568
110233: -251 -315 -677 577
110234: -251 -315 -678 586
110235: -251 -315 -679 595
110236: -251 -315 -680 604
110237: -251 -315 -681 613
110238: -251 -315 -682 622
110239: -251 -315 -683 631
110240: -251 -315 -684 640
110245: -260 -307 -32 605
110250: -260 -308 -109 569
110251: -260 -308 -110 578
110252: -260 -308 -111 587
110254: -260 -308 -113 605
110255: -260 -308 -114 614
110256: -260 -308 -115 623
110258: -260 -308 -117 641
110261: -260 -309 -192 587
110263: -260 -309 -194 605
110265: -260 -309 -196 623
110269: -260 -310 -272 578
110270: -260 -310 -273 587
110273: -260 -310 -276 614
110274: -260 -310 -277 623
110278: -260 -311 -353 578
110279: -260 -311 -354 587
110282: -260 -311 -357 614
110283: -260 -311 -358 623
110285: -260 -311 -360 641
110286: -260 -312 -433 569
110291: -260 -312 -438 614
110295: -260 -313 -514 569
110296: -260 -313 -515 578
110314: -260 -315 -677 578
110326: -269 -307 -32 606
110332: -269 -308 -110 579
110333: -269 -308 -111 588
110335: -269 -308 -113 606
110337: -269 -308 -115 624
110340: -269 -309 -190 570
110341: -269 -309 -191 579
110342: -269 -309 -192 588
110345: -269 -309 -195 615
110346: -269 -309 -196 624
110347: -269 -309 -197 633
110348: -269 -309 -198 642
110350: -269 -310 -272 579
110354: -269 -310 -276 615
110359: -269 -311 -353 579
110360: -269 -311 -354 588
110363: -269 -311 -357 615
110364: -269 -311 -358 624
110366: -269 -311 -360 642
110367: -269 -312 -433 570
110376: -269 -313 -514 570
110407: -278 -307 -32 607
110413: -278 -308 -110 580
110414: -278 -308 -111 589
110416: -278 -308 -113 607
110418: -278 -308 -115 625
110420: -278 -308 -117 643
110421: -278 -309 -190 571
110422: -278 -309 -191 580
110423: -278 -309 -192 589
110426: -278 -309 -195 616
110427: -278 -309 -196 625
110428: -278 -309 -197 634
110440: -278 -311 -353 580
110441: -278 -311 -354 589
110444: -278 -311 -357 616
110445: -278 -311 -358 625
110447: -278 -311 -360 643
110448: -278 -312 -433 571
110457: -278 -313 -514 571
110459: -278 -313 -516 589
110488: -287 -307 -32 608
110493: -287 -308 -109 572
110494: -287 -308 -110 581
110497: -287 -308 -113 608
110498: -287 -308 -114 617
110499: -287 -308 -115 626
110504: -287 -309 -192 590
110507: -287 -309 -195 617
110521: -287 -311 -353 581
110522: -287 -311 -354 590
110525: -287 -311 -357 617
110526: -287 -311 -358 626
110528: -287 -311 -360 644
110533: -287 -312 -437 608
110537: -287 -312 -441 644
110538: -287 -313 -514 572
110560: -287 -315 -680 608
110569: -296 -307 -32 609
110576: -296 -308 -111 591
110578: -296 -308 -113 609
110583: -296 -309 -190 573
110584: -296 -309 -191 582
110585: -296 -309 -192 591
110586: -296 -309 -193 600
110587: -296 -309 -194 609
110594: -296 -310 -273 591
110602: -296 -311 -353 582
110603: -296 -311 -354 591
110606: -296 -311 -357 618
110607: -296 -311 -358 627
110609: -296 -311 -360 645
110637: -296 -315 -676 573
110650: -305 -307 -32 610
110656: -305 -308 -110 583
110657: -305 -308 -111 592
110659: -305 -308 -113 610
110663: -305 -308 -117 646
110664: -305 -309 -190 574
110666: -305 -309 -192 592
110669: -305 -309 -195 619
110675: -305 -310 -273 592
110683: -305 -311 -353 583
110684: -305 -311 -354 592
110687: -305 -311 -357 619
110688: -305 -311 -358 628
110690: -305 -311 -360 646
110699: -305 -312 -441 646
110700: -305 -313 -514 574
110705: -305 -313 -519 619
110790: -314 -314 -595 575
110791: -314 -314 -596 584
110792: -314 -314 -597 593
110794: -314 -314 -599 611
110796: -314 -314 -601 629
110797: -314 -314 -602 638
110798: -314 -314 -603 647
110812: -323 -307 -32 612
110818: -323 -308 -110 585
110819: -323 -308 -111 594
110821: -323 -308 -113 612
110828: -323 -309 -192 594
110831: -323 -309 -195 621
110845: -323 -311 -353 585
110846: -323 -311 -354 594
110850: -323 -311 -358 630
110852: -323 -311 -360 648
110892: -332 -388 -40 595
110898: -332 -389 -118 568
110899: -332 -389 -119 577
110900: -332 -389 -120 586
110901: -332 -389 -121 595
110902: -332 -389 -122 604
110903: -332 -389 -123 613
110904: -332 -389 -124 622
110905: -332 -389 -125 631
110906: -332 -389 -126 640
110907: -332 -390 -199 568
110908: -332 -390 -200 577
110909: -332 -390 -201 586
110910: -332 -390 -202 595
110911: -332 -390 -203 604
110912: -332 -390 -204 613
110913: -332 -390 -205 622
110914: -332 -390 -206 631
110915: -332 -390 -207 640
110917: -332 -391 -281 577
110918: -332 -391 -282 586
110919: -332 -391 -283 595
110920: -332 -391 -284 604
110921: -332 -391 -285 613
110922: -332 -391 -286 622
110923: -332 -391 -287 631
110924: -332 -391 -288 640
110925: -332 -392 -361 568
110926: -332 -392 -362 577
110927: -332 -392 -363 586
110930: -332 -392 -366 613
110931: -332 -392 -367 622
110933: -332 -392 -369 640
110934: -332 -393 -442 568
110935: -332 -393 -443 577
110936: -332 -393 -444 586
110937: -332 -393 -445 595
110938: -332 -393 -446 604
110939: -332 -393 -447 613
110940: -332 -393 -448 622
110941: -332 -393 -449 631
110942: -332 -393 -450 640
110943: -332 -394 -523 568
110945: -332 -394 -525 586
110946: -332 -394 -526 595
110948: -332 -394 -528 613
110961: -332 -396 -685 568
110962: -332 -396 -686 577
110963: -332 -396 -687 586
110964: -332 -396 -688 595
110965: -332 -396 -689 604
110966: -332 -396 -690 613
110967: -332 -396 -691 622
110968: -332 -396 -692 631
110969: -332 -396 -693 640
110973: -341 -388 -40 596
110979: -341 -389 -118 569
110980: -341 -389 -119 578
110985: -341 -389 -124 623
110986: -341 -389 -125 632
110989: -341 -390 -200 578
110990: -341 -390 -201 587
110991: -341 -390 -202 596
110994: -341 -390 -205 623
110995: -341 -390 -206 632
110998: -341 -391 -281 578
111003: -341 -391 -286 623
111005: -341 -391 -288 641
111006: -341 -392 -361 569
111008: -341 -392 -363 587
111015: -341 -393 -442 569
111018: -341 -393 -445 596
111022: -341 -393 -449 632
111024: -341 -394 -523 569
111025: -341 -394 -524 578
111049: -341 -396 -692 632
111054: -350 -388 -40 597
111061: -350 -389 -119 579
111062: -350 -389 -120 588
111065: -350 -389 -123 615
111066: -350 -389 -124 624
111067: -350 -389 -125 633
111068: -350 -389 -126 642
111069: -350 -390 -199 570
111070: -350 -390 -200 579
111071: -350 -390 -201 588
111072: -350 -390 -202 597
111074: -350 -390 -204 615
111075: -350 -390 -205 624
111076: -350 -390 -206 633
111079: -350 -391 -281 579
111080: -350 -391 -282 588
111083: -350 -391 -285 615
111084: -350 -391 -286 624
111085: -350 -391 -287 633
111086: -350 -391 -288 642
111088: -350 -392 -362 579
111093: -350 -392 -367 624
111104: -350 -393 -450 642
111105: -350 -394 -523 570
111124: -350 -396 -686 579
111126: -350 -396 -688 597
111130: -350 -396 -692 633
111135: -359 -388 -40 598
111142: -359 -389 -119 580
111143: -359 -389 -120 589
111150: -359 -390 -199 571
111152: -359 -390 -201 589
111155: -359 -390 -204 616
111156: -359 -390 -205 625
111158: -359 -390 -207 643
111160: -359 -391 -281 580
111161: -359 -391 -282 589
111162: -359 -391 -283 598
111164: -359 -391 -285 616
111165: -359 -391 -286 625
111167: -359 -391 -288 643
111178: -359 -393 -443 580
111179: -359 -393 -444 589
111180: -359 -393 -445 598
111182: -359 -393 -447 616
111183: -359 -393 -448 625
111184: -359 -393 -449 634
111185: -359 -393 -450 643
111186: -359 -394 -523 571
111204: -359 -396 -685 571
111216: -368 -388 -40 599
111223: -368 -389 -119 581
111228: -368 -389 -124 626
111229: -368 -389 -125 635
111231: -368 -390 -199 572
111232: -368 -390 -200 581
111233: -368 -390 -201 590
111237: -368 -390 -205 626
111242: -368 -391 -282 590
111246: -368 -391 -286 626
111256: -368 -392 -368 635
111258: -368 -393 -442 572
111266: -368 -393 -450 644
111267: -368 -394 -523 572
111269: -368 -394 -525 590
111285: -368 -396 -685 572
111297: -377 -388 -40 600
111303: -377 -389 -118 573
111304: -377 -389 -119 582
111305: -377 -389 -120 591
111309: -377 -389 -124 627
111312: -377 -390 -199 573
111315: -377 -390 -202 600
111316: -377 -390 -203 609
111317: -377 -390 -204 618
111318: -377 -390 -205 627
111320: -377 -390 -207 645
111322: -377 -391 -281 582
111323: -377 -391 -282 591
111327: -377 -391 -286 627
111332: -377 -392 -363 591
111338: -377 -392 -369 645
111344: -377 -393 -447 618
111348: -377 -394 -523 573
111356: -377 -394 -531 645
111366: -377 -396 -685 573
111378: -386 -388 -40 601
111385: -386 -389 -119 583
111391: -386 -389 -125 637
111393: -386 -390 -199 574
111394: -386 -390 -200 583
111395: -386 -390 -201 592
111403: -386 -391 -281 583
111404: -386 -391 -282 592
111405: -386 -391 -283 601
111407: -386 -391 -285 619
111408: -386 -391 -286 628
111409: -386 -391 -287 637
111410: -386 -391 -288 646
111413: -386 -392 -363 592
111420: -386 -393 -442 574
111429: -386 -394 -523 574
111430: -386 -394 -524 583
111519: -395 -395 -604 575
111520: -395 -395 -605 584
111521: -395 -395 -606 593
111522: -395 -395 -607 602
111523: -395 -395 -608 611
111525: -395 -395 -610 629
111526: -395 -395 -611 638
111527: -395 -395 -612 647
111540: -404 -388 -40 603
111552: -404 -389 -124 630
111555: -404 -390 -199 576
111557: -404 -390 -201 594
111558: -404 -390 -202 603
111560: -404 -390 -204 621
111561: -404 -390 -205 630
111624: -413 -469 -52 622
111627: -413 -470 -127 568
111628: -413 -470 -128 577
111629: -413 -470 -129 586
111630: -413 -470 -130 595
111631: -413 -470 -131 604
111632: -413 -470 -132 613
111633: -413 -470 -133 622
111634: -413 -470 -134 631
111635: -413 -470 -135 640
111636: -413 -471 -208 568
111637: -413 -471 -209 577
111638: -413 -471 -210 586
111639: -413 -471 -211 595
111640: -413 -471 -212 604
111641: -413 -471 -213 613
111642: -413 -471 -214 622
111643: -413 -471 -215 631
111644: -413 -471 -216 640
111645: -413 -472 -289 568
111646: -413 -472 -290 577
111647: -413 -472 -291 586
111648: -413 -472 -292 595
111649: -413 -472 -293 604
111650: -413 -472 -294 613
111651: -413 -472 -295 622
111652: -413 -472 -296 631
111653: -413 -472 -297 640
111654: -413 -473 -370 568
111655: -413 -473 -371 577
111656: -413 -473 -372 586
111657: -413 -473 -373 595
111658: -413 -473 -374 604
111659: -413 -473 -375 613
111660: -413 -473 -376 622
111661: -413 -473 -377 631
111662: -413 -473 -378 640
111664: -413 -474 -452 577
111665: -413 -474 -453 586
111666: -413 -474 -454 595
111667: -413 -474 -455 604
111669: -413 -474 -457 622
111675: -413 -475 -535 595
111676: -413 -475 -536 604
111677: -413 -475 -537 613
111690: -413 -477 -694 568
111691: -413 -477 -695 577
111692: -413 -477 -696 586
111693: -413 -477 -697 595
111694: -413 -477 -698 604
111695: -413 -477 -699 613
111696: -413 -477 -700 622
111698: -413 -477 -702 640
111705: -422 -469 -52 623
111708: -422 -470 -127 569
111709: -422 -470 -128 578
111719: -422 -471 -210 587
111726: -422 -472 -289 569
111728: -422 -472 -291 587
111731: -422 -472 -294 614
111732: -422 -472 -295 623
111734: -422 -472 -297 641
111737: -422 -473 -372 587
111738: -422 -473 -373 596
111740: -422 -473 -375 614
111741: -422 -473 -376 623
111743: -422 -473 -378 641
111771: -422 -477 -694 569
111772: -422 -477 -695 578
111775: -422 -477 -698 605
111786: -431 -469 -52 624
111790: -431 -470 -128 579
111799: -431 -471 -209 579
111800: -431 -471 -210 588
111806: -431 -471 -216 642
111818: -431 -473 -372 588
111819: -431 -473 -373 597
111829: -431 -474 -455 606
111836: -431 -475 -534 588
111852: -431 -477 -694 570
111853: -431 -477 -695 579
111855: -431 -477 -697 597
111856: -431 -477 -698 606
111857: -431 -477 -699 615
111858: -431 -477 -700 624
111859: -431 -477 -701 633
111860: -431 -477 -702 642
111867: -440 -469 -52 625
111871: -440 -470 -128 580
111874: -440 -470 -131 607
111881: -440 -471 -210 589
111883: -440 -471 -212 607
111888: -440 -472 -289 571
111895: -440 -472 -296 634
111897: -440 -473 -370 571
111900: -440 -473 -373 598
111933: -440 -477 -694 571
111937: -440 -477 -698 607
111948: -449 -469 -52 626
111952: -449 -470 -128 581
111955: -449 -470 -131 608
111964: -449 -471 -212 608
111969: -449 -472 -289 572
111973: -449 -472 -293 608
111978: -449 -473 -370 572
111981: -449 -473 -373 599
112000: -449 -475 -536 608
112014: -449 -477 -694 572
112029: -458 -469 -52 627
112033: -458 -470 -128 582
112034: -458 -470 -129 591
112035: -458 -470 -130 600
112036: -458 -470 -131 609
112041: -458 -471 -208 573
112042: -458 -471 -209 582
112043: -458 -471 -210 591
112044: -458 -471 -211 600
112045: -458 -471 -212 609
112046: -458 -471 -213 618
112047: -458 -471 -214 627
112048: -458 -471 -215 636
112049: -458 -471 -216 645
112050: -458 -472 -289 573
112051: -458 -472 -290 582
112052: -458 -472 -291 591
112053: -458 -472 -292 600
112054: -458 -472 -293 609
112055: -458 -472 -294 618
112056: -458 -472 -295 627
112057: -458 -472 -296 636
112058: -458 -472 -297 645
112059: -458 -473 -370 573
112060: -458 -473 -371 582
112061: -458 -473 -372 591
112062: -458 -473 -373 600
112063: -458 -473 -374 609
112065: -458 -473 -376 627
112066: -458 -473 -377 636
112067: -458 -473 -378 645
112079: -458 -475 -534 591
112082: -458 -475 -537 618
112095: -458 -477 -694 573
112110: -467 -469 -52 628
112114: -467 -470 -128 583
112124: -467 -471 -210 592
112140: -467 -473 -370 574
112143: -467 -473 -373 601
112176: -467 -477 -694 574
112248: -476 -476 -613 575
112249: -476 -476 -614 584
112250: -476 -476 -615 593
112251: -476 -476 -616 602
112252: -476 -476 -617 611
112253: -476 -476 -618 620
112254: -476 -476 -619 629
112255: -476 -476 -620 638
112256: -476 -476 -621 647
112272: -485 -469 -52 630
112276: -485 -470 -128 585
112284: -485 -471 -208 576
112286: -485 -471 -210 594
112302: -485 -473 -370 576
112338: -485 -477 -694 576
112340: -485 -477 -696 594
112354: -494 -550 -62 631
112356: -494 -551 -136 568
112357: -494 -551 -137 577
112358: -494 -551 -138 586
112359: -494 -551 -139 595
112360: -494 -551 -140 604
112361: -494 -551 -141 613
112364: -494 -551 -144 640
112365: -494 -552 -217 568
112366: -494 -552 -218 577
112367: -494 -552 -219 586
112368: -494 -552 -220 595
112370: -494 -552 -222 613
112371: -494 -552 -223 622
112372: -494 -552 -224 631
112373: -494 -552 -225 640
112374: -494 -553 -298 568
112378: -494 -553 -302 604
112385: -494 -554 -381 586
112386: -494 -554 -382 595
112393: -494 -555 -461 577
112394: -494 -555 -462 586
112395: -494 -555 -463 595
112396: -494 -555 -464 604
112399: -494 -555 -467 631
112419: -494 -558 -703 568
112421: -494 -558 -705 586
112426: -494 -558 -710 631
112435: -503 -550 -62 632
112437: -503 -551 -136 569
112438: -503 -551 -137 578
112449: -503 -552 -220 596
112450: -503 -552 -221 605
112451: -503 -552 -222 614
112454: -503 -552 -225 641
112455: -503 -553 -298 569
112459: -503 -553 -302 605
112464: -503 -554 -379 569
112467: -503 -554 -382 596
112485: -503 -556 -544 596
112486: -503 -556 -545 605
112500: -503 -558 -703 569
112516: -512 -550 -62 633
112519: -512 -551 -137 579
112527: -512 -552 -217 570
112528: -512 -552 -218 579
112529: -512 -552 -219 588
112533: -512 -552 -223 624
112534: -512 -552 -224 633
112536: -512 -553 -298 570
112538: -512 -553 -300 588
112540: -512 -553 -302 606
112547: -512 -554 -381 588
112552: -512 -554 -386 633
112555: -512 -555 -461 579
112558: -512 -555 -464 606
112571: -512 -556 -549 642
112583: -512 -558 -705 588
112597: -521 -550 -62 634
112609: -521 -552 -218 580
112610: -521 -552 -219 589
112612: -521 -552 -221 607
112613: -521 -552 -222 616
112678: -530 -550 -62 635
112692: -530 -552 -220 599
112693: -530 -552 -221 608
112694: -530 -552 -222 617
112698: -530 -553 -298 572
112702: -530 -553 -302 608
112759: -539 -550 -62 636
112762: -539 -551 -137 582
112774: -539 -552 -221 609
112775: -539 -552 -222 618
112779: -539 -553 -298 573
112788: -539 -554 -379 573
112796: -539 -554 -387 645
112798: -539 -555 -461 582
112799: -539 -555 -462 591
112801: -539 -555 -464 609
112805: -539 -555 -468 645
112824: -539 -558 -703 573
112840: -548 -550 -62 637
112843: -548 -551 -137 583
112851: -548 -552 -217 574
112852: -548 -552 -218 583
112853: -548 -552 -219 592
112855: -548 -552 -221 610
112856: -548 -552 -222 619
112858: -548 -552 -224 637
112859: -548 -552 -225 646
112864: -548 -553 -302 610
112868: -548 -553 -306 646
112872: -548 -554 -382 601
112886: -548 -555 -468 646
112894: -548 -556 -548 637
112905: -548 -558 -703 574
112906: -548 -558 -704 583
112907: -548 -558 -705 592
112908: -548 -558 -706 601
112909: -548 -558 -707 610
112910: -548 -558 -708 619
112911: -548 -558 -709 628
112912: -548 -558 -710 637
112913: -548 -558 -711 646
112977: -557 -557 -622 575
112978: -557 -557 -623 584
112979: -557 -557 -624 593
112981: -557 -557 -626 611
113002: -566 -550 -62 639
113018: -566 -552 -222 621
113020: -566 -552 -224 639
113022: -566 -553 -298 576
113104: -575 -634 -308 577
113105: -575 -634 -309 586
113107: -575 -634 -311 604
113108: -575 -634 -312 613
113109: -575 -634 -313 622
113111: -575 -634 -315 640
113112: -575 -635 -388 568
113113: -575 -635 -389 577
113114: -575 -635 -390 586
113117: -575 -635 -393 613
113118: -575 -635 -394 622
113120: -575 -635 -396 640
113121: -575 -636 -469 568
113122: -575 -636 -470 577
113123: -575 -636 -471 586
113124: -575 -636 -472 595
113125: -575 -636 -473 604
113129: -575 -636 -477 640
113146: -575 -638 -638 631
113148: -575 -639 -712 568
113149: -575 -639 -713 577
113150: -575 -639 -714 586
113151: -575 -639 -715 595
113152: -575 -639 -716 604
113154: -575 -639 -718 622
113165: -584 -631 -72 641
113175: -584 -633 -226 569
113176: -584 -633 -227 578
113183: -584 -633 -234 641
113184: -584 -634 -307 569
113188: -584 -634 -311 605
113189: -584 -634 -312 614
113190: -584 -634 -313 623
113192: -584 -634 -315 641
113193: -584 -635 -388 569
113195: -584 -635 -390 587
113196: -584 -635 -391 596
113198: -584 -635 -393 614
113199: -584 -635 -394 623
113201: -584 -635 -396 641
113202: -584 -636 -469 569
113203: -584 -636 -470 578
113205: -584 -636 -472 596
113206: -584 -636 -473 605
113208: -584 -636 -475 623
113210: -584 -636 -477 641
113227: -584 -638 -638 632
113230: -584 -639 -713 578
113232: -584 -639 -715 596
113235: -584 -639 -718 623
113246: -593 -631 -72 642
113247: -593 -632 -145 570
113249: -593 -632 -147 588
113250: -593 -632 -148 597
113251: -593 -632 -149 606
113265: -593 -634 -307 570
113266: -593 -634 -308 579
113269: -593 -634 -311 606
113270: -593 -634 -312 615
113273: -593 -634 -315 642
113274: -593 -635 -388 570
113275: -593 -635 -389 579
113277: -593 -635 -391 597
113280: -593 -635 -394 624
113282: -593 -635 -396 642
113283: -593 -636 -469 570
113291: -593 -636 -477 642
113327: -602 -631 -72 643
113332: -602 -632 -149 607
113333: -602 -632 -150 616
113334: -602 -632 -151 625
113336: -602 -632 -153 643
113345: -602 -633 -234 643
113356: -602 -635 -389 580
113358: -602 -635 -391 598
113363: -602 -635 -396 643
113364: -602 -636 -469 571
113372: -602 -636 -477 643
113389: -602 -638 -638 634
113392: -602 -639 -713 580
113393: -602 -639 -714 589
113395: -602 -639 -716 607
113396: -602 -639 -717 616
113397: -602 -639 -718 625
113408: -611 -631 -72 644
113409: -611 -632 -145 572
113417: -611 -632 -153 644
113418: -611 -633 -226 572
113427: -611 -634 -307 572
113431: -611 -634 -311 608
113435: -611 -634 -315 644
113445: -611 -636 -469 572
113446: -611 -636 -470 581
113449: -611 -636 -473 608
113453: -611 -636 -477 644
113489: -620 -631 -72 645
113504: -620 -633 -231 618
113507: -620 -633 -234 645
113516: -620 -634 -315 645
113570: -629 -631 -72 646
113571: -629 -632 -145 574
113580: -629 -633 -226 574
113598: -629 -635 -388 574
113599: -629 -635 -389 583
113615: -629 -636 -477 646
113654: -638 -632 -147 593
113661: -638 -633 -226 575
113732: -647 -631 -72 648
113742: -647 -633 -226 576
113760: -647 -635 -388 576
113777: -647 -636 -477 648
113891: -665 -712 -78 614
113906: -665 -714 -237 587
113913: -665 -715 -316 569
113917: -665 -715 -320 605
113923: -665 -716 -398 578
113925: -665 -716 -400 596
113934: -665 -717 -481 596
113939: -665 -717 -486 641
113940: -665 -718 -559 569
113941: -665 -718 -560 578
113948: -665 -718 -567 641
113959: -665 -720 -722 578
113960: -665 -720 -723 587
113962: -665 -720 -725 605
113964: -665 -720 -727 623
113972: -674 -712 -78 615
113976: -674 -713 -154 570
113977: -674 -713 -155 579
113985: -674 -714 -235 570
113989: -674 -714 -239 606
113994: -674 -715 -316 570
113996: -674 -715 -318 588
113997: -674 -715 -319 597
113998: -674 -715 -320 606
113999: -674 -715 -321 615
114000: -674 -715 -322 624
114001: -674 -715 -323 633
114002: -674 -715 -324 642
114005: -674 -716 -399 588
114006: -674 -716 -400 597
114007: -674 -716 -401 606
114020: -674 -717 -486 642
114040: -674 -720 -722 579
114041: -674 -720 -723 588
114042: -674 -720 -724 597
114043: -674 -720 -725 606
114045: -674 -720 -727 624
114053: -683 -712 -78 616
114057: -683 -713 -154 571
114058: -683 -713 -155 580
114066: -683 -714 -235 571
114068: -683 -714 -237 589
114069: -683 -714 -238 598
114073: -683 -714 -242 634
114075: -683 -715 -316 571
114076: -683 -715 -317 580
114077: -683 -715 -318 589
114078: -683 -715 -319 598
114079: -683 -715 -320 607
114080: -683 -715 -321 616
114081: -683 -715 -322 625
114082: -683 -715 -323 634
114083: -683 -715 -324 643
114085: -683 -716 -398 580
114086: -683 -716 -399 589
114087: -683 -716 -400 598
114094: -683 -717 -479 580
114101: -683 -717 -486 643
114105: -683 -718 -562 598
114107: -683 -718 -564 616
114121: -683 -720 -722 580
114122: -683 -720 -723 589
114124: -683 -720 -725 607
114126: -683 -720 -727 625
114134: -692 -712 -78 617
114139: -692 -713 -155 581
114147: -692 -714 -235 572
114148: -692 -714 -236 581
114149: -692 -714 -237 590
114150: -692 -714 -238 599
114153: -692 -714 -241 626
114154: -692 -714 -242 635
114156: -692 -715 -316 572
114158: -692 -715 -318 590
114160: -692 -715 -320 608
114165: -692 -716 -397 572
114167: -692 -716 -399 590
114168: -692 -716 -400 599
114175: -692 -717 -479 581
114176: -692 -717 -480 590
114177: -692 -717 -481 599
114178: -692 -717 -482 608
114180: -692 -717 -484 626
114182: -692 -717 -486 644
114183: -692 -718 -559 572
114184: -692 -718 -560 581
114185: -692 -718 -561 590
114186: -692 -718 -562 599
114187: -692 -718 -563 608
114188: -692 -718 -564 617
114189: -692 -718 -565 626
114190: -692 -718 -566 635
114191: -692 -718 -567 644
114202: -692 -720 -722 581
114203: -692 -720 -723 590
114204: -692 -720 -724 599
114207: -692 -720 -727 626
114215: -701 -712 -78 618
114232: -701 -714 -239 609
114237: -701 -715 -316 573
114238: -701 -715 -317 582
114239: -701 -715 -318 591
114241: -701 -715 -320 609
114243: -701 -715 -322 627
114245: -701 -715 -324 645
114247: -701 -716 -398 582
114248: -701 -716 -399 591
114249: -701 -716 -400 600
114255: -701 -717 -478 573
114272: -701 -718 -567 645
114285: -701 -720 -724 600
114296: -710 -712 -78 619
114300: -710 -713 -154 574
114301: -710 -713 -155 583
114304: -710 -713 -158 610
114309: -710 -714 -235 574
114311: -710 -714 -237 592
114312: -710 -714 -238 601
114313: -710 -714 -239 610
114315: -710 -714 -241 628
114317: -710 -714 -243 646
114318: -710 -715 -316 574
114319: -710 -715 -317 583
114320: -710 -715 -318 592
114321: -710 -715 -319 601
114322: -710 -715 -320 610
114323: -710 -715 -321 619
114324: -710 -715 -322 628
114325: -710 -715 -323 637
114326: -710 -715 -324 646
114327: -710 -716 -397 574
114328: -710 -716 -398 583
114329: -710 -716 -399 592
114330: -710 -716 -400 601
114331: -710 -716 -401 610
114332: -710 -716 -402 619
114333: -710 -716 -403 628
114334: -710 -716 -404 637
114335: -710 -716 -405 646
114336: -710 -717 -478 574
114337: -710 -717 -479 583
114338: -710 -717 -480 592
114339: -710 -717 -481 601
114341: -710 -717 -483 619
114343: -710 -717 -485 637
114345: -710 -718 -559 574
114347: -710 -718 -561 592
114348: -710 -718 -562 601
114350: -710 -718 -564 619
114351: -710 -718 -565 628
114353: -710 -718 -567 646
114364: -710 -720 -722 583
114365: -710 -720 -723 592
114366: -710 -720 -724 601
114367: -710 -720 -725 610
114368: -710 -720 -726 619
114435: -719 -719 -640 575
114436: -719 -719 -641 584
114437: -719 -719 -642 593
114438: -719 -719 -643 602
114439: -719 -719 -644 611
114440: -719 -719 -645 620
114441: -719 -719 -646 629
114442: -719 -719 -647 638
115147: -72 -78 -407 665
115148: -72 -78 -408 674
115149: -72 -78 -409 683
115150: -72 -78 -410 692
115151: -72 -78 -411 701
115152: -72 -78 -412 710
115153: -72 -78 -413 719
115154: -72 -78 -414 728
115264: -90 -154 -11 658
115274: -90 -155 -93 667
115275: -90 -155 -94 676
115276: -90 -155 -95 685
115277: -90 -155 -96 694
115278: -90 -155 -97 703
115279: -90 -155 -98 712
115345: -99 -154 -11 659
115362: -99 -156 -172 650
115364: -99 -156 -174 668
115370: -99 -156 -180 722
115371: -99 -157 -253 650
115375: -99 -157 -257 686
115379: -99 -157 -261 722
115380: -99 -158 -334 650
115383: -99 -158 -337 677
115384: -99 -158 -338 686
115385: -99 -158 -339 695
115386: -99 -158 -340 704
115387: -99 -158 -341 713
115389: -99 -159 -415 650
115393: -99 -159 -419 686
115394: -99 -159 -420 695
115395: -99 -159 -421 704
115396: -99 -159 -422 713
115398: -99 -160 -496 650
115400: -99 -160 -498 668
115401: -99 -160 -499 677
115402: -99 -160 -500 686
115403: -99 -160 -501 695
115404: -99 -160 -502 704
115405: -99 -160 -503 713
115406: -99 -160 -504 722
115407: -99 -161 -577 650
115409: -99 -161 -579 668
115410: -99 -161 -580 677
115411: -99 -161 -581 686
115412: -99 -161 -582 695
115414: -99 -161 -584 713
115426: -108 -154 -11 660
115437: -108 -155 -94 678
115443: -108 -156 -172 651
115445: -108 -156 -174 669
115451: -108 -156 -180 723
115452: -108 -157 -253 651
115454: -108 -157 -255 669
115455: -108 -157 -256 678
115457: -108 -157 -258 696
115458: -108 -157 -259 705
115459: -108 -157 -260 714
115460: -108 -157 -261 723
115461: -108 -158 -334 651
115463: -108 -158 -336 669
115464: -108 -158 -337 678
115466: -108 -158 -339 696
115467: -108 -158 -340 705
115468: -108 -158 -341 714
115469: -108 -158 -342 723
115472: -108 -159 -417 669
115473: -108 -159 -418 678
115474: -108 -159 -419 687
115477: -108 -159 -422 714
115478: -108 -159 -423 723
115479: -108 -160 -496 651
115483: -108 -160 -500 687
115485: -108 -160 -502 705
115486: -108 -160 -503 714
115487: -108 -160 -504 723
115488: -108 -161 -577 651
115490: -108 -161 -579 669
115496: -108 -161 -585 723
115507: -117 -154 -11 661
115517: -117 -155 -93 670
115519: -117 -155 -95 688
115526: -117 -156 -174 670
115532: -117 -156 -180 724
115533: -117 -157 -253 652
115542: -117 -158 -334 652
115545: -117 -158 -337 679
115554: -117 -159 -418 679
115555: -117 -159 -419 688
115556: -117 -159 -420 697
115557: -117 -159 -421 706
115558: -117 -159 -422 715
115559: -117 -159 -423 724
115560: -117 -160 -496 652
115562: -117 -160 -498 670
115563: -117 -160 -499 679
115564: -117 -160 -500 688
115566: -117 -160 -502 706
115567: -117 -160 -503 715
115568: -117 -160 -504 724
115569: -117 -161 -577 652
115577: -117 -161 -585 724
115588: -126 -154 -11 662
115599: -126 -155 -94 680
115607: -126 -156 -174 671
115613: -126 -156 -180 725
115614: -126 -157 -253 653
115618: -126 -157 -257 689
115623: -126 -158 -334 653
115632: -126 -159 -415 653
115637: -126 -159 -420 698
115640: -126 -159 -423 725
115641: -126 -160 -496 653
115643: -126 -160 -498 671
115644: -126 -160 -499 680
115645: -126 -160 -500 689
115647: -126 -160 -502 707
115648: -126 -160 -503 716
115649: -126 -160 -504 725
115650: -126 -161 -577 653
115658: -126 -161 -585 725
115669: -135 -154 -11 663
115679: -135 -155 -93 672
115680: -135 -155 -94 681
115694: -135 -156 -180 726
115703: -135 -157 -261 726
115704: -135 -158 -334 654
115712: -135 -158 -342 726
115736: -135 -161 -582 699
115739: -135 -161 -585 726
115750: -144 -154 -11 664
115761: -144 -155 -94 682
115762: -144 -155 -95 691
115763: -144 -155 -96 700
115769: -144 -156 -174 673
115775: -144 -156 -180 727
115784: -144 -157 -261 727
115817: -144 -161 -582 700
115820: -144 -161 -585 727
115831: -153 -154 -11 665
115842: -153 -155 -94 683
115843: -153 -155 -95 692
115844: -153 -155 -96 701
115845: -153 -155 -97 710
115850: -153 -156 -174 674
115856: -153 -156 -180 728
115857: -153 -157 -253 656
115865: -153 -157 -261 728
115866: -153 -158 -334 656
115874: -153 -158 -342 728
115875: -153 -159 -415 656
115883: -153 -159 -423 728
115884: -153 -160 -496 656
115892: -153 -160 -504 728
115893: -153 -161 -577 656
115983: -162 -162 -658 657
115985: -162 -162 -660 675
115986: -162 -162 -661 684
115987: -162 -162 -662 693
115988: -162 -162 -663 702
115989: -162 -162 -664 711
115990: -162 -162 -665 720
115991: -162 -162 -666 729
116011: -171 -237 -182 658
116013: -171 -237 -184 676
116014: -171 -237 -185 685
116015: -171 -237 -186 694
116016: -171 -237 -187 703
116017: -171 -237 -188 712
116028: -171 -239 -343 649
116075: -180 -235 -21 668
116082: -180 -236 -100 650
116083: -180 -236 -101 659
116085: -180 -236 -103 677
116086: -180 -236 -104 686
116087: -180 -236 -105 695
116088: -180 -236 -106 704
116089: -180 -236 -107 713
116107: -180 -238 -269 713
116108: -180 -238 -270 722
116109: -180 -239 -343 650
116110: -180 -239 -344 659
116113: -180 -239 -347 686
116114: -180 -239 -348 695
116115: -180 -239 -349 704
116116: -180 -239 -350 713
116117: -180 -239 -351 722
116118: -180 -240 -424 650
116119: -180 -240 -425 659
116130: -180 -241 -508 677
116133: -180 -241 -511 704
116134: -180 -241 -512 713
116135: -180 -241 -513 722
116137: -180 -242 -587 659
116144: -180 -242 -594 722
116156: -189 -235 -21 669
116163: -189 -236 -100 651
116164: -189 -236 -101 660
116170: -189 -236 -107 714
116181: -189 -238 -262 651
116182: -189 -238 -263 660
116184: -189 -238 -265 678
116185: -189 -238 -266 687
116186: -189 -238 -267 696
116187: -189 -238 -268 705
116188: -189 -238 -269 714
116189: -189 -238 -270 723
116190: -189 -239 -343 651
116191: -189 -239 -344 660
116193: -189 -239 -346 678
116194: -189 -239 -347 687
116195: -189 -239 -348 696
116196: -189 -239 -349 705
116197: -189 -239 -350 714
116198: -189 -239 -351 723
116199: -189 -240 -424 651
116202: -189 -240 -427 678
116204: -189 -240 -429 696
116205: -189 -240 -430 705
116206: -189 -240 -431 714
116207: -189 -240 -432 723
116208: -189 -241 -505 651
116209: -189 -241 -506 660
116211: -189 -241 -508 678
116212: -189 -241 -509 687
116213: -189 -241 -510 696
116214: -189 -241 -511 705
116215: -189 -241 -512 714
116216: -189 -241 -513 723
116217: -189 -242 -586 651
116218: -189 -242 -587 660
116220: -189 -242 -589 678
116221: -189 -242 -590 687
116222: -189 -242 -591 696
116224: -189 -242 -593 714
116225: -189 -242 -594 723
116237: -198 -235 -21 670
116245: -198 -236 -101 661
116252: -198 -236 -108 724
116258: -198 -237 -186 697
116262: -198 -238 -262 652
116263: -198 -238 -263 661
116265: -198 -238 -265 679
116267: -198 -238 -267 697
116268: -198 -238 -268 706
116269: -198 -238 -269 715
116270: -198 -238 -270 724
116271: -198 -239 -343 652
116274: -198 -239 -346 679
116276: -198 -239 -348 697
116280: -198 -240 -424 652
116298: -198 -242 -586 652
116306: -198 -242 -594 724
116318: -207 -235 -21 671
116326: -207 -236 -101 662
116333: -207 -236 -108 725
116337: -207 -237 -184 680
116343: -207 -238 -262 653
116347: -207 -238 -266 689
116349: -207 -238 -268 707
116352: -207 -239 -343 653
116361: -207 -240 -424 653
116364: -207 -240 -427 680
116365: -207 -240 -428 689
116366: -207 -240 -429 698
116367: -207 -240 -430 707
116368: -207 -240 -431 716
116369: -207 -240 -432 725
116370: -207 -241 -505 653
116377: -207 -241 -512 716
116378: -207 -241 -513 725
116379: -207 -242 -586 653
116384: -207 -242 -591 698
116385: -207 -242 -592 707
116387: -207 -242 -594 725
116399: -216 -235 -21 672
116414: -216 -236 -108 726
116424: -216 -238 -262 654
116433: -216 -239 -343 654
116438: -216 -239 -348 699
116440: -216 -239 -350 717
116441: -216 -239 -351 726
116442: -216 -240 -424 654
116465: -216 -242 -591 699
116466: -216 -242 -592 708
116480: -225 -235 -21 673
116488: -225 -236 -101 664
116495: -225 -236 -108 727
116508: -225 -238 -265 682
116514: -225 -239 -343 655
116522: -225 -239 -351 727
116532: -225 -241 -505 655
116533: -225 -241 -506 664
116535: -225 -241 -508 682
116536: -225 -241 -509 691
116538: -225 -241 -511 709
116539: -225 -241 -512 718
116540: -225 -241 -513 727
116541: -225 -242 -586 655
116561: -234 -235 -21 674
116569: -234 -236 -101 665
116576: -234 -236 -108 728
116582: -234 -237 -186 701
116586: -234 -238 -262 656
116587: -234 -238 -263 665
116589: -234 -238 -265 683
116591: -234 -238 -267 701
116592: -234 -238 -268 710
116593: -234 -238 -269 719
116594: -234 -238 -270 728
116595: -234 -239 -343 656
116596: -234 -239 -344 665
116599: -234 -239 -347 692
116600: -234 -239 -348 701
116601: -234 -239 -349 710
116602: -234 -239 -350 719
116603: -234 -239 -351 728
116604: -234 -240 -424 656
116613: -234 -241 -505 656
116614: -234 -241 -506 665
116616: -234 -241 -508 683
116617: -234 -241 -509 692
116618: -234 -241 -510 701
116620: -234 -241 -512 719
116621: -234 -241 -513 728
116622: -234 -242 -586 656
116623: -234 -242 -587 665
116625: -234 -242 -589 683
116626: -234 -242 -590 692
116627: -234 -242 -591 701
116628: -234 -242 -592 710
116629: -234 -242 -593 719
116630: -234 -242 -594 728
116712: -243 -243 -667 657
116713: -243 -243 -668 666
116715: -243 -243 -670 684
116716: -243 -243 -671 693
116717: -243 -243 -672 702
116718: -243 -243 -673 711
116719: -243 -243 -674 720
116720: -243 -243 -675 729
116725: -252 -316 -32 685
116730: -252 -317 -109 649
116731: -252 -317 -110 658
116732: -252 -317 -111 667
116733: -252 -317 -112 676
116734: -252 -317 -113 685
116735: -252 -317 -114 694
116736: -252 -317 -115 703
116737: -252 -317 -116 712
116738: -252 -317 -117 721
116739: -252 -318 -190 649
116740: -252 -318 -191 658
116741: -252 -318 -192 667
116742: -252 -318 -193 676
116743: -252 -318 -194 685
116744: -252 -318 -195 694
116745: -252 -318 -196 703
116746: -252 -318 -197 712
116747: -252 -318 -198 721
116748: -252 -319 -271 649
116749: -252 -319 -272 658
116750: -252 -319 -273 667
116753: -252 -319 -276 694
116754: -252 -319 -277 703
116755: -252 -319 -278 712
116758: -252 -320 -353 658
116759: -252 -320 -354 667
116762: -252 -320 -357 694
116763: -252 -320 -358 703
116764: -252 -320 -359 712
116765: -252 -320 -360 721
116766: -252 -321 -433 649
116767: -252 -321 -434 658
116768: -252 -321 -435 667
116769: -252 -321 -436 676
116770: -252 -321 -437 685
116771: -252 -321 -438 694
116772: -252 -321 -439 703
116773: -252 -321 -440 712
116774: -252 -321 -441 721
116775: -252 -322 -514 649
116776: -252 -322 -515 658
116777: -252 -322 -516 667
116778: -252 -322 -517 676
116780: -252 -322 -519 694
116782: -252 -322 -521 712
116783: -252 -322 -522 721
116784: -252 -323 -595 649
116786: -252 -323 -597 667
116788: -252 -323 -599 685
116790: -252 -323 -601 703
116792: -252 -323 -603 721
116806: -261 -316 -32 686
116811: -261 -317 -109 650
116812: -261 -317 -110 659
116813: -261 -317 -111 668
116815: -261 -317 -113 686
116816: -261 -317 -114 695
116818: -261 -317 -116 713
116821: -261 -318 -191 659
116822: -261 -318 -192 668
116824: -261 -318 -194 686
116825: -261 -318 -195 695
116826: -261 -318 -196 704
116827: -261 -318 -197 713
116839: -261 -320 -353 659
116840: -261 -320 -354 668
116841: -261 -320 -355 677
116843: -261 -320 -357 695
116844: -261 -320 -358 704
116845: -261 -320 -359 713
116846: -261 -320 -360 722
116856: -261 -322 -514 650
116858: -261 -322 -516 668
116887: -270 -316 -32 687
116896: -270 -317 -113 687
116898: -270 -317 -115 705
116901: -270 -318 -190 651
116903: -270 -318 -192 669
116909: -270 -318 -198 723
116921: -270 -320 -354 669
116924: -270 -320 -357 696
116925: -270 -320 -358 705
116947: -270 -323 -596 660
116949: -270 -323 -598 678
116951: -270 -323 -600 696
116953: -270 -323 -602 714
116968: -279 -316 -32 688
116983: -279 -318 -191 661
116984: -279 -318 -192 670
116988: -279 -318 -196 706
116989: -279 -318 -197 715
117001: -279 -320 -353 661
117002: -279 -320 -354 670
117005: -279 -320 -357 697
117006: -279 -320 -358 706
117025: -279 -322 -521 715
117027: -279 -323 -595 652
117049: -288 -316 -32 689
117054: -288 -317 -109 653
117055: -288 -317 -110 662
117058: -288 -317 -113 689
117064: -288 -318 -191 662
117065: -288 -318 -192 671
117069: -288 -318 -196 707
117070: -288 -318 -197 716
117082: -288 -320 -353 662
117083: -288 -320 -354 671
117086: -288 -320 -357 698
117087: -288 -320 -358 707
117088: -288 -320 -359 716
117090: -288 -321 -433 653
117103: -288 -322 -518 689
117108: -288 -323 -595 653
117130: -297 -316 -32 690
117139: -297 -317 -113 690
117150: -297 -318 -196 708
117151: -297 -318 -197 717
117164: -297 -320 -354 672
117169: -297 -320 -359 717
117171: -297 -321 -433 654
117211: -306 -316 -32 691
117220: -306 -317 -113 691
117226: -306 -318 -191 664
117229: -306 -318 -194 691
117231: -306 -318 -196 709
117235: -306 -319 -272 664
117248: -306 -320 -357 700
117249: -306 -320 -358 709
117252: -306 -321 -433 655
117292: -315 -316 -32 692
117301: -315 -317 -113 692
117308: -315 -318 -192 674
117311: -315 -318 -195 701
117312: -315 -318 -196 710
117316: -315 -319 -272 665
117317: -315 -319 -273 674
117320: -315 -319 -276 701
117321: -315 -319 -277 710
117325: -315 -320 -353 665
117326: -315 -320 -354 674
117329: -315 -320 -357 701
117330: -315 -320 -358 710
117331: -315 -320 -359 719
117332: -315 -320 -360 728
117333: -315 -321 -433 656
117342: -315 -322 -514 656
117351: -315 -323 -595 656
117353: -315 -323 -597 674
117441: -324 -324 -676 657
117442: -324 -324 -677 666
117445: -324 -324 -680 693
117446: -324 -324 -681 702
117447: -324 -324 -682 711
117448: -324 -324 -683 720
117449: -324 -324 -684 729
117453: -333 -397 -40 676
117459: -333 -398 -118 649
117460: -333 -398 -119 658
117461: -333 -398 -120 667
117462: -333 -398 -121 676
117463: -333 -398 -122 685
117464: -333 -398 -123 694
117465: -333 -398 -124 703
117466: -333 -398 -125 712
117467: -333 -398 -126 721
117468: -333 -399 -199 649
117469: -333 -399 -200 658
117470: -333 -399 -201 667
117471: -333 -399 -202 676
117472: -333 -399 -203 685
117473: -333 -399 -204 694
117474: -333 -399 -205 703
117475: -333 -399 -206 712
117476: -333 -399 -207 721
117478: -333 -400 -281 658
117479: -333 -400 -282 667
117480: -333 -400 -283 676
117481: -333 -400 -284 685
117482: -333 -400 -285 694
117483: -333 -400 -286 703
117484: -333 -400 -287 712
117485: -333 -400 -288 721
117486: -333 -401 -361 649
117487: -333 -401 -362 658
117488: -333 -401 -363 667
117491: -333 -401 -366 694
117492: -333 -401 -367 703
117493: -333 -401 -368 712
117495: -333 -402 -442 649
117496: -333 -402 -443 658
117497: -333 -402 -444 667
117498: -333 -402 -445 676
117499: -333 -402 -446 685
117500: -333 -402 -447 694
117501: -333 -402 -448 703
117502: -333 -402 -449 712
117503: -333 -402 -450 721
117504: -333 -403 -523 649
117505: -333 -403 -524 658
117506: -333 -403 -525 667
117507: -333 -403 -526 676
117508: -333 -403 -527 685
117509: -333 -403 -528 694
117510: -333 -403 -529 703
117512: -333 -403 -531 721
117513: -333 -404 -604 649
117516: -333 -404 -607 676
117519: -333 -404 -610 703
117534: -342 -397 -40 677
117540: -342 -398 -118 650
117541: -342 -398 -119 659
117548: -342 -398 -126 722
117549: -342 -399 -199 650
117550: -342 -399 -200 659
117552: -342 -399 -202 677
117554: -342 -399 -204 695
117555: -342 -399 -205 704
117556: -342 -399 -206 713
117559: -342 -400 -281 659
117560: -342 -400 -282 668
117561: -342 -400 -283 677
117563: -342 -400 -285 695
117564: -342 -400 -286 704
117565: -342 -400 -287 713
117573: -342 -401 -367 704
117577: -342 -402 -443 659
117578: -342 -402 -444 668
117584: -342 -402 -450 722
117585: -342 -403 -523 650
117594: -342 -404 -604 650
117595: -342 -404 -605 659
117615: -351 -397 -40 678
117628: -351 -398 -125 714
117632: -351 -399 -201 669
117641: -351 -400 -282 669
117646: -351 -400 -287 714
117657: -351 -402 -442 651
117668: -351 -403 -525 669
117675: -351 -404 -604 651
117696: -360 -397 -40 679
117702: -360 -398 -118 652
117703: -360 -398 -119 661
117704: -360 -398 -120 670
117707: -360 -398 -123 697
117711: -360 -399 -199 652
117712: -360 -399 -200 661
117713: -360 -399 -201 670
117714: -360 -399 -202 679
117717: -360 -399 -205 706
117718: -360 -399 -206 715
117721: -360 -400 -281 661
117722: -360 -400 -282 670
117723: -360 -400 -283 679
117725: -360 -400 -285 697
117726: -360 -400 -286 706
117727: -360 -400 -287 715
117728: -360 -400 -288 724
117738: -360 -402 -442 652
117740: -360 -402 -444 670
117741: -360 -402 -445 679
117747: -360 -403 -523 652
117748: -360 -403 -524 661
117749: -360 -403 -525 670
117750: -360 -403 -526 679
117752: -360 -403 -528 697
117754: -360 -403 -530 715
117756: -360 -404 -604 652
117758: -360 -404 -606 670
117761: -360 -404 -609 697
117777: -369 -397 -40 680
117783: -369 -398 -118 653
117784: -369 -398 -119 662
117785: -369 -398 -120 671
117793: -369 -399 -200 662
117798: -369 -399 -205 707
117799: -369 -399 -206 716
117803: -369 -400 -282 671
117807: -369 -400 -286 707
117808: -369 -400 -287 716
117818: -369 -401 -369 725
117819: -369 -402 -442 653
117828: -369 -403 -523 653
117829: -369 -403 -524 662
117830: -369 -403 -525 671
117831: -369 -403 -526 680
117833: -369 -403 -528 698
117834: -369 -403 -529 707
117835: -369 -403 -530 716
117837: -369 -404 -604 653
117839: -369 -404 -606 671
117843: -369 -404 -610 707
117858: -378 -397 -40 681
117865: -378 -398 -119 663
117876: -378 -399 -202 681
117878: -378 -399 -204 699
117879: -378 -399 -205 708
117880: -378 -399 -206 717
117883: -378 -400 -281 663
117884: -378 -400 -282 672
117885: -378 -400 -283 681
117887: -378 -400 -285 699
117888: -378 -400 -286 708
117889: -378 -400 -287 717
117918: -378 -404 -604 654
117939: -387 -397 -40 682
117945: -387 -398 -118 655
117954: -387 -399 -199 655
117957: -387 -399 -202 682
117960: -387 -399 -205 709
117961: -387 -399 -206 718
117970: -387 -400 -287 718
118020: -396 -397 -40 683
118026: -396 -398 -118 656
118027: -396 -398 -119 665
118035: -396 -399 -199 656
118036: -396 -399 -200 665
118037: -396 -399 -201 674
118038: -396 -399 -202 683
118041: -396 -399 -205 710
118042: -396 -399 -206 719
118045: -396 -400 -281 665
118046: -396 -400 -282 674
118049: -396 -400 -285 701
118050: -396 -400 -286 710
118051: -396 -400 -287 719
118052: -396 -400 -288 728
118054: -396 -401 -362 665
118071: -396 -403 -523 656
118080: -396 -404 -604 656
118086: -396 -404 -610 710
118170: -405 -405 -685 657
118171: -405 -405 -686 666
118172: -405 -405 -687 675
118173: -405 -405 -688 684
118175: -405 -405 -690 702
118176: -405 -405 -691 711
118177: -405 -405 -692 720
118178: -405 -405 -693 729
118266: -423 -478 -52 704
118280: -423 -480 -210 668
118285: -423 -480 -215 713
118287: -423 -481 -289 650
118288: -423 -481 -290 659
118291: -423 -481 -293 686
118297: -423 -482 -371 659
118299: -423 -482 -373 677
118300: -423 -482 -374 686
118303: -423 -482 -377 713
118307: -423 -483 -453 668
118308: -423 -483 -454 677
118309: -423 -483 -455 686
118311: -423 -483 -457 704
118312: -423 -483 -458 713
118323: -423 -485 -613 650
118329: -423 -485 -619 704
118347: -432 -478 -52 705
118351: -432 -479 -128 660
118352: -432 -479 -129 669
118356: -432 -479 -133 705
118357: -432 -479 -134 714
118370: -432 -481 -291 669
118372: -432 -481 -293 687
118374: -432 -481 -295 705
118379: -432 -482 -372 669
118380: -432 -482 -373 678
118387: -432 -483 -452 660
118388: -432 -483 -453 669
118389: -432 -483 -454 678
118390: -432 -483 -455 687
118393: -432 -483 -458 714
118400: -432 -484 -537 696
118428: -441 -478 -52 706
118431: -441 -479 -127 652
118432: -441 -479 -128 661
118438: -441 -479 -134 715
118440: -441 -480 -208 652
118441: -441 -480 -209 661
118442: -441 -480 -210 670
118443: -441 -480 -211 679
118444: -441 -480 -212 688
118446: -441 -480 -214 706
118447: -441 -480 -215 715
118449: -441 -481 -289 652
118450: -441 -481 -290 661
118453: -441 -481 -293 688
118456: -441 -481 -296 715
118458: -441 -482 -370 652
118460: -441 -482 -372 670
118469: -441 -483 -453 670
118474: -441 -483 -458 715
118481: -441 -484 -537 697
118491: -441 -485 -619 706
118509: -450 -478 -52 707
118512: -450 -479 -127 653
118513: -450 -479 -128 662
118519: -450 -479 -134 716
118523: -450 -480 -210 671
118524: -450 -480 -211 680
118525: -450 -480 -212 689
118527: -450 -480 -214 707
118528: -450 -480 -215 716
118529: -450 -480 -216 725
118530: -450 -481 -289 653
118531: -450 -481 -290 662
118532: -450 -481 -291 671
118534: -450 -481 -293 689
118539: -450 -482 -370 653
118540: -450 -482 -371 662
118541: -450 -482 -372 671
118542: -450 -482 -373 680
118543: -450 -482 -374 689
118544: -450 -482 -375 698
118546: -450 -482 -377 716
118547: -450 -482 -378 725
118549: -450 -483 -452 662
118550: -450 -483 -453 671
118554: -450 -483 -457 707
118555: -450 -483 -458 716
118562: -450 -484 -537 698
118566: -450 -485 -613 653
118572: -450 -485 -619 707
118671: -468 -478 -52 709
118675: -468 -479 -128 664
118687: -468 -480 -212 691
118689: -468 -480 -214 709
118690: -468 -480 -215 718
118694: -468 -481 -291 673
118703: -468 -482 -372 673
118704: -468 -482 -373 682
118728: -468 -485 -613 655
118729: -468 -485 -614 664
118730: -468 -485 -615 673
118731: -468 -485 -616 682
118732: -468 -485 -617 691
118733: -468 -485 -618 700
118735: -468 -485 -620 718
118752: -477 -478 -52 710
118755: -477 -479 -127 656
118756: -477 -479 -128 665
118759: -477 -479 -131 692
118761: -477 -479 -133 710
118763: -477 -479 -135 728
118764: -477 -480 -208 656
118765: -477 -480 -209 665
118766: -477 -480 -210 674
118767: -477 -480 -211 683
118768: -477 -480 -212 692
118770: -477 -480 -214 710
118771: -477 -480 -215 719
118773: -477 -481 -289 656
118774: -477 -481 -290 665
118775: -477 -481 -291 674
118776: -477 -481 -292 683
118777: -477 -481 -293 692
118778: -477 -481 -294 701
118779: -477 -481 -295 710
118780: -477 -481 -296 719
118781: -477 -481 -297 728
118782: -477 -482 -370 656
118783: -477 -482 -371 665
118784: -477 -482 -372 674
118785: -477 -482 -373 683
118786: -477 -482 -374 692
118787: -477 -482 -375 701
118788: -477 -482 -376 710
118789: -477 -482 -377 719
118790: -477 -482 -378 728
118792: -477 -483 -452 665
118793: -477 -483 -453 674
118794: -477 -483 -454 683
118795: -477 -483 -455 692
118806: -477 -484 -538 710
118809: -477 -485 -613 656
118810: -477 -485 -614 665
118811: -477 -485 -615 674
118812: -477 -485 -616 683
118813: -477 -485 -617 692
118814: -477 -485 -618 701
118815: -477 -485 -619 710
118816: -477 -485 -620 719
118836: -486 -479 -127 657
118847: -486 -480 -210 675
118899: -486 -486 -694 657
118900: -486 -486 -695 666
118901: -486 -486 -696 675
118902: -486 -486 -697 684
118903: -486 -486 -698 693
118905: -486 -486 -700 711
118906: -486 -486 -701 720
118907: -486 -486 -702 729
118915: -495 -559 -62 712
118917: -495 -560 -136 649
118918: -495 -560 -137 658
118919: -495 -560 -138 667
118920: -495 -560 -139 676
118921: -495 -560 -140 685
118922: -495 -560 -141 694
118923: -495 -560 -142 703
118924: -495 -560 -143 712
118925: -495 -560 -144 721
118926: -495 -561 -217 649
118927: -495 -561 -218 658
118928: -495 -561 -219 667
118929: -495 -561 -220 676
118930: -495 -561 -221 685
118931: -495 -561 -222 694
118932: -495 -561 -223 703
118933: -495 -561 -224 712
118934: -495 -561 -225 721
118935: -495 -562 -298 649
118936: -495 -562 -299 658
118937: -495 -562 -300 667
118938: -495 -562 -301 676
118939: -495 -562 -302 685
118940: -495 -562 -303 694
118941: -495 -562 -304 703
118942: -495 -562 -305 712
118943: -495 -562 -306 721
118944: -495 -563 -379 649
118945: -495 -563 -380 658
118946: -495 -563 -381 667
118947: -495 -563 -382 676
118948: -495 -563 -383 685
118949: -495 -563 -384 694
118950: -495 -563 -385 703
118951: -495 -563 -386 712
118952: -495 -563 -387 721
118953: -495 -564 -460 649
118954: -495 -564 -461 658
118955: -495 -564 -462 667
118956: -495 -564 -463 676
118957: -495 -564 -464 685
118958: -495 -564 -465 694
118959: -495 -564 -466 703
118960: -495 -564 -467 712
118964: -495 -565 -543 667
118965: -495 -565 -544 676
118966: -495 -565 -545 685
118977: -495 -566 -628 703
118996: -504 -559 -62 713
118998: -504 -560 -136 650
118999: -504 -560 -137 659
119000: -504 -560 -138 668
119008: -504 -561 -218 659
119009: -504 -561 -219 668
119016: -504 -562 -298 650
119020: -504 -562 -302 686
119025: -504 -563 -379 650
119034: -504 -564 -460 650
119035: -504 -564 -461 659
119036: -504 -564 -462 668
119038: -504 -564 -464 686
119039: -504 -564 -465 695
119040: -504 -564 -466 704
119050: -504 -565 -548 713
119077: -513 -559 -62 714
119080: -513 -560 -137 660
119081: -513 -560 -138 669
119085: -513 -560 -142 705
119086: -513 -560 -143 714
119088: -513 -561 -217 651
119089: -513 -561 -218 660
119090: -513 -561 -219 669
119093: -513 -561 -222 696
119096: -513 -561 -225 723
119099: -513 -562 -300 669
119101: -513 -562 -302 687
119107: -513 -563 -380 660
119109: -513 -563 -382 678
119115: -513 -564 -460 651
119116: -513 -564 -461 660
119117: -513 -564 -462 669
119118: -513 -564 -463 678
119119: -513 -564 -464 687
119120: -513 -564 -465 696
119122: -513 -564 -467 714
119123: -513 -564 -468 723
119158: -522 -559 -62 715
119161: -522 -560 -137 661
119162: -522 -560 -138 670
119180: -522 -562 -300 670
119182: -522 -562 -302 688
119183: -522 -562 -303 697
119187: -522 -563 -379 652
119190: -522 -563 -382 679
119196: -522 -564 -460 652
119239: -531 -559 -62 716
119252: -531 -561 -219 671
119254: -531 -561 -221 689
119263: -531 -562 -302 689
119269: -531 -563 -380 662
119270: -531 -563 -381 671
119273: -531 -563 -384 698
119275: -531 -563 -386 716
119277: -531 -564 -460 653
119278: -531 -564 -461 662
119279: -531 -564 -462 671
119280: -531 -564 -463 680
119281: -531 -564 -464 689
119282: -531 -564 -465 698
119283: -531 -564 -466 707
119284: -531 -564 -467 716
119285: -531 -564 -468 725
119297: -531 -566 -624 671
119299: -531 -566 -626 689
119300: -531 -566 -627 698
119302: -531 -566 -629 716
119303: -531 -566 -630 725
119320: -540 -559 -62 717
119322: -540 -560 -136 654
119331: -540 -561 -217 654
119340: -540 -562 -298 654
119344: -540 -562 -302 690
119358: -540 -564 -460 654
119360: -540 -564 -462 672
119361: -540 -564 -463 681
119362: -540 -564 -464 690
119381: -540 -566 -627 699
119401: -549 -559 -62 718
119403: -549 -560 -136 655
119404: -549 -560 -137 664
119405: -549 -560 -138 673
119407: -549 -560 -140 691
119412: -549 -561 -217 655
119413: -549 -561 -218 664
119414: -549 -561 -219 673
119415: -549 -561 -220 682
119416: -549 -561 -221 691
119417: -549 -561 -222 700
119418: -549 -561 -223 709
119419: -549 -561 -224 718
119421: -549 -562 -298 655
119422: -549 -562 -299 664
119423: -549 -562 -300 673
119424: -549 -562 -301 682
119425: -549 -562 -302 691
119426: -549 -562 -303 700
119427: -549 -562 -304 709
119428: -549 -562 -305 718
119429: -549 -562 -306 727
119430: -549 -563 -379 655
119431: -549 -563 -380 664
119433: -549 -563 -382 682
119434: -549 -563 -383 691
119435: -549 -563 -384 700
119437: -549 -563 -386 718
119439: -549 -564 -460 655
119441: -549 -564 -462 673
119463: -549 -566 -628 709
119482: -558 -559 -62 719
119485: -558 -560 -137 665
119495: -558 -561 -219 674
119514: -558 -563 -382 683
119520: -558 -564 -460 656
119628: -567 -567 -703 657
119629: -567 -567 -704 666
119630: -567 -567 -705 675
119631: -567 -567 -706 684
119632: -567 -567 -707 693
119633: -567 -567 -708 702
119635: -567 -567 -710 720
119636: -567 -567 -711 729
119645: -576 -640 -72 721
119646: -576 -641 -145 649
119647: -576 -641 -146 658
119648: -576 -641 -147 667
119655: -576 -642 -226 649
119656: -576 -642 -227 658
119657: -576 -642 -228 667
119658: -576 -642 -229 676
119659: -576 -642 -230 685
119660: -576 -642 -231 694
119661: -576 -642 -232 703
119662: -576 -642 -233 712
119663: -576 -642 -234 721
119664: -576 -643 -307 649
119665: -576 -643 -308 658
119666: -576 -643 -309 667
119667: -576 -643 -310 676
119668: -576 -643 -311 685
119669: -576 -643 -312 694
119670: -576 -643 -313 703
119673: -576 -644 -388 649
119674: -576 -644 -389 658
119675: -576 -644 -390 667
119676: -576 -644 -391 676
119677: -576 -644 -392 685
119678: -576 -644 -393 694
119679: -576 -644 -394 703
119681: -576 -644 -396 721
119682: -576 -645 -469 649
119683: -576 -645 -470 658
119684: -576 -645 -471 667
119688: -576 -645 -475 703
119690: -576 -645 -477 721
119691: -576 -646 -550 649
119693: -576 -646 -552 667
119694: -576 -646 -553 676
119695: -576 -646 -554 685
119698: -576 -646 -557 712
119699: -576 -646 -558 721
119701: -576 -647 -632 658
119726: -585 -640 -72 722
119727: -585 -641 -145 650
119728: -585 -641 -146 659
119729: -585 -641 -147 668
119738: -585 -642 -228 668
119739: -585 -642 -229 677
119740: -585 -642 -230 686
119742: -585 -642 -232 704
119749: -585 -643 -311 686
119757: -585 -644 -391 677
119807: -594 -640 -72 723
119808: -594 -641 -145 651
119812: -594 -641 -149 687
119817: -594 -642 -226 651
119818: -594 -642 -227 660
119819: -594 -642 -228 669
119820: -594 -642 -229 678
119821: -594 -642 -230 687
119822: -594 -642 -231 696
119823: -594 -642 -232 705
119825: -594 -642 -234 723
119826: -594 -643 -307 651
119828: -594 -643 -309 669
119830: -594 -643 -311 687
119835: -594 -644 -388 651
119837: -594 -644 -390 669
119848: -594 -645 -473 687
119853: -594 -646 -550 651
119888: -603 -640 -72 724
119889: -603 -641 -145 652
119901: -603 -642 -229 679
119902: -603 -642 -230 688
119919: -603 -644 -391 679
119969: -612 -640 -72 725
119970: -612 -641 -145 653
119971: -612 -641 -146 662
119981: -612 -642 -228 671
119985: -612 -642 -232 707
119988: -612 -643 -307 653
119989: -612 -643 -308 662
119992: -612 -643 -311 689
120015: -612 -646 -550 653
120050: -621 -640 -72 726
120051: -621 -641 -145 654
120052: -621 -641 -146 663
120062: -621 -642 -228 672
120069: -621 -643 -307 654
120078: -621 -644 -388 654
120112: -621 -647 -638 717
120131: -630 -640 -72 727
120132: -630 -641 -145 655
120133: -630 -641 -146 664
120143: -630 -642 -228 673
120150: -630 -643 -307 655
120151: -630 -643 -308 664
120159: -630 -644 -388 655
120168: -630 -645 -469 655
120213: -639 -641 -145 656
120214: -639 -641 -146 665
120222: -639 -642 -226 656
120223: -639 -642 -227 665
120224: -639 -642 -228 674
120225: -639 -642 -229 683
120227: -639 -642 -231 701
120230: -639 -642 -234 728
120233: -639 -643 -309 674
120235: -639 -643 -311 692
120241: -639 -644 -389 665
120243: -639 -644 -391 683
120249: -639 -645 -469 656
120263: -639 -646 -555 701
120357: -648 -648 -712 657
120359: -648 -648 -714 675
120394: -657 -724 -317 658
120395: -657 -724 -318 667
120397: -657 -724 -320 685
120398: -657 -724 -321 694
120399: -657 -724 -322 703
120400: -657 -724 -323 712
120403: -657 -725 -398 658
120404: -657 -725 -399 667
120407: -657 -725 -402 694
120408: -657 -725 -403 703
120409: -657 -725 -404 712
120412: -657 -726 -479 658
120413: -657 -726 -480 667
120414: -657 -726 -481 676
120415: -657 -726 -482 685
120418: -657 -726 -485 712
120421: -657 -727 -560 658
120423: -657 -727 -562 676
120424: -657 -727 -563 685
120425: -657 -727 -564 694
120446: -657 -729 -729 721
120452: -666 -721 -78 695
120465: -666 -723 -235 650
120469: -666 -723 -239 686
120474: -666 -724 -316 650
120475: -666 -724 -317 659
120476: -666 -724 -318 668
120478: -666 -724 -320 686
120479: -666 -724 -321 695
120480: -666 -724 -322 704
120481: -666 -724 -323 713
120483: -666 -725 -397 650
120485: -666 -725 -399 668
120486: -666 -725 -400 677
120488: -666 -725 -402 695
120489: -666 -725 -403 704
120490: -666 -725 -404 713
120494: -666 -726 -480 668
120495: -666 -726 -481 677
120496: -666 -726 -482 686
120498: -666 -726 -484 704
120499: -666 -726 -485 713
120501: -666 -727 -559 650
120503: -666 -727 -561 668
120504: -666 -727 -562 677
120505: -666 -727 -563 686
120506: -666 -727 -564 695
120508: -666 -727 -566 713
120527: -666 -729 -729 722
120533: -675 -721 -78 696
120541: -675 -722 -158 687
120555: -675 -724 -316 651
120559: -675 -724 -320 687
120564: -675 -725 -397 651
120565: -675 -725 -398 660
120567: -675 -725 -400 678
120569: -675 -725 -402 696
120571: -675 -725 -404 714
120576: -675 -726 -481 678
120582: -675 -727 -559 651
120583: -675 -727 -560 660
120584: -675 -727 -561 669
120585: -675 -727 -562 678
120586: -675 -727 -563 687
120587: -675 -727 -564 696
120589: -675 -727 -566 714
120608: -675 -729 -729 723
120614: -684 -721 -78 697
120618: -684 -722 -154 652
120620: -684 -722 -156 670
120627: -684 -723 -235 652
120632: -684 -723 -240 697
120633: -684 -723 -241 706
120634: -684 -723 -242 715
120641: -684 -724 -321 697
120646: -684 -725 -398 661
120663: -684 -727 -559 652
120664: -684 -727 -560 661
120666: -684 -727 -562 679
120670: -684 -727 -566 715
120695: -693 -721 -78 698
120699: -693 -722 -154 653
120708: -693 -723 -235 653
120713: -693 -723 -240 698
120721: -693 -724 -320 689
120735: -693 -726 -478 653
120736: -693 -726 -479 662
120737: -693 -726 -480 671
120738: -693 -726 -481 680
120740: -693 -726 -483 698
120741: -693 -726 -484 707
120742: -693 -726 -485 716
120770: -693 -729 -729 725
120776: -702 -721 -78 699
120780: -702 -722 -154 654
120857: -711 -721 -78 700
120863: -711 -722 -156 673
120865: -711 -722 -158 691
120874: -711 -723 -239 691
120875: -711 -723 -240 700
120877: -711 -723 -242 718
120898: -711 -726 -479 664
120901: -711 -726 -482 691
120904: -711 -726 -485 718
120938: -720 -721 -78 701
120945: -720 -722 -157 683
120947: -720 -722 -159 701
120948: -720 -722 -160 710
120951: -720 -723 -235 656
120960: -720 -724 -316 656
120961: -720 -724 -317 665
120962: -720 -724 -318 674
120965: -720 -724 -321 701
120969: -720 -725 -397 656
120971: -720 -725 -399 674
120972: -720 -725 -400 683
120973: -720 -725 -401 692
120974: -720 -725 -402 701
120975: -720 -725 -403 710
120992: -720 -727 -564 701
121013: -720 -729 -729 728
121019: -729 -721 -78 702
121140: -11 -20
121141: -11 -29
121142: -11 -38
121143: -11 -47
121144: -11 -56
121145: -11 -65
121146: -11 -74
121184: -21 -30
121185: -21 -39
121186: -21 -48
121187: -21 -57
121188: -21 -66
121189: -21 -75
121232: -40 -49
121233: -40 -58
121234: -40 -67
121235: -40 -76
121264: -32 -41
121265: -32 -50
121266: -32 -59
121267: -32 -68
121268: -32 -77
121316: 6 15 24 33 42 51 60 69 78
121347: -52 -61
121348: -52 -70
121349: -52 -79
121387: -62 -71
121388: -62 -80
121426: -72 -81
121443: -100 -109
121444: -100 -118
121445: -100 -127
121446: -100 -136
121447: -100 -145
121448: -100 -154
121449: -109 -118
121450: -109 -127
121451: -109 -136
121452: -109 -145
121453: -109 -154
121454: -118 -127
121455: -118 -136
121456: -118 -145
121457: -118 -154
121458: -127 -136
121459: -127 -145
121460: -127 -154
121461: -136 -145
121462: -136 -154
121463: -145 -154
121464: 82 91 100 109 118 127 136 145 154
121480: -101 -110
121481: -101 -119
121482: -101 -128
121483: -101 -137
121484: -101 -146
121485: -101 -155
121486: -110 -119
121487: -110 -128
121488: -110 -137
121489: -110 -146
121490: -110 -155
121491: -119 -128
121492: -119 -137
121493: -119 -146
121494: -119 -155
121495: -128 -137
121496: -128 -146
121497: -128 -155
121498: -137 -146
121499: -137 -155
121500: -146 -155
121501: 83 92 101 110 119 128 137 146 155
121502: -84 -93
121503: -84 -102
121504: -84 -111
121505: -84 -120
121506: -84 -129
121507: -84 -138
121508: -84 -147
121509: -84 -156
121510: -93 -102
121511: -93 -111
121512: -93 -120
121513: -93 -129
121514: -93 -138
121515: -93 -147
121516: -93 -156
121521: -102 -147
121522: -102 -156
121523: -111 -120
121524: -111 -129
121525: -111 -138
121526: -111 -147
121527: -111 -156
121528: -120 -129
121529: -120 -138
121530: -120 -147
121531: -120 -156
121532: -129 -138
121533: -129 -147
121534: -129 -156
121535: -138 -147
121536: -138 -156
121537: -147 -156
121538: 84 93 102 111 120 129 138 147 156
121539: -85 -94
121540: -85 -103
121541: -85 -112
121542: -85 -121
121543: -85 -130
121544: -85 -139
121545: -85 -148
121546: -85 -157
121547: -94 -103
121548: -94 -112
121549: -94 -121
121550: -94 -130
121551: -94 -139
121552: -94 -148
121553: -94 -157
121554: -103 -112
121555: -103 -121
121556: -103 -130
121557: -103 -139
121558: -103 -148
121559: -103 -157
121561: -112 -130
121563: -112 -148
121564: -112 -157
121567: -121 -148
121568: -121 -157
121569: -130 -139
121570: -130 -148
121571: -130 -157
121572: -139 -148
121573: -139 -157
121574: -148 -157
121575: 85 94 103 112 121 130 139 148 157
121576: -86 -95
121577: -86 -104
121578: -86 -113
121579: -86 -122
121580: -86 -131
121581: -86 -140
121582: -86 -149
121583: -86 -158
121584: -95 -104
121585: -95 -113
121586: -95 -122
121587: -95 -131
121588: -95 -140
121589: -95 -149
121590: -95 -158
121591: -104 -113
121592: -104 -122
121593: -104 -131
121594: -104 -140
121595: -104 -149
121596: -104 -158
121597: -113 -122
121598: -113 -131
121599: -113 -140
121600: -113 -149
121601: -113 -158
121602: -122 -131
121603: -122 -140
121604: -122 -149
121605: -122 -158
121606: -131 -140
121607: -131 -149
121608: -131 -158
121609: -140 -149
121610: -140 -158
121611: -149 -158
121612: 86 95 104 113 122 131 140 149 158
121613: -87 -96
121614: -87 -105
121615: -87 -114
121616: -87 -123
121617: -87 -132
121618: -87 -141
121619: -87 -150
121620: -87 -159
121621: -96 -105
121622: -96 -114
121623: -96 -123
121624: -96 -132
121625: -96 -141
121626: -96 -150
121627: -96 -159
121628: -105 -114
121629: -105 -123
121630: -105 -132
121631: -105 -141
121632: -105 -150
121633: -105 -159
121634: -114 -123
121635: -114 -132
121636: -114 -141
121637: -114 -150
121638: -114 -159
121639: -123 -132
121640: -123 -141
121641: -123 -150
121642: -123 -159
121643: -132 -141
121644: -132 -150
121645: -132 -159
121647: -141 -159
121648: -150 -159
121649: 87 96 105 114 123 132 141 150 159
121650: -88 -97
121651: -88 -106
121652: -88 -115
121653: -88 -124
121654: -88 -133
121655: -88 -142
121656: -88 -151
121657: -88 -160
121658: -97 -106
121659: -97 -115
121660: -97 -124
121661: -97 -133
121662: -97 -142
121663: -97 -151
121664: -97 -160
121665: -106 -115
121666: -106 -124
121667: -106 -133
121668: -106 -142
121669: -106 -151
121670: -106 -160
121671: -115 -124
121672: -115 -133
121673: -115 -142
121674: -115 -151
121675: -115 -160
121676: -124 -133
121677: -124 -142
121678: -124 -151
121679: -124 -160
121680: -133 -142
121681: -133 -151
121682: -133 -160
121683: -142 -151
121685: -151 -160
121686: 88 97 106 115 124 133 142 151 160
121687: -89 -98
121688: -89 -107
121689: -89 -116
121690: -89 -125
121691: -89 -134
121692: -89 -143
121693: -89 -152
121694: -89 -161
121695: -98 -107
121696: -98 -116
121697: -98 -125
121698: -98 -134
121699: -98 -143
121700: -98 -152
121701: -98 -161
121702: -107 -116
121703: -107 -125
121704: -107 -134
121705: -107 -143
121706: -107 -152
121707: -107 -161
121708: -116 -125
121709: -116 -134
121710: -116 -143
121711: -116 -152
121712: -116 -161
121713: -125 -134
121714: -125 -143
121715: -125 -152
121716: -125 -161
121717: -134 -143
121718: -134 -152
121719: -134 -161
121720: -143 -152
121721: -143 -161
121723: 89 98 107 116 125 134 143 152 161
121724: -90 -99
121725: -90 -108
121726: -90 -117
121727: -90 -126
121728: -90 -135
121729: -90 -144
121730: -90 -153
121731: -90 -162
121732: -99 -108
121733: -99 -117
121734: -99 -126
121735: -99 -135
121736: -99 -144
121737: -99 -153
121738: -99 -162
121739: -108 -117
121740: -108 -126
121741: -108 -135
121742: -108 -144
121743: -108 -153
121744: -108 -162
121745: -117 -126
121746: -117 -135
121747: -117 -144
121748: -117 -153
121749: -117 -162
121750: -126 -135
121751: -126 -144
121752: -126 -153
121753: -126 -162
121754: -135 -144
121755: -135 -153
121756: -135 -162
121757: -144 -153
121758: -144 -162
121759: -153 -162
121760: 90 99 108 117 126 135 144 153 162
121770: -172 -190
121771: -172 -199
121772: -172 -208
121773: -172 -217
121774: -172 -226
121775: -172 -235
121782: -190 -199
121783: -190 -208
121784: -190 -217
121785: -190 -226
121786: -190 -235
121787: -199 -208
121788: -199 -217
121789: -199 -226
121790: -199 -235
121791: -208 -217
121792: -208 -226
121793: -208 -235
121794: -217 -226
121795: -217 -235
121796: -226 -235
121797: 163 172 181 190 199 208 217 226 235
121798: -164 -173
121799: -164 -182
121800: -164 -191
121801: -164 -200
121802: -164 -209
121803: -164 -218
121804: -164 -227
121805: -164 -236
121806: -173 -182
121807: -173 -191
121808: -173 -200
121809: -173 -209
121812: -173 -236
121813: -182 -191
121814: -182 -200
121815: -182 -209
121816: -182 -218
121817: -182 -227
121818: -182 -236
121819: -191 -200
121820: -191 -209
121821: -191 -218
121822: -191 -227
121823: -191 -236
121824: -200 -209
121825: -200 -218
121826: -200 -227
121827: -200 -236
121828: -209 -218
121829: -209 -227
121830: -209 -236
121831: -218 -227
121832: -218 -236
121833: -227 -236
121834: 164 173 182 191 200 209 218 227 236
121844: -174 -192
121845: -174 -201
121846: -174 -210
121847: -174 -219
121848: -174 -228
121849: -174 -237
121856: -192 -201
121857: -192 -210
121858: -192 -219
121859: -192 -228
121860: -192 -237
121861: -201 -210
121862: -201 -219
121863: -201 -228
121864: -201 -237
121865: -210 -219
121866: -210 -228
121867: -210 -237
121868: -219 -228
121869: -219 -237
121870: -228 -237
121871: 165 174 183 192 201 210 219 228 237
121872: -166 -175
121873: -166 -184
121875: -166 -202
121876: -166 -211
121877: -166 -220
121878: -166 -229
121879: -166 -238
121880: -175 -184
121881: -175 -193
121882: -175 -202
121883: -175 -211
121884: -175 -220
121885: -175 -229
121886: -175 -238
121887: -184 -193
121888: -184 -202
121889: -184 -211
121890: -184 -220
121891: -184 -229
121892: -184 -238
121893: -193 -202
121894: -193 -211
121895: -193 -220
121896: -193 -229
121897: -193 -238
121898: -202 -211
121899: -202 -220
121900: -202 -229
121901: -202 -238
121902: -211 -220
121903: -211 -229
121904: -211 -238
121905: -220 -229
121906: -220 -238
121907: -229 -238
121908: 166 175 184 193 202 211 220 229 238
121909: -167 -176
121910: -167 -185
121911: -167 -194
121912: -167 -203
121913: -167 -212
121914: -167 -221
121915: -167 -230
121916: -167 -239
121917: -176 -185
121918: -176 -194
121919: -176 -203
121920: -176 -212
121921: -176 -221
121922: -176 -230
121923: -176 -239
121924: -185 -194
121925: -185 -203
121926: -185 -212
121927: -185 -221
121928: -185 -230
121929: -185 -239
121930: -194 -203
121931: -194 -212
121932: -194 -221
121933: -194 -230
121934: -194 -239
121935: -203 -212
121936: -203 -221
121937: -203 -230
121938: -203 -239
121939: -212 -221
121940: -212 -230
121941: -212 -239
121942: -221 -230
121943: -221 -239
121944: -230 -239
121945: 167 176 185 194 203 212 221 230 239
121946: -168 -177
121947: -168 -186
121948: -168 -195
121949: -168 -204
121950: -168 -213
121951: -168 -222
121952: -168 -231
121953: -168 -240
121954: -177 -186
121955: -177 -195
121956: -177 -204
121957: -177 -213
121958: -177 -222
121959: -177 -231
121960: -177 -240
121961: -186 -195
121962: -186 -204
121963: -186 -213
121964: -186 -222
121965: -186 -231
121966: -186 -240
121967: -195 -204
121968: -195 -213
121969: -195 -222
121970: -195 -231
121971: -195 -240
121972: -204 -213
121973: -204 -222
121974: -204 -231
121975: -204 -240
121976: -213 -222
121977: -213 -231
121978: -213 -240
121979: -222 -231
121981: -231 -240
121982: 168 177 186 195 204 213 222 231 240
121983: -169 -178
121984: -169 -187
121985: -169 -196
121986: -169 -205
121987: -169 -214
121988: -169 -223
121989: -169 -232
121990: -169 -241
121991: -178 -187
121992: -178 -196
121993: -178 -205
121994: -178 -214
121995: -178 -223
121996: -178 -232
121997: -178 -241
121998: -187 -196
121999: -187 -205
122000: -187 -214
122001: -187 -223
122002: -187 -232
122003: -187 -241
122004: -196 -205
122005: -196 -214
122006: -196 -223
122007: -196 -232
122008: -196 -241
122009: -205 -214
122010: -205 -223
122011: -205 -232
122012: -205 -241
122013: -214 -223
122014: -214 -232
122015: -214 -241
122016: -223 -232
122017: -223 -241
122018: -232 -241
122019: 169 178 187 196 205 214 223 232 241
122020: -170 -179
122021: -170 -188
122022: -170 -197
122023: -170 -206
122024: -170 -215
122025: -170 -224
122026: -170 -233
122027: -170 -242
122028: -179 -188
122029: -179 -197
122030: -179 -206
122031: -179 -215
122032: -179 -224
122033: -179 -233
122034: -179 -242
122035: -188 -197
122036: -188 -206
122037: -188 -215
122038: -188 -224
122039: -188 -233
122040: -188 -242
122041: -197 -206
122042: -197 -215
122043: -197 -224
122044: -197 -233
122045: -197 -242
122046: -206 -215
122047: -206 -224
122048: -206 -233
122049: -206 -242
122050: -215 -224
122051: -215 -233
122052: -215 -242
122053: -224 -233
122055: -233 -242
122056: 170 179 188 197 206 215 224 233 242
122057: -171 -180
122058: -171 -189
122059: -171 -198
122060: -171 -207
122061: -171 -216
122062: -171 -225
122063: -171 -234
122064: -171 -243
122065: -180 -189
122066: -180 -198
122067: -180 -207
122068: -180 -216
122069: -180 -225
122070: -180 -234
122071: -180 -243
122072: -189 -198
122073: -189 -207
122074: -189 -216
122075: -189 -225
122076: -189 -234
122077: -189 -243
122078: -198 -207
122079: -198 -216
122080: -198 -225
122081: -198 -234
122082: -198 -243
122083: -207 -216
122084: -207 -225
122085: -207 -234
122086: -207 -243
122087: -216 -225
122088: -216 -234
122089: -216 -243
122090: -225 -234
122091: -225 -243
122092: -234 -243
122093: 171 180 189 198 207 216 225 234 243
122102: -253 -262
122103: -253 -271
122104: -253 -280
122105: -253 -289
122106: -253 -298
122107: -253 -307
122108: -253 -316
122109: -262 -271
122110: -262 -280
122111: -262 -289
122112: -262 -298
122113: -262 -307
122114: -262 -316
122116: -271 -289
122117: -271 -298
122118: -271 -307
122119: -271 -316
122120: -280 -289
122122: -280 -307
122124: -289 -298
122125: -289 -307
122126: -289 -316
122127: -298 -307
122128: -298 -316
122129: -307 -316
122130: 244 253 262 271 280 289 298 307 316
122131: -245 -254
122132: -245 -263
122133: -245 -272
122134: -245 -281
122135: -245 -290
122136: -245 -299
122137: -245 -308
122138: -245 -317
122141: -254 -281
122142: -254 -290
122143: -254 -299
122146: -263 -272
122147: -263 -281
122148: -263 -290
122149: -263 -299
122150: -263 -308
122151: -263 -317
122152: -272 -281
122153: -272 -290
122154: -272 -299
122155: -272 -308
122156: -272 -317
122157: -281 -290
122158: -281 -299
122159: -281 -308
122160: -281 -317
122161: -290 -299
122162: -290 -308
122163: -290 -317
122164: -299 -308
122165: -299 -317
122166: -308 -317
122167: 245 254 263 272 281 290 299 308 317
122168: -246 -255
122169: -246 -264
122170: -246 -273
122171: -246 -282
122172: -246 -291
122173: -246 -300
122174: -246 -309
122175: -246 -318
122176: -255 -264
122177: -255 -273
122178: -255 -282
122179: -255 -291
122180: -255 -300
122181: -255 -309
122182: -255 -318
122183: -264 -273
122184: -264 -282
122185: -264 -291
122186: -264 -300
122189: -273 -282
122190: -273 -291
122191: -273 -300
122192: -273 -309
122193: -273 -318
122194: -282 -291
122195: -282 -300
122196: -282 -309
122197: -282 -318
122198: -291 -300
122199: -291 -309
122200: -291 -318
122201: -300 -309
122202: -300 -318
122203: -309 -318
122204: 246 255 264 273 282 291 300 309 318
122205: -247 -256
122206: -247 -265
122207: -247 -274
122208: -247 -283
122209: -247 -292
122210: -247 -301
122211: -247 -310
122212: -247 -319
122213: -256 -265
122214: -256 -274
122215: -256 -283
122216: -256 -292
122217: -256 -301
122218: -256 -310
122219: -256 -319
122220: -265 -274
122221: -265 -283
122222: -265 -292
122223: -265 -301
122224: -265 -310
122225: -265 -319
122226: -274 -283
122227: -274 -292
122228: -274 -301
122229: -274 -310
122230: -274 -319
122231: -283 -292
122232: -283 -301
122233: -283 -310
122234: -283 -319
122235: -292 -301
122236: -292 -310
122237: -292 -319
122238: -301 -310
122239: -301 -319
122240: -310 -319
122241: 247 256 265 274 283 292 301 310 319
122242: -248 -257
122243: -248 -266
122246: -248 -293
122247: -248 -302
122248: -248 -311
122249: -248 -320
122250: -257 -266
122251: -257 -275
122252: -257 -284
122253: -257 -293
122254: -257 -302
122255: -257 -311
122256: -257 -320
122257: -266 -275
122258: -266 -284
122259: -266 -293
122260: -266 -302
122261: -266 -311
122262: -266 -320
122263: -275 -284
122264: -275 -293
122265: -275 -302
122266: -275 -311
122267: -275 -320
122268: -284 -293
122269: -284 -302
122270: -284 -311
122271: -284 -320
122272: -293 -302
122273: -293 -311
122274: -293 -320
122275: -302 -311
122276: -302 -320
122277: -311 -320
122278: 248 257 266 275 284 293 302 311 320
122279: -249 -258
122280: -249 -267
122281: -249 -276
122282: -249 -285
122283: -249 -294
122284: -249 -303
122285: -249 -312
122286: -249 -321
122287: -258 -267
122288: -258 -276
122289: -258 -285
122290: -258 -294
122291: -258 -303
122292: -258 -312
122293: -258 -321
122294: -267 -276
122295: -267 -285
122296: -267 -294
122298: -267 -312
122299: -267 -321
122300: -276 -285
122301: -276 -294
122302: -276 -303
122303: -276 -312
122304: -276 -321
122305: -285 -294
122306: -285 -303
122307: -285 -312
122308: -285 -321
122309: -294 -303
122310: -294 -312
122311: -294 -321
122312: -303 -312
122313: -303 -321
122315: 249 258 267 276 285 294 303 312 321
122316: -250 -259
122317: -250 -268
122318: -250 -277
122319: -250 -286
122320: -250 -295
122321: -250 -304
122322: -250 -313
122323: -250 -322
122324: -259 -268
122325: -259 -277
122326: -259 -286
122327: -259 -295
122328: -259 -304
122331: -268 -277
122332: -268 -286
122333: -268 -295
122334: -268 -304
122336: -268 -322
122337: -277 -286
122338: -277 -295
122339: -277 -304
122341: -277 -322
122342: -286 -295
122343: -286 -304
122344: -286 -313
122345: -286 -322
122346: -295 -304
122350: -304 -322
122352: 250 259 268 277 286 295 304 313 322
122353: -251 -260
122354: -251 -269
122355: -251 -278
122356: -251 -287
122357: -251 -296
122358: -251 -305
122359: -251 -314
122360: -251 -323
122361: -260 -269
122362: -260 -278
122363: -260 -287
122364: -260 -296
122365: -260 -305
122366: -260 -314
122367: -260 -323
122368: -269 -278
122369: -269 -287
122370: -269 -296
122371: -269 -305
122372: -269 -314
122373: -269 -323
122374: -278 -287
122375: -278 -296
122376: -278 -305
122377: -278 -314
122378: -278 -323
122379: -287 -296
122380: -287 -305
122381: -287 -314
122382: -287 -323
122383: -296 -305
122384: -296 -314
122386: -305 -314
122389: 251 260 269 278 287 296 305 314 323
122390: -252 -261
122391: -252 -270
122392: -252 -279
122393: -252 -288
122394: -252 -297
122395: -252 -306
122396: -252 -315
122397: -252 -324
122398: -261 -270
122399: -261 -279
122400: -261 -288
122403: -261 -315
122404: -261 -324
122405: -270 -279
122406: -270 -288
122407: -270 -297
122408: -270 -306
122409: -270 -315
122410: -270 -324
122411: -279 -288
122412: -279 -297
122413: -279 -306
122414: -279 -315
122416: -288 -297
122417: -288 -306
122418: -288 -315
122419: -288 -324
122423: -306 -315
122425: -315 -324
122426: 252 261 270 279 288 297 306 315 324
122435: -334 -343
122436: -334 -352
122437: -334 -361
122438: -334 -370
122439: -334 -379
122440: -334 -388
122441: -334 -397
122443: -343 -361
122444: -343 -370
122445: -343 -379
122446: -343 -388
122447: -343 -397
122453: -361 -370
122454: -361 -379
122455: -361 -388
122456: -361 -397
122457: -370 -379
122458: -370 -388
122459: -370 -397
122460: -379 -388
122461: -379 -397
122462: -388 -397
122463: 325 334 343 352 361 370 379 388 397
122464: -326 -335
122465: -326 -344
122466: -326 -353
122467: -326 -362
122468: -326 -371
122469: -326 -380
122470: -326 -389
122471: -326 -398
122479: -344 -353
122480: -344 -362
122481: -344 -371
122482: -344 -380
122483: -344 -389
122484: -344 -398
122485: -353 -362
122486: -353 -371
122487: -353 -380
122488: -353 -389
122489: -353 -398
122491: -362 -380
122493: -362 -398
122494: -371 -380
122495: -371 -389
122496: -371 -398
122497: -380 -389
122498: -380 -398
122499: -389 -398
122500: 326 335 344 353 362 371 380 389 398
122501: -327 -336
122502: -327 -345
122503: -327 -354
122504: -327 -363
122505: -327 -372
122506: -327 -381
122507: -327 -390
122508: -327 -399
122509: -336 -345
122510: -336 -354
122511: -336 -363
122512: -336 -372
122513: -336 -381
122514: -336 -390
122515: -336 -399
122516: -345 -354
122518: -345 -372
122520: -345 -390
122522: -354 -363
122523: -354 -372
122524: -354 -381
122525: -354 -390
122526: -354 -399
122527: -363 -372
122528: -363 -381
122529: -363 -390
122530: -363 -399
122531: -372 -381
122532: -372 -390
122533: -372 -399
122534: -381 -390
122535: -381 -399
122536: -390 -399
122537: 327 336 345 354 363 372 381 390 399
122538: -328 -337
122539: -328 -346
122541: -328 -364
122542: -328 -373
122543: -328 -382
122544: -328 -391
122545: -328 -400
122546: -337 -346
122547: -337 -355
122548: -337 -364
122549: -337 -373
122550: -337 -382
122551: -337 -391
122552: -337 -400
122553: -346 -355
122554: -346 -364
122555: -346 -373
122556: -346 -382
122557: -346 -391
122558: -346 -400
122559: -355 -364
122560: -355 -373
122561: -355 -382
122562: -355 -391
122563: -355 -400
122564: -364 -373
122565: -364 -382
122566: -364 -391
122567: -364 -400
122568: -373 -382
122569: -373 -391
122570: -373 -400
122571: -382 -391
122572: -382 -400
122573: -391 -400
122574: 328 337 346 355 364 373 382 391 400
122575: -329 -338
122576: -329 -347
122577: -329 -356
122579: -329 -374
122580: -329 -383
122581: -329 -392
122582: -329 -401
122583: -338 -347
122585: -338 -365
122586: -338 -374
122587: -338 -383
122588: -338 -392
122589: -338 -401
122591: -347 -365
122592: -347 -374
122593: -347 -383
122594: -347 -392
122595: -347 -401
122596: -356 -365
122601: -365 -374
122602: -365 -383
122603: -365 -392
122604: -365 -401
122605: -374 -383
122607: -374 -401
122608: -383 -392
122611: 329 338 347 356 365 374 383 392 401
122612: -330 -339
122613: -330 -348
122614: -330 -357
122615: -330 -366
122616: -330 -375
122617: -330 -384
122618: -330 -393
122619: -330 -402
122620: -339 -348
122621: -339 -357
122622: -339 -366
122623: -339 -375
122624: -339 -384
122625: -339 -393
122626: -339 -402
122627: -348 -357
122628: -348 -366
122629: -348 -375
122630: -348 -384
122631: -348 -393
122632: -348 -402
122633: -357 -366
122634: -357 -375
122635: -357 -384
122636: -357 -393
122637: -357 -402
122638: -366 -375
122639: -366 -384
122640: -366 -393
122641: -366 -402
122642: -375 -384
122643: -375 -393
122644: -375 -402
122645: -384 -393
122646: -384 -402
122647: -393 -402
122648: 330 339 348 357 366 375 384 393 402
122649: -331 -340
122650: -331 -349
122651: -331 -358
122652: -331 -367
122653: -331 -376
122654: -331 -385
122655: -331 -394
122656: -331 -403
122657: -340 -349
122658: -340 -358
122659: -340 -367
122660: -340 -376
122662: -340 -394
122663: -340 -403
122664: -349 -358
122665: -349 -367
122666: -349 -376
122667: -349 -385
122668: -349 -394
122669: -349 -403
122670: -358 -367
122671: -358 -376
122672: -358 -385
122673: -358 -394
122674: -358 -403
122675: -367 -376
122676: -367 -385
122677: -367 -394
122678: -367 -403
122679: -376 -385
122680: -376 -394
122681: -376 -403
122682: -385 -394
122683: -385 -403
122684: -394 -403
122685: 331 340 349 358 367 376 385 394 403
122686: -332 -341
122687: -332 -350
122688: -332 -359
122689: -332 -368
122690: -332 -377
122691: -332 -386
122692: -332 -395
122693: -332 -404
122694: -341 -350
122695: -341 -359
122696: -341 -368
122697: -341 -377
122698: -341 -386
122699: -341 -395
122700: -341 -404
122701: -350 -359
122702: -350 -368
122703: -350 -377
122704: -350 -386
122705: -350 -395
122706: -350 -404
122707: -359 -368
122708: -359 -377
122709: -359 -386
122710: -359 -395
122711: -359 -404
122712: -368 -377
122713: -368 -386
122714: -368 -395
122715: -368 -404
122716: -377 -386
122717: -377 -395
122718: -377 -404
122719: -386 -395
122720: -386 -404
122721: -395 -404
122722: 332 341 350 359 368 377 386 395 404
122723: -333 -342
122724: -333 -351
122725: -333 -360
122726: -333 -369
122727: -333 -378
122728: -333 -387
122729: -333 -396
122730: -333 -405
122731: -342 -351
122732: -342 -360
122733: -342 -369
122734: -342 -378
122735: -342 -387
122736: -342 -396
122737: -342 -405
122738: -351 -360
122739: -351 -369
122740: -351 -378
122741: -351 -387
122742: -351 -396
122743: -351 -405
122744: -360 -369
122745: -360 -378
122746: -360 -387
122747: -360 -396
122748: -360 -405
122749: -369 -378
122750: -369 -387
122751: -369 -396
122752: -369 -405
122753: -378 -387
122754: -378 -396
122756: -387 -396
122758: -396 -405
122759: 333 342 351 360 369 378 387 396 405
122768: -415 -424
122769: -415 -433
122770: -415 -442
122771: -415 -451
122772: -415 -460
122773: -415 -469
122774: -415 -478
122775: -424 -433
122776: -424 -442
122777: -424 -451
122778: -424 -460
122779: -424 -469
122780: -424 -478
122781: -433 -442
122782: -433 -451
122783: -433 -460
122784: -433 -469
122785: -433 -478
122786: -442 -451
122787: -442 -460
122788: -442 -469
122789: -442 -478
122790: -451 -460
122791: -451 -469
122792: -451 -478
122793: -460 -469
122794: -460 -478
122795: -469 -478
122796: 406 415 424 433 442 451 460 469 478
122797: -407 -416
122798: -407 -425
122799: -407 -434
122800: -407 -443
122801: -407 -452
122802: -407 -461
122803: -407 -470
122804: -407 -479
122805: -416 -425
122808: -416 -452
122810: -416 -470
122811: -416 -479
122812: -425 -434
122813: -425 -443
122814: -425 -452
122815: -425 -461
122816: -425 -470
122817: -425 -479
122818: -434 -443
122819: -434 -452
122820: -434 -461
122821: -434 -470
122822: -434 -479
122823: -443 -452
122824: -443 -461
122825: -443 -470
122826: -443 -479
122827: -452 -461
122828: -452 -470
122829: -452 -479
122830: -461 -470
122831: -461 -479
122832: -470 -479
122833: 407 416 425 434 443 452 461 470 479
122834: -408 -417
122835: -408 -426
122836: -408 -435
122837: -408 -444
122838: -408 -453
122839: -408 -462
122840: -408 -471
122841: -408 -480
122842: -417 -426
122843: -417 -435
122844: -417 -444
122845: -417 -453
122846: -417 -462
122847: -417 -471
122848: -417 -480
122850: -426 -444
122851: -426 -453
122855: -435 -444
122856: -435 -453
122857: -435 -462
122858: -435 -471
122859: -435 -480
122860: -444 -453
122861: -444 -462
122862: -444 -471
122863: -444 -480
122864: -453 -462
122865: -453 -471
122866: -453 -480
122867: -462 -471
122868: -462 -480
122869: -471 -480
122870: 408 417 426 435 444 453 462 471 480
122871: -409 -418
122872: -409 -427
122873: -409 -436
122874: -409 -445
122875: -409 -454
122876: -409 -463
122877: -409 -472
122878: -409 -481
122879: -418 -427
122880: -418 -436
122881: -418 -445
122882: -418 -454
122883: -418 -463
122884: -418 -472
122885: -418 -481
122886: -427 -436
122887: -427 -445
122888: -427 -454
122889: -427 -463
122890: -427 -472
122891: -427 -481
122893: -436 -454
122894: -436 -463
122895: -436 -472
122896: -436 -481
122897: -445 -454
122898: -445 -463
122899: -445 -472
122900: -445 -481
122901: -454 -463
122902: -454 -472
122903: -454 -481
122904: -463 -472
122905: -463 -481
122906: -472 -481
122907: 409 418 427 436 445 454 463 472 481
122908: -410 -419
122909: -410 -428
122910: -410 -437
122911: -410 -446
122912: -410 -455
122913: -410 -464
122914: -410 -473
122915: -410 -482
122916: -419 -428
122917: -419 -437
122919: -419 -455
122920: -419 -464
122921: -419 -473
122922: -419 -482
122923: -428 -437
122925: -428 -455
122926: -428 -464
122927: -428 -473
122928: -428 -482
122930: -437 -455
122931: -437 -464
122932: -437 -473
122933: -437 -482
122934: -446 -455
122935: -446 -464
122937: -446 -482
122938: -455 -464
122939: -455 -473
122940: -455 -482
122941: -464 -473
122942: -464 -482
122943: -473 -482
122944: 410 419 428 437 446 455 464 473 482
122945: -411 -420
122946: -411 -429
122947: -411 -438
122948: -411 -447
122949: -411 -456
122950: -411 -465
122951: -411 -474
122952: -411 -483
122953: -420 -429
122954: -420 -438
122955: -420 -447
122956: -420 -456
122957: -420 -465
122958: -420 -474
122959: -420 -483
122960: -429 -438
122961: -429 -447
122962: -429 -456
122963: -429 -465
122964: -429 -474
122965: -429 -483
122966: -438 -447
122967: -438 -456
122969: -438 -474
122970: -438 -483
122971: -447 -456
122972: -447 -465
122973: -447 -474
122974: -447 -483
122975: -456 -465
122977: -456 -483
122979: -465 -483
122980: -474 -483
122981: 411 420 429 438 447 456 465 474 483
122982: -412 -421
122983: -412 -430
122984: -412 -439
122985: -412 -448
122986: -412 -457
122987: -412 -466
122988: -412 -475
122989: -412 -484
122990: -421 -430
122991: -421 -439
122992: -421 -448
122993: -421 -457
122994: -421 -466
122997: -430 -439
122998: -430 -448
122999: -430 -457
123000: -430 -466
123001: -430 -475
123002: -430 -484
123003: -439 -448
123004: -439 -457
123005: -439 -466
123006: -439 -475
123007: -439 -484
123008: -448 -457
123010: -448 -475
123011: -448 -484
123012: -457 -466
123013: -457 -475
123014: -457 -484
123017: -475 -484
123018: 412 421 430 439 448 457 466 475 484
123019: -413 -422
123020: -413 -431
123021: -413 -440
123022: -413 -449
123023: -413 -458
123024: -413 -467
123025: -413 -476
123026: -413 -485
123027: -422 -431
123028: -422 -440
123029: -422 -449
123030: -422 -458
123031: -422 -467
123032: -422 -476
123033: -422 -485
123034: -431 -440
123035: -431 -449
123036: -431 -458
123037: -431 -467
123038: -431 -476
123039: -431 -485
123041: -440 -458
123042: -440 -467
123043: -440 -476
123044: -440 -485
123045: -449 -458
123046: -449 -467
123047: -449 -476
123048: -449 -485
123049: -458 -467
123050: -458 -476
123051: -458 -485
123052: -467 -476
123054: -476 -485
123055: 413 422 431 440 449 458 467 476 485
123056: -414 -423
123057: -414 -432
123058: -414 -441
123059: -414 -450
123061: -414 -468
123062: -414 -477
123063: -414 -486
123064: -423 -432
123065: -423 -441
123066: -423 -450
123067: -423 -459
123068: -423 -468
123069: -423 -477
123070: -423 -486
123071: -432 -441
123072: -432 -450
123073: -432 -459
123074: -432 -468
123075: -432 -477
123076: -432 -486
123077: -441 -450
123078: -441 -459
123079: -441 -468
123080: -441 -477
123081: -441 -486
123082: -450 -459
123083: -450 -468
123084: -450 -477
123085: -450 -486
123086: -459 -468
123087: -459 -477
123088: -459 -486
123089: -468 -477
123090: -468 -486
123091: -477 -486
123092: 414 423 432 441 450 459 468 477 486
123101: -496 -505
123102: -496 -514
123103: -496 -523
123104: -496 -532
123105: -496 -541
123106: -496 -550
123107: -496 -559
123108: -505 -514
123109: -505 -523
123110: -505 -532
123111: -505 -541
123112: -505 -550
123113: -505 -559
123114: -514 -523
123115: -514 -532
123116: -514 -541
123117: -514 -550
123118: -514 -559
123119: -523 -532
123120: -523 -541
123121: -523 -550
123122: -523 -559
123123: -532 -541
123124: -532 -550
123125: -532 -559
123126: -541 -550
123127: -541 -559
123128: -550 -559
123129: 487 496 505 514 523 532 541 550 559
123130: -488 -497
123131: -488 -506
123132: -488 -515
123133: -488 -524
123134: -488 -533
123135: -488 -542
123136: -488 -551
123137: -488 -560
123138: -497 -506
123140: -497 -524
123145: -506 -515
123146: -506 -524
123147: -506 -533
123148: -506 -542
123149: -506 -551
123150: -506 -560
123151: -515 -524
123152: -515 -533
123153: -515 -542
123154: -515 -551
123155: -515 -560
123156: -524 -533
123157: -524 -542
123158: -524 -551
123159: -524 -560
123160: -533 -542
123161: -533 -551
123162: -533 -560
123163: -542 -551
123164: -542 -560
123165: -551 -560
123166: 488 497 506 515 524 533 542 551 560
123167: -489 -498
123168: -489 -507
123169: -489 -516
123170: -489 -525
123171: -489 -534
123172: -489 -543
123173: -489 -552
123174: -489 -561
123175: -498 -507
123176: -498 -516
123177: -498 -525
123178: -498 -534
123179: -498 -543
123180: -498 -552
123181: -498 -561
123183: -507 -525
123184: -507 -534
123188: -516 -525
123189: -516 -534
123190: -516 -543
123191: -516 -552
123192: -516 -561
123193: -525 -534
123194: -525 -543
123195: -525 -552
123196: -525 -561
123197: -534 -543
123198: -534 -552
123199: -534 -561
123200: -543 -552
123201: -543 -561
123202: -552 -561
123203: 489 498 507 516 525 534 543 552 561
123204: -490 -499
123205: -490 -508
123206: -490 -517
123207: -490 -526
123208: -490 -535
123209: -490 -544
123210: -490 -553
123211: -490 -562
123212: -499 -508
123213: -499 -517
123214: -499 -526
123215: -499 -535
123216: -499 -544
123217: -499 -553
123218: -499 -562
123219: -508 -517
123220: -508 -526
123221: -508 -535
123222: -508 -544
123223: -508 -553
123224: -508 -562
123226: -517 -535
123227: -517 -544
123230: -526 -535
123231: -526 -544
123232: -526 -553
123233: -526 -562
123234: -535 -544
123235: -535 -553
123236: -535 -562
123237: -544 -553
123238: -544 -562
123239: -553 -562
123240: 490 499 508 517 526 535 544 553 562
123241: -491 -500
123242: -491 -509
123243: -491 -518
123244: -491 -527
123245: -491 -536
123246: -491 -545
123247: -491 -554
123248: -491 -563
123249: -500 -509
123250: -500 -518
123251: -500 -527
123252: -500 -536
123253: -500 -545
123254: -500 -554
123255: -500 -563
123256: -509 -518
123257: -509 -527
123258: -509 -536
123259: -509 -545
123260: -509 -554
123261: -509 -563
123263: -518 -536
123264: -518 -545
123266: -518 -563
123267: -527 -536
123268: -527 -545
123270: -527 -563
123271: -536 -545
123272: -536 -554
123273: -536 -563
123274: -545 -554
123275: -545 -563
123276: -554 -563
123277: 491 500 509 518 527 536 545 554 563
123278: -492 -501
123279: -492 -510
123280: -492 -519
123281: -492 -528
123282: -492 -537
123284: -492 -555
123285: -492 -564
123286: -501 -510
123287: -501 -519
123288: -501 -528
123289: -501 -537
123290: -501 -546
123291: -501 -555
123292: -501 -564
123293: -510 -519
123294: -510 -528
123295: -510 -537
123296: -510 -546
123297: -510 -555
123298: -510 -564
123299: -519 -528
123300: -519 -537
123301: -519 -546
123302: -519 -555
123303: -519 -564
123304: -528 -537
123305: -528 -546
123306: -528 -555
123307: -528 -564
123308: -537 -546
123309: -537 -555
123310: -537 -564
123311: -546 -555
123312: -546 -564
123313: -555 -564
123314: 492 501 510 519 528 537 546 555 564
123315: -493 -502
123316: -493 -511
123317: -493 -520
123318: -493 -529
123319: -493 -538
123320: -493 -547
123321: -493 -556
123322: -493 -565
123323: -502 -511
123324: -502 -520
123325: -502 -529
123326: -502 -538
123327: -502 -547
123328: -502 -556
123329: -502 -565
123330: -511 -520
123331: -511 -529
123332: -511 -538
123333: -511 -547
123334: -511 -556
123335: -511 -565
123336: -520 -529
123337: -520 -538
123338: -520 -547
123340: -520 -565
123341: -529 -538
123342: -529 -547
123343: -529 -556
123344: -529 -565
123345: -538 -547
123346: -538 -556
123347: -538 -565
123351: 493 502 511 520 529 538 547 556 565
123352: -494 -503
123353: -494 -512
123354: -494 -521
123355: -494 -530
123356: -494 -539
123357: -494 -548
123358: -494 -557
123359: -494 -566
123360: -503 -512
123361: -503 -521
123362: -503 -530
123363: -503 -539
123364: -503 -548
123365: -503 -557
123366: -503 -566
123367: -512 -521
123368: -512 -530
123369: -512 -539
123370: -512 -548
123371: -512 -557
123372: -512 -566
123373: -521 -530
123375: -521 -548
123378: -530 -539
123379: -530 -548
123380: -530 -557
123382: -539 -548
123385: -548 -557
123386: -548 -566
123388: 494 503 512 521 530 539 548 557 566
123389: -495 -504
123390: -495 -513
123391: -495 -522
123392: -495 -531
123393: -495 -540
123394: -495 -549
123395: -495 -558
123396: -495 -567
123397: -504 -513
123398: -504 -522
123399: -504 -531
123401: -504 -549
123402: -504 -558
123403: -504 -567
123404: -513 -522
123405: -513 -531
123406: -513 -540
123407: -513 -549
123408: -513 -558
123409: -513 -567
123410: -522 -531
123411: -522 -540
123412: -522 -549
123413: -522 -558
123414: -522 -567
123415: -531 -540
123416: -531 -549
123417: -531 -558
123418: -531 -567
123419: -540 -549
123420: -540 -558
123421: -540 -567
123422: -549 -558
123423: -549 -567
123424: -558 -567
123425: 495 504 513 522 531 540 549 558 567
123434: -577 -586
123435: -577 -595
123436: -577 -604
123437: -577 -613
123438: -577 -622
123439: -577 -631
123440: -577 -640
123441: -586 -595
123442: -586 -604
123443: -586 -613
123444: -586 -622
123445: -586 -631
123446: -586 -640
123447: -595 -604
123448: -595 -613
123449: -595 -622
123450: -595 -631
123451: -595 -640
123452: -604 -613
123453: -604 -622
123454: -604 -631
123455: -604 -640
123456: -613 -622
123457: -613 -631
123458: -613 -640
123459: -622 -631
123460: -622 -640
123461: -631 -640
123462: 568 577 586 595 604 613 622 631 640
123463: -569 -578
123464: -569 -587
123465: -569 -596
123466: -569 -605
123467: -569 -614
123468: -569 -623
123469: -569 -632
123470: -569 -641
123471: -578 -587
123472: -578 -596
123473: -578 -605
123475: -578 -623
123478: -587 -596
123479: -587 -605
123480: -587 -614
123481: -587 -623
123482: -587 -632
123483: -587 -641
123484: -596 -605
123485: -596 -614
123486: -596 -623
123487: -596 -632
123488: -596 -641
123489: -605 -614
123490: -605 -623
123491: -605 -632
123492: -605 -641
123493: -614 -623
123494: -614 -632
123495: -614 -641
123496: -623 -632
123497: -623 -641
123498: -632 -641
123499: 569 578 587 596 605 614 623 632 641
123500: -570 -579
123501: -570 -588
123502: -570 -597
123503: -570 -606
123504: -570 -615
123505: -570 -624
123506: -570 -633
123507: -570 -642
123508: -579 -588
123509: -579 -597
123510: -579 -606
123511: -579 -615
123512: -579 -624
123513: -579 -633
123514: -579 -642
123516: -588 -606
123517: -588 -615
123521: -597 -606
123522: -597 -615
123523: -597 -624
123524: -597 -633
123525: -597 -642
123526: -606 -615
123527: -606 -624
123528: -606 -633
123529: -606 -642
123530: -615 -624
123531: -615 -633
123532: -615 -642
123533: -624 -633
123534: -624 -642
123535: -633 -642
123536: 570 579 588 597 606 615 624 633 642
123537: -571 -580
123538: -571 -589
123539: -571 -598
123540: -571 -607
123541: -571 -616
123542: -571 -625
123543: -571 -634
123544: -571 -643
123545: -580 -589
123546: -580 -598
123547: -580 -607
123548: -580 -616
123549: -580 -625
123550: -580 -634
123551: -580 -643
123552: -589 -598
123553: -589 -607
123554: -589 -616
123555: -589 -625
123556: -589 -634
123557: -589 -643
123559: -598 -616
123560: -598 -625
123561: -598 -634
123562: -598 -643
123563: -607 -616
123564: -607 -625
123565: -607 -634
123567: -616 -625
123568: -616 -634
123569: -616 -643
123570: -625 -634
123571: -625 -643
123572: -634 -643
123573: 571 580 589 598 607 616 625 634 643
123574: -572 -581
123575: -572 -590
123576: -572 -599
123577: -572 -608
123578: -572 -617
123579: -572 -626
123580: -572 -635
123581: -572 -644
123582: -581 -590
123583: -581 -599
123584: -581 -608
123585: -581 -617
123586: -581 -626
123587: -581 -635
123588: -581 -644
123589: -590 -599
123590: -590 -608
123591: -590 -617
123592: -590 -626
123593: -590 -635
123594: -590 -644
123596: -599 -617
123597: -599 -626
123598: -599 -635
123600: -608 -617
123602: -608 -635
123604: -617 -626
123605: -617 -635
123606: -617 -644
123607: -626 -635
123608: -626 -644
123609: -635 -644
123610: 572 581 590 599 608 617 626 635 644
123611: -573 -582
123612: -573 -591
123613: -573 -600
123614: -573 -609
123615: -573 -618
123616: -573 -627
123617: -573 -636
123618: -573 -645
123619: -582 -591
123620: -582 -600
123621: -582 -609
123622: -582 -618
123623: -582 -627
123624: -582 -636
123625: -582 -645
123626: -591 -600
123627: -591 -609
123628: -591 -618
123629: -591 -627
123630: -591 -636
123631: -591 -645
123632: -600 -609
123633: -600 -618
123634: -600 -627
123635: -600 -636
123636: -600 -645
123637: -609 -618
123638: -609 -627
123639: -609 -636
123640: -609 -645
123641: -618 -627
123642: -618 -636
123643: -618 -645
123644: -627 -636
123645: -627 -645
123646: -636 -645
123647: 573 582 591 600 609 618 627 636 645
123648: -574 -583
123649: -574 -592
123650: -574 -601
123651: -574 -610
123652: -574 -619
123653: -574 -628
123654: -574 -637
123655: -574 -646
123656: -583 -592
123657: -583 -601
123658: -583 -610
123659: -583 -619
123660: -583 -628
123661: -583 -637
123662: -583 -646
123663: -592 -601
123664: -592 -610
123665: -592 -619
123666: -592 -628
123667: -592 -637
123668: -592 -646
123669: -601 -610
123670: -601 -619
123671: -601 -628
123672: -601 -637
123673: -601 -646
123674: -610 -619
123675: -610 -628
123676: -610 -637
123677: -610 -646
123678: -619 -628
123679: -619 -637
123680: -619 -646
123681: -628 -637
123682: -628 -646
123683: -637 -646
123684: 574 583 592 601 610 619 628 637 646
123685: -575 -584
123686: -575 -593
123687: -575 -602
123688: -575 -611
123689: -575 -620
123690: -575 -629
123691: -575 -638
123692: -575 -647
123693: -584 -593
123694: -584 -602
123695: -584 -611
123696: -584 -620
123697: -584 -629
123698: -584 -638
123699: -584 -647
123700: -593 -602
123701: -593 -611
123702: -593 -620
123703: -593 -629
123704: -593 -638
123705: -593 -647
123706: -602 -611
123707: -602 -620
123708: -602 -629
123709: -602 -638
123710: -602 -647
123711: -611 -620
123712: -611 -629
123713: -611 -638
123714: -611 -647
123715: -620 -629
123716: -620 -638
123718: -629 -638
123719: -629 -647
123720: -638 -647
123721: 575 584 593 602 611 620 629 638 647
123722: -576 -585
123723: -576 -594
123724: -576 -603
123725: -576 -612
123726: -576 -621
123727: -576 -630
123728: -576 -639
123729: -576 -648
123730: -585 -594
123731: -585 -603
123732: -585 -612
123733: -585 -621
123735: -585 -639
123736: -585 -648
123737: -594 -603
123738: -594 -612
123739: -594 -621
123740: -594 -630
123741: -594 -639
123742: -594 -648
123743: -603 -612
123744: -603 -621
123746: -603 -639
123747: -603 -648
123748: -612 -621
123749: -612 -630
123750: -612 -639
123751: -612 -648
123752: -621 -630
123753: -621 -639
123757: -639 -648
123758: 576 585 594 603 612 621 630 639 648
123767: -658 -667
123768: -658 -676
123769: -658 -685
123770: -658 -694
123771: -658 -703
123772: -658 -712
123773: -658 -721
123774: -667 -676
123775: -667 -685
123776: -667 -694
123777: -667 -703
123778: -667 -712
123779: -667 -721
123780: -676 -685
123781: -676 -694
123782: -676 -703
123783: -676 -712
123784: -676 -721
123785: -685 -694
123786: -685 -703
123787: -685 -712
123788: -685 -721
123789: -694 -703
123790: -694 -712
123791: -694 -721
123792: -703 -712
123793: -703 -721
123794: -712 -721
123795: 649 658 667 676 685 694 703 712 721
123797: -650 -668
123798: -650 -677
123799: -650 -686
123800: -650 -695
123801: -650 -704
123802: -650 -713
123803: -650 -722
123804: -659 -668
123806: -659 -686
123811: -668 -677
123812: -668 -686
123813: -668 -695
123814: -668 -704
123815: -668 -713
123816: -668 -722
123817: -677 -686
123818: -677 -695
123819: -677 -704
123820: -677 -713
123821: -677 -722
123822: -686 -695
123823: -686 -704
123824: -686 -713
123825: -686 -722
123826: -695 -704
123827: -695 -713
123828: -695 -722
123829: -704 -713
123830: -704 -722
123831: -713 -722
123832: 650 659 668 677 686 695 704 713 722
123833: -651 -660
123834: -651 -669
123835: -651 -678
123836: -651 -687
123837: -651 -696
123838: -651 -705
123839: -651 -714
123840: -651 -723
123842: -660 -678
123843: -660 -687
123844: -660 -696
123845: -660 -705
123846: -660 -714
123847: -660 -723
123848: -669 -678
123849: -669 -687
123854: -678 -687
123855: -678 -696
123856: -678 -705
123857: -678 -714
123858: -678 -723
123859: -687 -696
123860: -687 -705
123861: -687 -714
123862: -687 -723
123863: -696 -705
123864: -696 -714
123865: -696 -723
123866: -705 -714
123867: -705 -723
123869: 651 660 669 678 687 696 705 714 723
123870: -652 -661
123871: -652 -670
123872: -652 -679
123873: -652 -688
123874: -652 -697
123875: -652 -706
123876: -652 -715
123877: -652 -724
123878: -661 -670
123879: -661 -679
123880: -661 -688
123881: -661 -697
123882: -661 -706
123883: -661 -715
123884: -661 -724
123885: -670 -679
123886: -670 -688
123887: -670 -697
123888: -670 -706
123889: -670 -715
123890: -670 -724
123893: -679 -706
123894: -679 -715
123895: -679 -724
123897: -688 -706
123898: -688 -715
123899: -688 -724
123900: -697 -706
123901: -697 -715
123902: -697 -724
123903: -706 -715
123904: -706 -724
123905: -715 -724
123906: 652 661 670 679 688 697 706 715 724
123907: -653 -662
123908: -653 -671
123909: -653 -680
123910: -653 -689
123911: -653 -698
123912: -653 -707
123913: -653 -716
123914: -653 -725
123915: -662 -671
123916: -662 -680
123918: -662 -698
123919: -662 -707
123920: -662 -716
123921: -662 -725
123922: -671 -680
123923: -671 -689
123924: -671 -698
123925: -671 -707
123926: -671 -716
123927: -671 -725
123930: -680 -707
123931: -680 -716
123932: -680 -725
123934: -689 -707
123935: -689 -716
123936: -689 -725
123937: -698 -707
123938: -698 -716
123939: -698 -725
123940: -707 -716
123941: -707 -725
123942: -716 -725
123943: 653 662 671 680 689 698 707 716 725
123944: -654 -663
123945: -654 -672
123946: -654 -681
123947: -654 -690
123948: -654 -699
123949: -654 -708
123950: -654 -717
123951: -654 -726
123952: -663 -672
123953: -663 -681
123954: -663 -690
123955: -663 -699
123956: -663 -708
123957: -663 -717
123958: -663 -726
123959: -672 -681
123960: -672 -690
123961: -672 -699
123962: -672 -708
123963: -672 -717
123964: -672 -726
123965: -681 -690
123966: -681 -699
123967: -681 -708
123968: -681 -717
123969: -681 -726
123970: -690 -699
123972: -690 -717
123973: -690 -726
123975: -699 -717
123976: -699 -726
123977: -708 -717
123979: -717 -726
123980: 654 663 672 681 690 699 708 717 726
123981: -655 -664
123982: -655 -673
123983: -655 -682
123984: -655 -691
123985: -655 -700
123986: -655 -709
123987: -655 -718
123988: -655 -727
123989: -664 -673
123990: -664 -682
123991: -664 -691
123993: -664 -709
123995: -664 -727
123996: -673 -682
123997: -673 -691
123998: -673 -700
123999: -673 -709
124000: -673 -718
124001: -673 -727
124002: -682 -691
124003: -682 -700
124004: -682 -709
124006: -682 -727
124007: -691 -700
124008: -691 -709
124009: -691 -718
124010: -691 -727
124011: -700 -709
124013: -700 -727
124014: -709 -718
124015: -709 -727
124016: -718 -727
124017: 655 664 673 682 691 700 709 718 727
124018: -656 -665
124019: -656 -674
124020: -656 -683
124021: -656 -692
124022: -656 -701
124023: -656 -710
124024: -656 -719
124025: -656 -728
124026: -665 -674
124027: -665 -683
124028: -665 -692
124029: -665 -701
124030: -665 -710
124031: -665 -719
124032: -665 -728
124033: -674 -683
124034: -674 -692
124035: -674 -701
124036: -674 -710
124037: -674 -719
124038: -674 -728
124039: -683 -692
124040: -683 -701
124041: -683 -710
124042: -683 -719
124043: -683 -728
124044: -692 -701
124045: -692 -710
124046: -692 -719
124047: -692 -728
124048: -701 -710
124049: -701 -719
124050: -701 -728
124051: -710 -719
124052: -710 -728
124053: -719 -728
124054: 656 665 674 683 692 701 710 719 728
124055: -657 -666
124056: -657 -675
124057: -657 -684
124058: -657 -693
124059: -657 -702
124060: -657 -711
124061: -657 -720
124062: -657 -729
124063: -666 -675
124064: -666 -684
124065: -666 -693
124066: -666 -702
124067: -666 -711
124068: -666 -720
124069: -666 -729
124070: -675 -684
124071: -675 -693
124072: -675 -702
124073: -675 -711
124074: -675 -720
124075: -675 -729
124076: -684 -693
124077: -684 -702
124078: -684 -711
124079: -684 -720
124080: -684 -729
124081: -693 -702
124082: -693 -711
124083: -693 -720
124084: -693 -729
124086: -702 -720
124088: -711 -720
124090: -720 -729
124091: 657 666 675 684 693 702 711 720 729
124101: -82 -1 2
124110: -163 -1 3
124119: -244 -1 4
124128: -325 -1 5
124137: -406 -1 6
124146: -487 -1 7
124155: -568 -1 8
124164: -649 -1 9
124174: -11 -92 91
124175: -11 -93 172
124176: -11 -94 253
124177: -11 -95 334
124178: -11 -96 415
124179: -11 -97 496
124180: -11 -98 577
124181: -11 -99 658
124194: -173 -94 255
124195: -173 -95 336
124196: -173 -96 417
124197: -173 -97 498
124198: -173 -98 579
124199: -173 -99 660
124202: -254 -93 175
124204: -254 -95 337
124205: -254 -96 418
124206: -254 -97 499
124207: -254 -98 580
124208: -254 -99 661
124211: -335 -93 176
124212: -335 -94 257
124214: -335 -96 419
124215: -335 -97 500
124216: -335 -98 581
124217: -335 -99 662
124220: -416 -93 177
124221: -416 -94 258
124222: -416 -95 339
124223: -416 -96 420
124224: -416 -97 501
124225: -416 -98 582
124226: -416 -99 663
124229: -497 -93 178
124230: -497 -94 259
124231: -497 -95 340
124232: -497 -96 421
124234: -497 -98 583
124235: -497 -99 664
124238: -578 -93 179
124239: -578 -94 260
124240: -578 -95 341
124241: -578 -96 422
124242: -578 -97 503
124244: -578 -99 665
124247: -659 -93 180
124248: -659 -94 261
124249: -659 -95 342
124250: -659 -96 423
124251: -659 -97 504
124252: -659 -98 585
124253: -659 -99 666
124255: -21 -182 100
124256: -21 -183 181
124257: -21 -184 262
124258: -21 -185 343
124259: -21 -186 424
124260: -21 -187 505
124261: -21 -188 586
124262: -21 -189 667
124264: -102 -182 101
124266: -102 -184 263
124267: -102 -185 344
124268: -102 -186 425
124269: -102 -187 506
124270: -102 -188 587
124271: -102 -189 668
124282: -264 -182 103
124285: -264 -185 346
124286: -264 -186 427
124287: -264 -187 508
124288: -264 -188 589
124289: -264 -189 670
124291: -345 -182 104
124293: -345 -184 266
124295: -345 -186 428
124296: -345 -187 509
124297: -345 -188 590
124298: -345 -189 671
124300: -426 -182 105
124302: -426 -184 267
124303: -426 -185 348
124304: -426 -186 429
124305: -426 -187 510
124306: -426 -188 591
124307: -426 -189 672
124309: -507 -182 106
124311: -507 -184 268
124312: -507 -185 349
124313: -507 -186 430
124314: -507 -187 511
124315: -507 -188 592
124316: -507 -189 673
124318: -588 -182 107
124320: -588 -184 269
124321: -588 -185 350
124322: -588 -186 431
124323: -588 -187 512
124325: -588 -189 674
124327: -669 -182 108
124329: -669 -184 270
124330: -669 -185 351
124331: -669 -186 432
124332: -669 -187 513
124333: -669 -188 594
124344: -112 -271 29
124345: -112 -272 110
124346: -112 -273 191
124347: -112 -274 272
124349: -112 -276 434
124350: -112 -277 515
124351: -112 -278 596
124352: -112 -279 677
124353: -193 -271 30
124354: -193 -272 111
124356: -193 -274 273
124358: -193 -276 435
124359: -193 -277 516
124360: -193 -278 597
124361: -193 -279 678
124362: -274 -271 31
124368: -274 -277 517
124369: -274 -278 598
124380: -436 -271 33
124383: -436 -274 276
124387: -436 -278 600
124389: -517 -271 34
124392: -517 -274 277
124394: -517 -276 439
124397: -517 -279 682
124398: -598 -271 35
124400: -598 -273 197
124401: -598 -274 278
124403: -598 -276 440
124404: -598 -277 521
124406: -598 -279 683
124407: -679 -271 36
124413: -679 -277 522
124425: -122 -361 38
124429: -122 -365 362
124430: -122 -366 443
124432: -122 -368 605
124433: -122 -369 686
124434: -203 -361 39
124435: -203 -362 120
124436: -203 -363 201
124438: -203 -365 363
124439: -203 -366 444
124440: -203 -367 525
124441: -203 -368 606
124442: -203 -369 687
124452: -365 -361 41
124459: -365 -368 608
124460: -365 -369 689
124461: -446 -361 42
124462: -446 -362 123
124465: -446 -365 366
124467: -446 -367 528
124468: -446 -368 609
124469: -446 -369 690
124470: -527 -361 43
124471: -527 -362 124
124474: -527 -365 367
124477: -527 -368 610
124478: -527 -369 691
124479: -608 -361 44
124483: -608 -365 368
124484: -608 -366 449
124485: -608 -367 530
124486: -608 -368 611
124488: -689 -361 45
124493: -689 -366 450
124494: -689 -367 531
124506: -132 -451 47
124508: -132 -453 209
124509: -132 -454 290
124510: -132 -455 371
124511: -132 -456 452
124513: -132 -458 614
124515: -213 -451 48
124516: -213 -452 129
124517: -213 -453 210
124518: -213 -454 291
124519: -213 -455 372
124520: -213 -456 453
124521: -213 -457 534
124522: -213 -458 615
124524: -294 -451 49
124525: -294 -452 130
124526: -294 -453 211
124528: -294 -455 373
124529: -294 -456 454
124530: -294 -457 535
124531: -294 -458 616
124533: -375 -451 50
124534: -375 -452 131
124535: -375 -453 212
124536: -375 -454 293
124537: -375 -455 374
124538: -375 -456 455
124539: -375 -457 536
124540: -375 -458 617
124542: -456 -451 51
124552: -537 -452 133
124553: -537 -453 214
124554: -537 -454 295
124555: -537 -455 376
124556: -537 -456 457
124557: -537 -457 538
124558: -537 -458 619
124560: -618 -451 53
124561: -618 -452 134
124562: -618 -453 215
124563: -618 -454 296
124564: -618 -455 377
124565: -618 -456 458
124566: -618 -457 539
124569: -699 -451 54
124571: -699 -453 216
124573: -699 -455 378
124587: -142 -541 56
124589: -142 -543 218
124590: -142 -544 299
124591: -142 -545 380
124593: -142 -547 542
124595: -142 -549 704
124596: -223 -541 57
124597: -223 -542 138
124599: -223 -544 300
124600: -223 -545 381
124602: -223 -547 543
124603: -223 -548 624
124604: -223 -549 705
124606: -304 -542 139
124607: -304 -543 220
124609: -304 -545 382
124611: -304 -547 544
124612: -304 -548 625
124613: -304 -549 706
124614: -385 -541 59
124615: -385 -542 140
124616: -385 -543 221
124617: -385 -544 302
124620: -385 -547 545
124621: -385 -548 626
124622: -385 -549 707
124623: -466 -541 60
124627: -466 -545 384
124632: -547 -541 61
124642: -628 -542 143
124643: -628 -543 224
124644: -628 -544 305
124645: -628 -545 386
124647: -628 -547 548
124648: -628 -548 629
124649: -628 -549 710
124650: -709 -541 63
124651: -709 -542 144
124652: -709 -543 225
124653: -709 -544 306
124654: -709 -545 387
124656: -709 -547 549
124668: -152 -631 65
124669: -152 -632 146
124670: -152 -633 227
124671: -152 -634 308
124672: -152 -635 389
124673: -152 -636 470
124675: -152 -638 632
124676: -152 -639 713
124677: -233 -631 66
124678: -233 -632 147
124680: -233 -634 309
124681: -233 -635 390
124682: -233 -636 471
124684: -233 -638 633
124685: -233 -639 714
124686: -314 -631 67
124687: -314 -632 148
124688: -314 -633 229
124689: -314 -634 310
124690: -314 -635 391
124691: -314 -636 472
124693: -314 -638 634
124694: -314 -639 715
124695: -395 -631 68
124696: -395 -632 149
124697: -395 -633 230
124698: -395 -634 311
124700: -395 -636 473
124702: -395 -638 635
124703: -395 -639 716
124704: -476 -631 69
124705: -476 -632 150
124706: -476 -633 231
124707: -476 -634 312
124708: -476 -635 393
124709: -476 -636 474
124711: -476 -638 636
124713: -557 -631 70
124715: -557 -633 232
124718: -557 -636 475
124722: -638 -631 71
124732: -719 -632 153
124733: -719 -633 234
124734: -719 -634 315
124735: -719 -635 396
124736: -719 -636 477
124738: -719 -638 639
124749: -162 -721 74
124750: -162 -722 155
124751: -162 -723 236
124752: -162 -724 317
124753: -162 -725 398
124754: -162 -726 479
124755: -162 -727 560
124757: -162 -729 722
124758: -243 -721 75
124759: -243 -722 156
124760: -243 -723 237
124761: -243 -724 318
124762: -243 -725 399
124763: -243 -726 480
124764: -243 -727 561
124765: -243 -728 642
124766: -243 -729 723
124767: -324 -721 76
124768: -324 -722 157
124769: -324 -723 238
124770: -324 -724 319
124771: -324 -725 400
124772: -324 -726 481
124773: -324 -727 562
124775: -324 -729 724
124776: -405 -721 77
124777: -405 -722 158
124778: -405 -723 239
124779: -405 -724 320
124781: -405 -726 482
124782: -405 -727 563
124784: -405 -729 725
124786: -486 -722 159
124787: -486 -723 240
124788: -486 -724 321
124789: -486 -725 402
124791: -486 -727 564
124792: -486 -728 645
124793: -486 -729 726
124794: -567 -721 79
124795: -567 -722 160
124796: -567 -723 241
124797: -567 -724 322
124798: -567 -725 403
124799: -567 -726 484
124802: -567 -729 727
124803: -648 -721 80
124807: -648 -725 404
125715: -93 -172 -85 262
125716: -93 -172 -86 343
125717: -93 -172 -87 424
125718: -93 -172 -88 505
125719: -93 -172 -89 586
125720: -93 -172 -90 667
125761: -93 -177 -131 348
125785: -93 -180 -155 108
125795: -94 -253 -84 190
125797: -94 -253 -86 352
125798: -94 -253 -87 433
125799: -94 -253 -88 514
125800: -94 -253 -89 595
125801: -94 -253 -90 676
125811: -94 -255 -100 30
125876: -95 -334 -84 199
125877: -95 -334 -85 280
125879: -95 -334 -87 442
125880: -95 -334 -88 523
125881: -95 -334 -89 604
125882: -95 -334 -90 685
125929: -95 -340 -137 124
125957: -96 -415 -84 208
125958: -96 -415 -85 289
125959: -96 -415 -86 370
125961: -96 -415 -88 532
125962: -96 -415 -89 613
125963: -96 -415 -90 694
125973: -96 -417 -100 48
126038: -97 -496 -84 217
126039: -97 -496 -85 298
126040: -97 -496 -86 379
126041: -97 -496 -87 460
126043: -97 -496 -89 622
126044: -97 -496 -90 703
126054: -97 -498 -100 57
126063: -97 -499 -109 58
126064: -97 -499 -110 139
126119: -98 -577 -84 226
126120: -98 -577 -85 307
126121: -98 -577 -86 388
126122: -98 -577 -87 469
126123: -98 -577 -88 550
126125: -98 -577 -90 712
126200: -99 -658 -84 235
126201: -99 -658 -85 316
126202: -99 -658 -86 397
126203: -99 -658 -87 478
126204: -99 -658 -88 559
126205: -99 -658 -89 640
126217: -99 -660 -101 156
126253: -99 -664 -137 160
126361: -182 -100 -164 91
126363: -182 -100 -166 253
126364: -182 -100 -167 334
126365: -182 -100 -168 415
126366: -182 -100 -169 496
126367: -182 -100 -170 577
126368: -182 -100 -171 658
126396: -182 -104 -199 14
126409: -182 -105 -212 339
126434: -182 -108 -237 180
126523: -184 -262 -164 109
126526: -184 -262 -167 352
126527: -184 -262 -168 433
126528: -184 -262 -169 514
126529: -184 -262 -170 595
126530: -184 -262 -171 676
126531: -184 -263 -172 29
126559: -184 -266 -200 113
126578: -184 -268 -219 196
126586: -184 -269 -227 116
126587: -184 -269 -228 197
126596: -184 -270 -237 198
126604: -185 -343 -164 118
126606: -185 -343 -166 280
126608: -185 -343 -168 442
126609: -185 -343 -169 523
126610: -185 -343 -170 604
126611: -185 -343 -171 685
126612: -185 -344 -172 38
126631: -185 -346 -191 121
126649: -185 -348 -209 123
126685: -186 -424 -164 127
126687: -186 -424 -166 289
126688: -186 -424 -167 370
126690: -186 -424 -169 532
126691: -186 -424 -170 613
126692: -186 -424 -171 694
126693: -186 -425 -172 47
126758: -186 -432 -237 216
126766: -187 -505 -164 136
126768: -187 -505 -166 298
126769: -187 -505 -167 379
126770: -187 -505 -168 460
126772: -187 -505 -170 622
126773: -187 -505 -171 703
126774: -187 -506 -172 56
126802: -187 -509 -200 140
126803: -187 -509 -201 221
126811: -187 -510 -209 141
126838: -187 -513 -236 144
126839: -187 -513 -237 225
126840: -187 -513 -238 306
126847: -188 -586 -164 145
126849: -188 -586 -166 307
126850: -188 -586 -167 388
126851: -188 -586 -168 469
126852: -188 -586 -169 550
126854: -188 -586 -171 712
126873: -188 -589 -190 67
126875: -188 -589 -192 229
126900: -188 -592 -217 70
126902: -188 -592 -219 232
126928: -189 -667 -164 154
126930: -189 -667 -166 316
126931: -189 -667 -167 397
126932: -189 -667 -168 478
126933: -189 -667 -169 559
126934: -189 -667 -170 640
126936: -189 -668 -172 74
126965: -189 -671 -201 239
126973: -189 -672 -209 159
126983: -189 -673 -219 241
126992: -189 -674 -228 242
127045: -271 -32 -281 86
127046: -271 -32 -282 167
127047: -271 -32 -283 248
127049: -271 -32 -285 410
127050: -271 -32 -286 491
127051: -271 -32 -287 572
127052: -271 -32 -288 653
127094: -272 -109 -249 415
127095: -272 -109 -250 496
127096: -272 -109 -251 577
127097: -272 -109 -252 658
127107: -272 -111 -262 12
127134: -272 -114 -289 15
127156: -272 -116 -311 341
127176: -273 -190 -250 505
127178: -273 -190 -252 667
127179: -273 -191 -253 20
127187: -273 -191 -261 668
127189: -273 -192 -263 102
127216: -273 -195 -290 105
127218: -273 -195 -292 267
127219: -273 -195 -293 348
127221: -273 -195 -295 510
127222: -273 -195 -296 591
127223: -273 -195 -297 672
127224: -273 -196 -298 25
127225: -273 -196 -299 106
127228: -273 -196 -302 349
127229: -273 -196 -303 430
127231: -273 -196 -305 592
127232: -273 -196 -306 673
127234: -273 -197 -308 107
127236: -273 -197 -310 269
127237: -273 -197 -311 350
127238: -273 -197 -312 431
127239: -273 -197 -313 512
127241: -273 -197 -315 674
127242: -273 -198 -316 27
127243: -273 -198 -317 108
127246: -273 -198 -320 351
127247: -273 -198 -321 432
127248: -273 -198 -322 513
127249: -273 -198 -323 594
127297: -274 -276 -290 114
127300: -274 -276 -293 357
127302: -274 -276 -295 519
127316: -274 -278 -309 197
127323: -274 -279 -316 36
127415: -276 -433 -246 208
127419: -276 -433 -250 532
127420: -276 -433 -251 613
127421: -276 -433 -252 694
127422: -276 -434 -253 47
127428: -276 -434 -259 533
127431: -276 -435 -262 48
127438: -276 -435 -269 615
127439: -276 -435 -270 696
127451: -276 -437 -282 212
127486: -276 -441 -317 135
127489: -276 -441 -320 378
127491: -276 -441 -322 540
127492: -276 -441 -323 621
127499: -277 -514 -249 460
127502: -277 -514 -252 703
127510: -277 -515 -260 623
127511: -277 -515 -261 704
127512: -277 -516 -262 57
127513: -277 -516 -263 138
127515: -277 -516 -265 300
127517: -277 -516 -267 462
127519: -277 -516 -269 624
127520: -277 -516 -270 705
127527: -277 -517 -277 544
127538: -277 -518 -288 707
127539: -277 -519 -289 60
127540: -277 -519 -290 141
127541: -277 -519 -291 222
127543: -277 -519 -293 384
127558: -277 -521 -308 143
127561: -277 -521 -311 386
127577: -278 -595 -246 226
127580: -278 -595 -249 469
127581: -278 -595 -250 550
127590: -278 -596 -259 551
127592: -278 -596 -261 713
127593: -278 -597 -262 66
127616: -278 -599 -285 473
127629: -278 -601 -298 70
127631: -278 -601 -300 232
127632: -278 -601 -301 313
127633: -278 -601 -302 394
127638: -278 -602 -307 71
127648: -278 -603 -317 153
127651: -278 -603 -320 396
127657: -279 -676 -245 154
127661: -279 -676 -249 478
127662: -279 -676 -250 559
127663: -279 -676 -251 640
127679: -279 -678 -267 480
127694: -279 -680 -282 239
127710: -279 -682 -298 79
127711: -279 -682 -299 160
127719: -279 -683 -307 80
127720: -279 -683 -308 161
127721: -279 -683 -309 242
127723: -279 -683 -311 404
127724: -279 -683 -312 485
127765: -361 -40 -353 85
127766: -361 -40 -354 166
127768: -361 -40 -356 328
127769: -361 -40 -357 409
127770: -361 -40 -358 490
127771: -361 -40 -359 571
127772: -361 -40 -360 652
127823: -362 -118 -330 415
127824: -362 -118 -331 496
127825: -362 -118 -332 577
127826: -362 -118 -333 658
127836: -362 -120 -343 12
127867: -362 -123 -374 339
127872: -362 -124 -379 16
127875: -362 -124 -382 259
127876: -362 -124 -383 340
127881: -362 -125 -388 17
127884: -362 -125 -391 260
127886: -362 -125 -393 422
127890: -362 -126 -397 18
127892: -362 -126 -399 180
127893: -362 -126 -400 261
127895: -362 -126 -402 423
127904: -363 -199 -330 424
127905: -363 -199 -331 505
127906: -363 -199 -332 586
127907: -363 -199 -333 667
127915: -363 -200 -341 587
127945: -363 -204 -371 105
127950: -363 -204 -376 510
127951: -363 -204 -377 591
127952: -363 -204 -378 672
127954: -363 -205 -380 106
127956: -363 -205 -382 268
127957: -363 -205 -383 349
127958: -363 -205 -384 430
127960: -363 -205 -386 592
127961: -363 -205 -387 673
127963: -363 -206 -389 107
127965: -363 -206 -391 269
127967: -363 -206 -393 431
127968: -363 -206 -394 512
127970: -363 -206 -396 674
127971: -363 -207 -397 27
127976: -363 -207 -402 432
127977: -363 -207 -403 513
127978: -363 -207 -404 594
128099: -365 -365 -363 203
128143: -366 -442 -326 127
128144: -366 -442 -327 208
128149: -366 -442 -332 613
128150: -366 -442 -333 694
128157: -366 -443 -340 533
128160: -366 -444 -343 48
128166: -366 -444 -349 534
128171: -366 -445 -354 211
128183: -366 -446 -366 455
128199: -366 -448 -382 295
128214: -366 -450 -397 54
128216: -366 -450 -399 216
128224: -367 -523 -326 136
128228: -367 -523 -330 460
128230: -367 -523 -332 622
128231: -367 -523 -333 703
128232: -367 -524 -334 56
128239: -367 -524 -341 623
128241: -367 -525 -343 57
128268: -367 -528 -370 60
128270: -367 -528 -372 222
128275: -367 -528 -377 627
128298: -367 -531 -400 306
128305: -368 -604 -326 145
128306: -368 -604 -327 226
128309: -368 -604 -330 469
128310: -368 -604 -331 550
128317: -368 -605 -338 389
128322: -368 -606 -343 66
128330: -368 -606 -351 714
128336: -368 -607 -357 472
128358: -368 -610 -379 70
128359: -368 -610 -380 151
128360: -368 -610 -381 232
128362: -368 -610 -383 394
128386: -369 -685 -326 154
128387: -369 -685 -327 235
128391: -369 -685 -331 559
128392: -369 -685 -332 640
128394: -369 -686 -334 74
128399: -369 -686 -339 479
128404: -369 -687 -344 156
128414: -369 -688 -354 238
128431: -369 -690 -371 159
128448: -369 -692 -388 80
128449: -369 -692 -389 161
128450: -369 -692 -390 242
128454: -369 -692 -394 566
128455: -369 -692 -395 647
128520: -451 -52 -460 7
128521: -451 -52 -461 88
128522: -451 -52 -462 169
128523: -451 -52 -463 250
128524: -451 -52 -464 331
128525: -451 -52 -465 412
128526: -451 -52 -466 493
128527: -451 -52 -467 574
128528: -451 -52 -468 655
128549: -452 -127 -408 172
128550: -452 -127 -409 253
128551: -452 -127 -410 334
128554: -452 -127 -413 577
128568: -452 -129 -427 255
128581: -452 -130 -440 580
128585: -452 -131 -444 176
128586: -452 -131 -445 257
128588: -452 -131 -447 419
128603: -452 -133 -462 178
128604: -452 -133 -463 259
128613: -452 -134 -472 260
128614: -452 -134 -473 341
128618: -452 -134 -477 665
128631: -453 -208 -409 262
128634: -453 -208 -412 505
128635: -453 -208 -413 586
128637: -453 -209 -415 20
128655: -453 -211 -433 22
128659: -453 -211 -437 346
128660: -453 -211 -438 427
128661: -453 -211 -439 508
128662: -453 -211 -440 589
128663: -453 -211 -441 670
128665: -453 -212 -443 104
128667: -453 -212 -445 266
128669: -453 -212 -447 428
128670: -453 -212 -448 509
128671: -453 -212 -449 590
128672: -453 -212 -450 671
128685: -453 -214 -463 268
128686: -453 -214 -464 349
128694: -453 -215 -472 269
128695: -453 -215 -473 350
128697: -453 -215 -475 512
128698: -453 -215 -476 593
128699: -453 -215 -477 674
128703: -453 -216 -481 270
128704: -453 -216 -482 351
128705: -453 -216 -483 432
128706: -453 -216 -484 513
128707: -453 -216 -485 594
128711: -454 -289 -408 190
128713: -454 -289 -410 352
128716: -454 -289 -413 595
128720: -454 -290 -417 191
128722: -454 -290 -419 353
128725: -454 -290 -422 596
128726: -454 -290 -423 677
128727: -454 -291 -424 30
128731: -454 -291 -428 354
128735: -454 -291 -432 678
128746: -454 -293 -443 113
128747: -454 -293 -444 194
128751: -454 -293 -448 518
128752: -454 -293 -449 599
128753: -454 -293 -450 680
128764: -454 -295 -461 115
128765: -454 -295 -462 196
128770: -454 -295 -467 601
128773: -454 -296 -470 116
128776: -454 -296 -473 359
128780: -454 -296 -477 683
128782: -454 -297 -479 117
128791: -455 -370 -407 118
128792: -455 -370 -408 199
128793: -455 -370 -409 280
128797: -455 -370 -413 604
128799: -455 -371 -415 38
128808: -455 -372 -424 39
128818: -455 -373 -434 121
128819: -455 -373 -435 202
128823: -455 -373 -439 526
128824: -455 -373 -440 607
128825: -455 -373 -441 688
128847: -455 -376 -463 286
128849: -455 -376 -465 448
128851: -455 -376 -467 610
128852: -455 -376 -468 691
128854: -455 -377 -470 125
128855: -455 -377 -471 206
128856: -455 -377 -472 287
128860: -455 -377 -476 611
128861: -455 -377 -477 692
128863: -455 -378 -479 126
128864: -455 -378 -480 207
128867: -455 -378 -483 450
128870: -455 -378 -486 693
128953: -457 -532 -407 136
128956: -457 -532 -410 379
128957: -457 -532 -411 460
128971: -457 -534 -425 138
128973: -457 -534 -427 300
128977: -457 -534 -431 624
128995: -457 -536 -449 626
129034: -458 -613 -407 145
129036: -458 -613 -409 307
129037: -458 -613 -410 388
129039: -458 -613 -412 550
129042: -458 -614 -415 65
129044: -458 -614 -417 227
129051: -458 -615 -424 66
129052: -458 -615 -425 147
129064: -458 -616 -437 391
129068: -458 -616 -441 715
129069: -458 -617 -442 68
129072: -458 -617 -445 311
129077: -458 -617 -450 716
129089: -458 -619 -462 232
129090: -458 -619 -463 313
129091: -458 -619 -464 394
129095: -458 -619 -468 718
129258: -541 -62 -550 8
129259: -541 -62 -551 89
129260: -541 -62 -552 170
129261: -541 -62 -553 251
129262: -541 -62 -554 332
129263: -541 -62 -555 413
129264: -541 -62 -556 494
129265: -541 -62 -557 575
129266: -541 -62 -558 656
129278: -542 -136 -489 172
129279: -542 -136 -490 253
129283: -542 -136 -494 577
129284: -542 -136 -495 658
129303: -542 -139 -514 13
129307: -542 -139 -518 337
129308: -542 -139 -519 418
129311: -542 -139 -522 661
129315: -542 -140 -526 257
129317: -542 -140 -528 419
129320: -542 -140 -531 662
129341: -542 -143 -552 179
129343: -542 -143 -554 341
129361: -543 -217 -491 343
129364: -543 -217 -494 586
129365: -543 -217 -495 667
129369: -543 -218 -499 263
129384: -543 -220 -514 22
129385: -543 -220 -515 103
129388: -543 -220 -518 346
129389: -543 -220 -519 427
129391: -543 -220 -521 589
129392: -543 -220 -522 670
129393: -543 -221 -523 23
129396: -543 -221 -526 266
129398: -543 -221 -528 428
129400: -543 -221 -530 590
129401: -543 -221 -531 671
129405: -543 -222 -535 267
129406: -543 -222 -536 348
129407: -543 -222 -537 429
129408: -543 -222 -538 510
129409: -543 -222 -539 591
129410: -543 -222 -540 672
129421: -543 -224 -551 107
129424: -543 -224 -554 350
129439: -544 -298 -488 109
129440: -544 -298 -489 190
129442: -544 -298 -491 352
129445: -544 -298 -494 595
129446: -544 -298 -495 676
129453: -544 -299 -502 515
129454: -544 -299 -503 596
129456: -544 -300 -505 30
129461: -544 -300 -510 435
129475: -544 -302 -524 113
129476: -544 -302 -525 194
129479: -544 -302 -528 437
129481: -544 -302 -530 599
129482: -544 -302 -531 680
129489: -544 -303 -538 519
129503: -544 -305 -552 197
129505: -544 -305 -554 359
129514: -544 -306 -563 360
129515: -544 -306 -564 441
129516: -544 -306 -565 522
129520: -545 -379 -488 118
129521: -545 -379 -489 199
129522: -545 -379 -490 280
129525: -545 -379 -493 523
129526: -545 -379 -494 604
129527: -545 -379 -495 685
129528: -545 -380 -496 38
129537: -545 -381 -505 39
129538: -545 -381 -506 120
129540: -545 -381 -508 282
129547: -545 -382 -515 121
129548: -545 -382 -516 202
129551: -545 -382 -519 445
129553: -545 -382 -521 607
129554: -545 -382 -522 688
129555: -545 -383 -523 41
129557: -545 -383 -525 203
129564: -545 -384 -532 42
129570: -545 -384 -538 528
129582: -545 -386 -550 44
129583: -545 -386 -551 125
129584: -545 -386 -552 206
129585: -545 -386 -553 287
129587: -545 -386 -555 449
129588: -545 -386 -556 530
129589: -545 -386 -557 611
129590: -545 -386 -558 692
129592: -545 -387 -560 126
129593: -545 -387 -561 207
129594: -545 -387 -562 288
129596: -545 -387 -564 450
129597: -545 -387 -565 531
129599: -545 -387 -567 693
129719: -547 -545 -525 221
129765: -548 -622 -490 307
129766: -548 -622 -491 388
129768: -548 -622 -493 550
129771: -548 -623 -496 65
129777: -548 -623 -502 551
129780: -548 -624 -505 66
129798: -548 -626 -523 68
129823: -548 -628 -548 637
129840: -548 -630 -565 558
129844: -549 -703 -488 154
129845: -549 -703 -489 235
129846: -549 -703 -490 316
129850: -549 -703 -494 640
129852: -549 -704 -496 74
129854: -549 -704 -498 236
129855: -549 -704 -499 317
129856: -549 -704 -500 398
129858: -549 -704 -502 560
129861: -549 -705 -505 75
129862: -549 -705 -506 156
129866: -549 -705 -510 480
129868: -549 -705 -512 642
129870: -549 -706 -514 76
129875: -549 -706 -519 481
129880: -549 -707 -524 158
129881: -549 -707 -525 239
129882: -549 -707 -526 320
129884: -549 -707 -528 482
129889: -549 -708 -533 159
129906: -549 -710 -550 80
129907: -549 -710 -551 161
129908: -549 -710 -552 242
129909: -549 -710 -553 323
129910: -549 -710 -554 404
129911: -549 -710 -555 485
129996: -631 -72 -640 9
129997: -631 -72 -641 90
129998: -631 -72 -642 171
129999: -631 -72 -643 252
130000: -631 -72 -644 333
130001: -631 -72 -645 414
130002: -631 -72 -646 495
130003: -631 -72 -647 576
130004: -631 -72 -648 657
130008: -632 -145 -571 253
130009: -632 -145 -572 334
130010: -632 -145 -573 415
130026: -632 -147 -589 255
130028: -632 -147 -591 417
130036: -632 -148 -599 337
130037: -632 -148 -600 418
130043: -632 -149 -606 176
130046: -632 -149 -609 419
130052: -632 -150 -615 177
130056: -632 -150 -619 501
130079: -632 -153 -642 180
130080: -632 -153 -643 261
130081: -632 -153 -644 342
130082: -632 -153 -645 423
130083: -632 -153 -646 504
130089: -633 -226 -571 262
130090: -633 -226 -572 343
130091: -633 -226 -573 424
130113: -633 -229 -595 22
130114: -633 -229 -596 103
130117: -633 -229 -599 346
130118: -633 -229 -600 427
130119: -633 -229 -601 508
130121: -633 -229 -603 670
130122: -633 -230 -604 23
130123: -633 -230 -605 104
130125: -633 -230 -607 266
130127: -633 -230 -609 428
130128: -633 -230 -610 509
130130: -633 -230 -612 671
130132: -633 -231 -614 105
130134: -633 -231 -616 267
130135: -633 -231 -617 348
130139: -633 -231 -621 672
130151: -633 -233 -633 188
130159: -633 -234 -641 108
130161: -633 -234 -643 270
130162: -633 -234 -644 351
130163: -633 -234 -645 432
130164: -633 -234 -646 513
130168: -634 -307 -569 109
130169: -634 -307 -570 190
130171: -634 -307 -572 352
130172: -634 -307 -573 433
130178: -634 -308 -579 191
130185: -634 -309 -586 30
130193: -634 -309 -594 678
130204: -634 -311 -605 113
130205: -634 -311 -606 194
130208: -634 -311 -609 437
130209: -634 -311 -610 518
130211: -634 -311 -612 680
130212: -634 -312 -613 33
130214: -634 -312 -615 195
130218: -634 -312 -619 519
130240: -634 -315 -641 117
130243: -634 -315 -644 360
130245: -634 -315 -646 522
130249: -635 -388 -569 118
130251: -635 -388 -571 280
130253: -635 -388 -573 442
130256: -635 -388 -576 685
130264: -635 -389 -584 605
130266: -635 -390 -586 39
130267: -635 -390 -587 120
130269: -635 -390 -589 282
130276: -635 -391 -596 121
130277: -635 -391 -597 202
130280: -635 -391 -600 445
130281: -635 -391 -601 526
130283: -635 -391 -603 688
130294: -635 -393 -614 123
130299: -635 -393 -619 528
130315: -635 -395 -635 368
130321: -635 -396 -641 126
130322: -635 -396 -642 207
130323: -635 -396 -643 288
130326: -635 -396 -646 531
130330: -636 -469 -569 127
130331: -636 -469 -570 208
130332: -636 -469 -571 289
130333: -636 -469 -572 370
130337: -636 -469 -576 694
130346: -636 -470 -585 695
130347: -636 -471 -586 48
130348: -636 -471 -587 129
130350: -636 -471 -589 291
130401: -636 -477 -640 54
130402: -636 -477 -641 135
130403: -636 -477 -642 216
130404: -636 -477 -643 297
130405: -636 -477 -644 378
130407: -636 -477 -646 540
130575: -639 -712 -571 316
130576: -639 -712 -572 397
130581: -639 -713 -577 74
130591: -639 -714 -587 156
130593: -639 -714 -589 318
130599: -639 -715 -595 76
130613: -639 -716 -609 482
130643: -639 -719 -639 728
130699: -721 -78 -695 87
130700: -721 -78 -696 168
130701: -721 -78 -697 249
130702: -721 -78 -698 330
130703: -721 -78 -699 411
130704: -721 -78 -700 492
130705: -721 -78 -701 573
130740: -722 -154 -655 496
130776: -722 -158 -691 500
130777: -722 -158 -692 581
130781: -722 -159 -696 177
130783: -722 -159 -698 339
130792: -722 -160 -707 340
130818: -723 -235 -652 262
130821: -723 -235 -655 505
130849: -723 -238 -683 589
130856: -723 -239 -690 428
130858: -723 -239 -692 590
130863: -723 -240 -697 267
130876: -723 -241 -710 592
130884: -723 -242 -718 512
130897: -724 -316 -650 109
130898: -724 -316 -651 190
130900: -724 -316 -653 352
130901: -724 -316 -654 433
130902: -724 -316 -655 514
130905: -724 -317 -658 29
130907: -724 -317 -660 191
130911: -724 -317 -664 515
130912: -724 -317 -665 596
130913: -724 -317 -666 677
130914: -724 -318 -667 30
130933: -724 -320 -686 113
130934: -724 -320 -687 194
130938: -724 -320 -691 518
130939: -724 -320 -692 599
130941: -724 -321 -694 33
130942: -724 -321 -695 114
130943: -724 -321 -696 195
130945: -724 -321 -698 357
130948: -724 -321 -701 600
130950: -724 -322 -703 34
130954: -724 -322 -707 358
130957: -724 -322 -710 601
130960: -724 -323 -713 116
130978: -725 -397 -650 118
130982: -725 -397 -654 442
130983: -725 -397 -655 523
130985: -725 -397 -657 685
130987: -725 -398 -659 119
130989: -725 -398 -661 281
130994: -725 -398 -666 686
130995: -725 -399 -667 39
130998: -725 -399 -670 282
131002: -725 -399 -674 606
131005: -725 -400 -677 121
131006: -725 -400 -678 202
131009: -725 -400 -681 445
131010: -725 -400 -682 526
131011: -725 -400 -683 607
131012: -725 -400 -684 688
131022: -725 -402 -694 42
131023: -725 -402 -695 123
131024: -725 -402 -696 204
131025: -725 -402 -697 285
131028: -725 -402 -700 528
131029: -725 -402 -701 609
131034: -725 -403 -706 286
131038: -725 -403 -710 610
131041: -725 -404 -713 125
131048: -725 -404 -720 692
131059: -726 -478 -650 127
131060: -726 -478 -651 208
131061: -726 -478 -652 289
131077: -726 -480 -668 129
131102: -726 -482 -693 698
131135: -726 -486 -726 459
131140: -727 -559 -650 136
131141: -727 -559 -651 217
131142: -727 -559 -652 298
131143: -727 -559 -653 379
131144: -727 -559 -654 460
131155: -727 -560 -665 623
131170: -727 -562 -680 382
131173: -727 -562 -683 625
131182: -727 -563 -692 626
131184: -727 -564 -694 60
131185: -727 -564 -695 141
131186: -727 -564 -696 222
131188: -727 -564 -698 384
131191: -727 -564 -701 627
131998: -91 -11
132075: -93 -173
132076: -93 -101
132077: -93 -182
132078: -93 -174
132079: -93 -102
132086: -93 -173 -93
132089: -93 -173 -173
132126: -93 -100 -11
132130: -93 -101 -93
132134: -93 -103 -110
132136: -93 -103 -255
132137: -93 -104 -119
132139: -93 -104 -336
132140: -93 -105 -128
132142: -93 -105 -417
132143: -93 -106 -137
132145: -93 -106 -498
132146: -93 -107 -146
132148: -93 -107 -579
132149: -93 -108 -155
132151: -93 -108 -660
132152: -94 -254
132153: -94 -110
132154: -94 -272
132155: -94 -256
132170: -94 -255 -191
132187: -94 -259 -137
132197: -94 -261 -155
132203: -94 -109 -11
132207: -94 -110 -94
132210: -94 -111 -175
132217: -94 -114 -128
132219: -94 -114 -418
132220: -94 -115 -137
132222: -94 -115 -499
132223: -94 -116 -146
132225: -94 -116 -580
132226: -94 -117 -155
132228: -94 -117 -661
132229: -95 -335
132230: -95 -119
132231: -95 -362
132232: -95 -338
132280: -95 -118 -11
132287: -95 -120 -176
132294: -95 -123 -128
132296: -95 -123 -419
132299: -95 -124 -500
132300: -95 -125 -146
132302: -95 -125 -581
132303: -95 -126 -155
132305: -95 -126 -662
132306: -96 -416
132307: -96 -128
132308: -96 -452
132309: -96 -420
132310: -96 -132
132312: -96 -415 -87
132317: -96 -416 -96
132320: -96 -416 -416
132324: -96 -417 -209
132357: -96 -127 -11
132361: -96 -128 -96
132362: -96 -129 -101
132364: -96 -129 -177
132365: -96 -130 -110
132367: -96 -130 -258
132370: -96 -131 -339
132376: -96 -133 -501
132377: -96 -134 -146
132379: -96 -134 -582
132380: -96 -135 -155
132382: -96 -135 -663
132383: -97 -497
132384: -97 -137
132385: -97 -542
132386: -97 -502
132387: -97 -142
132408: -97 -500 -119
132434: -97 -136 -11
132438: -97 -137 -97
132439: -97 -138 -101
132441: -97 -138 -178
132442: -97 -139 -110
132444: -97 -139 -259
132447: -97 -140 -340
132448: -97 -141 -128
132450: -97 -141 -421
132456: -97 -143 -583
132457: -97 -144 -155
132460: -98 -578
132461: -98 -146
132462: -98 -632
132463: -98 -584
132464: -98 -152
132511: -98 -145 -11
132515: -98 -146 -98
132516: -98 -147 -101
132518: -98 -147 -179
132519: -98 -148 -110
132522: -98 -149 -119
132524: -98 -149 -341
132525: -98 -150 -128
132530: -98 -151 -503
132536: -98 -153 -665
132537: -99 -659
132538: -99 -155
132539: -99 -722
132540: -99 -666
132543: -99 -658 -90
132562: -99 -662 -119
132577: -99 -665 -146
132588: -99 -154 -11
132592: -99 -155 -99
132595: -99 -156 -180
132596: -99 -157 -110
132598: -99 -157 -261
132599: -99 -158 -119
132601: -99 -158 -342
132604: -99 -159 -423
132608: -99 -161 -146
132610: -99 -161 -585
132614: -181 -21
132691: -182 -102
132692: -182 -174
132694: -182 -101
132695: -182 -173
132697: -182 -100 -164
132742: -182 -172 -21
132749: -182 -174 -182
132750: -182 -175 -192
132752: -182 -175 -263
132755: -182 -176 -344
132756: -182 -177 -210
132758: -182 -177 -425
132759: -182 -178 -219
132760: -182 -178 -507
132761: -182 -178 -506
132762: -182 -179 -228
132764: -182 -179 -587
132765: -182 -180 -237
132767: -182 -180 -668
132768: -184 -264
132769: -184 -192
132770: -184 -273
132771: -184 -265
132772: -184 -193
132784: -184 -264 -184
132819: -184 -190 -21
132821: -184 -191 -174
132823: -184 -191 -103
132826: -184 -192 -184
132833: -184 -195 -210
132834: -184 -195 -426
132835: -184 -195 -427
132836: -184 -196 -219
132838: -184 -196 -508
132841: -184 -197 -589
132842: -184 -198 -237
132844: -184 -198 -670
132845: -185 -345
132846: -185 -201
132847: -185 -363
132848: -185 -347
132849: -185 -203
132851: -185 -343 -167
132861: -185 -345 -185
132896: -185 -199 -21
132898: -185 -200 -174
132900: -185 -200 -104
132903: -185 -201 -185
132910: -185 -204 -210
132912: -185 -204 -428
132913: -185 -205 -219
132914: -185 -205 -507
132915: -185 -205 -509
132916: -185 -206 -228
132918: -185 -206 -590
132919: -185 -207 -237
132921: -185 -207 -671
132922: -186 -426
132923: -186 -210
132924: -186 -453
132925: -186 -429
132926: -186 -213
132932: -186 -425 -174
132947: -186 -428 -201
132973: -186 -208 -21
132975: -186 -209 -174
132976: -186 -209 -102
132977: -186 -209 -105
132980: -186 -210 -186
132981: -186 -211 -192
132983: -186 -211 -267
132984: -186 -212 -201
132986: -186 -212 -348
132992: -186 -214 -510
132993: -186 -215 -228
132995: -186 -215 -591
132996: -186 -216 -237
132998: -186 -216 -672
132999: -187 -507
133000: -187 -219
133001: -187 -543
133002: -187 -511
133003: -187 -223
133019: -187 -508 -192
133029: -187 -510 -210
133050: -187 -217 -21
133052: -187 -218 -174
133054: -187 -218 -106
133058: -187 -220 -192
133060: -187 -220 -268
133061: -187 -221 -201
133063: -187 -221 -349
133064: -187 -222 -210
133066: -187 -222 -430
133072: -187 -224 -592
133073: -187 -225 -237
133075: -187 -225 -673
133076: -188 -588
133077: -188 -228
133078: -188 -633
133079: -188 -593
133080: -188 -233
133082: -188 -586 -170
133092: -188 -588 -188
133095: -188 -588 -588
133127: -188 -226 -21
133129: -188 -227 -174
133131: -188 -227 -107
133134: -188 -228 -188
133135: -188 -229 -192
133137: -188 -229 -269
133138: -188 -230 -201
133140: -188 -230 -350
133143: -188 -231 -431
133144: -188 -232 -219
133146: -188 -232 -512
133152: -188 -234 -674
133153: -189 -669
133154: -189 -237
133155: -189 -723
133156: -189 -675
133159: -189 -667 -171
133193: -189 -674 -228
133204: -189 -235 -21
133208: -189 -236 -108
133212: -189 -238 -192
133215: -189 -239 -201
133217: -189 -239 -351
133220: -189 -240 -432
133223: -189 -241 -513
133224: -189 -242 -228
133226: -189 -242 -594
133231: -271 -247
133255: -271 -32 -283
133307: -272 -112
133308: -272 -256
133309: -272 -94
133310: -272 -110
133325: -272 -111 -175
133328: -272 -112 -272
133352: -272 -117 -319
133357: -272 -253 -247
133384: -273 -193
133385: -273 -265
133386: -273 -184
133387: -273 -192
133397: -273 -191 -103
133419: -273 -196 -301
133421: -273 -196 -304
133424: -273 -197 -310
133427: -273 -197 -589
133431: -273 -198 -324
133432: -273 -198 -670
133434: -273 -262 -247
133455: -273 -269 -310
133538: -276 -436
133539: -276 -292
133540: -276 -454
133541: -276 -438
133553: -276 -435 -265
133556: -276 -435 -211
133583: -276 -441 -319
133585: -276 -441 -324
133586: -276 -441 -697
133591: -276 -290 -256
133594: -276 -291 -265
133599: -276 -292 -276
133600: -276 -293 -283
133606: -276 -295 -301
133615: -277 -517
133616: -277 -301
133617: -277 -544
133618: -277 -520
133628: -277 -515 -139
133633: -277 -516 -220
133647: -277 -519 -294
133657: -277 -521 -314
133668: -277 -299 -256
133671: -277 -300 -265
133672: -277 -300 -193
133692: -278 -598
133693: -278 -310
133694: -278 -634
133695: -278 -602
133707: -278 -597 -265
133710: -278 -597 -229
133730: -278 -601 -553
133745: -278 -308 -256
133746: -278 -308 -112
133747: -278 -308 -116
133748: -278 -309 -265
133766: -278 -315 -319
133769: -279 -679
133770: -279 -319
133771: -279 -724
133772: -279 -684
133782: -279 -677 -157
133804: -279 -682 -301
133811: -279 -683 -314
133812: -279 -683 -643
133822: -279 -317 -256
133825: -279 -318 -265
133831: -279 -320 -283
133847: -361 -329
133866: -361 -40 -356
133923: -362 -122
133924: -362 -338
133926: -362 -119
133938: -362 -120 -347
133941: -362 -120 -176
133961: -362 -124 -500
133963: -362 -125 -392
133968: -362 -126 -401
133971: -362 -126 -662
134000: -363 -203
134001: -363 -347
134002: -363 -185
134003: -363 -201
134013: -363 -200 -104
134026: -363 -203 -363
134030: -363 -204 -374
134037: -363 -205 -385
134038: -363 -205 -509
134042: -363 -206 -395
134045: -363 -207 -401
134047: -363 -207 -405
134048: -363 -207 -671
134050: -363 -343 -329
134059: -363 -346 -356
134154: -366 -446
134155: -366 -374
134156: -366 -455
134157: -366 -447
134180: -366 -446 -366
134201: -366 -450 -405
134207: -366 -371 -338
134210: -366 -372 -347
134218: -366 -374 -366
134231: -367 -527
134232: -367 -383
134233: -367 -545
134234: -367 -529
134235: -367 -385
134249: -367 -525 -221
134261: -367 -528 -374
134284: -367 -380 -338
134287: -367 -381 -347
134288: -367 -381 -203
134290: -367 -382 -356
134295: -367 -383 -367
134308: -368 -608
134309: -368 -392
134310: -368 -635
134311: -368 -611
134326: -368 -606 -230
134343: -368 -610 -383
134361: -368 -389 -338
134364: -368 -390 -347
134385: -369 -689
134386: -369 -401
134387: -369 -725
134388: -369 -693
134395: -369 -686 -338
134403: -369 -687 -239
134428: -369 -692 -644
134438: -369 -398 -338
134441: -369 -399 -347
134444: -369 -400 -356
134449: -369 -401 -369
134463: -451 -411
134497: -451 -52 -465
134498: -451 -52 -460
134499: -451 -52 -466
134529: -451 -411 -451
134539: -452 -132
134540: -452 -420
134541: -452 -96
134542: -452 -128
134557: -452 -129 -177
134567: -452 -131 -339
134570: -452 -132 -452
134576: -452 -133 -466
134587: -452 -135 -663
134589: -452 -415 -411
134606: -452 -420 -452
134608: -452 -421 -537
134611: -452 -422 -618
134613: -452 -423 -483
134616: -453 -213
134617: -453 -429
134618: -453 -186
134619: -453 -210
134629: -453 -209 -105
134638: -453 -211 -436
134643: -453 -212 -446
134644: -453 -212 -348
134647: -453 -213 -453
134658: -453 -215 -476
134659: -453 -215 -591
134663: -453 -216 -486
134666: -453 -424 -411
134670: -453 -425 -132
134678: -453 -428 -447
134683: -453 -429 -453
134685: -453 -430 -537
134693: -454 -294
134694: -454 -438
134695: -454 -276
134696: -454 -292
134708: -454 -291 -429
134724: -454 -294 -454
134731: -454 -295 -519
134746: -454 -434 -420
134762: -454 -439 -537
134767: -454 -441 -483
134770: -455 -375
134771: -455 -447
134773: -455 -374
134783: -455 -371 -123
134788: -455 -372 -204
134790: -455 -373 -438
134818: -455 -378 -690
134823: -455 -443 -420
134826: -455 -444 -429
134827: -455 -444 -213
134841: -455 -449 -474
134847: -457 -537
134848: -457 -465
134850: -457 -538
134852: -457 -532 -411
134857: -457 -533 -420
134865: -457 -534 -222
134878: -457 -537 -457
134895: -457 -540 -708
134900: -457 -461 -420
134919: -457 -467 -618
134924: -458 -618
134925: -458 -474
134926: -458 -636
134927: -458 -620
134928: -458 -476
134934: -458 -614 -420
134942: -458 -615 -231
134972: -458 -621 -717
134974: -458 -469 -411
134977: -458 -470 -420
134982: -458 -471 -215
134983: -458 -472 -438
134988: -458 -473 -377
135079: -541 -493
135118: -541 -62 -556
135120: -541 -62 -557
135148: -541 -493 -541
135155: -542 -142
135156: -542 -502
135157: -542 -97
135158: -542 -137
135173: -542 -138 -178
135183: -542 -140 -340
135198: -542 -143 -583
135205: -542 -496 -493
135220: -542 -501 -538
135227: -542 -503 -628
135232: -543 -223
135233: -543 -511
135234: -543 -187
135235: -543 -219
135237: -543 -217 -493
135245: -543 -218 -106
135252: -543 -220 -520
135254: -543 -220 -517
135265: -543 -222 -430
135268: -543 -223 -543
135280: -543 -225 -673
135282: -543 -505 -493
135285: -543 -506 -502
135294: -543 -509 -529
135297: -543 -510 -538
135302: -543 -511 -543
135304: -543 -512 -628
135309: -544 -304
135310: -544 -520
135311: -544 -277
135312: -544 -301
135327: -544 -300 -196
135334: -544 -302 -529
135341: -544 -303 -537
135345: -544 -304 -544
135348: -544 -304 -304
135349: -544 -305 -556
135362: -544 -515 -502
135365: -544 -516 -511
135374: -544 -519 -538
135375: -544 -519 -466
135376: -544 -519 -463
135379: -544 -520 -544
135381: -544 -521 -628
135386: -545 -385
135387: -545 -529
135388: -545 -367
135389: -545 -383
135390: -545 -527
135404: -545 -381 -205
135408: -545 -382 -517
135419: -545 -384 -448
135422: -545 -385 -545
135425: -545 -385 -385
135426: -545 -386 -556
135428: -545 -386 -557
135429: -545 -386 -610
135434: -545 -387 -691
135442: -545 -525 -511
135451: -545 -528 -538
135458: -545 -530 -628
135540: -548 -628
135541: -548 -556
135543: -548 -629
135544: -548 -557
135558: -548 -624 -232
135576: -548 -628 -548
135579: -548 -628 -628
135592: -548 -550 -62
135593: -548 -551 -502
135596: -548 -552 -511
135617: -549 -709
135618: -549 -565
135619: -549 -727
135620: -549 -711
135621: -549 -567
135635: -549 -705 -241
135639: -549 -706 -517
135659: -549 -710 -557
135670: -549 -560 -502
135675: -549 -561 -225
135676: -549 -562 -520
135679: -549 -563 -529
135680: -549 -563 -385
135681: -549 -563 -387
135682: -549 -564 -538
135684: -549 -564 -468
135690: -549 -566 -630
135695: -631 -575
135739: -631 -72 -647
135741: -631 -72 -648
135767: -631 -575 -631
135771: -632 -152
135772: -632 -584
135774: -632 -146
135786: -632 -147 -593
135789: -632 -147 -179
135794: -632 -148 -260
135798: -632 -149 -608
135812: -632 -152 -632
135821: -632 -577 -575
135846: -632 -585 -719
135848: -633 -233
135849: -633 -593
135850: -633 -188
135851: -633 -228
135861: -633 -227 -107
135868: -633 -229 -602
135870: -633 -229 -598
135875: -633 -230 -608
135878: -633 -231 -620
135880: -633 -231 -618
135885: -633 -232 -628
135886: -633 -232 -512
135898: -633 -586 -575
135923: -633 -594 -719
135925: -634 -314
135926: -634 -602
135928: -634 -310
135938: -634 -308 -116
135950: -634 -311 -611
135969: -634 -314 -314
135970: -634 -315 -647
135972: -634 -315 -648
135981: -634 -597 -593
135982: -634 -597 -233
135995: -634 -601 -553
136000: -634 -603 -719
136002: -635 -395
136003: -635 -611
136005: -635 -392
136006: -635 -608
136019: -635 -390 -588
136020: -635 -390 -206
136043: -635 -395 -635
136055: -635 -605 -584
136059: -635 -606 -233
136068: -635 -609 -476
136069: -635 -609 -473
136075: -635 -611 -635
136079: -636 -476
136080: -636 -620
136081: -636 -458
136082: -636 -474
136097: -636 -471 -215
136120: -636 -476 -636
136124: -636 -477 -647
136129: -636 -613 -575
136132: -636 -614 -584
136138: -636 -616 -602
136139: -636 -616 -314
136140: -636 -616 -312
136141: -636 -617 -611
136233: -639 -719
136234: -639 -647
136236: -639 -720
136274: -639 -719 -639
136285: -639 -640 -72
136286: -639 -641 -584
136289: -639 -642 -593
136290: -639 -642 -233
136311: -721 -657
136340: -721 -78 -702
136342: -721 -78 -699
136386: -721 -657 -721
136387: -722 -162
136388: -722 -666
136389: -722 -99
136390: -722 -155
136402: -722 -156 -675
136405: -722 -156 -180
136415: -722 -158 -342
136437: -722 -658 -657
136446: -722 -661 -684
136449: -722 -662 -693
136453: -722 -663 -486
136464: -723 -243
136465: -723 -675
136466: -723 -189
136467: -723 -237
136477: -723 -236 -108
136492: -723 -239 -351
136510: -723 -243 -723
136514: -723 -667 -657
136530: -723 -672 -486
136541: -724 -324
136542: -724 -684
136543: -724 -279
136544: -724 -319
136546: -724 -316 -657
136559: -724 -318 -198
136583: -724 -323 -719
136591: -724 -676 -657
136594: -724 -677 -666
136595: -724 -677 -162
136596: -724 -677 -157
136597: -724 -678 -675
136606: -724 -681 -702
136612: -724 -683 -720
136613: -724 -683 -648
136614: -724 -683 -643
136617: -724 -684 -724
136618: -725 -405
136619: -725 -693
136621: -725 -401
136622: -725 -689
136638: -725 -400 -684
136650: -725 -402 -699
136664: -725 -405 -725
136667: -725 -405 -405
136671: -725 -686 -666
136683: -725 -690 -702
136689: -725 -692 -720
136695: -726 -486
136696: -726 -702
136698: -726 -483
136713: -726 -480 -216
136741: -726 -486 -726
136747: -726 -694 -78
136748: -726 -695 -666
136772: -727 -567
136773: -727 -711
136774: -727 -549
136775: -727 -565
136790: -727 -561 -225
136792: -727 -562 -684
136794: -727 -562 -679
136818: -727 -567 -727
136825: -727 -704 -666
136828: -727 -705 -675
136832: -727 -706 -324
136833: -727 -706 -322
136834: -727 -707 -693
136848: -727 -711 -727
136857: -728 -640 -72
136926: 1
136927: 11
136928: 21
136929: 32
136930: 40
136931: 52
136932: 62
136933: 72