4 1 1 1 2
UNSAT
8: -2 -3
9: -2 -4
10: -2 -5
11: -2 -6
12: -2 -7
13: -2 -8
14: -2 -9
52: -12 -13
53: -12 -14
54: -12 -15
55: -12 -16
56: -12 -17
57: -12 -18
95: -22 -23
96: -22 -24
97: -22 -25
98: -22 -26
99: -22 -27
114: -28 -32
115: -28 -33
116: -28 -34
117: -28 -35
118: -28 -36
174: -41 -42
175: -41 -43
176: -41 -44
177: -41 -45
215: -51 -52
216: -51 -53
217: -51 -54
255: -61 -62
256: -61 -63
294: -71 -72
369: 82 83 84 85 86 87 88 89 90
406: 91 92 93 94 95 96 97 98 99
443: 100 101 102 103 104 105 106 107 108
444: -109 -110
446: -109 -112
451: -109 -117
466: -112 -114
505: -121 -125
506: -121 -126
510: -122 -126
514: -124 -125
515: -124 -126
517: 118 119 120 121 122 123 124 125 126
549: -132 -134
550: -132 -135
554: 127 128 129 130 131 132 133 134 135
579: -139 -143
583: -140 -143
586: -141 -143
589: -142 -144
591: 136 137 138 139 140 141 142 143 144
592: -145 -146
594: -145 -148
596: -145 -150
597: -145 -151
598: -145 -152
613: -148 -149
614: -148 -150
615: -148 -151
616: -148 -152
628: 145 146 147 148 149 150 151 152 153
631: -154 -157
632: -154 -158
633: -154 -159
634: -154 -160
636: -154 -162
650: -157 -158
651: -157 -159
652: -157 -160
654: -157 -162
665: 154 155 156 157 158 159 160 161 162
691: -166 -171
701: -170 -171
702: 163 164 165 166 167 168 169 170 171
739: 172 173 174 175 176 177 178 179 180
741: -181 -183
776: 181 182 183 184 185 186 187 188 189
813: 190 191 192 193 194 195 196 197 198
814: -199 -200
816: -199 -202
817: -199 -203
818: -199 -204
819: -199 -205
820: -199 -206
821: -199 -207
825: -200 -204
826: -200 -205
846: -204 -207
850: 199 200 201 202 203 204 205 206 207
851: -208 -209
853: -208 -211
854: -208 -212
855: -208 -213
856: -208 -214
858: -208 -216
863: -209 -214
865: -209 -216
874: -211 -214
877: -212 -213
887: 208 209 210 211 212 213 214 215 216
888: -217 -218
891: -217 -221
892: -217 -222
893: -217 -223
924: 217 218 219 220 221 222 223 224 225
925: -226 -227
927: -226 -229
928: -226 -230
929: -226 -231
930: -226 -232
931: -226 -233
932: -226 -234
951: -230 -231
954: -230 -234
955: -231 -232
957: -231 -234
961: 226 227 228 229 230 231 232 233 234
962: -235 -236
965: -235 -239
966: -235 -240
968: -235 -242
969: -235 -243
972: -236 -239
974: -236 -241
983: -238 -239
988: -239 -240
990: -239 -242
992: -240 -241
993: -240 -242
994: -240 -243
998: 235 236 237 238 239 240 241 242 243
1023: -247 -251
1025: -248 -249
1027: -248 -251
1028: -248 -252
1029: -249 -250
1030: -249 -251
1032: -250 -251
1033: -250 -252
1034: -251 -252
1035: 244 245 246 247 248 249 250 251 252
1083: -263 -266
1084: -263 -267
1085: -263 -268
1087: -263 -270
1095: -265 -267
1099: -266 -267
1102: -266 -270
1103: -267 -268
1104: -267 -269
1105: -267 -270
1106: -268 -269
1107: -268 -270
1108: -269 -270
1109: 262 263 264 265 266 267 268 269 270
1142: -276 -279
1145: -278 -279
1146: 271 272 273 274 275 276 277 278 279
1151: -280 -285
1152: -280 -286
1153: -280 -287
1154: -280 -288
1169: -283 -285
1176: -284 -288
1177: -285 -286
1179: -285 -288
1180: -286 -287
1183: 280 281 282 283 284 285 286 287 288
1184: -289 -290
1187: -289 -293
1189: -289 -295
1190: -289 -296
1191: -289 -297
1194: -290 -293
1196: -290 -295
1197: -290 -296
1213: -293 -297
1220: 289 290 291 292 293 294 295 296 297
1223: -298 -301
1224: -298 -302
1225: -298 -303
1227: -298 -305
1228: -298 -306
1253: -303 -306
1257: 298 299 300 301 302 303 304 305 306
1258: -307 -308
1261: -307 -311
1263: -307 -313
1264: -307 -314
1288: -312 -313
1294: 307 308 309 310 311 312 313 314 315
1295: -316 -317
1298: -316 -320
1299: -316 -321
1300: -316 -322
1302: -316 -324
1305: -317 -320
1306: -317 -321
1316: -319 -320
1318: -319 -322
1321: -320 -321
1322: -320 -322
1324: -320 -324
1325: -321 -322
1327: -321 -324
1329: -322 -324
1331: 316 317 318 319 320 321 322 323 324
1340: -326 -327
1344: -326 -331
1345: -326 -332
1347: -327 -328
1349: -327 -330
1351: -327 -332
1352: -327 -333
1355: -328 -331
1357: -328 -333
1362: -330 -331
1363: -330 -332
1364: -330 -333
1365: -331 -332
1366: -331 -333
1368: 325 326 327 328 329 330 331 332 333
1376: -334 -342
1385: -336 -338
1390: -337 -338
1396: -338 -340
1406: -343 -344
1407: -343 -345
1408: -343 -346
1411: -343 -349
1442: 343 344 345 346 347 348 349 350 351
1445: -352 -355
1447: -352 -357
1450: -352 -360
1460: -354 -357
1461: -354 -358
1465: -355 -357
1466: -355 -358
1469: -356 -357
1471: -356 -359
1473: -357 -358
1479: 352 353 354 355 356 357 358 359 360
1495: -363 -364
1497: -363 -366
1498: -363 -367
1499: -363 -368
1500: -363 -369
1502: -364 -366
1503: -364 -367
1504: -364 -368
1505: -364 -369
1510: -366 -367
1511: -366 -368
1512: -366 -369
1513: -367 -368
1514: -367 -369
1515: -368 -369
1516: 361 362 363 364 365 366 367 368 369
1517: -370 -371
1518: -370 -372
1519: -370 -373
1520: -370 -374
1521: -370 -375
1522: -370 -376
1523: -370 -377
1524: -370 -378
1532: -372 -373
1553: 370 371 372 373 374 375 376 377 378
1554: -379 -380
1555: -379 -381
1556: -379 -382
1557: -379 -383
1558: -379 -384
1559: -379 -385
1560: -379 -386
1561: -379 -387
1590: 379 380 381 382 383 384 385 386 387
1593: -388 -391
1594: -388 -392
1600: -389 -391
1606: -390 -391
1609: -390 -394
1612: -391 -392
1614: -391 -394
1615: -391 -395
1619: -392 -395
1627: 388 389 390 391 392 393 394 395 396
1631: -397 -401
1632: -397 -402
1643: -399 -400
1644: -399 -401
1649: -400 -401
1651: -400 -403
1664: 397 398 399 400 401 402 403 404 405
1673: -407 -408
1674: -407 -409
1675: -407 -410
1678: -407 -413
1679: -407 -414
1680: -408 -409
1681: -408 -410
1683: -408 -412
1684: -408 -413
1685: -408 -414
1686: -409 -410
1688: -409 -412
1689: -409 -413
1690: -409 -414
1692: -410 -412
1693: -410 -413
1694: -410 -414
1698: -412 -413
1699: -412 -414
1700: -413 -414
1701: 406 407 408 409 410 411 412 413 414
1710: -416 -417
1712: -416 -419
1714: -416 -421
1719: -417 -420
1721: -417 -422
1732: -420 -421
1738: 415 416 417 418 419 420 421 422 423
1739: -424 -425
1740: -424 -426
1741: -424 -427
1742: -424 -428
1743: -424 -429
1744: -424 -430
1745: -424 -431
1746: -424 -432
1750: -425 -429
1766: -428 -430
1771: -429 -432
1775: 424 425 426 427 428 429 430 431 432
1780: -433 -438
1788: -434 -439
1790: -434 -441
1793: -435 -438
1797: -436 -437
1801: -436 -441
1802: -437 -438
1811: -440 -441
1812: 433 434 435 436 437 438 439 440 441
1813: -442 -443
1814: -442 -444
1815: -442 -445
1816: -442 -446
1817: -442 -447
1818: -442 -448
1819: -442 -449
1820: -442 -450
1827: -443 -450
1828: -444 -445
1849: 442 443 444 445 446 447 448 449 450
1865: -453 -454
1866: -453 -455
1868: -453 -457
1869: -453 -458
1870: -453 -459
1871: -454 -455
1873: -454 -457
1874: -454 -458
1875: -454 -459
1877: -455 -457
1878: -455 -458
1879: -455 -459
1883: -457 -458
1884: -457 -459
1885: -458 -459
1886: 451 452 453 454 455 456 457 458 459
1887: -460 -461
1888: -460 -462
1889: -460 -463
1890: -460 -464
1893: -460 -467
1898: -461 -465
1917: -465 -466
1923: 460 461 462 463 464 465 466 467 468
1928: -469 -474
1929: -469 -475
1960: 469 470 471 472 473 474 475 476 477
1963: -478 -481
1982: -481 -482
1986: -481 -486
1997: 478 479 480 481 482 483 484 485 486
2006: -488 -489
2007: -488 -490
2008: -488 -491
2009: -488 -492
2011: -488 -494
2012: -488 -495
2013: -489 -490
2014: -489 -491
2015: -489 -492
2018: -489 -495
2019: -490 -491
2020: -490 -492
2022: -490 -494
2023: -490 -495
2024: -491 -492
2026: -491 -494
2027: -491 -495
2029: -492 -494
2030: -492 -495
2033: -494 -495
2034: 487 488 489 490 491 492 493 494 495
2046: -497 -501
2058: -499 -502
2072: -505 -506
2073: -505 -507
2077: -505 -511
2079: -505 -513
2108: 505 506 507 508 509 510 511 512 513
2125: -516 -518
2134: -517 -522
2145: 514 515 516 517 518 519 520 521 522
2146: -523 -524
2147: -523 -525
2148: -523 -526
2149: -523 -527
2150: -523 -528
2151: -523 -529
2152: -523 -530
2153: -523 -531
2171: -526 -531
2182: 523 524 525 526 527 528 529 530 531
2183: -532 -533
2184: -532 -534
2185: -532 -535
2186: -532 -536
2187: -532 -537
2189: -532 -539
2190: -532 -540
2203: -534 -540
2219: 532 533 534 535 536 537 538 539 540
2236: -543 -545
2239: -543 -548
2240: -543 -549
2241: -544 -545
2242: -544 -546
2244: -544 -548
2245: -544 -549
2246: -545 -546
2248: -545 -548
2249: -545 -549
2251: -546 -548
2252: -546 -549
2255: -548 -549
2256: 541 542 543 544 545 546 547 548 549
2259: -550 -553
2261: -550 -555
2263: -550 -557
2293: 550 551 552 553 554 555 556 557 558
2298: -559 -564
2299: -559 -565
2330: 559 560 561 562 563 564 565 566 567
2339: -569 -570
2340: -569 -571
2341: -569 -572
2342: -569 -573
2347: -570 -572
2348: -570 -573
2349: -570 -574
2352: -571 -572
2357: -572 -573
2358: -572 -574
2361: -573 -574
2367: 568 569 570 571 572 573 574 575 576
2404: 577 578 579 580 581 582 583 584 585
2405: -586 -587
2406: -586 -588
2441: 586 587 588 589 590 591 592 593 594
2444: -595 -598
2445: -595 -599
2446: -595 -600
2447: -595 -601
2449: -595 -603
2478: 595 596 597 598 599 600 601 602 603
2479: -604 -605
2480: -604 -606
2481: -604 -607
2482: -604 -608
2483: -604 -609
2484: -604 -610
2486: -604 -612
2515: 604 605 606 607 608 609 610 611 612
2516: -613 -614
2517: -613 -615
2518: -613 -616
2519: -613 -617
2520: -613 -618
2521: -613 -619
2523: -613 -621
2552: 613 614 615 616 617 618 619 620 621
2553: -622 -623
2554: -622 -624
2555: -622 -625
2556: -622 -626
2557: -622 -627
2560: -622 -630
2589: 622 623 624 625 626 627 628 629 630
2598: -632 -633
2600: -632 -635
2602: -632 -637
2606: -633 -635
2626: 631 632 633 634 635 636 637 638 639
2663: 640 641 642 643 644 645 646 647 648
2674: -650 -653
2675: -650 -654
2679: -651 -652
2680: -651 -653
2681: -651 -654
2682: -651 -655
2685: -652 -653
2686: -652 -654
2689: -652 -657
2693: -653 -657
2700: 649 650 651 652 653 654 655 656 657
2737: 658 659 660 661 662 663 664 665 666
2745: -667 -675
2764: -671 -672
2765: -671 -673
2768: -672 -673
2774: 667 668 669 670 671 672 673 674 675
2775: -676 -677
2776: -676 -678
2777: -676 -679
2778: -676 -680
2779: -676 -681
2780: -676 -682
2781: -676 -683
2811: 676 677 678 679 680 681 682 683 684
2812: -685 -686
2813: -685 -687
2814: -685 -688
2815: -685 -689
2816: -685 -690
2817: -685 -691
2818: -685 -692
2834: -688 -690
2835: -688 -691
2848: 685 686 687 688 689 690 691 692 693
2849: -694 -695
2850: -694 -696
2851: -694 -697
2852: -694 -698
2853: -694 -699
2854: -694 -700
2855: -694 -701
2885: 694 695 696 697 698 699 700 701 702
2886: -703 -704
2887: -703 -705
2888: -703 -706
2890: -703 -708
2891: -703 -709
2907: -706 -707
2908: -706 -708
2922: 703 704 705 706 707 708 709 710 711
2929: -712 -719
2931: -713 -714
2939: -714 -716
2959: 712 713 714 715 716 717 718 719 720
2996: 721 722 723 724 725 726 727 728 729
3899: -84 -173 -12 100
3909: -84 -174 -22 109
3915: -84 -175 -28 82
3928: -84 -176 -41 118
3959: -84 -179 -72 154
3967: -84 -180 -80 145
4709: -166 -263 -12 181
4725: -166 -265 -28 163
4738: -166 -266 -41 199
4748: -166 -267 -51 208
4758: -166 -268 -61 217
4769: -166 -269 -72 235
4777: -166 -270 -80 226
5023: -170 -586 -2 172
5033: -170 -587 -12 181
5043: -170 -588 -22 190
5049: -170 -589 -28 163
5062: -170 -590 -41 199
5072: -170 -591 -51 208
5082: -170 -592 -61 217
5093: -170 -593 -72 235
5101: -170 -594 -80 226
5104: -171 -667 -2 172
5114: -171 -668 -12 181
5124: -171 -669 -22 190
5130: -171 -670 -28 163
5143: -171 -671 -41 199
5153: -171 -672 -51 208
5163: -171 -673 -61 217
5174: -171 -674 -72 235
5182: -171 -675 -80 226
5438: -247 -272 -12 262
5467: -247 -275 -41 280
5477: -247 -276 -51 289
5487: -247 -277 -61 298
5498: -247 -278 -72 316
5506: -247 -279 -80 307
5509: -248 -352 -2 253
5519: -248 -353 -12 262
5529: -248 -354 -22 271
5535: -248 -355 -28 244
5548: -248 -356 -41 280
5558: -248 -357 -51 289
5568: -248 -358 -61 298
5579: -248 -359 -72 316
5587: -248 -360 -80 307
5590: -249 -433 -2 253
5600: -249 -434 -12 262
5610: -249 -435 -22 271
5616: -249 -436 -28 244
5629: -249 -437 -41 280
5639: -249 -438 -51 289
5649: -249 -439 -61 298
5660: -249 -440 -72 316
5668: -249 -441 -80 307
5671: -250 -514 -2 253
5681: -250 -515 -12 262
5691: -250 -516 -22 271
5697: -250 -517 -28 244
5710: -250 -518 -41 280
5720: -250 -519 -51 289
5730: -250 -520 -61 298
5741: -250 -521 -72 316
5749: -250 -522 -80 307
5752: -251 -595 -2 253
5762: -251 -596 -12 262
5772: -251 -597 -22 271
5778: -251 -598 -28 244
5791: -251 -599 -41 280
5801: -251 -600 -51 289
5811: -251 -601 -61 298
5822: -251 -602 -72 316
5830: -251 -603 -80 307
5833: -252 -676 -2 253
5843: -252 -677 -12 262
5853: -252 -678 -22 271
5859: -252 -679 -28 244
5872: -252 -680 -41 280
5882: -252 -681 -51 289
5892: -252 -682 -61 298
5903: -252 -683 -72 316
5911: -252 -684 -80 307
6005: -326 -119 -12 343
6021: -326 -121 -28 325
6034: -326 -122 -41 361
6044: -326 -123 -51 370
6054: -326 -124 -61 379
6065: -326 -125 -72 397
6073: -326 -126 -80 388
6076: -327 -199 -2 334
6086: -327 -200 -12 343
6096: -327 -201 -22 352
6102: -327 -202 -28 325
6115: -327 -203 -41 361
6125: -327 -204 -51 370
6135: -327 -205 -61 379
6146: -327 -206 -72 397
6154: -327 -207 -80 388
6157: -328 -280 -2 334
6167: -328 -281 -12 343
6183: -328 -283 -28 325
6196: -328 -284 -41 361
6206: -328 -285 -51 370
6216: -328 -286 -61 379
6227: -328 -287 -72 397
6235: -328 -288 -80 388
6319: -330 -442 -2 334
6329: -330 -443 -12 343
6339: -330 -444 -22 352
6345: -330 -445 -28 325
6358: -330 -446 -41 361
6368: -330 -447 -51 370
6378: -330 -448 -61 379
6389: -330 -449 -72 397
6397: -330 -450 -80 388
6400: -331 -523 -2 334
6410: -331 -524 -12 343
6420: -331 -525 -22 352
6426: -331 -526 -28 325
6439: -331 -527 -41 361
6449: -331 -528 -51 370
6459: -331 -529 -61 379
6470: -331 -530 -72 397
6478: -331 -531 -80 388
6481: -332 -604 -2 334
6491: -332 -605 -12 343
6501: -332 -606 -22 352
6507: -332 -607 -28 325
6520: -332 -608 -41 361
6530: -332 -609 -51 370
6540: -332 -610 -61 379
6551: -332 -611 -72 397
6559: -332 -612 -80 388
6562: -333 -685 -2 334
6572: -333 -686 -12 343
6582: -333 -687 -22 352
6588: -333 -688 -28 325
6601: -333 -689 -41 361
6611: -333 -690 -51 370
6621: -333 -691 -61 379
6632: -333 -692 -72 397
6640: -333 -693 -80 388
6734: -407 -128 -12 424
6750: -407 -130 -28 406
6763: -407 -131 -41 442
6773: -407 -132 -51 451
6783: -407 -133 -61 460
6794: -407 -134 -72 478
6802: -407 -135 -80 469
6805: -408 -208 -2 415
6815: -408 -209 -12 424
6825: -408 -210 -22 433
6831: -408 -211 -28 406
6844: -408 -212 -41 442
6854: -408 -213 -51 451
6864: -408 -214 -61 460
6875: -408 -215 -72 478
6883: -408 -216 -80 469
6886: -409 -289 -2 415
6896: -409 -290 -12 424
6912: -409 -292 -28 406
6925: -409 -293 -41 442
6935: -409 -294 -51 451
6945: -409 -295 -61 460
6956: -409 -296 -72 478
6964: -409 -297 -80 469
6967: -410 -370 -2 415
6977: -410 -371 -12 424
6987: -410 -372 -22 433
6993: -410 -373 -28 406
7006: -410 -374 -41 442
7016: -410 -375 -51 451
7026: -410 -376 -61 460
7037: -410 -377 -72 478
7045: -410 -378 -80 469
7129: -412 -532 -2 415
7139: -412 -533 -12 424
7149: -412 -534 -22 433
7155: -412 -535 -28 406
7168: -412 -536 -41 442
7178: -412 -537 -51 451
7188: -412 -538 -61 460
7199: -412 -539 -72 478
7207: -412 -540 -80 469
7210: -413 -613 -2 415
7220: -413 -614 -12 424
7230: -413 -615 -22 433
7236: -413 -616 -28 406
7249: -413 -617 -41 442
7259: -413 -618 -51 451
7269: -413 -619 -61 460
7280: -413 -620 -72 478
7288: -413 -621 -80 469
7291: -414 -694 -2 415
7301: -414 -695 -12 424
7311: -414 -696 -22 433
7317: -414 -697 -28 406
7330: -414 -698 -41 442
7340: -414 -699 -51 451
7350: -414 -700 -61 460
7361: -414 -701 -72 478
7369: -414 -702 -80 469
7463: -488 -137 -12 505
7479: -488 -139 -28 487
7492: -488 -140 -41 523
7502: -488 -141 -51 532
7512: -488 -142 -61 541
7523: -488 -143 -72 559
7531: -488 -144 -80 550
7534: -489 -217 -2 496
7544: -489 -218 -12 505
7554: -489 -219 -22 514
7560: -489 -220 -28 487
7573: -489 -221 -41 523
7583: -489 -222 -51 532
7593: -489 -223 -61 541
7604: -489 -224 -72 559
7612: -489 -225 -80 550
7615: -490 -298 -2 496
7625: -490 -299 -12 505
7641: -490 -301 -28 487
7654: -490 -302 -41 523
7664: -490 -303 -51 532
7674: -490 -304 -61 541
7685: -490 -305 -72 559
7693: -490 -306 -80 550
7696: -491 -379 -2 496
7706: -491 -380 -12 505
7716: -491 -381 -22 514
7722: -491 -382 -28 487
7735: -491 -383 -41 523
7745: -491 -384 -51 532
7755: -491 -385 -61 541
7766: -491 -386 -72 559
7774: -491 -387 -80 550
7777: -492 -460 -2 496
7787: -492 -461 -12 505
7797: -492 -462 -22 514
7803: -492 -463 -28 487
7816: -492 -464 -41 523
7826: -492 -465 -51 532
7836: -492 -466 -61 541
7847: -492 -467 -72 559
7855: -492 -468 -80 550
7939: -494 -622 -2 496
7949: -494 -623 -12 505
7959: -494 -624 -22 514
7965: -494 -625 -28 487
7978: -494 -626 -41 523
7988: -494 -627 -51 532
7998: -494 -628 -61 541
8009: -494 -629 -72 559
8017: -494 -630 -80 550
8030: -495 -704 -12 505
8040: -495 -705 -22 514
8046: -495 -706 -28 487
8059: -495 -707 -41 523
8069: -495 -708 -51 532
8079: -495 -709 -61 541
8090: -495 -710 -72 559
8098: -495 -711 -80 550
8182: -569 -145 -2 577
8192: -569 -146 -12 586
8208: -569 -148 -28 568
8221: -569 -149 -41 604
8231: -569 -150 -51 613
8241: -569 -151 -61 622
8252: -569 -152 -72 640
8260: -569 -153 -80 631
8263: -570 -226 -2 577
8273: -570 -227 -12 586
8283: -570 -228 -22 595
8289: -570 -229 -28 568
8302: -570 -230 -41 604
8312: -570 -231 -51 613
8322: -570 -232 -61 622
8333: -570 -233 -72 640
8341: -570 -234 -80 631
8344: -571 -307 -2 577
8354: -571 -308 -12 586
8370: -571 -310 -28 568
8383: -571 -311 -41 604
8393: -571 -312 -51 613
8403: -571 -313 -61 622
8414: -571 -314 -72 640
8422: -571 -315 -80 631
8425: -572 -388 -2 577
8435: -572 -389 -12 586
8445: -572 -390 -22 595
8451: -572 -391 -28 568
8464: -572 -392 -41 604
8474: -572 -393 -51 613
8484: -572 -394 -61 622
8495: -572 -395 -72 640
8503: -572 -396 -80 631
8506: -573 -469 -2 577
8516: -573 -470 -12 586
8526: -573 -471 -22 595
8532: -573 -472 -28 568
8545: -573 -473 -41 604
8555: -573 -474 -51 613
8565: -573 -475 -61 622
8576: -573 -476 -72 640
8584: -573 -477 -80 631
8587: -574 -550 -2 577
8597: -574 -551 -12 586
8607: -574 -552 -22 595
8613: -574 -553 -28 568
8636: -574 -555 -51 613
8646: -574 -556 -61 622
8657: -574 -557 -72 640
8665: -574 -558 -80 631
8694: -575 -634 -28 568
8746: -575 -639 -80 631
8911: -650 -154 -2 658
8921: -650 -155 -12 667
8937: -650 -157 -28 649
8950: -650 -158 -41 685
8960: -650 -159 -51 694
8970: -650 -160 -61 703
8981: -650 -161 -72 721
8989: -650 -162 -80 712
8992: -651 -235 -2 658
9002: -651 -236 -12 667
9012: -651 -237 -22 676
9018: -651 -238 -28 649
9031: -651 -239 -41 685
9041: -651 -240 -51 694
9051: -651 -241 -61 703
9062: -651 -242 -72 721
9070: -651 -243 -80 712
9073: -652 -316 -2 658
9083: -652 -317 -12 667
9099: -652 -319 -28 649
9112: -652 -320 -41 685
9122: -652 -321 -51 694
9132: -652 -322 -61 703
9143: -652 -323 -72 721
9151: -652 -324 -80 712
9154: -653 -397 -2 658
9164: -653 -398 -12 667
9174: -653 -399 -22 676
9180: -653 -400 -28 649
9193: -653 -401 -41 685
9203: -653 -402 -51 694
9213: -653 -403 -61 703
9224: -653 -404 -72 721
9232: -653 -405 -80 712
9235: -654 -478 -2 658
9245: -654 -479 -12 667
9255: -654 -480 -22 676
9261: -654 -481 -28 649
9274: -654 -482 -41 685
9284: -654 -483 -51 694
9294: -654 -484 -61 703
9305: -654 -485 -72 721
9313: -654 -486 -80 712
9316: -655 -559 -2 658
9326: -655 -560 -12 667
9336: -655 -561 -22 676
9342: -655 -562 -28 649
9355: -655 -563 -41 685
9365: -655 -564 -51 694
9375: -655 -565 -61 703
9386: -655 -566 -72 721
9394: -655 -567 -80 712
9488: -657 -722 -12 667
9498: -657 -723 -22 676
9504: -657 -724 -28 649
9517: -657 -725 -41 685
9537: -657 -727 -61 703
9548: -657 -728 -72 721
9754: -12 -166 -116 65
9755: -12 -166 -117 74
9790: -12 -170 -152 65
9797: -12 -171 -159 47
9800: -12 -171 -162 74
10934: -98 -585 -162 155
11005: -99 -665 -152 146
11180: -174 -181 -84 182
11205: -174 -184 -109 164
11221: -174 -185 -125 227
11222: -174 -185 -126 236
11230: -174 -186 -134 227
11240: -174 -187 -144 236
11245: -174 -188 -149 200
11246: -174 -188 -150 209
11247: -174 -188 -151 218
11253: -174 -189 -157 191
11254: -174 -189 -158 200
11255: -174 -189 -159 209
11256: -174 -189 -160 218
11585: -179 -586 -84 182
11625: -179 -590 -124 218
11655: -179 -594 -154 164
11666: -180 -667 -84 182
11719: -180 -673 -137 173
11727: -180 -674 -145 164
11909: -255 -190 -84 263
11930: -255 -192 -105 290
11934: -255 -193 -109 245
11953: -255 -195 -128 254
11962: -255 -196 -137 254
11969: -255 -196 -144 317
11970: -255 -197 -145 245
11979: -255 -198 -154 245
11983: -255 -198 -158 281
12638: -336 -199 -84 344
12719: -337 -280 -84 344
12865: -338 -368 -149 362
12868: -338 -368 -152 389
12878: -338 -369 -162 398
12881: -339 -442 -84 344
12962: -340 -523 -84 344
13185: -342 -692 -145 326
13448: -418 -289 -84 425
13529: -419 -370 -84 425
13537: -419 -371 -92 416
13539: -419 -371 -94 434
13540: -419 -371 -95 443
13544: -419 -371 -99 479
13676: -420 -458 -150 452
13678: -420 -458 -152 470
13680: -420 -459 -154 407
13685: -420 -459 -159 452
13688: -420 -459 -162 479
13744: -421 -538 -137 416
13747: -421 -538 -140 443
13748: -421 -538 -141 452
13750: -421 -538 -143 470
13772: -422 -613 -84 425
13853: -423 -694 -84 425
13914: -423 -701 -145 407
13993: -496 -61 -143 551
14271: -500 -380 -97 542
14347: -501 -461 -92 497
14349: -501 -461 -94 515
14351: -501 -461 -96 533
14383: -501 -465 -128 497
14386: -501 -465 -131 524
14388: -501 -465 -133 542
14389: -501 -465 -134 551
14488: -502 -548 -152 551
14501: -503 -622 -84 506
14582: -504 -703 -84 506
14643: -504 -710 -145 488
14733: -577 -72 -154 569
14736: -577 -72 -157 596
14825: -579 -226 -84 587
15311: -585 -712 -84 587
15372: -585 -719 -145 569
15375: -585 -719 -148 596
15453: -658 -80 -145 650
15456: -658 -80 -148 677
15554: -660 -235 -84 668
15959: -665 -640 -84 668
15984: -665 -643 -109 650
16025: -665 -647 -150 695
16032: -665 -648 -157 677
16398: -22 -248 -199 3
16401: -22 -248 -202 30
16403: -22 -248 -204 48
16404: -22 -248 -205 57
16405: -22 -248 -206 66
16407: -22 -249 -208 3
16409: -22 -249 -210 21
16411: -22 -249 -212 39
16414: -22 -249 -215 66
16415: -22 -249 -216 75
16416: -22 -250 -217 3
16421: -22 -250 -222 48
16425: -22 -251 -226 3
16428: -22 -251 -229 30
16429: -22 -251 -230 39
16430: -22 -251 -231 48
16431: -22 -251 -232 57
16434: -22 -252 -235 3
16438: -22 -252 -239 39
16439: -22 -252 -240 48
16440: -22 -252 -241 57
16441: -22 -252 -242 66
17606: -181 -22 -192 183
17912: -185 -344 -174 183
17969: -185 -350 -231 210
17985: -186 -424 -166 192
17993: -186 -425 -174 183
18066: -187 -505 -166 192
18074: -187 -506 -174 183
18087: -187 -507 -187 219
18147: -188 -586 -166 192
18155: -188 -587 -174 183
18603: -265 -277 -217 246
18661: -266 -355 -194 282
18675: -266 -357 -208 246
18679: -266 -357 -212 282
18688: -266 -358 -221 282
18697: -266 -359 -230 282
18743: -267 -436 -195 291
18752: -267 -437 -204 291
18770: -267 -439 -222 291
18779: -267 -440 -231 291
18788: -267 -441 -240 291
18853: -268 -520 -224 309
18931: -269 -601 -221 282
18944: -269 -602 -234 318
18995: -270 -680 -204 291
19013: -270 -682 -222 291
19017: -270 -683 -226 246
19031: -270 -684 -240 291
19071: -343 -41 -199 327
19072: -343 -41 -200 336
19073: -343 -41 -201 345
19074: -343 -41 -202 354
19076: -343 -41 -204 372
19077: -343 -41 -205 381
19407: -347 -366 -211 354
19408: -347 -366 -212 363
19409: -347 -366 -213 372
19414: -347 -367 -218 336
19417: -347 -367 -221 363
19418: -347 -367 -222 372
19419: -347 -367 -223 381
19423: -347 -368 -227 336
19426: -347 -368 -230 363
19427: -347 -368 -231 372
19428: -347 -368 -232 381
19430: -347 -368 -234 399
19431: -347 -369 -235 327
19447: -348 -442 -170 390
19485: -348 -447 -208 327
19492: -348 -447 -215 390
19543: -349 -525 -185 363
19809: -424 -51 -208 408
19810: -424 -51 -209 417
19811: -424 -51 -210 426
19812: -424 -51 -211 435
19813: -424 -51 -212 444
19814: -424 -51 -213 453
20091: -428 -370 -166 435
20106: -428 -372 -181 408
20235: -429 -458 -229 435
20236: -429 -458 -230 444
20237: -429 -458 -231 453
20241: -429 -459 -235 408
20245: -429 -459 -239 444
20246: -429 -459 -240 453
20311: -430 -538 -224 471
20348: -431 -614 -180 480
20415: -432 -694 -166 435
20547: -505 -61 -217 489
20548: -505 -61 -218 498
20549: -505 -61 -219 507
20550: -505 -61 -220 516
20552: -505 -61 -222 534
20553: -505 -61 -223 543
20555: -505 -61 -225 561
21015: -511 -545 -199 489
21019: -511 -545 -203 525
21021: -511 -545 -205 543
21295: -586 -72 -236 579
21296: -586 -72 -237 588
21299: -586 -72 -240 615
21310: -587 -145 -170 633
21473: -589 -307 -171 642
21549: -590 -388 -166 597
21557: -590 -389 -174 588
21582: -590 -392 -199 570
21597: -590 -393 -214 624
21614: -590 -395 -231 615
21634: -591 -469 -170 633
21672: -591 -474 -208 570
21725: -592 -551 -180 642
21762: -592 -556 -217 570
21763: -592 -556 -218 579
21873: -594 -712 -166 597
21881: -594 -713 -174 588
22019: -667 -80 -231 696
22278: -671 -397 -166 678
22286: -671 -398 -174 669
22311: -671 -401 -199 651
22331: -671 -403 -219 669
22332: -671 -403 -220 678
22359: -672 -478 -166 678
22367: -672 -479 -174 669
22397: -672 -482 -204 696
22401: -672 -483 -208 651
22440: -673 -559 -166 678
22448: -673 -560 -174 669
22491: -673 -565 -217 651
22494: -673 -565 -220 678
22495: -673 -565 -221 687
22529: -674 -641 -174 669
22586: -674 -647 -231 696
22590: -674 -648 -235 651
22689: -28 -2 -253 4
22690: -28 -2 -254 13
22692: -28 -2 -256 31
22693: -28 -2 -257 40
22694: -28 -2 -258 49
22695: -28 -2 -259 58
22696: -28 -2 -260 67
22697: -28 -2 -261 76
23430: -109 -12 -265 112
23431: -109 -12 -266 121
23432: -109 -12 -267 130
23433: -109 -12 -268 139
23434: -109 -12 -269 148
23435: -109 -12 -270 157
23953: -115 -502 -302 121
24307: -192 -181 -251 229
24417: -193 -266 -280 166
24466: -194 -343 -248 202
24469: -194 -343 -251 229
24498: -194 -347 -280 166
24588: -195 -429 -289 166
24628: -196 -505 -248 202
24678: -196 -511 -298 166
25442: -278 -595 -252 319
25519: -279 -676 -248 283
25522: -279 -676 -251 310
25526: -279 -677 -255 265
25550: -279 -679 -279 319
25632: -352 -41 -280 328
25633: -352 -41 -281 337
25635: -352 -41 -283 355
25637: -352 -41 -285 373
25638: -352 -41 -286 382
25639: -352 -41 -287 391
25640: -352 -41 -288 400
25766: -354 -199 -252 400
25968: -356 -366 -292 355
25971: -356 -366 -295 382
25973: -356 -366 -297 400
25978: -356 -367 -302 364
25979: -356 -367 -303 373
25980: -356 -367 -304 382
25981: -356 -367 -305 391
25984: -356 -368 -308 337
25987: -356 -368 -311 364
25990: -356 -368 -314 391
25993: -356 -369 -317 337
25996: -356 -369 -320 364
26000: -356 -369 -324 400
26005: -357 -442 -248 364
26009: -357 -442 -252 400
26046: -357 -447 -289 328
26086: -358 -523 -248 364
26136: -358 -529 -298 328
26137: -358 -529 -299 337
26139: -358 -529 -301 355
26140: -358 -529 -302 364
26141: -358 -529 -303 373
26167: -359 -604 -248 364
26168: -359 -604 -249 373
26171: -359 -604 -252 400
26212: -359 -609 -293 364
26235: -359 -612 -316 328
26240: -359 -612 -321 373
26248: -360 -685 -248 364
26249: -360 -685 -249 373
26255: -360 -686 -255 346
26307: -360 -692 -307 328
26370: -433 -51 -289 409
26374: -433 -51 -293 445
26376: -433 -51 -295 463
26377: -433 -51 -296 472
26378: -433 -51 -297 481
26417: -434 -128 -255 427
26491: -435 -208 -248 445
26520: -435 -211 -277 463
26685: -437 -374 -280 409
26686: -437 -374 -281 418
26688: -437 -374 -283 436
26789: -438 -457 -303 454
26790: -438 -457 -304 463
26798: -438 -458 -312 454
26800: -438 -458 -314 472
26803: -438 -459 -317 418
26807: -438 -459 -321 454
26808: -438 -459 -322 463
26810: -438 -459 -324 481
26865: -439 -538 -298 409
26897: -440 -613 -249 454
26918: -440 -615 -270 481
26977: -441 -694 -248 445
27032: -441 -700 -303 454
27036: -441 -701 -307 409
27108: -514 -61 -298 490
27112: -514 -61 -302 526
27113: -514 -61 -303 535
27115: -514 -61 -305 553
27116: -514 -61 -306 562
27223: -516 -217 -251 553
27342: -517 -303 -289 490
27384: -518 -379 -250 544
27414: -518 -383 -280 490
27465: -519 -460 -250 544
27504: -519 -465 -289 490
27581: -520 -545 -285 535
27582: -520 -545 -286 544
27583: -520 -545 -287 553
27584: -520 -545 -288 562
27591: -520 -546 -295 544
27609: -520 -548 -313 544
27610: -520 -548 -314 553
27618: -520 -549 -322 544
27620: -520 -549 -324 562
27625: -521 -622 -248 526
27627: -521 -622 -250 544
27693: -521 -630 -316 490
27707: -522 -703 -249 535
27708: -522 -703 -250 544
27710: -522 -703 -252 562
27769: -522 -710 -311 526
27770: -522 -710 -312 535
27855: -595 -72 -316 571
27858: -595 -72 -319 598
27860: -595 -72 -321 616
27861: -595 -72 -322 625
27862: -595 -72 -323 634
27949: -597 -226 -248 607
27950: -597 -226 -249 616
27951: -597 -226 -250 625
28118: -599 -389 -255 589
28214: -600 -471 -270 643
28276: -601 -550 -251 634
28323: -601 -556 -298 571
28327: -601 -556 -302 607
28357: -602 -631 -251 634
28361: -602 -632 -255 589
28442: -603 -713 -255 589
28480: -603 -717 -293 607
28482: -603 -717 -295 625
28575: -676 -80 -307 652
28576: -676 -80 -308 661
28578: -676 -80 -310 679
28579: -676 -80 -311 688
28580: -676 -80 -312 697
28581: -676 -80 -313 706
28582: -676 -80 -314 715
28583: -676 -80 -315 724
28840: -680 -397 -248 688
28847: -680 -398 -255 670
28862: -680 -399 -270 724
28908: -680 -405 -316 652
28928: -681 -479 -255 670
29004: -682 -559 -250 706
29083: -683 -640 -248 688
29090: -683 -641 -255 670
29121: -683 -644 -286 706
29148: -683 -647 -313 706
29574: -41 -326 -334 5
29576: -41 -326 -336 23
29580: -41 -326 -340 59
29581: -41 -326 -341 68
29582: -41 -326 -342 77
29583: -41 -327 -343 5
29584: -41 -327 -344 14
29586: -41 -327 -346 32
29588: -41 -327 -348 50
29589: -41 -327 -349 59
29590: -41 -327 -350 68
29591: -41 -327 -351 77
29592: -41 -328 -352 5
29594: -41 -328 -354 23
29597: -41 -328 -357 50
29598: -41 -328 -358 59
29599: -41 -328 -359 68
29610: -41 -330 -370 5
29612: -41 -330 -372 23
29616: -41 -330 -376 59
29619: -41 -331 -379 5
29624: -41 -331 -384 50
29627: -41 -331 -387 77
29628: -41 -332 -388 5
29630: -41 -332 -390 23
29631: -41 -332 -391 32
29633: -41 -332 -393 50
29634: -41 -332 -394 59
29636: -41 -332 -396 77
29637: -41 -333 -397 5
29642: -41 -333 -402 50
29644: -41 -333 -404 68
30231: -121 -255 -343 86
30235: -121 -255 -347 122
30429: -123 -421 -379 86
30457: -124 -496 -326 95
30499: -124 -500 -368 149
30501: -124 -501 -370 86
30591: -125 -583 -379 86
30613: -125 -585 -401 122
30667: -126 -663 -374 122
30672: -126 -664 -379 86
30681: -126 -665 -388 86
30685: -126 -665 -392 122
30726: -199 -22 -352 167
30727: -199 -22 -353 176
30729: -199 -22 -355 194
30730: -199 -22 -356 203
30731: -199 -22 -357 212
30732: -199 -22 -358 221
30733: -199 -22 -359 230
30734: -199 -22 -360 239
30888: -201 -184 -352 167
30906: -201 -186 -370 167
31106: -204 -424 -327 185
31107: -204 -424 -328 194
31111: -204 -424 -332 230
31122: -204 -426 -343 167
31135: -204 -427 -356 203
31146: -204 -428 -367 221
31149: -204 -429 -370 167
31153: -204 -429 -374 203
31181: -204 -432 -402 212
31186: -205 -505 -326 176
31187: -205 -505 -327 185
31239: -205 -511 -379 167
31342: -206 -594 -401 203
31410: -207 -674 -388 167
31414: -207 -674 -392 203
31429: -280 -28 -326 257
31430: -280 -28 -327 266
31431: -280 -28 -328 275
31433: -280 -28 -330 293
31434: -280 -28 -331 302
31435: -280 -28 -332 311
31436: -280 -28 -333 320
31511: -281 -109 -327 266
31512: -281 -109 -328 275
31514: -281 -109 -330 293
31515: -281 -109 -331 302
31875: -285 -437 -367 302
31877: -285 -437 -369 320
31882: -285 -438 -374 284
31972: -286 -520 -383 284
32000: -287 -595 -330 293
32001: -287 -595 -331 302
32077: -288 -676 -326 257
32078: -288 -676 -327 266
32079: -288 -676 -328 275
32081: -288 -676 -330 293
32082: -288 -676 -331 302
32407: -364 -280 -332 392
32568: -366 -442 -331 383
32570: -366 -442 -333 401
32616: -366 -448 -379 329
32650: -367 -523 -332 392
32730: -368 -604 -331 383
32806: -369 -685 -326 338
32811: -369 -685 -331 383
32933: -442 -51 -372 428
32934: -442 -51 -373 437
32935: -442 -51 -374 446
32937: -442 -51 -376 464
32938: -442 -51 -377 473
32939: -442 -51 -378 482
33009: -443 -131 -367 464
33053: -444 -208 -330 455
33136: -445 -289 -332 473
33311: -447 -453 -345 428
33313: -447 -453 -347 446
33314: -447 -453 -348 455
33345: -447 -457 -379 410
33348: -447 -457 -382 437
33349: -447 -457 -383 446
33351: -447 -457 -385 464
33358: -447 -458 -392 446
33377: -448 -532 -330 455
33430: -448 -538 -383 446
33491: -449 -617 -363 428
33495: -449 -617 -367 464
33536: -450 -694 -327 428
33537: -450 -694 -328 437
33539: -450 -694 -330 455
33540: -450 -694 -331 464
33576: -450 -698 -367 464
33669: -523 -61 -379 491
33672: -523 -61 -382 518
33673: -523 -61 -383 527
33675: -523 -61 -385 545
33727: -524 -139 -356 527
33778: -525 -217 -326 500
33783: -525 -217 -331 545
33863: -526 -298 -330 536
34026: -528 -460 -331 545
34065: -528 -465 -370 491
34121: -529 -543 -345 509
34123: -529 -543 -347 527
34125: -529 -543 -349 545
34146: -529 -546 -370 491
34149: -529 -546 -373 518
34150: -529 -546 -374 527
34151: -529 -546 -375 536
34188: -530 -622 -331 545
34269: -531 -703 -331 545
34330: -531 -710 -392 527
34416: -604 -72 -397 572
34418: -604 -72 -399 590
34419: -604 -72 -400 599
34420: -604 -72 -401 608
34422: -604 -72 -403 626
34431: -605 -145 -331 626
34432: -605 -145 -332 635
34756: -609 -469 -332 635
34791: -609 -473 -367 626
34798: -609 -474 -374 608
34888: -610 -556 -383 608
34929: -611 -633 -343 572
35136: -685 -80 -388 653
35138: -685 -80 -390 671
35139: -685 -80 -391 680
35140: -685 -80 -392 689
35141: -685 -80 -393 698
35142: -685 -80 -394 707
35144: -685 -80 -396 725
35159: -686 -154 -330 698
35160: -686 -154 -331 707
35162: -686 -154 -333 725
35365: -688 -321 -374 689
35374: -688 -322 -383 689
35486: -690 -478 -333 725
35527: -690 -483 -374 689
35567: -691 -559 -333 725
35586: -691 -562 -352 653
35645: -692 -640 -330 698
35698: -692 -646 -383 689
35772: -693 -726 -376 707
35784: -693 -728 -388 653
36218: -51 -407 -417 24
36219: -51 -407 -418 33
36220: -51 -407 -419 42
36222: -51 -407 -421 60
36223: -51 -407 -422 69
36225: -51 -408 -424 6
36226: -51 -408 -425 15
36228: -51 -408 -427 33
36229: -51 -408 -428 42
36233: -51 -408 -432 78
36234: -51 -409 -433 6
36235: -51 -409 -434 15
36236: -51 -409 -435 24
36238: -51 -409 -437 42
36241: -51 -409 -440 69
36243: -51 -410 -442 6
36246: -51 -410 -445 33
36249: -51 -410 -448 60
36251: -51 -410 -450 78
36261: -51 -412 -460 6
36262: -51 -412 -461 15
36263: -51 -412 -462 24
36264: -51 -412 -463 33
36265: -51 -412 -464 42
36269: -51 -412 -468 78
36270: -51 -413 -469 6
36271: -51 -413 -470 15
36272: -51 -413 -471 24
36276: -51 -413 -475 60
36278: -51 -413 -477 78
36279: -51 -414 -478 6
36280: -51 -414 -479 15
36281: -51 -414 -480 24
36283: -51 -414 -482 42
36285: -51 -414 -484 60
36286: -51 -414 -485 69
36648: -128 -95 -442 87
36680: -128 -98 -474 132
36686: -128 -99 -480 105
36792: -130 -255 -424 87
36797: -130 -255 -429 132
36891: -131 -338 -442 87
36907: -131 -339 -458 150
37018: -133 -496 -407 96
37070: -133 -501 -459 159
37072: -133 -502 -461 96
37073: -133 -502 -462 105
37134: -134 -581 -442 87
37170: -134 -585 -478 87
37175: -134 -585 -483 132
37220: -135 -662 -447 132
37242: -135 -665 -469 87
37247: -135 -665 -474 132
37287: -208 -22 -433 168
37288: -208 -22 -434 177
37290: -208 -22 -436 195
37291: -208 -22 -437 204
37292: -208 -22 -438 213
37293: -208 -22 -439 222
37294: -208 -22 -440 231
37352: -209 -101 -417 186
37378: -209 -104 -443 177
37400: -209 -106 -465 213
37407: -209 -107 -472 195
37449: -210 -184 -433 168
37585: -212 -343 -407 177
37586: -212 -343 -408 186
37587: -212 -343 -409 195
37607: -212 -345 -429 213
37620: -212 -347 -442 168
37625: -212 -347 -447 213
37635: -212 -348 -457 222
37650: -212 -350 -472 195
37748: -214 -505 -408 186
37769: -214 -507 -429 213
37798: -214 -510 -458 231
37800: -214 -511 -460 168
37805: -214 -511 -465 213
37990: -289 -28 -407 258
37991: -289 -28 -408 267
37992: -289 -28 -409 276
37993: -289 -28 -410 285
37995: -289 -28 -412 303
37996: -289 -28 -413 312
37997: -289 -28 -414 321
38073: -290 -109 -409 276
38074: -290 -109 -410 285
38076: -290 -109 -412 303
38078: -290 -109 -414 321
38102: -290 -112 -438 294
38314: -293 -352 -407 258
38345: -293 -355 -438 294
38354: -293 -356 -447 294
38364: -293 -357 -457 303
38365: -293 -357 -458 312
38366: -293 -357 -459 321
38380: -293 -359 -473 285
38476: -295 -514 -407 258
38529: -295 -520 -460 249
38534: -295 -520 -465 294
38557: -296 -595 -407 258
38562: -296 -595 -412 303
38633: -296 -603 -483 294
38636: -296 -603 -486 321
38638: -297 -676 -407 258
38639: -297 -676 -408 267
38640: -297 -676 -409 276
38641: -297 -676 -410 285
38643: -297 -676 -412 303
38644: -297 -676 -413 312
38700: -297 -683 -469 249
38705: -297 -683 -474 294
38754: -370 -41 -442 330
38756: -370 -41 -444 348
38758: -370 -41 -446 366
38759: -370 -41 -447 375
38883: -372 -199 -409 357
38884: -372 -199 -410 366
38975: -373 -281 -420 375
39062: -374 -363 -426 348
39064: -374 -363 -428 366
39096: -374 -367 -460 330
39097: -374 -367 -461 339
39100: -374 -367 -464 366
39101: -374 -367 -465 375
39102: -374 -367 -466 384
39103: -374 -367 -467 393
39119: -374 -369 -483 375
39120: -374 -369 -484 384
39208: -376 -523 -410 366
39258: -376 -529 -460 330
39287: -377 -604 -408 348
39289: -377 -604 -410 366
39357: -377 -612 -478 330
39370: -378 -685 -410 366
39429: -378 -692 -469 330
39434: -378 -692 -474 375
39615: -453 -208 -412 465
39696: -454 -289 -412 465
39697: -454 -289 -413 474
39698: -454 -289 -414 483
39836: -455 -377 -471 429
40015: -458 -613 -407 420
40016: -458 -613 -408 429
40020: -458 -613 -412 465
40022: -458 -613 -414 483
40096: -459 -694 -407 420
40131: -459 -698 -442 411
40231: -532 -61 -461 501
40233: -532 -61 -463 519
40234: -532 -61 -464 528
40235: -532 -61 -465 537
40237: -532 -61 -467 555
40238: -532 -61 -468 564
40339: -534 -217 -407 501
40344: -534 -217 -412 546
40506: -536 -379 -412 546
40685: -538 -543 -429 537
40686: -538 -543 -430 546
40699: -538 -545 -443 501
40700: -538 -545 -444 510
40701: -538 -545 -445 519
40702: -538 -545 -446 528
40703: -538 -545 -447 537
40704: -538 -545 -448 546
40705: -538 -545 -449 555
40706: -538 -545 -450 564
40730: -538 -548 -474 537
40739: -538 -549 -483 537
40749: -539 -622 -412 546
40795: -539 -627 -458 555
40815: -539 -630 -478 492
40830: -540 -703 -412 546
40892: -540 -710 -474 537
40977: -613 -72 -478 573
40979: -613 -72 -480 591
40980: -613 -72 -481 600
40981: -613 -72 -482 609
40982: -613 -72 -483 618
40993: -614 -145 -413 636
41202: -616 -313 -460 573
41236: -617 -388 -413 636
41244: -617 -389 -421 627
41258: -617 -391 -435 591
41265: -617 -392 -442 573
41285: -617 -394 -462 591
41297: -617 -395 -474 618
41398: -619 -550 -413 636
41414: -619 -552 -429 618
41440: -619 -555 -455 609
41450: -619 -556 -465 618
41557: -621 -712 -410 609
41631: -621 -720 -484 627
41697: -694 -80 -469 654
41698: -694 -80 -470 663
41699: -694 -80 -471 672
41701: -694 -80 -473 690
41702: -694 -80 -474 699
41703: -694 -80 -475 708
41716: -695 -154 -407 663
41717: -695 -154 -408 672
41719: -695 -154 -410 690
41721: -695 -154 -412 708
41723: -695 -154 -414 726
41799: -696 -235 -409 681
41802: -696 -235 -412 708
41804: -696 -235 -414 726
41918: -697 -320 -447 699
41936: -697 -322 -465 699
41966: -698 -397 -414 726
41999: -698 -401 -447 699
42128: -700 -559 -414 726
42174: -700 -565 -460 654
42179: -700 -565 -465 699
42207: -701 -640 -412 708
42290: -702 -721 -414 726
42340: -702 -727 -464 690
42860: -61 -488 -498 25
42861: -61 -488 -499 34
42862: -61 -488 -500 43
42863: -61 -488 -501 52
42866: -61 -488 -504 79
42867: -61 -489 -505 7
42868: -61 -489 -506 16
42874: -61 -489 -512 70
42876: -61 -490 -514 7
42877: -61 -490 -515 16
42881: -61 -490 -519 52
42884: -61 -490 -522 79
42885: -61 -491 -523 7
42886: -61 -491 -524 16
42887: -61 -491 -525 25
42888: -61 -491 -526 34
42890: -61 -491 -528 52
42892: -61 -491 -530 70
42894: -61 -492 -532 7
42897: -61 -492 -535 34
42912: -61 -494 -550 7
42913: -61 -494 -551 16
42917: -61 -494 -555 52
42920: -61 -494 -558 79
42921: -61 -495 -559 7
42923: -61 -495 -561 25
42924: -61 -495 -562 34
42926: -61 -495 -564 52
42928: -61 -495 -566 70
43218: -137 -96 -532 88
43353: -139 -255 -505 88
43359: -139 -255 -511 142
43417: -140 -334 -488 97
43452: -140 -338 -523 88
43498: -141 -415 -488 97
43542: -141 -420 -532 88
43548: -141 -420 -538 142
43731: -143 -585 -559 88
43733: -143 -585 -561 106
43737: -143 -585 -565 142
43745: -144 -658 -492 133
43791: -144 -663 -538 142
43803: -144 -665 -550 88
43809: -144 -665 -556 142
43848: -217 -22 -514 169
43849: -217 -22 -515 178
43851: -217 -22 -517 196
43852: -217 -22 -518 205
43853: -217 -22 -519 214
43854: -217 -22 -520 223
43855: -217 -22 -521 232
43856: -217 -22 -522 241
43980: -218 -108 -565 223
44010: -219 -184 -514 169
44122: -220 -268 -545 205
44146: -221 -343 -488 178
44181: -221 -347 -523 169
44187: -221 -347 -529 223
44206: -221 -349 -548 232
44227: -222 -424 -488 178
44228: -222 -424 -489 187
44233: -222 -424 -494 232
44241: -222 -425 -502 223
44244: -222 -426 -505 169
44257: -222 -427 -518 205
44277: -222 -429 -538 223
44287: -222 -430 -548 232
44292: -222 -431 -553 196
44505: -225 -671 -523 169
44551: -298 -28 -488 259
44552: -298 -28 -489 268
44553: -298 -28 -490 277
44554: -298 -28 -491 286
44555: -298 -28 -492 295
44557: -298 -28 -494 313
44558: -298 -28 -495 322
44633: -299 -109 -489 268
44634: -299 -109 -490 277
44635: -299 -109 -491 286
44689: -299 -115 -545 286
44877: -302 -352 -490 277
44881: -302 -352 -494 313
44916: -302 -356 -529 304
44952: -302 -360 -565 304
44958: -303 -433 -490 277
44970: -303 -434 -502 304
44976: -303 -435 -508 277
44979: -303 -435 -511 304
45023: -303 -440 -555 295
45024: -303 -440 -556 304
45120: -305 -595 -490 277
45121: -305 -595 -491 286
45122: -305 -595 -492 295
45199: -306 -676 -488 259
45201: -306 -676 -490 277
45202: -306 -676 -491 286
45203: -306 -676 -492 295
45315: -379 -41 -523 331
45318: -379 -41 -526 358
45320: -379 -41 -528 376
45321: -379 -41 -529 385
45322: -379 -41 -530 394
45323: -379 -41 -531 403
45445: -381 -199 -491 367
45622: -383 -363 -506 340
45623: -383 -363 -507 349
45625: -383 -363 -509 367
45627: -383 -363 -511 385
45629: -383 -363 -513 403
45651: -383 -366 -535 358
45654: -383 -366 -538 385
45656: -383 -366 -540 403
45686: -384 -442 -489 349
45688: -384 -442 -491 367
45850: -386 -604 -491 367
45931: -387 -685 -491 367
46058: -460 -51 -537 457
46059: -460 -51 -538 466
46175: -462 -208 -492 457
46197: -462 -211 -514 412
46228: -462 -214 -545 448
46313: -463 -295 -549 484
46337: -464 -370 -492 457
46388: -464 -376 -543 430
46390: -464 -376 -545 448
46434: -465 -453 -508 439
46436: -465 -453 -510 457
46439: -465 -453 -513 484
46453: -465 -455 -527 448
46454: -465 -455 -528 457
46491: -465 -459 -565 466
46580: -467 -613 -492 457
46647: -467 -621 -559 412
46659: -468 -694 -490 439
46660: -468 -694 -491 448
46661: -468 -694 -492 457
46719: -468 -701 -550 412
46903: -543 -217 -491 529
46904: -543 -217 -492 538
46983: -544 -298 -490 520
46984: -544 -298 -491 529
47066: -545 -379 -492 538
47307: -548 -622 -490 520
47309: -548 -622 -492 538
47349: -548 -627 -532 493
47389: -549 -703 -491 529
47538: -622 -72 -559 574
47540: -622 -72 -561 592
47541: -622 -72 -562 601
47542: -622 -72 -563 610
47543: -622 -72 -564 619
47544: -622 -72 -565 628
47554: -623 -145 -494 637
47754: -625 -312 -532 574
47797: -626 -388 -494 637
47832: -626 -392 -529 628
47878: -627 -469 -494 637
47922: -627 -474 -538 628
48147: -630 -715 -520 628
48258: -703 -80 -550 655
48262: -703 -80 -554 691
48263: -703 -80 -555 700
48264: -703 -80 -556 709
48278: -704 -154 -489 673
48280: -704 -154 -491 691
48284: -704 -154 -495 727
48361: -705 -235 -491 691
48365: -705 -235 -495 727
48474: -706 -320 -523 655
48475: -706 -320 -524 664
48476: -706 -320 -525 673
48477: -706 -320 -526 682
48480: -706 -320 -529 709
48483: -706 -321 -532 655
48489: -706 -321 -538 709
48527: -707 -397 -495 727
48561: -707 -401 -529 709
48608: -708 -478 -495 727
48647: -708 -483 -534 673
48651: -708 -483 -538 709
48766: -710 -640 -491 691
48804: -710 -644 -529 709
48813: -710 -645 -538 709
48827: -710 -647 -552 673
49581: -72 -650 -577 8
49585: -72 -650 -581 44
49586: -72 -650 -582 53
49587: -72 -650 -583 62
49590: -72 -651 -586 8
49596: -72 -651 -592 62
49599: -72 -652 -595 8
49601: -72 -652 -597 26
49603: -72 -652 -599 44
49604: -72 -652 -600 53
49605: -72 -652 -601 62
49608: -72 -653 -604 8
49611: -72 -653 -607 35
49617: -72 -654 -613 8
49620: -72 -654 -616 35
49626: -72 -655 -622 8
49635: -72 -656 -631 8
49671: -145 -12 -586 89
49672: -145 -12 -587 98
49673: -145 -12 -588 107
49675: -145 -12 -590 125
49676: -145 -12 -591 134
49677: -145 -12 -592 143
49678: -145 -12 -593 152
49914: -148 -255 -586 89
49917: -148 -255 -589 116
49918: -148 -255 -590 125
49920: -148 -255 -592 143
49921: -148 -255 -593 152
50013: -149 -338 -604 89
50103: -150 -420 -613 89
50193: -151 -502 -622 89
50328: -153 -661 -595 89
50409: -226 -22 -595 170
50410: -226 -22 -596 179
50411: -226 -22 -597 188
50417: -226 -22 -603 242
50480: -227 -101 -585 242
50708: -230 -343 -570 188
50742: -230 -347 -604 170
50832: -231 -429 -613 170
50930: -232 -511 -630 242
51112: -307 -28 -569 260
51113: -307 -28 -570 269
51114: -307 -28 -571 278
51115: -307 -28 -572 287
51116: -307 -28 -573 296
51117: -307 -28 -574 305
51193: -308 -109 -569 260
51471: -311 -356 -604 251
51517: -312 -433 -569 260
51530: -312 -434 -582 296
51561: -312 -438 -613 251
51651: -313 -520 -622 251
51760: -315 -676 -569 260
51761: -315 -676 -570 269
51764: -315 -676 -573 296
51765: -315 -676 -574 305
51822: -315 -683 -631 251
51876: -388 -41 -604 332
51884: -388 -41 -612 404
52006: -390 -199 -572 368
52007: -390 -199 -573 377
52008: -390 -199 -574 386
52088: -391 -280 -573 377
52225: -392 -367 -629 395
52247: -393 -442 -570 350
52249: -393 -442 -572 368
52251: -393 -442 -574 386
52290: -393 -447 -613 332
52329: -394 -523 -571 359
52330: -394 -523 -572 368
52380: -394 -529 -622 332
52510: -396 -687 -590 368
52551: -396 -692 -631 332
52614: -469 -51 -613 413
52622: -469 -51 -621 485
52704: -470 -133 -622 413
52736: -471 -208 -573 458
52785: -471 -214 -622 413
52894: -473 -370 -569 422
52929: -473 -374 -604 413
52937: -473 -374 -612 485
53001: -474 -454 -595 413
53013: -474 -455 -607 440
53014: -474 -455 -608 449
53016: -474 -455 -610 467
53018: -474 -455 -612 485
53218: -477 -694 -569 422
53280: -477 -701 -631 413
53355: -550 -61 -625 521
53356: -550 -61 -626 530
53357: -550 -61 -627 539
53359: -550 -61 -629 557
53360: -550 -61 -630 566
53466: -552 -217 -574 548
53547: -553 -298 -574 548
53628: -554 -379 -574 548
53658: -554 -383 -604 494
53709: -555 -460 -574 548
53748: -555 -465 -613 494
53823: -556 -545 -607 521
53824: -556 -545 -608 530
53826: -556 -545 -610 548
53832: -556 -546 -616 521
53834: -556 -546 -618 539
53968: -558 -705 -590 530
54009: -558 -710 -631 494
54019: -558 -711 -641 503
54204: -633 -227 -583 629
54819: -712 -80 -631 656
54821: -712 -80 -633 674
54823: -712 -80 -635 692
54824: -712 -80 -636 701
54825: -712 -80 -637 710
54826: -712 -80 -638 719
55403: -719 -648 -648 728
56061: -80 -569 -658 9
56064: -80 -569 -661 36
56065: -80 -569 -662 45
56066: -80 -569 -663 54
56067: -80 -569 -664 63
56070: -80 -570 -667 9
56071: -80 -570 -668 18
56074: -80 -570 -671 45
56079: -80 -571 -676 9
56081: -80 -571 -678 27
56083: -80 -571 -680 45
56084: -80 -571 -681 54
56085: -80 -571 -682 63
56088: -80 -572 -685 9
56089: -80 -572 -686 18
56092: -80 -572 -689 45
56093: -80 -572 -690 54
56097: -80 -573 -694 9
56098: -80 -573 -695 18
56100: -80 -573 -697 36
56103: -80 -573 -700 63
56106: -80 -574 -703 9
56107: -80 -574 -704 18
56110: -80 -574 -707 45
56111: -80 -574 -708 54
56112: -80 -574 -709 63
56124: -80 -576 -721 9
56232: -154 -12 -667 90
56234: -154 -12 -669 108
56235: -154 -12 -670 117
56236: -154 -12 -671 126
56237: -154 -12 -672 135
56238: -154 -12 -673 144
56240: -154 -12 -675 162
56475: -157 -255 -667 90
56476: -157 -255 -668 99
56478: -157 -255 -670 117
56479: -157 -255 -671 126
56480: -157 -255 -672 135
56481: -157 -255 -673 144
56483: -157 -255 -675 162
56574: -158 -338 -685 90
56664: -159 -420 -694 90
56754: -160 -502 -703 90
56970: -235 -22 -676 171
56971: -235 -22 -677 180
56972: -235 -22 -678 189
56974: -235 -22 -680 207
56975: -235 -22 -681 216
56977: -235 -22 -683 234
56978: -235 -22 -684 243
57067: -236 -104 -692 234
57085: -236 -106 -710 234
57271: -239 -343 -653 207
57303: -239 -347 -685 171
57350: -240 -424 -651 189
57352: -240 -424 -653 207
57364: -240 -425 -665 234
57393: -240 -429 -694 171
57483: -241 -511 -703 171
57673: -316 -28 -650 261
57674: -316 -28 -651 270
57675: -316 -28 -652 279
57676: -316 -28 -653 288
57677: -316 -28 -654 297
57678: -316 -28 -655 306
57680: -316 -28 -657 324
58000: -320 -352 -653 288
58012: -320 -353 -665 315
58018: -320 -354 -671 288
58032: -320 -356 -685 252
58058: -320 -358 -711 324
58064: -320 -359 -717 297
58093: -321 -434 -665 315
58099: -321 -435 -671 288
58100: -321 -435 -672 297
58122: -321 -438 -694 252
58146: -321 -440 -718 306
58159: -322 -514 -650 261
58195: -322 -518 -686 261
58196: -322 -518 -687 270
58197: -322 -518 -688 279
58200: -322 -518 -691 306
58201: -322 -518 -692 315
58202: -322 -518 -693 324
58212: -322 -520 -703 252
58321: -324 -676 -650 261
58322: -324 -676 -651 270
58325: -324 -676 -654 297
58437: -397 -41 -685 333
58444: -397 -41 -692 396
58567: -399 -199 -653 369
58649: -400 -280 -654 378
58773: -401 -366 -697 360
58775: -401 -366 -699 378
58810: -402 -442 -653 369
58851: -402 -447 -694 333
58858: -402 -447 -701 396
58941: -403 -529 -703 333
58948: -403 -529 -710 396
59040: -404 -612 -721 333
59175: -478 -51 -694 414
59178: -478 -51 -697 441
59182: -478 -51 -701 477
59265: -479 -133 -703 414
59297: -480 -208 -654 459
59346: -480 -214 -703 414
59380: -481 -289 -656 477
59381: -481 -289 -657 486
59456: -482 -370 -651 432
59490: -482 -374 -685 414
59562: -483 -454 -676 414
59565: -483 -454 -679 441
59567: -483 -454 -681 459
59568: -483 -454 -682 468
59575: -483 -455 -689 450
59576: -483 -455 -690 459
59590: -483 -457 -704 423
59596: -483 -457 -710 477
59677: -484 -538 -710 477
59769: -485 -621 -721 414
59913: -559 -61 -703 495
59916: -559 -61 -706 522
59920: -559 -61 -710 558
60022: -561 -217 -650 504
60153: -562 -303 -700 549
60189: -563 -379 -655 549
60219: -563 -383 -685 495
60267: -564 -460 -652 522
60270: -564 -460 -655 549
60286: -564 -462 -671 531
60309: -564 -465 -694 495
60316: -564 -465 -701 558
60336: -564 -468 -721 495
60382: -565 -545 -686 504
60383: -565 -545 -687 513
60384: -565 -545 -688 522
60385: -565 -545 -689 531
60387: -565 -545 -691 549
60388: -565 -545 -692 558
60395: -565 -546 -699 540
60396: -565 -546 -700 549
60498: -566 -630 -721 495
61430: -722 -157 -681 702
61431: -722 -157 -682 711
61622: -724 -322 -711 729
62301: -28 -2 -85 31
62302: -28 -2 -86 40
62303: -28 -2 -87 49
62304: -28 -2 -88 58
62305: -28 -2 -89 67
62306: -28 -2 -90 76
62957: -100 -84 -174 21
62959: -100 -84 -176 39
62960: -100 -84 -177 48
62961: -100 -84 -178 57
62962: -100 -84 -179 66
62963: -100 -84 -180 75
63040: -109 -84 -176 40
63041: -109 -84 -177 49
63042: -109 -84 -178 58
63043: -109 -84 -179 67
63044: -109 -84 -180 76
63119: -118 -84 -174 23
63122: -118 -84 -177 50
63123: -118 -84 -178 59
63124: -118 -84 -179 68
63125: -118 -84 -180 77
63200: -127 -84 -174 24
63202: -127 -84 -176 42
63204: -127 -84 -178 60
63205: -127 -84 -179 69
63206: -127 -84 -180 78
63281: -136 -84 -174 25
63283: -136 -84 -176 43
63284: -136 -84 -177 52
63286: -136 -84 -179 70
63287: -136 -84 -180 79
63362: -145 -84 -174 26
63364: -145 -84 -176 44
63365: -145 -84 -177 53
63366: -145 -84 -178 62
63367: -145 -84 -179 71
63443: -154 -84 -174 27
63445: -154 -84 -176 45
63446: -154 -84 -177 54
63447: -154 -84 -178 63
63449: -154 -84 -180 81
63701: -181 -166 -270 75
63811: -190 -170 -587 13
63814: -190 -170 -590 40
63815: -190 -170 -591 49
63816: -190 -170 -592 58
63818: -190 -170 -594 76
63820: -190 -171 -668 13
63825: -190 -171 -673 58
63861: -199 -166 -268 59
63862: -199 -166 -269 68
63863: -199 -166 -270 77
63892: -199 -170 -587 14
63893: -199 -170 -588 23
63896: -199 -170 -591 50
63897: -199 -170 -592 59
63899: -199 -170 -594 77
63901: -199 -171 -668 14
63902: -199 -171 -669 23
63905: -199 -171 -672 50
63906: -199 -171 -673 59
63940: -208 -166 -266 42
63942: -208 -166 -268 60
63943: -208 -166 -269 69
63944: -208 -166 -270 78
63973: -208 -170 -587 15
63974: -208 -170 -588 24
63976: -208 -170 -590 42
63978: -208 -170 -592 60
63982: -208 -171 -668 15
63983: -208 -171 -669 24
63985: -208 -171 -671 42
63987: -208 -171 -673 60
64021: -217 -166 -266 43
64024: -217 -166 -269 70
64025: -217 -166 -270 79
64054: -217 -170 -587 16
64055: -217 -170 -588 25
64057: -217 -170 -590 43
64058: -217 -170 -591 52
64061: -217 -170 -594 79
64063: -217 -171 -668 16
64064: -217 -171 -669 25
64066: -217 -171 -671 43
64067: -217 -171 -672 52
64102: -226 -166 -266 44
64103: -226 -166 -267 53
64104: -226 -166 -268 62
64105: -226 -166 -269 71
64135: -226 -170 -587 17
64140: -226 -170 -592 62
64144: -226 -171 -668 17
64145: -226 -171 -669 26
64147: -226 -171 -671 44
64149: -226 -171 -673 62
64183: -235 -166 -266 45
64184: -235 -166 -267 54
64185: -235 -166 -268 63
64187: -235 -166 -270 81
64216: -235 -170 -587 18
64219: -235 -170 -590 45
64220: -235 -170 -591 54
64221: -235 -170 -592 63
64223: -235 -170 -594 81
64228: -235 -171 -671 45
64229: -235 -171 -672 54
64230: -235 -171 -673 63
64232: -235 -171 -675 81
64591: -280 -247 -278 68
64592: -280 -247 -279 77
64602: -280 -249 -433 5
64603: -280 -249 -434 14
64604: -280 -249 -435 23
64605: -280 -249 -436 32
64607: -280 -249 -438 50
64608: -280 -249 -439 59
64609: -280 -249 -440 68
64610: -280 -249 -441 77
64611: -280 -250 -514 5
64616: -280 -250 -519 50
64617: -280 -250 -520 59
64618: -280 -250 -521 68
64619: -280 -250 -522 77
64625: -280 -251 -600 50
64626: -280 -251 -601 59
64627: -280 -251 -602 68
64630: -280 -252 -677 14
64631: -280 -252 -678 23
64637: -280 -252 -684 77
64671: -289 -247 -277 60
64672: -289 -247 -278 69
64673: -289 -247 -279 78
64680: -289 -248 -358 60
64681: -289 -248 -359 69
64698: -289 -250 -520 60
64714: -289 -252 -680 42
64716: -289 -252 -682 60
64718: -289 -252 -684 78
64750: -298 -247 -275 43
64751: -298 -247 -276 52
64753: -298 -247 -278 70
64754: -298 -247 -279 79
64756: -298 -248 -353 16
64757: -298 -248 -354 25
64758: -298 -248 -355 34
64759: -298 -248 -356 43
64760: -298 -248 -357 52
64762: -298 -248 -359 70
64763: -298 -248 -360 79
64764: -298 -249 -433 7
64765: -298 -249 -434 16
64766: -298 -249 -435 25
64767: -298 -249 -436 34
64768: -298 -249 -437 43
64769: -298 -249 -438 52
64771: -298 -249 -440 70
64772: -298 -249 -441 79
64786: -298 -251 -599 43
64787: -298 -251 -600 52
64789: -298 -251 -602 70
64831: -307 -247 -275 44
64834: -307 -247 -278 71
64840: -307 -248 -356 44
64842: -307 -248 -358 62
64843: -307 -248 -359 71
64845: -307 -249 -433 8
64846: -307 -249 -434 17
64847: -307 -249 -435 26
64848: -307 -249 -436 35
64849: -307 -249 -437 44
64850: -307 -249 -438 53
64851: -307 -249 -439 62
64852: -307 -249 -440 71
64855: -307 -250 -515 17
64856: -307 -250 -516 26
64857: -307 -250 -517 35
64858: -307 -250 -518 44
64860: -307 -250 -520 62
64923: -316 -248 -358 63
64925: -316 -248 -360 81
64939: -316 -250 -518 45
64940: -316 -250 -519 54
64941: -316 -250 -520 63
64943: -316 -250 -522 81
64948: -316 -251 -599 45
65089: -334 -330 -443 11
65094: -334 -330 -448 56
65095: -334 -330 -449 65
65096: -334 -330 -450 74
65139: -343 -326 -124 57
65156: -343 -328 -285 48
65158: -343 -328 -287 66
65159: -343 -328 -288 75
65196: -343 -333 -685 3
65198: -343 -333 -687 21
65201: -343 -333 -690 48
65204: -343 -333 -693 75
65377: -370 -326 -119 15
65382: -370 -326 -124 60
65383: -370 -326 -125 69
65385: -370 -327 -199 6
65387: -370 -327 -201 24
65391: -370 -327 -205 60
65394: -370 -328 -280 6
65395: -370 -328 -281 15
65398: -370 -328 -284 42
65400: -370 -328 -286 60
65401: -370 -328 -287 69
65402: -370 -328 -288 78
65421: -370 -331 -523 6
65422: -370 -331 -524 15
65423: -370 -331 -525 24
65427: -370 -331 -529 60
65428: -370 -331 -530 69
65429: -370 -331 -531 78
65430: -370 -332 -604 6
65431: -370 -332 -605 15
65432: -370 -332 -606 24
65436: -370 -332 -610 60
65437: -370 -332 -611 69
65439: -370 -333 -685 6
65440: -370 -333 -686 15
65445: -370 -333 -691 60
65447: -370 -333 -693 78
65458: -379 -326 -119 16
65462: -379 -326 -123 52
65466: -379 -327 -199 7
65468: -379 -327 -201 25
65471: -379 -327 -204 52
65473: -379 -327 -206 70
65474: -379 -327 -207 79
65475: -379 -328 -280 7
65476: -379 -328 -281 16
65478: -379 -328 -283 34
65479: -379 -328 -284 43
65480: -379 -328 -285 52
65482: -379 -328 -287 70
65483: -379 -328 -288 79
65493: -379 -330 -442 7
65494: -379 -330 -443 16
65495: -379 -330 -444 25
65496: -379 -330 -445 34
65497: -379 -330 -446 43
65498: -379 -330 -447 52
65500: -379 -330 -449 70
65501: -379 -330 -450 79
65512: -379 -332 -605 16
65513: -379 -332 -606 25
65516: -379 -332 -609 52
65518: -379 -332 -611 70
65520: -379 -333 -685 7
65521: -379 -333 -686 16
65522: -379 -333 -687 25
65523: -379 -333 -688 34
65525: -379 -333 -690 52
65528: -379 -333 -693 79
65549: -388 -327 -201 26
65554: -388 -327 -206 71
65581: -388 -330 -449 71
65585: -388 -331 -525 26
65588: -388 -331 -528 53
65602: -388 -333 -686 17
65603: -388 -333 -687 26
65604: -388 -333 -688 35
65606: -388 -333 -690 53
65607: -388 -333 -691 62
65630: -397 -327 -201 27
65636: -397 -327 -207 81
65643: -397 -328 -286 63
65655: -397 -330 -442 9
65672: -397 -331 -531 81
65796: -415 -408 -214 56
65797: -415 -408 -215 65
65798: -415 -408 -216 74
65800: -415 -409 -290 11
65805: -415 -409 -295 56
65806: -415 -409 -296 65
65807: -415 -409 -297 74
65809: -415 -410 -371 11
65810: -415 -410 -372 20
65814: -415 -410 -376 56
65815: -415 -410 -377 65
65816: -415 -410 -378 74
65866: -424 -407 -131 39
65868: -424 -407 -133 57
65870: -424 -407 -135 75
65880: -424 -409 -289 3
65884: -424 -409 -293 39
65886: -424 -409 -295 57
65887: -424 -409 -296 66
65888: -424 -409 -297 75
65889: -424 -410 -370 3
65907: -424 -412 -532 3
65909: -424 -412 -534 21
65911: -424 -412 -536 39
65913: -424 -412 -538 57
65914: -424 -412 -539 66
65916: -424 -413 -613 3
65918: -424 -413 -615 21
65920: -424 -413 -617 39
65925: -424 -414 -694 3
65927: -424 -414 -696 21
65929: -424 -414 -698 39
65931: -424 -414 -700 57
65933: -424 -414 -702 75
66025: -442 -407 -128 14
66030: -442 -407 -133 59
66031: -442 -407 -134 68
66033: -442 -408 -208 5
66039: -442 -408 -214 59
66040: -442 -408 -215 68
66041: -442 -408 -216 77
66042: -442 -409 -289 5
66043: -442 -409 -290 14
66048: -442 -409 -295 59
66049: -442 -409 -296 68
66069: -442 -412 -532 5
66070: -442 -412 -533 14
66071: -442 -412 -534 23
66075: -442 -412 -538 59
66076: -442 -412 -539 68
66077: -442 -412 -540 77
66078: -442 -413 -613 5
66079: -442 -413 -614 14
66080: -442 -413 -615 23
66085: -442 -413 -620 68
66086: -442 -413 -621 77
66087: -442 -414 -694 5
66088: -442 -414 -695 14
66089: -442 -414 -696 23
66093: -442 -414 -700 59
66095: -442 -414 -702 77
66187: -460 -407 -128 16
66190: -460 -407 -131 43
66193: -460 -407 -134 70
66194: -460 -407 -135 79
66195: -460 -408 -208 7
66197: -460 -408 -210 25
66202: -460 -408 -215 70
66204: -460 -409 -289 7
66205: -460 -409 -290 16
66207: -460 -409 -292 34
66208: -460 -409 -293 43
66211: -460 -409 -296 70
66212: -460 -409 -297 79
66213: -460 -410 -370 7
66214: -460 -410 -371 16
66215: -460 -410 -372 25
66216: -460 -410 -373 34
66220: -460 -410 -377 70
66221: -460 -410 -378 79
66240: -460 -413 -613 7
66241: -460 -413 -614 16
66242: -460 -413 -615 25
66244: -460 -413 -617 43
66247: -460 -413 -620 70
66248: -460 -413 -621 79
66249: -460 -414 -694 7
66250: -460 -414 -695 16
66251: -460 -414 -696 25
66253: -460 -414 -698 43
66257: -460 -414 -702 79
66278: -469 -408 -210 26
66280: -469 -408 -212 44
66286: -469 -409 -290 17
66289: -469 -409 -293 44
66291: -469 -409 -295 62
66292: -469 -409 -296 71
66295: -469 -410 -371 17
66296: -469 -410 -372 26
66301: -469 -410 -377 71
66318: -469 -412 -538 62
66319: -469 -412 -539 71
66331: -469 -414 -695 17
66332: -469 -414 -696 26
66334: -469 -414 -698 44
66336: -469 -414 -700 62
66367: -478 -409 -290 18
66376: -478 -410 -371 18
66377: -478 -410 -372 27
66383: -478 -410 -378 81
66397: -478 -412 -536 45
66401: -478 -412 -540 81
66529: -496 -490 -299 11
66533: -496 -490 -303 47
66536: -496 -490 -306 74
66538: -496 -491 -380 11
66544: -496 -491 -386 65
66598: -505 -488 -143 66
66614: -505 -490 -303 48
66631: -505 -492 -464 39
66652: -505 -494 -629 66
66656: -505 -495 -705 21
66658: -505 -495 -707 39
66659: -505 -495 -708 48
66662: -505 -495 -711 75
66673: -514 -488 -137 13
66676: -514 -488 -140 40
66677: -514 -488 -141 49
66679: -514 -488 -143 67
66680: -514 -488 -144 76
66682: -514 -489 -218 13
66685: -514 -489 -221 40
66708: -514 -492 -460 4
66709: -514 -492 -461 13
66712: -514 -492 -464 40
66715: -514 -492 -467 67
66716: -514 -492 -468 76
66754: -523 -488 -137 14
66758: -523 -488 -141 50
66762: -523 -489 -217 5
66763: -523 -489 -218 14
66764: -523 -489 -219 23
66771: -523 -490 -298 5
66772: -523 -490 -299 14
66774: -523 -490 -301 32
66776: -523 -490 -303 50
66779: -523 -490 -306 77
66789: -523 -492 -460 5
66790: -523 -492 -461 14
66796: -523 -492 -467 68
66807: -523 -494 -622 5
66808: -523 -494 -623 14
66812: -523 -494 -627 50
66814: -523 -494 -629 68
66815: -523 -494 -630 77
66816: -523 -495 -703 5
66817: -523 -495 -704 14
66818: -523 -495 -705 23
66821: -523 -495 -708 50
66824: -523 -495 -711 77
66835: -532 -488 -137 15
66838: -532 -488 -140 42
66841: -532 -488 -143 69
66842: -532 -488 -144 78
66843: -532 -489 -217 6
66844: -532 -489 -218 15
66845: -532 -489 -219 24
66847: -532 -489 -221 42
66850: -532 -489 -224 69
66851: -532 -489 -225 78
66852: -532 -490 -298 6
66853: -532 -490 -299 15
66855: -532 -490 -301 33
66856: -532 -490 -302 42
66859: -532 -490 -305 69
66860: -532 -490 -306 78
66861: -532 -491 -379 6
66862: -532 -491 -380 15
66863: -532 -491 -381 24
66865: -532 -491 -383 42
66868: -532 -491 -386 69
66869: -532 -491 -387 78
66888: -532 -494 -622 6
66889: -532 -494 -623 15
66890: -532 -494 -624 24
66892: -532 -494 -626 42
66895: -532 -494 -629 69
66896: -532 -494 -630 78
66897: -532 -495 -703 6
66898: -532 -495 -704 15
66899: -532 -495 -705 24
66901: -532 -495 -707 42
66904: -532 -495 -710 69
66905: -532 -495 -711 78
67006: -550 -489 -218 17
67007: -550 -489 -219 26
67009: -550 -489 -221 44
67010: -550 -489 -222 53
67012: -550 -489 -224 71
67015: -550 -490 -299 17
67018: -550 -490 -302 44
67019: -550 -490 -303 53
67021: -550 -490 -305 71
67024: -550 -491 -380 17
67025: -550 -491 -381 26
67028: -550 -491 -384 53
67030: -550 -491 -386 71
67060: -550 -495 -704 17
67061: -550 -495 -705 26
67064: -550 -495 -708 53
67086: -559 -489 -217 9
67088: -559 -489 -219 27
67091: -559 -489 -222 54
67095: -559 -490 -298 9
67096: -559 -490 -299 18
67099: -559 -490 -302 45
67100: -559 -490 -303 54
67103: -559 -490 -306 81
67105: -559 -491 -380 18
67106: -559 -491 -381 27
67108: -559 -491 -383 45
67112: -559 -491 -387 81
67113: -559 -492 -460 9
67117: -559 -492 -464 45
67401: -595 -569 -145 4
67407: -595 -569 -151 58
67410: -595 -570 -226 4
67419: -595 -571 -307 4
67423: -595 -571 -311 40
67424: -595 -571 -312 49
67425: -595 -571 -313 58
67427: -595 -571 -315 76
67428: -595 -572 -388 4
67429: -595 -572 -389 13
67431: -595 -572 -391 31
67432: -595 -572 -392 40
67433: -595 -572 -393 49
67434: -595 -572 -394 58
67435: -595 -572 -395 67
67436: -595 -572 -396 76
67437: -595 -573 -469 4
67440: -595 -573 -472 31
67441: -595 -573 -473 40
67442: -595 -573 -474 49
67444: -595 -573 -476 67
67445: -595 -573 -477 76
67446: -595 -574 -550 4
67447: -595 -574 -551 13
67449: -595 -574 -553 31
67450: -595 -574 -554 40
67451: -595 -574 -555 49
67452: -595 -574 -556 58
67453: -595 -574 -557 67
67454: -595 -574 -558 76
67482: -604 -569 -145 5
67487: -604 -569 -150 50
67488: -604 -569 -151 59
67489: -604 -569 -152 68
67490: -604 -569 -153 77
67491: -604 -570 -226 5
67493: -604 -570 -228 23
67496: -604 -570 -231 50
67497: -604 -570 -232 59
67500: -604 -571 -307 5
67503: -604 -571 -310 32
67505: -604 -571 -312 50
67506: -604 -571 -313 59
67507: -604 -571 -314 68
67508: -604 -571 -315 77
67517: -604 -572 -396 77
67518: -604 -573 -469 5
67519: -604 -573 -470 14
67523: -604 -573 -474 50
67524: -604 -573 -475 59
67525: -604 -573 -476 68
67526: -604 -573 -477 77
67527: -604 -574 -550 5
67529: -604 -574 -552 23
67533: -604 -574 -556 59
67534: -604 -574 -557 68
67535: -604 -574 -558 77
67564: -613 -569 -146 15
67567: -613 -569 -149 42
67569: -613 -569 -151 60
67570: -613 -569 -152 69
67571: -613 -569 -153 78
67572: -613 -570 -226 6
67576: -613 -570 -230 42
67578: -613 -570 -232 60
67579: -613 -570 -233 69
67580: -613 -570 -234 78
67581: -613 -571 -307 6
67585: -613 -571 -311 42
67587: -613 -571 -313 60
67588: -613 -571 -314 69
67589: -613 -571 -315 78
67590: -613 -572 -388 6
67591: -613 -572 -389 15
67592: -613 -572 -390 24
67593: -613 -572 -391 33
67594: -613 -572 -392 42
67596: -613 -572 -394 60
67597: -613 -572 -395 69
67598: -613 -572 -396 78
67607: -613 -573 -477 78
67608: -613 -574 -550 6
67610: -613 -574 -552 24
67612: -613 -574 -554 42
67614: -613 -574 -556 60
67615: -613 -574 -557 69
67616: -613 -574 -558 78
67645: -622 -569 -146 16
67648: -622 -569 -149 43
67649: -622 -569 -150 52
67651: -622 -569 -152 70
67652: -622 -569 -153 79
67653: -622 -570 -226 7
67657: -622 -570 -230 43
67662: -622 -571 -307 7
67666: -622 -571 -311 43
67667: -622 -571 -312 52
67669: -622 -571 -314 70
67670: -622 -571 -315 79
67671: -622 -572 -388 7
67673: -622 -572 -390 25
67675: -622 -572 -392 43
67676: -622 -572 -393 52
67678: -622 -572 -395 70
67679: -622 -572 -396 79
67680: -622 -573 -469 7
67681: -622 -573 -470 16
67685: -622 -573 -474 52
67687: -622 -573 -476 70
67688: -622 -573 -477 79
67697: -622 -574 -558 79
67810: -640 -569 -149 45
67811: -640 -569 -150 54
67812: -640 -569 -151 63
67861: -640 -575 -632 18
67862: -640 -575 -633 27
67864: -640 -575 -635 45
67865: -640 -575 -636 54
67866: -640 -575 -637 63
68119: -667 -657 -728 66
68130: -676 -650 -154 4
68135: -676 -650 -159 49
68136: -676 -650 -160 58
68139: -676 -651 -235 4
68156: -676 -652 -324 76
68157: -676 -653 -397 4
68158: -676 -653 -398 13
68160: -676 -653 -400 31
68161: -676 -653 -401 40
68162: -676 -653 -402 49
68163: -676 -653 -403 58
68164: -676 -653 -404 67
68165: -676 -653 -405 76
68166: -676 -654 -478 4
68167: -676 -654 -479 13
68169: -676 -654 -481 31
68170: -676 -654 -482 40
68171: -676 -654 -483 49
68172: -676 -654 -484 58
68173: -676 -654 -485 67
68174: -676 -654 -486 76
68175: -676 -655 -559 4
68181: -676 -655 -565 58
68194: -676 -657 -722 13
68197: -676 -657 -725 40
68211: -685 -650 -154 5
68212: -685 -650 -155 14
68214: -685 -650 -157 32
68216: -685 -650 -159 50
68217: -685 -650 -160 59
68219: -685 -650 -162 77
68220: -685 -651 -235 5
68225: -685 -651 -240 50
68226: -685 -651 -241 59
68227: -685 -651 -242 68
68228: -685 -651 -243 77
68229: -685 -652 -316 5
68235: -685 -652 -322 59
68236: -685 -652 -323 68
68237: -685 -652 -324 77
68247: -685 -654 -478 5
68252: -685 -654 -483 50
68254: -685 -654 -485 68
68256: -685 -655 -559 5
68257: -685 -655 -560 14
68262: -685 -655 -565 59
68264: -685 -655 -567 77
68292: -694 -650 -154 6
68296: -694 -650 -158 42
68298: -694 -650 -160 60
68301: -694 -651 -235 6
68302: -694 -651 -236 15
68303: -694 -651 -237 24
68304: -694 -651 -238 33
68305: -694 -651 -239 42
68307: -694 -651 -241 60
68308: -694 -651 -242 69
68309: -694 -651 -243 78
68310: -694 -652 -316 6
68314: -694 -652 -320 42
68316: -694 -652 -322 60
68317: -694 -652 -323 69
68318: -694 -652 -324 78
68319: -694 -653 -397 6
68320: -694 -653 -398 15
68321: -694 -653 -399 24
68322: -694 -653 -400 33
68323: -694 -653 -401 42
68325: -694 -653 -403 60
68326: -694 -653 -404 69
68327: -694 -653 -405 78
68337: -694 -655 -559 6
68338: -694 -655 -560 15
68339: -694 -655 -561 24
68340: -694 -655 -562 33
68341: -694 -655 -563 42
68343: -694 -655 -565 60
68344: -694 -655 -566 69
68345: -694 -655 -567 78
68359: -694 -657 -725 42
68374: -703 -650 -155 16
68377: -703 -650 -158 43
68378: -703 -650 -159 52
68380: -703 -650 -161 70
68381: -703 -650 -162 79
68387: -703 -651 -240 52
68391: -703 -652 -316 7
68395: -703 -652 -320 43
68396: -703 -652 -321 52
68398: -703 -652 -323 70
68399: -703 -652 -324 79
68400: -703 -653 -397 7
68401: -703 -653 -398 16
68402: -703 -653 -399 25
68404: -703 -653 -401 43
68405: -703 -653 -402 52
68409: -703 -654 -478 7
68410: -703 -654 -479 16
68413: -703 -654 -482 43
68414: -703 -654 -483 52
68416: -703 -654 -485 70
68417: -703 -654 -486 79
68441: -703 -657 -726 52
68458: -712 -650 -158 44
68459: -712 -650 -159 53
68521: -712 -657 -725 44
68522: -712 -657 -726 53
68523: -712 -657 -727 62
68625: -2 -12 -163 82
68626: -2 -12 -164 91
68627: -2 -12 -165 100
68628: -2 -12 -166 109
68629: -2 -12 -167 118
68630: -2 -12 -168 127
68631: -2 -12 -169 136
68632: -2 -12 -170 145
68633: -2 -12 -171 154
69851: -137 -94 -255 106
70155: -173 -173 -100 83
70330: -191 -174 -185 121
70331: -191 -174 -186 130
70332: -191 -174 -187 139
70333: -191 -174 -188 148
70334: -191 -174 -189 157
70412: -200 -174 -186 131
70413: -200 -174 -187 140
70414: -200 -174 -188 149
70415: -200 -174 -189 158
70462: -200 -180 -668 95
70463: -200 -180 -669 104
70465: -200 -180 -671 122
70467: -200 -180 -673 140
70469: -200 -180 -675 158
70492: -209 -174 -185 123
70494: -209 -174 -187 141
70495: -209 -174 -188 150
70496: -209 -174 -189 159
70537: -209 -179 -590 123
70573: -218 -174 -185 124
70574: -218 -174 -186 133
70576: -218 -174 -188 151
70577: -218 -174 -189 160
70629: -218 -180 -673 142
70705: -227 -180 -668 98
70706: -227 -180 -669 107
70707: -227 -180 -670 116
70708: -227 -180 -671 125
70709: -227 -180 -672 134
70710: -227 -180 -673 143
70712: -227 -180 -675 161
70776: -236 -179 -586 90
70777: -236 -179 -587 99
70778: -236 -179 -588 108
70779: -236 -179 -589 117
70780: -236 -179 -590 126
70781: -236 -179 -591 135
70783: -236 -179 -593 153
70975: -263 -255 -191 93
70976: -263 -255 -192 102
70977: -263 -255 -193 111
70978: -263 -255 -194 120
70979: -263 -255 -195 129
70980: -263 -255 -196 138
70981: -263 -255 -197 147
70982: -263 -255 -198 156
71060: -272 -255 -195 130
71061: -272 -255 -196 139
71062: -272 -255 -197 148
71140: -281 -255 -194 122
71217: -290 -255 -190 87
71222: -290 -255 -195 132
71298: -299 -255 -190 88
71300: -299 -255 -192 106
71301: -299 -255 -193 115
71303: -299 -255 -195 133
71304: -299 -255 -196 142
71460: -317 -255 -190 90
71467: -317 -255 -197 153
71542: -326 -336 -200 91
71564: -326 -338 -366 127
71566: -326 -338 -368 145
71567: -326 -338 -369 154
71573: -326 -339 -447 127
71740: -344 -340 -524 93
71956: -371 -337 -281 96
71978: -371 -339 -447 132
71983: -371 -340 -524 96
72027: -380 -336 -199 88
72037: -380 -337 -281 97
72069: -380 -340 -529 142
72257: -407 -415 -51 127
72299: -407 -420 -453 100
72301: -407 -420 -455 118
72303: -407 -420 -457 136
72304: -407 -420 -458 145
72305: -407 -420 -459 154
72454: -425 -419 -374 120
72467: -425 -420 -459 156
72474: -425 -421 -538 138
72756: -461 -417 -208 88
72798: -461 -421 -538 142
72859: -470 -419 -374 125
72960: -479 -421 -538 144
73037: -488 -502 -543 100
73038: -488 -502 -544 109
73039: -488 -502 -545 118
73040: -488 -502 -546 127
73043: -488 -502 -549 154
73078: -497 -497 -143 146
73193: -506 -501 -465 129
73351: -524 -501 -461 95
73418: -533 -499 -303 132
73447: -533 -502 -548 150
73679: -560 -501 -465 135
73718: -569 -577 -72 154
73750: -569 -581 -392 118
73770: -569 -583 -556 136
73800: -578 -578 -145 83
73912: -587 -581 -392 120
73946: -587 -585 -714 102
73947: -587 -585 -715 111
73948: -587 -585 -716 120
73949: -587 -585 -717 129
73950: -587 -585 -718 138
73952: -587 -585 -720 156
74446: -650 -658 -80 145
74457: -650 -660 -235 82
74479: -650 -662 -401 118
74529: -659 -659 -154 83
74532: -659 -659 -157 110
74651: -668 -663 -483 129
74666: -668 -665 -642 102
74667: -668 -665 -643 111
74668: -668 -665 -644 120
74669: -668 -665 -645 129
74670: -668 -665 -646 138
74671: -668 -665 -647 147
74672: -668 -665 -648 156
74876: -695 -661 -321 132
74958: -704 -661 -322 142
74985: -704 -664 -565 142
75276: -12 -22 -244 164
75277: -12 -22 -245 173
75280: -12 -22 -248 200
75281: -12 -22 -249 209
75282: -12 -22 -250 218
75283: -12 -22 -251 227
75284: -12 -22 -252 236
75899: -84 -100 -12 181
75926: -84 -103 -255 181
75937: -84 -104 -338 199
75942: -84 -105 -415 163
75943: -84 -105 -416 172
75944: -84 -105 -417 181
75945: -84 -105 -418 190
75946: -84 -105 -419 199
75947: -84 -105 -420 208
75948: -84 -105 -421 217
75949: -84 -105 -422 226
75950: -84 -105 -423 235
75956: -84 -106 -501 208
75957: -84 -106 -502 217
75959: -84 -106 -504 235
75965: -84 -107 -582 208
75966: -84 -107 -583 217
75967: -84 -107 -584 226
75968: -84 -107 -585 235
75974: -84 -108 -663 208
75976: -84 -108 -665 226
76743: -174 -185 -343 164
76745: -174 -185 -345 182
76746: -174 -185 -346 191
76747: -174 -185 -347 200
76748: -174 -185 -348 209
76750: -174 -185 -350 227
76751: -174 -185 -351 236
76752: -174 -186 -424 164
76755: -174 -186 -427 191
76758: -174 -186 -430 218
76759: -174 -186 -431 227
76760: -174 -186 -432 236
76764: -174 -187 -508 191
76765: -174 -187 -509 200
76766: -174 -187 -510 209
76767: -174 -187 -511 218
76768: -174 -187 -512 227
76769: -174 -187 -513 236
76773: -174 -188 -589 191
76774: -174 -188 -590 200
76778: -174 -188 -594 236
76779: -174 -189 -667 164
76783: -174 -189 -671 200
76784: -174 -189 -672 209
76785: -174 -189 -673 218
76786: -174 -189 -674 227
76953: -201 -181 -22 194
76995: -201 -186 -424 167
77004: -201 -187 -505 167
77067: -210 -185 -343 168
77085: -210 -187 -505 168
77115: -219 -181 -22 196
77148: -219 -185 -343 169
77157: -219 -186 -424 169
77196: -228 -181 -22 197
77277: -237 -181 -22 198
77436: -255 -262 -28 164
77445: -255 -263 -109 164
77450: -255 -263 -114 209
77464: -255 -265 -272 173
77466: -255 -265 -274 191
77467: -255 -265 -275 200
77468: -255 -265 -276 209
77469: -255 -265 -277 218
77471: -255 -265 -279 236
77472: -255 -266 -352 164
77473: -255 -266 -353 173
77474: -255 -266 -354 182
77475: -255 -266 -355 191
77476: -255 -266 -356 200
77477: -255 -266 -357 209
77478: -255 -266 -358 218
77479: -255 -266 -359 227
77480: -255 -266 -360 236
77482: -255 -267 -434 173
77483: -255 -267 -435 182
77484: -255 -267 -436 191
77485: -255 -267 -437 200
77486: -255 -267 -438 209
77487: -255 -267 -439 218
77489: -255 -267 -441 236
77490: -255 -268 -514 164
77491: -255 -268 -515 173
77492: -255 -268 -516 182
77493: -255 -268 -517 191
77494: -255 -268 -518 200
77495: -255 -268 -519 209
77496: -255 -268 -520 218
77497: -255 -268 -521 227
77498: -255 -268 -522 236
77499: -255 -269 -595 164
77500: -255 -269 -596 173
77501: -255 -269 -597 182
77502: -255 -269 -598 191
77503: -255 -269 -599 200
77504: -255 -269 -600 209
77505: -255 -269 -601 218
77506: -255 -269 -602 227
77507: -255 -269 -603 236
77508: -255 -270 -676 164
77509: -255 -270 -677 173
77510: -255 -270 -678 182
77511: -255 -270 -679 191
77512: -255 -270 -680 200
77513: -255 -270 -681 209
77514: -255 -270 -682 218
77515: -255 -270 -683 227
77516: -255 -270 -684 236
78088: -327 -343 -41 199
78123: -327 -347 -364 190
78125: -327 -347 -366 208
78126: -327 -347 -367 217
78127: -327 -347 -368 226
78128: -327 -347 -369 235
78169: -336 -343 -41 200
78181: -336 -344 -125 227
78264: -345 -345 -199 165
78269: -345 -345 -204 210
78412: -363 -343 -41 203
78435: -363 -346 -280 167
78493: -372 -343 -41 204
78574: -381 -343 -41 205
78633: -381 -350 -604 169
78642: -381 -351 -685 169
78655: -390 -343 -41 206
78730: -390 -351 -692 233
78736: -399 -343 -41 207
78792: -399 -349 -529 225
78818: -408 -424 -51 208
78861: -408 -429 -454 190
78862: -408 -429 -455 199
78865: -408 -429 -458 226
78866: -408 -429 -459 235
78899: -417 -424 -51 209
78993: -426 -426 -208 165
79061: -435 -424 -51 211
79108: -435 -429 -458 229
79177: -444 -428 -374 203
79189: -444 -429 -458 230
79197: -444 -430 -538 221
79223: -453 -424 -51 213
79234: -453 -425 -134 231
79245: -453 -427 -289 168
79359: -462 -430 -538 223
79362: -462 -431 -613 169
79385: -471 -424 -51 215
79429: -471 -429 -455 206
79466: -480 -424 -51 216
79548: -489 -505 -61 217
79599: -489 -511 -544 190
79600: -489 -511 -545 199
79601: -489 -511 -546 208
79603: -489 -511 -548 226
79604: -489 -511 -549 235
79722: -507 -507 -217 165
79938: -525 -513 -703 167
79953: -534 -505 -61 222
79997: -534 -510 -465 213
80008: -534 -511 -548 231
80019: -534 -513 -703 168
80034: -543 -505 -61 223
80044: -543 -506 -143 232
80055: -543 -508 -298 169
80115: -552 -505 -61 224
80167: -552 -511 -545 206
80188: -552 -513 -710 233
80279: -570 -586 -72 235
80283: -570 -587 -148 190
80309: -570 -590 -390 181
80310: -570 -590 -391 190
80311: -570 -590 -392 199
80312: -570 -590 -393 208
80313: -570 -590 -394 217
80318: -570 -591 -471 181
80319: -570 -591 -472 190
80320: -570 -591 -473 199
80322: -570 -591 -475 217
80361: -579 -587 -145 164
80451: -588 -588 -226 165
80452: -588 -588 -227 174
80569: -597 -592 -551 175
80570: -597 -592 -552 184
80571: -597 -592 -553 193
80572: -597 -592 -554 202
80573: -597 -592 -555 211
80575: -597 -592 -557 229
80576: -597 -592 -558 238
80640: -606 -591 -469 167
80811: -624 -592 -550 169
80928: -642 -587 -145 171
81012: -651 -668 -157 190
81027: -651 -670 -316 163
81038: -651 -671 -399 181
81039: -651 -671 -400 190
81040: -651 -671 -401 199
81041: -651 -671 -402 208
81047: -651 -672 -480 181
81048: -651 -672 -481 190
81049: -651 -672 -482 199
81050: -651 -672 -483 208
81051: -651 -672 -484 217
81053: -651 -672 -486 235
81054: -651 -673 -559 163
81056: -651 -673 -561 181
81057: -651 -673 -562 190
81058: -651 -673 -563 199
81059: -651 -673 -564 208
81060: -651 -673 -565 217
81180: -669 -669 -235 165
81185: -669 -669 -240 210
81607: -714 -671 -401 206
81633: -714 -674 -643 197
81635: -714 -674 -645 215
81892: -22 -28 -2 255
82541: -94 -109 -12 263
82589: -94 -114 -420 290
82784: -121 -109 -12 266
82865: -130 -109 -12 267
82922: -130 -115 -501 294
82946: -139 -109 -12 268
82995: -139 -114 -421 304
83027: -148 -109 -12 269
83108: -157 -109 -12 270
83190: -166 -190 -22 271
83223: -166 -194 -343 244
83227: -166 -194 -347 280
83232: -166 -195 -424 244
83237: -166 -195 -429 289
83247: -166 -196 -511 298
83254: -166 -197 -590 280
83263: -166 -198 -671 280
83264: -166 -198 -672 289
83463: -193 -193 -268 301
83652: -211 -196 -511 303
83979: -247 -278 -595 244
83980: -247 -278 -596 253
83981: -247 -278 -597 262
83983: -247 -278 -599 280
83984: -247 -278 -600 289
83985: -247 -278 -601 298
83990: -247 -279 -678 262
83992: -247 -279 -680 280
83993: -247 -279 -681 289
83994: -247 -279 -682 298
83996: -247 -279 -684 316
84150: -265 -279 -676 246
84231: -274 -279 -676 247
84688: -328 -356 -368 307
84689: -328 -356 -369 316
84708: -328 -359 -604 244
84730: -337 -352 -41 281
84771: -337 -357 -442 245
84852: -346 -357 -442 246
84915: -355 -355 -280 247
84921: -355 -355 -286 301
84923: -355 -355 -288 319
84987: -364 -354 -199 248
85014: -364 -357 -442 248
85019: -364 -357 -447 293
85029: -364 -358 -529 302
85054: -373 -352 -41 285
85095: -373 -357 -442 249
85176: -382 -357 -442 250
85257: -391 -357 -442 251
85338: -400 -357 -442 252
85359: -400 -359 -607 279
85423: -409 -438 -455 280
85425: -409 -438 -457 298
85426: -409 -438 -458 307
85427: -409 -438 -459 316
85599: -427 -440 -613 246
85644: -436 -436 -289 247
85791: -454 -434 -130 276
85792: -454 -434 -131 285
85794: -454 -434 -133 303
85797: -454 -435 -208 249
85819: -454 -437 -374 285
85839: -454 -439 -538 303
85865: -463 -433 -51 295
85881: -463 -435 -211 277
86159: -490 -520 -543 262
86161: -490 -520 -545 280
86162: -490 -520 -546 289
86164: -490 -520 -548 307
86271: -508 -514 -61 300
86337: -508 -522 -703 246
86373: -517 -517 -298 247
86378: -517 -517 -303 292
86433: -526 -514 -61 302
86485: -526 -520 -545 284
86514: -535 -514 -61 303
86599: -544 -515 -137 259
86601: -544 -515 -139 277
86602: -544 -515 -140 286
86603: -544 -515 -141 295
86637: -544 -519 -463 277
86639: -544 -519 -465 295
86742: -553 -522 -703 251
86840: -571 -595 -72 316
86841: -571 -596 -145 244
86870: -571 -599 -390 262
86871: -571 -599 -391 271
86872: -571 -599 -392 280
86873: -571 -599 -393 289
86874: -571 -599 -394 298
86875: -571 -599 -395 307
86876: -571 -599 -396 316
86877: -571 -600 -469 244
86882: -571 -600 -474 289
86897: -571 -602 -633 262
86899: -571 -602 -635 280
86900: -571 -602 -636 289
86901: -571 -602 -637 298
86905: -571 -603 -713 253
86906: -571 -603 -714 262
86908: -571 -603 -716 280
86909: -571 -603 -717 289
86910: -571 -603 -718 298
86912: -571 -603 -720 316
86921: -580 -595 -72 317
87002: -589 -595 -72 318
87102: -598 -598 -307 247
87103: -598 -598 -308 256
87245: -616 -595 -72 321
87326: -625 -595 -72 322
87471: -634 -603 -712 251
87568: -652 -676 -80 307
87570: -652 -677 -154 244
87599: -652 -680 -399 262
87600: -652 -680 -400 271
87601: -652 -680 -401 280
87602: -652 -680 -402 289
87604: -652 -680 -404 307
87605: -652 -680 -405 316
87606: -652 -681 -478 244
87608: -652 -681 -480 262
87609: -652 -681 -481 271
87610: -652 -681 -482 280
87611: -652 -681 -483 289
87613: -652 -681 -485 307
87614: -652 -681 -486 316
87621: -652 -682 -565 298
87625: -652 -683 -641 253
87626: -652 -683 -642 262
87629: -652 -683 -645 289
87630: -652 -683 -646 298
87631: -652 -683 -647 307
87632: -652 -683 -648 316
87730: -670 -676 -80 309
87831: -679 -679 -316 247
87837: -679 -679 -322 301
87892: -688 -676 -80 311
88111: -706 -683 -641 259
88135: -715 -676 -80 314
88216: -724 -676 -80 315
88651: -41 -41 -326 338
88652: -41 -41 -327 347
88653: -41 -41 -328 356
88654: -41 -41 -329 365
88655: -41 -41 -330 374
88656: -41 -41 -331 383
88657: -41 -41 -332 392
88658: -41 -41 -333 401
89260: -104 -126 -665 390
89453: -131 -121 -255 348
89474: -131 -123 -420 375
89489: -131 -125 -579 348
89490: -131 -125 -580 357
89494: -131 -125 -584 393
89498: -131 -126 -660 348
89499: -131 -126 -661 357
89504: -131 -126 -666 402
89576: -140 -125 -585 403
89665: -149 -126 -665 395
89738: -158 -125 -585 405
89913: -185 -199 -22 354
89994: -194 -199 -22 355
90156: -212 -199 -22 357
90185: -212 -202 -267 375
90203: -212 -204 -429 375
90237: -221 -199 -22 358
90267: -221 -202 -268 385
90294: -221 -205 -511 385
90318: -230 -199 -22 359
90367: -230 -204 -431 395
90399: -239 -199 -22 360
90431: -239 -202 -270 405
90467: -239 -206 -594 405
90477: -248 -280 -28 325
90486: -248 -281 -109 325
90527: -248 -285 -438 370
90549: -248 -288 -676 325
90556: -248 -288 -683 388
90639: -266 -280 -28 327
90711: -266 -288 -676 327
90720: -275 -280 -28 328
90792: -275 -288 -676 328
90841: -284 -284 -356 365
90882: -293 -280 -28 330
90891: -293 -281 -109 330
90932: -293 -285 -438 375
90945: -293 -287 -595 330
90954: -293 -288 -676 330
90963: -302 -280 -28 331
90972: -302 -281 -109 331
91023: -302 -286 -520 385
91044: -311 -280 -28 332
91116: -311 -288 -676 332
91125: -320 -280 -28 333
91184: -320 -286 -519 378
91186: -320 -286 -521 396
91187: -320 -286 -522 405
91196: -320 -287 -603 405
91305: -338 -363 -199 326
91314: -338 -364 -280 326
91332: -338 -366 -442 326
91341: -338 -367 -523 326
91350: -338 -368 -604 326
91359: -338 -369 -685 326
91395: -347 -364 -280 327
91413: -347 -366 -442 327
91422: -347 -367 -523 327
91423: -347 -367 -524 336
91424: -347 -367 -525 345
91431: -347 -368 -604 327
91440: -347 -369 -685 327
91445: -347 -369 -690 372
91446: -347 -369 -691 381
91467: -356 -363 -199 328
91476: -356 -364 -280 328
91494: -356 -366 -442 328
91503: -356 -367 -523 328
91512: -356 -368 -604 328
91521: -356 -369 -685 328
91629: -374 -363 -199 330
91630: -374 -363 -200 339
91632: -374 -363 -202 357
91635: -374 -363 -205 384
91638: -374 -364 -280 330
91665: -374 -367 -523 330
91674: -374 -368 -604 330
91683: -374 -369 -685 330
91690: -374 -369 -692 393
91710: -383 -363 -199 331
91719: -383 -364 -280 331
91737: -383 -366 -442 331
91755: -383 -368 -604 331
91764: -383 -369 -685 331
91791: -392 -363 -199 332
91800: -392 -364 -280 332
91805: -392 -364 -285 377
91808: -392 -364 -288 404
91818: -392 -366 -442 332
91827: -392 -367 -523 332
91845: -392 -369 -685 332
91872: -401 -363 -199 333
91899: -401 -366 -442 333
91908: -401 -367 -523 333
91926: -401 -369 -685 333
91982: -410 -447 -453 343
91983: -410 -447 -454 352
91986: -410 -447 -457 379
91987: -410 -447 -458 388
91988: -410 -447 -459 397
92021: -419 -442 -51 371
92102: -428 -442 -51 372
92183: -437 -442 -51 373
92295: -446 -446 -370 329
92345: -455 -442 -51 375
92355: -455 -443 -133 384
92367: -455 -445 -289 330
92412: -455 -450 -694 330
92419: -455 -450 -701 393
92426: -464 -442 -51 376
92507: -473 -442 -51 377
92588: -482 -442 -51 378
92655: -482 -450 -694 333
92720: -491 -529 -543 343
92721: -491 -529 -544 352
92723: -491 -529 -546 370
92725: -491 -529 -548 388
92726: -491 -529 -549 397
92832: -509 -523 -61 381
92913: -518 -523 -61 382
93024: -527 -527 -379 329
93075: -536 -523 -61 384
93101: -536 -526 -303 375
93119: -536 -528 -465 375
93141: -536 -531 -703 330
93164: -545 -524 -141 376
93166: -545 -524 -143 394
93167: -545 -524 -144 403
93168: -545 -525 -217 331
93177: -545 -526 -298 331
93213: -545 -530 -622 331
93229: -545 -531 -710 394
93237: -554 -523 -61 386
93318: -563 -523 -61 387
93401: -572 -604 -72 397
93482: -581 -604 -72 398
93563: -590 -604 -72 399
93644: -599 -604 -72 400
93753: -608 -608 -388 329
93806: -617 -604 -72 402
93848: -617 -609 -474 375
93887: -626 -604 -72 403
93951: -626 -612 -712 331
93952: -626 -612 -713 340
93953: -626 -612 -714 349
93954: -626 -612 -715 358
93956: -626 -612 -717 376
93957: -626 -612 -718 385
93958: -626 -612 -719 394
93959: -626 -612 -720 403
93968: -635 -604 -72 404
94049: -644 -604 -72 405
94129: -653 -685 -80 388
94131: -653 -686 -154 325
94140: -653 -687 -235 325
94149: -653 -688 -316 325
94210: -662 -685 -80 389
94291: -671 -685 -80 390
94293: -671 -686 -154 327
94347: -671 -692 -640 327
94348: -671 -692 -641 336
94349: -671 -692 -642 345
94350: -671 -692 -643 354
94352: -671 -692 -645 372
94353: -671 -692 -646 381
94354: -671 -692 -647 390
94355: -671 -692 -648 399
94374: -680 -686 -154 328
94392: -680 -688 -316 328
94534: -698 -685 -80 393
94539: -698 -686 -157 357
94559: -698 -688 -321 375
94590: -698 -692 -640 330
94591: -698 -692 -641 339
94592: -698 -692 -642 348
94593: -698 -692 -643 357
94595: -698 -692 -645 375
94596: -698 -692 -646 384
94597: -698 -692 -647 393
94598: -698 -692 -648 402
94615: -707 -685 -80 394
94617: -707 -686 -154 331
94626: -707 -687 -235 331
94641: -707 -688 -322 385
94668: -707 -691 -565 385
94672: -707 -692 -641 340
94673: -707 -692 -642 349
94674: -707 -692 -643 358
94676: -707 -692 -645 376
94677: -707 -692 -646 385
94678: -707 -692 -647 394
94679: -707 -692 -648 403
94696: -716 -685 -80 395
95302: -51 -51 -407 420
95303: -51 -51 -408 429
95304: -51 -51 -409 438
95305: -51 -51 -410 447
95306: -51 -51 -411 456
95307: -51 -51 -412 465
95308: -51 -51 -413 474
95309: -51 -51 -414 483
95978: -123 -135 -660 428
95979: -123 -135 -661 437
95982: -123 -135 -664 464
95984: -123 -135 -666 482
96131: -141 -134 -579 430
96132: -141 -134 -580 439
96136: -141 -134 -584 475
96137: -141 -134 -585 484
96140: -141 -135 -660 430
96141: -141 -135 -661 439
96142: -141 -135 -662 448
96146: -141 -135 -666 484
96226: -150 -135 -665 476
96299: -159 -134 -585 486
96474: -186 -208 -22 435
96555: -195 -208 -22 436
96636: -204 -208 -22 437
96673: -204 -212 -347 446
96712: -204 -216 -674 473
96759: -213 -213 -424 411
96798: -222 -208 -22 439
96812: -222 -209 -108 484
96879: -231 -208 -22 440
96931: -231 -214 -506 422
96933: -231 -214 -508 440
96937: -231 -214 -512 476
96938: -231 -214 -513 485
96943: -231 -215 -590 449
96955: -231 -216 -674 476
97012: -240 -214 -506 423
97013: -240 -214 -507 432
97014: -240 -214 -508 441
97018: -240 -214 -512 477
97019: -240 -214 -513 486
97028: -240 -215 -594 486
97038: -249 -289 -28 406
97109: -249 -296 -603 478
97110: -249 -297 -676 406
97200: -267 -289 -28 408
97241: -267 -293 -357 453
97281: -276 -289 -28 409
97362: -285 -289 -28 410
97371: -285 -290 -109 410
97402: -285 -293 -356 446
97425: -285 -296 -595 410
97434: -285 -297 -676 410
97493: -294 -294 -438 456
97524: -303 -289 -28 412
97533: -303 -290 -109 412
97559: -303 -292 -279 484
97565: -303 -293 -357 457
97584: -303 -295 -520 466
97587: -303 -296 -595 412
97596: -303 -297 -676 412
97605: -312 -289 -28 413
97648: -312 -293 -359 476
97649: -312 -293 -360 485
97677: -312 -297 -676 413
97684: -312 -297 -683 476
97686: -321 -289 -28 414
97700: -321 -290 -114 459
97727: -321 -293 -357 459
97771: -330 -370 -41 442
97805: -330 -374 -363 424
97806: -330 -374 -364 433
97809: -330 -374 -367 460
97810: -330 -374 -368 469
97811: -330 -374 -369 478
97852: -339 -370 -41 443
97933: -348 -370 -41 444
98014: -357 -370 -41 445
98095: -366 -370 -41 446
98107: -366 -371 -125 473
98108: -366 -371 -126 482
98109: -366 -372 -199 410
98118: -366 -373 -280 410
98132: -366 -374 -366 455
98154: -366 -377 -604 410
98163: -366 -378 -685 410
98170: -366 -378 -692 473
98222: -375 -375 -447 456
98257: -384 -370 -41 448
98291: -384 -374 -363 430
98292: -384 -374 -364 439
98296: -384 -374 -368 475
98313: -384 -376 -529 466
98325: -384 -378 -685 412
98338: -393 -370 -41 449
98419: -402 -370 -41 450
98438: -402 -372 -204 459
98447: -402 -373 -285 459
98486: -402 -377 -612 486
98595: -420 -453 -208 407
98604: -420 -454 -289 407
98613: -420 -455 -370 407
98631: -420 -457 -532 407
98640: -420 -458 -613 407
98643: -420 -458 -616 434
98644: -420 -458 -617 443
98649: -420 -459 -694 407
98650: -420 -459 -695 416
98651: -420 -459 -696 425
98652: -420 -459 -697 434
98653: -420 -459 -698 443
98655: -420 -459 -700 461
98656: -420 -459 -701 470
98685: -429 -454 -289 408
98694: -429 -455 -370 408
98712: -429 -457 -532 408
98721: -429 -458 -613 408
98722: -429 -458 -614 417
98730: -429 -459 -694 408
98734: -429 -459 -698 444
98736: -429 -459 -700 462
98757: -438 -453 -208 409
98775: -438 -455 -370 409
98793: -438 -457 -532 409
98797: -438 -457 -536 445
98799: -438 -457 -538 463
98802: -438 -458 -613 409
98811: -438 -459 -694 409
98812: -438 -459 -695 418
98838: -447 -453 -208 410
98839: -447 -453 -209 419
98841: -447 -453 -211 437
98844: -447 -453 -214 464
98847: -447 -454 -289 410
98874: -447 -457 -532 410
98876: -447 -457 -534 428
98877: -447 -457 -535 437
98883: -447 -458 -613 410
98887: -447 -458 -617 446
98892: -447 -459 -694 410
98899: -447 -459 -701 473
99000: -465 -453 -208 412
99001: -465 -453 -209 421
99009: -465 -454 -289 412
99018: -465 -455 -370 412
99045: -465 -458 -613 412
99054: -465 -459 -694 412
99081: -474 -453 -208 413
99090: -474 -454 -289 413
99098: -474 -454 -297 485
99099: -474 -455 -370 413
99102: -474 -455 -373 440
99117: -474 -457 -532 413
99125: -474 -457 -540 485
99135: -474 -459 -694 413
99162: -483 -453 -208 414
99171: -483 -454 -289 414
99172: -483 -454 -290 423
99175: -483 -454 -293 450
99177: -483 -454 -295 468
99179: -483 -454 -297 486
99180: -483 -455 -370 414
99183: -483 -455 -373 441
99186: -483 -455 -376 468
99188: -483 -455 -378 486
99198: -483 -457 -532 414
99201: -483 -457 -535 441
99202: -483 -457 -536 450
99205: -483 -457 -539 477
99206: -483 -457 -540 486
99231: -492 -532 -61 460
99282: -492 -538 -544 433
99283: -492 -538 -545 442
99286: -492 -538 -548 469
99287: -492 -538 -549 478
99312: -501 -532 -61 461
99393: -510 -532 -61 462
99474: -519 -532 -61 463
99555: -528 -532 -61 464
99580: -528 -535 -302 446
99589: -528 -536 -383 446
99621: -528 -540 -703 410
99738: -546 -535 -298 412
99743: -546 -535 -303 457
99745: -546 -535 -305 475
99783: -546 -540 -703 412
99790: -546 -540 -710 475
99798: -555 -532 -61 467
99879: -564 -532 -61 468
99889: -564 -533 -143 477
99962: -573 -613 -72 478
100043: -582 -613 -72 479
100073: -582 -617 -390 425
100074: -582 -617 -391 434
100124: -591 -613 -72 480
100205: -600 -613 -72 481
100286: -609 -613 -72 482
100287: -609 -614 -145 410
100296: -609 -615 -226 410
100309: -609 -616 -311 446
100318: -609 -617 -392 446
100334: -609 -619 -552 428
100335: -609 -619 -553 437
100350: -609 -621 -712 410
100351: -609 -621 -713 419
100352: -609 -621 -714 428
100353: -609 -621 -715 437
100354: -609 -621 -716 446
100356: -609 -621 -718 464
100357: -609 -621 -719 473
100358: -609 -621 -720 482
100479: -627 -617 -391 439
100500: -627 -619 -556 466
100513: -627 -621 -713 421
100514: -627 -621 -714 430
100515: -627 -621 -715 439
100518: -627 -621 -718 466
100519: -627 -621 -719 475
100520: -627 -621 -720 484
100690: -654 -694 -80 469
100692: -654 -695 -154 406
100701: -654 -696 -235 406
100771: -663 -694 -80 470
100852: -672 -694 -80 471
100854: -672 -695 -154 408
100884: -672 -698 -400 435
100888: -672 -698 -404 471
100933: -681 -694 -80 472
101014: -690 -694 -80 473
101038: -690 -697 -320 446
101047: -690 -698 -401 446
101070: -690 -701 -640 410
101071: -690 -701 -641 419
101072: -690 -701 -642 428
101073: -690 -701 -643 437
101074: -690 -701 -644 446
101076: -690 -701 -646 464
101077: -690 -701 -647 473
101078: -690 -701 -648 482
101176: -708 -694 -80 475
101181: -708 -695 -157 439
101202: -708 -697 -322 466
101232: -708 -701 -640 412
101233: -708 -701 -641 421
101234: -708 -701 -642 430
101235: -708 -701 -643 439
101236: -708 -701 -644 448
101238: -708 -701 -646 466
101239: -708 -701 -647 475
101240: -708 -701 -648 484
101257: -717 -694 -80 476
101953: -61 -61 -488 502
101954: -61 -61 -489 511
101955: -61 -61 -490 520
101956: -61 -61 -491 529
101957: -61 -61 -492 538
101958: -61 -61 -493 547
101959: -61 -61 -494 556
101960: -61 -61 -495 565
102560: -133 -137 -96 537
102563: -133 -137 -99 564
102617: -133 -143 -585 564
102787: -151 -144 -665 557
102860: -160 -143 -585 567
103035: -187 -217 -22 516
103116: -196 -217 -22 517
103197: -205 -217 -22 518
103204: -205 -218 -101 500
103208: -205 -218 -105 536
103210: -205 -218 -107 554
103211: -205 -218 -108 563
103225: -205 -220 -266 527
103229: -205 -220 -270 563
103234: -205 -221 -347 527
103278: -214 -217 -22 519
103305: -214 -220 -265 519
103306: -214 -220 -266 528
103307: -214 -220 -267 537
103309: -214 -220 -269 555
103311: -214 -221 -343 492
103320: -214 -222 -424 492
103325: -214 -222 -429 537
103487: -232 -222 -429 539
103516: -232 -225 -674 557
103558: -241 -221 -347 531
103568: -241 -222 -429 540
103589: -241 -224 -594 567
103599: -250 -298 -28 487
103608: -250 -299 -109 487
103636: -250 -302 -353 496
103637: -250 -302 -354 505
103639: -250 -302 -356 523
103640: -250 -302 -357 532
103645: -250 -303 -434 496
103646: -250 -303 -435 505
103648: -250 -303 -437 523
103649: -250 -303 -438 532
103671: -250 -306 -676 487
103761: -268 -298 -28 489
103842: -277 -298 -28 490
103923: -286 -298 -28 491
103932: -286 -299 -109 491
103963: -286 -302 -356 527
103995: -286 -306 -676 491
104004: -295 -298 -28 492
104013: -295 -299 -109 492
104054: -295 -303 -438 537
104083: -295 -306 -683 555
104166: -313 -298 -28 494
104206: -313 -302 -356 530
104238: -313 -306 -676 494
104247: -322 -298 -28 495
104287: -322 -302 -356 531
104318: -322 -305 -603 567
104366: -331 -383 -363 505
104371: -331 -383 -368 550
104372: -331 -383 -369 559
104413: -340 -379 -41 524
104494: -349 -379 -41 525
104575: -358 -379 -41 526
104671: -367 -381 -200 500
104676: -367 -381 -205 545
104677: -367 -381 -206 554
104678: -367 -381 -207 563
104679: -367 -382 -280 491
104723: -367 -386 -612 563
104737: -376 -379 -41 528
104776: -376 -383 -368 555
104777: -376 -383 -369 564
104783: -376 -384 -447 537
104899: -394 -379 -41 530
104974: -394 -387 -692 557
104980: -403 -379 -41 531
105104: -412 -465 -453 505
105105: -412 -465 -454 514
105106: -412 -465 -455 523
105109: -412 -465 -458 550
105110: -412 -465 -459 559
105224: -430 -460 -51 534
105305: -439 -460 -51 535
105320: -439 -462 -210 508
105322: -439 -462 -212 526
105386: -448 -460 -51 536
105421: -448 -464 -374 527
105444: -448 -467 -613 491
105474: -457 -461 -130 519
105475: -457 -461 -131 528
105477: -457 -461 -133 546
105478: -457 -461 -134 555
105479: -457 -461 -135 564
105480: -457 -462 -208 492
105489: -457 -463 -289 492
105504: -457 -464 -376 546
105513: -457 -465 -457 546
105516: -457 -466 -532 492
105525: -457 -467 -613 492
105534: -457 -468 -694 492
105541: -457 -468 -701 555
105603: -466 -466 -538 547
105629: -475 -460 -51 539
105673: -475 -465 -455 530
105703: -475 -468 -701 557
105710: -484 -460 -51 540
105754: -484 -465 -455 531
105885: -502 -543 -217 488
105894: -502 -544 -298 488
105903: -502 -545 -379 488
105912: -502 -546 -460 488
105930: -502 -548 -622 488
105939: -502 -549 -703 488
105944: -502 -549 -708 533
105946: -502 -549 -710 551
105975: -511 -544 -298 489
105984: -511 -545 -379 489
105993: -511 -546 -460 489
106011: -511 -548 -622 489
106020: -511 -549 -703 489
106047: -520 -543 -217 490
106065: -520 -545 -379 490
106074: -520 -546 -460 490
106075: -520 -546 -461 499
106076: -520 -546 -462 508
106079: -520 -546 -465 535
106081: -520 -546 -467 553
106082: -520 -546 -468 562
106092: -520 -548 -622 490
106097: -520 -548 -627 535
106101: -520 -549 -703 490
106128: -529 -543 -217 491
106129: -529 -543 -218 500
106131: -529 -543 -220 518
106132: -529 -543 -221 527
106135: -529 -543 -224 554
106137: -529 -544 -298 491
106155: -529 -546 -460 491
106157: -529 -546 -462 509
106158: -529 -546 -463 518
106163: -529 -546 -468 563
106173: -529 -548 -622 491
106182: -529 -549 -703 491
106185: -529 -549 -706 518
106189: -529 -549 -710 554
106213: -538 -543 -221 528
106218: -538 -544 -298 492
106227: -538 -545 -379 492
106254: -538 -548 -622 492
106255: -538 -548 -623 501
106257: -538 -548 -625 519
106262: -538 -548 -630 564
106263: -538 -549 -703 492
106270: -538 -549 -710 555
106371: -556 -543 -217 494
106380: -556 -544 -298 494
106381: -556 -544 -299 503
106385: -556 -544 -303 539
106388: -556 -544 -306 566
106389: -556 -545 -379 494
106398: -556 -546 -460 494
106406: -556 -546 -468 566
106461: -565 -544 -298 495
106462: -565 -544 -299 504
106465: -565 -544 -302 531
106466: -565 -544 -303 540
106468: -565 -544 -305 558
106470: -565 -545 -379 495
106471: -565 -545 -380 504
106472: -565 -545 -381 513
106475: -565 -545 -384 540
106477: -565 -545 -386 558
106479: -565 -546 -460 495
106480: -565 -546 -461 504
106482: -565 -546 -463 522
106483: -565 -546 -464 531
106484: -565 -546 -465 540
106486: -565 -546 -467 558
106523: -574 -622 -72 559
106604: -583 -622 -72 560
106685: -592 -622 -72 561
106686: -592 -623 -145 489
106715: -592 -626 -390 507
106749: -592 -630 -712 489
106750: -592 -630 -713 498
106751: -592 -630 -714 507
106752: -592 -630 -715 516
106753: -592 -630 -716 525
106754: -592 -630 -717 534
106756: -592 -630 -719 552
106757: -592 -630 -720 561
106766: -601 -622 -72 562
106847: -610 -622 -72 563
106912: -610 -630 -713 500
106913: -610 -630 -714 509
106915: -610 -630 -716 527
106919: -610 -630 -720 563
106928: -619 -622 -72 564
106992: -619 -630 -712 492
106993: -619 -630 -713 501
106994: -619 -630 -714 510
106995: -619 -630 -715 519
106996: -619 -630 -716 528
106997: -619 -630 -717 537
106999: -619 -630 -719 555
107000: -619 -630 -720 564
107171: -646 -622 -72 567
107251: -655 -703 -80 550
107276: -655 -706 -321 532
107309: -655 -710 -642 505
107312: -655 -710 -645 532
107315: -655 -710 -648 559
107332: -664 -703 -80 551
107413: -673 -703 -80 552
107415: -673 -704 -154 489
107494: -682 -703 -80 553
107575: -691 -703 -80 554
107656: -700 -703 -80 555
107681: -700 -706 -321 537
107712: -700 -710 -640 492
107713: -700 -710 -641 501
107714: -700 -710 -642 510
107715: -700 -710 -643 519
107716: -700 -710 -644 528
107717: -700 -710 -645 537
107719: -700 -710 -647 555
107720: -700 -710 -648 564
107818: -718 -703 -80 557
107899: -727 -703 -80 558
108694: -80 -72 -650 585
108695: -80 -72 -651 594
108696: -80 -72 -652 603
108697: -80 -72 -653 612
108698: -80 -72 -654 621
108699: -80 -72 -655 630
108700: -80 -72 -656 639
108701: -80 -72 -657 648
108785: -98 -145 -12 587
108812: -98 -148 -255 587
108866: -107 -145 -12 588
108893: -107 -148 -255 588
108947: -116 -145 -12 589
109028: -125 -145 -12 590
109055: -125 -148 -255 590
109109: -134 -145 -12 591
109158: -134 -150 -421 627
109190: -143 -145 -12 592
109247: -143 -151 -501 619
109352: -161 -145 -12 594
109379: -161 -148 -255 594
109434: -170 -226 -22 595
109441: -170 -227 -101 577
109443: -170 -227 -103 595
109444: -170 -227 -104 604
109445: -170 -227 -105 613
109446: -170 -227 -106 622
109447: -170 -227 -107 631
109448: -170 -227 -108 640
109467: -170 -230 -343 568
109468: -170 -230 -344 577
109474: -170 -230 -350 631
109475: -170 -230 -351 640
109476: -170 -231 -424 568
109477: -170 -231 -425 577
109480: -170 -231 -428 604
109483: -170 -231 -431 631
109484: -170 -231 -432 640
109485: -170 -232 -505 568
109486: -170 -232 -506 577
109489: -170 -232 -509 604
109492: -170 -232 -512 631
109493: -170 -232 -513 640
109515: -179 -226 -22 596
109522: -179 -227 -101 578
109525: -179 -227 -104 605
109526: -179 -227 -105 614
109527: -179 -227 -106 623
109528: -179 -227 -107 632
109548: -179 -230 -343 569
109557: -179 -231 -424 569
109562: -179 -231 -429 614
109566: -179 -232 -505 569
109596: -188 -226 -22 597
109677: -197 -226 -22 598
109805: -206 -231 -429 617
109831: -206 -234 -671 608
109839: -215 -226 -22 600
110082: -242 -226 -22 603
110160: -251 -307 -28 568
110196: -251 -311 -352 568
110197: -251 -311 -353 577
110198: -251 -311 -354 586
110199: -251 -311 -355 595
110201: -251 -311 -357 613
110202: -251 -311 -358 622
110204: -251 -311 -360 640
110206: -251 -312 -434 577
110207: -251 -312 -435 586
110208: -251 -312 -436 595
110210: -251 -312 -438 613
110211: -251 -312 -439 622
110212: -251 -312 -440 631
110213: -251 -312 -441 640
110220: -251 -313 -520 622
110232: -251 -315 -676 568
110322: -269 -307 -28 570
110331: -269 -308 -109 570
110382: -269 -313 -520 624
110403: -278 -307 -28 571
110484: -287 -307 -28 572
110520: -287 -311 -352 572
110533: -287 -312 -437 608
110565: -296 -307 -28 573
110637: -296 -315 -676 573
110646: -305 -307 -28 574
110688: -305 -311 -358 628
110706: -305 -313 -520 628
110727: -314 -307 -28 575
110790: -314 -314 -595 575
110808: -323 -307 -28 576
110893: -332 -388 -41 604
110907: -332 -390 -199 568
110927: -332 -392 -363 586
110928: -332 -392 -364 595
110930: -332 -392 -366 613
110931: -332 -392 -367 622
110933: -332 -392 -369 640
111136: -359 -388 -41 607
111217: -368 -388 -41 608
111263: -368 -393 -447 617
111273: -368 -394 -529 626
111285: -368 -396 -685 572
111336: -377 -392 -367 627
111519: -395 -395 -604 575
111527: -395 -395 -612 647
111556: -404 -390 -200 585
111560: -404 -390 -204 621
111561: -404 -390 -205 630
111563: -404 -390 -207 648
111623: -413 -469 -51 613
111636: -413 -471 -208 568
111665: -413 -474 -453 586
111666: -413 -474 -454 595
111667: -413 -474 -455 604
111669: -413 -474 -457 622
111671: -413 -474 -459 640
111866: -440 -469 -51 616
111933: -440 -477 -694 571
111947: -449 -469 -51 617
112050: -458 -472 -289 573
112063: -458 -473 -374 609
112095: -458 -477 -694 573
112109: -467 -469 -51 619
112248: -476 -476 -613 575
112285: -485 -471 -209 585
112288: -485 -471 -212 612
112292: -485 -471 -216 648
112338: -485 -477 -694 576
112404: -494 -556 -544 595
112405: -494 -556 -545 604
112406: -494 -556 -546 613
112596: -521 -550 -61 625
112873: -548 -554 -383 610
112905: -548 -558 -703 574
112906: -548 -558 -704 583
112977: -557 -557 -622 575
113014: -566 -552 -218 585
113021: -566 -552 -225 648
113392: -602 -639 -713 580
113393: -602 -639 -714 589
113395: -602 -639 -716 607
113396: -602 -639 -717 616
113397: -602 -639 -718 625
113490: -620 -632 -145 573
113499: -620 -633 -226 573
113893: -665 -712 -80 632
113898: -665 -713 -157 596
113904: -665 -714 -235 569
113917: -665 -715 -320 605
113918: -665 -715 -321 614
113919: -665 -715 -322 623
113926: -665 -716 -401 605
113936: -665 -717 -483 614
113974: -674 -712 -80 633
113985: -674 -714 -235 570
114055: -683 -712 -80 634
114058: -683 -713 -155 580
114060: -683 -713 -157 598
114061: -683 -713 -158 607
114062: -683 -713 -159 616
114063: -683 -713 -160 625
114065: -683 -713 -162 643
114085: -683 -716 -398 580
114087: -683 -716 -400 598
114091: -683 -716 -404 634
114096: -683 -717 -481 598
114100: -683 -717 -485 634
114108: -683 -718 -565 625
114136: -692 -712 -80 635
114217: -701 -712 -80 636
114298: -710 -712 -80 637
114436: -719 -719 -641 584
114437: -719 -719 -642 593
114438: -719 -719 -643 602
114439: -719 -719 -644 611
114440: -719 -719 -645 620
114441: -719 -719 -646 629
115165: -72 -80 -569 665
115166: -72 -80 -570 674
115167: -72 -80 -571 683
115168: -72 -80 -572 692
115169: -72 -80 -573 701
115170: -72 -80 -574 710
115171: -72 -80 -575 719
115172: -72 -80 -576 728
115346: -99 -154 -12 668
115373: -99 -157 -255 668
115427: -108 -154 -12 669
115454: -108 -157 -255 669
115508: -117 -154 -12 670
115589: -126 -154 -12 671
115616: -126 -157 -255 671
115670: -135 -154 -12 672
115697: -135 -157 -255 672
115751: -144 -154 -12 673
115778: -144 -157 -255 673
115832: -153 -154 -12 674
115859: -153 -157 -255 674
115990: -162 -162 -665 720
115995: -171 -235 -22 676
116002: -171 -236 -101 658
116004: -171 -236 -103 676
116006: -171 -236 -105 694
116008: -171 -236 -107 712
116009: -171 -236 -108 721
116028: -171 -239 -343 649
116037: -171 -240 -424 649
116038: -171 -240 -425 658
116039: -171 -240 -426 667
116040: -171 -240 -427 676
116041: -171 -240 -428 685
116043: -171 -240 -430 703
116044: -171 -240 -431 712
116045: -171 -240 -432 721
116046: -171 -241 -505 649
116052: -171 -241 -511 703
116076: -180 -235 -22 677
116109: -180 -239 -343 650
116118: -180 -240 -424 650
116127: -180 -241 -505 650
116238: -198 -235 -22 679
116280: -198 -240 -424 652
116319: -207 -235 -22 680
116361: -207 -240 -424 653
116366: -207 -240 -429 698
116400: -216 -235 -22 681
116442: -216 -240 -424 654
116523: -225 -240 -424 655
116562: -234 -235 -22 683
116721: -252 -316 -28 649
116763: -252 -320 -358 703
116766: -252 -321 -433 649
116767: -252 -321 -434 658
116768: -252 -321 -435 667
116769: -252 -321 -436 676
116770: -252 -321 -437 685
116772: -252 -321 -439 703
116773: -252 -321 -440 712
116774: -252 -321 -441 721
116776: -252 -322 -515 658
116777: -252 -322 -516 667
116778: -252 -322 -517 676
116779: -252 -322 -518 685
116780: -252 -322 -519 694
116781: -252 -322 -520 703
116782: -252 -322 -521 712
116783: -252 -322 -522 721
116784: -252 -323 -595 649
116883: -270 -316 -28 651
116892: -270 -317 -109 651
116928: -270 -321 -433 651
116964: -279 -316 -28 652
117045: -288 -316 -28 653
117100: -288 -322 -515 662
117101: -288 -322 -516 671
117103: -288 -322 -518 689
117104: -288 -322 -519 698
117106: -288 -322 -521 716
117126: -297 -316 -28 654
117207: -306 -316 -28 655
117253: -306 -321 -434 664
117254: -306 -321 -435 673
117258: -306 -321 -439 709
117259: -306 -321 -440 718
117267: -306 -322 -520 709
117288: -315 -316 -28 656
117369: -324 -316 -28 657
117441: -324 -324 -676 657
117454: -333 -397 -41 685
117489: -333 -401 -364 676
117491: -333 -401 -366 694
117492: -333 -401 -367 703
117697: -360 -397 -41 688
117794: -369 -399 -201 671
117798: -369 -399 -205 707
117799: -369 -399 -206 716
117819: -369 -402 -442 653
117824: -369 -402 -447 698
117828: -369 -403 -523 653
117834: -369 -403 -529 707
117837: -369 -404 -604 653
118170: -405 -405 -685 657
118177: -405 -405 -692 720
118228: -414 -483 -455 685
118230: -414 -483 -457 703
118589: -459 -478 -51 699
118624: -459 -482 -374 690
118644: -459 -484 -538 708
118647: -459 -485 -613 654
118765: -477 -480 -209 665
118768: -477 -480 -212 692
118771: -477 -480 -215 719
118773: -477 -481 -289 656
118899: -486 -486 -694 657
118914: -495 -559 -61 703
118964: -495 -565 -543 667
118965: -495 -565 -544 676
118966: -495 -565 -545 685
118967: -495 -565 -546 694
119238: -531 -559 -61 707
119400: -549 -559 -61 709
119434: -549 -563 -383 691
119444: -549 -564 -465 700
119457: -549 -566 -622 655
119628: -567 -567 -703 657
119726: -585 -640 -72 722
119768: -585 -645 -474 695
119807: -594 -640 -72 723
119859: -594 -646 -556 705
119888: -603 -640 -72 724
119899: -603 -642 -227 661
119900: -603 -642 -228 670
119901: -603 -642 -229 679
119902: -603 -642 -230 688
119903: -603 -642 -231 697
119904: -603 -642 -232 706
119920: -603 -644 -392 688
119969: -612 -640 -72 725
120050: -621 -640 -72 726
120061: -621 -642 -227 663
120082: -621 -644 -392 690
120131: -630 -640 -72 727
120133: -630 -641 -146 664
120135: -630 -641 -148 682
120136: -630 -641 -149 691
120137: -630 -641 -150 700
120138: -630 -641 -151 709
120139: -630 -641 -152 718
120142: -630 -642 -227 664
120143: -630 -642 -228 673
120144: -630 -642 -229 682
120145: -630 -642 -230 691
120146: -630 -642 -231 700
120147: -630 -642 -232 709
120154: -630 -643 -311 691
120163: -630 -644 -392 691
120358: -648 -648 -713 666
120359: -648 -648 -714 675
120360: -648 -648 -715 684
120361: -648 -648 -716 693
120362: -648 -648 -717 702
120363: -648 -648 -718 711
120378: -657 -722 -157 676
120391: -657 -723 -242 712
120699: -693 -722 -154 653
120708: -693 -723 -235 653
120861: -711 -722 -154 655
121132: -2 -11
121133: -2 -20
121136: -2 -47
121137: -2 -56
121138: -2 -65
121139: -2 -74
121177: -12 -21
121178: -12 -30
121179: -12 -39
121180: -12 -48
121181: -12 -57
121182: -12 -66
121183: -12 -75
121221: -22 -31
121222: -22 -40
121223: -22 -49
121224: -22 -58
121225: -22 -67
121226: -22 -76
121269: -41 -50
121270: -41 -59
121271: -41 -68
121272: -41 -77
121310: -51 -60
121311: -51 -69
121312: -51 -78
121350: -61 -70
121351: -61 -79
121390: 8 17 26 35 44 53 62 71 80
121426: -72 -81
121452: -109 -145
121453: -109 -154
121463: -145 -154
121464: 82 91 100 109 118 127 136 145 154
121477: -92 -137
121481: -101 -119
121483: -101 -137
121494: -119 -155
121502: -84 -93
121503: -84 -102
121504: -84 -111
121505: -84 -120
121506: -84 -129
121507: -84 -138
121508: -84 -147
121509: -84 -156
121568: -121 -157
121569: -130 -139
121571: -130 -157
121573: -139 -157
121574: -148 -157
121575: 85 94 103 112 121 130 139 148 157
121587: -95 -131
121593: -104 -131
121595: -104 -149
121596: -104 -158
121608: -131 -158
121641: -123 -150
121646: -141 -150
121647: -141 -159
121649: 87 96 105 114 123 132 141 150 159
121667: -106 -133
121670: -106 -160
121678: -124 -151
121681: -133 -151
121682: -133 -160
121686: 88 97 106 115 124 133 142 151 160
121723: 89 98 107 116 125 134 143 152 161
121760: 90 99 108 117 126 135 144 153 162
121777: -181 -199
121778: -181 -208
121779: -181 -217
121780: -181 -226
121781: -181 -235
121782: -190 -199
121783: -190 -208
121784: -190 -217
121785: -190 -226
121786: -190 -235
121787: -199 -208
121788: -199 -217
121789: -199 -226
121790: -199 -235
121791: -208 -217
121792: -208 -226
121793: -208 -235
121794: -217 -226
121795: -217 -235
121796: -226 -235
121797: 163 172 181 190 199 208 217 226 235
121814: -182 -200
121815: -182 -209
121816: -182 -218
121817: -182 -227
121818: -182 -236
121819: -191 -200
121820: -191 -209
121821: -191 -218
121822: -191 -227
121823: -191 -236
121824: -200 -209
121825: -200 -218
121826: -200 -227
121827: -200 -236
121828: -209 -218
121829: -209 -227
121830: -209 -236
121831: -218 -227
121832: -218 -236
121833: -227 -236
121834: 164 173 182 191 200 209 218 227 236
121843: -174 -183
121844: -174 -192
121845: -174 -201
121846: -174 -210
121847: -174 -219
121848: -174 -228
121849: -174 -237
121851: -183 -201
121852: -183 -210
121853: -183 -219
121871: 165 174 183 192 201 210 219 228 237
121873: -166 -184
121875: -166 -202
121876: -166 -211
121877: -166 -220
121878: -166 -229
121879: -166 -238
121908: 166 175 184 193 202 211 220 229 238
121909: -167 -176
121924: -185 -194
121926: -185 -212
121927: -185 -221
121929: -185 -239
121935: -203 -212
121938: -203 -239
121940: -212 -230
121945: 167 176 185 194 203 212 221 230 239
121946: -168 -177
121962: -186 -204
121964: -186 -222
121965: -186 -231
121966: -186 -240
121969: -195 -222
121973: -204 -222
121974: -204 -231
121975: -204 -240
121982: 168 177 186 195 204 213 222 231 240
121983: -169 -178
121999: -187 -205
122000: -187 -214
122002: -187 -232
122003: -187 -241
122009: -205 -214
122017: -223 -241
122019: 169 178 187 196 205 214 223 232 241
122020: -170 -179
122021: -170 -188
122022: -170 -197
122023: -170 -206
122024: -170 -215
122025: -170 -224
122026: -170 -233
122027: -170 -242
122028: -179 -188
122030: -179 -206
122031: -179 -215
122032: -179 -224
122033: -179 -233
122034: -179 -242
122056: 170 179 188 197 206 215 224 233 242
122058: -171 -189
122060: -171 -207
122061: -171 -216
122062: -171 -225
122063: -171 -234
122065: -180 -189
122066: -180 -198
122067: -180 -207
122068: -180 -216
122069: -180 -225
122070: -180 -234
122071: -180 -243
122093: 171 180 189 198 207 216 225 234 243
122120: -280 -289
122121: -280 -298
122122: -280 -307
122123: -280 -316
122124: -289 -298
122125: -289 -307
122126: -289 -316
122127: -298 -307
122128: -298 -316
122129: -307 -316
122130: 244 253 262 271 280 289 298 307 316
122148: -263 -290
122159: -281 -308
122162: -290 -308
122163: -290 -317
122167: 245 254 263 272 281 290 299 308 317
122168: -246 -255
122176: -255 -264
122177: -255 -273
122178: -255 -282
122179: -255 -291
122180: -255 -300
122181: -255 -309
122182: -255 -318
122206: -247 -265
122207: -247 -274
122212: -247 -319
122220: -265 -274
122241: 247 256 265 274 283 292 301 310 319
122243: -248 -266
122244: -248 -275
122246: -248 -293
122247: -248 -302
122248: -248 -311
122249: -248 -320
122259: -266 -293
122261: -266 -311
122264: -275 -293
122277: -311 -320
122278: 248 257 266 275 284 293 302 311 320
122282: -249 -285
122284: -249 -303
122285: -249 -312
122286: -249 -321
122299: -267 -321
122304: -276 -321
122307: -285 -312
122312: -303 -312
122314: -312 -321
122315: 249 258 267 276 285 294 303 312 321
122319: -250 -286
122320: -250 -295
122322: -250 -313
122323: -250 -322
122348: -295 -322
122351: -313 -322
122352: 250 259 268 277 286 295 304 313 322
122354: -251 -269
122355: -251 -278
122356: -251 -287
122357: -251 -296
122358: -251 -305
122359: -251 -314
122369: -269 -287
122370: -269 -296
122371: -269 -305
122389: 251 260 269 278 287 296 305 314 323
122391: -252 -270
122392: -252 -279
122395: -252 -306
122397: -252 -324
122405: -270 -279
122406: -270 -288
122407: -270 -297
122408: -270 -306
122410: -270 -324
122416: -288 -297
122426: 252 261 270 279 288 297 306 315 324
122435: -334 -343
122438: -334 -370
122439: -334 -379
122440: -334 -388
122441: -334 -397
122442: -343 -352
122444: -343 -370
122445: -343 -379
122446: -343 -388
122447: -343 -397
122449: -352 -370
122450: -352 -379
122451: -352 -388
122452: -352 -397
122457: -370 -379
122458: -370 -388
122459: -370 -397
122460: -379 -388
122461: -379 -397
122462: -388 -397
122463: 325 334 343 352 361 370 379 388 397
122468: -326 -371
122469: -326 -380
122470: -326 -389
122471: -326 -398
122501: -327 -336
122502: -327 -345
122503: -327 -354
122504: -327 -363
122505: -327 -372
122506: -327 -381
122507: -327 -390
122508: -327 -399
122511: -336 -363
122517: -345 -363
122522: -354 -363
122527: -363 -372
122528: -363 -381
122529: -363 -390
122530: -363 -399
122533: -372 -399
122536: -390 -399
122537: 327 336 345 354 363 372 381 390 399
122538: -328 -337
122539: -328 -346
122540: -328 -355
122541: -328 -364
122542: -328 -373
122543: -328 -382
122544: -328 -391
122545: -328 -400
122559: -355 -364
122564: -364 -373
122565: -364 -382
122574: 328 337 346 355 364 373 382 391 400
122587: -338 -383
122592: -347 -374
122594: -347 -392
122595: -347 -401
122597: -356 -374
122598: -356 -383
122605: -374 -383
122606: -374 -392
122607: -374 -401
122608: -383 -392
122609: -383 -401
122610: -392 -401
122611: 329 338 347 356 365 374 383 392 401
122612: -330 -339
122613: -330 -348
122614: -330 -357
122615: -330 -366
122616: -330 -375
122617: -330 -384
122618: -330 -393
122619: -330 -402
122622: -339 -366
122628: -348 -366
122633: -357 -366
122636: -357 -393
122638: -366 -375
122639: -366 -384
122640: -366 -393
122641: -366 -402
122644: -375 -402
122646: -384 -402
122647: -393 -402
122648: 330 339 348 357 366 375 384 393 402
122649: -331 -340
122650: -331 -349
122651: -331 -358
122652: -331 -367
122653: -331 -376
122654: -331 -385
122655: -331 -394
122656: -331 -403
122659: -340 -367
122665: -349 -367
122670: -358 -367
122671: -358 -376
122674: -358 -403
122675: -367 -376
122676: -367 -385
122677: -367 -394
122678: -367 -403
122680: -376 -394
122681: -376 -403
122685: 331 340 349 358 367 376 385 394 403
122688: -332 -359
122689: -332 -368
122690: -332 -377
122691: -332 -386
122693: -332 -404
122707: -359 -368
122708: -359 -377
122711: -359 -404
122712: -368 -377
122713: -368 -386
122715: -368 -404
122716: -377 -386
122722: 332 341 350 359 368 377 386 395 404
122725: -333 -360
122726: -333 -369
122727: -333 -378
122728: -333 -387
122740: -351 -378
122744: -360 -369
122749: -369 -378
122750: -369 -387
122751: -369 -396
122752: -369 -405
122753: -378 -387
122759: 333 342 351 360 369 378 387 396 405
122768: -415 -424
122770: -415 -442
122772: -415 -460
122773: -415 -469
122774: -415 -478
122775: -424 -433
122776: -424 -442
122778: -424 -460
122779: -424 -469
122780: -424 -478
122781: -433 -442
122783: -433 -460
122784: -433 -469
122785: -433 -478
122787: -442 -460
122788: -442 -469
122789: -442 -478
122793: -460 -469
122794: -460 -478
122795: -469 -478
122796: 406 415 424 433 442 451 460 469 478
122797: -407 -416
122798: -407 -425
122799: -407 -434
122800: -407 -443
122802: -407 -461
122803: -407 -470
122804: -407 -479
122809: -416 -461
122824: -443 -461
122833: 407 416 425 434 443 452 461 470 479
122834: -408 -417
122836: -408 -435
122837: -408 -444
122838: -408 -453
122839: -408 -462
122840: -408 -471
122841: -408 -480
122851: -426 -453
122852: -426 -462
122856: -435 -453
122857: -435 -462
122860: -444 -453
122864: -453 -462
122865: -453 -471
122866: -453 -480
122867: -462 -471
122870: 408 417 426 435 444 453 462 471 480
122871: -409 -418
122874: -409 -445
122875: -409 -454
122876: -409 -463
122877: -409 -472
122878: -409 -481
122888: -427 -454
122893: -436 -454
122897: -445 -454
122901: -454 -463
122903: -454 -481
122907: 409 418 427 436 445 454 463 472 481
122908: -410 -419
122909: -410 -428
122910: -410 -437
122911: -410 -446
122912: -410 -455
122913: -410 -464
122914: -410 -473
122915: -410 -482
122919: -419 -455
122925: -428 -455
122930: -437 -455
122931: -437 -464
122934: -446 -455
122938: -455 -464
122939: -455 -473
122940: -455 -482
122944: 410 419 428 437 446 455 464 473 482
122953: -420 -429
122954: -420 -438
122955: -420 -447
122957: -420 -465
122959: -420 -483
122960: -429 -438
122961: -429 -447
122963: -429 -465
122965: -429 -483
122966: -438 -447
122968: -438 -465
122969: -438 -474
122970: -438 -483
122972: -447 -465
122973: -447 -474
122974: -447 -483
122978: -465 -474
122979: -465 -483
122980: -474 -483
122981: 411 420 429 438 447 456 465 474 483
122982: -412 -421
122983: -412 -430
122984: -412 -439
122985: -412 -448
122986: -412 -457
122987: -412 -466
122988: -412 -475
122989: -412 -484
122993: -421 -457
122999: -430 -457
123004: -439 -457
123008: -448 -457
123010: -448 -475
123011: -448 -484
123012: -457 -466
123013: -457 -475
123014: -457 -484
123017: -475 -484
123018: 412 421 430 439 448 457 466 475 484
123021: -413 -440
123022: -413 -449
123023: -413 -458
123024: -413 -467
123026: -413 -485
123029: -422 -449
123030: -422 -458
123040: -440 -449
123041: -440 -458
123042: -440 -467
123044: -440 -485
123045: -449 -458
123047: -449 -476
123048: -449 -485
123049: -458 -467
123050: -458 -476
123051: -458 -485
123052: -467 -476
123053: -467 -485
123055: 413 422 431 440 449 458 467 476 485
123056: -414 -423
123057: -414 -432
123058: -414 -441
123059: -414 -450
123060: -414 -459
123061: -414 -468
123062: -414 -477
123063: -414 -486
123066: -423 -450
123073: -432 -459
123077: -441 -450
123078: -441 -459
123082: -450 -459
123084: -450 -477
123085: -450 -486
123086: -459 -468
123087: -459 -477
123088: -459 -486
123092: 414 423 432 441 450 459 468 477 486
123101: -496 -505
123102: -496 -514
123103: -496 -523
123104: -496 -532
123107: -496 -559
123108: -505 -514
123109: -505 -523
123110: -505 -532
123112: -505 -550
123113: -505 -559
123114: -514 -523
123115: -514 -532
123117: -514 -550
123118: -514 -559
123119: -523 -532
123121: -523 -550
123122: -523 -559
123124: -532 -550
123125: -532 -559
123128: -550 -559
123129: 487 496 505 514 523 532 541 550 559
123133: -488 -524
123134: -488 -533
123136: -488 -551
123137: -488 -560
123166: 488 497 506 515 524 533 542 551 560
123170: -489 -525
123171: -489 -534
123172: -489 -543
123173: -489 -552
123174: -489 -561
123179: -498 -543
123180: -498 -552
123185: -507 -543
123190: -516 -543
123195: -525 -552
123196: -525 -561
123197: -534 -543
123198: -534 -552
123200: -543 -552
123201: -543 -561
123202: -552 -561
123203: 489 498 507 516 525 534 543 552 561
123204: -490 -499
123205: -490 -508
123207: -490 -526
123208: -490 -535
123209: -490 -544
123210: -490 -553
123211: -490 -562
123227: -517 -544
123231: -526 -544
123234: -535 -544
123237: -544 -553
123240: 490 499 508 517 526 535 544 553 562
123241: -491 -500
123242: -491 -509
123243: -491 -518
123244: -491 -527
123245: -491 -536
123246: -491 -545
123247: -491 -554
123248: -491 -563
123249: -500 -509
123253: -500 -545
123259: -509 -545
123260: -509 -554
123261: -509 -563
123264: -518 -545
123268: -527 -545
123271: -536 -545
123272: -536 -554
123274: -545 -554
123275: -545 -563
123276: -554 -563
123277: 491 500 509 518 527 536 545 554 563
123278: -492 -501
123279: -492 -510
123280: -492 -519
123281: -492 -528
123282: -492 -537
123283: -492 -546
123284: -492 -555
123285: -492 -564
123290: -501 -546
123296: -510 -546
123301: -519 -546
123303: -519 -564
123304: -528 -537
123305: -528 -546
123306: -528 -555
123307: -528 -564
123308: -537 -546
123311: -546 -555
123312: -546 -564
123313: -555 -564
123314: 492 501 510 519 528 537 546 555 564
123323: -502 -511
123324: -502 -520
123325: -502 -529
123326: -502 -538
123328: -502 -556
123329: -502 -565
123330: -511 -520
123331: -511 -529
123332: -511 -538
123335: -511 -565
123336: -520 -529
123337: -520 -538
123339: -520 -556
123340: -520 -565
123341: -529 -538
123343: -529 -556
123344: -529 -565
123346: -538 -556
123347: -538 -565
123350: -556 -565
123351: 493 502 511 520 529 538 547 556 565
123352: -494 -503
123354: -494 -521
123355: -494 -530
123356: -494 -539
123357: -494 -548
123359: -494 -566
123364: -503 -548
123375: -521 -548
123379: -530 -548
123382: -539 -548
123385: -548 -557
123386: -548 -566
123388: 494 503 512 521 530 539 548 557 566
123389: -495 -504
123390: -495 -513
123391: -495 -522
123392: -495 -531
123393: -495 -540
123394: -495 -549
123395: -495 -558
123416: -531 -549
123419: -540 -549
123422: -549 -558
123423: -549 -567
123425: 495 504 513 522 531 540 549 558 567
123434: -577 -586
123435: -577 -595
123436: -577 -604
123437: -577 -613
123438: -577 -622
123441: -586 -595
123442: -586 -604
123443: -586 -613
123444: -586 -622
123446: -586 -640
123447: -595 -604
123448: -595 -613
123449: -595 -622
123450: -595 -631
123451: -595 -640
123452: -604 -613
123453: -604 -622
123454: -604 -631
123455: -604 -640
123456: -613 -622
123457: -613 -631
123458: -613 -640
123459: -622 -631
123460: -622 -640
123463: -569 -578
123465: -569 -596
123466: -569 -605
123467: -569 -614
123468: -569 -623
123469: -569 -632
123470: -569 -641
123483: -587 -641
123499: 569 578 587 596 605 614 623 632 641
123501: -570 -588
123504: -570 -615
123505: -570 -624
123506: -570 -633
123507: -570 -642
123508: -579 -588
123537: -571 -580
123538: -571 -589
123539: -571 -598
123540: -571 -607
123541: -571 -616
123542: -571 -625
123543: -571 -634
123544: -571 -643
123574: -572 -581
123575: -572 -590
123577: -572 -608
123578: -572 -617
123579: -572 -626
123580: -572 -635
123581: -572 -644
123582: -581 -590
123589: -590 -599
123592: -590 -626
123594: -590 -644
123595: -599 -608
123596: -599 -617
123597: -599 -626
123610: 572 581 590 599 608 617 626 635 644
123612: -573 -591
123613: -573 -600
123614: -573 -609
123616: -573 -627
123617: -573 -636
123618: -573 -645
123619: -582 -591
123621: -582 -609
123626: -591 -600
123627: -591 -609
123639: -609 -636
123640: -609 -645
123647: 573 582 591 600 609 618 627 636 645
123649: -574 -592
123651: -574 -610
123652: -574 -619
123653: -574 -628
123654: -574 -637
123655: -574 -646
123665: -592 -619
123670: -601 -619
123673: -601 -646
123684: 574 583 592 601 610 619 628 637 646
123685: -575 -584
123686: -575 -593
123687: -575 -602
123688: -575 -611
123689: -575 -620
123690: -575 -629
123691: -575 -638
123692: -575 -647
123709: -602 -638
123716: -620 -638
123722: -576 -585
123723: -576 -594
123724: -576 -603
123725: -576 -612
123726: -576 -621
123727: -576 -630
123730: -585 -594
123732: -585 -612
123734: -585 -630
123737: -594 -603
123738: -594 -612
123739: -594 -621
123740: -594 -630
123741: -594 -639
123742: -594 -648
123743: -603 -612
123744: -603 -621
123745: -603 -630
123746: -603 -639
123748: -612 -621
123749: -612 -630
123751: -612 -648
123754: -621 -648
123756: -630 -648
123768: -658 -676
123769: -658 -685
123770: -658 -694
123771: -658 -703
123774: -667 -676
123775: -667 -685
123776: -667 -694
123777: -667 -703
123778: -667 -712
123780: -676 -685
123781: -676 -694
123782: -676 -703
123783: -676 -712
123784: -676 -721
123785: -685 -694
123786: -685 -703
123787: -685 -712
123788: -685 -721
123789: -694 -703
123790: -694 -712
123791: -694 -721
123792: -703 -712
123793: -703 -721
123795: 649 658 667 676 685 694 703 712 721
123799: -650 -686
123800: -650 -695
123801: -650 -704
123802: -650 -713
123803: -650 -722
123824: -686 -713
123832: 650 659 668 677 686 695 704 713 722
123834: -651 -669
123835: -651 -678
123837: -651 -696
123838: -651 -705
123840: -651 -723
123869: 651 660 669 678 687 696 705 714 723
123870: -652 -661
123871: -652 -670
123872: -652 -679
123873: -652 -688
123874: -652 -697
123875: -652 -706
123876: -652 -715
123877: -652 -724
123906: 652 661 670 679 688 697 706 715 724
123908: -653 -671
123909: -653 -680
123911: -653 -698
123912: -653 -707
123913: -653 -716
123914: -653 -725
123915: -662 -671
123919: -662 -707
123922: -671 -680
123925: -671 -707
123929: -680 -698
123930: -680 -707
123934: -689 -707
123937: -698 -707
123940: -707 -716
123943: 653 662 671 680 689 698 707 716 725
123944: -654 -663
123945: -654 -672
123947: -654 -690
123949: -654 -708
123950: -654 -717
123951: -654 -726
123952: -663 -672
123959: -672 -681
123960: -672 -690
123962: -672 -708
123967: -681 -708
123971: -690 -708
123980: 654 663 672 681 690 699 708 717 726
123981: -655 -664
123982: -655 -673
123983: -655 -682
123984: -655 -691
123985: -655 -700
123986: -655 -709
123987: -655 -718
123988: -655 -727
123992: -664 -700
123996: -673 -682
123998: -673 -700
124002: -682 -691
124011: -700 -709
124012: -700 -718
124017: 655 664 673 682 691 700 709 718 727
124018: -656 -665
124019: -656 -674
124020: -656 -683
124021: -656 -692
124022: -656 -701
124023: -656 -710
124025: -656 -728
124026: -665 -674
124028: -665 -692
124029: -665 -701
124030: -665 -710
124031: -665 -719
124033: -674 -683
124034: -674 -692
124035: -674 -701
124036: -674 -710
124037: -674 -719
124039: -683 -692
124040: -683 -701
124041: -683 -710
124042: -683 -719
124044: -692 -701
124045: -692 -710
124046: -692 -719
124048: -701 -710
124051: -710 -719
124053: -719 -728
124054: 656 665 674 683 692 701 710 719 728
124055: -657 -666
124056: -657 -675
124057: -657 -684
124058: -657 -693
124059: -657 -702
124060: -657 -711
124061: -657 -720
124062: -657 -729
124072: -675 -702
124079: -684 -720
124083: -693 -720
124089: -711 -729
124129: -325 -2 86
124138: -406 -2 87
124147: -487 -2 88
124156: -568 -2 89
124165: -649 -2 90
124222: -416 -95 339
124272: -183 -181 21
124299: -426 -181 24
124321: -588 -185 350
124322: -588 -186 431
124330: -669 -185 351
124332: -669 -187 513
124333: -669 -188 594
124388: -436 -279 681
124393: -517 -275 358
124417: -41 -362 118
124418: -41 -363 199
124419: -41 -364 280
124420: -41 -365 361
124421: -41 -366 442
124422: -41 -367 523
124423: -41 -368 604
124424: -41 -369 685
124430: -122 -366 443
124431: -122 -367 524
124432: -122 -368 605
124433: -122 -369 686
124437: -203 -364 282
124439: -203 -366 444
124440: -203 -367 525
124441: -203 -368 606
124442: -203 -369 687
124445: -284 -363 202
124448: -284 -366 445
124449: -284 -367 526
124450: -284 -368 607
124451: -284 -369 688
124463: -446 -363 204
124464: -446 -364 285
124467: -446 -367 528
124468: -446 -368 609
124469: -446 -369 690
124472: -527 -363 205
124473: -527 -364 286
124475: -527 -366 448
124477: -527 -368 610
124478: -527 -369 691
124481: -608 -363 206
124482: -608 -364 287
124484: -608 -366 449
124485: -608 -367 530
124487: -608 -369 692
124490: -689 -363 207
124491: -689 -364 288
124493: -689 -366 450
124494: -689 -367 531
124495: -689 -368 612
124498: -51 -452 127
124499: -51 -453 208
124500: -51 -454 289
124501: -51 -455 370
124502: -51 -456 451
124503: -51 -457 532
124504: -51 -458 613
124505: -51 -459 694
124508: -132 -453 209
124509: -132 -454 290
124510: -132 -455 371
124512: -132 -457 533
124513: -132 -458 614
124514: -132 -459 695
124519: -213 -455 372
124521: -213 -457 534
124522: -213 -458 615
124523: -213 -459 696
124526: -294 -453 211
124528: -294 -455 373
124530: -294 -457 535
124531: -294 -458 616
124532: -294 -459 697
124535: -375 -453 212
124536: -375 -454 293
124539: -375 -457 536
124540: -375 -458 617
124541: -375 -459 698
124553: -537 -453 214
124554: -537 -454 295
124555: -537 -455 376
124558: -537 -458 619
124559: -537 -459 700
124563: -618 -454 296
124564: -618 -455 377
124566: -618 -457 539
124571: -699 -453 216
124572: -699 -454 297
124573: -699 -455 378
124575: -699 -457 540
124576: -699 -458 621
124579: -61 -542 136
124580: -61 -543 217
124581: -61 -544 298
124582: -61 -545 379
124583: -61 -546 460
124584: -61 -547 541
124585: -61 -548 622
124586: -61 -549 703
124589: -142 -543 218
124590: -142 -544 299
124591: -142 -545 380
124592: -142 -546 461
124594: -142 -548 623
124595: -142 -549 704
124599: -223 -544 300
124600: -223 -545 381
124601: -223 -546 462
124603: -223 -548 624
124604: -223 -549 705
124607: -304 -543 220
124609: -304 -545 382
124610: -304 -546 463
124612: -304 -548 625
124613: -304 -549 706
124616: -385 -543 221
124617: -385 -544 302
124619: -385 -546 464
124621: -385 -548 626
124625: -466 -543 222
124626: -466 -544 303
124627: -466 -545 384
124630: -466 -548 627
124631: -466 -549 708
124643: -628 -543 224
124644: -628 -544 305
124645: -628 -545 386
124646: -628 -546 467
124649: -628 -549 710
124653: -709 -544 306
124654: -709 -545 387
124655: -709 -546 468
124657: -709 -548 630
124772: -324 -726 481
124775: -324 -729 724
124794: -567 -721 79
124798: -567 -725 403
124805: -648 -723 242
126006: -96 -420 -133 537
126012: -96 -421 -139 295
126084: -97 -501 -130 303
126266: -99 -665 -150 485
126267: -99 -665 -151 566
126307: -181 -22 -191 85
126310: -181 -22 -194 328
126311: -181 -22 -195 409
126312: -181 -22 -196 490
126313: -181 -22 -197 571
126314: -181 -22 -198 652
126564: -184 -266 -205 518
126580: -184 -268 -221 358
126610: -185 -343 -170 604
126611: -185 -343 -171 685
126614: -185 -344 -174 200
126625: -185 -345 -185 363
126691: -186 -424 -170 613
126707: -186 -426 -186 453
126772: -187 -505 -170 622
126953: -189 -669 -189 723
127093: -272 -109 -248 334
127094: -272 -109 -249 415
127095: -272 -109 -250 496
127337: -275 -352 -249 442
127340: -275 -352 -252 685
127578: -278 -595 -247 307
127583: -278 -595 -252 712
127651: -278 -603 -320 396
127652: -278 -603 -321 477
127653: -278 -603 -322 558
127660: -279 -676 -248 397
127661: -279 -676 -249 478
127662: -279 -676 -250 559
127663: -279 -676 -251 640
127723: -279 -683 -311 404
127724: -279 -683 -312 485
127900: -363 -199 -326 100
127902: -363 -199 -328 262
127904: -363 -199 -330 424
127905: -363 -199 -331 505
127906: -363 -199 -332 586
127907: -363 -199 -333 667
127981: -364 -280 -326 109
127982: -364 -280 -327 190
127986: -364 -280 -331 514
127987: -364 -280 -332 595
127988: -364 -280 -333 676
128143: -366 -442 -326 127
128144: -366 -442 -327 208
128145: -366 -442 -328 289
128148: -366 -442 -331 532
128149: -366 -442 -332 613
128150: -366 -442 -333 694
128175: -366 -445 -358 535
128224: -367 -523 -326 136
128225: -367 -523 -327 217
128226: -367 -523 -328 298
128228: -367 -523 -330 460
128230: -367 -523 -332 622
128231: -367 -523 -333 703
128305: -368 -604 -326 145
128306: -368 -604 -327 226
128307: -368 -604 -328 307
128309: -368 -604 -330 469
128310: -368 -604 -331 550
128312: -368 -604 -333 712
128386: -369 -685 -326 154
128387: -369 -685 -327 235
128388: -369 -685 -328 316
128390: -369 -685 -330 478
128391: -369 -685 -331 559
128392: -369 -685 -332 640
128629: -453 -208 -407 100
128631: -453 -208 -409 262
128632: -453 -208 -410 343
128634: -453 -208 -412 505
128635: -453 -208 -413 586
128636: -453 -208 -414 667
128710: -454 -289 -407 109
128713: -454 -289 -410 352
128715: -454 -289 -412 514
128716: -454 -289 -413 595
128717: -454 -289 -414 676
128791: -455 -370 -407 118
128792: -455 -370 -408 199
128793: -455 -370 -409 280
128796: -455 -370 -412 523
128797: -455 -370 -413 604
128798: -455 -370 -414 685
128953: -457 -532 -407 136
128954: -457 -532 -408 217
128955: -457 -532 -409 298
128956: -457 -532 -410 379
128959: -457 -532 -413 622
128960: -457 -532 -414 703
129020: -457 -539 -474 467
129034: -458 -613 -407 145
129035: -458 -613 -408 226
129036: -458 -613 -409 307
129037: -458 -613 -410 388
129039: -458 -613 -412 550
129041: -458 -613 -414 712
129115: -459 -694 -407 154
129116: -459 -694 -408 235
129117: -459 -694 -409 316
129118: -459 -694 -410 397
129120: -459 -694 -412 559
129121: -459 -694 -413 640
129151: -459 -698 -443 158
129358: -543 -217 -488 100
129360: -543 -217 -490 262
129361: -543 -217 -491 343
129362: -543 -217 -492 424
129364: -543 -217 -494 586
129440: -544 -298 -489 190
129442: -544 -298 -491 352
129443: -544 -298 -492 433
129445: -544 -298 -494 595
129520: -545 -379 -488 118
129521: -545 -379 -489 199
129522: -545 -379 -490 280
129524: -545 -379 -492 442
129526: -545 -379 -494 604
129527: -545 -379 -495 685
129564: -545 -384 -532 42
129584: -545 -386 -552 206
129601: -546 -460 -488 127
129602: -546 -460 -489 208
129603: -546 -460 -490 289
129604: -546 -460 -491 370
129607: -546 -460 -494 613
129636: -546 -464 -523 50
129763: -548 -622 -488 145
129764: -548 -622 -489 226
129765: -548 -622 -490 307
129766: -548 -622 -491 388
129767: -548 -622 -492 469
129770: -548 -622 -495 712
129789: -548 -625 -514 67
129803: -548 -626 -528 473
129844: -549 -703 -488 154
129845: -549 -703 -489 235
129846: -549 -703 -490 316
129847: -549 -703 -491 397
129848: -549 -703 -492 478
129850: -549 -703 -494 640
130008: -632 -145 -571 253
130208: -634 -311 -609 437
130212: -634 -312 -613 33
130225: -634 -313 -626 358
130226: -634 -313 -627 439
130737: -722 -154 -652 253
130816: -723 -235 -650 100
130819: -723 -235 -653 343
130898: -724 -316 -651 190
130937: -724 -320 -690 437
130938: -724 -320 -691 518
130940: -724 -320 -693 680
130945: -724 -321 -698 357
130954: -724 -322 -707 358
130955: -724 -322 -708 439
131382: -2 -82
131384: -2 -91
131385: -2 -83
131400: -2 -84 -172
132232: -95 -338
132309: -96 -420
132334: -96 -419 -371
132386: -97 -502
132416: -97 -501 -461
132463: -98 -584
132577: -99 -665 -146
132579: -99 -665 -152
132615: -181 -165
132634: -181 -22 -192
132636: -181 -22 -193
132847: -185 -363
132848: -185 -347
132883: -185 -349 -525
132898: -185 -200 -174
132924: -186 -453
132925: -186 -429
132950: -186 -428 -372
132960: -186 -430 -534
132975: -186 -209 -174
133001: -187 -543
133002: -187 -511
133027: -187 -509 -381
133032: -187 -510 -462
133052: -187 -218 -174
133079: -188 -593
133155: -189 -723
133233: -271 -28
133363: -272 -255 -265
133462: -275 -283
133463: -275 -364
133464: -275 -356
133511: -275 -280 -247
133539: -276 -292
133540: -276 -454
133541: -276 -438
133556: -276 -435 -211
133588: -276 -289 -247
133617: -277 -544
133618: -277 -520
133665: -277 -298 -247
133692: -278 -598
133695: -278 -602
133772: -279 -684
133774: -279 -676 -247
133846: -361 -41
134000: -363 -203
134001: -363 -347
134051: -363 -343 -41
134067: -363 -348 -444
134077: -364 -284
134078: -364 -356
134080: -364 -283
134128: -364 -352 -41
134141: -364 -356 -364
134154: -366 -446
134155: -366 -374
134156: -366 -455
134157: -366 -447
134205: -366 -370 -41
134228: -366 -378 -401
134231: -367 -527
134232: -367 -383
134233: -367 -545
134234: -367 -529
134282: -367 -379 -41
134308: -368 -608
134309: -368 -392
134310: -368 -635
134359: -368 -388 -41
134361: -368 -389 -338
134385: -369 -689
134386: -369 -401
134387: -369 -725
134411: -369 -689 -369
134436: -369 -397 -41
134462: -451 -51
134616: -453 -213
134617: -453 -429
134667: -453 -424 -51
134683: -453 -429 -453
134694: -454 -438
134744: -454 -433 -51
134760: -454 -438 -454
134770: -455 -375
134771: -455 -447
134773: -455 -374
134821: -455 -442 -51
134847: -457 -537
134848: -457 -465
134849: -457 -546
134850: -457 -538
134898: -457 -460 -51
134924: -458 -618
134925: -458 -474
134975: -458 -469 -51
134979: -458 -470 -134
134983: -458 -472 -438
134991: -458 -474 -458
135001: -459 -699
135002: -459 -483
135003: -459 -726
135032: -459 -699 -459
135052: -459 -478 -51
135054: -459 -479 -420
135056: -459 -479 -135
135060: -459 -481 -438
135068: -459 -483 -459
135069: -459 -484 -465
135078: -541 -61
135232: -543 -223
135233: -543 -511
135234: -543 -187
135283: -543 -505 -61
135310: -544 -520
135354: -544 -306 -565
135360: -544 -514 -61
135382: -544 -521 -625
135386: -545 -385
135387: -545 -529
135388: -545 -367
135389: -545 -383
135437: -545 -523 -61
135441: -545 -524 -140
135463: -546 -466
135464: -546 -538
135466: -546 -465
135514: -546 -532 -61
135540: -548 -628
135541: -548 -556
135542: -548 -637
135591: -548 -550 -61
135610: -548 -556 -548
135617: -549 -709
135618: -549 -565
135619: -549 -727
135668: -549 -559 -61
135695: -631 -575
136005: -635 -392
136082: -636 -474
136159: -637 -556
136236: -639 -720
136253: -639 -715 -602
136311: -721 -657
136409: -722 -157 -679
136621: -725 -401
136698: -726 -483
136745: -726 -694 -657
136775: -727 -565
136926: 2
136927: 12
136928: 22
136929: 28
136930: 41
136931: 51
136932: 61
136933: 72