4 5
UNSAT
8: -2 -3
9: -2 -4
10: -2 -5
11: -2 -6
12: -2 -7
13: -2 -8
14: -2 -9
52: -12 -13
53: -12 -14
54: -12 -15
55: -12 -16
56: -12 -17
57: -12 -18
95: -22 -23
96: -22 -24
97: -22 -25
98: -22 -26
99: -22 -27
114: -28 -32
115: -28 -33
116: -28 -34
117: -28 -35
118: -28 -36
174: -41 -42
178: -42 -43
179: -42 -44
180: -42 -45
212: -50 -52
218: -52 -53
219: -52 -54
250: -59 -62
257: -62 -63
288: -68 -72
369: 82 83 84 85 86 87 88 89 90
379: -92 -94
380: -92 -95
381: -92 -96
382: -92 -97
383: -92 -98
384: -92 -99
391: -94 -95
392: -94 -96
393: -94 -97
394: -94 -98
395: -94 -99
396: -95 -96
397: -95 -97
398: -95 -98
399: -95 -99
400: -96 -97
401: -96 -98
402: -96 -99
403: -97 -98
404: -97 -99
405: -98 -99
406: 91 92 93 94 95 96 97 98 99
417: -101 -104
418: -101 -105
419: -101 -106
420: -101 -107
421: -101 -108
428: -103 -104
430: -103 -106
433: -104 -105
434: -104 -106
435: -104 -107
436: -104 -108
437: -105 -106
438: -105 -107
439: -105 -108
440: -106 -107
441: -106 -108
442: -107 -108
443: 100 101 102 103 104 105 106 107 108
444: -109 -110
446: -109 -112
447: -109 -113
448: -109 -114
449: -109 -115
450: -109 -116
451: -109 -117
454: -110 -113
455: -110 -114
456: -110 -115
457: -110 -116
458: -110 -117
470: -113 -114
471: -113 -115
472: -113 -116
473: -113 -117
474: -114 -115
475: -114 -116
476: -114 -117
477: -115 -116
478: -115 -117
479: -116 -117
480: 109 110 111 112 113 114 115 116 117
481: -118 -119
483: -118 -121
484: -118 -122
485: -118 -123
486: -118 -124
487: -118 -125
488: -118 -126
490: -119 -121
491: -119 -122
492: -119 -123
493: -119 -124
494: -119 -125
495: -119 -126
502: -121 -122
503: -121 -123
504: -121 -124
505: -121 -125
506: -121 -126
507: -122 -123
508: -122 -124
509: -122 -125
510: -122 -126
511: -123 -124
512: -123 -125
513: -123 -126
514: -124 -125
515: -124 -126
516: -125 -126
517: 118 119 120 121 122 123 124 125 126
518: -127 -128
520: -127 -130
521: -127 -131
522: -127 -132
523: -127 -133
524: -127 -134
525: -127 -135
527: -128 -130
528: -128 -131
529: -128 -132
530: -128 -133
531: -128 -134
532: -128 -135
539: -130 -131
540: -130 -132
541: -130 -133
542: -130 -134
543: -130 -135
544: -131 -132
545: -131 -133
546: -131 -134
547: -131 -135
548: -132 -133
549: -132 -134
550: -132 -135
551: -133 -134
552: -133 -135
553: -134 -135
554: 127 128 129 130 131 132 133 134 135
555: -136 -137
557: -136 -139
558: -136 -140
559: -136 -141
560: -136 -142
561: -136 -143
562: -136 -144
564: -137 -139
565: -137 -140
566: -137 -141
567: -137 -142
568: -137 -143
569: -137 -144
576: -139 -140
577: -139 -141
578: -139 -142
579: -139 -143
580: -139 -144
581: -140 -141
582: -140 -142
583: -140 -143
584: -140 -144
585: -141 -142
586: -141 -143
587: -141 -144
588: -142 -143
589: -142 -144
590: -143 -144
591: 136 137 138 139 140 141 142 143 144
592: -145 -146
594: -145 -148
595: -145 -149
596: -145 -150
597: -145 -151
598: -145 -152
599: -145 -153
601: -146 -148
602: -146 -149
603: -146 -150
604: -146 -151
605: -146 -152
606: -146 -153
613: -148 -149
614: -148 -150
615: -148 -151
616: -148 -152
617: -148 -153
618: -149 -150
619: -149 -151
620: -149 -152
621: -149 -153
622: -150 -151
623: -150 -152
624: -150 -153
625: -151 -152
626: -151 -153
627: -152 -153
628: 145 146 147 148 149 150 151 152 153
629: -154 -155
631: -154 -157
632: -154 -158
633: -154 -159
634: -154 -160
635: -154 -161
636: -154 -162
638: -155 -157
639: -155 -158
640: -155 -159
641: -155 -160
642: -155 -161
643: -155 -162
650: -157 -158
651: -157 -159
652: -157 -160
653: -157 -161
654: -157 -162
655: -158 -159
656: -158 -160
657: -158 -161
658: -158 -162
659: -159 -160
660: -159 -161
661: -159 -162
662: -160 -161
663: -160 -162
664: -161 -162
665: 154 155 156 157 158 159 160 161 162
687: -166 -167
688: -166 -168
689: -166 -169
690: -166 -170
691: -166 -171
692: -167 -168
693: -167 -169
694: -167 -170
695: -167 -171
696: -168 -169
697: -168 -170
698: -168 -171
699: -169 -170
700: -169 -171
701: -170 -171
702: 163 164 165 166 167 168 169 170 171
719: -174 -176
720: -174 -177
721: -174 -178
722: -174 -179
723: -174 -180
729: -176 -177
730: -176 -178
731: -176 -179
732: -176 -180
733: -177 -178
734: -177 -179
735: -177 -180
736: -178 -179
737: -178 -180
738: -179 -180
739: 172 173 174 175 176 177 178 179 180
741: -181 -183
742: -181 -184
743: -181 -185
744: -181 -186
745: -181 -187
746: -181 -188
747: -181 -189
755: -183 -184
756: -183 -185
757: -183 -186
758: -183 -187
759: -183 -188
760: -183 -189
761: -184 -185
762: -184 -186
763: -184 -187
764: -184 -188
765: -184 -189
766: -185 -186
767: -185 -187
768: -185 -188
769: -185 -189
770: -186 -187
771: -186 -188
772: -186 -189
773: -187 -188
774: -187 -189
775: -188 -189
776: 181 182 183 184 185 186 187 188 189
777: -190 -191
778: -190 -192
779: -190 -193
780: -190 -194
781: -190 -195
782: -190 -196
783: -190 -197
784: -190 -198
785: -191 -192
786: -191 -193
787: -191 -194
788: -191 -195
789: -191 -196
790: -191 -197
791: -191 -198
792: -192 -193
793: -192 -194
794: -192 -195
795: -192 -196
796: -192 -197
797: -192 -198
798: -193 -194
799: -193 -195
800: -193 -196
801: -193 -197
802: -193 -198
803: -194 -195
804: -194 -196
805: -194 -197
806: -194 -198
807: -195 -196
808: -195 -197
809: -195 -198
810: -196 -197
811: -196 -198
812: -197 -198
813: 190 191 192 193 194 195 196 197 198
814: -199 -200
815: -199 -201
816: -199 -202
817: -199 -203
818: -199 -204
819: -199 -205
820: -199 -206
821: -199 -207
822: -200 -201
823: -200 -202
824: -200 -203
825: -200 -204
826: -200 -205
827: -200 -206
828: -200 -207
829: -201 -202
830: -201 -203
831: -201 -204
832: -201 -205
833: -201 -206
834: -201 -207
835: -202 -203
836: -202 -204
837: -202 -205
838: -202 -206
839: -202 -207
840: -203 -204
841: -203 -205
842: -203 -206
843: -203 -207
844: -204 -205
845: -204 -206
846: -204 -207
847: -205 -206
848: -205 -207
849: -206 -207
850: 199 200 201 202 203 204 205 206 207
851: -208 -209
852: -208 -210
853: -208 -211
854: -208 -212
855: -208 -213
856: -208 -214
857: -208 -215
858: -208 -216
859: -209 -210
860: -209 -211
861: -209 -212
862: -209 -213
863: -209 -214
864: -209 -215
865: -209 -216
866: -210 -211
867: -210 -212
868: -210 -213
869: -210 -214
870: -210 -215
871: -210 -216
872: -211 -212
873: -211 -213
874: -211 -214
875: -211 -215
876: -211 -216
877: -212 -213
878: -212 -214
879: -212 -215
880: -212 -216
881: -213 -214
882: -213 -215
883: -213 -216
884: -214 -215
885: -214 -216
886: -215 -216
887: 208 209 210 211 212 213 214 215 216
888: -217 -218
889: -217 -219
890: -217 -220
891: -217 -221
892: -217 -222
893: -217 -223
894: -217 -224
895: -217 -225
896: -218 -219
897: -218 -220
898: -218 -221
899: -218 -222
900: -218 -223
901: -218 -224
902: -218 -225
903: -219 -220
904: -219 -221
905: -219 -222
906: -219 -223
907: -219 -224
908: -219 -225
909: -220 -221
910: -220 -222
911: -220 -223
912: -220 -224
913: -220 -225
914: -221 -222
915: -221 -223
916: -221 -224
917: -221 -225
918: -222 -223
919: -222 -224
920: -222 -225
921: -223 -224
922: -223 -225
923: -224 -225
924: 217 218 219 220 221 222 223 224 225
925: -226 -227
926: -226 -228
927: -226 -229
928: -226 -230
929: -226 -231
930: -226 -232
931: -226 -233
932: -226 -234
933: -227 -228
934: -227 -229
935: -227 -230
936: -227 -231
937: -227 -232
938: -227 -233
939: -227 -234
940: -228 -229
941: -228 -230
942: -228 -231
943: -228 -232
944: -228 -233
945: -228 -234
946: -229 -230
947: -229 -231
948: -229 -232
949: -229 -233
950: -229 -234
951: -230 -231
952: -230 -232
953: -230 -233
954: -230 -234
955: -231 -232
956: -231 -233
957: -231 -234
958: -232 -233
959: -232 -234
960: -233 -234
961: 226 227 228 229 230 231 232 233 234
962: -235 -236
963: -235 -237
964: -235 -238
965: -235 -239
966: -235 -240
967: -235 -241
968: -235 -242
969: -235 -243
970: -236 -237
971: -236 -238
972: -236 -239
973: -236 -240
974: -236 -241
975: -236 -242
976: -236 -243
977: -237 -238
978: -237 -239
979: -237 -240
980: -237 -241
981: -237 -242
982: -237 -243
983: -238 -239
984: -238 -240
985: -238 -241
986: -238 -242
987: -238 -243
988: -239 -240
989: -239 -241
990: -239 -242
991: -239 -243
992: -240 -241
993: -240 -242
994: -240 -243
995: -241 -242
996: -241 -243
997: -242 -243
998: 235 236 237 238 239 240 241 242 243
1020: -247 -248
1021: -247 -249
1022: -247 -250
1023: -247 -251
1024: -247 -252
1025: -248 -249
1026: -248 -250
1027: -248 -251
1028: -248 -252
1029: -249 -250
1030: -249 -251
1031: -249 -252
1032: -250 -251
1033: -250 -252
1034: -251 -252
1035: 244 245 246 247 248 249 250 251 252
1083: -263 -266
1084: -263 -267
1085: -263 -268
1086: -263 -269
1087: -263 -270
1099: -266 -267
1100: -266 -268
1101: -266 -269
1102: -266 -270
1103: -267 -268
1104: -267 -269
1105: -267 -270
1106: -268 -269
1107: -268 -270
1108: -269 -270
1109: 262 263 264 265 266 267 268 269 270
1119: -272 -274
1120: -272 -275
1121: -272 -276
1122: -272 -277
1123: -272 -278
1124: -272 -279
1131: -274 -275
1132: -274 -276
1133: -274 -277
1134: -274 -278
1135: -274 -279
1136: -275 -276
1137: -275 -277
1138: -275 -278
1139: -275 -279
1140: -276 -277
1141: -276 -278
1142: -276 -279
1143: -277 -278
1144: -277 -279
1145: -278 -279
1146: 271 272 273 274 275 276 277 278 279
1147: -280 -281
1149: -280 -283
1150: -280 -284
1151: -280 -285
1152: -280 -286
1153: -280 -287
1154: -280 -288
1156: -281 -283
1157: -281 -284
1158: -281 -285
1159: -281 -286
1160: -281 -287
1161: -281 -288
1168: -283 -284
1169: -283 -285
1170: -283 -286
1171: -283 -287
1172: -283 -288
1173: -284 -285
1174: -284 -286
1175: -284 -287
1176: -284 -288
1177: -285 -286
1178: -285 -287
1179: -285 -288
1180: -286 -287
1181: -286 -288
1182: -287 -288
1183: 280 281 282 283 284 285 286 287 288
1184: -289 -290
1186: -289 -292
1187: -289 -293
1188: -289 -294
1189: -289 -295
1190: -289 -296
1191: -289 -297
1193: -290 -292
1194: -290 -293
1195: -290 -294
1196: -290 -295
1197: -290 -296
1198: -290 -297
1205: -292 -293
1206: -292 -294
1207: -292 -295
1208: -292 -296
1209: -292 -297
1210: -293 -294
1211: -293 -295
1212: -293 -296
1213: -293 -297
1214: -294 -295
1215: -294 -296
1216: -294 -297
1217: -295 -296
1218: -295 -297
1219: -296 -297
1220: 289 290 291 292 293 294 295 296 297
1221: -298 -299
1223: -298 -301
1224: -298 -302
1225: -298 -303
1226: -298 -304
1227: -298 -305
1228: -298 -306
1230: -299 -301
1231: -299 -302
1232: -299 -303
1233: -299 -304
1234: -299 -305
1235: -299 -306
1242: -301 -302
1243: -301 -303
1244: -301 -304
1245: -301 -305
1246: -301 -306
1247: -302 -303
1248: -302 -304
1249: -302 -305
1250: -302 -306
1251: -303 -304
1252: -303 -305
1253: -303 -306
1254: -304 -305
1255: -304 -306
1256: -305 -306
1257: 298 299 300 301 302 303 304 305 306
1258: -307 -308
1260: -307 -310
1261: -307 -311
1262: -307 -312
1263: -307 -313
1264: -307 -314
1265: -307 -315
1267: -308 -310
1268: -308 -311
1269: -308 -312
1270: -308 -313
1271: -308 -314
1272: -308 -315
1279: -310 -311
1280: -310 -312
1281: -310 -313
1282: -310 -314
1283: -310 -315
1284: -311 -312
1285: -311 -313
1286: -311 -314
1287: -311 -315
1288: -312 -313
1289: -312 -314
1290: -312 -315
1291: -313 -314
1292: -313 -315
1293: -314 -315
1294: 307 308 309 310 311 312 313 314 315
1295: -316 -317
1297: -316 -319
1298: -316 -320
1299: -316 -321
1300: -316 -322
1301: -316 -323
1302: -316 -324
1304: -317 -319
1305: -317 -320
1306: -317 -321
1307: -317 -322
1308: -317 -323
1309: -317 -324
1316: -319 -320
1317: -319 -321
1318: -319 -322
1319: -319 -323
1320: -319 -324
1321: -320 -321
1322: -320 -322
1323: -320 -323
1324: -320 -324
1325: -321 -322
1326: -321 -323
1327: -321 -324
1328: -322 -323
1329: -322 -324
1330: -323 -324
1331: 316 317 318 319 320 321 322 323 324
1340: -326 -327
1341: -326 -328
1342: -326 -329
1343: -326 -330
1344: -326 -331
1345: -326 -332
1347: -327 -328
1348: -327 -329
1349: -327 -330
1350: -327 -331
1351: -327 -332
1353: -328 -329
1354: -328 -330
1355: -328 -331
1356: -328 -332
1358: -329 -330
1359: -329 -331
1360: -329 -332
1362: -330 -331
1363: -330 -332
1365: -331 -332
1368: 325 326 327 328 329 330 331 332 333
1369: -334 -335
1370: -334 -336
1371: -334 -337
1372: -334 -338
1373: -334 -339
1374: -334 -340
1376: -334 -342
1377: -335 -336
1378: -335 -337
1381: -335 -340
1384: -336 -337
1385: -336 -338
1386: -336 -339
1387: -336 -340
1388: -336 -341
1389: -336 -342
1390: -337 -338
1392: -337 -340
1394: -337 -342
1395: -338 -339
1396: -338 -340
1398: -338 -342
1399: -339 -340
1401: -339 -342
1402: -340 -341
1404: -341 -342
1405: 334 335 336 337 338 339 340 341 342
1406: -343 -344
1407: -343 -345
1408: -343 -346
1409: -343 -347
1410: -343 -348
1411: -343 -349
1412: -343 -350
1413: -343 -351
1414: -344 -345
1415: -344 -346
1416: -344 -347
1417: -344 -348
1418: -344 -349
1420: -344 -351
1422: -345 -347
1423: -345 -348
1424: -345 -349
1425: -345 -350
1426: -345 -351
1427: -346 -347
1428: -346 -348
1429: -346 -349
1430: -346 -350
1431: -346 -351
1432: -347 -348
1433: -347 -349
1434: -347 -350
1435: -347 -351
1436: -348 -349
1437: -348 -350
1438: -348 -351
1439: -349 -350
1440: -349 -351
1441: -350 -351
1442: 343 344 345 346 347 348 349 350 351
1443: -352 -353
1444: -352 -354
1445: -352 -355
1446: -352 -356
1447: -352 -357
1448: -352 -358
1449: -352 -359
1450: -352 -360
1451: -353 -354
1452: -353 -355
1453: -353 -356
1454: -353 -357
1455: -353 -358
1456: -353 -359
1457: -353 -360
1458: -354 -355
1459: -354 -356
1460: -354 -357
1461: -354 -358
1462: -354 -359
1463: -354 -360
1464: -355 -356
1465: -355 -357
1466: -355 -358
1467: -355 -359
1468: -355 -360
1469: -356 -357
1470: -356 -358
1471: -356 -359
1472: -356 -360
1473: -357 -358
1474: -357 -359
1475: -357 -360
1476: -358 -359
1477: -358 -360
1478: -359 -360
1479: 352 353 354 355 356 357 358 359 360
1480: -361 -362
1481: -361 -363
1482: -361 -364
1483: -361 -365
1484: -361 -366
1485: -361 -367
1486: -361 -368
1488: -362 -363
1489: -362 -364
1491: -362 -366
1492: -362 -367
1493: -362 -368
1495: -363 -364
1496: -363 -365
1497: -363 -366
1498: -363 -367
1499: -363 -368
1502: -364 -366
1503: -364 -367
1504: -364 -368
1507: -365 -367
1508: -365 -368
1510: -366 -367
1511: -366 -368
1513: -367 -368
1516: 361 362 363 364 365 366 367 368 369
1517: -370 -371
1518: -370 -372
1519: -370 -373
1520: -370 -374
1521: -370 -375
1522: -370 -376
1523: -370 -377
1524: -370 -378
1525: -371 -372
1526: -371 -373
1528: -371 -375
1529: -371 -376
1530: -371 -377
1531: -371 -378
1532: -372 -373
1534: -372 -375
1537: -372 -378
1538: -373 -374
1539: -373 -375
1542: -373 -378
1546: -374 -378
1547: -375 -376
1548: -375 -377
1549: -375 -378
1550: -376 -377
1553: 370 371 372 373 374 375 376 377 378
1554: -379 -380
1555: -379 -381
1556: -379 -382
1557: -379 -383
1558: -379 -384
1559: -379 -385
1560: -379 -386
1561: -379 -387
1562: -380 -381
1563: -380 -382
1564: -380 -383
1566: -380 -385
1567: -380 -386
1568: -380 -387
1569: -381 -382
1570: -381 -383
1571: -381 -384
1572: -381 -385
1573: -381 -386
1574: -381 -387
1575: -382 -383
1577: -382 -385
1578: -382 -386
1579: -382 -387
1580: -383 -384
1581: -383 -385
1582: -383 -386
1583: -383 -387
1586: -384 -387
1587: -385 -386
1588: -385 -387
1589: -386 -387
1590: 379 380 381 382 383 384 385 386 387
1591: -388 -389
1592: -388 -390
1593: -388 -391
1594: -388 -392
1595: -388 -393
1596: -388 -394
1597: -388 -395
1598: -388 -396
1599: -389 -390
1600: -389 -391
1601: -389 -392
1602: -389 -393
1603: -389 -394
1604: -389 -395
1605: -389 -396
1606: -390 -391
1607: -390 -392
1608: -390 -393
1609: -390 -394
1610: -390 -395
1611: -390 -396
1612: -391 -392
1613: -391 -393
1614: -391 -394
1615: -391 -395
1616: -391 -396
1617: -392 -393
1618: -392 -394
1620: -392 -396
1622: -393 -395
1623: -393 -396
1625: -394 -396
1626: -395 -396
1627: 388 389 390 391 392 393 394 395 396
1628: -397 -398
1629: -397 -399
1630: -397 -400
1631: -397 -401
1632: -397 -402
1633: -397 -403
1634: -397 -404
1635: -397 -405
1636: -398 -399
1637: -398 -400
1638: -398 -401
1639: -398 -402
1642: -398 -405
1643: -399 -400
1644: -399 -401
1645: -399 -402
1646: -399 -403
1647: -399 -404
1648: -399 -405
1649: -400 -401
1650: -400 -402
1652: -400 -404
1653: -400 -405
1654: -401 -402
1655: -401 -403
1656: -401 -404
1657: -401 -405
1660: -402 -405
1663: -404 -405
1664: 397 398 399 400 401 402 403 404 405
1673: -407 -408
1674: -407 -409
1676: -407 -411
1677: -407 -412
1678: -407 -413
1679: -407 -414
1680: -408 -409
1682: -408 -411
1683: -408 -412
1684: -408 -413
1685: -408 -414
1687: -409 -411
1688: -409 -412
1689: -409 -413
1690: -409 -414
1695: -411 -412
1696: -411 -413
1697: -411 -414
1698: -412 -413
1699: -412 -414
1700: -413 -414
1701: 406 407 408 409 410 411 412 413 414
1702: -415 -416
1703: -415 -417
1704: -415 -418
1705: -415 -419
1706: -415 -420
1707: -415 -421
1708: -415 -422
1709: -415 -423
1710: -416 -417
1711: -416 -418
1714: -416 -421
1715: -416 -422
1717: -417 -418
1718: -417 -419
1722: -417 -423
1723: -418 -419
1727: -418 -423
1728: -419 -420
1729: -419 -421
1730: -419 -422
1732: -420 -421
1733: -420 -422
1735: -421 -422
1737: -422 -423
1738: 415 416 417 418 419 420 421 422 423
1739: -424 -425
1740: -424 -426
1741: -424 -427
1742: -424 -428
1743: -424 -429
1744: -424 -430
1745: -424 -431
1746: -424 -432
1748: -425 -427
1749: -425 -428
1750: -425 -429
1751: -425 -430
1752: -425 -431
1753: -425 -432
1754: -426 -427
1755: -426 -428
1756: -426 -429
1757: -426 -430
1758: -426 -431
1759: -426 -432
1760: -427 -428
1761: -427 -429
1762: -427 -430
1763: -427 -431
1764: -427 -432
1765: -428 -429
1766: -428 -430
1767: -428 -431
1768: -428 -432
1769: -429 -430
1770: -429 -431
1771: -429 -432
1772: -430 -431
1773: -430 -432
1774: -431 -432
1775: 424 425 426 427 428 429 430 431 432
1776: -433 -434
1777: -433 -435
1778: -433 -436
1779: -433 -437
1781: -433 -439
1782: -433 -440
1783: -433 -441
1784: -434 -435
1785: -434 -436
1786: -434 -437
1787: -434 -438
1788: -434 -439
1789: -434 -440
1790: -434 -441
1791: -435 -436
1792: -435 -437
1793: -435 -438
1794: -435 -439
1795: -435 -440
1796: -435 -441
1797: -436 -437
1798: -436 -438
1799: -436 -439
1800: -436 -440
1801: -436 -441
1802: -437 -438
1803: -437 -439
1804: -437 -440
1805: -437 -441
1806: -438 -439
1807: -438 -440
1808: -438 -441
1809: -439 -440
1810: -439 -441
1811: -440 -441
1812: 433 434 435 436 437 438 439 440 441
1813: -442 -443
1814: -442 -444
1815: -442 -445
1816: -442 -446
1817: -442 -447
1818: -442 -448
1819: -442 -449
1820: -442 -450
1821: -443 -444
1822: -443 -445
1823: -443 -446
1824: -443 -447
1825: -443 -448
1826: -443 -449
1828: -444 -445
1829: -444 -446
1830: -444 -447
1834: -445 -446
1835: -445 -447
1836: -445 -448
1839: -446 -447
1840: -446 -448
1841: -446 -449
1842: -446 -450
1843: -447 -448
1844: -447 -449
1846: -448 -449
1849: 442 443 444 445 446 447 448 449 450
1850: -451 -452
1851: -451 -453
1852: -451 -454
1854: -451 -456
1855: -451 -457
1856: -451 -458
1857: -451 -459
1858: -452 -453
1859: -452 -454
1861: -452 -456
1862: -452 -457
1863: -452 -458
1864: -452 -459
1865: -453 -454
1867: -453 -456
1868: -453 -457
1869: -453 -458
1870: -453 -459
1872: -454 -456
1873: -454 -457
1874: -454 -458
1875: -454 -459
1881: -456 -458
1883: -457 -458
1884: -457 -459
1885: -458 -459
1886: 451 452 453 454 455 456 457 458 459
1887: -460 -461
1888: -460 -462
1889: -460 -463
1890: -460 -464
1891: -460 -465
1892: -460 -466
1894: -460 -468
1895: -461 -462
1896: -461 -463
1897: -461 -464
1898: -461 -465
1899: -461 -466
1900: -461 -467
1901: -461 -468
1902: -462 -463
1903: -462 -464
1904: -462 -465
1905: -462 -466
1908: -463 -464
1910: -463 -466
1911: -463 -467
1912: -463 -468
1913: -464 -465
1914: -464 -466
1915: -464 -467
1916: -464 -468
1918: -465 -467
1919: -465 -468
1921: -466 -468
1922: -467 -468
1923: 460 461 462 463 464 465 466 467 468
1924: -469 -470
1925: -469 -471
1926: -469 -472
1927: -469 -473
1928: -469 -474
1929: -469 -475
1930: -469 -476
1931: -469 -477
1932: -470 -471
1933: -470 -472
1934: -470 -473
1936: -470 -475
1937: -470 -476
1938: -470 -477
1939: -471 -472
1940: -471 -473
1941: -471 -474
1943: -471 -476
1944: -471 -477
1945: -472 -473
1946: -472 -474
1947: -472 -475
1948: -472 -476
1949: -472 -477
1950: -473 -474
1951: -473 -475
1952: -473 -476
1953: -473 -477
1955: -474 -476
1956: -474 -477
1958: -475 -477
1959: -476 -477
1960: 469 470 471 472 473 474 475 476 477
1961: -478 -479
1962: -478 -480
1963: -478 -481
1964: -478 -482
1965: -478 -483
1966: -478 -484
1967: -478 -485
1968: -478 -486
1969: -479 -480
1970: -479 -481
1971: -479 -482
1972: -479 -483
1973: -479 -484
1975: -479 -486
1976: -480 -481
1977: -480 -482
1978: -480 -483
1979: -480 -484
1980: -480 -485
1981: -480 -486
1982: -481 -482
1983: -481 -483
1984: -481 -484
1985: -481 -485
1986: -481 -486
1987: -482 -483
1988: -482 -484
1989: -482 -485
1990: -482 -486
1991: -483 -484
1994: -484 -485
1995: -484 -486
1997: 478 479 480 481 482 483 484 485 486
2006: -488 -489
2007: -488 -490
2008: -488 -491
2010: -488 -493
2011: -488 -494
2012: -488 -495
2013: -489 -490
2014: -489 -491
2016: -489 -493
2017: -489 -494
2018: -489 -495
2019: -490 -491
2021: -490 -493
2022: -490 -494
2023: -490 -495
2025: -491 -493
2026: -491 -494
2027: -491 -495
2031: -493 -494
2032: -493 -495
2033: -494 -495
2034: 487 488 489 490 491 492 493 494 495
2035: -496 -497
2036: -496 -498
2037: -496 -499
2038: -496 -500
2039: -496 -501
2040: -496 -502
2041: -496 -503
2042: -496 -504
2043: -497 -498
2044: -497 -499
2046: -497 -501
2047: -497 -502
2049: -497 -504
2050: -498 -499
2051: -498 -500
2052: -498 -501
2054: -498 -503
2055: -498 -504
2056: -499 -500
2057: -499 -501
2058: -499 -502
2060: -499 -504
2061: -500 -501
2063: -500 -503
2064: -500 -504
2065: -501 -502
2066: -501 -503
2067: -501 -504
2070: -503 -504
2071: 496 497 498 499 500 501 502 503 504
2072: -505 -506
2073: -505 -507
2074: -505 -508
2075: -505 -509
2076: -505 -510
2077: -505 -511
2078: -505 -512
2079: -505 -513
2080: -506 -507
2081: -506 -508
2082: -506 -509
2083: -506 -510
2084: -506 -511
2085: -506 -512
2086: -506 -513
2087: -507 -508
2088: -507 -509
2089: -507 -510
2090: -507 -511
2091: -507 -512
2092: -507 -513
2093: -508 -509
2094: -508 -510
2095: -508 -511
2096: -508 -512
2097: -508 -513
2098: -509 -510
2099: -509 -511
2100: -509 -512
2101: -509 -513
2102: -510 -511
2103: -510 -512
2104: -510 -513
2105: -511 -512
2106: -511 -513
2107: -512 -513
2108: 505 506 507 508 509 510 511 512 513
2109: -514 -515
2110: -514 -516
2111: -514 -517
2112: -514 -518
2113: -514 -519
2114: -514 -520
2115: -514 -521
2116: -514 -522
2117: -515 -516
2118: -515 -517
2119: -515 -518
2120: -515 -519
2121: -515 -520
2122: -515 -521
2123: -515 -522
2124: -516 -517
2125: -516 -518
2126: -516 -519
2127: -516 -520
2128: -516 -521
2129: -516 -522
2130: -517 -518
2131: -517 -519
2132: -517 -520
2133: -517 -521
2134: -517 -522
2135: -518 -519
2136: -518 -520
2137: -518 -521
2138: -518 -522
2139: -519 -520
2140: -519 -521
2141: -519 -522
2142: -520 -521
2143: -520 -522
2144: -521 -522
2145: 514 515 516 517 518 519 520 521 522
2146: -523 -524
2147: -523 -525
2148: -523 -526
2149: -523 -527
2150: -523 -528
2151: -523 -529
2152: -523 -530
2153: -523 -531
2154: -524 -525
2155: -524 -526
2156: -524 -527
2157: -524 -528
2158: -524 -529
2159: -524 -530
2160: -524 -531
2161: -525 -526
2162: -525 -527
2163: -525 -528
2164: -525 -529
2165: -525 -530
2166: -525 -531
2167: -526 -527
2168: -526 -528
2169: -526 -529
2170: -526 -530
2172: -527 -528
2173: -527 -529
2174: -527 -530
2176: -528 -529
2177: -528 -530
2178: -528 -531
2179: -529 -530
2181: -530 -531
2182: 523 524 525 526 527 528 529 530 531
2183: -532 -533
2184: -532 -534
2185: -532 -535
2186: -532 -536
2187: -532 -537
2188: -532 -538
2189: -532 -539
2190: -532 -540
2191: -533 -534
2192: -533 -535
2193: -533 -536
2194: -533 -537
2195: -533 -538
2196: -533 -539
2198: -534 -535
2200: -534 -537
2201: -534 -538
2202: -534 -539
2203: -534 -540
2204: -535 -536
2205: -535 -537
2206: -535 -538
2207: -535 -539
2208: -535 -540
2209: -536 -537
2210: -536 -538
2211: -536 -539
2213: -537 -538
2214: -537 -539
2215: -537 -540
2216: -538 -539
2217: -538 -540
2218: -539 -540
2219: 532 533 534 535 536 537 538 539 540
2220: -541 -542
2221: -541 -543
2222: -541 -544
2223: -541 -545
2225: -541 -547
2226: -541 -548
2227: -541 -549
2228: -542 -543
2229: -542 -544
2230: -542 -545
2232: -542 -547
2233: -542 -548
2234: -542 -549
2235: -543 -544
2236: -543 -545
2238: -543 -547
2239: -543 -548
2240: -543 -549
2241: -544 -545
2243: -544 -547
2244: -544 -548
2245: -544 -549
2247: -545 -547
2248: -545 -548
2249: -545 -549
2253: -547 -548
2254: -547 -549
2255: -548 -549
2256: 541 542 543 544 545 546 547 548 549
2257: -550 -551
2258: -550 -552
2259: -550 -553
2260: -550 -554
2261: -550 -555
2262: -550 -556
2263: -550 -557
2264: -550 -558
2265: -551 -552
2266: -551 -553
2268: -551 -555
2269: -551 -556
2270: -551 -557
2272: -552 -553
2273: -552 -554
2274: -552 -555
2275: -552 -556
2276: -552 -557
2277: -552 -558
2278: -553 -554
2279: -553 -555
2280: -553 -556
2281: -553 -557
2282: -553 -558
2283: -554 -555
2287: -555 -556
2288: -555 -557
2289: -555 -558
2290: -556 -557
2293: 550 551 552 553 554 555 556 557 558
2294: -559 -560
2295: -559 -561
2296: -559 -562
2297: -559 -563
2298: -559 -564
2299: -559 -565
2300: -559 -566
2301: -559 -567
2302: -560 -561
2303: -560 -562
2304: -560 -563
2305: -560 -564
2309: -561 -562
2310: -561 -563
2311: -561 -564
2313: -561 -566
2314: -561 -567
2315: -562 -563
2316: -562 -564
2317: -562 -565
2318: -562 -566
2319: -562 -567
2320: -563 -564
2321: -563 -565
2323: -563 -567
2324: -564 -565
2325: -564 -566
2326: -564 -567
2327: -565 -566
2328: -565 -567
2329: -566 -567
2330: 559 560 561 562 563 564 565 566 567
2339: -569 -570
2340: -569 -571
2341: -569 -572
2342: -569 -573
2344: -569 -575
2345: -569 -576
2346: -570 -571
2347: -570 -572
2348: -570 -573
2350: -570 -575
2351: -570 -576
2352: -571 -572
2353: -571 -573
2355: -571 -575
2356: -571 -576
2357: -572 -573
2359: -572 -575
2360: -572 -576
2362: -573 -575
2363: -573 -576
2366: -575 -576
2367: 568 569 570 571 572 573 574 575 576
2368: -577 -578
2370: -577 -580
2371: -577 -581
2372: -577 -582
2373: -577 -583
2374: -577 -584
2376: -578 -579
2377: -578 -580
2378: -578 -581
2379: -578 -582
2380: -578 -583
2381: -578 -584
2383: -579 -580
2386: -579 -583
2387: -579 -584
2388: -579 -585
2389: -580 -581
2390: -580 -582
2391: -580 -583
2394: -581 -582
2398: -582 -583
2401: -583 -584
2402: -583 -585
2403: -584 -585
2404: 577 578 579 580 581 582 583 584 585
2405: -586 -587
2406: -586 -588
2407: -586 -589
2408: -586 -590
2409: -586 -591
2410: -586 -592
2411: -586 -593
2412: -586 -594
2413: -587 -588
2414: -587 -589
2415: -587 -590
2416: -587 -591
2417: -587 -592
2418: -587 -593
2419: -587 -594
2420: -588 -589
2422: -588 -591
2423: -588 -592
2424: -588 -593
2425: -588 -594
2426: -589 -590
2427: -589 -591
2428: -589 -592
2429: -589 -593
2430: -589 -594
2431: -590 -591
2432: -590 -592
2433: -590 -593
2434: -590 -594
2435: -591 -592
2436: -591 -593
2437: -591 -594
2438: -592 -593
2439: -592 -594
2440: -593 -594
2441: 586 587 588 589 590 591 592 593 594
2442: -595 -596
2443: -595 -597
2444: -595 -598
2446: -595 -600
2447: -595 -601
2448: -595 -602
2449: -595 -603
2450: -596 -597
2451: -596 -598
2452: -596 -599
2453: -596 -600
2454: -596 -601
2455: -596 -602
2456: -596 -603
2457: -597 -598
2458: -597 -599
2459: -597 -600
2460: -597 -601
2461: -597 -602
2462: -597 -603
2463: -598 -599
2464: -598 -600
2465: -598 -601
2466: -598 -602
2467: -598 -603
2469: -599 -601
2470: -599 -602
2471: -599 -603
2472: -600 -601
2473: -600 -602
2474: -600 -603
2475: -601 -602
2476: -601 -603
2477: -602 -603
2478: 595 596 597 598 599 600 601 602 603
2479: -604 -605
2480: -604 -606
2481: -604 -607
2482: -604 -608
2483: -604 -609
2484: -604 -610
2485: -604 -611
2486: -604 -612
2487: -605 -606
2488: -605 -607
2489: -605 -608
2490: -605 -609
2491: -605 -610
2493: -605 -612
2494: -606 -607
2495: -606 -608
2496: -606 -609
2497: -606 -610
2498: -606 -611
2499: -606 -612
2500: -607 -608
2501: -607 -609
2502: -607 -610
2503: -607 -611
2505: -608 -609
2506: -608 -610
2507: -608 -611
2508: -608 -612
2509: -609 -610
2510: -609 -611
2511: -609 -612
2512: -610 -611
2513: -610 -612
2514: -611 -612
2515: 604 605 606 607 608 609 610 611 612
2516: -613 -614
2517: -613 -615
2518: -613 -616
2519: -613 -617
2520: -613 -618
2521: -613 -619
2522: -613 -620
2523: -613 -621
2524: -614 -615
2525: -614 -616
2527: -614 -618
2528: -614 -619
2529: -614 -620
2531: -615 -616
2533: -615 -618
2534: -615 -619
2535: -615 -620
2536: -615 -621
2537: -616 -617
2539: -616 -619
2542: -617 -618
2543: -617 -619
2544: -617 -620
2546: -618 -619
2549: -619 -620
2550: -619 -621
2552: 613 614 615 616 617 618 619 620 621
2553: -622 -623
2554: -622 -624
2555: -622 -625
2556: -622 -626
2558: -622 -628
2559: -622 -629
2560: -622 -630
2561: -623 -624
2562: -623 -625
2563: -623 -626
2564: -623 -627
2565: -623 -628
2566: -623 -629
2567: -623 -630
2571: -624 -628
2572: -624 -629
2576: -625 -628
2577: -625 -629
2578: -625 -630
2580: -626 -628
2581: -626 -629
2583: -627 -628
2584: -627 -629
2585: -627 -630
2586: -628 -629
2587: -628 -630
2588: -629 -630
2589: 622 623 624 625 626 627 628 629 630
2590: -631 -632
2591: -631 -633
2592: -631 -634
2593: -631 -635
2594: -631 -636
2596: -631 -638
2597: -631 -639
2598: -632 -633
2599: -632 -634
2600: -632 -635
2601: -632 -636
2603: -632 -638
2604: -632 -639
2605: -633 -634
2606: -633 -635
2607: -633 -636
2609: -633 -638
2610: -633 -639
2611: -634 -635
2612: -634 -636
2614: -634 -638
2615: -634 -639
2618: -635 -638
2621: -636 -638
2625: -638 -639
2626: 631 632 633 634 635 636 637 638 639
2627: -640 -641
2628: -640 -642
2629: -640 -643
2630: -640 -644
2631: -640 -645
2632: -640 -646
2633: -640 -647
2634: -640 -648
2635: -641 -642
2636: -641 -643
2637: -641 -644
2638: -641 -645
2639: -641 -646
2640: -641 -647
2641: -641 -648
2642: -642 -643
2643: -642 -644
2644: -642 -645
2645: -642 -646
2646: -642 -647
2647: -642 -648
2648: -643 -644
2649: -643 -645
2650: -643 -646
2651: -643 -647
2652: -643 -648
2654: -644 -646
2655: -644 -647
2657: -645 -646
2658: -645 -647
2660: -646 -647
2661: -646 -648
2662: -647 -648
2663: 640 641 642 643 644 645 646 647 648
2672: -650 -651
2673: -650 -652
2674: -650 -653
2675: -650 -654
2676: -650 -655
2678: -650 -657
2679: -651 -652
2680: -651 -653
2681: -651 -654
2682: -651 -655
2684: -651 -657
2685: -652 -653
2686: -652 -654
2687: -652 -655
2689: -652 -657
2690: -653 -654
2691: -653 -655
2693: -653 -657
2694: -654 -655
2696: -654 -657
2698: -655 -657
2700: 649 650 651 652 653 654 655 656 657
2701: -658 -659
2702: -658 -660
2703: -658 -661
2704: -658 -662
2705: -658 -663
2706: -658 -664
2707: -658 -665
2708: -658 -666
2714: -659 -665
2715: -659 -666
2716: -660 -661
2717: -660 -662
2718: -660 -663
2720: -660 -665
2721: -660 -666
2722: -661 -662
2723: -661 -663
2724: -661 -664
2725: -661 -665
2726: -661 -666
2727: -662 -663
2729: -662 -665
2730: -662 -666
2731: -663 -664
2732: -663 -665
2733: -663 -666
2734: -664 -665
2736: -665 -666
2737: 658 659 660 661 662 663 664 665 666
2738: -667 -668
2739: -667 -669
2740: -667 -670
2741: -667 -671
2742: -667 -672
2743: -667 -673
2744: -667 -674
2745: -667 -675
2746: -668 -669
2747: -668 -670
2748: -668 -671
2749: -668 -672
2750: -668 -673
2751: -668 -674
2752: -668 -675
2753: -669 -670
2754: -669 -671
2755: -669 -672
2756: -669 -673
2757: -669 -674
2758: -669 -675
2759: -670 -671
2760: -670 -672
2761: -670 -673
2762: -670 -674
2763: -670 -675
2764: -671 -672
2765: -671 -673
2766: -671 -674
2767: -671 -675
2768: -672 -673
2769: -672 -674
2770: -672 -675
2771: -673 -674
2772: -673 -675
2773: -674 -675
2774: 667 668 669 670 671 672 673 674 675
2775: -676 -677
2776: -676 -678
2777: -676 -679
2778: -676 -680
2779: -676 -681
2780: -676 -682
2781: -676 -683
2782: -676 -684
2783: -677 -678
2784: -677 -679
2785: -677 -680
2786: -677 -681
2787: -677 -682
2788: -677 -683
2789: -677 -684
2790: -678 -679
2791: -678 -680
2792: -678 -681
2793: -678 -682
2794: -678 -683
2795: -678 -684
2796: -679 -680
2797: -679 -681
2798: -679 -682
2799: -679 -683
2800: -679 -684
2801: -680 -681
2802: -680 -682
2803: -680 -683
2804: -680 -684
2805: -681 -682
2806: -681 -683
2808: -682 -683
2809: -682 -684
2810: -683 -684
2811: 676 677 678 679 680 681 682 683 684
2812: -685 -686
2813: -685 -687
2814: -685 -688
2815: -685 -689
2816: -685 -690
2817: -685 -691
2818: -685 -692
2819: -685 -693
2820: -686 -687
2821: -686 -688
2822: -686 -689
2823: -686 -690
2825: -686 -692
2826: -686 -693
2827: -687 -688
2828: -687 -689
2829: -687 -690
2830: -687 -691
2831: -687 -692
2833: -688 -689
2834: -688 -690
2835: -688 -691
2836: -688 -692
2837: -688 -693
2840: -689 -692
2842: -690 -691
2843: -690 -692
2845: -691 -692
2847: -692 -693
2848: 685 686 687 688 689 690 691 692 693
2849: -694 -695
2850: -694 -696
2851: -694 -697
2852: -694 -698
2853: -694 -699
2854: -694 -700
2855: -694 -701
2856: -694 -702
2857: -695 -696
2858: -695 -697
2860: -695 -699
2861: -695 -700
2862: -695 -701
2863: -695 -702
2864: -696 -697
2865: -696 -698
2866: -696 -699
2868: -696 -701
2869: -696 -702
2870: -697 -698
2871: -697 -699
2872: -697 -700
2873: -697 -701
2874: -697 -702
2877: -698 -701
2878: -698 -702
2879: -699 -700
2880: -699 -701
2881: -699 -702
2882: -700 -701
2884: -701 -702
2885: 694 695 696 697 698 699 700 701 702
2886: -703 -704
2887: -703 -705
2888: -703 -706
2889: -703 -707
2890: -703 -708
2891: -703 -709
2892: -703 -710
2893: -703 -711
2894: -704 -705
2895: -704 -706
2896: -704 -707
2897: -704 -708
2898: -704 -709
2899: -704 -710
2900: -704 -711
2901: -705 -706
2902: -705 -707
2903: -705 -708
2904: -705 -709
2905: -705 -710
2906: -705 -711
2907: -706 -707
2909: -706 -709
2910: -706 -710
2911: -706 -711
2914: -707 -710
2916: -708 -709
2917: -708 -710
2919: -709 -710
2921: -710 -711
2922: 703 704 705 706 707 708 709 710 711
2923: -712 -713
2924: -712 -714
2925: -712 -715
2926: -712 -716
2927: -712 -717
2928: -712 -718
2929: -712 -719
2930: -712 -720
2931: -713 -714
2932: -713 -715
2933: -713 -716
2935: -713 -718
2936: -713 -719
2937: -713 -720
2938: -714 -715
2939: -714 -716
2941: -714 -718
2942: -714 -719
2943: -714 -720
2944: -715 -716
2945: -715 -717
2946: -715 -718
2947: -715 -719
2948: -715 -720
2950: -716 -718
2951: -716 -719
2952: -716 -720
2954: -717 -719
2955: -717 -720
2958: -719 -720
2959: 712 713 714 715 716 717 718 719 720
2960: -721 -722
2961: -721 -723
2962: -721 -724
2963: -721 -725
2964: -721 -726
2965: -721 -727
2967: -721 -729
2968: -722 -723
2969: -722 -724
2970: -722 -725
2971: -722 -726
2972: -722 -727
2974: -722 -729
2975: -723 -724
2976: -723 -725
2977: -723 -726
2978: -723 -727
2980: -723 -729
2981: -724 -725
2982: -724 -726
2983: -724 -727
2985: -724 -729
2986: -725 -726
2987: -725 -727
2989: -725 -729
2990: -726 -727
2992: -726 -729
2994: -727 -729
2996: 721 722 723 724 725 726 727 728 729
3899: -84 -173 -12 100
3909: -84 -174 -22 109
3915: -84 -175 -28 82
3929: -84 -176 -42 127
3939: -84 -177 -52 136
3949: -84 -178 -62 145
3959: -84 -179 -72 154
3964: -84 -180 -77 118
4709: -166 -263 -12 181
4725: -166 -265 -28 163
4739: -166 -266 -42 208
4749: -166 -267 -52 217
4759: -166 -268 -62 226
4769: -166 -269 -72 235
4774: -166 -270 -77 199
4780: -167 -343 -2 172
4790: -167 -344 -12 181
4800: -167 -345 -22 190
4806: -167 -346 -28 163
4820: -167 -347 -42 208
4830: -167 -348 -52 217
4840: -167 -349 -62 226
4850: -167 -350 -72 235
4855: -167 -351 -77 199
4861: -168 -424 -2 172
4871: -168 -425 -12 181
4881: -168 -426 -22 190
4887: -168 -427 -28 163
4901: -168 -428 -42 208
4911: -168 -429 -52 217
4921: -168 -430 -62 226
4931: -168 -431 -72 235
4936: -168 -432 -77 199
4942: -169 -505 -2 172
4952: -169 -506 -12 181
4962: -169 -507 -22 190
4968: -169 -508 -28 163
4982: -169 -509 -42 208
4992: -169 -510 -52 217
5002: -169 -511 -62 226
5012: -169 -512 -72 235
5017: -169 -513 -77 199
5023: -170 -586 -2 172
5033: -170 -587 -12 181
5043: -170 -588 -22 190
5049: -170 -589 -28 163
5063: -170 -590 -42 208
5073: -170 -591 -52 217
5083: -170 -592 -62 226
5093: -170 -593 -72 235
5098: -170 -594 -77 199
5104: -171 -667 -2 172
5114: -171 -668 -12 181
5124: -171 -669 -22 190
5130: -171 -670 -28 163
5144: -171 -671 -42 208
5154: -171 -672 -52 217
5164: -171 -673 -62 226
5174: -171 -674 -72 235
5179: -171 -675 -77 199
5438: -247 -272 -12 262
5454: -247 -274 -28 244
5468: -247 -275 -42 289
5478: -247 -276 -52 298
5488: -247 -277 -62 307
5498: -247 -278 -72 316
5503: -247 -279 -77 280
5509: -248 -352 -2 253
5519: -248 -353 -12 262
5529: -248 -354 -22 271
5535: -248 -355 -28 244
5549: -248 -356 -42 289
5559: -248 -357 -52 298
5569: -248 -358 -62 307
5579: -248 -359 -72 316
5584: -248 -360 -77 280
5590: -249 -433 -2 253
5600: -249 -434 -12 262
5610: -249 -435 -22 271
5616: -249 -436 -28 244
5630: -249 -437 -42 289
5640: -249 -438 -52 298
5650: -249 -439 -62 307
5660: -249 -440 -72 316
5665: -249 -441 -77 280
5671: -250 -514 -2 253
5681: -250 -515 -12 262
5691: -250 -516 -22 271
5697: -250 -517 -28 244
5711: -250 -518 -42 289
5721: -250 -519 -52 298
5731: -250 -520 -62 307
5741: -250 -521 -72 316
5746: -250 -522 -77 280
5752: -251 -595 -2 253
5762: -251 -596 -12 262
5772: -251 -597 -22 271
5778: -251 -598 -28 244
5792: -251 -599 -42 289
5802: -251 -600 -52 298
5812: -251 -601 -62 307
5822: -251 -602 -72 316
5827: -251 -603 -77 280
5833: -252 -676 -2 253
5843: -252 -677 -12 262
5853: -252 -678 -22 271
5859: -252 -679 -28 244
5873: -252 -680 -42 289
5883: -252 -681 -52 298
5893: -252 -682 -62 307
5903: -252 -683 -72 316
5908: -252 -684 -77 280
5995: -326 -118 -2 334
6005: -326 -119 -12 343
6021: -326 -121 -28 325
6035: -326 -122 -42 370
6045: -326 -123 -52 379
6055: -326 -124 -62 388
6065: -326 -125 -72 397
6070: -326 -126 -77 361
6076: -327 -199 -2 334
6086: -327 -200 -12 343
6096: -327 -201 -22 352
6102: -327 -202 -28 325
6116: -327 -203 -42 370
6126: -327 -204 -52 379
6136: -327 -205 -62 388
6146: -327 -206 -72 397
6151: -327 -207 -77 361
6157: -328 -280 -2 334
6167: -328 -281 -12 343
6183: -328 -283 -28 325
6197: -328 -284 -42 370
6207: -328 -285 -52 379
6217: -328 -286 -62 388
6227: -328 -287 -72 397
6232: -328 -288 -77 361
6248: -329 -362 -12 343
6258: -329 -363 -22 352
6264: -329 -364 -28 325
6288: -329 -366 -52 379
6298: -329 -367 -62 388
6308: -329 -368 -72 397
6313: -329 -369 -77 361
6319: -330 -442 -2 334
6329: -330 -443 -12 343
6339: -330 -444 -22 352
6345: -330 -445 -28 325
6359: -330 -446 -42 370
6369: -330 -447 -52 379
6379: -330 -448 -62 388
6389: -330 -449 -72 397
6394: -330 -450 -77 361
6400: -331 -523 -2 334
6410: -331 -524 -12 343
6420: -331 -525 -22 352
6426: -331 -526 -28 325
6440: -331 -527 -42 370
6450: -331 -528 -52 379
6460: -331 -529 -62 388
6470: -331 -530 -72 397
6475: -331 -531 -77 361
6481: -332 -604 -2 334
6491: -332 -605 -12 343
6501: -332 -606 -22 352
6507: -332 -607 -28 325
6521: -332 -608 -42 370
6531: -332 -609 -52 379
6541: -332 -610 -62 388
6551: -332 -611 -72 397
6556: -332 -612 -77 361
6724: -407 -127 -2 415
6734: -407 -128 -12 424
6750: -407 -130 -28 406
6764: -407 -131 -42 451
6774: -407 -132 -52 460
6784: -407 -133 -62 469
6794: -407 -134 -72 478
6799: -407 -135 -77 442
6805: -408 -208 -2 415
6815: -408 -209 -12 424
6825: -408 -210 -22 433
6831: -408 -211 -28 406
6845: -408 -212 -42 451
6855: -408 -213 -52 460
6865: -408 -214 -62 469
6875: -408 -215 -72 478
6880: -408 -216 -77 442
6886: -409 -289 -2 415
6896: -409 -290 -12 424
6912: -409 -292 -28 406
6926: -409 -293 -42 451
6936: -409 -294 -52 460
6946: -409 -295 -62 469
6956: -409 -296 -72 478
6961: -409 -297 -77 442
7058: -411 -452 -12 424
7068: -411 -453 -22 433
7074: -411 -454 -28 406
7108: -411 -457 -62 469
7118: -411 -458 -72 478
7123: -411 -459 -77 442
7129: -412 -532 -2 415
7139: -412 -533 -12 424
7149: -412 -534 -22 433
7155: -412 -535 -28 406
7169: -412 -536 -42 451
7179: -412 -537 -52 460
7189: -412 -538 -62 469
7199: -412 -539 -72 478
7204: -412 -540 -77 442
7210: -413 -613 -2 415
7220: -413 -614 -12 424
7230: -413 -615 -22 433
7236: -413 -616 -28 406
7250: -413 -617 -42 451
7260: -413 -618 -52 460
7270: -413 -619 -62 469
7280: -413 -620 -72 478
7285: -413 -621 -77 442
7291: -414 -694 -2 415
7301: -414 -695 -12 424
7311: -414 -696 -22 433
7317: -414 -697 -28 406
7331: -414 -698 -42 451
7341: -414 -699 -52 460
7351: -414 -700 -62 469
7361: -414 -701 -72 478
7366: -414 -702 -77 442
7453: -488 -136 -2 496
7463: -488 -137 -12 505
7479: -488 -139 -28 487
7493: -488 -140 -42 532
7503: -488 -141 -52 541
7513: -488 -142 -62 550
7523: -488 -143 -72 559
7528: -488 -144 -77 523
7534: -489 -217 -2 496
7544: -489 -218 -12 505
7554: -489 -219 -22 514
7560: -489 -220 -28 487
7574: -489 -221 -42 532
7584: -489 -222 -52 541
7594: -489 -223 -62 550
7604: -489 -224 -72 559
7609: -489 -225 -77 523
7615: -490 -298 -2 496
7625: -490 -299 -12 505
7641: -490 -301 -28 487
7655: -490 -302 -42 532
7665: -490 -303 -52 541
7675: -490 -304 -62 550
7685: -490 -305 -72 559
7690: -490 -306 -77 523
7696: -491 -379 -2 496
7706: -491 -380 -12 505
7716: -491 -381 -22 514
7722: -491 -382 -28 487
7736: -491 -383 -42 532
7746: -491 -384 -52 541
7756: -491 -385 -62 550
7766: -491 -386 -72 559
7771: -491 -387 -77 523
7868: -493 -542 -12 505
7878: -493 -543 -22 514
7884: -493 -544 -28 487
7898: -493 -545 -42 532
7918: -493 -547 -62 550
7928: -493 -548 -72 559
7933: -493 -549 -77 523
7939: -494 -622 -2 496
7949: -494 -623 -12 505
7959: -494 -624 -22 514
7965: -494 -625 -28 487
7979: -494 -626 -42 532
7989: -494 -627 -52 541
7999: -494 -628 -62 550
8009: -494 -629 -72 559
8014: -494 -630 -77 523
8020: -495 -703 -2 496
8030: -495 -704 -12 505
8040: -495 -705 -22 514
8046: -495 -706 -28 487
8060: -495 -707 -42 532
8070: -495 -708 -52 541
8080: -495 -709 -62 550
8090: -495 -710 -72 559
8095: -495 -711 -77 523
8182: -569 -145 -2 577
8192: -569 -146 -12 586
8208: -569 -148 -28 568
8222: -569 -149 -42 613
8232: -569 -150 -52 622
8242: -569 -151 -62 631
8252: -569 -152 -72 640
8257: -569 -153 -77 604
8263: -570 -226 -2 577
8273: -570 -227 -12 586
8283: -570 -228 -22 595
8289: -570 -229 -28 568
8303: -570 -230 -42 613
8313: -570 -231 -52 622
8323: -570 -232 -62 631
8333: -570 -233 -72 640
8338: -570 -234 -77 604
8344: -571 -307 -2 577
8354: -571 -308 -12 586
8370: -571 -310 -28 568
8384: -571 -311 -42 613
8394: -571 -312 -52 622
8404: -571 -313 -62 631
8414: -571 -314 -72 640
8419: -571 -315 -77 604
8425: -572 -388 -2 577
8435: -572 -389 -12 586
8445: -572 -390 -22 595
8451: -572 -391 -28 568
8465: -572 -392 -42 613
8475: -572 -393 -52 622
8485: -572 -394 -62 631
8495: -572 -395 -72 640
8500: -572 -396 -77 604
8506: -573 -469 -2 577
8516: -573 -470 -12 586
8526: -573 -471 -22 595
8532: -573 -472 -28 568
8546: -573 -473 -42 613
8556: -573 -474 -52 622
8566: -573 -475 -62 631
8576: -573 -476 -72 640
8581: -573 -477 -77 604
8668: -575 -631 -2 577
8678: -575 -632 -12 586
8688: -575 -633 -22 595
8694: -575 -634 -28 568
8708: -575 -635 -42 613
8718: -575 -636 -52 622
8728: -575 -637 -62 631
8743: -575 -639 -77 604
8749: -576 -712 -2 577
8759: -576 -713 -12 586
8769: -576 -714 -22 595
8775: -576 -715 -28 568
8789: -576 -716 -42 613
8799: -576 -717 -52 622
8809: -576 -718 -62 631
8819: -576 -719 -72 640
8824: -576 -720 -77 604
8911: -650 -154 -2 658
8921: -650 -155 -12 667
8937: -650 -157 -28 649
8951: -650 -158 -42 694
8961: -650 -159 -52 703
8971: -650 -160 -62 712
8981: -650 -161 -72 721
8986: -650 -162 -77 685
8992: -651 -235 -2 658
9002: -651 -236 -12 667
9012: -651 -237 -22 676
9018: -651 -238 -28 649
9032: -651 -239 -42 694
9042: -651 -240 -52 703
9052: -651 -241 -62 712
9062: -651 -242 -72 721
9067: -651 -243 -77 685
9073: -652 -316 -2 658
9083: -652 -317 -12 667
9099: -652 -319 -28 649
9113: -652 -320 -42 694
9123: -652 -321 -52 703
9133: -652 -322 -62 712
9143: -652 -323 -72 721
9148: -652 -324 -77 685
9154: -653 -397 -2 658
9164: -653 -398 -12 667
9174: -653 -399 -22 676
9180: -653 -400 -28 649
9194: -653 -401 -42 694
9204: -653 -402 -52 703
9214: -653 -403 -62 712
9224: -653 -404 -72 721
9229: -653 -405 -77 685
9235: -654 -478 -2 658
9245: -654 -479 -12 667
9255: -654 -480 -22 676
9261: -654 -481 -28 649
9275: -654 -482 -42 694
9285: -654 -483 -52 703
9295: -654 -484 -62 712
9305: -654 -485 -72 721
9310: -654 -486 -77 685
9316: -655 -559 -2 658
9326: -655 -560 -12 667
9336: -655 -561 -22 676
9342: -655 -562 -28 649
9356: -655 -563 -42 694
9366: -655 -564 -52 703
9376: -655 -565 -62 712
9386: -655 -566 -72 721
9391: -655 -567 -77 685
9478: -657 -721 -2 658
9488: -657 -722 -12 667
9498: -657 -723 -22 676
9504: -657 -724 -28 649
9518: -657 -725 -42 694
9528: -657 -726 -52 703
9538: -657 -727 -62 712
9548: -657 -728 -72 721
9748: -12 -166 -110 11
9751: -12 -166 -113 38
9752: -12 -166 -114 47
9753: -12 -166 -115 56
9754: -12 -166 -116 65
9755: -12 -166 -117 74
9757: -12 -167 -119 11
9759: -12 -167 -121 29
9760: -12 -167 -122 38
9761: -12 -167 -123 47
9762: -12 -167 -124 56
9763: -12 -167 -125 65
9764: -12 -167 -126 74
9766: -12 -168 -128 11
9768: -12 -168 -130 29
9769: -12 -168 -131 38
9770: -12 -168 -132 47
9771: -12 -168 -133 56
9772: -12 -168 -134 65
9773: -12 -168 -135 74
9775: -12 -169 -137 11
9777: -12 -169 -139 29
9778: -12 -169 -140 38
9779: -12 -169 -141 47
9780: -12 -169 -142 56
9781: -12 -169 -143 65
9782: -12 -169 -144 74
9784: -12 -170 -146 11
9786: -12 -170 -148 29
9787: -12 -170 -149 38
9788: -12 -170 -150 47
9789: -12 -170 -151 56
9790: -12 -170 -152 65
9791: -12 -170 -153 74
9793: -12 -171 -155 11
9795: -12 -171 -157 29
9796: -12 -171 -158 38
9797: -12 -171 -159 47
9798: -12 -171 -160 56
9799: -12 -171 -161 65
9800: -12 -171 -162 74
10384: -92 -92 -98 146
10435: -92 -98 -149 119
10549: -94 -255 -101 92
10552: -94 -255 -104 119
10553: -94 -255 -105 128
10554: -94 -255 -106 137
10555: -94 -255 -107 146
10556: -94 -255 -108 155
10613: -95 -334 -84 101
10635: -95 -336 -106 137
10638: -95 -337 -109 83
10645: -95 -337 -116 146
10646: -95 -337 -117 155
10647: -95 -338 -118 83
10656: -95 -339 -127 83
10662: -95 -339 -133 137
10664: -95 -339 -135 155
10670: -95 -340 -141 128
10671: -95 -340 -142 137
10672: -95 -340 -143 146
10673: -95 -340 -144 155
10677: -95 -341 -148 110
10679: -95 -341 -150 128
10680: -95 -341 -151 137
10683: -95 -342 -154 83
10694: -96 -415 -84 101
10714: -96 -417 -104 119
10718: -96 -417 -108 155
10723: -96 -418 -113 119
10725: -96 -418 -115 137
10728: -96 -419 -118 83
10731: -96 -419 -121 110
10735: -96 -419 -125 146
10736: -96 -419 -126 155
10746: -96 -421 -136 83
10749: -96 -421 -139 110
10750: -96 -421 -140 119
10754: -96 -421 -144 155
10758: -96 -422 -148 110
10761: -96 -422 -151 137
10763: -96 -422 -153 155
10764: -96 -423 -154 83
10767: -96 -423 -157 110
10768: -96 -423 -158 119
10770: -96 -423 -160 137
10771: -96 -423 -161 146
10775: -97 -496 -84 101
10792: -97 -498 -101 92
10795: -97 -498 -104 119
10796: -97 -498 -105 128
10798: -97 -498 -107 146
10799: -97 -498 -108 155
10801: -97 -499 -110 92
10804: -97 -499 -113 119
10805: -97 -499 -114 128
10808: -97 -499 -117 155
10809: -97 -500 -118 83
10812: -97 -500 -121 110
10814: -97 -500 -123 128
10817: -97 -500 -126 155
10818: -97 -501 -127 83
10821: -97 -501 -130 110
10822: -97 -501 -131 119
10826: -97 -501 -135 155
10830: -97 -502 -139 110
10836: -97 -503 -145 83
10839: -97 -503 -148 110
10840: -97 -503 -149 119
10841: -97 -503 -150 128
10845: -97 -504 -154 83
10848: -97 -504 -157 110
10849: -97 -504 -158 119
10850: -97 -504 -159 128
10852: -97 -504 -161 146
10856: -98 -577 -84 101
10876: -98 -579 -104 119
10880: -98 -579 -108 155
10885: -98 -580 -113 119
10886: -98 -580 -114 128
10887: -98 -580 -115 137
10889: -98 -580 -117 155
10894: -98 -581 -122 119
10896: -98 -581 -124 137
10898: -98 -581 -126 155
10902: -98 -582 -130 110
10903: -98 -582 -131 119
10907: -98 -582 -135 155
10911: -98 -583 -139 110
10912: -98 -583 -140 119
10926: -98 -585 -154 83
10927: -98 -585 -155 92
10929: -98 -585 -157 110
10930: -98 -585 -158 119
10931: -98 -585 -159 128
10932: -98 -585 -160 137
10937: -99 -658 -84 101
10959: -99 -660 -106 137
10960: -99 -660 -107 146
10966: -99 -661 -113 119
10967: -99 -661 -114 128
10968: -99 -661 -115 137
10969: -99 -661 -116 146
10971: -99 -662 -118 83
10974: -99 -662 -121 110
10976: -99 -662 -123 128
10977: -99 -662 -124 137
10978: -99 -662 -125 146
10980: -99 -663 -127 83
10983: -99 -663 -130 110
10984: -99 -663 -131 119
10986: -99 -663 -133 137
10987: -99 -663 -134 146
10992: -99 -664 -139 110
10993: -99 -664 -140 119
10994: -99 -664 -141 128
10995: -99 -664 -142 137
10996: -99 -664 -143 146
10998: -99 -665 -145 83
11001: -99 -665 -148 110
11003: -99 -665 -150 128
11004: -99 -665 -151 137
11180: -174 -181 -84 182
11205: -174 -184 -109 164
11215: -174 -185 -119 173
11217: -174 -185 -121 191
11218: -174 -185 -122 200
11219: -174 -185 -123 209
11220: -174 -185 -124 218
11221: -174 -185 -125 227
11222: -174 -185 -126 236
11224: -174 -186 -128 173
11226: -174 -186 -130 191
11227: -174 -186 -131 200
11228: -174 -186 -132 209
11229: -174 -186 -133 218
11230: -174 -186 -134 227
11231: -174 -186 -135 236
11233: -174 -187 -137 173
11235: -174 -187 -139 191
11236: -174 -187 -140 200
11237: -174 -187 -141 209
11238: -174 -187 -142 218
11239: -174 -187 -143 227
11240: -174 -187 -144 236
11242: -174 -188 -146 173
11244: -174 -188 -148 191
11245: -174 -188 -149 200
11246: -174 -188 -150 209
11247: -174 -188 -151 218
11248: -174 -188 -152 227
11249: -174 -188 -153 236
11251: -174 -189 -155 173
11253: -174 -189 -157 191
11254: -174 -189 -158 200
11255: -174 -189 -159 209
11256: -174 -189 -160 218
11257: -174 -189 -161 227
11258: -174 -189 -162 236
11342: -176 -343 -84 182
11350: -176 -344 -92 173
11352: -176 -344 -94 191
11353: -176 -344 -95 200
11354: -176 -344 -96 209
11355: -176 -344 -97 218
11356: -176 -344 -98 227
11357: -176 -344 -99 236
11359: -176 -345 -101 173
11362: -176 -345 -104 200
11363: -176 -345 -105 209
11364: -176 -345 -106 218
11365: -176 -345 -107 227
11366: -176 -345 -108 236
11368: -176 -346 -110 173
11371: -176 -346 -113 200
11373: -176 -346 -115 218
11374: -176 -346 -116 227
11375: -176 -346 -117 236
11377: -176 -347 -119 173
11379: -176 -347 -121 191
11380: -176 -347 -122 200
11381: -176 -347 -123 209
11382: -176 -347 -124 218
11383: -176 -347 -125 227
11384: -176 -347 -126 236
11385: -176 -348 -127 164
11395: -176 -349 -137 173
11397: -176 -349 -139 191
11398: -176 -349 -140 200
11399: -176 -349 -141 209
11400: -176 -349 -142 218
11401: -176 -349 -143 227
11402: -176 -349 -144 236
11404: -176 -350 -146 173
11406: -176 -350 -148 191
11407: -176 -350 -149 200
11408: -176 -350 -150 209
11409: -176 -350 -151 218
11410: -176 -350 -152 227
11411: -176 -350 -153 236
11413: -176 -351 -155 173
11415: -176 -351 -157 191
11416: -176 -351 -158 200
11417: -176 -351 -159 209
11418: -176 -351 -160 218
11419: -176 -351 -161 227
11420: -176 -351 -162 236
11423: -177 -424 -84 182
11431: -177 -425 -92 173
11433: -177 -425 -94 191
11434: -177 -425 -95 200
11435: -177 -425 -96 209
11436: -177 -425 -97 218
11437: -177 -425 -98 227
11438: -177 -425 -99 236
11440: -177 -426 -101 173
11443: -177 -426 -104 200
11444: -177 -426 -105 209
11445: -177 -426 -106 218
11446: -177 -426 -107 227
11447: -177 -426 -108 236
11449: -177 -427 -110 173
11452: -177 -427 -113 200
11453: -177 -427 -114 209
11455: -177 -427 -116 227
11456: -177 -427 -117 236
11458: -177 -428 -119 173
11460: -177 -428 -121 191
11461: -177 -428 -122 200
11462: -177 -428 -123 209
11463: -177 -428 -124 218
11464: -177 -428 -125 227
11465: -177 -428 -126 236
11467: -177 -429 -128 173
11469: -177 -429 -130 191
11470: -177 -429 -131 200
11471: -177 -429 -132 209
11472: -177 -429 -133 218
11473: -177 -429 -134 227
11474: -177 -429 -135 236
11475: -177 -430 -136 164
11485: -177 -431 -146 173
11487: -177 -431 -148 191
11488: -177 -431 -149 200
11489: -177 -431 -150 209
11490: -177 -431 -151 218
11491: -177 -431 -152 227
11492: -177 -431 -153 236
11494: -177 -432 -155 173
11496: -177 -432 -157 191
11497: -177 -432 -158 200
11498: -177 -432 -159 209
11499: -177 -432 -160 218
11500: -177 -432 -161 227
11501: -177 -432 -162 236
11504: -178 -505 -84 182
11512: -178 -506 -92 173
11514: -178 -506 -94 191
11515: -178 -506 -95 200
11516: -178 -506 -96 209
11517: -178 -506 -97 218
11518: -178 -506 -98 227
11524: -178 -507 -104 200
11525: -178 -507 -105 209
11526: -178 -507 -106 218
11527: -178 -507 -107 227
11528: -178 -507 -108 236
11530: -178 -508 -110 173
11533: -178 -508 -113 200
11534: -178 -508 -114 209
11535: -178 -508 -115 218
11536: -178 -508 -116 227
11537: -178 -508 -117 236
11539: -178 -509 -119 173
11541: -178 -509 -121 191
11543: -178 -509 -123 209
11544: -178 -509 -124 218
11545: -178 -509 -125 227
11546: -178 -509 -126 236
11548: -178 -510 -128 173
11550: -178 -510 -130 191
11551: -178 -510 -131 200
11553: -178 -510 -133 218
11554: -178 -510 -134 227
11555: -178 -510 -135 236
11557: -178 -511 -137 173
11560: -178 -511 -140 200
11561: -178 -511 -141 209
11562: -178 -511 -142 218
11563: -178 -511 -143 227
11564: -178 -511 -144 236
11565: -178 -512 -145 164
11575: -178 -513 -155 173
11577: -178 -513 -157 191
11578: -178 -513 -158 200
11579: -178 -513 -159 209
11580: -178 -513 -160 218
11581: -178 -513 -161 227
11582: -178 -513 -162 236
11585: -179 -586 -84 182
11593: -179 -587 -92 173
11595: -179 -587 -94 191
11596: -179 -587 -95 200
11597: -179 -587 -96 209
11598: -179 -587 -97 218
11599: -179 -587 -98 227
11600: -179 -587 -99 236
11602: -179 -588 -101 173
11605: -179 -588 -104 200
11606: -179 -588 -105 209
11607: -179 -588 -106 218
11608: -179 -588 -107 227
11609: -179 -588 -108 236
11611: -179 -589 -110 173
11614: -179 -589 -113 200
11615: -179 -589 -114 209
11616: -179 -589 -115 218
11617: -179 -589 -116 227
11620: -179 -590 -119 173
11622: -179 -590 -121 191
11623: -179 -590 -122 200
11624: -179 -590 -123 209
11625: -179 -590 -124 218
11626: -179 -590 -125 227
11627: -179 -590 -126 236
11629: -179 -591 -128 173
11631: -179 -591 -130 191
11632: -179 -591 -131 200
11633: -179 -591 -132 209
11634: -179 -591 -133 218
11635: -179 -591 -134 227
11636: -179 -591 -135 236
11638: -179 -592 -137 173
11640: -179 -592 -139 191
11641: -179 -592 -140 200
11643: -179 -592 -142 218
11644: -179 -592 -143 227
11645: -179 -592 -144 236
11647: -179 -593 -146 173
11649: -179 -593 -148 191
11650: -179 -593 -149 200
11651: -179 -593 -150 209
11652: -179 -593 -151 218
11653: -179 -593 -152 227
11654: -179 -593 -153 236
11655: -179 -594 -154 164
11666: -180 -667 -84 182
11674: -180 -668 -92 173
11676: -180 -668 -94 191
11677: -180 -668 -95 200
11679: -180 -668 -97 218
11680: -180 -668 -98 227
11681: -180 -668 -99 236
11683: -180 -669 -101 173
11686: -180 -669 -104 200
11687: -180 -669 -105 209
11688: -180 -669 -106 218
11689: -180 -669 -107 227
11690: -180 -669 -108 236
11692: -180 -670 -110 173
11696: -180 -670 -114 209
11697: -180 -670 -115 218
11698: -180 -670 -116 227
11699: -180 -670 -117 236
11700: -180 -671 -118 164
11710: -180 -672 -128 173
11712: -180 -672 -130 191
11713: -180 -672 -131 200
11714: -180 -672 -132 209
11715: -180 -672 -133 218
11716: -180 -672 -134 227
11717: -180 -672 -135 236
11719: -180 -673 -137 173
11721: -180 -673 -139 191
11722: -180 -673 -140 200
11723: -180 -673 -141 209
11724: -180 -673 -142 218
11725: -180 -673 -143 227
11726: -180 -673 -144 236
11728: -180 -674 -146 173
11730: -180 -674 -148 191
11731: -180 -674 -149 200
11732: -180 -674 -150 209
11733: -180 -674 -151 218
11734: -180 -674 -152 227
11735: -180 -674 -153 236
11737: -180 -675 -155 173
11740: -180 -675 -158 200
11741: -180 -675 -159 209
11742: -180 -675 -160 218
11743: -180 -675 -161 227
11744: -180 -675 -162 236
11909: -255 -190 -84 263
11917: -255 -191 -92 254
11920: -255 -191 -95 281
11921: -255 -191 -96 290
11922: -255 -191 -97 299
11923: -255 -191 -98 308
11924: -255 -191 -99 317
11926: -255 -192 -101 254
11929: -255 -192 -104 281
11930: -255 -192 -105 290
11931: -255 -192 -106 299
11932: -255 -192 -107 308
11933: -255 -192 -108 317
11934: -255 -193 -109 245
11935: -255 -193 -110 254
11938: -255 -193 -113 281
11939: -255 -193 -114 290
11940: -255 -193 -115 299
11941: -255 -193 -116 308
11942: -255 -193 -117 317
11943: -255 -194 -118 245
11944: -255 -194 -119 254
11946: -255 -194 -121 272
11947: -255 -194 -122 281
11948: -255 -194 -123 290
11949: -255 -194 -124 299
11950: -255 -194 -125 308
11951: -255 -194 -126 317
11952: -255 -195 -127 245
11953: -255 -195 -128 254
11955: -255 -195 -130 272
11956: -255 -195 -131 281
11957: -255 -195 -132 290
11958: -255 -195 -133 299
11959: -255 -195 -134 308
11960: -255 -195 -135 317
11961: -255 -196 -136 245
11962: -255 -196 -137 254
11964: -255 -196 -139 272
11965: -255 -196 -140 281
11966: -255 -196 -141 290
11967: -255 -196 -142 299
11968: -255 -196 -143 308
11969: -255 -196 -144 317
11970: -255 -197 -145 245
11971: -255 -197 -146 254
11973: -255 -197 -148 272
11974: -255 -197 -149 281
11975: -255 -197 -150 290
11976: -255 -197 -151 299
11977: -255 -197 -152 308
11978: -255 -197 -153 317
11979: -255 -198 -154 245
11980: -255 -198 -155 254
11982: -255 -198 -157 272
11983: -255 -198 -158 281
11984: -255 -198 -159 290
11985: -255 -198 -160 299
11986: -255 -198 -161 308
11987: -255 -198 -162 317
12519: -334 -42 -127 326
12520: -334 -42 -128 335
12522: -334 -42 -130 353
12523: -334 -42 -131 362
12524: -334 -42 -132 371
12525: -334 -42 -133 380
12526: -334 -42 -134 389
12527: -334 -42 -135 398
12582: -335 -121 -109 326
12590: -335 -121 -117 398
12595: -335 -122 -122 362
12603: -335 -123 -130 353
12609: -335 -124 -136 326
12612: -335 -124 -139 353
12613: -335 -124 -140 362
12618: -335 -125 -145 326
12621: -335 -125 -148 353
12626: -335 -125 -153 398
12627: -335 -126 -154 326
12630: -335 -126 -157 353
12632: -335 -126 -159 371
12638: -336 -199 -84 344
12646: -336 -200 -92 335
12648: -336 -200 -94 353
12650: -336 -200 -96 371
12651: -336 -200 -97 380
12653: -336 -200 -99 398
12655: -336 -201 -101 335
12657: -336 -201 -103 353
12658: -336 -201 -104 362
12660: -336 -201 -106 380
12662: -336 -201 -108 398
12664: -336 -202 -110 335
12668: -336 -202 -114 371
12669: -336 -202 -115 380
12670: -336 -202 -116 389
12671: -336 -202 -117 398
12684: -336 -204 -130 353
12685: -336 -204 -131 362
12691: -336 -205 -137 335
12702: -336 -206 -148 353
12705: -336 -206 -151 380
12709: -336 -207 -155 335
12711: -336 -207 -157 353
12712: -336 -207 -158 362
12719: -337 -280 -84 344
12733: -337 -281 -98 389
12744: -337 -283 -109 326
12749: -337 -283 -114 371
12750: -337 -283 -115 380
12752: -337 -283 -117 398
12753: -337 -284 -118 326
12762: -337 -285 -127 326
12772: -337 -286 -137 335
12774: -337 -286 -139 353
12779: -337 -286 -144 398
12780: -337 -287 -145 326
12783: -337 -287 -148 353
12784: -337 -287 -149 362
12786: -337 -287 -151 380
12789: -337 -288 -154 326
12790: -337 -288 -155 335
12792: -337 -288 -157 353
12794: -337 -288 -159 371
12795: -337 -288 -160 380
12796: -337 -288 -161 389
12797: -337 -288 -162 398
12800: -338 -361 -84 344
12820: -338 -363 -104 362
12822: -338 -363 -106 380
12825: -338 -364 -109 326
12830: -338 -364 -114 371
12833: -338 -364 -117 398
12834: -338 -365 -118 326
12843: -338 -366 -127 326
12844: -338 -366 -128 335
12846: -338 -366 -130 353
12848: -338 -366 -132 371
12852: -338 -367 -136 326
12855: -338 -367 -139 353
12860: -338 -367 -144 398
12861: -338 -368 -145 326
12864: -338 -368 -148 353
12865: -338 -368 -149 362
12867: -338 -368 -151 380
12881: -339 -442 -84 344
12895: -339 -443 -98 389
12901: -339 -444 -104 362
12904: -339 -444 -107 389
12905: -339 -444 -108 398
12906: -339 -445 -109 326
12910: -339 -445 -113 362
12915: -339 -446 -118 326
12916: -339 -446 -119 335
12918: -339 -446 -121 353
12920: -339 -446 -123 371
12922: -339 -446 -125 389
12923: -339 -446 -126 398
12924: -339 -447 -127 326
12929: -339 -447 -132 371
12933: -339 -448 -136 326
12945: -339 -449 -148 353
12946: -339 -449 -149 362
12951: -339 -450 -154 326
12962: -340 -523 -84 344
12970: -340 -524 -92 335
12972: -340 -524 -94 353
12974: -340 -524 -96 371
12982: -340 -525 -104 362
12985: -340 -525 -107 389
12987: -340 -526 -109 326
12993: -340 -526 -115 380
12994: -340 -526 -116 389
12996: -340 -527 -118 326
13005: -340 -528 -127 326
13009: -340 -528 -131 362
13012: -340 -528 -134 389
13013: -340 -528 -135 398
13015: -340 -529 -137 335
13017: -340 -529 -139 353
13019: -340 -529 -141 371
13021: -340 -529 -143 389
13023: -340 -530 -145 326
13033: -340 -531 -155 335
13035: -340 -531 -157 353
13043: -341 -604 -84 344
13051: -341 -605 -92 335
13054: -341 -605 -95 362
13056: -341 -605 -97 380
13063: -341 -606 -104 362
13075: -341 -607 -116 389
13077: -341 -608 -118 326
13085: -341 -608 -126 398
13086: -341 -609 -127 326
13095: -341 -610 -136 326
13100: -341 -610 -141 371
13103: -341 -610 -144 398
13105: -341 -611 -146 335
13116: -341 -612 -157 353
13124: -342 -685 -84 344
13134: -342 -686 -94 353
13144: -342 -687 -104 362
13145: -342 -687 -105 371
13149: -342 -688 -109 326
13153: -342 -688 -113 362
13176: -342 -691 -136 326
13185: -342 -692 -145 326
13188: -342 -692 -148 353
13189: -342 -692 -149 362
13257: -415 -52 -136 407
13258: -415 -52 -137 416
13260: -415 -52 -139 434
13261: -415 -52 -140 443
13262: -415 -52 -141 452
13263: -415 -52 -142 461
13264: -415 -52 -143 470
13265: -415 -52 -144 479
13311: -416 -130 -109 407
13317: -416 -130 -115 461
13319: -416 -130 -117 479
13334: -416 -132 -132 452
13347: -416 -134 -145 407
13352: -416 -134 -150 452
13356: -416 -135 -154 407
13367: -417 -208 -84 425
13375: -417 -209 -92 416
13377: -417 -209 -94 434
13378: -417 -209 -95 443
13380: -417 -209 -97 461
13381: -417 -209 -98 470
13382: -417 -209 -99 479
13388: -417 -210 -105 452
13391: -417 -210 -108 479
13396: -417 -211 -113 443
13398: -417 -211 -115 461
13402: -417 -212 -119 416
13407: -417 -212 -124 461
13413: -417 -213 -130 434
13422: -417 -214 -139 434
13429: -417 -215 -146 416
13433: -417 -215 -150 452
13440: -417 -216 -157 434
13442: -417 -216 -159 452
13448: -418 -289 -84 425
13458: -418 -290 -94 434
13463: -418 -290 -99 479
13473: -418 -292 -109 407
13477: -418 -292 -113 443
13479: -418 -292 -115 461
13480: -418 -292 -116 470
13481: -418 -292 -117 479
13482: -418 -293 -118 407
13485: -418 -293 -121 434
13489: -418 -293 -125 470
13490: -418 -293 -126 479
13491: -418 -294 -127 407
13499: -418 -294 -135 479
13500: -418 -295 -136 407
13504: -418 -295 -140 443
13509: -418 -296 -145 407
13510: -418 -296 -146 416
13512: -418 -296 -148 434
13513: -418 -296 -149 443
13514: -418 -296 -150 452
13518: -418 -297 -154 407
13524: -418 -297 -160 461
13529: -419 -370 -84 425
13540: -419 -371 -95 443
13542: -419 -371 -97 461
13551: -419 -372 -106 461
13554: -419 -373 -109 407
13558: -419 -373 -113 443
13572: -419 -375 -127 407
13575: -419 -375 -130 434
13585: -419 -376 -140 443
13599: -419 -378 -154 407
13600: -419 -378 -155 416
13602: -419 -378 -157 434
13604: -419 -378 -159 452
13610: -420 -451 -84 425
13631: -420 -453 -105 452
13662: -420 -457 -136 407
13663: -420 -457 -137 416
13665: -420 -457 -139 434
13671: -420 -458 -145 407
13672: -420 -458 -146 416
13675: -420 -458 -149 443
13677: -420 -458 -151 461
13680: -420 -459 -154 407
13683: -420 -459 -157 434
13691: -421 -532 -84 425
13699: -421 -533 -92 416
13712: -421 -534 -105 452
13713: -421 -534 -106 461
13715: -421 -534 -108 479
13721: -421 -535 -114 452
13722: -421 -535 -115 461
13725: -421 -536 -118 407
13728: -421 -536 -121 434
13734: -421 -537 -127 407
13738: -421 -537 -131 443
13742: -421 -537 -135 479
13743: -421 -538 -136 407
13752: -421 -539 -145 407
13764: -421 -540 -157 434
13765: -421 -540 -158 443
13772: -422 -613 -84 425
13780: -422 -614 -92 416
13782: -422 -614 -94 434
13786: -422 -614 -98 470
13793: -422 -615 -105 452
13797: -422 -616 -109 407
13798: -422 -616 -110 416
13806: -422 -617 -118 407
13815: -422 -618 -127 407
13823: -422 -618 -135 479
13824: -422 -619 -136 407
13828: -422 -619 -140 443
13829: -422 -619 -141 452
13832: -422 -619 -144 479
13836: -422 -620 -148 434
13840: -422 -620 -152 470
13853: -423 -694 -84 425
13863: -423 -695 -94 434
13867: -423 -695 -98 470
13873: -423 -696 -104 443
13874: -423 -696 -105 452
13875: -423 -696 -106 461
13877: -423 -696 -108 479
13878: -423 -697 -109 407
13883: -423 -697 -114 452
13886: -423 -697 -117 479
13887: -423 -698 -118 407
13890: -423 -698 -121 434
13891: -423 -698 -122 443
13893: -423 -698 -124 461
13897: -423 -699 -128 416
13899: -423 -699 -130 434
13905: -423 -700 -136 407
13908: -423 -700 -139 434
13914: -423 -701 -145 407
13915: -423 -701 -146 416
13917: -423 -701 -148 434
13918: -423 -701 -149 443
13919: -423 -701 -150 452
13920: -423 -701 -151 461
13929: -423 -702 -160 461
13995: -496 -62 -145 488
13996: -496 -62 -146 497
13998: -496 -62 -148 515
13999: -496 -62 -149 524
14000: -496 -62 -150 533
14001: -496 -62 -151 542
14002: -496 -62 -152 551
14003: -496 -62 -153 560
14040: -497 -139 -109 488
14047: -497 -139 -116 551
14049: -497 -140 -118 488
14052: -497 -140 -121 515
14057: -497 -140 -126 560
14058: -497 -141 -127 488
14061: -497 -141 -130 515
14064: -497 -141 -133 542
14073: -497 -142 -142 542
14082: -497 -143 -151 542
14085: -497 -144 -154 488
14088: -497 -144 -157 515
14096: -498 -217 -84 506
14104: -498 -218 -92 497
14106: -498 -218 -94 515
14107: -498 -218 -95 524
14108: -498 -218 -96 533
14109: -498 -218 -97 542
14110: -498 -218 -98 551
14111: -498 -218 -99 560
14113: -498 -219 -101 497
14122: -498 -220 -110 497
14125: -498 -220 -113 524
14126: -498 -220 -114 533
14128: -498 -220 -116 551
14129: -498 -220 -117 560
14133: -498 -221 -121 515
14142: -498 -222 -130 515
14160: -498 -224 -148 515
14161: -498 -224 -149 524
14163: -498 -224 -151 542
14169: -498 -225 -157 515
14171: -498 -225 -159 533
14172: -498 -225 -160 542
14177: -499 -298 -84 506
14202: -499 -301 -109 488
14206: -499 -301 -113 524
14207: -499 -301 -114 533
14209: -499 -301 -116 551
14210: -499 -301 -117 560
14211: -499 -302 -118 488
14212: -499 -302 -119 497
14214: -499 -302 -121 515
14217: -499 -302 -124 542
14218: -499 -302 -125 551
14219: -499 -302 -126 560
14220: -499 -303 -127 488
14226: -499 -303 -133 542
14227: -499 -303 -134 551
14228: -499 -303 -135 560
14229: -499 -304 -136 488
14232: -499 -304 -139 515
14238: -499 -305 -145 488
14239: -499 -305 -146 497
14241: -499 -305 -148 515
14247: -499 -306 -154 488
14250: -499 -306 -157 515
14252: -499 -306 -159 533
14253: -499 -306 -160 542
14258: -500 -379 -84 506
14280: -500 -381 -106 542
14281: -500 -381 -107 551
14310: -500 -385 -136 488
14319: -500 -386 -145 488
14320: -500 -386 -146 497
14333: -500 -387 -159 533
14334: -500 -387 -160 542
14335: -500 -387 -161 551
14339: -501 -460 -84 506
14347: -501 -461 -92 497
14349: -501 -461 -94 515
14360: -501 -462 -105 533
14362: -501 -462 -107 551
14363: -501 -462 -108 560
14364: -501 -463 -109 488
14370: -501 -463 -115 542
14373: -501 -464 -118 488
14374: -501 -464 -119 497
14376: -501 -464 -121 515
14378: -501 -464 -123 533
14379: -501 -464 -124 542
14380: -501 -464 -125 551
14381: -501 -464 -126 560
14382: -501 -465 -127 488
14391: -501 -466 -136 488
14405: -501 -467 -150 533
14412: -501 -468 -157 515
14415: -501 -468 -160 542
14420: -502 -541 -84 506
14442: -502 -543 -106 542
14443: -502 -543 -107 551
14444: -502 -543 -108 560
14445: -502 -544 -109 488
14449: -502 -544 -113 524
14450: -502 -544 -114 533
14451: -502 -544 -115 542
14454: -502 -545 -118 488
14455: -502 -545 -119 497
14457: -502 -545 -121 515
14461: -502 -545 -125 551
14462: -502 -545 -126 560
14472: -502 -547 -136 488
14481: -502 -548 -145 488
14484: -502 -548 -148 515
14485: -502 -548 -149 524
14486: -502 -548 -150 533
14490: -502 -549 -154 488
14493: -502 -549 -157 515
14497: -502 -549 -161 551
14501: -503 -622 -84 506
14509: -503 -623 -92 497
14516: -503 -623 -99 560
14524: -503 -624 -107 551
14533: -503 -625 -116 551
14534: -503 -625 -117 560
14535: -503 -626 -118 488
14538: -503 -626 -121 515
14553: -503 -628 -136 488
14556: -503 -628 -139 515
14557: -503 -628 -140 524
14558: -503 -628 -141 533
14562: -503 -629 -145 488
14565: -503 -629 -148 515
14567: -503 -629 -150 533
14574: -503 -630 -157 515
14578: -503 -630 -161 551
14582: -504 -703 -84 506
14590: -504 -704 -92 497
14592: -504 -704 -94 515
14593: -504 -704 -95 524
14604: -504 -705 -106 542
14605: -504 -705 -107 551
14608: -504 -706 -110 497
14611: -504 -706 -113 524
14615: -504 -706 -117 560
14616: -504 -707 -118 488
14617: -504 -707 -119 497
14620: -504 -707 -122 524
14623: -504 -707 -125 551
14624: -504 -707 -126 560
14625: -504 -708 -127 488
14628: -504 -708 -130 515
14629: -504 -708 -131 524
14634: -504 -709 -136 488
14635: -504 -709 -137 497
14643: -504 -710 -145 488
14644: -504 -710 -146 497
14646: -504 -710 -148 515
14647: -504 -710 -149 524
14648: -504 -710 -150 533
14649: -504 -710 -151 542
14651: -504 -710 -153 560
14653: -504 -711 -155 497
14655: -504 -711 -157 515
14659: -504 -711 -161 551
14660: -504 -711 -162 560
14733: -577 -72 -154 569
14734: -577 -72 -155 578
14736: -577 -72 -157 596
14737: -577 -72 -158 605
14738: -577 -72 -159 614
14739: -577 -72 -160 623
14740: -577 -72 -161 632
14741: -577 -72 -162 641
14769: -578 -148 -109 569
14773: -578 -148 -113 605
14778: -578 -149 -118 569
14781: -578 -149 -121 596
14787: -578 -150 -127 569
14790: -578 -150 -130 596
14796: -578 -151 -136 569
14799: -578 -151 -139 596
14814: -578 -153 -154 569
14817: -578 -153 -157 596
14825: -579 -226 -84 587
14833: -579 -227 -92 578
14835: -579 -227 -94 596
14836: -579 -227 -95 605
14838: -579 -227 -97 623
14839: -579 -227 -98 632
14840: -579 -227 -99 641
14844: -579 -228 -103 596
14847: -579 -228 -106 623
14849: -579 -228 -108 641
14851: -579 -229 -110 578
14855: -579 -229 -114 614
14856: -579 -229 -115 623
14858: -579 -229 -117 641
14862: -579 -230 -121 596
14864: -579 -230 -123 614
14866: -579 -230 -125 632
14869: -579 -231 -128 578
14871: -579 -231 -130 596
14872: -579 -231 -131 605
14889: -579 -233 -148 596
14891: -579 -233 -150 614
14892: -579 -233 -151 623
14898: -579 -234 -157 596
14901: -579 -234 -160 623
14906: -580 -307 -84 587
14914: -580 -308 -92 578
14931: -580 -310 -109 569
14936: -580 -310 -114 614
14939: -580 -310 -117 641
14940: -580 -311 -118 569
14943: -580 -311 -121 596
14947: -580 -311 -125 632
14948: -580 -311 -126 641
14950: -580 -312 -128 578
14953: -580 -312 -131 605
14955: -580 -312 -133 623
14956: -580 -312 -134 632
14957: -580 -312 -135 641
14958: -580 -313 -136 569
14959: -580 -313 -137 578
14961: -580 -313 -139 596
14964: -580 -313 -142 623
14965: -580 -313 -143 632
14967: -580 -314 -145 569
14970: -580 -314 -148 596
14976: -580 -315 -154 569
14987: -581 -388 -84 587
14995: -581 -389 -92 578
14997: -581 -389 -94 596
15007: -581 -390 -104 605
15009: -581 -390 -106 623
15010: -581 -390 -107 632
15013: -581 -391 -110 578
15019: -581 -391 -116 632
15020: -581 -391 -117 641
15022: -581 -392 -119 578
15024: -581 -392 -121 596
15026: -581 -392 -123 614
15029: -581 -392 -126 641
15030: -581 -393 -127 569
15039: -581 -394 -136 569
15051: -581 -395 -148 596
15057: -581 -396 -154 569
15060: -581 -396 -157 596
15062: -581 -396 -159 614
15063: -581 -396 -160 623
15068: -582 -469 -84 587
15090: -582 -471 -106 623
15091: -582 -471 -107 632
15100: -582 -472 -116 632
15102: -582 -473 -118 569
15105: -582 -473 -121 596
15108: -582 -473 -124 623
15109: -582 -473 -125 632
15110: -582 -473 -126 641
15119: -582 -474 -135 641
15123: -582 -475 -139 596
15128: -582 -475 -144 641
15129: -582 -476 -145 569
15132: -582 -476 -148 596
15134: -582 -476 -150 614
15138: -582 -477 -154 569
15139: -582 -477 -155 578
15144: -582 -477 -160 623
15149: -583 -550 -84 587
15159: -583 -551 -94 596
15166: -583 -552 -101 578
15169: -583 -552 -104 605
15170: -583 -552 -105 614
15171: -583 -552 -106 623
15173: -583 -552 -108 641
15174: -583 -553 -109 569
15186: -583 -554 -121 596
15189: -583 -554 -124 623
15192: -583 -555 -127 569
15195: -583 -555 -130 596
15196: -583 -555 -131 605
15199: -583 -555 -134 632
15201: -583 -556 -136 569
15210: -583 -557 -145 569
15230: -584 -631 -84 587
15250: -584 -633 -104 605
15253: -584 -633 -107 632
15254: -584 -633 -108 641
15255: -584 -634 -109 569
15256: -584 -634 -110 578
15259: -584 -634 -113 605
15261: -584 -634 -115 623
15264: -584 -635 -118 569
15265: -584 -635 -119 578
15272: -584 -635 -126 641
15273: -584 -636 -127 569
15276: -584 -636 -130 596
15278: -584 -636 -132 614
15279: -584 -636 -133 623
15281: -584 -636 -135 641
15300: -584 -639 -154 569
15301: -584 -639 -155 578
15303: -584 -639 -157 596
15305: -584 -639 -159 614
15306: -584 -639 -160 623
15311: -585 -712 -84 587
15319: -585 -713 -92 578
15321: -585 -713 -94 596
15325: -585 -713 -98 632
15332: -585 -714 -105 614
15334: -585 -714 -107 632
15336: -585 -715 -109 569
15337: -585 -715 -110 578
15342: -585 -715 -115 623
15344: -585 -715 -117 641
15345: -585 -716 -118 569
15349: -585 -716 -122 605
15351: -585 -716 -124 623
15352: -585 -716 -125 632
15354: -585 -717 -127 569
15355: -585 -717 -128 578
15362: -585 -717 -135 641
15363: -585 -718 -136 569
15366: -585 -718 -139 596
15372: -585 -719 -145 569
15375: -585 -719 -148 596
15376: -585 -719 -149 605
15377: -585 -719 -150 614
15378: -585 -719 -151 623
15381: -585 -720 -154 569
15384: -585 -720 -157 596
15426: -658 -77 -118 650
15427: -658 -77 -119 659
15429: -658 -77 -121 677
15430: -658 -77 -122 686
15431: -658 -77 -123 695
15432: -658 -77 -124 704
15433: -658 -77 -125 713
15434: -658 -77 -126 722
15486: -659 -155 -97 704
15498: -659 -157 -109 650
15505: -659 -157 -116 713
15507: -659 -158 -118 650
15510: -659 -158 -121 677
15516: -659 -159 -127 650
15520: -659 -159 -131 686
15525: -659 -160 -136 650
15534: -659 -161 -145 650
15537: -659 -161 -148 677
15542: -659 -161 -153 722
15551: -659 -162 -162 722
15554: -660 -235 -84 668
15564: -660 -236 -94 677
15565: -660 -236 -95 686
15569: -660 -236 -99 722
15574: -660 -237 -104 686
15576: -660 -237 -106 704
15578: -660 -237 -108 722
15580: -660 -238 -110 659
15585: -660 -238 -115 704
15586: -660 -238 -116 713
15587: -660 -238 -117 722
15591: -660 -239 -121 677
15605: -660 -240 -135 722
15618: -660 -242 -148 677
15630: -660 -243 -160 704
15635: -661 -316 -84 668
15643: -661 -317 -92 659
15645: -661 -317 -94 677
15660: -661 -319 -109 650
15666: -661 -319 -115 704
15667: -661 -319 -116 713
15669: -661 -320 -118 650
15672: -661 -320 -121 677
15678: -661 -321 -127 650
15681: -661 -321 -130 677
15682: -661 -321 -131 686
15684: -661 -321 -133 704
15685: -661 -321 -134 713
15686: -661 -321 -135 722
15687: -661 -322 -136 650
15690: -661 -322 -139 677
15691: -661 -322 -140 686
15692: -661 -322 -141 695
15693: -661 -322 -142 704
15695: -661 -322 -144 722
15696: -661 -323 -145 650
15697: -661 -323 -146 659
15699: -661 -323 -148 677
15701: -661 -323 -150 695
15703: -661 -323 -152 713
15704: -661 -323 -153 722
15705: -661 -324 -154 650
15710: -661 -324 -159 695
15716: -662 -397 -84 668
15738: -662 -399 -106 704
15739: -662 -399 -107 713
15740: -662 -399 -108 722
15741: -662 -400 -109 650
15742: -662 -400 -110 659
15745: -662 -400 -113 686
15746: -662 -400 -114 695
15747: -662 -400 -115 704
15749: -662 -400 -117 722
15750: -662 -401 -118 650
15756: -662 -401 -124 704
15759: -662 -402 -127 650
15760: -662 -402 -128 659
15765: -662 -402 -133 704
15768: -662 -403 -136 650
15772: -662 -403 -140 686
15778: -662 -404 -146 659
15780: -662 -404 -148 677
15786: -662 -405 -154 650
15787: -662 -405 -155 659
15789: -662 -405 -157 677
15790: -662 -405 -158 686
15791: -662 -405 -159 695
15792: -662 -405 -160 704
15793: -662 -405 -161 713
15797: -663 -478 -84 668
15814: -663 -480 -101 659
15821: -663 -480 -108 722
15831: -663 -482 -118 650
15834: -663 -482 -121 677
15837: -663 -482 -124 704
15839: -663 -482 -126 722
15843: -663 -483 -130 677
15853: -663 -484 -140 686
15854: -663 -484 -141 695
15857: -663 -484 -144 722
15867: -663 -486 -154 650
15878: -664 -559 -84 668
15886: -664 -560 -92 659
15899: -664 -561 -105 695
15900: -664 -561 -106 704
15902: -664 -561 -108 722
15904: -664 -562 -110 659
15908: -664 -562 -114 695
15910: -664 -562 -116 713
15912: -664 -563 -118 650
15920: -664 -563 -126 722
15921: -664 -564 -127 650
15925: -664 -564 -131 686
15928: -664 -564 -134 713
15933: -664 -565 -139 677
15934: -664 -565 -140 686
15939: -664 -566 -145 650
15944: -664 -566 -150 695
15948: -664 -567 -154 650
15959: -665 -640 -84 668
15967: -665 -641 -92 659
15970: -665 -641 -95 686
15976: -665 -642 -101 659
15979: -665 -642 -104 686
15984: -665 -643 -109 650
15991: -665 -643 -116 713
15997: -665 -644 -122 686
15998: -665 -644 -123 695
16000: -665 -644 -125 713
16002: -665 -645 -127 650
16005: -665 -645 -130 677
16008: -665 -645 -133 704
16010: -665 -645 -135 722
16011: -665 -646 -136 650
16012: -665 -646 -137 659
16014: -665 -646 -139 677
16017: -665 -646 -142 704
16019: -665 -646 -144 722
16020: -665 -647 -145 650
16023: -665 -647 -148 677
16025: -665 -647 -150 695
16029: -665 -648 -154 650
16032: -665 -648 -157 677
16033: -665 -648 -158 686
16034: -665 -648 -159 695
16036: -665 -648 -161 713
16040: -666 -721 -84 668
16060: -666 -723 -104 686
16062: -666 -723 -106 704
16063: -666 -723 -107 713
16064: -666 -723 -108 722
16065: -666 -724 -109 650
16066: -666 -724 -110 659
16070: -666 -724 -114 695
16072: -666 -724 -116 713
16073: -666 -724 -117 722
16074: -666 -725 -118 650
16075: -666 -725 -119 659
16077: -666 -725 -121 677
16078: -666 -725 -122 686
16079: -666 -725 -123 695
16080: -666 -725 -124 704
16081: -666 -725 -125 713
16082: -666 -725 -126 722
16083: -666 -726 -127 650
16086: -666 -726 -130 677
16087: -666 -726 -131 686
16089: -666 -726 -133 704
16090: -666 -726 -134 713
16092: -666 -727 -136 650
16093: -666 -727 -137 659
16095: -666 -727 -139 677
16096: -666 -727 -140 686
16097: -666 -727 -141 695
16098: -666 -727 -142 704
16099: -666 -727 -143 713
16389: -22 -247 -190 3
16392: -22 -247 -193 30
16393: -22 -247 -194 39
16394: -22 -247 -195 48
16395: -22 -247 -196 57
16397: -22 -247 -198 75
16398: -22 -248 -199 3
16400: -22 -248 -201 21
16401: -22 -248 -202 30
16402: -22 -248 -203 39
16403: -22 -248 -204 48
16404: -22 -248 -205 57
16405: -22 -248 -206 66
16406: -22 -248 -207 75
16407: -22 -249 -208 3
16409: -22 -249 -210 21
16410: -22 -249 -211 30
16411: -22 -249 -212 39
16412: -22 -249 -213 48
16413: -22 -249 -214 57
16414: -22 -249 -215 66
16415: -22 -249 -216 75
16416: -22 -250 -217 3
16418: -22 -250 -219 21
16419: -22 -250 -220 30
16420: -22 -250 -221 39
16421: -22 -250 -222 48
16422: -22 -250 -223 57
16423: -22 -250 -224 66
16424: -22 -250 -225 75
16425: -22 -251 -226 3
16427: -22 -251 -228 21
16428: -22 -251 -229 30
16429: -22 -251 -230 39
16430: -22 -251 -231 48
16431: -22 -251 -232 57
16432: -22 -251 -233 66
16433: -22 -251 -234 75
16434: -22 -252 -235 3
16436: -22 -252 -237 21
16437: -22 -252 -238 30
16438: -22 -252 -239 39
16439: -22 -252 -240 48
16440: -22 -252 -241 57
16441: -22 -252 -242 66
16442: -22 -252 -243 75
16966: -101 -95 -200 93
16975: -101 -96 -209 93
17003: -101 -99 -237 102
17112: -103 -255 -184 111
17196: -104 -336 -187 138
17209: -104 -338 -200 93
17218: -104 -339 -209 93
17227: -104 -340 -218 93
17230: -104 -340 -221 120
17245: -104 -342 -236 93
17257: -105 -415 -167 120
17260: -105 -415 -170 147
17266: -105 -416 -176 120
17268: -105 -416 -178 138
17269: -105 -416 -179 147
17281: -105 -418 -191 93
17290: -105 -419 -200 93
17308: -105 -421 -218 93
17326: -105 -423 -236 93
17339: -106 -496 -168 129
17341: -106 -496 -170 147
17349: -106 -497 -178 138
17380: -106 -501 -209 93
17389: -106 -502 -218 93
17407: -106 -504 -236 93
17420: -107 -577 -168 129
17422: -107 -577 -170 147
17432: -107 -578 -180 156
17452: -107 -581 -200 93
17470: -107 -583 -218 93
17479: -107 -584 -227 93
17489: -107 -585 -237 102
17490: -107 -585 -238 111
17494: -107 -585 -242 147
17495: -107 -585 -243 156
17499: -108 -658 -166 111
17502: -108 -658 -169 138
17503: -108 -658 -170 147
17510: -108 -659 -177 129
17551: -108 -664 -218 93
17604: -181 -22 -190 165
17605: -181 -22 -191 174
17606: -181 -22 -192 183
17607: -181 -22 -193 192
17608: -181 -22 -194 201
17609: -181 -22 -195 210
17610: -181 -22 -196 219
17611: -181 -22 -197 228
17612: -181 -22 -198 237
17776: -183 -185 -200 174
17815: -183 -189 -239 201
17857: -184 -266 -200 174
17858: -184 -266 -201 183
17859: -184 -266 -202 192
17860: -184 -266 -203 201
17861: -184 -266 -204 210
17862: -184 -266 -205 219
17863: -184 -266 -206 228
17864: -184 -266 -207 237
17866: -184 -267 -209 174
17867: -184 -267 -210 183
17869: -184 -267 -212 201
17870: -184 -267 -213 210
17871: -184 -267 -214 219
17872: -184 -267 -215 228
17873: -184 -267 -216 237
17874: -184 -268 -217 165
17875: -184 -268 -218 174
17878: -184 -268 -221 201
17879: -184 -268 -222 210
17880: -184 -268 -223 219
17881: -184 -268 -224 228
17882: -184 -268 -225 237
17883: -184 -269 -226 165
17884: -184 -269 -227 174
17887: -184 -269 -230 201
17888: -184 -269 -231 210
17889: -184 -269 -232 219
17891: -184 -269 -234 237
17893: -184 -270 -236 174
17896: -184 -270 -239 201
17897: -184 -270 -240 210
17898: -184 -270 -241 219
17899: -184 -270 -242 228
17904: -185 -343 -166 192
17907: -185 -343 -169 219
17908: -185 -343 -170 228
17909: -185 -343 -171 237
17912: -185 -344 -174 183
17915: -185 -344 -177 210
17916: -185 -344 -178 219
17917: -185 -344 -179 228
17923: -185 -345 -185 201
17930: -185 -346 -192 183
17933: -185 -346 -195 210
17934: -185 -346 -196 219
17935: -185 -346 -197 228
17936: -185 -346 -198 237
17946: -185 -348 -208 165
17947: -185 -348 -209 174
17948: -185 -348 -210 183
17949: -185 -348 -211 192
17953: -185 -348 -215 228
17954: -185 -348 -216 237
17955: -185 -349 -217 165
17956: -185 -349 -218 174
17957: -185 -349 -219 183
17958: -185 -349 -220 192
17960: -185 -349 -222 210
17962: -185 -349 -224 228
17963: -185 -349 -225 237
17965: -185 -350 -227 174
17966: -185 -350 -228 183
17967: -185 -350 -229 192
17969: -185 -350 -231 210
17970: -185 -350 -232 219
17972: -185 -350 -234 237
17973: -185 -351 -235 165
17974: -185 -351 -236 174
17975: -185 -351 -237 183
17978: -185 -351 -240 210
17979: -185 -351 -241 219
17980: -185 -351 -242 228
17985: -186 -424 -166 192
17986: -186 -424 -167 201
17989: -186 -424 -170 228
17990: -186 -424 -171 237
17993: -186 -425 -174 183
17997: -186 -425 -178 219
17998: -186 -425 -179 228
17999: -186 -425 -180 237
18013: -186 -427 -194 201
18015: -186 -427 -196 219
18016: -186 -427 -197 228
18018: -186 -428 -199 165
18019: -186 -428 -200 174
18021: -186 -428 -202 192
18024: -186 -428 -205 219
18025: -186 -428 -206 228
18026: -186 -428 -207 237
18036: -186 -430 -217 165
18037: -186 -430 -218 174
18039: -186 -430 -220 192
18046: -186 -431 -227 174
18048: -186 -431 -229 192
18051: -186 -431 -232 219
18054: -186 -432 -235 165
18055: -186 -432 -236 174
18058: -186 -432 -239 201
18060: -186 -432 -241 219
18062: -186 -432 -243 237
18066: -187 -505 -166 192
18067: -187 -505 -167 201
18068: -187 -505 -168 210
18071: -187 -505 -171 237
18074: -187 -506 -174 183
18076: -187 -506 -176 201
18079: -187 -506 -179 228
18080: -187 -506 -180 237
18087: -187 -507 -187 219
18092: -187 -508 -192 183
18093: -187 -508 -193 192
18094: -187 -508 -194 201
18095: -187 -508 -195 210
18097: -187 -508 -197 228
18098: -187 -508 -198 237
18099: -187 -509 -199 165
18100: -187 -509 -200 174
18101: -187 -509 -201 183
18102: -187 -509 -202 192
18103: -187 -509 -203 201
18104: -187 -509 -204 210
18106: -187 -509 -206 228
18107: -187 -509 -207 237
18108: -187 -510 -208 165
18109: -187 -510 -209 174
18110: -187 -510 -210 183
18111: -187 -510 -211 192
18112: -187 -510 -212 201
18115: -187 -510 -215 228
18116: -187 -510 -216 237
18118: -187 -511 -218 174
18124: -187 -511 -224 228
18126: -187 -512 -226 165
18127: -187 -512 -227 174
18128: -187 -512 -228 183
18129: -187 -512 -229 192
18133: -187 -512 -233 228
18135: -187 -513 -235 165
18136: -187 -513 -236 174
18139: -187 -513 -239 201
18140: -187 -513 -240 210
18142: -187 -513 -242 228
18148: -188 -586 -167 201
18149: -188 -586 -168 210
18150: -188 -586 -169 219
18157: -188 -587 -176 201
18158: -188 -587 -177 210
18161: -188 -587 -180 237
18173: -188 -589 -192 183
18175: -188 -589 -194 201
18179: -188 -589 -198 237
18181: -188 -590 -200 174
18182: -188 -590 -201 183
18183: -188 -590 -202 192
18185: -188 -590 -204 210
18188: -188 -590 -207 237
18189: -188 -591 -208 165
18190: -188 -591 -209 174
18191: -188 -591 -210 183
18192: -188 -591 -211 192
18193: -188 -591 -212 201
18195: -188 -591 -214 219
18197: -188 -591 -216 237
18198: -188 -592 -217 165
18199: -188 -592 -218 174
18200: -188 -592 -219 183
18201: -188 -592 -220 192
18202: -188 -592 -221 201
18203: -188 -592 -222 210
18206: -188 -592 -225 237
18207: -188 -593 -226 165
18208: -188 -593 -227 174
18216: -188 -594 -235 165
18217: -188 -594 -236 174
18219: -188 -594 -238 192
18220: -188 -594 -239 201
18221: -188 -594 -240 210
18228: -189 -667 -166 192
18230: -189 -667 -168 210
18231: -189 -667 -169 219
18232: -189 -667 -170 228
18236: -189 -668 -174 183
18238: -189 -668 -176 201
18239: -189 -668 -177 210
18240: -189 -668 -178 219
18252: -189 -670 -190 165
18254: -189 -670 -192 183
18255: -189 -670 -193 192
18256: -189 -670 -194 201
18257: -189 -670 -195 210
18258: -189 -670 -196 219
18259: -189 -670 -197 228
18261: -189 -671 -199 165
18262: -189 -671 -200 174
18263: -189 -671 -201 183
18264: -189 -671 -202 192
18267: -189 -671 -205 219
18268: -189 -671 -206 228
18271: -189 -672 -209 174
18272: -189 -672 -210 183
18273: -189 -672 -211 192
18276: -189 -672 -214 219
18277: -189 -672 -215 228
18280: -189 -673 -218 174
18282: -189 -673 -220 192
18283: -189 -673 -221 201
18284: -189 -673 -222 210
18285: -189 -673 -223 219
18286: -189 -673 -224 228
18288: -189 -674 -226 165
18289: -189 -674 -227 174
18291: -189 -674 -229 192
18292: -189 -674 -230 201
18293: -189 -674 -231 210
18294: -189 -674 -232 219
18390: -263 -109 -166 273
18425: -263 -113 -201 264
18426: -263 -113 -202 273
18427: -263 -113 -203 282
18444: -263 -115 -220 273
18445: -263 -115 -221 282
18449: -263 -115 -225 318
18453: -263 -116 -229 273
18461: -263 -117 -237 264
18462: -263 -117 -238 273
18463: -263 -117 -239 282
18465: -263 -117 -241 300
18466: -263 -117 -242 309
18467: -263 -117 -243 318
18634: -266 -352 -167 282
18660: -266 -355 -193 273
18661: -266 -355 -194 282
18662: -266 -355 -195 291
18677: -266 -357 -210 264
18678: -266 -357 -211 273
18679: -266 -357 -212 282
18684: -266 -358 -217 246
18686: -266 -358 -219 264
18687: -266 -358 -220 273
18688: -266 -358 -221 282
18689: -266 -358 -222 291
18690: -266 -358 -223 300
18691: -266 -358 -224 309
18692: -266 -358 -225 318
18695: -266 -359 -228 264
18696: -266 -359 -229 273
18697: -266 -359 -230 282
18698: -266 -359 -231 291
18699: -266 -359 -232 300
18700: -266 -359 -233 309
18701: -266 -359 -234 318
18702: -266 -360 -235 246
18704: -266 -360 -237 264
18705: -266 -360 -238 273
18706: -266 -360 -239 282
18707: -266 -360 -240 291
18708: -266 -360 -241 300
18709: -266 -360 -242 309
18710: -266 -360 -243 318
18715: -267 -433 -167 282
18724: -267 -434 -176 282
18743: -267 -436 -195 291
18747: -267 -437 -199 246
18750: -267 -437 -202 273
18752: -267 -437 -204 291
18753: -267 -437 -205 300
18754: -267 -437 -206 309
18755: -267 -437 -207 318
18762: -267 -438 -214 300
18765: -267 -439 -217 246
18768: -267 -439 -220 273
18771: -267 -439 -223 300
18772: -267 -439 -224 309
18776: -267 -440 -228 264
18777: -267 -440 -229 273
18781: -267 -440 -233 309
18782: -267 -440 -234 318
18783: -267 -441 -235 246
18785: -267 -441 -237 264
18786: -267 -441 -238 273
18787: -267 -441 -239 282
18788: -267 -441 -240 291
18789: -267 -441 -241 300
18790: -267 -441 -242 309
18791: -267 -441 -243 318
18796: -268 -514 -167 282
18798: -268 -514 -169 300
18800: -268 -514 -171 318
18809: -268 -515 -180 318
18822: -268 -517 -193 273
18825: -268 -517 -196 300
18827: -268 -517 -198 318
18828: -268 -518 -199 246
18830: -268 -518 -201 264
18831: -268 -518 -202 273
18833: -268 -518 -204 291
18837: -268 -519 -208 246
18842: -268 -519 -213 291
18843: -268 -519 -214 300
18844: -268 -519 -215 309
18860: -268 -521 -231 291
18862: -268 -521 -233 309
18864: -268 -522 -235 246
18866: -268 -522 -237 264
18868: -268 -522 -239 282
18869: -268 -522 -240 291
18871: -268 -522 -242 309
18872: -268 -522 -243 318
18903: -269 -598 -193 273
18909: -269 -599 -199 246
18912: -269 -599 -202 273
18913: -269 -599 -203 282
18914: -269 -599 -204 291
18916: -269 -599 -206 309
18917: -269 -599 -207 318
18918: -269 -600 -208 246
18921: -269 -600 -211 273
18922: -269 -600 -212 282
18923: -269 -600 -213 291
18924: -269 -600 -214 300
18925: -269 -600 -215 309
18927: -269 -601 -217 246
18929: -269 -601 -219 264
18930: -269 -601 -220 273
18931: -269 -601 -221 282
18932: -269 -601 -222 291
18933: -269 -601 -223 300
18934: -269 -601 -224 309
18935: -269 -601 -225 318
18945: -269 -603 -235 246
18948: -269 -603 -238 273
18949: -269 -603 -239 282
18950: -269 -603 -240 291
18951: -269 -603 -241 300
18952: -269 -603 -242 309
18958: -270 -676 -167 282
18971: -270 -677 -180 318
18983: -270 -679 -192 264
18984: -270 -679 -193 273
18985: -270 -679 -194 282
18988: -270 -679 -197 309
18990: -270 -680 -199 246
18992: -270 -680 -201 264
18993: -270 -680 -202 273
18995: -270 -680 -204 291
18996: -270 -680 -205 300
18998: -270 -680 -207 318
18999: -270 -681 -208 246
19005: -270 -681 -214 300
19008: -270 -682 -217 246
19011: -270 -682 -220 273
19014: -270 -682 -223 300
19017: -270 -683 -226 246
19019: -270 -683 -228 264
19020: -270 -683 -229 273
19021: -270 -683 -230 282
19022: -270 -683 -231 291
19023: -270 -683 -232 300
19024: -270 -683 -233 309
19025: -270 -683 -234 318
19080: -343 -42 -208 327
19081: -343 -42 -209 336
19082: -343 -42 -210 345
19083: -343 -42 -211 354
19084: -343 -42 -212 363
19085: -343 -42 -213 372
19086: -343 -42 -214 381
19087: -343 -42 -215 390
19088: -343 -42 -216 399
19120: -344 -118 -167 363
19127: -344 -119 -174 345
19129: -344 -119 -176 363
19130: -344 -119 -177 372
19131: -344 -119 -178 381
19144: -344 -121 -191 336
19145: -344 -121 -192 345
19146: -344 -121 -193 354
19147: -344 -121 -194 363
19148: -344 -121 -195 372
19149: -344 -121 -196 381
19150: -344 -121 -197 390
19152: -344 -122 -199 327
19153: -344 -122 -200 336
19154: -344 -122 -201 345
19157: -344 -122 -204 372
19158: -344 -122 -205 381
19159: -344 -122 -206 390
19160: -344 -122 -207 399
19162: -344 -123 -209 336
19163: -344 -123 -210 345
19164: -344 -123 -211 354
19168: -344 -123 -215 390
19170: -344 -124 -217 327
19171: -344 -124 -218 336
19172: -344 -124 -219 345
19173: -344 -124 -220 354
19174: -344 -124 -221 363
19177: -344 -124 -224 390
19178: -344 -124 -225 399
19179: -344 -125 -226 327
19180: -344 -125 -227 336
19181: -344 -125 -228 345
19182: -344 -125 -229 354
19183: -344 -125 -230 363
19184: -344 -125 -231 372
19185: -344 -125 -232 381
19188: -344 -126 -235 327
19189: -344 -126 -236 336
19190: -344 -126 -237 345
19191: -344 -126 -238 354
19192: -344 -126 -239 363
19193: -344 -126 -240 372
19194: -344 -126 -241 381
19213: -345 -200 -179 390
19224: -345 -202 -190 327
19225: -345 -202 -191 336
19228: -345 -202 -194 363
19229: -345 -202 -195 372
19230: -345 -202 -196 381
19237: -345 -203 -203 363
19242: -345 -204 -208 327
19243: -345 -204 -209 336
19245: -345 -204 -211 354
19246: -345 -204 -212 363
19248: -345 -204 -214 381
19249: -345 -204 -215 390
19251: -345 -205 -217 327
19252: -345 -205 -218 336
19254: -345 -205 -220 354
19255: -345 -205 -221 363
19256: -345 -205 -222 372
19258: -345 -205 -224 390
19260: -345 -206 -226 327
19261: -345 -206 -227 336
19263: -345 -206 -229 354
19264: -345 -206 -230 363
19266: -345 -206 -232 381
19268: -345 -206 -234 399
19269: -345 -207 -235 327
19270: -345 -207 -236 336
19272: -345 -207 -238 354
19273: -345 -207 -239 363
19281: -346 -280 -166 354
19283: -346 -280 -168 372
19284: -346 -280 -169 381
19285: -346 -280 -170 390
19286: -346 -280 -171 399
19289: -346 -281 -174 345
19291: -346 -281 -176 363
19292: -346 -281 -177 372
19293: -346 -281 -178 381
19294: -346 -281 -179 390
19305: -346 -283 -190 327
19308: -346 -283 -193 354
19309: -346 -283 -194 363
19311: -346 -283 -196 381
19312: -346 -283 -197 390
19313: -346 -283 -198 399
19314: -346 -284 -199 327
19323: -346 -285 -208 327
19326: -346 -285 -211 354
19332: -346 -286 -217 327
19334: -346 -286 -219 345
19335: -346 -286 -220 354
19336: -346 -286 -221 363
19341: -346 -287 -226 327
19343: -346 -287 -228 345
19344: -346 -287 -229 354
19347: -346 -287 -232 381
19348: -346 -287 -233 390
19350: -346 -288 -235 327
19352: -346 -288 -237 345
19353: -346 -288 -238 354
19356: -346 -288 -241 381
19358: -346 -288 -243 399
19362: -347 -361 -166 354
19364: -347 -361 -168 372
19365: -347 -361 -169 381
19366: -347 -361 -170 390
19367: -347 -361 -171 399
19370: -347 -362 -174 345
19372: -347 -362 -176 363
19374: -347 -362 -178 381
19375: -347 -362 -179 390
19388: -347 -364 -192 345
19389: -347 -364 -193 354
19390: -347 -364 -194 363
19392: -347 -364 -196 381
19404: -347 -366 -208 327
19407: -347 -366 -211 354
19412: -347 -366 -216 399
19413: -347 -367 -217 327
19414: -347 -367 -218 336
19415: -347 -367 -219 345
19416: -347 -367 -220 354
19417: -347 -367 -221 363
19418: -347 -367 -222 372
19419: -347 -367 -223 381
19421: -347 -367 -225 399
19422: -347 -368 -226 327
19423: -347 -368 -227 336
19425: -347 -368 -229 354
19426: -347 -368 -230 363
19429: -347 -368 -233 390
19443: -348 -442 -166 354
19444: -348 -442 -167 363
19446: -348 -442 -169 381
19447: -348 -442 -170 390
19448: -348 -442 -171 399
19451: -348 -443 -174 345
19454: -348 -443 -177 372
19455: -348 -443 -178 381
19457: -348 -443 -180 399
19458: -348 -444 -181 327
19460: -348 -444 -183 345
19463: -348 -444 -186 372
19464: -348 -444 -187 381
19465: -348 -444 -188 390
19469: -348 -445 -192 345
19470: -348 -445 -193 354
19471: -348 -445 -194 363
19472: -348 -445 -195 372
19474: -348 -445 -197 390
19476: -348 -446 -199 327
19477: -348 -446 -200 336
19478: -348 -446 -201 345
19479: -348 -446 -202 354
19481: -348 -446 -204 372
19482: -348 -446 -205 381
19483: -348 -446 -206 390
19484: -348 -446 -207 399
19485: -348 -447 -208 327
19486: -348 -447 -209 336
19487: -348 -447 -210 345
19488: -348 -447 -211 354
19491: -348 -447 -214 381
19492: -348 -447 -215 390
19493: -348 -447 -216 399
19494: -348 -448 -217 327
19495: -348 -448 -218 336
19497: -348 -448 -220 354
19498: -348 -448 -221 363
19499: -348 -448 -222 372
19501: -348 -448 -224 390
19502: -348 -448 -225 399
19503: -348 -449 -226 327
19504: -348 -449 -227 336
19505: -348 -449 -228 345
19506: -348 -449 -229 354
19507: -348 -449 -230 363
19508: -348 -449 -231 372
19509: -348 -449 -232 381
19512: -348 -450 -235 327
19514: -348 -450 -237 345
19515: -348 -450 -238 354
19516: -348 -450 -239 363
19517: -348 -450 -240 372
19518: -348 -450 -241 381
19524: -349 -523 -166 354
19525: -349 -523 -167 363
19526: -349 -523 -168 372
19527: -349 -523 -169 381
19528: -349 -523 -170 390
19529: -349 -523 -171 399
19532: -349 -524 -174 345
19534: -349 -524 -176 363
19535: -349 -524 -177 372
19536: -349 -524 -178 381
19538: -349 -524 -180 399
19539: -349 -525 -181 327
19541: -349 -525 -183 345
19542: -349 -525 -184 354
19545: -349 -525 -187 381
19551: -349 -526 -193 354
19552: -349 -526 -194 363
19553: -349 -526 -195 372
19554: -349 -526 -196 381
19556: -349 -526 -198 399
19557: -349 -527 -199 327
19559: -349 -527 -201 345
19563: -349 -527 -205 381
19566: -349 -528 -208 327
19567: -349 -528 -209 336
19568: -349 -528 -210 345
19569: -349 -528 -211 354
19571: -349 -528 -213 372
19573: -349 -528 -215 390
19575: -349 -529 -217 327
19576: -349 -529 -218 336
19577: -349 -529 -219 345
19579: -349 -529 -221 363
19581: -349 -529 -223 381
19583: -349 -529 -225 399
19584: -349 -530 -226 327
19585: -349 -530 -227 336
19587: -349 -530 -229 354
19590: -349 -530 -232 381
19593: -349 -531 -235 327
19594: -349 -531 -236 336
19595: -349 -531 -237 345
19596: -349 -531 -238 354
19597: -349 -531 -239 363
19599: -349 -531 -241 381
19605: -350 -604 -166 354
19606: -350 -604 -167 363
19607: -350 -604 -168 372
19609: -350 -604 -170 390
19613: -350 -605 -174 345
19615: -350 -605 -176 363
19616: -350 -605 -177 372
19617: -350 -605 -178 381
19618: -350 -605 -179 390
19622: -350 -606 -183 345
19623: -350 -606 -184 354
19627: -350 -606 -188 390
19628: -350 -606 -189 399
19631: -350 -607 -192 345
19632: -350 -607 -193 354
19633: -350 -607 -194 363
19636: -350 -607 -197 390
19637: -350 -607 -198 399
19640: -350 -608 -201 345
19641: -350 -608 -202 354
19645: -350 -608 -206 390
19647: -350 -609 -208 327
19648: -350 -609 -209 336
19649: -350 -609 -210 345
19650: -350 -609 -211 354
19654: -350 -609 -215 390
19656: -350 -610 -217 327
19657: -350 -610 -218 336
19658: -350 -610 -219 345
19659: -350 -610 -220 354
19660: -350 -610 -221 363
19662: -350 -610 -223 381
19663: -350 -610 -224 390
19664: -350 -610 -225 399
19665: -350 -611 -226 327
19672: -350 -611 -233 390
19674: -350 -612 -235 327
19676: -350 -612 -237 345
19686: -351 -685 -166 354
19687: -351 -685 -167 363
19689: -351 -685 -169 381
19690: -351 -685 -170 390
19691: -351 -685 -171 399
19694: -351 -686 -174 345
19696: -351 -686 -176 363
19697: -351 -686 -177 372
19698: -351 -686 -178 381
19700: -351 -686 -180 399
19703: -351 -687 -183 345
19704: -351 -687 -184 354
19706: -351 -687 -186 372
19707: -351 -687 -187 381
19708: -351 -687 -188 390
19709: -351 -687 -189 399
19712: -351 -688 -192 345
19713: -351 -688 -193 354
19714: -351 -688 -194 363
19718: -351 -688 -198 399
19719: -351 -689 -199 327
19721: -351 -689 -201 345
19722: -351 -689 -202 354
19727: -351 -689 -207 399
19736: -351 -690 -216 399
19737: -351 -691 -217 327
19738: -351 -691 -218 336
19740: -351 -691 -220 354
19745: -351 -691 -225 399
19746: -351 -692 -226 327
19747: -351 -692 -227 336
19748: -351 -692 -228 345
19749: -351 -692 -229 354
19750: -351 -692 -230 363
19751: -351 -692 -231 372
19754: -351 -692 -234 399
19756: -351 -693 -236 336
19758: -351 -693 -238 354
19760: -351 -693 -240 372
19818: -424 -52 -217 408
19819: -424 -52 -218 417
19820: -424 -52 -219 426
19821: -424 -52 -220 435
19822: -424 -52 -221 444
19823: -424 -52 -222 453
19824: -424 -52 -223 462
19825: -424 -52 -224 471
19826: -424 -52 -225 480
19850: -425 -127 -168 453
19856: -425 -128 -174 426
19860: -425 -128 -178 462
19861: -425 -128 -179 471
19862: -425 -128 -180 480
19874: -425 -130 -192 426
19875: -425 -130 -193 435
19876: -425 -130 -194 444
19877: -425 -130 -195 453
19878: -425 -130 -196 462
19879: -425 -130 -197 471
19880: -425 -130 -198 480
19881: -425 -131 -199 408
19882: -425 -131 -200 417
19884: -425 -131 -202 435
19886: -425 -131 -204 453
19887: -425 -131 -205 462
19890: -425 -132 -208 408
19891: -425 -132 -209 417
19897: -425 -132 -215 471
19899: -425 -133 -217 408
19900: -425 -133 -218 417
19909: -425 -134 -227 417
19910: -425 -134 -228 426
19911: -425 -134 -229 435
19912: -425 -134 -230 444
19913: -425 -134 -231 453
19917: -425 -135 -235 408
19918: -425 -135 -236 417
19920: -425 -135 -238 435
19921: -425 -135 -239 444
19923: -425 -135 -241 462
19953: -426 -211 -190 408
19958: -426 -211 -195 453
19959: -426 -211 -196 462
19960: -426 -211 -197 471
19962: -426 -212 -199 408
19963: -426 -212 -200 417
19967: -426 -212 -204 453
19969: -426 -212 -206 471
19976: -426 -213 -213 453
19980: -426 -214 -217 408
19981: -426 -214 -218 417
19983: -426 -214 -220 435
19987: -426 -214 -224 471
19988: -426 -214 -225 480
19989: -426 -215 -226 408
19990: -426 -215 -227 417
19992: -426 -215 -229 435
19995: -426 -215 -232 462
19998: -426 -216 -235 408
19999: -426 -216 -236 417
20001: -426 -216 -238 435
20004: -426 -216 -241 462
20005: -426 -216 -242 471
20010: -427 -289 -166 435
20011: -427 -289 -167 444
20013: -427 -289 -169 462
20014: -427 -289 -170 471
20015: -427 -289 -171 480
20018: -427 -290 -174 426
20021: -427 -290 -177 453
20023: -427 -290 -179 471
20024: -427 -290 -180 480
20034: -427 -292 -190 408
20036: -427 -292 -192 426
20037: -427 -292 -193 435
20040: -427 -292 -196 462
20041: -427 -292 -197 471
20043: -427 -293 -199 408
20044: -427 -293 -200 417
20045: -427 -293 -201 426
20046: -427 -293 -202 435
20050: -427 -293 -206 471
20052: -427 -294 -208 408
20055: -427 -294 -211 435
20061: -427 -295 -217 408
20063: -427 -295 -219 426
20064: -427 -295 -220 435
20065: -427 -295 -221 444
20069: -427 -295 -225 480
20070: -427 -296 -226 408
20071: -427 -296 -227 417
20073: -427 -296 -229 435
20074: -427 -296 -230 444
20075: -427 -296 -231 453
20079: -427 -297 -235 408
20081: -427 -297 -237 426
20082: -427 -297 -238 435
20086: -427 -297 -242 471
20091: -428 -370 -166 435
20092: -428 -370 -167 444
20093: -428 -370 -168 453
20094: -428 -370 -169 462
20096: -428 -370 -171 480
20099: -428 -371 -174 426
20101: -428 -371 -176 444
20102: -428 -371 -177 453
20103: -428 -371 -178 462
20104: -428 -371 -179 471
20108: -428 -372 -183 426
20109: -428 -372 -184 435
20116: -428 -373 -191 417
20117: -428 -373 -192 426
20118: -428 -373 -193 435
20119: -428 -373 -194 444
20120: -428 -373 -195 453
20122: -428 -373 -197 471
20124: -428 -374 -199 408
20125: -428 -374 -200 417
20127: -428 -374 -202 435
20133: -428 -375 -208 408
20134: -428 -375 -209 417
20137: -428 -375 -212 444
20142: -428 -376 -217 408
20144: -428 -376 -219 426
20146: -428 -376 -221 444
20151: -428 -377 -226 408
20152: -428 -377 -227 417
20154: -428 -377 -229 435
20155: -428 -377 -230 444
20156: -428 -377 -231 453
20160: -428 -378 -235 408
20161: -428 -378 -236 417
20162: -428 -378 -237 426
20163: -428 -378 -238 435
20165: -428 -378 -240 453
20166: -428 -378 -241 462
20172: -429 -451 -166 435
20175: -429 -451 -169 462
20176: -429 -451 -170 471
20177: -429 -451 -171 480
20180: -429 -452 -174 426
20183: -429 -452 -177 453
20184: -429 -452 -178 462
20186: -429 -452 -180 480
20201: -429 -454 -195 453
20223: -429 -457 -217 408
20232: -429 -458 -226 408
20233: -429 -458 -227 417
20235: -429 -458 -229 435
20240: -429 -458 -234 480
20241: -429 -459 -235 408
20242: -429 -459 -236 417
20244: -429 -459 -238 435
20253: -430 -532 -166 435
20254: -430 -532 -167 444
20255: -430 -532 -168 453
20257: -430 -532 -170 471
20258: -430 -532 -171 480
20261: -430 -533 -174 426
20263: -430 -533 -176 444
20265: -430 -533 -178 462
20268: -430 -534 -181 408
20271: -430 -534 -184 435
20273: -430 -534 -186 453
20274: -430 -534 -187 462
20275: -430 -534 -188 471
20276: -430 -534 -189 480
20281: -430 -535 -194 444
20282: -430 -535 -195 453
20283: -430 -535 -196 462
20285: -430 -535 -198 480
20286: -430 -536 -199 408
20287: -430 -536 -200 417
20290: -430 -536 -203 444
20292: -430 -536 -205 462
20294: -430 -536 -207 480
20295: -430 -537 -208 408
20296: -430 -537 -209 417
20297: -430 -537 -210 426
20298: -430 -537 -211 435
20299: -430 -537 -212 444
20300: -430 -537 -213 453
20301: -430 -537 -214 462
20302: -430 -537 -215 471
20303: -430 -537 -216 480
20304: -430 -538 -217 408
20305: -430 -538 -218 417
20306: -430 -538 -219 426
20313: -430 -539 -226 408
20317: -430 -539 -230 444
20322: -430 -540 -235 408
20323: -430 -540 -236 417
20328: -430 -540 -241 462
20334: -431 -613 -166 435
20335: -431 -613 -167 444
20336: -431 -613 -168 453
20337: -431 -613 -169 462
20338: -431 -613 -170 471
20339: -431 -613 -171 480
20342: -431 -614 -174 426
20344: -431 -614 -176 444
20346: -431 -614 -178 462
20347: -431 -614 -179 471
20348: -431 -614 -180 480
20349: -431 -615 -181 408
20351: -431 -615 -183 426
20352: -431 -615 -184 435
20353: -431 -615 -185 444
20356: -431 -615 -188 471
20357: -431 -615 -189 480
20360: -431 -616 -192 426
20361: -431 -616 -193 435
20363: -431 -616 -195 453
20364: -431 -616 -196 462
20365: -431 -616 -197 471
20369: -431 -617 -201 426
20374: -431 -617 -206 471
20376: -431 -618 -208 408
20377: -431 -618 -209 417
20383: -431 -618 -215 471
20385: -431 -619 -217 408
20386: -431 -619 -218 417
20387: -431 -619 -219 426
20388: -431 -619 -220 435
20392: -431 -619 -224 471
20393: -431 -619 -225 480
20395: -431 -620 -227 417
20397: -431 -620 -229 435
20401: -431 -620 -233 471
20403: -431 -621 -235 408
20404: -431 -621 -236 417
20408: -431 -621 -240 453
20415: -432 -694 -166 435
20416: -432 -694 -167 444
20417: -432 -694 -168 453
20418: -432 -694 -169 462
20420: -432 -694 -171 480
20423: -432 -695 -174 426
20426: -432 -695 -177 453
20427: -432 -695 -178 462
20429: -432 -695 -180 480
20430: -432 -696 -181 408
20432: -432 -696 -183 426
20434: -432 -696 -185 444
20435: -432 -696 -186 453
20437: -432 -696 -188 471
20438: -432 -696 -189 480
20440: -432 -697 -191 417
20441: -432 -697 -192 426
20442: -432 -697 -193 435
20444: -432 -697 -195 453
20447: -432 -697 -198 480
20448: -432 -698 -199 408
20449: -432 -698 -200 417
20457: -432 -699 -208 408
20458: -432 -699 -209 417
20464: -432 -699 -215 471
20465: -432 -699 -216 480
20466: -432 -700 -217 408
20467: -432 -700 -218 417
20474: -432 -700 -225 480
20475: -432 -701 -226 408
20476: -432 -701 -227 417
20477: -432 -701 -228 426
20478: -432 -701 -229 435
20479: -432 -701 -230 444
20483: -432 -701 -234 480
20484: -432 -702 -235 408
20485: -432 -702 -236 417
20487: -432 -702 -238 435
20489: -432 -702 -240 453
20492: -432 -702 -243 480
20556: -505 -62 -226 489
20557: -505 -62 -227 498
20558: -505 -62 -228 507
20559: -505 -62 -229 516
20560: -505 -62 -230 525
20561: -505 -62 -231 534
20562: -505 -62 -232 543
20563: -505 -62 -233 552
20564: -505 -62 -234 561
20580: -506 -136 -169 543
20585: -506 -137 -174 507
20587: -506 -137 -176 525
20589: -506 -137 -178 543
20590: -506 -137 -179 552
20591: -506 -137 -180 561
20601: -506 -139 -190 489
20602: -506 -139 -191 498
20603: -506 -139 -192 507
20604: -506 -139 -193 516
20605: -506 -139 -194 525
20606: -506 -139 -195 534
20607: -506 -139 -196 543
20608: -506 -139 -197 552
20609: -506 -139 -198 561
20610: -506 -140 -199 489
20612: -506 -140 -201 507
20616: -506 -140 -205 543
20617: -506 -140 -206 552
20619: -506 -141 -208 489
20620: -506 -141 -209 498
20621: -506 -141 -210 507
20622: -506 -141 -211 516
20624: -506 -141 -213 534
20625: -506 -141 -214 543
20626: -506 -141 -215 552
20627: -506 -141 -216 561
20628: -506 -142 -217 489
20629: -506 -142 -218 498
20630: -506 -142 -219 507
20633: -506 -142 -222 534
20636: -506 -142 -225 561
20637: -506 -143 -226 489
20638: -506 -143 -227 498
20639: -506 -143 -228 507
20640: -506 -143 -229 516
20642: -506 -143 -231 534
20643: -506 -143 -232 543
20646: -506 -144 -235 489
20647: -506 -144 -236 498
20648: -506 -144 -237 507
20669: -507 -218 -177 534
20681: -507 -219 -189 561
20682: -507 -220 -190 489
20683: -507 -220 -191 498
20688: -507 -220 -196 543
20690: -507 -220 -198 561
20691: -507 -221 -199 489
20692: -507 -221 -200 498
20694: -507 -221 -202 516
20697: -507 -221 -205 543
20698: -507 -221 -206 552
20700: -507 -222 -208 489
20701: -507 -222 -209 498
20706: -507 -222 -214 543
20707: -507 -222 -215 552
20708: -507 -222 -216 561
20715: -507 -223 -223 543
20718: -507 -224 -226 489
20719: -507 -224 -227 498
20721: -507 -224 -229 516
20722: -507 -224 -230 525
20724: -507 -224 -232 543
20726: -507 -224 -234 561
20727: -507 -225 -235 489
20728: -507 -225 -236 498
20730: -507 -225 -238 516
20733: -507 -225 -241 543
20734: -507 -225 -242 552
20739: -508 -298 -166 516
20740: -508 -298 -167 525
20743: -508 -298 -170 552
20744: -508 -298 -171 561
20747: -508 -299 -174 507
20749: -508 -299 -176 525
20751: -508 -299 -178 543
20752: -508 -299 -179 552
20753: -508 -299 -180 561
20763: -508 -301 -190 489
20764: -508 -301 -191 498
20765: -508 -301 -192 507
20766: -508 -301 -193 516
20767: -508 -301 -194 525
20768: -508 -301 -195 534
20771: -508 -301 -198 561
20772: -508 -302 -199 489
20774: -508 -302 -201 507
20775: -508 -302 -202 516
20778: -508 -302 -205 543
20780: -508 -302 -207 561
20781: -508 -303 -208 489
20783: -508 -303 -210 507
20784: -508 -303 -211 516
20790: -508 -304 -217 489
20793: -508 -304 -220 516
20794: -508 -304 -221 525
20799: -508 -305 -226 489
20801: -508 -305 -228 507
20802: -508 -305 -229 516
20805: -508 -305 -232 543
20808: -508 -306 -235 489
20809: -508 -306 -236 498
20810: -508 -306 -237 507
20811: -508 -306 -238 516
20820: -509 -379 -166 516
20821: -509 -379 -167 525
20822: -509 -379 -168 534
20823: -509 -379 -169 543
20824: -509 -379 -170 552
20828: -509 -380 -174 507
20830: -509 -380 -176 525
20831: -509 -380 -177 534
20832: -509 -380 -178 543
20834: -509 -380 -180 561
20835: -509 -381 -181 489
20837: -509 -381 -183 507
20838: -509 -381 -184 516
20839: -509 -381 -185 525
20842: -509 -381 -188 552
20846: -509 -382 -192 507
20847: -509 -382 -193 516
20848: -509 -382 -194 525
20849: -509 -382 -195 534
20850: -509 -382 -196 543
20853: -509 -383 -199 489
20854: -509 -383 -200 498
20856: -509 -383 -202 516
20857: -509 -383 -203 525
20858: -509 -383 -204 534
20862: -509 -384 -208 489
20864: -509 -384 -210 507
20866: -509 -384 -212 525
20870: -509 -384 -216 561
20871: -509 -385 -217 489
20874: -509 -385 -220 516
20875: -509 -385 -221 525
20880: -509 -386 -226 489
20881: -509 -386 -227 498
20882: -509 -386 -228 507
20883: -509 -386 -229 516
20884: -509 -386 -230 525
20886: -509 -386 -232 543
20889: -509 -387 -235 489
20890: -509 -387 -236 498
20891: -509 -387 -237 507
20892: -509 -387 -238 516
20893: -509 -387 -239 525
20894: -509 -387 -240 534
20895: -509 -387 -241 543
20896: -509 -387 -242 552
20901: -510 -460 -166 516
20902: -510 -460 -167 525
20903: -510 -460 -168 534
20904: -510 -460 -169 543
20905: -510 -460 -170 552
20909: -510 -461 -174 507
20911: -510 -461 -176 525
20913: -510 -461 -178 543
20914: -510 -461 -179 552
20915: -510 -461 -180 561
20916: -510 -462 -181 489
20919: -510 -462 -184 516
20921: -510 -462 -186 534
20925: -510 -463 -190 489
20926: -510 -463 -191 498
20927: -510 -463 -192 507
20928: -510 -463 -193 516
20930: -510 -463 -195 534
20931: -510 -463 -196 543
20932: -510 -463 -197 552
20934: -510 -464 -199 489
20935: -510 -464 -200 498
20937: -510 -464 -202 516
20938: -510 -464 -203 525
20939: -510 -464 -204 534
20940: -510 -464 -205 543
20942: -510 -464 -207 561
20943: -510 -465 -208 489
20944: -510 -465 -209 498
20946: -510 -465 -211 516
20952: -510 -466 -217 489
20953: -510 -466 -218 498
20955: -510 -466 -220 516
20963: -510 -467 -228 507
20966: -510 -467 -231 534
20967: -510 -467 -232 543
20968: -510 -467 -233 552
20970: -510 -468 -235 489
20971: -510 -468 -236 498
20972: -510 -468 -237 507
20975: -510 -468 -240 534
20976: -510 -468 -241 543
20982: -511 -541 -166 516
20983: -511 -541 -167 525
20986: -511 -541 -170 552
20987: -511 -541 -171 561
20990: -511 -542 -174 507
20992: -511 -542 -176 525
20994: -511 -542 -178 543
20995: -511 -542 -179 552
20996: -511 -542 -180 561
21009: -511 -544 -193 516
21010: -511 -544 -194 525
21011: -511 -544 -195 534
21012: -511 -544 -196 543
21015: -511 -545 -199 489
21016: -511 -545 -200 498
21018: -511 -545 -202 516
21020: -511 -545 -204 534
21021: -511 -545 -205 543
21042: -511 -548 -226 489
21043: -511 -548 -227 498
21044: -511 -548 -228 507
21045: -511 -548 -229 516
21047: -511 -548 -231 534
21051: -511 -549 -235 489
21052: -511 -549 -236 498
21054: -511 -549 -238 516
21063: -512 -622 -166 516
21064: -512 -622 -167 525
21065: -512 -622 -168 534
21066: -512 -622 -169 543
21068: -512 -622 -171 561
21071: -512 -623 -174 507
21074: -512 -623 -177 534
21076: -512 -623 -179 552
21077: -512 -623 -180 561
21080: -512 -624 -183 507
21081: -512 -624 -184 516
21082: -512 -624 -185 525
21084: -512 -624 -187 543
21085: -512 -624 -188 552
21086: -512 -624 -189 561
21089: -512 -625 -192 507
21090: -512 -625 -193 516
21091: -512 -625 -194 525
21093: -512 -625 -196 543
21094: -512 -625 -197 552
21097: -512 -626 -200 498
21098: -512 -626 -201 507
21102: -512 -626 -205 543
21103: -512 -626 -206 552
21105: -512 -627 -208 489
21108: -512 -627 -211 516
21112: -512 -627 -215 552
21114: -512 -628 -217 489
21115: -512 -628 -218 498
21116: -512 -628 -219 507
21117: -512 -628 -220 516
21121: -512 -628 -224 552
21124: -512 -629 -227 498
21125: -512 -629 -228 507
21126: -512 -629 -229 516
21132: -512 -630 -235 489
21135: -512 -630 -238 516
21138: -512 -630 -241 543
21144: -513 -703 -166 516
21145: -513 -703 -167 525
21147: -513 -703 -169 543
21148: -513 -703 -170 552
21149: -513 -703 -171 561
21152: -513 -704 -174 507
21155: -513 -704 -177 534
21156: -513 -704 -178 543
21158: -513 -704 -180 561
21159: -513 -705 -181 489
21161: -513 -705 -183 507
21163: -513 -705 -185 525
21166: -513 -705 -188 552
21167: -513 -705 -189 561
21169: -513 -706 -191 498
21170: -513 -706 -192 507
21171: -513 -706 -193 516
21172: -513 -706 -194 525
21174: -513 -706 -196 543
21175: -513 -706 -197 552
21176: -513 -706 -198 561
21177: -513 -707 -199 489
21178: -513 -707 -200 498
21179: -513 -707 -201 507
21183: -513 -707 -205 543
21187: -513 -708 -209 498
21188: -513 -708 -210 507
21189: -513 -708 -211 516
21194: -513 -708 -216 561
21195: -513 -709 -217 489
21196: -513 -709 -218 498
21198: -513 -709 -220 516
21203: -513 -709 -225 561
21204: -513 -710 -226 489
21205: -513 -710 -227 498
21206: -513 -710 -228 507
21207: -513 -710 -229 516
21208: -513 -710 -230 525
21209: -513 -710 -231 534
21210: -513 -710 -232 543
21211: -513 -710 -233 552
21212: -513 -710 -234 561
21213: -513 -711 -235 489
21214: -513 -711 -236 498
21215: -513 -711 -237 507
21216: -513 -711 -238 516
21221: -513 -711 -243 561
21294: -586 -72 -235 570
21295: -586 -72 -236 579
21296: -586 -72 -237 588
21297: -586 -72 -238 597
21298: -586 -72 -239 606
21299: -586 -72 -240 615
21300: -586 -72 -241 624
21301: -586 -72 -242 633
21302: -586 -72 -243 642
21310: -587 -145 -170 633
21316: -587 -146 -176 606
21317: -587 -146 -177 615
21320: -587 -146 -180 642
21330: -587 -148 -190 570
21331: -587 -148 -191 579
21332: -587 -148 -192 588
21333: -587 -148 -193 597
21334: -587 -148 -194 606
21335: -587 -148 -195 615
21336: -587 -148 -196 624
21337: -587 -148 -197 633
21339: -587 -149 -199 570
21341: -587 -149 -201 588
21342: -587 -149 -202 597
21344: -587 -149 -204 615
21345: -587 -149 -205 624
21348: -587 -150 -208 570
21350: -587 -150 -210 588
21351: -587 -150 -211 597
21354: -587 -150 -214 624
21356: -587 -150 -216 642
21357: -587 -151 -217 570
21358: -587 -151 -218 579
21359: -587 -151 -219 588
21360: -587 -151 -220 597
21361: -587 -151 -221 606
21363: -587 -151 -223 624
21364: -587 -151 -224 633
21365: -587 -151 -225 642
21366: -587 -152 -226 570
21367: -587 -152 -227 579
21375: -587 -153 -235 570
21376: -587 -153 -236 579
21377: -587 -153 -237 588
21382: -587 -153 -242 633
21411: -588 -229 -190 570
21415: -588 -229 -194 606
21416: -588 -229 -195 615
21417: -588 -229 -196 624
21418: -588 -229 -197 633
21420: -588 -230 -199 570
21421: -588 -230 -200 579
21423: -588 -230 -202 597
21428: -588 -230 -207 642
21429: -588 -231 -208 570
21430: -588 -231 -209 579
21432: -588 -231 -211 597
21433: -588 -231 -212 606
21436: -588 -231 -215 633
21437: -588 -231 -216 642
21438: -588 -232 -217 570
21439: -588 -232 -218 579
21442: -588 -232 -221 606
21443: -588 -232 -222 615
21445: -588 -232 -224 633
21456: -588 -234 -235 570
21457: -588 -234 -236 579
21459: -588 -234 -238 597
21461: -588 -234 -240 615
21468: -589 -307 -166 597
21469: -589 -307 -167 606
21470: -589 -307 -168 615
21471: -589 -307 -169 624
21473: -589 -307 -171 642
21476: -589 -308 -174 588
21479: -589 -308 -177 615
21481: -589 -308 -179 633
21492: -589 -310 -190 570
21495: -589 -310 -193 597
21496: -589 -310 -194 606
21501: -589 -311 -199 570
21503: -589 -311 -201 588
21504: -589 -311 -202 597
21507: -589 -311 -205 624
21508: -589 -311 -206 633
21509: -589 -311 -207 642
21510: -589 -312 -208 570
21512: -589 -312 -210 588
21513: -589 -312 -211 597
21519: -589 -313 -217 570
21521: -589 -313 -219 588
21522: -589 -313 -220 597
21523: -589 -313 -221 606
21528: -589 -314 -226 570
21529: -589 -314 -227 579
21537: -589 -315 -235 570
21540: -589 -315 -238 597
21542: -589 -315 -240 615
21543: -589 -315 -241 624
21549: -590 -388 -166 597
21550: -590 -388 -167 606
21551: -590 -388 -168 615
21552: -590 -388 -169 624
21553: -590 -388 -170 633
21554: -590 -388 -171 642
21557: -590 -389 -174 588
21559: -590 -389 -176 606
21561: -590 -389 -178 624
21563: -590 -389 -180 642
21564: -590 -390 -181 570
21566: -590 -390 -183 588
21567: -590 -390 -184 597
21568: -590 -390 -185 606
21569: -590 -390 -186 615
21571: -590 -390 -188 633
21572: -590 -390 -189 642
21575: -590 -391 -192 588
21576: -590 -391 -193 597
21577: -590 -391 -194 606
21580: -590 -391 -197 633
21583: -590 -392 -200 579
21584: -590 -392 -201 588
21586: -590 -392 -203 606
21591: -590 -393 -208 570
21592: -590 -393 -209 579
21593: -590 -393 -210 588
21600: -590 -394 -217 570
21601: -590 -394 -218 579
21602: -590 -394 -219 588
21603: -590 -394 -220 597
21604: -590 -394 -221 606
21609: -590 -395 -226 570
21610: -590 -395 -227 579
21612: -590 -395 -229 597
21613: -590 -395 -230 606
21614: -590 -395 -231 615
21618: -590 -396 -235 570
21619: -590 -396 -236 579
21620: -590 -396 -237 588
21621: -590 -396 -238 597
21622: -590 -396 -239 606
21623: -590 -396 -240 615
21626: -590 -396 -243 642
21630: -591 -469 -166 597
21632: -591 -469 -168 615
21633: -591 -469 -169 624
21634: -591 -469 -170 633
21635: -591 -469 -171 642
21638: -591 -470 -174 588
21640: -591 -470 -176 606
21642: -591 -470 -178 624
21644: -591 -470 -180 642
21645: -591 -471 -181 570
21647: -591 -471 -183 588
21650: -591 -471 -186 615
21656: -591 -472 -192 588
21659: -591 -472 -195 615
21660: -591 -472 -196 624
21661: -591 -472 -197 633
21662: -591 -472 -198 642
21663: -591 -473 -199 570
21664: -591 -473 -200 579
21665: -591 -473 -201 588
21666: -591 -473 -202 597
21668: -591 -473 -204 615
21669: -591 -473 -205 624
21671: -591 -473 -207 642
21672: -591 -474 -208 570
21673: -591 -474 -209 579
21675: -591 -474 -211 597
21677: -591 -474 -213 615
21678: -591 -474 -214 624
21681: -591 -475 -217 570
21683: -591 -475 -219 588
21690: -591 -476 -226 570
21691: -591 -476 -227 579
21692: -591 -476 -228 588
21693: -591 -476 -229 597
21695: -591 -476 -231 615
21699: -591 -477 -235 570
21700: -591 -477 -236 579
21701: -591 -477 -237 588
21702: -591 -477 -238 597
21704: -591 -477 -240 615
21706: -591 -477 -242 633
21711: -592 -550 -166 597
21712: -592 -550 -167 606
21713: -592 -550 -168 615
21714: -592 -550 -169 624
21715: -592 -550 -170 633
21716: -592 -550 -171 642
21719: -592 -551 -174 588
21722: -592 -551 -177 615
21723: -592 -551 -178 624
21724: -592 -551 -179 633
21725: -592 -551 -180 642
21726: -592 -552 -181 570
21728: -592 -552 -183 588
21732: -592 -552 -187 624
21735: -592 -553 -190 570
21737: -592 -553 -192 588
21738: -592 -553 -193 597
21741: -592 -553 -196 624
21742: -592 -553 -197 633
21744: -592 -554 -199 570
21745: -592 -554 -200 579
21750: -592 -554 -205 624
21753: -592 -555 -208 570
21754: -592 -555 -209 579
21755: -592 -555 -210 588
21756: -592 -555 -211 597
21758: -592 -555 -213 615
21759: -592 -555 -214 624
21761: -592 -555 -216 642
21762: -592 -556 -217 570
21770: -592 -556 -225 642
21771: -592 -557 -226 570
21772: -592 -557 -227 579
21777: -592 -557 -232 624
21780: -592 -558 -235 570
21784: -592 -558 -239 606
21785: -592 -558 -240 615
21786: -592 -558 -241 624
21792: -593 -631 -166 597
21793: -593 -631 -167 606
21794: -593 -631 -168 615
21795: -593 -631 -169 624
21797: -593 -631 -171 642
21800: -593 -632 -174 588
21802: -593 -632 -176 606
21803: -593 -632 -177 615
21805: -593 -632 -179 633
21822: -593 -634 -196 624
21823: -593 -634 -197 633
21825: -593 -635 -199 570
21826: -593 -635 -200 579
21827: -593 -635 -201 588
21828: -593 -635 -202 597
21831: -593 -635 -205 624
21832: -593 -635 -206 633
21834: -593 -636 -208 570
21861: -593 -639 -235 570
21864: -593 -639 -238 597
21868: -593 -639 -242 633
21873: -594 -712 -166 597
21874: -594 -712 -167 606
21877: -594 -712 -170 633
21881: -594 -713 -174 588
21885: -594 -713 -178 624
21887: -594 -713 -180 642
21888: -594 -714 -181 570
21890: -594 -714 -183 588
21891: -594 -714 -184 597
21892: -594 -714 -185 606
21894: -594 -714 -187 624
21896: -594 -714 -189 642
21900: -594 -715 -193 597
21902: -594 -715 -195 615
21904: -594 -715 -197 633
21905: -594 -715 -198 642
21906: -594 -716 -199 570
21907: -594 -716 -200 579
21910: -594 -716 -203 606
21918: -594 -717 -211 597
21924: -594 -718 -217 570
21926: -594 -718 -219 588
21927: -594 -718 -220 597
21929: -594 -718 -222 615
21932: -594 -718 -225 642
21933: -594 -719 -226 570
21934: -594 -719 -227 579
21935: -594 -719 -228 588
21936: -594 -719 -229 597
21937: -594 -719 -230 606
21938: -594 -719 -231 615
21939: -594 -719 -232 624
21941: -594 -719 -234 642
21942: -594 -720 -235 570
21943: -594 -720 -236 579
21987: -667 -77 -199 651
21988: -667 -77 -200 660
21989: -667 -77 -201 669
21990: -667 -77 -202 678
21991: -667 -77 -203 687
21992: -667 -77 -204 696
21993: -667 -77 -205 705
21994: -667 -77 -206 714
21995: -667 -77 -207 723
22040: -668 -154 -171 723
22045: -668 -155 -176 687
22046: -668 -155 -177 696
22049: -668 -155 -180 723
22060: -668 -157 -191 660
22061: -668 -157 -192 669
22062: -668 -157 -193 678
22063: -668 -157 -194 687
22065: -668 -157 -196 705
22066: -668 -157 -197 714
22067: -668 -157 -198 723
22068: -668 -158 -199 651
22069: -668 -158 -200 660
22070: -668 -158 -201 669
22076: -668 -158 -207 723
22077: -668 -159 -208 651
22079: -668 -159 -210 669
22080: -668 -159 -211 678
22083: -668 -159 -214 705
22084: -668 -159 -215 714
22085: -668 -159 -216 723
22086: -668 -160 -217 651
22087: -668 -160 -218 660
22088: -668 -160 -219 669
22089: -668 -160 -220 678
22090: -668 -160 -221 687
22091: -668 -160 -222 696
22093: -668 -160 -224 714
22095: -668 -161 -226 651
22096: -668 -161 -227 660
22097: -668 -161 -228 669
22098: -668 -161 -229 678
22099: -668 -161 -230 687
22103: -668 -161 -234 723
22105: -668 -162 -236 660
22111: -668 -162 -242 714
22116: -669 -235 -166 678
22135: -669 -237 -185 687
22140: -669 -238 -190 651
22141: -669 -238 -191 660
22144: -669 -238 -194 687
22145: -669 -238 -195 696
22146: -669 -238 -196 705
22148: -669 -238 -198 723
22149: -669 -239 -199 651
22150: -669 -239 -200 660
22152: -669 -239 -202 678
22154: -669 -239 -204 696
22155: -669 -239 -205 705
22158: -669 -240 -208 651
22159: -669 -240 -209 660
22161: -669 -240 -211 678
22165: -669 -240 -215 714
22167: -669 -241 -217 651
22168: -669 -241 -218 660
22170: -669 -241 -220 678
22172: -669 -241 -222 696
22175: -669 -241 -225 723
22176: -669 -242 -226 651
22177: -669 -242 -227 660
22181: -669 -242 -231 696
22184: -669 -242 -234 723
22193: -669 -243 -243 723
22197: -670 -316 -166 678
22198: -670 -316 -167 687
22199: -670 -316 -168 696
22200: -670 -316 -169 705
22201: -670 -316 -170 714
22205: -670 -317 -174 669
22207: -670 -317 -176 687
22208: -670 -317 -177 696
22211: -670 -317 -180 723
22221: -670 -319 -190 651
22223: -670 -319 -192 669
22224: -670 -319 -193 678
22225: -670 -319 -194 687
22226: -670 -319 -195 696
22233: -670 -320 -202 678
22239: -670 -321 -208 651
22241: -670 -321 -210 669
22242: -670 -321 -211 678
22247: -670 -321 -216 723
22248: -670 -322 -217 651
22250: -670 -322 -219 669
22253: -670 -322 -222 696
22257: -670 -323 -226 651
22259: -670 -323 -228 669
22260: -670 -323 -229 678
22265: -670 -323 -234 723
22266: -670 -324 -235 651
22267: -670 -324 -236 660
22269: -670 -324 -238 678
22278: -671 -397 -166 678
22280: -671 -397 -168 696
22281: -671 -397 -169 705
22283: -671 -397 -171 723
22286: -671 -398 -174 669
22288: -671 -398 -176 687
22291: -671 -398 -179 714
22293: -671 -399 -181 651
22295: -671 -399 -183 669
22297: -671 -399 -185 687
22298: -671 -399 -186 696
22301: -671 -399 -189 723
22304: -671 -400 -192 669
22305: -671 -400 -193 678
22306: -671 -400 -194 687
22307: -671 -400 -195 696
22308: -671 -400 -196 705
22311: -671 -401 -199 651
22312: -671 -401 -200 660
22313: -671 -401 -201 669
22314: -671 -401 -202 678
22320: -671 -402 -208 651
22321: -671 -402 -209 660
22328: -671 -402 -216 723
22330: -671 -403 -218 660
22331: -671 -403 -219 669
22333: -671 -403 -221 687
22335: -671 -403 -223 705
22336: -671 -403 -224 714
22337: -671 -403 -225 723
22338: -671 -404 -226 651
22341: -671 -404 -229 678
22342: -671 -404 -230 687
22347: -671 -405 -235 651
22348: -671 -405 -236 660
22349: -671 -405 -237 669
22350: -671 -405 -238 678
22351: -671 -405 -239 687
22352: -671 -405 -240 696
22353: -671 -405 -241 705
22359: -672 -478 -166 678
22360: -672 -478 -167 687
22361: -672 -478 -168 696
22362: -672 -478 -169 705
22363: -672 -478 -170 714
22364: -672 -478 -171 723
22367: -672 -479 -174 669
22369: -672 -479 -176 687
22370: -672 -479 -177 696
22372: -672 -479 -179 714
22373: -672 -479 -180 723
22374: -672 -480 -181 651
22376: -672 -480 -183 669
22378: -672 -480 -185 687
22379: -672 -480 -186 696
22384: -672 -481 -191 660
22385: -672 -481 -192 669
22386: -672 -481 -193 678
22388: -672 -481 -195 696
22391: -672 -481 -198 723
22392: -672 -482 -199 651
22393: -672 -482 -200 660
22394: -672 -482 -201 669
22395: -672 -482 -202 678
22397: -672 -482 -204 696
22398: -672 -482 -205 705
22400: -672 -482 -207 723
22402: -672 -483 -209 660
22403: -672 -483 -210 669
22404: -672 -483 -211 678
22407: -672 -483 -214 705
22408: -672 -483 -215 714
22410: -672 -484 -217 651
22411: -672 -484 -218 660
22418: -672 -484 -225 723
22419: -672 -485 -226 651
22421: -672 -485 -228 669
22422: -672 -485 -229 678
22424: -672 -485 -231 696
22425: -672 -485 -232 705
22426: -672 -485 -233 714
22428: -672 -486 -235 651
22429: -672 -486 -236 660
22430: -672 -486 -237 669
22433: -672 -486 -240 696
22434: -672 -486 -241 705
22440: -673 -559 -166 678
22441: -673 -559 -167 687
22443: -673 -559 -169 705
22444: -673 -559 -170 714
22445: -673 -559 -171 723
22448: -673 -560 -174 669
22450: -673 -560 -176 687
22451: -673 -560 -177 696
22452: -673 -560 -178 705
22453: -673 -560 -179 714
22454: -673 -560 -180 723
22457: -673 -561 -183 669
22459: -673 -561 -185 687
22465: -673 -562 -191 660
22466: -673 -562 -192 669
22468: -673 -562 -194 687
22470: -673 -562 -196 705
22472: -673 -562 -198 723
22473: -673 -563 -199 651
22474: -673 -563 -200 660
22475: -673 -563 -201 669
22476: -673 -563 -202 678
22479: -673 -563 -205 705
22482: -673 -564 -208 651
22483: -673 -564 -209 660
22484: -673 -564 -210 669
22485: -673 -564 -211 678
22488: -673 -564 -214 705
22489: -673 -564 -215 714
22491: -673 -565 -217 651
22492: -673 -565 -218 660
22493: -673 -565 -219 669
22497: -673 -565 -223 705
22500: -673 -566 -226 651
22501: -673 -566 -227 660
22503: -673 -566 -229 678
22504: -673 -566 -230 687
22508: -673 -566 -234 723
22509: -673 -567 -235 651
22510: -673 -567 -236 660
22515: -673 -567 -241 705
22521: -674 -640 -166 678
22522: -674 -640 -167 687
22524: -674 -640 -169 705
22525: -674 -640 -170 714
22526: -674 -640 -171 723
22529: -674 -641 -174 669
22531: -674 -641 -176 687
22532: -674 -641 -177 696
22534: -674 -641 -179 714
22538: -674 -642 -183 669
22539: -674 -642 -184 678
22541: -674 -642 -186 696
22542: -674 -642 -187 705
22543: -674 -642 -188 714
22545: -674 -643 -190 651
22547: -674 -643 -192 669
22548: -674 -643 -193 678
22550: -674 -643 -195 696
22551: -674 -643 -196 705
22552: -674 -643 -197 714
22554: -674 -644 -199 651
22556: -674 -644 -201 669
22558: -674 -644 -203 687
22561: -674 -644 -206 714
22563: -674 -645 -208 651
22564: -674 -645 -209 660
22565: -674 -645 -210 669
22566: -674 -645 -211 678
22567: -674 -645 -212 687
22571: -674 -645 -216 723
22572: -674 -646 -217 651
22573: -674 -646 -218 660
22574: -674 -646 -219 669
22575: -674 -646 -220 678
22576: -674 -646 -221 687
22579: -674 -646 -224 714
22581: -674 -647 -226 651
22582: -674 -647 -227 660
22584: -674 -647 -229 678
22588: -674 -647 -233 714
22590: -674 -648 -235 651
22593: -674 -648 -238 678
22597: -674 -648 -242 714
22602: -675 -721 -166 678
22603: -675 -721 -167 687
22604: -675 -721 -168 696
22605: -675 -721 -169 705
22610: -675 -722 -174 669
22612: -675 -722 -176 687
22613: -675 -722 -177 696
22614: -675 -722 -178 705
22616: -675 -722 -180 723
22629: -675 -724 -193 678
22632: -675 -724 -196 705
22634: -675 -724 -198 723
22635: -675 -725 -199 651
22636: -675 -725 -200 660
22639: -675 -725 -203 687
22644: -675 -726 -208 651
22645: -675 -726 -209 660
22647: -675 -726 -211 678
22651: -675 -726 -215 714
22653: -675 -727 -217 651
22654: -675 -727 -218 660
22661: -675 -727 -225 723
22689: -28 -2 -253 4
22690: -28 -2 -254 13
22692: -28 -2 -256 31
22693: -28 -2 -257 40
22694: -28 -2 -258 49
22695: -28 -2 -259 58
22696: -28 -2 -260 67
22697: -28 -2 -261 76
23430: -109 -12 -265 112
23431: -109 -12 -266 121
23432: -109 -12 -267 130
23433: -109 -12 -268 139
23434: -109 -12 -269 148
23435: -109 -12 -270 157
23501: -110 -92 -255 103
23526: -110 -95 -280 85
23527: -110 -95 -281 94
23534: -110 -95 -288 157
23535: -110 -96 -289 85
23536: -110 -96 -290 94
23538: -110 -96 -292 112
23539: -110 -96 -293 121
23541: -110 -96 -295 139
23543: -110 -96 -297 157
23544: -110 -97 -298 85
23545: -110 -97 -299 94
23548: -110 -97 -302 121
23549: -110 -97 -303 130
23552: -110 -97 -306 157
23553: -110 -98 -307 85
23556: -110 -98 -310 112
23557: -110 -98 -311 121
23558: -110 -98 -312 130
23559: -110 -98 -313 139
23562: -110 -99 -316 85
23563: -110 -99 -317 94
23569: -110 -99 -323 148
23671: -112 -255 -263 94
23736: -113 -334 -247 112
23737: -113 -334 -248 121
23738: -113 -334 -249 130
23739: -113 -334 -250 139
23740: -113 -334 -251 148
23741: -113 -334 -252 157
23744: -113 -335 -255 103
23752: -113 -336 -263 94
23755: -113 -336 -266 121
23756: -113 -336 -267 130
23757: -113 -336 -268 139
23758: -113 -336 -269 148
23759: -113 -336 -270 157
23761: -113 -337 -272 94
23763: -113 -337 -274 112
23765: -113 -337 -276 130
23767: -113 -337 -278 148
23769: -113 -338 -280 85
23776: -113 -338 -287 148
23777: -113 -338 -288 157
23778: -113 -339 -289 85
23779: -113 -339 -290 94
23785: -113 -339 -296 148
23792: -113 -340 -303 130
23795: -113 -340 -306 157
23796: -113 -341 -307 85
23799: -113 -341 -310 112
23805: -113 -342 -316 85
23808: -113 -342 -319 112
23811: -113 -342 -322 139
23818: -114 -415 -248 121
23819: -114 -415 -249 130
23820: -114 -415 -250 139
23821: -114 -415 -251 148
23822: -114 -415 -252 157
23825: -114 -416 -255 103
23839: -114 -417 -269 148
23840: -114 -417 -270 157
23842: -114 -418 -272 94
23844: -114 -418 -274 112
23849: -114 -418 -279 157
23850: -114 -419 -280 85
23853: -114 -419 -283 112
23858: -114 -419 -288 157
23859: -114 -420 -289 85
23860: -114 -420 -290 94
23865: -114 -420 -295 139
23868: -114 -421 -298 85
23876: -114 -421 -306 157
23877: -114 -422 -307 85
23880: -114 -422 -310 112
23886: -114 -423 -316 85
23893: -114 -423 -323 148
23899: -115 -496 -248 121
23900: -115 -496 -249 130
23901: -115 -496 -250 139
23902: -115 -496 -251 148
23903: -115 -496 -252 157
23906: -115 -497 -255 103
23914: -115 -498 -263 94
23917: -115 -498 -266 121
23919: -115 -498 -268 139
23920: -115 -498 -269 148
23921: -115 -498 -270 157
23926: -115 -499 -275 121
23931: -115 -500 -280 85
23938: -115 -500 -287 148
23940: -115 -501 -289 85
23941: -115 -501 -290 94
23948: -115 -501 -297 157
23949: -115 -502 -298 85
23950: -115 -502 -299 94
23953: -115 -502 -302 121
23958: -115 -503 -307 85
23967: -115 -504 -316 85
23980: -116 -577 -248 121
23981: -116 -577 -249 130
23982: -116 -577 -250 139
23983: -116 -577 -251 148
23984: -116 -577 -252 157
23987: -116 -578 -255 103
23995: -116 -579 -263 94
23998: -116 -579 -266 121
24001: -116 -579 -269 148
24002: -116 -579 -270 157
24008: -116 -580 -276 130
24011: -116 -580 -279 157
24012: -116 -581 -280 85
24013: -116 -581 -281 94
24015: -116 -581 -283 112
24020: -116 -581 -288 157
24021: -116 -582 -289 85
24030: -116 -583 -298 85
24033: -116 -583 -301 112
24034: -116 -583 -302 121
24035: -116 -583 -303 130
24039: -116 -584 -307 85
24046: -116 -584 -314 148
24048: -116 -585 -316 85
24049: -116 -585 -317 94
24053: -116 -585 -321 130
24060: -117 -658 -247 112
24061: -117 -658 -248 121
24062: -117 -658 -249 130
24063: -117 -658 -250 139
24064: -117 -658 -251 148
24065: -117 -658 -252 157
24068: -117 -659 -255 103
24076: -117 -660 -263 94
24079: -117 -660 -266 121
24080: -117 -660 -267 130
24081: -117 -660 -268 139
24083: -117 -660 -270 157
24088: -117 -661 -275 121
24090: -117 -661 -277 139
24093: -117 -662 -280 85
24094: -117 -662 -281 94
24096: -117 -662 -283 112
24098: -117 -662 -285 130
24099: -117 -662 -286 139
24100: -117 -662 -287 148
24101: -117 -662 -288 157
24102: -117 -663 -289 85
24103: -117 -663 -290 94
24105: -117 -663 -292 112
24106: -117 -663 -293 121
24108: -117 -663 -295 139
24109: -117 -663 -296 148
24111: -117 -664 -298 85
24112: -117 -664 -299 94
24114: -117 -664 -301 112
24115: -117 -664 -302 121
24118: -117 -664 -305 148
24119: -117 -664 -306 157
24120: -117 -665 -307 85
24121: -117 -665 -308 94
24123: -117 -665 -310 112
24125: -117 -665 -312 130
24129: -117 -666 -316 85
24130: -117 -666 -317 94
24132: -117 -666 -319 112
24133: -117 -666 -320 121
24135: -117 -666 -322 139
24136: -117 -666 -323 148
24166: -190 -22 -272 175
24168: -190 -22 -274 193
24169: -190 -22 -275 202
24170: -190 -22 -276 211
24171: -190 -22 -277 220
24172: -190 -22 -278 229
24173: -190 -22 -279 238
24230: -191 -101 -255 184
24255: -191 -104 -280 166
24256: -191 -104 -281 175
24258: -191 -104 -283 193
24259: -191 -104 -284 202
24260: -191 -104 -285 211
24261: -191 -104 -286 220
24262: -191 -104 -287 229
24263: -191 -104 -288 238
24264: -191 -105 -289 166
24265: -191 -105 -290 175
24267: -191 -105 -292 193
24268: -191 -105 -293 202
24270: -191 -105 -295 220
24271: -191 -105 -296 229
24272: -191 -105 -297 238
24273: -191 -106 -298 166
24274: -191 -106 -299 175
24280: -191 -106 -305 229
24281: -191 -106 -306 238
24282: -191 -107 -307 166
24283: -191 -107 -308 175
24285: -191 -107 -310 193
24286: -191 -107 -311 202
24287: -191 -107 -312 211
24288: -191 -107 -313 220
24289: -191 -107 -314 229
24290: -191 -107 -315 238
24291: -191 -108 -316 166
24292: -191 -108 -317 175
24294: -191 -108 -319 193
24295: -191 -108 -320 202
24296: -191 -108 -321 211
24297: -191 -108 -322 220
24298: -191 -108 -323 229
24311: -192 -182 -255 184
24323: -192 -183 -267 211
24336: -192 -185 -280 166
24337: -192 -185 -281 175
24339: -192 -185 -283 193
24341: -192 -185 -285 211
24342: -192 -185 -286 220
24343: -192 -185 -287 229
24344: -192 -185 -288 238
24345: -192 -186 -289 166
24346: -192 -186 -290 175
24348: -192 -186 -292 193
24349: -192 -186 -293 202
24350: -192 -186 -294 211
24351: -192 -186 -295 220
24352: -192 -186 -296 229
24353: -192 -186 -297 238
24354: -192 -187 -298 166
24355: -192 -187 -299 175
24358: -192 -187 -302 202
24359: -192 -187 -303 211
24360: -192 -187 -304 220
24361: -192 -187 -305 229
24362: -192 -187 -306 238
24363: -192 -188 -307 166
24364: -192 -188 -308 175
24366: -192 -188 -310 193
24367: -192 -188 -311 202
24368: -192 -188 -312 211
24369: -192 -188 -313 220
24371: -192 -188 -315 238
24372: -192 -189 -316 166
24373: -192 -189 -317 175
24377: -192 -189 -321 211
24379: -192 -189 -323 229
24380: -192 -189 -324 238
24417: -193 -266 -280 166
24418: -193 -266 -281 175
24422: -193 -266 -285 211
24423: -193 -266 -286 220
24424: -193 -266 -287 229
24425: -193 -266 -288 238
24426: -193 -267 -289 166
24427: -193 -267 -290 175
24430: -193 -267 -293 202
24432: -193 -267 -295 220
24433: -193 -267 -296 229
24434: -193 -267 -297 238
24435: -193 -268 -298 166
24436: -193 -268 -299 175
24439: -193 -268 -302 202
24440: -193 -268 -303 211
24442: -193 -268 -305 229
24443: -193 -268 -306 238
24444: -193 -269 -307 166
24445: -193 -269 -308 175
24448: -193 -269 -311 202
24449: -193 -269 -312 211
24450: -193 -269 -313 220
24452: -193 -269 -315 238
24453: -193 -270 -316 166
24454: -193 -270 -317 175
24457: -193 -270 -320 202
24458: -193 -270 -321 211
24459: -193 -270 -322 220
24460: -193 -270 -323 229
24466: -194 -343 -248 202
24467: -194 -343 -249 211
24468: -194 -343 -250 220
24469: -194 -343 -251 229
24470: -194 -343 -252 238
24473: -194 -344 -255 184
24484: -194 -345 -266 202
24485: -194 -345 -267 211
24487: -194 -345 -269 229
24488: -194 -345 -270 238
24490: -194 -346 -272 175
24498: -194 -347 -280 166
24499: -194 -347 -281 175
24503: -194 -347 -285 211
24504: -194 -347 -286 220
24505: -194 -347 -287 229
24507: -194 -348 -289 166
24508: -194 -348 -290 175
24510: -194 -348 -292 193
24512: -194 -348 -294 211
24513: -194 -348 -295 220
24514: -194 -348 -296 229
24515: -194 -348 -297 238
24516: -194 -349 -298 166
24517: -194 -349 -299 175
24519: -194 -349 -301 193
24521: -194 -349 -303 211
24524: -194 -349 -306 238
24525: -194 -350 -307 166
24526: -194 -350 -308 175
24528: -194 -350 -310 193
24529: -194 -350 -311 202
24530: -194 -350 -312 211
24531: -194 -350 -313 220
24532: -194 -350 -314 229
24533: -194 -350 -315 238
24534: -194 -351 -316 166
24535: -194 -351 -317 175
24537: -194 -351 -319 193
24539: -194 -351 -321 211
24540: -194 -351 -322 220
24541: -194 -351 -323 229
24542: -194 -351 -324 238
24547: -195 -424 -248 202
24548: -195 -424 -249 211
24549: -195 -424 -250 220
24550: -195 -424 -251 229
24551: -195 -424 -252 238
24554: -195 -425 -255 184
24565: -195 -426 -266 202
24566: -195 -426 -267 211
24568: -195 -426 -269 229
24569: -195 -426 -270 238
24571: -195 -427 -272 175
24574: -195 -427 -275 202
24579: -195 -428 -280 166
24580: -195 -428 -281 175
24582: -195 -428 -283 193
24583: -195 -428 -284 202
24584: -195 -428 -285 211
24585: -195 -428 -286 220
24586: -195 -428 -287 229
24587: -195 -428 -288 238
24588: -195 -429 -289 166
24589: -195 -429 -290 175
24591: -195 -429 -292 193
24592: -195 -429 -293 202
24595: -195 -429 -296 229
24596: -195 -429 -297 238
24597: -195 -430 -298 166
24598: -195 -430 -299 175
24600: -195 -430 -301 193
24601: -195 -430 -302 202
24602: -195 -430 -303 211
24603: -195 -430 -304 220
24604: -195 -430 -305 229
24605: -195 -430 -306 238
24606: -195 -431 -307 166
24607: -195 -431 -308 175
24609: -195 -431 -310 193
24610: -195 -431 -311 202
24611: -195 -431 -312 211
24612: -195 -431 -313 220
24614: -195 -431 -315 238
24615: -195 -432 -316 166
24616: -195 -432 -317 175
24618: -195 -432 -319 193
24621: -195 -432 -322 220
24628: -196 -505 -248 202
24629: -196 -505 -249 211
24630: -196 -505 -250 220
24631: -196 -505 -251 229
24632: -196 -505 -252 238
24635: -196 -506 -255 184
24646: -196 -507 -266 202
24647: -196 -507 -267 211
24648: -196 -507 -268 220
24649: -196 -507 -269 229
24650: -196 -507 -270 238
24652: -196 -508 -272 175
24654: -196 -508 -274 193
24655: -196 -508 -275 202
24656: -196 -508 -276 211
24657: -196 -508 -277 220
24658: -196 -508 -278 229
24659: -196 -508 -279 238
24660: -196 -509 -280 166
24661: -196 -509 -281 175
24663: -196 -509 -283 193
24665: -196 -509 -285 211
24666: -196 -509 -286 220
24667: -196 -509 -287 229
24668: -196 -509 -288 238
24669: -196 -510 -289 166
24670: -196 -510 -290 175
24672: -196 -510 -292 193
24673: -196 -510 -293 202
24674: -196 -510 -294 211
24675: -196 -510 -295 220
24676: -196 -510 -296 229
24677: -196 -510 -297 238
24678: -196 -511 -298 166
24679: -196 -511 -299 175
24682: -196 -511 -302 202
24683: -196 -511 -303 211
24686: -196 -511 -306 238
24687: -196 -512 -307 166
24688: -196 -512 -308 175
24690: -196 -512 -310 193
24691: -196 -512 -311 202
24692: -196 -512 -312 211
24693: -196 -512 -313 220
24695: -196 -512 -315 238
24696: -196 -513 -316 166
24697: -196 -513 -317 175
24699: -196 -513 -319 193
24700: -196 -513 -320 202
24701: -196 -513 -321 211
24702: -196 -513 -322 220
24703: -196 -513 -323 229
24704: -196 -513 -324 238
24709: -197 -586 -248 202
24710: -197 -586 -249 211
24711: -197 -586 -250 220
24712: -197 -586 -251 229
24713: -197 -586 -252 238
24716: -197 -587 -255 184
24727: -197 -588 -266 202
24728: -197 -588 -267 211
24729: -197 -588 -268 220
24730: -197 -588 -269 229
24733: -197 -589 -272 175
24741: -197 -590 -280 166
24742: -197 -590 -281 175
24744: -197 -590 -283 193
24746: -197 -590 -285 211
24747: -197 -590 -286 220
24749: -197 -590 -288 238
24750: -197 -591 -289 166
24751: -197 -591 -290 175
24754: -197 -591 -293 202
24756: -197 -591 -295 220
24758: -197 -591 -297 238
24759: -197 -592 -298 166
24760: -197 -592 -299 175
24762: -197 -592 -301 193
24763: -197 -592 -302 202
24764: -197 -592 -303 211
24766: -197 -592 -305 229
24767: -197 -592 -306 238
24768: -197 -593 -307 166
24769: -197 -593 -308 175
24772: -197 -593 -311 202
24774: -197 -593 -313 220
24775: -197 -593 -314 229
24776: -197 -593 -315 238
24777: -197 -594 -316 166
24780: -197 -594 -319 193
24781: -197 -594 -320 202
24782: -197 -594 -321 211
24783: -197 -594 -322 220
24785: -197 -594 -324 238
24790: -198 -667 -248 202
24791: -198 -667 -249 211
24792: -198 -667 -250 220
24793: -198 -667 -251 229
24794: -198 -667 -252 238
24797: -198 -668 -255 184
24810: -198 -669 -268 220
24811: -198 -669 -269 229
24812: -198 -669 -270 238
24814: -198 -670 -272 175
24817: -198 -670 -275 202
24822: -198 -671 -280 166
24823: -198 -671 -281 175
24825: -198 -671 -283 193
24826: -198 -671 -284 202
24828: -198 -671 -286 220
24829: -198 -671 -287 229
24831: -198 -672 -289 166
24832: -198 -672 -290 175
24834: -198 -672 -292 193
24835: -198 -672 -293 202
24838: -198 -672 -296 229
24840: -198 -673 -298 166
24841: -198 -673 -299 175
24843: -198 -673 -301 193
24844: -198 -673 -302 202
24845: -198 -673 -303 211
24848: -198 -673 -306 238
24849: -198 -674 -307 166
24850: -198 -674 -308 175
24852: -198 -674 -310 193
24853: -198 -674 -311 202
24855: -198 -674 -313 220
24856: -198 -674 -314 229
24857: -198 -674 -315 238
24858: -198 -675 -316 166
24859: -198 -675 -317 175
24861: -198 -675 -319 193
24863: -198 -675 -321 211
24865: -198 -675 -323 229
24952: -272 -109 -248 283
24953: -272 -109 -249 292
24954: -272 -109 -250 301
24955: -272 -109 -251 310
24956: -272 -109 -252 319
24959: -272 -110 -255 265
24988: -272 -113 -284 283
24990: -272 -113 -286 301
24991: -272 -113 -287 310
24992: -272 -113 -288 319
24997: -272 -114 -293 283
24998: -272 -114 -294 292
24999: -272 -114 -295 301
25000: -272 -114 -296 310
25001: -272 -114 -297 319
25002: -272 -115 -298 247
25006: -272 -115 -302 283
25007: -272 -115 -303 292
25010: -272 -115 -306 319
25015: -272 -116 -311 283
25016: -272 -116 -312 292
25017: -272 -116 -313 301
25025: -272 -117 -321 292
25026: -272 -117 -322 301
25027: -272 -117 -323 310
25121: -274 -272 -255 265
25141: -274 -274 -275 283
25164: -274 -277 -298 247
25196: -275 -352 -249 292
25197: -275 -352 -250 301
25198: -275 -352 -251 310
25202: -275 -353 -255 265
25214: -275 -354 -267 292
25215: -275 -354 -268 301
25217: -275 -354 -270 319
25235: -275 -356 -288 319
25236: -275 -357 -289 247
25237: -275 -357 -290 256
25239: -275 -357 -292 274
25244: -275 -357 -297 319
25245: -275 -358 -298 247
25246: -275 -358 -299 256
25250: -275 -358 -303 292
25253: -275 -358 -306 319
25255: -275 -359 -308 256
25257: -275 -359 -310 274
25259: -275 -359 -312 292
25260: -275 -359 -313 301
25264: -275 -360 -317 256
25266: -275 -360 -319 274
25276: -276 -433 -248 283
25278: -276 -433 -250 301
25279: -276 -433 -251 310
25280: -276 -433 -252 319
25283: -276 -434 -255 265
25291: -276 -435 -263 256
25294: -276 -435 -266 283
25296: -276 -435 -268 301
25308: -276 -437 -280 247
25309: -276 -437 -281 256
25311: -276 -437 -283 274
25314: -276 -437 -286 301
25315: -276 -437 -287 310
25316: -276 -437 -288 319
25326: -276 -439 -298 247
25327: -276 -439 -299 256
25329: -276 -439 -301 274
25330: -276 -439 -302 283
25332: -276 -439 -304 301
25334: -276 -439 -306 319
25335: -276 -440 -307 247
25336: -276 -440 -308 256
25338: -276 -440 -310 274
25339: -276 -440 -311 283
25342: -276 -440 -314 310
25345: -276 -441 -317 256
25347: -276 -441 -319 274
25350: -276 -441 -322 301
25351: -276 -441 -323 310
25352: -276 -441 -324 319
25357: -277 -514 -248 283
25358: -277 -514 -249 292
25360: -277 -514 -251 310
25361: -277 -514 -252 319
25364: -277 -515 -255 265
25372: -277 -516 -263 256
25376: -277 -516 -267 292
25378: -277 -516 -269 310
25389: -277 -518 -280 247
25390: -277 -518 -281 256
25393: -277 -518 -284 283
25396: -277 -518 -287 310
25397: -277 -518 -288 319
25398: -277 -519 -289 247
25399: -277 -519 -290 256
25401: -277 -519 -292 274
25402: -277 -519 -293 283
25405: -277 -519 -296 310
25406: -277 -519 -297 319
25416: -277 -521 -307 247
25417: -277 -521 -308 256
25419: -277 -521 -310 274
25420: -277 -521 -311 283
25421: -277 -521 -312 292
25424: -277 -521 -315 319
25426: -277 -522 -317 256
25429: -277 -522 -320 283
25430: -277 -522 -321 292
25432: -277 -522 -323 310
25433: -277 -522 -324 319
25437: -278 -595 -247 274
25438: -278 -595 -248 283
25439: -278 -595 -249 292
25442: -278 -595 -252 319
25445: -278 -596 -255 265
25456: -278 -597 -266 283
25457: -278 -597 -267 292
25458: -278 -597 -268 301
25471: -278 -599 -281 256
25473: -278 -599 -283 274
25475: -278 -599 -285 292
25476: -278 -599 -286 301
25478: -278 -599 -288 319
25479: -278 -600 -289 247
25480: -278 -600 -290 256
25483: -278 -600 -293 283
25488: -278 -601 -298 247
25489: -278 -601 -299 256
25492: -278 -601 -302 283
25493: -278 -601 -303 292
25506: -278 -603 -316 247
25507: -278 -603 -317 256
25509: -278 -603 -319 274
25510: -278 -603 -320 283
25512: -278 -603 -322 301
25519: -279 -676 -248 283
25520: -279 -676 -249 292
25521: -279 -676 -250 301
25526: -279 -677 -255 265
25534: -279 -678 -263 256
25537: -279 -678 -266 283
25538: -279 -678 -267 292
25539: -279 -678 -268 301
25540: -279 -678 -269 310
25551: -279 -680 -280 247
25552: -279 -680 -281 256
25561: -279 -681 -290 256
25564: -279 -681 -293 283
25565: -279 -681 -294 292
25569: -279 -682 -298 247
25570: -279 -682 -299 256
25572: -279 -682 -301 274
25573: -279 -682 -302 283
25578: -279 -683 -307 247
25579: -279 -683 -308 256
25581: -279 -683 -310 274
25582: -279 -683 -311 283
25583: -279 -683 -312 292
25584: -279 -683 -313 301
25641: -352 -42 -289 328
25642: -352 -42 -290 337
25644: -352 -42 -292 355
25645: -352 -42 -293 364
25646: -352 -42 -294 373
25647: -352 -42 -295 382
25648: -352 -42 -296 391
25649: -352 -42 -297 400
25680: -353 -118 -247 355
25682: -353 -118 -249 373
25683: -353 -118 -250 382
25684: -353 -118 -251 391
25685: -353 -118 -252 400
25688: -353 -119 -255 346
25713: -353 -122 -280 328
25719: -353 -122 -286 382
25720: -353 -122 -287 391
25721: -353 -122 -288 400
25723: -353 -123 -290 337
25726: -353 -123 -293 364
25731: -353 -124 -298 328
25732: -353 -124 -299 337
25734: -353 -124 -301 355
25735: -353 -124 -302 364
25736: -353 -124 -303 373
25738: -353 -124 -305 391
25740: -353 -125 -307 328
25741: -353 -125 -308 337
25743: -353 -125 -310 355
25745: -353 -125 -312 373
25746: -353 -125 -313 382
25747: -353 -125 -314 391
25749: -353 -126 -316 328
25750: -353 -126 -317 337
25752: -353 -126 -319 355
25753: -353 -126 -320 364
25754: -353 -126 -321 373
25755: -353 -126 -322 382
25761: -354 -199 -247 355
25763: -354 -199 -249 373
25764: -354 -199 -250 382
25765: -354 -199 -251 391
25766: -354 -199 -252 400
25769: -354 -200 -255 346
25777: -354 -201 -263 337
25782: -354 -201 -268 382
25783: -354 -201 -269 391
25784: -354 -201 -270 400
25786: -354 -202 -272 337
25788: -354 -202 -274 355
25791: -354 -202 -277 382
25793: -354 -202 -279 400
25802: -354 -203 -288 400
25806: -354 -204 -292 355
25812: -354 -205 -298 328
25813: -354 -205 -299 337
25815: -354 -205 -301 355
25818: -354 -205 -304 382
25821: -354 -206 -307 328
25822: -354 -206 -308 337
25824: -354 -206 -310 355
25827: -354 -206 -313 382
25833: -354 -207 -319 355
25844: -355 -280 -249 373
25879: -355 -284 -284 364
25888: -355 -285 -293 364
25893: -355 -286 -298 328
25897: -355 -286 -302 364
25902: -355 -287 -307 328
25906: -355 -287 -311 364
25911: -355 -288 -316 328
25915: -355 -288 -320 364
25924: -356 -361 -248 364
25926: -356 -361 -250 382
25931: -356 -362 -255 346
25944: -356 -363 -268 382
25945: -356 -363 -269 391
25946: -356 -363 -270 400
25965: -356 -366 -289 328
25968: -356 -366 -292 355
25974: -356 -367 -298 328
25975: -356 -367 -299 337
25977: -356 -367 -301 355
25978: -356 -367 -302 364
25979: -356 -367 -303 373
25980: -356 -367 -304 382
25981: -356 -367 -305 391
25982: -356 -367 -306 400
25984: -356 -368 -308 337
25986: -356 -368 -310 355
25988: -356 -368 -312 373
25989: -356 -368 -313 382
25990: -356 -368 -314 391
25991: -356 -368 -315 400
26004: -357 -442 -247 355
26005: -357 -442 -248 364
26006: -357 -442 -249 373
26008: -357 -442 -251 391
26012: -357 -443 -255 346
26023: -357 -444 -266 364
26024: -357 -444 -267 373
26025: -357 -444 -268 382
26026: -357 -444 -269 391
26027: -357 -444 -270 400
26031: -357 -445 -274 355
26033: -357 -445 -276 373
26034: -357 -445 -277 382
26035: -357 -445 -278 391
26036: -357 -445 -279 400
26037: -357 -446 -280 328
26038: -357 -446 -281 337
26040: -357 -446 -283 355
26042: -357 -446 -285 373
26043: -357 -446 -286 382
26044: -357 -446 -287 391
26045: -357 -446 -288 400
26046: -357 -447 -289 328
26049: -357 -447 -292 355
26051: -357 -447 -294 373
26054: -357 -447 -297 400
26055: -357 -448 -298 328
26064: -357 -449 -307 328
26065: -357 -449 -308 337
26069: -357 -449 -312 373
26073: -357 -450 -316 328
26079: -357 -450 -322 382
26080: -357 -450 -323 391
26086: -358 -523 -248 364
26087: -358 -523 -249 373
26088: -358 -523 -250 382
26089: -358 -523 -251 391
26093: -358 -524 -255 346
26104: -358 -525 -266 364
26105: -358 -525 -267 373
26106: -358 -525 -268 382
26107: -358 -525 -269 391
26108: -358 -525 -270 400
26110: -358 -526 -272 337
26112: -358 -526 -274 355
26114: -358 -526 -276 373
26115: -358 -526 -277 382
26116: -358 -526 -278 391
26117: -358 -526 -279 400
26118: -358 -527 -280 328
26119: -358 -527 -281 337
26121: -358 -527 -283 355
26127: -358 -528 -289 328
26128: -358 -528 -290 337
26130: -358 -528 -292 355
26131: -358 -528 -293 364
26133: -358 -528 -295 382
26134: -358 -528 -296 391
26137: -358 -529 -299 337
26139: -358 -529 -301 355
26141: -358 -529 -303 373
26142: -358 -529 -304 382
26145: -358 -530 -307 328
26154: -358 -531 -316 328
26157: -358 -531 -319 355
26159: -358 -531 -321 373
26160: -358 -531 -322 382
26167: -359 -604 -248 364
26168: -359 -604 -249 373
26169: -359 -604 -250 382
26170: -359 -604 -251 391
26174: -359 -605 -255 346
26185: -359 -606 -266 364
26186: -359 -606 -267 373
26187: -359 -606 -268 382
26188: -359 -606 -269 391
26191: -359 -607 -272 337
26193: -359 -607 -274 355
26195: -359 -607 -276 373
26196: -359 -607 -277 382
26197: -359 -607 -278 391
26199: -359 -608 -280 328
26200: -359 -608 -281 337
26202: -359 -608 -283 355
26205: -359 -608 -286 382
26206: -359 -608 -287 391
26208: -359 -609 -289 328
26211: -359 -609 -292 355
26212: -359 -609 -293 364
26216: -359 -609 -297 400
26217: -359 -610 -298 328
26218: -359 -610 -299 337
26220: -359 -610 -301 355
26221: -359 -610 -302 364
26222: -359 -610 -303 373
26223: -359 -610 -304 382
26224: -359 -610 -305 391
26225: -359 -610 -306 400
26233: -359 -611 -314 391
26235: -359 -612 -316 328
26241: -359 -612 -322 382
26247: -360 -685 -247 355
26249: -360 -685 -249 373
26250: -360 -685 -250 382
26251: -360 -685 -251 391
26252: -360 -685 -252 400
26255: -360 -686 -255 346
26266: -360 -687 -266 364
26267: -360 -687 -267 373
26268: -360 -687 -268 382
26269: -360 -687 -269 391
26270: -360 -687 -270 400
26274: -360 -688 -274 355
26280: -360 -689 -280 328
26283: -360 -689 -283 355
26289: -360 -690 -289 328
26290: -360 -690 -290 337
26292: -360 -690 -292 355
26294: -360 -690 -294 373
26295: -360 -690 -295 382
26296: -360 -690 -296 391
26297: -360 -690 -297 400
26298: -360 -691 -298 328
26301: -360 -691 -301 355
26302: -360 -691 -302 364
26303: -360 -691 -303 373
26307: -360 -692 -307 328
26308: -360 -692 -308 337
26310: -360 -692 -310 355
26311: -360 -692 -311 364
26313: -360 -692 -313 382
26316: -360 -693 -316 328
26317: -360 -693 -317 337
26319: -360 -693 -319 355
26324: -360 -693 -324 400
26379: -433 -52 -298 409
26380: -433 -52 -299 418
26382: -433 -52 -301 436
26383: -433 -52 -302 445
26384: -433 -52 -303 454
26387: -433 -52 -306 481
26409: -434 -127 -247 436
26410: -434 -127 -248 445
26412: -434 -127 -250 463
26413: -434 -127 -251 472
26414: -434 -127 -252 481
26417: -434 -128 -255 427
26434: -434 -130 -272 418
26442: -434 -131 -280 409
26443: -434 -131 -281 418
26445: -434 -131 -283 436
26446: -434 -131 -284 445
26447: -434 -131 -285 454
26451: -434 -132 -289 409
26452: -434 -132 -290 418
26460: -434 -133 -298 409
26469: -434 -134 -307 409
26470: -434 -134 -308 418
26472: -434 -134 -310 436
26475: -434 -134 -313 463
26478: -434 -135 -316 409
26479: -434 -135 -317 418
26481: -434 -135 -319 436
26485: -434 -135 -323 472
26490: -435 -208 -247 436
26491: -435 -208 -248 445
26493: -435 -208 -250 463
26494: -435 -208 -251 472
26495: -435 -208 -252 481
26498: -435 -209 -255 427
26509: -435 -210 -266 445
26513: -435 -210 -270 481
26523: -435 -212 -280 409
26526: -435 -212 -283 436
26532: -435 -213 -289 409
26533: -435 -213 -290 418
26539: -435 -213 -296 472
26541: -435 -214 -298 409
26547: -435 -214 -304 463
26550: -435 -215 -307 409
26553: -435 -215 -310 436
26559: -435 -216 -316 409
26562: -435 -216 -319 436
26564: -435 -216 -321 454
26576: -436 -289 -252 481
26579: -436 -290 -255 427
26604: -436 -293 -280 409
26609: -436 -293 -285 454
26612: -436 -293 -288 481
26618: -436 -294 -294 454
26623: -436 -295 -299 418
26627: -436 -295 -303 454
26630: -436 -295 -306 481
26631: -436 -296 -307 409
26636: -436 -296 -312 454
26640: -436 -297 -316 409
26645: -436 -297 -321 454
26652: -437 -370 -247 436
26653: -437 -370 -248 445
26655: -437 -370 -250 463
26656: -437 -370 -251 472
26657: -437 -370 -252 481
26660: -437 -371 -255 427
26671: -437 -372 -266 445
26672: -437 -372 -267 454
26673: -437 -372 -268 463
26674: -437 -372 -269 472
26675: -437 -372 -270 481
26677: -437 -373 -272 418
26682: -437 -373 -277 463
26684: -437 -373 -279 481
26685: -437 -374 -280 409
26686: -437 -374 -281 418
26688: -437 -374 -283 436
26694: -437 -375 -289 409
26697: -437 -375 -292 436
26701: -437 -375 -296 472
26703: -437 -376 -298 409
26712: -437 -377 -307 409
26713: -437 -377 -308 418
26715: -437 -377 -310 436
26717: -437 -377 -312 454
26718: -437 -377 -313 463
26721: -437 -378 -316 409
26722: -437 -378 -317 418
26724: -437 -378 -319 436
26726: -437 -378 -321 454
26728: -437 -378 -323 472
26734: -438 -451 -248 445
26735: -438 -451 -249 454
26752: -438 -453 -266 445
26755: -438 -453 -269 472
26756: -438 -453 -270 481
26784: -438 -457 -298 409
26792: -438 -457 -306 481
26794: -438 -458 -308 418
26796: -438 -458 -310 436
26797: -438 -458 -311 445
26799: -438 -458 -313 463
26801: -438 -458 -315 481
26803: -438 -459 -317 418
26805: -438 -459 -319 436
26806: -438 -459 -320 445
26808: -438 -459 -322 463
26809: -438 -459 -323 472
26810: -438 -459 -324 481
26814: -439 -532 -247 436
26816: -439 -532 -249 454
26817: -439 -532 -250 463
26818: -439 -532 -251 472
26822: -439 -533 -255 427
26833: -439 -534 -266 445
26834: -439 -534 -267 454
26835: -439 -534 -268 463
26837: -439 -534 -270 481
26841: -439 -535 -274 436
26842: -439 -535 -275 445
26843: -439 -535 -276 454
26844: -439 -535 -277 463
26845: -439 -535 -278 472
26846: -439 -535 -279 481
26847: -439 -536 -280 409
26853: -439 -536 -286 463
26854: -439 -536 -287 472
26855: -439 -536 -288 481
26856: -439 -537 -289 409
26859: -439 -537 -292 436
26860: -439 -537 -293 445
26861: -439 -537 -294 454
26862: -439 -537 -295 463
26863: -439 -537 -296 472
26864: -439 -537 -297 481
26865: -439 -538 -298 409
26866: -439 -538 -299 418
26868: -439 -538 -301 436
26874: -439 -539 -307 409
26877: -439 -539 -310 436
26878: -439 -539 -311 445
26883: -439 -540 -316 409
26889: -439 -540 -322 463
26897: -440 -613 -249 454
26898: -440 -613 -250 463
26899: -440 -613 -251 472
26900: -440 -613 -252 481
26903: -440 -614 -255 427
26911: -440 -615 -263 418
26914: -440 -615 -266 445
26915: -440 -615 -267 454
26917: -440 -615 -269 472
26918: -440 -615 -270 481
26922: -440 -616 -274 436
26923: -440 -616 -275 445
26925: -440 -616 -277 463
26926: -440 -616 -278 472
26927: -440 -616 -279 481
26928: -440 -617 -280 409
26931: -440 -617 -283 436
26935: -440 -617 -287 472
26936: -440 -617 -288 481
26937: -440 -618 -289 409
26938: -440 -618 -290 418
26940: -440 -618 -292 436
26944: -440 -618 -296 472
26946: -440 -619 -298 409
26947: -440 -619 -299 418
26949: -440 -619 -301 436
26950: -440 -619 -302 445
26951: -440 -619 -303 454
26952: -440 -619 -304 463
26953: -440 -619 -305 472
26954: -440 -619 -306 481
26956: -440 -620 -308 418
26958: -440 -620 -310 436
26962: -440 -620 -314 472
26964: -440 -621 -316 409
26968: -440 -621 -320 445
26978: -441 -694 -249 454
26979: -441 -694 -250 463
26980: -441 -694 -251 472
26981: -441 -694 -252 481
26984: -441 -695 -255 427
26992: -441 -696 -263 418
26996: -441 -696 -267 454
26998: -441 -696 -269 472
26999: -441 -696 -270 481
27001: -441 -697 -272 418
27003: -441 -697 -274 436
27004: -441 -697 -275 445
27006: -441 -697 -277 463
27007: -441 -697 -278 472
27009: -441 -698 -280 409
27016: -441 -698 -287 472
27018: -441 -699 -289 409
27021: -441 -699 -292 436
27024: -441 -699 -295 463
27025: -441 -699 -296 472
27026: -441 -699 -297 481
27027: -441 -700 -298 409
27031: -441 -700 -302 445
27032: -441 -700 -303 454
27036: -441 -701 -307 409
27037: -441 -701 -308 418
27039: -441 -701 -310 436
27040: -441 -701 -311 445
27042: -441 -701 -313 463
27043: -441 -701 -314 472
27044: -441 -701 -315 481
27045: -441 -702 -316 409
27046: -441 -702 -317 418
27048: -441 -702 -319 436
27117: -514 -62 -307 490
27118: -514 -62 -308 499
27120: -514 -62 -310 517
27121: -514 -62 -311 526
27122: -514 -62 -312 535
27123: -514 -62 -313 544
27124: -514 -62 -314 553
27125: -514 -62 -315 562
27138: -515 -136 -247 517
27139: -515 -136 -248 526
27140: -515 -136 -249 535
27142: -515 -136 -251 553
27143: -515 -136 -252 562
27146: -515 -137 -255 508
27163: -515 -139 -272 499
27171: -515 -140 -280 490
27174: -515 -140 -283 517
27177: -515 -140 -286 544
27178: -515 -140 -287 553
27180: -515 -141 -289 490
27181: -515 -141 -290 499
27183: -515 -141 -292 517
27184: -515 -141 -293 526
27187: -515 -141 -296 553
27188: -515 -141 -297 562
27189: -515 -142 -298 490
27190: -515 -142 -299 499
27193: -515 -142 -302 526
27197: -515 -142 -306 562
27198: -515 -143 -307 490
27199: -515 -143 -308 499
27207: -515 -144 -316 490
27208: -515 -144 -317 499
27210: -515 -144 -319 517
27213: -515 -144 -322 544
27214: -515 -144 -323 553
27219: -516 -217 -247 517
27220: -516 -217 -248 526
27221: -516 -217 -249 535
27223: -516 -217 -251 553
27224: -516 -217 -252 562
27227: -516 -218 -255 508
27235: -516 -219 -263 499
27238: -516 -219 -266 526
27239: -516 -219 -267 535
27241: -516 -219 -269 553
27242: -516 -219 -270 562
27244: -516 -220 -272 499
27246: -516 -220 -274 517
27248: -516 -220 -276 535
27250: -516 -220 -278 553
27252: -516 -221 -280 490
27253: -516 -221 -281 499
27255: -516 -221 -283 517
27261: -516 -222 -289 490
27264: -516 -222 -292 517
27270: -516 -223 -298 490
27274: -516 -223 -302 526
27279: -516 -224 -307 490
27282: -516 -224 -310 517
27288: -516 -225 -316 490
27289: -516 -225 -317 499
27291: -516 -225 -319 517
27294: -516 -225 -322 544
27296: -516 -225 -324 562
27301: -517 -298 -248 526
27304: -517 -298 -251 553
27305: -517 -298 -252 562
27333: -517 -302 -280 490
27339: -517 -302 -286 544
27342: -517 -303 -289 490
27348: -517 -303 -295 544
27357: -517 -304 -304 544
27364: -517 -305 -311 526
27365: -517 -305 -312 535
27366: -517 -305 -313 544
27369: -517 -306 -316 490
27370: -517 -306 -317 499
27375: -517 -306 -322 544
27382: -518 -379 -248 526
27384: -518 -379 -250 544
27385: -518 -379 -251 553
27386: -518 -379 -252 562
27389: -518 -380 -255 508
27397: -518 -381 -263 499
27400: -518 -381 -266 526
27401: -518 -381 -267 535
27402: -518 -381 -268 544
27403: -518 -381 -269 553
27404: -518 -381 -270 562
27406: -518 -382 -272 499
27408: -518 -382 -274 517
27409: -518 -382 -275 526
27410: -518 -382 -276 535
27414: -518 -383 -280 490
27415: -518 -383 -281 499
27418: -518 -383 -284 526
27423: -518 -384 -289 490
27431: -518 -384 -297 562
27432: -518 -385 -298 490
27433: -518 -385 -299 499
27435: -518 -385 -301 517
27436: -518 -385 -302 526
27438: -518 -385 -304 544
27441: -518 -386 -307 490
27444: -518 -386 -310 517
27447: -518 -386 -313 544
27450: -518 -387 -316 490
27451: -518 -387 -317 499
27453: -518 -387 -319 517
27454: -518 -387 -320 526
27455: -518 -387 -321 535
27456: -518 -387 -322 544
27457: -518 -387 -323 553
27458: -518 -387 -324 562
27463: -519 -460 -248 526
27464: -519 -460 -249 535
27466: -519 -460 -251 553
27467: -519 -460 -252 562
27470: -519 -461 -255 508
27481: -519 -462 -266 526
27482: -519 -462 -267 535
27483: -519 -462 -268 544
27484: -519 -462 -269 553
27485: -519 -462 -270 562
27489: -519 -463 -274 517
27493: -519 -463 -278 553
27495: -519 -464 -280 490
27498: -519 -464 -283 517
27501: -519 -464 -286 544
27504: -519 -465 -289 490
27507: -519 -465 -292 517
27513: -519 -466 -298 490
27514: -519 -466 -299 499
27516: -519 -466 -301 517
27522: -519 -467 -307 490
27531: -519 -468 -316 490
27532: -519 -468 -317 499
27537: -519 -468 -322 544
27546: -520 -541 -250 544
27551: -520 -542 -255 508
27562: -520 -543 -266 526
27563: -520 -543 -267 535
27565: -520 -543 -269 553
27566: -520 -543 -270 562
27576: -520 -545 -280 490
27577: -520 -545 -281 499
27579: -520 -545 -283 517
27580: -520 -545 -284 526
27581: -520 -545 -285 535
27582: -520 -545 -286 544
27583: -520 -545 -287 553
27584: -520 -545 -288 562
27603: -520 -548 -307 490
27607: -520 -548 -311 526
27612: -520 -549 -316 490
27613: -520 -549 -317 499
27615: -520 -549 -319 517
27616: -520 -549 -320 526
27617: -520 -549 -321 535
27618: -520 -549 -322 544
27619: -520 -549 -323 553
27620: -520 -549 -324 562
27624: -521 -622 -247 517
27625: -521 -622 -248 526
27627: -521 -622 -250 544
27628: -521 -622 -251 553
27629: -521 -622 -252 562
27632: -521 -623 -255 508
27643: -521 -624 -266 526
27644: -521 -624 -267 535
27645: -521 -624 -268 544
27646: -521 -624 -269 553
27647: -521 -624 -270 562
27651: -521 -625 -274 517
27653: -521 -625 -276 535
27655: -521 -625 -278 553
27657: -521 -626 -280 490
27658: -521 -626 -281 499
27660: -521 -626 -283 517
27665: -521 -626 -288 562
27666: -521 -627 -289 490
27669: -521 -627 -292 517
27675: -521 -628 -298 490
27676: -521 -628 -299 499
27678: -521 -628 -301 517
27679: -521 -628 -302 526
27680: -521 -628 -303 535
27681: -521 -628 -304 544
27682: -521 -628 -305 553
27683: -521 -628 -306 562
27684: -521 -629 -307 490
27687: -521 -629 -310 517
27693: -521 -630 -316 490
27706: -522 -703 -248 526
27708: -522 -703 -250 544
27709: -522 -703 -251 553
27710: -522 -703 -252 562
27713: -522 -704 -255 508
27724: -522 -705 -266 526
27725: -522 -705 -267 535
27726: -522 -705 -268 544
27727: -522 -705 -269 553
27728: -522 -705 -270 562
27730: -522 -706 -272 499
27732: -522 -706 -274 517
27734: -522 -706 -276 535
27736: -522 -706 -278 553
27737: -522 -706 -279 562
27738: -522 -707 -280 490
27747: -522 -708 -289 490
27748: -522 -708 -290 499
27755: -522 -708 -297 562
27756: -522 -709 -298 490
27757: -522 -709 -299 499
27759: -522 -709 -301 517
27765: -522 -710 -307 490
27766: -522 -710 -308 499
27768: -522 -710 -310 517
27769: -522 -710 -311 526
27770: -522 -710 -312 535
27771: -522 -710 -313 544
27772: -522 -710 -314 553
27773: -522 -710 -315 562
27775: -522 -711 -317 499
27777: -522 -711 -319 517
27779: -522 -711 -321 535
27782: -522 -711 -324 562
27855: -595 -72 -316 571
27856: -595 -72 -317 580
27858: -595 -72 -319 598
27859: -595 -72 -320 607
27860: -595 -72 -321 616
27861: -595 -72 -322 625
27862: -595 -72 -323 634
27863: -595 -72 -324 643
27868: -596 -145 -248 607
27869: -596 -145 -249 616
27870: -596 -145 -250 625
27872: -596 -145 -252 643
27875: -596 -146 -255 589
27900: -596 -149 -280 571
27901: -596 -149 -281 580
27903: -596 -149 -283 598
27908: -596 -149 -288 643
27909: -596 -150 -289 571
27910: -596 -150 -290 580
27912: -596 -150 -292 598
27913: -596 -150 -293 607
27915: -596 -150 -295 625
27916: -596 -150 -296 634
27917: -596 -150 -297 643
27918: -596 -151 -298 571
27919: -596 -151 -299 580
27921: -596 -151 -301 598
27927: -596 -152 -307 571
27928: -596 -152 -308 580
27930: -596 -152 -310 598
27931: -596 -152 -311 607
27934: -596 -152 -314 634
27936: -596 -153 -316 571
27939: -596 -153 -319 598
27948: -597 -226 -247 598
27949: -597 -226 -248 607
27950: -597 -226 -249 616
27951: -597 -226 -250 625
27953: -597 -226 -252 643
27956: -597 -227 -255 589
27967: -597 -228 -266 607
27968: -597 -228 -267 616
27969: -597 -228 -268 625
27971: -597 -228 -270 643
27975: -597 -229 -274 598
27981: -597 -230 -280 571
27984: -597 -230 -283 598
27990: -597 -231 -289 571
27993: -597 -231 -292 598
27996: -597 -231 -295 625
27999: -597 -232 -298 571
28002: -597 -232 -301 598
28003: -597 -232 -302 607
28005: -597 -232 -304 625
28017: -597 -234 -316 571
28020: -597 -234 -319 598
28030: -598 -307 -248 607
28031: -598 -307 -249 616
28032: -598 -307 -250 625
28034: -598 -307 -252 643
28037: -598 -308 -255 589
28062: -598 -311 -280 571
28069: -598 -311 -287 634
28071: -598 -312 -289 571
28072: -598 -312 -290 580
28081: -598 -313 -299 580
28087: -598 -313 -305 634
28096: -598 -314 -314 634
28103: -598 -315 -321 616
28105: -598 -315 -323 634
28111: -599 -388 -248 607
28112: -599 -388 -249 616
28113: -599 -388 -250 625
28114: -599 -388 -251 634
28118: -599 -389 -255 589
28129: -599 -390 -266 607
28130: -599 -390 -267 616
28131: -599 -390 -268 625
28132: -599 -390 -269 634
28137: -599 -391 -274 598
28140: -599 -391 -277 625
28144: -599 -392 -281 580
28146: -599 -392 -283 598
28147: -599 -392 -284 607
28152: -599 -393 -289 571
28153: -599 -393 -290 580
28161: -599 -394 -298 571
28162: -599 -394 -299 580
28165: -599 -394 -302 607
28166: -599 -394 -303 616
28167: -599 -394 -304 625
28171: -599 -395 -308 580
28173: -599 -395 -310 598
28179: -599 -396 -316 571
28180: -599 -396 -317 580
28182: -599 -396 -319 598
28183: -599 -396 -320 607
28185: -599 -396 -322 625
28186: -599 -396 -323 634
28187: -599 -396 -324 643
28193: -600 -469 -249 616
28194: -600 -469 -250 625
28195: -600 -469 -251 634
28196: -600 -469 -252 643
28199: -600 -470 -255 589
28210: -600 -471 -266 607
28211: -600 -471 -267 616
28212: -600 -471 -268 625
28213: -600 -471 -269 634
28214: -600 -471 -270 643
28216: -600 -472 -272 580
28218: -600 -472 -274 598
28219: -600 -472 -275 607
28220: -600 -472 -276 616
28221: -600 -472 -277 625
28223: -600 -472 -279 643
28224: -600 -473 -280 571
28225: -600 -473 -281 580
28227: -600 -473 -283 598
28228: -600 -473 -284 607
28229: -600 -473 -285 616
28230: -600 -473 -286 625
28231: -600 -473 -287 634
28232: -600 -473 -288 643
28236: -600 -474 -292 598
28237: -600 -474 -293 607
28242: -600 -475 -298 571
28250: -600 -475 -306 643
28251: -600 -476 -307 571
28254: -600 -476 -310 598
28255: -600 -476 -311 607
28260: -600 -477 -316 571
28264: -600 -477 -320 607
28266: -600 -477 -322 625
28267: -600 -477 -323 634
28272: -601 -550 -247 598
28273: -601 -550 -248 607
28274: -601 -550 -249 616
28275: -601 -550 -250 625
28276: -601 -550 -251 634
28277: -601 -550 -252 643
28280: -601 -551 -255 589
28291: -601 -552 -266 607
28292: -601 -552 -267 616
28293: -601 -552 -268 625
28294: -601 -552 -269 634
28295: -601 -552 -270 643
28297: -601 -553 -272 580
28299: -601 -553 -274 598
28304: -601 -553 -279 643
28305: -601 -554 -280 571
28308: -601 -554 -283 598
28312: -601 -554 -287 634
28314: -601 -555 -289 571
28318: -601 -555 -293 607
28321: -601 -555 -296 634
28323: -601 -556 -298 571
28324: -601 -556 -299 580
28326: -601 -556 -301 598
28330: -601 -556 -305 634
28332: -601 -557 -307 571
28333: -601 -557 -308 580
28335: -601 -557 -310 598
28336: -601 -557 -311 607
28341: -601 -558 -316 571
28349: -601 -558 -324 643
28353: -602 -631 -247 598
28354: -602 -631 -248 607
28357: -602 -631 -251 634
28361: -602 -632 -255 589
28372: -602 -633 -266 607
28373: -602 -633 -267 616
28374: -602 -633 -268 625
28376: -602 -633 -270 643
28387: -602 -635 -281 580
28389: -602 -635 -283 598
28390: -602 -635 -284 607
28391: -602 -635 -285 616
28392: -602 -635 -286 625
28393: -602 -635 -287 634
28394: -602 -635 -288 643
28395: -602 -636 -289 571
28396: -602 -636 -290 580
28398: -602 -636 -292 598
28403: -602 -636 -297 643
28422: -602 -639 -316 571
28434: -603 -712 -247 598
28438: -603 -712 -251 634
28439: -603 -712 -252 643
28442: -603 -713 -255 589
28454: -603 -714 -267 616
28455: -603 -714 -268 625
28456: -603 -714 -269 634
28457: -603 -714 -270 643
28461: -603 -715 -274 598
28462: -603 -715 -275 607
28463: -603 -715 -276 616
28464: -603 -715 -277 625
28466: -603 -715 -279 643
28467: -603 -716 -280 571
28476: -603 -717 -289 571
28477: -603 -717 -290 580
28479: -603 -717 -292 598
28481: -603 -717 -294 616
28482: -603 -717 -295 625
28484: -603 -717 -297 643
28485: -603 -718 -298 571
28486: -603 -718 -299 580
28488: -603 -718 -301 598
28489: -603 -718 -302 607
28493: -603 -718 -306 643
28494: -603 -719 -307 571
28497: -603 -719 -310 598
28498: -603 -719 -311 607
28499: -603 -719 -312 616
28500: -603 -719 -313 625
28502: -603 -719 -315 643
28503: -603 -720 -316 571
28506: -603 -720 -319 598
28509: -603 -720 -322 625
28511: -603 -720 -324 643
28548: -676 -77 -280 652
28549: -676 -77 -281 661
28551: -676 -77 -283 679
28552: -676 -77 -284 688
28553: -676 -77 -285 697
28554: -676 -77 -286 706
28555: -676 -77 -287 715
28556: -676 -77 -288 724
28596: -677 -154 -247 679
28597: -677 -154 -248 688
28598: -677 -154 -249 697
28599: -677 -154 -250 706
28600: -677 -154 -251 715
28604: -677 -155 -255 670
28630: -677 -158 -281 661
28638: -677 -159 -289 652
28639: -677 -159 -290 661
28641: -677 -159 -292 679
28642: -677 -159 -293 688
28644: -677 -159 -295 706
28646: -677 -159 -297 724
28647: -677 -160 -298 652
28648: -677 -160 -299 661
28650: -677 -160 -301 679
28652: -677 -160 -303 697
28655: -677 -160 -306 724
28656: -677 -161 -307 652
28657: -677 -161 -308 661
28659: -677 -161 -310 679
28660: -677 -161 -311 688
28661: -677 -161 -312 697
28662: -677 -161 -313 706
28664: -677 -161 -315 724
28665: -677 -162 -316 652
28666: -677 -162 -317 661
28671: -677 -162 -322 706
28673: -677 -162 -324 724
28677: -678 -235 -247 679
28678: -678 -235 -248 688
28679: -678 -235 -249 697
28680: -678 -235 -250 706
28681: -678 -235 -251 715
28685: -678 -236 -255 670
28697: -678 -237 -267 697
28698: -678 -237 -268 706
28699: -678 -237 -269 715
28704: -678 -238 -274 679
28706: -678 -238 -276 697
28709: -678 -238 -279 724
28710: -678 -239 -280 652
28713: -678 -239 -283 679
28718: -678 -239 -288 724
28719: -678 -240 -289 652
28720: -678 -240 -290 661
28728: -678 -241 -298 652
28729: -678 -241 -299 661
28731: -678 -241 -301 679
28736: -678 -241 -306 724
28740: -678 -242 -310 679
28746: -678 -243 -316 652
28759: -679 -316 -248 688
28760: -679 -316 -249 697
28761: -679 -316 -250 706
28762: -679 -316 -251 715
28796: -679 -320 -285 697
28797: -679 -320 -286 706
28799: -679 -320 -288 724
28800: -679 -321 -289 652
28806: -679 -321 -295 706
28808: -679 -321 -297 724
28809: -679 -322 -298 652
28810: -679 -322 -299 661
28813: -679 -322 -302 688
28814: -679 -322 -303 697
28817: -679 -322 -306 724
28818: -679 -323 -307 652
28826: -679 -323 -315 724
28835: -679 -324 -324 724
28839: -680 -397 -247 679
28840: -680 -397 -248 688
28841: -680 -397 -249 697
28842: -680 -397 -250 706
28843: -680 -397 -251 715
28844: -680 -397 -252 724
28847: -680 -398 -255 670
28858: -680 -399 -266 688
28860: -680 -399 -268 706
28861: -680 -399 -269 715
28862: -680 -399 -270 724
28866: -680 -400 -274 679
28867: -680 -400 -275 688
28868: -680 -400 -276 697
28870: -680 -400 -278 715
28871: -680 -400 -279 724
28872: -680 -401 -280 652
28875: -680 -401 -283 679
28876: -680 -401 -284 688
28879: -680 -401 -287 715
28881: -680 -402 -289 652
28890: -680 -403 -298 652
28894: -680 -403 -302 688
28895: -680 -403 -303 697
28899: -680 -404 -307 652
28900: -680 -404 -308 661
28903: -680 -404 -311 688
28908: -680 -405 -316 652
28911: -680 -405 -319 679
28912: -680 -405 -320 688
28913: -680 -405 -321 697
28914: -680 -405 -322 706
28915: -680 -405 -323 715
28916: -680 -405 -324 724
28921: -681 -478 -248 688
28922: -681 -478 -249 697
28923: -681 -478 -250 706
28924: -681 -478 -251 715
28925: -681 -478 -252 724
28928: -681 -479 -255 670
28939: -681 -480 -266 688
28940: -681 -480 -267 697
28942: -681 -480 -269 715
28943: -681 -480 -270 724
28947: -681 -481 -274 679
28948: -681 -481 -275 688
28949: -681 -481 -276 697
28953: -681 -482 -280 652
28954: -681 -482 -281 661
28956: -681 -482 -283 679
28957: -681 -482 -284 688
28959: -681 -482 -286 706
28960: -681 -482 -287 715
28961: -681 -482 -288 724
28962: -681 -483 -289 652
28963: -681 -483 -290 661
28965: -681 -483 -292 679
28967: -681 -483 -294 697
28971: -681 -484 -298 652
28980: -681 -485 -307 652
28981: -681 -485 -308 661
28983: -681 -485 -310 679
28986: -681 -485 -313 706
28989: -681 -486 -316 652
28992: -681 -486 -319 679
28994: -681 -486 -321 697
28996: -681 -486 -323 715
29002: -682 -559 -248 688
29004: -682 -559 -250 706
29005: -682 -559 -251 715
29006: -682 -559 -252 724
29009: -682 -560 -255 670
29017: -682 -561 -263 661
29020: -682 -561 -266 688
29021: -682 -561 -267 697
29022: -682 -561 -268 706
29024: -682 -561 -270 724
29026: -682 -562 -272 661
29028: -682 -562 -274 679
29029: -682 -562 -275 688
29030: -682 -562 -276 697
29031: -682 -562 -277 706
29032: -682 -562 -278 715
29034: -682 -563 -280 652
29035: -682 -563 -281 661
29037: -682 -563 -283 679
29038: -682 -563 -284 688
29039: -682 -563 -285 697
29041: -682 -563 -287 715
29042: -682 -563 -288 724
29043: -682 -564 -289 652
29044: -682 -564 -290 661
29046: -682 -564 -292 679
29047: -682 -564 -293 688
29048: -682 -564 -294 697
29049: -682 -564 -295 706
29051: -682 -564 -297 724
29053: -682 -565 -299 661
29055: -682 -565 -301 679
29061: -682 -566 -307 652
29066: -682 -566 -312 697
29070: -682 -567 -316 652
29073: -682 -567 -319 679
29075: -682 -567 -321 697
29082: -683 -640 -247 679
29083: -683 -640 -248 688
29084: -683 -640 -249 697
29085: -683 -640 -250 706
29086: -683 -640 -251 715
29090: -683 -641 -255 670
29101: -683 -642 -266 688
29102: -683 -642 -267 697
29103: -683 -642 -268 706
29104: -683 -642 -269 715
29105: -683 -642 -270 724
29107: -683 -643 -272 661
29109: -683 -643 -274 679
29110: -683 -643 -275 688
29111: -683 -643 -276 697
29112: -683 -643 -277 706
29113: -683 -643 -278 715
29115: -683 -644 -280 652
29116: -683 -644 -281 661
29119: -683 -644 -284 688
29120: -683 -644 -285 697
29124: -683 -645 -289 652
29125: -683 -645 -290 661
29127: -683 -645 -292 679
29132: -683 -645 -297 724
29133: -683 -646 -298 652
29134: -683 -646 -299 661
29136: -683 -646 -301 679
29138: -683 -646 -303 697
29139: -683 -646 -304 706
29141: -683 -646 -306 724
29142: -683 -647 -307 652
29143: -683 -647 -308 661
29145: -683 -647 -310 679
29146: -683 -647 -311 688
29147: -683 -647 -312 697
29151: -683 -648 -316 652
29152: -683 -648 -317 661
29154: -683 -648 -319 679
29166: -684 -721 -250 706
29167: -684 -721 -251 715
29168: -684 -721 -252 724
29171: -684 -722 -255 670
29183: -684 -723 -267 697
29184: -684 -723 -268 706
29185: -684 -723 -269 715
29196: -684 -725 -280 652
29205: -684 -726 -289 652
29206: -684 -726 -290 661
29208: -684 -726 -292 679
29209: -684 -726 -293 688
29210: -684 -726 -294 697
29211: -684 -726 -295 706
29212: -684 -726 -296 715
29214: -684 -727 -298 652
29215: -684 -727 -299 661
29217: -684 -727 -301 679
29218: -684 -727 -302 688
29219: -684 -727 -303 697
29220: -684 -727 -304 706
29221: -684 -727 -305 715
29655: -42 -407 -334 5
29657: -42 -407 -336 23
29658: -42 -407 -337 32
29659: -42 -407 -338 41
29660: -42 -407 -339 50
29661: -42 -407 -340 59
29662: -42 -407 -341 68
29664: -42 -408 -343 5
29665: -42 -408 -344 14
29666: -42 -408 -345 23
29667: -42 -408 -346 32
29668: -42 -408 -347 41
29669: -42 -408 -348 50
29670: -42 -408 -349 59
29671: -42 -408 -350 68
29673: -42 -409 -352 5
29674: -42 -409 -353 14
29675: -42 -409 -354 23
29676: -42 -409 -355 32
29677: -42 -409 -356 41
29678: -42 -409 -357 50
29679: -42 -409 -358 59
29680: -42 -409 -359 68
29691: -42 -411 -370 5
29692: -42 -411 -371 14
29693: -42 -411 -372 23
29694: -42 -411 -373 32
29695: -42 -411 -374 41
29696: -42 -411 -375 50
29697: -42 -411 -376 59
29698: -42 -411 -377 68
29700: -42 -412 -379 5
29701: -42 -412 -380 14
29702: -42 -412 -381 23
29703: -42 -412 -382 32
29704: -42 -412 -383 41
29705: -42 -412 -384 50
29706: -42 -412 -385 59
29707: -42 -412 -386 68
29709: -42 -413 -388 5
29710: -42 -413 -389 14
29711: -42 -413 -390 23
29712: -42 -413 -391 32
29713: -42 -413 -392 41
29714: -42 -413 -393 50
29715: -42 -413 -394 59
29716: -42 -413 -395 68
29718: -42 -414 -397 5
29719: -42 -414 -398 14
29720: -42 -414 -399 23
29721: -42 -414 -400 32
29722: -42 -414 -401 41
29723: -42 -414 -402 50
29724: -42 -414 -403 59
29725: -42 -414 -404 68
29988: -118 -12 -343 86
29989: -118 -12 -344 95
29990: -118 -12 -345 104
29991: -118 -12 -346 113
29992: -118 -12 -347 122
29993: -118 -12 -348 131
29994: -118 -12 -349 140
29995: -118 -12 -350 149
29996: -118 -12 -351 158
30078: -119 -94 -352 86
30079: -119 -94 -353 95
30081: -119 -94 -355 113
30082: -119 -94 -356 122
30083: -119 -94 -357 131
30084: -119 -94 -358 140
30085: -119 -94 -359 149
30086: -119 -94 -360 158
30089: -119 -95 -363 104
30096: -119 -96 -370 86
30097: -119 -96 -371 95
30103: -119 -96 -377 149
30106: -119 -97 -380 95
30112: -119 -97 -386 149
30113: -119 -97 -387 158
30114: -119 -98 -388 86
30115: -119 -98 -389 95
30116: -119 -98 -390 104
30118: -119 -98 -392 122
30119: -119 -98 -393 131
30120: -119 -98 -394 140
30121: -119 -98 -395 149
30124: -119 -99 -398 95
30125: -119 -99 -399 104
30131: -119 -99 -405 158
30231: -121 -255 -343 86
30232: -121 -255 -344 95
30233: -121 -255 -345 104
30234: -121 -255 -346 113
30235: -121 -255 -347 122
30236: -121 -255 -348 131
30237: -121 -255 -349 140
30238: -121 -255 -350 149
30239: -121 -255 -351 158
30296: -122 -334 -327 104
30297: -122 -334 -328 113
30304: -122 -335 -335 95
30312: -122 -336 -343 86
30321: -122 -337 -352 86
30327: -122 -337 -358 140
30328: -122 -337 -359 149
30339: -122 -339 -370 86
30348: -122 -340 -379 86
30350: -122 -340 -381 104
30353: -122 -340 -384 131
30356: -122 -340 -387 158
30365: -122 -341 -396 158
30377: -123 -415 -327 104
30378: -123 -415 -328 113
30381: -123 -415 -331 140
30382: -123 -415 -332 149
30384: -123 -416 -334 86
30390: -123 -416 -340 140
30399: -123 -417 -349 140
30402: -123 -418 -352 86
30406: -123 -418 -356 122
30407: -123 -418 -357 131
30429: -123 -421 -379 86
30431: -123 -421 -381 104
30457: -124 -496 -326 95
30458: -124 -496 -327 104
30459: -124 -496 -328 113
30460: -124 -496 -329 122
30461: -124 -496 -330 131
30462: -124 -496 -331 140
30463: -124 -496 -332 149
30465: -124 -497 -334 86
30474: -124 -498 -343 86
30478: -124 -498 -347 122
30482: -124 -498 -351 158
30487: -124 -499 -356 122
30489: -124 -499 -358 140
30501: -124 -501 -370 86
30509: -124 -501 -378 158
30519: -124 -503 -388 86
30528: -124 -504 -397 86
30530: -124 -504 -399 104
30531: -124 -504 -400 113
30532: -124 -504 -401 122
30533: -124 -504 -402 131
30534: -124 -504 -403 140
30535: -124 -504 -404 149
30539: -125 -577 -327 104
30540: -125 -577 -328 113
30542: -125 -577 -330 131
30543: -125 -577 -331 140
30544: -125 -577 -332 149
30546: -125 -578 -334 86
30557: -125 -579 -345 104
30559: -125 -579 -347 122
30562: -125 -579 -350 149
30565: -125 -580 -353 95
30566: -125 -580 -354 104
30568: -125 -580 -356 122
30571: -125 -580 -359 149
30573: -125 -581 -361 86
30591: -125 -583 -379 86
30592: -125 -583 -380 95
30594: -125 -583 -382 113
30598: -125 -583 -386 149
30599: -125 -583 -387 158
30605: -125 -584 -393 131
30608: -125 -584 -396 158
30609: -125 -585 -397 86
30610: -125 -585 -398 95
30620: -126 -658 -327 104
30621: -126 -658 -328 113
30622: -126 -658 -329 122
30623: -126 -658 -330 131
30624: -126 -658 -331 140
30625: -126 -658 -332 149
30640: -126 -660 -347 122
30642: -126 -660 -349 140
30649: -126 -661 -356 122
30653: -126 -661 -360 158
30666: -126 -663 -373 113
30680: -126 -664 -387 158
30681: -126 -665 -388 86
30683: -126 -665 -390 104
30684: -126 -665 -391 113
30685: -126 -665 -392 122
30686: -126 -665 -393 131
30687: -126 -665 -394 140
30688: -126 -665 -395 149
30689: -126 -665 -396 158
30690: -126 -666 -397 86
30692: -126 -666 -399 104
30694: -126 -666 -401 122
30695: -126 -666 -402 131
30696: -126 -666 -403 140
30697: -126 -666 -404 149
30698: -126 -666 -405 158
30726: -199 -22 -352 167
30727: -199 -22 -353 176
30728: -199 -22 -354 185
30729: -199 -22 -355 194
30730: -199 -22 -356 203
30731: -199 -22 -357 212
30732: -199 -22 -358 221
30733: -199 -22 -359 230
30734: -199 -22 -360 239
30789: -200 -101 -334 167
30790: -200 -101 -335 176
30791: -200 -101 -336 185
30792: -200 -101 -337 194
30793: -200 -101 -338 203
30794: -200 -101 -339 212
30795: -200 -101 -340 221
30797: -200 -101 -342 239
30811: -200 -103 -356 203
30812: -200 -103 -357 212
30813: -200 -103 -358 221
30814: -200 -103 -359 230
30816: -200 -104 -361 167
30817: -200 -104 -362 176
30818: -200 -104 -363 185
30819: -200 -104 -364 194
30820: -200 -104 -365 203
30821: -200 -104 -366 212
30822: -200 -104 -367 221
30823: -200 -104 -368 230
30825: -200 -105 -370 167
30826: -200 -105 -371 176
30827: -200 -105 -372 185
30828: -200 -105 -373 194
30829: -200 -105 -374 203
30830: -200 -105 -375 212
30831: -200 -105 -376 221
30832: -200 -105 -377 230
30833: -200 -105 -378 239
30834: -200 -106 -379 167
30835: -200 -106 -380 176
30836: -200 -106 -381 185
30837: -200 -106 -382 194
30838: -200 -106 -383 203
30839: -200 -106 -384 212
30840: -200 -106 -385 221
30841: -200 -106 -386 230
30842: -200 -106 -387 239
30843: -200 -107 -388 167
30844: -200 -107 -389 176
30845: -200 -107 -390 185
30846: -200 -107 -391 194
30847: -200 -107 -392 203
30848: -200 -107 -393 212
30849: -200 -107 -394 221
30850: -200 -107 -395 230
30851: -200 -107 -396 239
30852: -200 -108 -397 167
30853: -200 -108 -398 176
30854: -200 -108 -399 185
30855: -200 -108 -400 194
30856: -200 -108 -401 203
30857: -200 -108 -402 212
30858: -200 -108 -403 221
30859: -200 -108 -404 230
30860: -200 -108 -405 239
30862: -201 -181 -326 176
30863: -201 -181 -327 185
30864: -201 -181 -328 194
30865: -201 -181 -329 203
30866: -201 -181 -330 212
30867: -201 -181 -331 221
30868: -201 -181 -332 230
30888: -201 -184 -352 167
30889: -201 -184 -353 176
30890: -201 -184 -354 185
30892: -201 -184 -356 203
30893: -201 -184 -357 212
30894: -201 -184 -358 221
30895: -201 -184 -359 230
30896: -201 -184 -360 239
30906: -201 -186 -370 167
30907: -201 -186 -371 176
30908: -201 -186 -372 185
30909: -201 -186 -373 194
30910: -201 -186 -374 203
30911: -201 -186 -375 212
30912: -201 -186 -376 221
30913: -201 -186 -377 230
30914: -201 -186 -378 239
30917: -201 -187 -381 185
30925: -201 -188 -389 176
30932: -201 -188 -396 239
30933: -201 -189 -397 167
30934: -201 -189 -398 176
30935: -201 -189 -399 185
30936: -201 -189 -400 194
30937: -201 -189 -401 203
30938: -201 -189 -402 212
30940: -201 -189 -404 230
30941: -201 -189 -405 239
30951: -202 -263 -334 167
30952: -202 -263 -335 176
30953: -202 -263 -336 185
30954: -202 -263 -337 194
30955: -202 -263 -338 203
30956: -202 -263 -339 212
30957: -202 -263 -340 221
30958: -202 -263 -341 230
30959: -202 -263 -342 239
30978: -202 -266 -361 167
30979: -202 -266 -362 176
30980: -202 -266 -363 185
30981: -202 -266 -364 194
30982: -202 -266 -365 203
30983: -202 -266 -366 212
30984: -202 -266 -367 221
30987: -202 -267 -370 167
30988: -202 -267 -371 176
30989: -202 -267 -372 185
30990: -202 -267 -373 194
30991: -202 -267 -374 203
30992: -202 -267 -375 212
30993: -202 -267 -376 221
30994: -202 -267 -377 230
30995: -202 -267 -378 239
30996: -202 -268 -379 167
30997: -202 -268 -380 176
30998: -202 -268 -381 185
30999: -202 -268 -382 194
31000: -202 -268 -383 203
31001: -202 -268 -384 212
31002: -202 -268 -385 221
31003: -202 -268 -386 230
31004: -202 -268 -387 239
31005: -202 -269 -388 167
31006: -202 -269 -389 176
31007: -202 -269 -390 185
31008: -202 -269 -391 194
31009: -202 -269 -392 203
31010: -202 -269 -393 212
31011: -202 -269 -394 221
31012: -202 -269 -395 230
31013: -202 -269 -396 239
31014: -202 -270 -397 167
31015: -202 -270 -398 176
31016: -202 -270 -399 185
31017: -202 -270 -400 194
31018: -202 -270 -401 203
31019: -202 -270 -402 212
31020: -202 -270 -403 221
31021: -202 -270 -404 230
31022: -202 -270 -405 239
31024: -203 -343 -326 176
31026: -203 -343 -328 194
31028: -203 -343 -330 212
31029: -203 -343 -331 221
31043: -203 -345 -345 185
31057: -203 -346 -359 230
31058: -203 -346 -360 239
31068: -203 -348 -370 167
31069: -203 -348 -371 176
31070: -203 -348 -372 185
31076: -203 -348 -378 239
31079: -203 -349 -381 185
31085: -203 -349 -387 239
31096: -203 -351 -398 176
31097: -203 -351 -399 185
31098: -203 -351 -400 194
31101: -203 -351 -403 221
31102: -203 -351 -404 230
31105: -204 -424 -326 176
31106: -204 -424 -327 185
31107: -204 -424 -328 194
31108: -204 -424 -329 203
31109: -204 -424 -330 212
31110: -204 -424 -331 221
31111: -204 -424 -332 230
31118: -204 -425 -339 212
31119: -204 -425 -340 221
31132: -204 -427 -353 176
31134: -204 -427 -355 194
31138: -204 -427 -359 230
31141: -204 -428 -362 176
31142: -204 -428 -363 185
31158: -204 -430 -379 167
31166: -204 -430 -387 239
31168: -204 -431 -389 176
31175: -204 -431 -396 239
31177: -204 -432 -398 176
31180: -204 -432 -401 203
31186: -205 -505 -326 176
31187: -205 -505 -327 185
31188: -205 -505 -328 194
31189: -205 -505 -329 203
31191: -205 -505 -331 221
31192: -205 -505 -332 230
31194: -205 -506 -334 167
31197: -205 -506 -337 194
31202: -205 -506 -342 239
31212: -205 -508 -352 167
31213: -205 -508 -353 176
31215: -205 -508 -355 194
31216: -205 -508 -356 203
31217: -205 -508 -357 212
31218: -205 -508 -358 221
31219: -205 -508 -359 230
31220: -205 -508 -360 239
31222: -205 -509 -362 176
31223: -205 -509 -363 185
31227: -205 -509 -367 221
31230: -205 -510 -370 167
31234: -205 -510 -374 203
31235: -205 -510 -375 212
31238: -205 -510 -378 239
31246: -205 -511 -386 230
31247: -205 -511 -387 239
31248: -205 -512 -388 167
31256: -205 -512 -396 239
31257: -205 -513 -397 167
31258: -205 -513 -398 176
31259: -205 -513 -399 185
31268: -206 -586 -327 185
31271: -206 -586 -330 212
31272: -206 -586 -331 221
31273: -206 -586 -332 230
31275: -206 -587 -334 167
31289: -206 -588 -348 212
31290: -206 -588 -349 221
31319: -206 -591 -378 239
31323: -206 -592 -382 194
31327: -206 -592 -386 230
31337: -206 -593 -396 239
31338: -206 -594 -397 167
31339: -206 -594 -398 176
31340: -206 -594 -399 185
31341: -206 -594 -400 194
31342: -206 -594 -401 203
31343: -206 -594 -402 212
31344: -206 -594 -403 221
31345: -206 -594 -404 230
31350: -207 -667 -328 194
31351: -207 -667 -329 203
31352: -207 -667 -330 212
31353: -207 -667 -331 221
31354: -207 -667 -332 230
31360: -207 -668 -338 203
31362: -207 -668 -340 221
31364: -207 -668 -342 239
31371: -207 -669 -349 221
31381: -207 -670 -359 230
31382: -207 -670 -360 239
31394: -207 -672 -372 185
31395: -207 -672 -373 194
31400: -207 -672 -378 239
31401: -207 -673 -379 167
31403: -207 -673 -381 185
31404: -207 -673 -382 194
31409: -207 -673 -387 239
31410: -207 -674 -388 167
31413: -207 -674 -391 194
31414: -207 -674 -392 203
31415: -207 -674 -393 212
31418: -207 -674 -396 239
31429: -280 -28 -326 257
31430: -280 -28 -327 266
31431: -280 -28 -328 275
31432: -280 -28 -329 284
31433: -280 -28 -330 293
31434: -280 -28 -331 302
31435: -280 -28 -332 311
31510: -281 -109 -326 257
31511: -281 -109 -327 266
31512: -281 -109 -328 275
31513: -281 -109 -329 284
31514: -281 -109 -330 293
31515: -281 -109 -331 302
31516: -281 -109 -332 311
31519: -281 -110 -335 257
31545: -281 -113 -361 248
31546: -281 -113 -362 257
31547: -281 -113 -363 266
31549: -281 -113 -365 284
31550: -281 -113 -366 293
31552: -281 -113 -368 311
31554: -281 -114 -370 248
31556: -281 -114 -372 266
31564: -281 -115 -380 257
31565: -281 -115 -381 266
31566: -281 -115 -382 275
31567: -281 -115 -383 284
31568: -281 -115 -384 293
31570: -281 -115 -386 311
31571: -281 -115 -387 320
31572: -281 -116 -388 248
31576: -281 -116 -392 284
31582: -281 -117 -398 257
31583: -281 -117 -399 266
31584: -281 -117 -400 275
31586: -281 -117 -402 293
31589: -281 -117 -405 320
31682: -283 -272 -336 266
31683: -283 -272 -337 275
31686: -283 -272 -340 302
31716: -283 -276 -370 248
31719: -283 -276 -373 275
31721: -283 -276 -375 293
31722: -283 -276 -376 302
31724: -283 -276 -378 320
31725: -283 -277 -379 248
31726: -283 -277 -380 257
31728: -283 -277 -382 275
31729: -283 -277 -383 284
31730: -283 -277 -384 293
31733: -283 -277 -387 320
31734: -283 -278 -388 248
31735: -283 -278 -389 257
31736: -283 -278 -390 266
31737: -283 -278 -391 275
31738: -283 -278 -392 284
31739: -283 -278 -393 293
31743: -283 -279 -397 248
31744: -283 -279 -398 257
31746: -283 -279 -400 275
31747: -283 -279 -401 284
31748: -283 -279 -402 293
31751: -283 -279 -405 320
31754: -284 -352 -327 266
31757: -284 -352 -330 293
31758: -284 -352 -331 302
31759: -284 -352 -332 311
31766: -284 -353 -339 293
31767: -284 -353 -340 302
31782: -284 -355 -355 275
31797: -284 -357 -370 248
31814: -284 -358 -387 320
31816: -284 -359 -389 257
31824: -284 -360 -397 248
31829: -284 -360 -402 293
31836: -285 -433 -328 275
31843: -285 -434 -335 257
31847: -285 -434 -339 293
31850: -285 -434 -342 320
31857: -285 -435 -349 302
31862: -285 -436 -354 266
31865: -285 -436 -357 293
31867: -285 -436 -359 311
31871: -285 -437 -363 266
31875: -285 -437 -367 302
31887: -285 -439 -379 248
31888: -285 -439 -380 257
31889: -285 -439 -381 266
31890: -285 -439 -382 275
31891: -285 -439 -383 284
31894: -285 -439 -386 311
31912: -285 -441 -404 311
31913: -285 -441 -405 320
31915: -286 -514 -326 257
31916: -286 -514 -327 266
31917: -286 -514 -328 275
31918: -286 -514 -329 284
31920: -286 -514 -331 302
31921: -286 -514 -332 311
31923: -286 -515 -334 248
31924: -286 -515 -335 257
31925: -286 -515 -336 266
31927: -286 -515 -338 284
31929: -286 -515 -340 302
31931: -286 -515 -342 320
31932: -286 -516 -343 248
31933: -286 -516 -344 257
31937: -286 -516 -348 293
31948: -286 -517 -359 311
31959: -286 -519 -370 248
31960: -286 -519 -371 257
31961: -286 -519 -372 266
31963: -286 -519 -374 284
31964: -286 -519 -375 293
31965: -286 -519 -376 302
31966: -286 -519 -377 311
31967: -286 -519 -378 320
31968: -286 -520 -379 248
31969: -286 -520 -380 257
31970: -286 -520 -381 266
31972: -286 -520 -383 284
31973: -286 -520 -384 293
31974: -286 -520 -385 302
31975: -286 -520 -386 311
31976: -286 -520 -387 320
31977: -286 -521 -388 248
31979: -286 -521 -390 266
31980: -286 -521 -391 275
31981: -286 -521 -392 284
31985: -286 -521 -396 320
31987: -286 -522 -398 257
31990: -286 -522 -401 284
31994: -286 -522 -405 320
31996: -287 -595 -326 257
31997: -287 -595 -327 266
31998: -287 -595 -328 275
31999: -287 -595 -329 284
32000: -287 -595 -330 293
32001: -287 -595 -331 302
32002: -287 -595 -332 311
32004: -287 -596 -334 248
32005: -287 -596 -335 257
32010: -287 -596 -340 302
32011: -287 -596 -341 311
32012: -287 -596 -342 320
32014: -287 -597 -344 257
32018: -287 -597 -348 293
32019: -287 -597 -349 302
32022: -287 -598 -352 248
32023: -287 -598 -353 257
32027: -287 -598 -357 293
32043: -287 -600 -373 275
32049: -287 -601 -379 248
32050: -287 -601 -380 257
32051: -287 -601 -381 266
32053: -287 -601 -383 284
32055: -287 -601 -385 302
32056: -287 -601 -386 311
32057: -287 -601 -387 320
32062: -287 -602 -392 284
32066: -287 -602 -396 320
32067: -287 -603 -397 248
32069: -287 -603 -399 266
32070: -287 -603 -400 275
32077: -288 -676 -326 257
32078: -288 -676 -327 266
32080: -288 -676 -329 284
32081: -288 -676 -330 293
32082: -288 -676 -331 302
32083: -288 -676 -332 311
32085: -288 -677 -334 248
32086: -288 -677 -335 257
32087: -288 -677 -336 266
32088: -288 -677 -337 275
32090: -288 -677 -339 293
32091: -288 -677 -340 302
32093: -288 -677 -342 320
32094: -288 -678 -343 248
32095: -288 -678 -344 257
32096: -288 -678 -345 266
32098: -288 -678 -347 284
32099: -288 -678 -348 293
32100: -288 -678 -349 302
32101: -288 -678 -350 311
32102: -288 -678 -351 320
32104: -288 -679 -353 257
32108: -288 -679 -357 293
32109: -288 -679 -358 302
32111: -288 -679 -360 320
32112: -288 -680 -361 248
32114: -288 -680 -363 266
32121: -288 -681 -370 248
32122: -288 -681 -371 257
32124: -288 -681 -373 275
32129: -288 -681 -378 320
32130: -288 -682 -379 248
32131: -288 -682 -380 257
32133: -288 -682 -382 275
32136: -288 -682 -385 302
32138: -288 -682 -387 320
32139: -288 -683 -388 248
32140: -288 -683 -389 257
32143: -288 -683 -392 284
32147: -288 -683 -396 320
32148: -288 -684 -397 248
32153: -288 -684 -402 293
32204: -361 -42 -372 347
32205: -361 -42 -373 356
32206: -361 -42 -374 365
32207: -361 -42 -375 374
32209: -361 -42 -377 392
32210: -361 -42 -378 401
32240: -362 -118 -327 347
32243: -362 -118 -330 374
32244: -362 -118 -331 383
32245: -362 -118 -332 392
32267: -362 -121 -354 347
32269: -362 -121 -356 365
32275: -362 -122 -362 338
32300: -362 -124 -387 401
32301: -362 -125 -388 329
32314: -362 -126 -401 365
32325: -363 -199 -331 383
32326: -363 -199 -332 392
32331: -363 -200 -337 356
32332: -363 -200 -338 365
32333: -363 -200 -339 374
32335: -363 -200 -341 392
32336: -363 -200 -342 401
32346: -363 -202 -352 329
32350: -363 -202 -356 365
32352: -363 -202 -358 383
32353: -363 -202 -359 392
32354: -363 -202 -360 401
32357: -363 -203 -363 347
32367: -363 -204 -373 356
32368: -363 -204 -374 365
32372: -363 -204 -378 401
32373: -363 -205 -379 329
32376: -363 -205 -382 356
32377: -363 -205 -383 365
32378: -363 -205 -384 374
32382: -363 -206 -388 329
32385: -363 -206 -391 356
32386: -363 -206 -392 365
32388: -363 -206 -394 383
32397: -363 -207 -403 383
32405: -364 -280 -330 374
32406: -364 -280 -331 383
32407: -364 -280 -332 392
32416: -364 -281 -341 392
32417: -364 -281 -342 401
32453: -364 -285 -378 401
32461: -364 -286 -386 392
32462: -364 -286 -387 401
32474: -364 -288 -399 347
32479: -364 -288 -404 392
32520: -365 -365 -364 356
32568: -366 -442 -331 383
32590: -366 -445 -353 338
32591: -366 -445 -354 347
32646: -367 -523 -328 356
32650: -367 -523 -332 392
32671: -367 -526 -353 338
32674: -367 -526 -356 365
32688: -367 -528 -370 329
32714: -367 -530 -396 401
32717: -367 -531 -399 347
32726: -368 -604 -327 347
32727: -368 -604 -328 356
32729: -368 -604 -330 374
32730: -368 -604 -331 383
32738: -368 -605 -339 374
32750: -368 -606 -351 401
32755: -368 -607 -356 365
32779: -368 -610 -380 338
32786: -368 -610 -387 401
32796: -368 -612 -397 329
32940: -442 -52 -379 410
32941: -442 -52 -380 419
32942: -442 -52 -381 428
32943: -442 -52 -382 437
32944: -442 -52 -383 446
32945: -442 -52 -384 455
32946: -442 -52 -385 464
32947: -442 -52 -386 473
32948: -442 -52 -387 482
32968: -443 -127 -326 419
32969: -443 -127 -327 428
32970: -443 -127 -328 437
32971: -443 -127 -329 446
32972: -443 -127 -330 455
32973: -443 -127 -331 464
32974: -443 -127 -332 473
32978: -443 -128 -336 428
32980: -443 -128 -338 446
32994: -443 -130 -352 410
32996: -443 -130 -354 428
32998: -443 -130 -356 446
32999: -443 -130 -357 455
33000: -443 -130 -358 464
33001: -443 -130 -359 473
33002: -443 -130 -360 482
33003: -443 -131 -361 410
33009: -443 -131 -367 464
33013: -443 -132 -371 419
33021: -443 -133 -379 410
33022: -443 -133 -380 419
33023: -443 -133 -381 428
33024: -443 -133 -382 437
33025: -443 -133 -383 446
33026: -443 -133 -384 455
33028: -443 -133 -386 473
33030: -443 -134 -388 410
33033: -443 -134 -391 437
33035: -443 -134 -393 455
33037: -443 -134 -395 473
33038: -443 -134 -396 482
33039: -443 -135 -397 410
33041: -443 -135 -399 428
33042: -443 -135 -400 437
33043: -443 -135 -401 446
33044: -443 -135 -402 455
33047: -443 -135 -405 482
33049: -444 -208 -326 419
33050: -444 -208 -327 428
33051: -444 -208 -328 437
33052: -444 -208 -329 446
33053: -444 -208 -330 455
33054: -444 -208 -331 464
33055: -444 -208 -332 473
33057: -444 -209 -334 410
33058: -444 -209 -335 419
33059: -444 -209 -336 428
33060: -444 -209 -337 437
33061: -444 -209 -338 446
33062: -444 -209 -339 455
33063: -444 -209 -340 464
33064: -444 -209 -341 473
33065: -444 -209 -342 482
33067: -444 -210 -344 419
33071: -444 -210 -348 455
33072: -444 -210 -349 464
33075: -444 -211 -352 410
33077: -444 -211 -354 428
33079: -444 -211 -356 446
33080: -444 -211 -357 455
33081: -444 -211 -358 464
33082: -444 -211 -359 473
33083: -444 -211 -360 482
33086: -444 -212 -363 428
33095: -444 -213 -372 428
33096: -444 -213 -373 437
33102: -444 -214 -379 410
33108: -444 -214 -385 464
33111: -444 -215 -388 410
33114: -444 -215 -391 437
33120: -444 -216 -397 410
33123: -444 -216 -400 437
33125: -444 -216 -402 455
33130: -445 -289 -326 419
33131: -445 -289 -327 428
33132: -445 -289 -328 437
33135: -445 -289 -331 464
33136: -445 -289 -332 473
33138: -445 -290 -334 410
33140: -445 -290 -336 428
33141: -445 -290 -337 437
33142: -445 -290 -338 446
33143: -445 -290 -339 455
33158: -445 -292 -354 428
33161: -445 -292 -357 455
33163: -445 -292 -359 473
33182: -445 -294 -378 482
33191: -445 -295 -387 482
33192: -445 -296 -388 410
33200: -445 -296 -396 482
33201: -445 -297 -397 410
33203: -445 -297 -399 428
33204: -445 -297 -400 437
33211: -446 -370 -326 419
33219: -446 -371 -334 410
33222: -446 -371 -337 437
33227: -446 -371 -342 482
33228: -446 -372 -343 410
33233: -446 -372 -348 455
33236: -446 -372 -351 482
33237: -446 -373 -352 410
33238: -446 -373 -353 419
33239: -446 -373 -354 428
33242: -446 -373 -357 455
33244: -446 -373 -359 473
33245: -446 -373 -360 482
33260: -446 -375 -375 455
33264: -446 -376 -379 410
33271: -446 -376 -386 473
33272: -446 -376 -387 482
33273: -446 -377 -388 410
33275: -446 -377 -390 428
33276: -446 -377 -391 437
33281: -446 -377 -396 482
33282: -446 -378 -397 410
33283: -446 -378 -398 419
33284: -446 -378 -399 428
33285: -446 -378 -400 437
33287: -446 -378 -402 455
33293: -447 -451 -327 428
33294: -447 -451 -328 437
33295: -447 -451 -329 446
33296: -447 -451 -330 455
33312: -447 -453 -346 437
33314: -447 -453 -348 455
33316: -447 -453 -350 473
33320: -447 -454 -354 428
33321: -447 -454 -355 437
33345: -447 -457 -379 410
33350: -447 -457 -384 455
33354: -447 -458 -388 410
33355: -447 -458 -389 419
33357: -447 -458 -391 437
33359: -447 -458 -393 455
33361: -447 -458 -395 473
33363: -447 -459 -397 410
33371: -447 -459 -405 482
33374: -448 -532 -327 428
33375: -448 -532 -328 437
33377: -448 -532 -330 455
33387: -448 -533 -340 464
33395: -448 -534 -348 455
33397: -448 -534 -350 473
33404: -448 -535 -357 455
33405: -448 -535 -358 464
33407: -448 -535 -360 482
33434: -448 -538 -387 482
33435: -448 -539 -388 410
33438: -448 -539 -391 437
33456: -449 -613 -328 437
33462: -449 -614 -334 410
33464: -449 -614 -336 428
33478: -449 -615 -350 473
33485: -449 -616 -357 455
33515: -449 -619 -387 482
33537: -450 -694 -328 437
33540: -450 -694 -331 464
33551: -450 -695 -342 482
33566: -450 -697 -357 455
33579: -450 -699 -370 410
33596: -450 -700 -387 482
33598: -450 -701 -389 419
33599: -450 -701 -390 428
33600: -450 -701 -391 437
33601: -450 -701 -392 446
33603: -450 -701 -394 464
33604: -450 -701 -395 473
33678: -523 -62 -388 491
33679: -523 -62 -389 500
33680: -523 -62 -390 509
33681: -523 -62 -391 518
33682: -523 -62 -392 527
33683: -523 -62 -393 536
33684: -523 -62 -394 545
33685: -523 -62 -395 554
33686: -523 -62 -396 563
33697: -524 -136 -326 500
33698: -524 -136 -327 509
33699: -524 -136 -328 518
33700: -524 -136 -329 527
33701: -524 -136 -330 536
33702: -524 -136 -331 545
33703: -524 -136 -332 554
33709: -524 -137 -338 527
33723: -524 -139 -352 491
33724: -524 -139 -353 500
33727: -524 -139 -356 527
33729: -524 -139 -358 545
33731: -524 -139 -360 563
33759: -524 -143 -388 491
33760: -524 -143 -389 500
33762: -524 -143 -391 518
33763: -524 -143 -392 527
33778: -525 -217 -326 500
33779: -525 -217 -327 509
33780: -525 -217 -328 518
33781: -525 -217 -329 527
33782: -525 -217 -330 536
33783: -525 -217 -331 545
33784: -525 -217 -332 554
33789: -525 -218 -337 518
33790: -525 -218 -338 527
33793: -525 -218 -341 554
33794: -525 -218 -342 563
33796: -525 -219 -344 500
33798: -525 -219 -346 518
33803: -525 -219 -351 563
33804: -525 -220 -352 491
33808: -525 -220 -356 527
33811: -525 -220 -359 554
33842: -525 -224 -390 509
33853: -525 -225 -401 527
33860: -526 -298 -327 509
33861: -526 -298 -328 518
33862: -526 -298 -329 527
33874: -526 -299 -341 554
33887: -526 -301 -354 509
33889: -526 -301 -356 527
33891: -526 -301 -358 545
33903: -526 -303 -370 491
33905: -526 -303 -372 509
33921: -526 -305 -388 491
33932: -526 -306 -399 509
33938: -526 -306 -405 563
33942: -527 -379 -328 518
33965: -527 -381 -351 563
33968: -527 -382 -354 509
33984: -527 -384 -370 491
33999: -527 -385 -385 545
34022: -528 -460 -327 509
34024: -528 -460 -329 527
34031: -528 -461 -336 509
34038: -528 -462 -343 491
34043: -528 -462 -348 536
34048: -528 -463 -353 500
34052: -528 -463 -357 536
34053: -528 -463 -358 545
34054: -528 -463 -359 554
34055: -528 -463 -360 563
34058: -528 -464 -363 509
34065: -528 -465 -370 491
34104: -529 -541 -328 518
34107: -529 -541 -331 545
34112: -529 -542 -336 509
34114: -529 -542 -338 527
34122: -529 -543 -346 518
34124: -529 -543 -348 536
34125: -529 -543 -349 545
34129: -529 -544 -353 500
34132: -529 -544 -356 527
34164: -529 -548 -388 491
34179: -529 -549 -403 545
34185: -530 -622 -328 518
34186: -530 -622 -329 527
34195: -530 -623 -338 527
34210: -530 -625 -353 500
34216: -530 -625 -359 554
34236: -530 -628 -379 491
34245: -530 -629 -388 491
34254: -530 -630 -397 491
34266: -531 -703 -328 518
34267: -531 -703 -329 527
34330: -531 -710 -392 527
34334: -531 -710 -396 563
34416: -604 -72 -397 572
34417: -604 -72 -398 581
34418: -604 -72 -399 590
34419: -604 -72 -400 599
34420: -604 -72 -401 608
34421: -604 -72 -402 617
34422: -604 -72 -403 626
34423: -604 -72 -404 635
34424: -604 -72 -405 644
34426: -605 -145 -326 581
34427: -605 -145 -327 590
34428: -605 -145 -328 599
34429: -605 -145 -329 608
34430: -605 -145 -330 617
34431: -605 -145 -331 626
34432: -605 -145 -332 635
34436: -605 -146 -336 590
34439: -605 -146 -339 617
34440: -605 -146 -340 626
34452: -605 -148 -352 572
34460: -605 -148 -360 644
34463: -605 -149 -363 590
34467: -605 -149 -367 626
34472: -605 -150 -372 590
34474: -605 -150 -374 608
34478: -605 -150 -378 644
34487: -605 -151 -387 644
34488: -605 -152 -388 572
34508: -606 -226 -327 590
34509: -606 -226 -328 599
34510: -606 -226 -329 608
34511: -606 -226 -330 617
34512: -606 -226 -331 626
34513: -606 -226 -332 635
34515: -606 -227 -334 572
34518: -606 -227 -337 599
34519: -606 -227 -338 608
34520: -606 -227 -339 617
34521: -606 -227 -340 626
34523: -606 -227 -342 644
34525: -606 -228 -344 581
34529: -606 -228 -348 617
34532: -606 -228 -351 644
34533: -606 -229 -352 572
34537: -606 -229 -356 608
34538: -606 -229 -357 617
34539: -606 -229 -358 626
34540: -606 -229 -359 635
34541: -606 -229 -360 644
34544: -606 -230 -363 590
34555: -606 -231 -374 608
34561: -606 -232 -380 581
34564: -606 -232 -383 608
34581: -606 -234 -400 599
34582: -606 -234 -401 608
34589: -607 -307 -327 590
34590: -607 -307 -328 599
34591: -607 -307 -329 608
34592: -607 -307 -330 617
34593: -607 -307 -331 626
34600: -607 -308 -338 608
34601: -607 -308 -339 617
34618: -607 -310 -356 608
34619: -607 -310 -357 617
34621: -607 -310 -359 635
34641: -607 -313 -379 572
34652: -607 -314 -390 590
34674: -608 -388 -331 626
34679: -608 -389 -336 590
34680: -608 -389 -337 599
34691: -608 -390 -348 617
34692: -608 -390 -349 626
34696: -608 -391 -353 581
34697: -608 -391 -354 590
34701: -608 -391 -358 626
34713: -608 -393 -370 572
34714: -608 -393 -371 581
34723: -608 -394 -380 581
34724: -608 -394 -381 590
34730: -608 -394 -387 644
34738: -608 -395 -395 635
34754: -609 -469 -330 617
34756: -609 -469 -332 635
34758: -609 -470 -334 572
34762: -609 -470 -338 608
34783: -609 -472 -359 635
34817: -609 -476 -393 617
34832: -610 -550 -327 590
34833: -610 -550 -328 599
34834: -610 -550 -329 608
34839: -610 -551 -334 572
34841: -610 -551 -336 590
34847: -610 -551 -342 644
34853: -610 -552 -348 617
34863: -610 -553 -358 626
34864: -610 -553 -359 635
34883: -610 -555 -378 644
34894: -610 -557 -389 581
34902: -610 -558 -397 572
34906: -610 -558 -401 608
34918: -611 -631 -332 635
34936: -611 -633 -350 635
34940: -611 -634 -354 590
34945: -611 -634 -359 635
35023: -612 -715 -356 608
35026: -612 -715 -359 635
35035: -612 -716 -368 635
35054: -612 -718 -387 644
35109: -685 -77 -361 653
35110: -685 -77 -362 662
35111: -685 -77 -363 671
35112: -685 -77 -364 680
35113: -685 -77 -365 689
35115: -685 -77 -367 707
35116: -685 -77 -368 716
35155: -686 -154 -326 662
35156: -686 -154 -327 671
35157: -686 -154 -328 680
35159: -686 -154 -330 698
35160: -686 -154 -331 707
35161: -686 -154 -332 716
35170: -686 -155 -341 716
35186: -686 -157 -357 698
35187: -686 -157 -358 707
35189: -686 -157 -360 725
35192: -686 -158 -363 671
35199: -686 -159 -370 653
35202: -686 -159 -373 680
35208: -686 -160 -379 653
35214: -686 -160 -385 707
35216: -686 -160 -387 725
35217: -686 -161 -388 653
35218: -686 -161 -389 662
35236: -687 -235 -326 662
35237: -687 -235 -327 671
35238: -687 -235 -328 680
35240: -687 -235 -330 698
35241: -687 -235 -331 707
35242: -687 -235 -332 716
35244: -687 -236 -334 653
35248: -687 -236 -338 689
35249: -687 -236 -339 698
35251: -687 -236 -341 716
35252: -687 -236 -342 725
35256: -687 -237 -346 680
35257: -687 -237 -347 689
35262: -687 -238 -352 653
35267: -687 -238 -357 698
35268: -687 -238 -358 707
35269: -687 -238 -359 716
35283: -687 -240 -373 680
35292: -687 -241 -382 680
35297: -687 -241 -387 725
35317: -688 -316 -326 662
35318: -688 -316 -327 671
35319: -688 -316 -328 680
35321: -688 -316 -330 698
35322: -688 -316 -331 707
35323: -688 -316 -332 716
35325: -688 -317 -334 653
35344: -688 -319 -353 662
35351: -688 -319 -360 725
35385: -688 -323 -394 707
35387: -688 -323 -396 725
35398: -689 -397 -326 662
35399: -689 -397 -327 671
35403: -689 -397 -331 707
35406: -689 -398 -334 653
35423: -689 -399 -351 725
35424: -689 -400 -352 653
35425: -689 -400 -353 662
35453: -689 -403 -381 671
35477: -689 -405 -405 725
35479: -690 -478 -326 662
35480: -690 -478 -327 671
35481: -690 -478 -328 680
35483: -690 -478 -330 698
35485: -690 -478 -332 716
35497: -690 -480 -344 662
35500: -690 -480 -347 689
35512: -690 -481 -359 716
35561: -691 -559 -327 671
35562: -691 -559 -328 680
35565: -691 -559 -331 707
35568: -691 -560 -334 653
35570: -691 -560 -336 671
35593: -691 -562 -359 716
35608: -691 -564 -374 689
35644: -692 -640 -329 689
35651: -692 -641 -336 671
35657: -692 -641 -342 725
35661: -692 -642 -346 680
35667: -692 -643 -352 653
35668: -692 -643 -353 662
35673: -692 -643 -358 707
35674: -692 -643 -359 716
35675: -692 -643 -360 725
35682: -692 -644 -367 707
35694: -692 -646 -379 653
35696: -692 -646 -381 671
35697: -692 -646 -382 680
35702: -692 -646 -387 725
35703: -692 -647 -388 653
35747: -693 -723 -351 725
35756: -693 -724 -360 725
36297: -52 -488 -415 6
36298: -52 -488 -416 15
36299: -52 -488 -417 24
36300: -52 -488 -418 33
36302: -52 -488 -420 51
36303: -52 -488 -421 60
36304: -52 -488 -422 69
36306: -52 -489 -424 6
36307: -52 -489 -425 15
36308: -52 -489 -426 24
36309: -52 -489 -427 33
36311: -52 -489 -429 51
36312: -52 -489 -430 60
36313: -52 -489 -431 69
36314: -52 -489 -432 78
36315: -52 -490 -433 6
36316: -52 -490 -434 15
36317: -52 -490 -435 24
36318: -52 -490 -436 33
36320: -52 -490 -438 51
36321: -52 -490 -439 60
36322: -52 -490 -440 69
36323: -52 -490 -441 78
36324: -52 -491 -442 6
36325: -52 -491 -443 15
36326: -52 -491 -444 24
36327: -52 -491 -445 33
36329: -52 -491 -447 51
36330: -52 -491 -448 60
36331: -52 -491 -449 69
36332: -52 -491 -450 78
36342: -52 -493 -460 6
36343: -52 -493 -461 15
36344: -52 -493 -462 24
36345: -52 -493 -463 33
36347: -52 -493 -465 51
36348: -52 -493 -466 60
36349: -52 -493 -467 69
36350: -52 -493 -468 78
36351: -52 -494 -469 6
36352: -52 -494 -470 15
36353: -52 -494 -471 24
36354: -52 -494 -472 33
36356: -52 -494 -474 51
36357: -52 -494 -475 60
36358: -52 -494 -476 69
36359: -52 -494 -477 78
36360: -52 -495 -478 6
36361: -52 -495 -479 15
36362: -52 -495 -480 24
36363: -52 -495 -481 33
36365: -52 -495 -483 51
36366: -52 -495 -484 60
36367: -52 -495 -485 69
36368: -52 -495 -486 78
36549: -127 -12 -424 87
36550: -127 -12 -425 96
36551: -127 -12 -426 105
36552: -127 -12 -427 114
36553: -127 -12 -428 123
36554: -127 -12 -429 132
36555: -127 -12 -430 141
36556: -127 -12 -431 150
36557: -127 -12 -432 159
36629: -128 -92 -423 159
36640: -128 -94 -434 96
36643: -128 -94 -437 123
36644: -128 -94 -438 132
36645: -128 -94 -439 141
36648: -128 -95 -442 87
36649: -128 -95 -443 96
36652: -128 -95 -446 123
36667: -128 -97 -461 96
36675: -128 -98 -469 87
36676: -128 -98 -470 96
36677: -128 -98 -471 105
36678: -128 -98 -472 114
36679: -128 -98 -473 123
36680: -128 -98 -474 132
36681: -128 -98 -475 141
36682: -128 -98 -476 150
36683: -128 -98 -477 159
36684: -128 -99 -478 87
36685: -128 -99 -479 96
36689: -128 -99 -483 132
36792: -130 -255 -424 87
36793: -130 -255 -425 96
36794: -130 -255 -426 105
36795: -130 -255 -427 114
36796: -130 -255 -428 123
36797: -130 -255 -429 132
36798: -130 -255 -430 141
36799: -130 -255 -431 150
36800: -130 -255 -432 159
36857: -131 -334 -408 105
36858: -131 -334 -409 114
36860: -131 -334 -411 132
36861: -131 -334 -412 141
36862: -131 -334 -413 150
36876: -131 -336 -427 114
36877: -131 -336 -428 123
36878: -131 -336 -429 132
36881: -131 -336 -432 159
36882: -131 -337 -433 87
36883: -131 -337 -434 96
36884: -131 -337 -435 105
36886: -131 -337 -437 123
36887: -131 -337 -438 132
36889: -131 -337 -440 150
36891: -131 -338 -442 87
36895: -131 -338 -446 123
36896: -131 -338 -447 132
36900: -131 -339 -451 87
36918: -131 -341 -469 87
36921: -131 -341 -472 114
36922: -131 -341 -473 123
36926: -131 -341 -477 159
36927: -131 -342 -478 87
36929: -131 -342 -480 105
36931: -131 -342 -482 123
36932: -131 -342 -483 132
36938: -132 -415 -408 105
36946: -132 -416 -416 96
36954: -132 -417 -424 87
36958: -132 -417 -428 123
36962: -132 -417 -432 159
36969: -132 -418 -439 141
36974: -132 -419 -444 105
36990: -132 -421 -460 87
37001: -132 -422 -471 105
37008: -132 -423 -478 87
37012: -132 -423 -482 123
37019: -133 -496 -408 105
37020: -133 -496 -409 114
37022: -133 -496 -411 132
37024: -133 -496 -413 150
37025: -133 -496 -414 159
37030: -133 -497 -419 123
37041: -133 -498 -430 141
37044: -133 -499 -433 87
37050: -133 -499 -439 141
37052: -133 -499 -441 159
37055: -133 -500 -444 105
37080: -133 -503 -469 87
37082: -133 -503 -471 105
37089: -133 -504 -478 87
37099: -134 -577 -407 96
37100: -134 -577 -408 105
37101: -134 -577 -409 114
37103: -134 -577 -411 132
37105: -134 -577 -413 150
37106: -134 -577 -414 159
37116: -134 -579 -424 87
37119: -134 -579 -427 114
37123: -134 -579 -431 150
37124: -134 -579 -432 159
37125: -134 -580 -433 87
37127: -134 -580 -435 105
37129: -134 -580 -437 123
37130: -134 -580 -438 132
37132: -134 -580 -440 150
37133: -134 -580 -441 159
37142: -134 -581 -450 159
37152: -134 -583 -460 87
37153: -134 -583 -461 96
37154: -134 -583 -462 105
37155: -134 -583 -463 114
37156: -134 -583 -464 123
37157: -134 -583 -465 132
37159: -134 -583 -467 150
37160: -134 -583 -468 159
37161: -134 -584 -469 87
37169: -134 -584 -477 159
37170: -134 -585 -478 87
37174: -134 -585 -482 123
37177: -134 -585 -485 150
37180: -135 -658 -407 96
37181: -135 -658 -408 105
37182: -135 -658 -409 114
37184: -135 -658 -411 132
37185: -135 -658 -412 141
37186: -135 -658 -413 150
37187: -135 -658 -414 159
37198: -135 -660 -425 96
37200: -135 -660 -427 114
37202: -135 -660 -429 132
37204: -135 -660 -431 150
37205: -135 -660 -432 159
37206: -135 -661 -433 87
37210: -135 -661 -437 123
37214: -135 -661 -441 159
37216: -135 -662 -443 96
37235: -135 -664 -462 105
37242: -135 -665 -469 87
37243: -135 -665 -470 96
37244: -135 -665 -471 105
37245: -135 -665 -472 114
37246: -135 -665 -473 123
37247: -135 -665 -474 132
37248: -135 -665 -475 141
37250: -135 -665 -477 159
37251: -135 -666 -478 87
37255: -135 -666 -482 123
37287: -208 -22 -433 168
37288: -208 -22 -434 177
37289: -208 -22 -435 186
37290: -208 -22 -436 195
37291: -208 -22 -437 204
37292: -208 -22 -438 213
37293: -208 -22 -439 222
37294: -208 -22 -440 231
37295: -208 -22 -441 240
37350: -209 -101 -415 168
37352: -209 -101 -417 186
37353: -209 -101 -418 195
37354: -209 -101 -419 204
37355: -209 -101 -420 213
37357: -209 -101 -422 231
37373: -209 -103 -438 213
37375: -209 -103 -440 231
37376: -209 -103 -441 240
37377: -209 -104 -442 168
37378: -209 -104 -443 177
37379: -209 -104 -444 186
37380: -209 -104 -445 195
37381: -209 -104 -446 204
37382: -209 -104 -447 213
37383: -209 -104 -448 222
37384: -209 -104 -449 231
37385: -209 -104 -450 240
37386: -209 -105 -451 168
37387: -209 -105 -452 177
37388: -209 -105 -453 186
37389: -209 -105 -454 195
37391: -209 -105 -456 213
37392: -209 -105 -457 222
37393: -209 -105 -458 231
37394: -209 -105 -459 240
37395: -209 -106 -460 168
37396: -209 -106 -461 177
37397: -209 -106 -462 186
37398: -209 -106 -463 195
37399: -209 -106 -464 204
37400: -209 -106 -465 213
37401: -209 -106 -466 222
37402: -209 -106 -467 231
37403: -209 -106 -468 240
37404: -209 -107 -469 168
37405: -209 -107 -470 177
37406: -209 -107 -471 186
37407: -209 -107 -472 195
37408: -209 -107 -473 204
37409: -209 -107 -474 213
37410: -209 -107 -475 222
37411: -209 -107 -476 231
37412: -209 -107 -477 240
37413: -209 -108 -478 168
37414: -209 -108 -479 177
37415: -209 -108 -480 186
37416: -209 -108 -481 195
37417: -209 -108 -482 204
37418: -209 -108 -483 213
37419: -209 -108 -484 222
37420: -209 -108 -485 231
37421: -209 -108 -486 240
37423: -210 -181 -407 177
37424: -210 -181 -408 186
37427: -210 -181 -411 213
37428: -210 -181 -412 222
37429: -210 -181 -413 231
37430: -210 -181 -414 240
37447: -210 -183 -431 231
37449: -210 -184 -433 168
37450: -210 -184 -434 177
37451: -210 -184 -435 186
37453: -210 -184 -437 204
37455: -210 -184 -439 222
37460: -210 -185 -444 186
37461: -210 -185 -445 195
37462: -210 -185 -446 204
37464: -210 -185 -448 222
37466: -210 -185 -450 240
37476: -210 -187 -460 168
37477: -210 -187 -461 177
37478: -210 -187 -462 186
37480: -210 -187 -464 204
37481: -210 -187 -465 213
37482: -210 -187 -466 222
37483: -210 -187 -467 231
37484: -210 -187 -468 240
37494: -210 -189 -478 168
37496: -210 -189 -480 186
37497: -210 -189 -481 195
37498: -210 -189 -482 204
37499: -210 -189 -483 213
37512: -211 -263 -415 168
37513: -211 -263 -416 177
37514: -211 -263 -417 186
37515: -211 -263 -418 195
37516: -211 -263 -419 204
37517: -211 -263 -420 213
37519: -211 -263 -422 231
37520: -211 -263 -423 240
37539: -211 -266 -442 168
37540: -211 -266 -443 177
37541: -211 -266 -444 186
37542: -211 -266 -445 195
37543: -211 -266 -446 204
37544: -211 -266 -447 213
37545: -211 -266 -448 222
37546: -211 -266 -449 231
37547: -211 -266 -450 240
37548: -211 -267 -451 168
37549: -211 -267 -452 177
37550: -211 -267 -453 186
37551: -211 -267 -454 195
37553: -211 -267 -456 213
37554: -211 -267 -457 222
37556: -211 -267 -459 240
37557: -211 -268 -460 168
37558: -211 -268 -461 177
37559: -211 -268 -462 186
37560: -211 -268 -463 195
37561: -211 -268 -464 204
37562: -211 -268 -465 213
37563: -211 -268 -466 222
37564: -211 -268 -467 231
37565: -211 -268 -468 240
37566: -211 -269 -469 168
37567: -211 -269 -470 177
37568: -211 -269 -471 186
37569: -211 -269 -472 195
37570: -211 -269 -473 204
37571: -211 -269 -474 213
37572: -211 -269 -475 222
37573: -211 -269 -476 231
37574: -211 -269 -477 240
37575: -211 -270 -478 168
37576: -211 -270 -479 177
37577: -211 -270 -480 186
37578: -211 -270 -481 195
37579: -211 -270 -482 204
37580: -211 -270 -483 213
37581: -211 -270 -484 222
37582: -211 -270 -485 231
37583: -211 -270 -486 240
37585: -212 -343 -407 177
37587: -212 -343 -409 195
37589: -212 -343 -411 213
37590: -212 -343 -412 222
37591: -212 -343 -413 231
37592: -212 -343 -414 240
37593: -212 -344 -415 168
37600: -212 -344 -422 231
37603: -212 -345 -425 177
37605: -212 -345 -427 195
37607: -212 -345 -429 213
37608: -212 -345 -430 222
37609: -212 -345 -431 231
37610: -212 -345 -432 240
37615: -212 -346 -437 204
37617: -212 -346 -439 222
37657: -212 -351 -479 177
37659: -212 -351 -481 195
37660: -212 -351 -482 204
37661: -212 -351 -483 213
37662: -212 -351 -484 222
37667: -213 -424 -408 186
37685: -213 -426 -426 186
37696: -213 -427 -437 204
37703: -213 -428 -444 186
37719: -213 -430 -460 168
37720: -213 -430 -461 177
37721: -213 -430 -462 186
37729: -213 -431 -470 177
37731: -213 -431 -472 195
37732: -213 -431 -473 204
37736: -213 -431 -477 240
37738: -213 -432 -479 177
37741: -213 -432 -482 204
37747: -214 -505 -407 177
37748: -214 -505 -408 186
37749: -214 -505 -409 195
37751: -214 -505 -411 213
37752: -214 -505 -412 222
37753: -214 -505 -413 231
37755: -214 -506 -415 168
37757: -214 -506 -417 186
37761: -214 -506 -421 222
37762: -214 -506 -422 231
37773: -214 -508 -433 168
37774: -214 -508 -434 177
37775: -214 -508 -435 186
37776: -214 -508 -436 195
37777: -214 -508 -437 204
37778: -214 -508 -438 213
37779: -214 -508 -439 222
37780: -214 -508 -440 231
37781: -214 -508 -441 240
37782: -214 -509 -442 168
37787: -214 -509 -447 213
37796: -214 -510 -456 213
37804: -214 -511 -464 204
37808: -214 -511 -468 240
37809: -214 -512 -469 168
37812: -214 -512 -472 195
37816: -214 -512 -476 231
37821: -214 -513 -481 195
37828: -215 -586 -407 177
37829: -215 -586 -408 186
37830: -215 -586 -409 195
37832: -215 -586 -411 213
37833: -215 -586 -412 222
37834: -215 -586 -413 231
37835: -215 -586 -414 240
37836: -215 -587 -415 168
37840: -215 -587 -419 204
37842: -215 -587 -421 222
37852: -215 -588 -431 231
37860: -215 -589 -439 222
37861: -215 -589 -440 231
37862: -215 -589 -441 240
37867: -215 -590 -446 204
37883: -215 -592 -462 186
37885: -215 -592 -464 204
37893: -215 -593 -472 195
37895: -215 -593 -474 213
37899: -215 -594 -478 168
37900: -215 -594 -479 177
37903: -215 -594 -482 204
37910: -216 -667 -408 186
37911: -216 -667 -409 195
37913: -216 -667 -411 213
37914: -216 -667 -412 222
37916: -216 -667 -414 240
37917: -216 -668 -415 168
37934: -216 -669 -432 240
37936: -216 -670 -434 177
37937: -216 -670 -435 186
37938: -216 -670 -436 195
37939: -216 -670 -437 204
37940: -216 -670 -438 213
37942: -216 -670 -440 231
37943: -216 -670 -441 240
37944: -216 -671 -442 168
37945: -216 -671 -443 177
37946: -216 -671 -444 186
37947: -216 -671 -445 195
37948: -216 -671 -446 204
37951: -216 -671 -449 231
37955: -216 -672 -453 186
37963: -216 -673 -461 177
37965: -216 -673 -463 195
37966: -216 -673 -464 204
37967: -216 -673 -465 213
37970: -216 -673 -468 240
37971: -216 -674 -469 168
37972: -216 -674 -470 177
37974: -216 -674 -472 195
37975: -216 -674 -473 204
37976: -216 -674 -474 213
37984: -216 -675 -482 204
37990: -289 -28 -407 258
37991: -289 -28 -408 267
37992: -289 -28 -409 276
37994: -289 -28 -411 294
37995: -289 -28 -412 303
37996: -289 -28 -413 312
37997: -289 -28 -414 321
38071: -290 -109 -407 258
38072: -290 -109 -408 267
38073: -290 -109 -409 276
38075: -290 -109 -411 294
38076: -290 -109 -412 303
38077: -290 -109 -413 312
38078: -290 -109 -414 321
38083: -290 -110 -419 285
38106: -290 -113 -442 249
38107: -290 -113 -443 258
38111: -290 -113 -447 294
38118: -290 -114 -454 276
38122: -290 -114 -458 312
38124: -290 -115 -460 249
38125: -290 -115 -461 258
38126: -290 -115 -462 267
38132: -290 -115 -468 321
38134: -290 -116 -470 258
38142: -290 -117 -478 249
38143: -290 -117 -479 258
38145: -290 -117 -481 276
38244: -292 -272 -418 276
38245: -292 -272 -419 285
38265: -292 -274 -439 303
38268: -292 -275 -442 249
38269: -292 -275 -443 258
38271: -292 -275 -445 276
38272: -292 -275 -446 285
38273: -292 -275 -447 294
38274: -292 -275 -448 303
38286: -292 -277 -460 249
38289: -292 -277 -463 276
38290: -292 -277 -464 285
38291: -292 -277 -465 294
38292: -292 -277 -466 303
38293: -292 -277 -467 312
38294: -292 -277 -468 321
38295: -292 -278 -469 249
38298: -292 -278 -472 276
38299: -292 -278 -473 285
38300: -292 -278 -474 294
38303: -292 -278 -477 321
38304: -292 -279 -478 249
38305: -292 -279 -479 258
38307: -292 -279 -481 276
38308: -292 -279 -482 285
38309: -292 -279 -483 294
38311: -292 -279 -485 312
38312: -292 -279 -486 321
38315: -293 -352 -408 267
38318: -293 -352 -411 294
38319: -293 -352 -412 303
38320: -293 -352 -413 312
38321: -293 -352 -414 321
38322: -293 -353 -415 249
38324: -293 -353 -417 267
38326: -293 -353 -419 285
38327: -293 -353 -420 294
38331: -293 -354 -424 249
38333: -293 -354 -426 267
38334: -293 -354 -427 276
38335: -293 -354 -428 285
38337: -293 -354 -430 303
38340: -293 -355 -433 249
38346: -293 -355 -439 303
38349: -293 -356 -442 249
38354: -293 -356 -447 294
38355: -293 -356 -448 303
38363: -293 -357 -456 294
38367: -293 -358 -460 249
38369: -293 -358 -462 267
38370: -293 -358 -463 276
38371: -293 -358 -464 285
38376: -293 -359 -469 249
38378: -293 -359 -471 267
38379: -293 -359 -472 276
38380: -293 -359 -473 285
38384: -293 -359 -477 321
38385: -293 -360 -478 249
38386: -293 -360 -479 258
38389: -293 -360 -482 285
38390: -293 -360 -483 294
38393: -293 -360 -486 321
38400: -294 -433 -412 303
38403: -294 -434 -415 249
38416: -294 -435 -428 285
38419: -294 -435 -431 312
38420: -294 -435 -432 321
38424: -294 -436 -436 276
38433: -294 -437 -445 276
38436: -294 -437 -448 303
38437: -294 -437 -449 312
38448: -294 -439 -460 249
38461: -294 -440 -473 285
38470: -294 -441 -482 285
38477: -295 -514 -408 267
38478: -295 -514 -409 276
38480: -295 -514 -411 294
38483: -295 -514 -414 321
38487: -295 -515 -418 276
38488: -295 -515 -419 285
38490: -295 -515 -421 303
38491: -295 -515 -422 312
38503: -295 -517 -434 258
38511: -295 -518 -442 249
38512: -295 -518 -443 258
38516: -295 -518 -447 294
38517: -295 -518 -448 303
38518: -295 -518 -449 312
38522: -295 -519 -453 267
38538: -295 -521 -469 249
38541: -295 -521 -472 276
38547: -295 -522 -478 249
38548: -295 -522 -479 258
38549: -295 -522 -480 267
38552: -295 -522 -483 294
38553: -295 -522 -484 303
38554: -295 -522 -485 312
38555: -295 -522 -486 321
38557: -296 -595 -407 258
38558: -296 -595 -408 267
38559: -296 -595 -409 276
38561: -296 -595 -411 294
38563: -296 -595 -413 312
38564: -296 -595 -414 321
38568: -296 -596 -418 276
38569: -296 -596 -419 285
38572: -296 -596 -422 312
38578: -296 -597 -428 285
38580: -296 -597 -430 303
38581: -296 -597 -431 312
38582: -296 -597 -432 321
38583: -296 -598 -433 249
38610: -296 -601 -460 249
38611: -296 -601 -461 258
38612: -296 -601 -462 267
38613: -296 -601 -463 276
38615: -296 -601 -465 294
38617: -296 -601 -467 312
38618: -296 -601 -468 321
38619: -296 -602 -469 249
38624: -296 -602 -474 294
38626: -296 -602 -476 312
38628: -296 -603 -478 249
38632: -296 -603 -482 285
38638: -297 -676 -407 258
38639: -297 -676 -408 267
38640: -297 -676 -409 276
38642: -297 -676 -411 294
38643: -297 -676 -412 303
38645: -297 -676 -414 321
38646: -297 -677 -415 249
38647: -297 -677 -416 258
38648: -297 -677 -417 267
38649: -297 -677 -418 276
38650: -297 -677 -419 285
38651: -297 -677 -420 294
38654: -297 -677 -423 321
38659: -297 -678 -428 285
38661: -297 -678 -430 303
38662: -297 -678 -431 312
38663: -297 -678 -432 321
38664: -297 -679 -433 249
38665: -297 -679 -434 258
38666: -297 -679 -435 267
38668: -297 -679 -437 285
38669: -297 -679 -438 294
38670: -297 -679 -439 303
38672: -297 -679 -441 321
38673: -297 -680 -442 249
38675: -297 -680 -444 267
38676: -297 -680 -445 276
38677: -297 -680 -446 285
38678: -297 -680 -447 294
38687: -297 -681 -456 294
38691: -297 -682 -460 249
38692: -297 -682 -461 258
38693: -297 -682 -462 267
38695: -297 -682 -464 285
38697: -297 -682 -466 303
38700: -297 -683 -469 249
38701: -297 -683 -470 258
38702: -297 -683 -471 267
38703: -297 -683 -472 276
38704: -297 -683 -473 285
38705: -297 -683 -474 294
38706: -297 -683 -475 303
38707: -297 -683 -476 312
38708: -297 -683 -477 321
38714: -297 -684 -483 294
38763: -370 -42 -451 330
38764: -370 -42 -452 339
38765: -370 -42 -453 348
38766: -370 -42 -454 357
38768: -370 -42 -456 375
38769: -370 -42 -457 384
38770: -370 -42 -458 393
38771: -370 -42 -459 402
38800: -371 -118 -407 339
38801: -371 -118 -408 348
38802: -371 -118 -409 357
38804: -371 -118 -411 375
38805: -371 -118 -412 384
38806: -371 -118 -413 393
38807: -371 -118 -414 402
38828: -371 -121 -435 348
38846: -371 -123 -453 348
38855: -371 -124 -462 348
38857: -371 -124 -464 366
38858: -371 -124 -465 375
38863: -371 -125 -470 339
38864: -371 -125 -471 348
38866: -371 -125 -473 366
38870: -371 -125 -477 402
38879: -371 -126 -486 402
38881: -372 -199 -407 339
38882: -372 -199 -408 348
38883: -372 -199 -409 357
38887: -372 -199 -413 393
38888: -372 -199 -414 402
38889: -372 -200 -415 330
38892: -372 -200 -418 357
38893: -372 -200 -419 366
38894: -372 -200 -420 375
38895: -372 -200 -421 384
38900: -372 -201 -426 348
38902: -372 -201 -428 366
38908: -372 -202 -434 339
38912: -372 -202 -438 375
38913: -372 -202 -439 384
38914: -372 -202 -440 393
38915: -372 -202 -441 402
38919: -372 -203 -445 357
38923: -372 -203 -449 393
38952: -372 -207 -478 330
38962: -373 -280 -407 339
38963: -373 -280 -408 348
38964: -373 -280 -409 357
38967: -373 -280 -412 384
38968: -373 -280 -413 393
38969: -373 -280 -414 402
38970: -373 -281 -415 330
38973: -373 -281 -418 357
38995: -373 -283 -440 393
39028: -373 -287 -473 366
39036: -373 -288 -481 357
39037: -373 -288 -482 366
39073: -374 -364 -437 366
39077: -374 -364 -441 402
39124: -375 -442 -407 339
39125: -375 -442 -408 348
39130: -375 -442 -413 393
39145: -375 -444 -428 366
39163: -375 -446 -446 366
39206: -376 -523 -408 348
39207: -376 -523 -409 357
39210: -376 -523 -412 384
39212: -376 -523 -414 402
39288: -377 -604 -409 357
39291: -377 -604 -412 384
39294: -377 -605 -415 330
39300: -377 -605 -421 384
39314: -377 -607 -435 348
39319: -377 -607 -440 393
39326: -377 -608 -447 375
39329: -377 -608 -450 402
39343: -377 -610 -464 366
39371: -378 -685 -411 375
39377: -378 -686 -417 348
39378: -378 -686 -418 357
39382: -378 -686 -422 393
39392: -378 -687 -432 402
39394: -378 -688 -434 339
39397: -378 -688 -437 366
39399: -378 -688 -439 384
39404: -378 -689 -444 348
39413: -378 -690 -453 348
39419: -378 -690 -459 402
39424: -378 -691 -464 366
39429: -378 -692 -469 330
39433: -378 -692 -473 366
39438: -378 -693 -478 330
39439: -378 -693 -479 339
39501: -451 -52 -460 411
39503: -451 -52 -462 429
39504: -451 -52 -463 438
39505: -451 -52 -464 447
39506: -451 -52 -465 456
39509: -451 -52 -468 483
39530: -452 -127 -408 429
39533: -452 -127 -411 456
39534: -452 -127 -412 465
39535: -452 -127 -413 474
39536: -452 -127 -414 483
39561: -452 -130 -439 465
39562: -452 -130 -440 474
39563: -452 -130 -441 483
39569: -452 -131 -447 456
39585: -452 -133 -463 438
39604: -452 -135 -482 447
39605: -452 -135 -483 456
39608: -452 -135 -486 483
39611: -453 -208 -408 429
39617: -453 -208 -414 483
39622: -453 -209 -419 447
39626: -453 -209 -423 483
39636: -453 -211 -433 411
39640: -453 -211 -437 447
39642: -453 -211 -439 465
39643: -453 -211 -440 474
39644: -453 -211 -441 483
39648: -453 -212 -445 438
39653: -453 -212 -450 483
39663: -453 -214 -460 411
39666: -453 -214 -463 438
39667: -453 -214 -464 447
39670: -453 -214 -467 474
39671: -453 -214 -468 483
39672: -453 -215 -469 411
39675: -453 -215 -472 438
39678: -453 -215 -475 465
39680: -453 -215 -477 483
39685: -453 -216 -482 447
39686: -453 -216 -483 456
39687: -453 -216 -484 465
39689: -453 -216 -486 483
39696: -454 -289 -412 465
39698: -454 -289 -414 483
39699: -454 -290 -415 411
39732: -454 -293 -448 465
39763: -454 -297 -479 420
39766: -454 -297 -482 447
39767: -454 -297 -483 456
39865: -456 -452 -419 447
39899: -456 -456 -453 429
39935: -457 -532 -408 429
39936: -457 -532 -409 438
39940: -457 -532 -413 474
39947: -457 -533 -420 456
39956: -457 -534 -429 456
39971: -457 -536 -444 429
39972: -457 -536 -445 438
39997: -457 -539 -470 420
39999: -457 -539 -472 438
40000: -457 -539 -473 447
40017: -458 -613 -409 438
40040: -458 -615 -432 483
40042: -458 -616 -434 420
40045: -458 -616 -437 447
40047: -458 -616 -439 465
40049: -458 -616 -441 483
40068: -458 -619 -460 411
40069: -458 -619 -461 420
40102: -459 -694 -413 474
40104: -459 -695 -415 411
40120: -459 -696 -431 474
40129: -459 -697 -440 474
40148: -459 -699 -459 483
40162: -459 -701 -473 447
40239: -532 -62 -469 492
40240: -532 -62 -470 501
40241: -532 -62 -471 510
40242: -532 -62 -472 519
40243: -532 -62 -473 528
40244: -532 -62 -474 537
40245: -532 -62 -475 546
40246: -532 -62 -476 555
40247: -532 -62 -477 564
40258: -533 -136 -407 501
40259: -533 -136 -408 510
40260: -533 -136 -409 519
40262: -533 -136 -411 537
40263: -533 -136 -412 546
40264: -533 -136 -413 555
40265: -533 -136 -414 564
40271: -533 -137 -420 537
40272: -533 -137 -421 546
40274: -533 -137 -423 564
40284: -533 -139 -433 492
40288: -533 -139 -437 528
40290: -533 -139 -439 546
40291: -533 -139 -440 555
40293: -533 -140 -442 492
40294: -533 -140 -443 501
40295: -533 -140 -444 510
40296: -533 -140 -445 519
40297: -533 -140 -446 528
40298: -533 -140 -447 537
40299: -533 -140 -448 546
40300: -533 -140 -449 555
40301: -533 -140 -450 564
40302: -533 -141 -451 492
40303: -533 -141 -452 501
40307: -533 -141 -456 537
40309: -533 -141 -458 555
40330: -533 -144 -479 501
40331: -533 -144 -480 510
40332: -533 -144 -481 519
40333: -533 -144 -482 528
40334: -533 -144 -483 537
40335: -533 -144 -484 546
40339: -534 -217 -407 501
40340: -534 -217 -408 510
40341: -534 -217 -409 519
40343: -534 -217 -411 537
40344: -534 -217 -412 546
40345: -534 -217 -413 555
40346: -534 -217 -414 564
40347: -534 -218 -415 492
40348: -534 -218 -416 501
40349: -534 -218 -417 510
40350: -534 -218 -418 519
40351: -534 -218 -419 528
40352: -534 -218 -420 537
40354: -534 -218 -422 555
40355: -534 -218 -423 564
40357: -534 -219 -425 501
40364: -534 -219 -432 564
40365: -534 -220 -433 492
40366: -534 -220 -434 501
40367: -534 -220 -435 510
40369: -534 -220 -437 528
40370: -534 -220 -438 537
40371: -534 -220 -439 546
40372: -534 -220 -440 555
40373: -534 -220 -441 564
40377: -534 -221 -445 519
40416: -534 -225 -484 546
40420: -535 -298 -407 501
40421: -535 -298 -408 510
40422: -535 -298 -409 519
40424: -535 -298 -411 537
40426: -535 -298 -413 555
40428: -535 -299 -415 492
40431: -535 -299 -418 519
40436: -535 -299 -423 564
40448: -535 -301 -435 510
40452: -535 -301 -439 546
40453: -535 -301 -440 555
40455: -535 -302 -442 492
40458: -535 -302 -445 519
40460: -535 -302 -447 537
40491: -535 -306 -478 492
40495: -535 -306 -482 528
40501: -536 -379 -407 501
40503: -536 -379 -409 519
40507: -536 -379 -413 555
40508: -536 -379 -414 564
40522: -536 -381 -428 528
40524: -536 -381 -430 546
40533: -536 -382 -439 546
40558: -536 -385 -464 528
40572: -536 -387 -478 492
40573: -536 -387 -479 501
40574: -536 -387 -480 510
40575: -536 -387 -481 519
40576: -536 -387 -482 528
40577: -536 -387 -483 537
40579: -536 -387 -485 555
40584: -537 -460 -409 519
40592: -537 -461 -417 510
40594: -537 -461 -419 528
40596: -537 -461 -421 546
40603: -537 -462 -428 528
40605: -537 -462 -430 546
40612: -537 -463 -437 528
40614: -537 -463 -439 546
40617: -537 -464 -442 492
40618: -537 -464 -443 501
40619: -537 -464 -444 510
40623: -537 -464 -448 546
40641: -537 -466 -466 546
40644: -537 -467 -469 492
40648: -537 -467 -473 528
40653: -537 -468 -478 492
40654: -537 -468 -479 501
40656: -537 -468 -481 519
40657: -537 -468 -482 528
40664: -538 -541 -408 510
40665: -538 -541 -409 519
40667: -538 -541 -411 537
40668: -538 -541 -412 546
40670: -538 -541 -414 564
40686: -538 -543 -430 546
40690: -538 -544 -434 501
40695: -538 -544 -439 546
40699: -538 -545 -443 501
40703: -538 -545 -447 537
40704: -538 -545 -448 546
40725: -538 -548 -469 492
40734: -538 -549 -478 492
40735: -538 -549 -479 501
40736: -538 -549 -480 510
40737: -538 -549 -481 519
40739: -538 -549 -483 537
40742: -538 -549 -486 564
40745: -539 -622 -408 510
40746: -539 -622 -409 519
40748: -539 -622 -411 537
40749: -539 -622 -412 546
40752: -539 -623 -415 492
40759: -539 -623 -422 555
40762: -539 -624 -425 501
40764: -539 -624 -427 519
40766: -539 -624 -429 537
40767: -539 -624 -430 546
40768: -539 -624 -431 555
40769: -539 -624 -432 564
40774: -539 -625 -437 528
40776: -539 -625 -439 546
40777: -539 -625 -440 555
40790: -539 -627 -453 510
40802: -539 -628 -465 537
40804: -539 -628 -467 555
40805: -539 -628 -468 564
40822: -539 -630 -485 555
40827: -540 -703 -409 519
40831: -540 -703 -413 555
40857: -540 -706 -439 546
40859: -540 -706 -441 564
40860: -540 -707 -442 492
40887: -540 -710 -469 492
40891: -540 -710 -473 528
40977: -613 -72 -478 573
40978: -613 -72 -479 582
40979: -613 -72 -480 591
40980: -613 -72 -481 600
40981: -613 -72 -482 609
40982: -613 -72 -483 618
40983: -613 -72 -484 627
40984: -613 -72 -485 636
40985: -613 -72 -486 645
40987: -614 -145 -407 582
40988: -614 -145 -408 591
40989: -614 -145 -409 600
40991: -614 -145 -411 618
40992: -614 -145 -412 627
40994: -614 -145 -414 645
41000: -614 -146 -420 618
41013: -614 -148 -433 573
41017: -614 -148 -437 609
41018: -614 -148 -438 618
41019: -614 -148 -439 627
41021: -614 -148 -441 645
41022: -614 -149 -442 573
41024: -614 -149 -444 591
41027: -614 -149 -447 618
41040: -614 -151 -460 573
41048: -614 -151 -468 645
41049: -614 -152 -469 573
41058: -614 -153 -478 573
41059: -614 -153 -479 582
41061: -614 -153 -481 600
41063: -614 -153 -483 618
41069: -615 -226 -408 591
41072: -615 -226 -411 618
41073: -615 -226 -412 627
41074: -615 -226 -413 636
41075: -615 -226 -414 645
41076: -615 -227 -415 573
41078: -615 -227 -417 591
41081: -615 -227 -420 618
41082: -615 -227 -421 627
41084: -615 -227 -423 645
41086: -615 -228 -425 582
41088: -615 -228 -427 600
41094: -615 -229 -433 573
41095: -615 -229 -434 582
41096: -615 -229 -435 591
41098: -615 -229 -437 609
41099: -615 -229 -438 618
41100: -615 -229 -439 627
41102: -615 -229 -441 645
41108: -615 -230 -447 618
41111: -615 -230 -450 645
41114: -615 -231 -453 591
41119: -615 -231 -458 636
41120: -615 -231 -459 645
41123: -615 -232 -462 591
41126: -615 -232 -465 618
41130: -615 -233 -469 573
41132: -615 -233 -471 591
41140: -615 -234 -479 582
41149: -616 -307 -407 582
41150: -616 -307 -408 591
41151: -616 -307 -409 600
41153: -616 -307 -411 618
41154: -616 -307 -412 627
41177: -616 -310 -435 591
41180: -616 -310 -438 618
41182: -616 -310 -440 636
41183: -616 -310 -441 645
41202: -616 -313 -460 573
41204: -616 -313 -462 591
41213: -616 -314 -471 591
41224: -616 -315 -482 609
41232: -617 -388 -409 600
41253: -617 -390 -430 627
41261: -617 -391 -438 618
41263: -617 -391 -440 636
41306: -617 -396 -483 618
41323: -618 -470 -419 609
41343: -618 -472 -439 627
41346: -618 -473 -442 573
41348: -618 -473 -444 591
41352: -618 -473 -448 627
41364: -618 -475 -460 573
41380: -618 -476 -476 636
41385: -618 -477 -481 600
41392: -619 -550 -407 582
41394: -619 -550 -409 600
41396: -619 -550 -411 618
41398: -619 -550 -413 636
41399: -619 -550 -414 645
41402: -619 -551 -417 591
41406: -619 -551 -421 627
41414: -619 -552 -429 618
41417: -619 -552 -432 645
41419: -619 -553 -434 582
41420: -619 -553 -435 591
41425: -619 -553 -440 636
41426: -619 -553 -441 645
41427: -619 -554 -442 573
41428: -619 -554 -443 582
41429: -619 -554 -444 591
41430: -619 -554 -445 600
41431: -619 -554 -446 609
41433: -619 -554 -448 627
41435: -619 -554 -450 645
41436: -619 -555 -451 573
41442: -619 -555 -457 627
41449: -619 -556 -464 609
41454: -619 -557 -469 573
41479: -620 -631 -413 636
41484: -620 -632 -418 600
41487: -620 -632 -421 627
41488: -620 -632 -422 636
41497: -620 -633 -431 636
41506: -620 -634 -440 636
41507: -620 -634 -441 645
41512: -620 -635 -446 609
41544: -620 -639 -478 573
41555: -621 -712 -408 591
41558: -621 -712 -411 618
41560: -621 -712 -413 636
41581: -621 -715 -434 582
41586: -621 -715 -439 627
41588: -621 -715 -441 645
41589: -621 -716 -442 573
41606: -621 -717 -459 645
41616: -621 -719 -469 573
41617: -621 -719 -470 582
41625: -621 -720 -478 573
41670: -694 -77 -442 654
41671: -694 -77 -443 663
41672: -694 -77 -444 672
41673: -694 -77 -445 681
41674: -694 -77 -446 690
41675: -694 -77 -447 699
41676: -694 -77 -448 708
41677: -694 -77 -449 717
41678: -694 -77 -450 726
41717: -695 -154 -408 672
41718: -695 -154 -409 681
41720: -695 -154 -411 699
41721: -695 -154 -412 708
41722: -695 -154 -413 717
41723: -695 -154 -414 726
41742: -695 -157 -433 654
41744: -695 -157 -435 672
41745: -695 -157 -436 681
41746: -695 -157 -437 690
41747: -695 -157 -438 699
41748: -695 -157 -439 708
41750: -695 -157 -441 726
41751: -695 -158 -442 654
41760: -695 -159 -451 654
41762: -695 -159 -453 672
41765: -695 -159 -456 699
41766: -695 -159 -457 708
41767: -695 -159 -458 717
41768: -695 -159 -459 726
41769: -695 -160 -460 654
41773: -695 -160 -464 690
41797: -696 -235 -407 663
41798: -696 -235 -408 672
41799: -696 -235 -409 681
41801: -696 -235 -411 699
41802: -696 -235 -412 708
41803: -696 -235 -413 717
41804: -696 -235 -414 726
41805: -696 -236 -415 654
41808: -696 -236 -418 681
41809: -696 -236 -419 690
41810: -696 -236 -420 699
41811: -696 -236 -421 708
41815: -696 -237 -425 663
41818: -696 -237 -428 690
41827: -696 -238 -437 690
41829: -696 -238 -439 708
41830: -696 -238 -440 717
41833: -696 -239 -443 663
41835: -696 -239 -445 681
41837: -696 -239 -447 699
41838: -696 -239 -448 708
41840: -696 -239 -450 726
41853: -696 -241 -463 681
41858: -696 -241 -468 726
41871: -696 -243 -481 681
41878: -697 -316 -407 663
41879: -697 -316 -408 672
41880: -697 -316 -409 681
41882: -697 -316 -411 699
41883: -697 -316 -412 708
41884: -697 -316 -413 717
41887: -697 -317 -416 663
41889: -697 -317 -418 681
41906: -697 -319 -435 672
41912: -697 -319 -441 726
41921: -697 -320 -450 726
41940: -697 -323 -469 654
41948: -697 -323 -477 726
41951: -697 -324 -480 672
41989: -698 -400 -437 690
41990: -698 -400 -438 699
41993: -698 -400 -441 726
42034: -698 -405 -482 690
42035: -698 -405 -483 699
42036: -698 -405 -484 708
42064: -699 -480 -431 717
42070: -699 -481 -437 690
42073: -699 -481 -440 717
42093: -699 -484 -460 654
42105: -699 -485 -472 681
42119: -699 -486 -486 726
42128: -700 -559 -414 726
42129: -700 -560 -415 654
42155: -700 -562 -441 726
42167: -700 -564 -453 672
42198: -700 -567 -484 708
42204: -701 -640 -409 681
42215: -701 -641 -420 699
42219: -701 -642 -424 654
42220: -701 -642 -425 663
42226: -701 -642 -431 717
42229: -701 -643 -434 663
42233: -701 -643 -438 699
42234: -701 -643 -439 708
42235: -701 -643 -440 717
42236: -701 -643 -441 726
42242: -701 -644 -447 699
42255: -701 -646 -460 654
42259: -701 -646 -464 690
42266: -701 -647 -471 672
42290: -702 -721 -414 726
42292: -702 -722 -416 663
42313: -702 -724 -437 690
42315: -702 -724 -439 708
42317: -702 -724 -441 726
42336: -702 -727 -460 654
42939: -62 -569 -496 7
42940: -62 -569 -497 16
42941: -62 -569 -498 25
42942: -62 -569 -499 34
42943: -62 -569 -500 43
42945: -62 -569 -502 61
42946: -62 -569 -503 70
42947: -62 -569 -504 79
42948: -62 -570 -505 7
42949: -62 -570 -506 16
42950: -62 -570 -507 25
42951: -62 -570 -508 34
42952: -62 -570 -509 43
42954: -62 -570 -511 61
42955: -62 -570 -512 70
42956: -62 -570 -513 79
42957: -62 -571 -514 7
42958: -62 -571 -515 16
42959: -62 -571 -516 25
42960: -62 -571 -517 34
42961: -62 -571 -518 43
42963: -62 -571 -520 61
42964: -62 -571 -521 70
42965: -62 -571 -522 79
42966: -62 -572 -523 7
42967: -62 -572 -524 16
42968: -62 -572 -525 25
42969: -62 -572 -526 34
42970: -62 -572 -527 43
42972: -62 -572 -529 61
42973: -62 -572 -530 70
42974: -62 -572 -531 79
42975: -62 -573 -532 7
42976: -62 -573 -533 16
42977: -62 -573 -534 25
42978: -62 -573 -535 34
42979: -62 -573 -536 43
42981: -62 -573 -538 61
42982: -62 -573 -539 70
42983: -62 -573 -540 79
42993: -62 -575 -550 7
42994: -62 -575 -551 16
42995: -62 -575 -552 25
42996: -62 -575 -553 34
42999: -62 -575 -556 61
43000: -62 -575 -557 70
43001: -62 -575 -558 79
43002: -62 -576 -559 7
43003: -62 -576 -560 16
43004: -62 -576 -561 25
43005: -62 -576 -562 34
43006: -62 -576 -563 43
43008: -62 -576 -565 61
43009: -62 -576 -566 70
43010: -62 -576 -567 79
43110: -136 -12 -505 88
43111: -136 -12 -506 97
43112: -136 -12 -507 106
43113: -136 -12 -508 115
43114: -136 -12 -509 124
43115: -136 -12 -510 133
43116: -136 -12 -511 142
43117: -136 -12 -512 151
43118: -136 -12 -513 160
43200: -137 -94 -514 88
43201: -137 -94 -515 97
43204: -137 -94 -518 124
43205: -137 -94 -519 133
43206: -137 -94 -520 142
43207: -137 -94 -521 151
43209: -137 -95 -523 88
43210: -137 -95 -524 97
43211: -137 -95 -525 106
43214: -137 -95 -528 133
43218: -137 -96 -532 88
43223: -137 -96 -537 133
43224: -137 -96 -538 142
43225: -137 -96 -539 151
43250: -137 -99 -564 133
43353: -139 -255 -505 88
43354: -139 -255 -506 97
43355: -139 -255 -507 106
43356: -139 -255 -508 115
43357: -139 -255 -509 124
43358: -139 -255 -510 133
43359: -139 -255 -511 142
43360: -139 -255 -512 151
43361: -139 -255 -513 160
43417: -140 -334 -488 97
43418: -140 -334 -489 106
43419: -140 -334 -490 115
43420: -140 -334 -491 124
43422: -140 -334 -493 142
43423: -140 -334 -494 151
43424: -140 -334 -495 160
43425: -140 -335 -496 88
43426: -140 -335 -497 97
43427: -140 -335 -498 106
43431: -140 -335 -502 142
43434: -140 -336 -505 88
43436: -140 -336 -507 106
43440: -140 -336 -511 142
43443: -140 -337 -514 88
43444: -140 -337 -515 97
43445: -140 -337 -516 106
43447: -140 -337 -518 124
43448: -140 -337 -519 133
43449: -140 -337 -520 142
43451: -140 -337 -522 160
43452: -140 -338 -523 88
43459: -140 -338 -530 151
43461: -140 -339 -532 88
43462: -140 -339 -533 97
43463: -140 -339 -534 106
43465: -140 -339 -536 124
43467: -140 -339 -538 142
43477: -140 -340 -548 151
43479: -140 -341 -550 88
43481: -140 -341 -552 106
43482: -140 -341 -553 115
43483: -140 -341 -554 124
43484: -140 -341 -555 133
43486: -140 -341 -557 151
43488: -140 -342 -559 88
43490: -140 -342 -561 106
43491: -140 -342 -562 115
43492: -140 -342 -563 124
43493: -140 -342 -564 133
43499: -141 -415 -489 106
43500: -141 -415 -490 115
43501: -141 -415 -491 124
43503: -141 -415 -493 142
43504: -141 -415 -494 151
43505: -141 -415 -495 160
43520: -141 -417 -510 133
43521: -141 -417 -511 142
43529: -141 -418 -519 133
43530: -141 -418 -520 142
43531: -141 -418 -521 151
43532: -141 -418 -522 160
43533: -141 -419 -523 88
43535: -141 -419 -525 106
43536: -141 -419 -526 115
43538: -141 -419 -528 133
43539: -141 -419 -529 142
43540: -141 -419 -530 151
43541: -141 -419 -531 160
43542: -141 -420 -532 88
43548: -141 -420 -538 142
43549: -141 -420 -539 151
43560: -141 -422 -550 88
43565: -141 -422 -555 133
43574: -141 -423 -564 133
43580: -142 -496 -489 106
43588: -142 -497 -497 97
43596: -142 -498 -505 88
43612: -142 -499 -521 151
43641: -142 -503 -550 88
43661: -143 -577 -489 106
43662: -143 -577 -490 115
43663: -143 -577 -491 124
43666: -143 -577 -494 151
43667: -143 -577 -495 160
43668: -143 -578 -496 88
43684: -143 -579 -512 151
43686: -143 -580 -514 88
43688: -143 -580 -516 106
43690: -143 -580 -518 124
43692: -143 -580 -520 142
43693: -143 -580 -521 151
43713: -143 -583 -541 88
43721: -143 -583 -549 160
43741: -144 -658 -488 97
43742: -144 -658 -489 106
43743: -144 -658 -490 115
43744: -144 -658 -491 124
43746: -144 -658 -493 142
43747: -144 -658 -494 151
43748: -144 -658 -495 160
43749: -144 -659 -496 88
43758: -144 -660 -505 88
43760: -144 -660 -507 106
43762: -144 -660 -509 124
43764: -144 -660 -511 142
43766: -144 -660 -513 160
43767: -144 -661 -514 88
43768: -144 -661 -515 97
43773: -144 -661 -520 142
43775: -144 -661 -522 160
43776: -144 -662 -523 88
43778: -144 -662 -525 106
43784: -144 -662 -531 160
43785: -144 -663 -532 88
43787: -144 -663 -534 106
43794: -144 -664 -541 88
43796: -144 -664 -543 106
43797: -144 -664 -544 115
43798: -144 -664 -545 124
43800: -144 -664 -547 142
43801: -144 -664 -548 151
43803: -144 -665 -550 88
43804: -144 -665 -551 97
43805: -144 -665 -552 106
43812: -144 -666 -559 88
43816: -144 -666 -563 124
43817: -144 -666 -564 133
43820: -144 -666 -567 160
43848: -217 -22 -514 169
43849: -217 -22 -515 178
43850: -217 -22 -516 187
43851: -217 -22 -517 196
43852: -217 -22 -518 205
43853: -217 -22 -519 214
43854: -217 -22 -520 223
43855: -217 -22 -521 232
43856: -217 -22 -522 241
43911: -218 -101 -496 169
43912: -218 -101 -497 178
43913: -218 -101 -498 187
43914: -218 -101 -499 196
43916: -218 -101 -501 214
43917: -218 -101 -502 223
43918: -218 -101 -503 232
43919: -218 -101 -504 241
43933: -218 -103 -518 205
43935: -218 -103 -520 223
43937: -218 -103 -522 241
43938: -218 -104 -523 169
43939: -218 -104 -524 178
43940: -218 -104 -525 187
43941: -218 -104 -526 196
43942: -218 -104 -527 205
43943: -218 -104 -528 214
43944: -218 -104 -529 223
43945: -218 -104 -530 232
43946: -218 -104 -531 241
43947: -218 -105 -532 169
43948: -218 -105 -533 178
43949: -218 -105 -534 187
43950: -218 -105 -535 196
43951: -218 -105 -536 205
43952: -218 -105 -537 214
43953: -218 -105 -538 223
43954: -218 -105 -539 232
43955: -218 -105 -540 241
43956: -218 -106 -541 169
43957: -218 -106 -542 178
43959: -218 -106 -544 196
43960: -218 -106 -545 205
43962: -218 -106 -547 223
43963: -218 -106 -548 232
43964: -218 -106 -549 241
43965: -218 -107 -550 169
43966: -218 -107 -551 178
43967: -218 -107 -552 187
43968: -218 -107 -553 196
43969: -218 -107 -554 205
43970: -218 -107 -555 214
43971: -218 -107 -556 223
43972: -218 -107 -557 232
43973: -218 -107 -558 241
43974: -218 -108 -559 169
43975: -218 -108 -560 178
43976: -218 -108 -561 187
43977: -218 -108 -562 196
43978: -218 -108 -563 205
43979: -218 -108 -564 214
43980: -218 -108 -565 223
43981: -218 -108 -566 232
43982: -218 -108 -567 241
43984: -219 -181 -488 178
43985: -219 -181 -489 187
43987: -219 -181 -491 205
43989: -219 -181 -493 223
43990: -219 -181 -494 232
43991: -219 -181 -495 241
44010: -219 -184 -514 169
44012: -219 -184 -516 187
44015: -219 -184 -519 214
44017: -219 -184 -521 232
44018: -219 -184 -522 241
44022: -219 -185 -526 196
44024: -219 -185 -528 214
44030: -219 -186 -534 187
44031: -219 -186 -535 196
44033: -219 -186 -537 214
44047: -219 -188 -551 178
44048: -219 -188 -552 187
44052: -219 -188 -556 223
44054: -219 -188 -558 241
44055: -219 -189 -559 169
44056: -219 -189 -560 178
44057: -219 -189 -561 187
44059: -219 -189 -563 205
44062: -219 -189 -566 232
44073: -220 -263 -496 169
44074: -220 -263 -497 178
44075: -220 -263 -498 187
44076: -220 -263 -499 196
44077: -220 -263 -500 205
44078: -220 -263 -501 214
44079: -220 -263 -502 223
44080: -220 -263 -503 232
44081: -220 -263 -504 241
44100: -220 -266 -523 169
44101: -220 -266 -524 178
44102: -220 -266 -525 187
44103: -220 -266 -526 196
44104: -220 -266 -527 205
44105: -220 -266 -528 214
44106: -220 -266 -529 223
44107: -220 -266 -530 232
44108: -220 -266 -531 241
44109: -220 -267 -532 169
44110: -220 -267 -533 178
44111: -220 -267 -534 187
44112: -220 -267 -535 196
44113: -220 -267 -536 205
44114: -220 -267 -537 214
44115: -220 -267 -538 223
44116: -220 -267 -539 232
44117: -220 -267 -540 241
44118: -220 -268 -541 169
44119: -220 -268 -542 178
44121: -220 -268 -544 196
44122: -220 -268 -545 205
44124: -220 -268 -547 223
44125: -220 -268 -548 232
44126: -220 -268 -549 241
44127: -220 -269 -550 169
44128: -220 -269 -551 178
44129: -220 -269 -552 187
44130: -220 -269 -553 196
44131: -220 -269 -554 205
44132: -220 -269 -555 214
44133: -220 -269 -556 223
44134: -220 -269 -557 232
44135: -220 -269 -558 241
44136: -220 -270 -559 169
44137: -220 -270 -560 178
44138: -220 -270 -561 187
44139: -220 -270 -562 196
44140: -220 -270 -563 205
44141: -220 -270 -564 214
44142: -220 -270 -565 223
44143: -220 -270 -566 232
44144: -220 -270 -567 241
44146: -221 -343 -488 178
44147: -221 -343 -489 187
44149: -221 -343 -491 205
44152: -221 -343 -494 232
44153: -221 -343 -495 241
44155: -221 -344 -497 178
44159: -221 -344 -501 214
44161: -221 -344 -503 232
44167: -221 -345 -509 205
44168: -221 -345 -510 214
44170: -221 -345 -512 232
44172: -221 -346 -514 169
44173: -221 -346 -515 178
44174: -221 -346 -516 187
44177: -221 -346 -519 214
44178: -221 -346 -520 223
44183: -221 -347 -525 187
44187: -221 -347 -529 223
44188: -221 -347 -530 232
44189: -221 -347 -531 241
44190: -221 -348 -532 169
44191: -221 -348 -533 178
44193: -221 -348 -535 196
44194: -221 -348 -536 205
44195: -221 -348 -537 214
44212: -221 -350 -554 205
44214: -221 -350 -556 223
44220: -221 -351 -562 196
44222: -221 -351 -564 214
44229: -222 -424 -490 196
44230: -222 -424 -491 205
44232: -222 -424 -493 223
44233: -222 -424 -494 232
44234: -222 -424 -495 241
44245: -222 -426 -506 178
44247: -222 -426 -508 196
44250: -222 -426 -511 223
44251: -222 -426 -512 232
44252: -222 -426 -513 241
44254: -222 -427 -515 178
44257: -222 -427 -518 205
44263: -222 -428 -524 178
44266: -222 -428 -527 205
44268: -222 -428 -529 223
44269: -222 -428 -530 232
44308: -223 -505 -488 178
44310: -223 -505 -490 196
44311: -223 -505 -491 205
44314: -223 -505 -494 232
44315: -223 -505 -495 241
44320: -223 -506 -500 205
44327: -223 -507 -507 187
44337: -223 -508 -517 196
44342: -223 -508 -522 241
44345: -223 -509 -525 187
44353: -223 -510 -533 178
44354: -223 -510 -534 187
44370: -223 -512 -550 169
44389: -224 -586 -488 178
44390: -224 -586 -489 187
44392: -224 -586 -491 205
44394: -224 -586 -493 223
44404: -224 -587 -503 232
44405: -224 -587 -504 241
44408: -224 -588 -507 187
44414: -224 -588 -513 241
44422: -224 -589 -521 232
44424: -224 -590 -523 169
44431: -224 -590 -530 232
44448: -224 -592 -547 223
44460: -224 -594 -559 169
44465: -224 -594 -564 214
44468: -224 -594 -567 241
44470: -225 -667 -488 178
44471: -225 -667 -489 187
44472: -225 -667 -490 196
44473: -225 -667 -491 205
44475: -225 -667 -493 223
44476: -225 -667 -494 232
44477: -225 -667 -495 241
44478: -225 -668 -496 169
44480: -225 -668 -498 187
44483: -225 -668 -501 214
44485: -225 -668 -503 232
44486: -225 -668 -504 241
44488: -225 -669 -506 178
44489: -225 -669 -507 187
44490: -225 -669 -508 196
44492: -225 -669 -510 214
44493: -225 -669 -511 223
44494: -225 -669 -512 232
44495: -225 -669 -513 241
44500: -225 -670 -518 205
44501: -225 -670 -519 214
44503: -225 -670 -521 232
44504: -225 -670 -522 241
44505: -225 -671 -523 169
44506: -225 -671 -524 178
44509: -225 -671 -527 205
44511: -225 -671 -529 223
44512: -225 -671 -530 232
44513: -225 -671 -531 241
44515: -225 -672 -533 178
44518: -225 -672 -536 205
44519: -225 -672 -537 214
44527: -225 -673 -545 205
44532: -225 -674 -550 169
44534: -225 -674 -552 187
44536: -225 -674 -554 205
44537: -225 -674 -555 214
44538: -225 -674 -556 223
44539: -225 -674 -557 232
44542: -225 -675 -560 178
44551: -298 -28 -488 259
44552: -298 -28 -489 268
44553: -298 -28 -490 277
44554: -298 -28 -491 286
44556: -298 -28 -493 304
44557: -298 -28 -494 313
44558: -298 -28 -495 322
44632: -299 -109 -488 259
44633: -299 -109 -489 268
44634: -299 -109 -490 277
44635: -299 -109 -491 286
44637: -299 -109 -493 304
44638: -299 -109 -494 313
44639: -299 -109 -495 322
44641: -299 -110 -497 259
44647: -299 -110 -503 313
44668: -299 -113 -524 259
44669: -299 -113 -525 268
44671: -299 -113 -527 286
44672: -299 -113 -528 295
44673: -299 -113 -529 304
44676: -299 -114 -532 250
44684: -299 -114 -540 322
44685: -299 -115 -541 250
44686: -299 -115 -542 259
44687: -299 -115 -543 268
44688: -299 -115 -544 277
44691: -299 -115 -547 304
44692: -299 -115 -548 313
44693: -299 -115 -549 322
44694: -299 -116 -550 250
44695: -299 -116 -551 259
44703: -299 -117 -559 250
44704: -299 -117 -560 259
44708: -299 -117 -564 295
44709: -299 -117 -565 304
44710: -299 -117 -566 313
44803: -301 -272 -497 259
44805: -301 -272 -499 277
44824: -301 -274 -518 286
44829: -301 -275 -523 250
44830: -301 -275 -524 259
44832: -301 -275 -526 277
44834: -301 -275 -528 295
44835: -301 -275 -529 304
44836: -301 -275 -530 313
44838: -301 -276 -532 250
44839: -301 -276 -533 259
44841: -301 -276 -535 277
44843: -301 -276 -537 295
44857: -301 -278 -551 259
44859: -301 -278 -553 277
44867: -301 -279 -561 268
44870: -301 -279 -564 295
44875: -302 -352 -488 259
44876: -302 -352 -489 268
44877: -302 -352 -490 277
44878: -302 -352 -491 286
44880: -302 -352 -493 304
44881: -302 -352 -494 313
44882: -302 -352 -495 322
44883: -302 -353 -496 250
44884: -302 -353 -497 259
44885: -302 -353 -498 268
44886: -302 -353 -499 277
44887: -302 -353 -500 286
44888: -302 -353 -501 295
44889: -302 -353 -502 304
44893: -302 -354 -506 259
44894: -302 -354 -507 268
44895: -302 -354 -508 277
44896: -302 -354 -509 286
44897: -302 -354 -510 295
44898: -302 -354 -511 304
44899: -302 -354 -512 313
44900: -302 -354 -513 322
44910: -302 -356 -523 250
44911: -302 -356 -524 259
44912: -302 -356 -525 268
44914: -302 -356 -527 286
44915: -302 -356 -528 295
44916: -302 -356 -529 304
44917: -302 -356 -530 313
44918: -302 -356 -531 322
44919: -302 -357 -532 250
44920: -302 -357 -533 259
44922: -302 -357 -535 277
44923: -302 -357 -536 286
44924: -302 -357 -537 295
44925: -302 -357 -538 304
44939: -302 -359 -552 268
44940: -302 -359 -553 277
44941: -302 -359 -554 286
44942: -302 -359 -555 295
44946: -302 -360 -559 250
44947: -302 -360 -560 259
44948: -302 -360 -561 268
44949: -302 -360 -562 277
44950: -302 -360 -563 286
44951: -302 -360 -564 295
44952: -302 -360 -565 304
44953: -302 -360 -566 313
44957: -303 -433 -489 268
44961: -303 -433 -493 304
44963: -303 -433 -495 322
44964: -303 -434 -496 250
44966: -303 -434 -498 268
44967: -303 -434 -499 277
44969: -303 -434 -501 295
44970: -303 -434 -502 304
44971: -303 -434 -503 313
44972: -303 -434 -504 322
44973: -303 -435 -505 250
44974: -303 -435 -506 259
44976: -303 -435 -508 277
44977: -303 -435 -509 286
44978: -303 -435 -510 295
44979: -303 -435 -511 304
44980: -303 -435 -512 313
44981: -303 -435 -513 322
44987: -303 -436 -519 295
44989: -303 -436 -521 313
44990: -303 -436 -522 322
44991: -303 -437 -523 250
44992: -303 -437 -524 259
44997: -303 -437 -529 304
45023: -303 -440 -555 295
45028: -303 -441 -560 259
45030: -303 -441 -562 277
45031: -303 -441 -563 286
45032: -303 -441 -564 295
45035: -303 -441 -567 322
45037: -304 -514 -488 259
45038: -304 -514 -489 268
45040: -304 -514 -491 286
45043: -304 -514 -494 313
45045: -304 -515 -496 250
45050: -304 -515 -501 295
45053: -304 -515 -504 322
45054: -304 -516 -505 250
45066: -304 -517 -517 277
45075: -304 -518 -526 277
45077: -304 -518 -528 295
45079: -304 -518 -530 313
45081: -304 -519 -532 250
45084: -304 -519 -535 277
45085: -304 -519 -536 286
45088: -304 -519 -539 313
45089: -304 -519 -540 322
45099: -304 -521 -550 250
45101: -304 -521 -552 268
45108: -304 -522 -559 250
45113: -304 -522 -564 295
45126: -305 -596 -496 250
45132: -305 -596 -502 304
45133: -305 -596 -503 313
45142: -305 -597 -512 313
45151: -305 -598 -521 313
45168: -305 -600 -538 304
45171: -305 -601 -541 250
45173: -305 -601 -543 268
45189: -305 -603 -559 250
45199: -306 -676 -488 259
45200: -306 -676 -489 268
45201: -306 -676 -490 277
45202: -306 -676 -491 286
45204: -306 -676 -493 304
45206: -306 -676 -495 322
45207: -306 -677 -496 250
45209: -306 -677 -498 268
45210: -306 -677 -499 277
45211: -306 -677 -500 286
45214: -306 -677 -503 313
45215: -306 -677 -504 322
45216: -306 -678 -505 250
45217: -306 -678 -506 259
45219: -306 -678 -508 277
45221: -306 -678 -510 295
45222: -306 -678 -511 304
45223: -306 -678 -512 313
45232: -306 -679 -521 313
45233: -306 -679 -522 322
45234: -306 -680 -523 250
45235: -306 -680 -524 259
45236: -306 -680 -525 268
45238: -306 -680 -527 286
45239: -306 -680 -528 295
45241: -306 -680 -530 313
45242: -306 -680 -531 322
45243: -306 -681 -532 250
45244: -306 -681 -533 259
45245: -306 -681 -534 268
45248: -306 -681 -537 295
45249: -306 -681 -538 304
45251: -306 -681 -540 322
45261: -306 -683 -550 250
45262: -306 -683 -551 259
45263: -306 -683 -552 268
45265: -306 -683 -554 286
45266: -306 -683 -555 295
45267: -306 -683 -556 304
45268: -306 -683 -557 313
45269: -306 -683 -558 322
45270: -306 -684 -559 250
45271: -306 -684 -560 259
45274: -306 -684 -563 286
45276: -306 -684 -565 304
45277: -306 -684 -566 313
45278: -306 -684 -567 322
45324: -379 -42 -532 331
45325: -379 -42 -533 340
45326: -379 -42 -534 349
45327: -379 -42 -535 358
45328: -379 -42 -536 367
45329: -379 -42 -537 376
45330: -379 -42 -538 385
45331: -379 -42 -539 394
45332: -379 -42 -540 403
45361: -380 -118 -488 340
45362: -380 -118 -489 349
45363: -380 -118 -490 358
45364: -380 -118 -491 367
45366: -380 -118 -493 385
45367: -380 -118 -494 394
45368: -380 -118 -495 403
45375: -380 -119 -502 385
45376: -380 -119 -503 394
45387: -380 -121 -514 331
45388: -380 -121 -515 340
45389: -380 -121 -516 349
45391: -380 -121 -518 367
45392: -380 -121 -519 376
45393: -380 -121 -520 385
45394: -380 -121 -521 394
45396: -380 -122 -523 331
45416: -380 -124 -543 349
45420: -380 -124 -547 385
45428: -380 -125 -555 376
45429: -380 -125 -556 385
45432: -380 -126 -559 331
45437: -380 -126 -564 376
45438: -380 -126 -565 385
45439: -380 -126 -566 394
45442: -381 -199 -488 340
45443: -381 -199 -489 349
45444: -381 -199 -490 358
45445: -381 -199 -491 367
45447: -381 -199 -493 385
45448: -381 -199 -494 394
45450: -381 -200 -496 331
45452: -381 -200 -498 349
45453: -381 -200 -499 358
45455: -381 -200 -501 376
45456: -381 -200 -502 385
45458: -381 -200 -504 403
45459: -381 -201 -505 331
45460: -381 -201 -506 340
45468: -381 -202 -514 331
45470: -381 -202 -516 349
45473: -381 -202 -519 376
45474: -381 -202 -520 385
45476: -381 -202 -522 403
45477: -381 -203 -523 331
45480: -381 -203 -526 358
45497: -381 -205 -543 349
45506: -381 -206 -552 349
45523: -382 -280 -488 340
45524: -382 -280 -489 349
45525: -382 -280 -490 358
45528: -382 -280 -493 385
45529: -382 -280 -494 394
45530: -382 -280 -495 403
45534: -382 -281 -499 358
45537: -382 -281 -502 385
45539: -382 -281 -504 403
45550: -382 -283 -515 340
45560: -382 -284 -525 349
45561: -382 -284 -526 358
45580: -382 -286 -545 367
45585: -382 -287 -550 331
45594: -382 -288 -559 331
45598: -382 -288 -563 367
45600: -382 -288 -565 385
45605: -383 -361 -489 349
45607: -383 -361 -491 367
45614: -383 -362 -498 349
45624: -383 -363 -508 358
45625: -383 -363 -509 367
45634: -383 -364 -518 367
45648: -383 -366 -532 331
45671: -383 -368 -555 376
45718: -384 -445 -521 394
45725: -384 -446 -528 376
45726: -384 -446 -529 385
45742: -384 -448 -545 367
45761: -384 -450 -564 376
45766: -385 -523 -488 340
45768: -385 -523 -490 358
45769: -385 -523 -491 367
45774: -385 -524 -496 331
45791: -385 -525 -513 403
45797: -385 -526 -519 376
45799: -385 -526 -521 394
45800: -385 -526 -522 403
45805: -385 -527 -527 367
45828: -385 -530 -550 331
45850: -386 -604 -491 367
45853: -386 -604 -494 394
45871: -386 -606 -512 394
45875: -386 -607 -516 349
45877: -386 -607 -518 367
45914: -386 -611 -555 376
45918: -386 -612 -559 331
45930: -387 -685 -490 358
45931: -387 -685 -491 367
45933: -387 -685 -493 385
45938: -387 -686 -498 349
45942: -387 -686 -502 385
45943: -387 -686 -503 394
45948: -387 -687 -508 358
45949: -387 -687 -509 367
45950: -387 -687 -510 376
45953: -387 -687 -513 403
45954: -387 -688 -514 331
45955: -387 -688 -515 340
45956: -387 -688 -516 349
45957: -387 -688 -517 358
45960: -387 -688 -520 385
45962: -387 -688 -522 403
45983: -387 -691 -543 349
45984: -387 -691 -544 358
45990: -387 -692 -550 331
45991: -387 -692 -551 340
46062: -460 -52 -541 412
46063: -460 -52 -542 421
46064: -460 -52 -543 430
46065: -460 -52 -544 439
46066: -460 -52 -545 448
46068: -460 -52 -547 466
46069: -460 -52 -548 475
46070: -460 -52 -549 484
46090: -461 -127 -488 421
46091: -461 -127 -489 430
46092: -461 -127 -490 439
46093: -461 -127 -491 448
46096: -461 -127 -494 475
46097: -461 -127 -495 484
46116: -461 -130 -514 412
46120: -461 -130 -518 448
46122: -461 -130 -520 466
46123: -461 -130 -521 475
46125: -461 -131 -523 412
46126: -461 -131 -524 421
46130: -461 -131 -528 457
46131: -461 -131 -529 466
46132: -461 -131 -530 475
46161: -461 -135 -559 412
46166: -461 -135 -564 457
46171: -462 -208 -488 421
46172: -462 -208 -489 430
46173: -462 -208 -490 439
46174: -462 -208 -491 448
46177: -462 -208 -494 475
46178: -462 -208 -495 484
46179: -462 -209 -496 412
46181: -462 -209 -498 430
46182: -462 -209 -499 439
46183: -462 -209 -500 448
46184: -462 -209 -501 457
46185: -462 -209 -502 466
46186: -462 -209 -503 475
46187: -462 -209 -504 484
46190: -462 -210 -507 430
46191: -462 -210 -508 439
46195: -462 -210 -512 475
46201: -462 -211 -518 448
46202: -462 -211 -519 457
46203: -462 -211 -520 466
46204: -462 -211 -521 475
46205: -462 -211 -522 484
46210: -462 -212 -527 448
46212: -462 -212 -529 466
46233: -462 -215 -550 412
46252: -463 -289 -488 421
46253: -463 -289 -489 430
46254: -463 -289 -490 439
46255: -463 -289 -491 448
46258: -463 -289 -494 475
46259: -463 -289 -495 484
46267: -463 -290 -503 475
46280: -463 -292 -516 430
46283: -463 -292 -519 457
46284: -463 -292 -520 466
46285: -463 -292 -521 475
46286: -463 -292 -522 484
46319: -463 -296 -555 457
46328: -463 -297 -564 457
46338: -464 -370 -493 466
46343: -464 -371 -498 430
46348: -464 -371 -503 475
46359: -464 -373 -514 412
46361: -464 -373 -516 430
46363: -464 -373 -518 448
46365: -464 -373 -520 466
46366: -464 -373 -521 475
46367: -464 -373 -522 484
46368: -464 -374 -523 412
46376: -464 -374 -531 484
46377: -464 -375 -532 412
46390: -464 -376 -545 448
46404: -464 -378 -559 412
46407: -464 -378 -562 439
46438: -465 -453 -512 475
46445: -465 -454 -519 457
46447: -465 -454 -521 475
46495: -466 -532 -488 421
46496: -466 -532 -489 430
46497: -466 -532 -490 439
46502: -466 -532 -495 484
46576: -467 -613 -488 421
46577: -467 -613 -489 430
46578: -467 -613 -490 439
46603: -467 -616 -515 421
46606: -467 -616 -518 448
46631: -467 -619 -543 430
46638: -467 -620 -550 412
46658: -468 -694 -489 430
46659: -468 -694 -490 439
46660: -468 -694 -491 448
46663: -468 -694 -494 475
46664: -468 -694 -495 484
46669: -468 -695 -500 448
46671: -468 -695 -502 466
46688: -468 -697 -519 457
46698: -468 -698 -529 466
46712: -468 -700 -543 430
46802: -541 -62 -552 511
46803: -541 -62 -553 520
46804: -541 -62 -554 529
46805: -541 -62 -555 538
46806: -541 -62 -556 547
46807: -541 -62 -557 556
46808: -541 -62 -558 565
46820: -542 -136 -489 511
46822: -542 -136 -491 529
46826: -542 -136 -495 565
46847: -542 -139 -516 511
46849: -542 -139 -518 529
46852: -542 -139 -521 556
46853: -542 -139 -522 565
46859: -542 -140 -528 538
46862: -542 -140 -531 565
46871: -542 -141 -540 565
46884: -542 -143 -553 520
46894: -542 -144 -563 529
46895: -542 -144 -564 538
46896: -542 -144 -565 547
46898: -542 -144 -567 565
46905: -543 -217 -493 547
46907: -543 -217 -495 565
46912: -543 -218 -500 529
46926: -543 -220 -514 493
46927: -543 -220 -515 502
46930: -543 -220 -518 529
46931: -543 -220 -519 538
46932: -543 -220 -520 547
46934: -543 -220 -522 565
46936: -543 -221 -524 502
46938: -543 -221 -526 520
46941: -543 -221 -529 547
46942: -543 -221 -530 556
46943: -543 -221 -531 565
46950: -543 -222 -538 547
46963: -543 -224 -551 502
46966: -543 -224 -554 529
46968: -543 -224 -556 547
46974: -543 -225 -562 520
46975: -543 -225 -563 529
46976: -543 -225 -564 538
46978: -543 -225 -566 556
46987: -544 -298 -494 556
46988: -544 -298 -495 565
46989: -544 -299 -496 493
46991: -544 -299 -498 511
46993: -544 -299 -500 529
46994: -544 -299 -501 538
46995: -544 -299 -502 547
46996: -544 -299 -503 556
46997: -544 -299 -504 565
47017: -544 -302 -524 502
47022: -544 -302 -529 547
47023: -544 -302 -530 556
47029: -544 -303 -536 529
47031: -544 -303 -538 547
47037: -544 -304 -544 520
47043: -544 -305 -550 493
47062: -545 -379 -488 502
47064: -545 -379 -490 520
47067: -545 -379 -493 547
47070: -545 -380 -496 493
47082: -545 -381 -508 520
47086: -545 -381 -512 556
47087: -545 -381 -513 565
47094: -545 -382 -520 547
47095: -545 -382 -521 556
47106: -545 -384 -532 493
47125: -545 -386 -551 502
47126: -545 -386 -552 511
47127: -545 -386 -553 520
47130: -545 -386 -556 547
47131: -545 -386 -557 556
47132: -545 -386 -558 565
47140: -545 -387 -566 556
47308: -548 -622 -491 529
47339: -548 -625 -522 565
47342: -548 -626 -525 511
47346: -548 -626 -529 547
47365: -548 -628 -548 556
47376: -548 -630 -559 493
47377: -548 -630 -560 502
47380: -548 -630 -563 529
47384: -548 -630 -567 565
47387: -549 -703 -489 511
47388: -549 -703 -490 520
47392: -549 -703 -494 556
47394: -549 -704 -496 493
47401: -549 -704 -503 556
47405: -549 -705 -507 511
47410: -549 -705 -512 556
47416: -549 -706 -518 529
47418: -549 -706 -520 547
47422: -549 -707 -524 502
47426: -549 -707 -528 538
47436: -549 -708 -538 547
47448: -549 -710 -550 493
47452: -549 -710 -554 529
47454: -549 -710 -556 547
47538: -622 -72 -559 574
47539: -622 -72 -560 583
47540: -622 -72 -561 592
47541: -622 -72 -562 601
47542: -622 -72 -563 610
47543: -622 -72 -564 619
47544: -622 -72 -565 628
47545: -622 -72 -566 637
47546: -622 -72 -567 646
47548: -623 -145 -488 583
47550: -623 -145 -490 601
47551: -623 -145 -491 610
47554: -623 -145 -494 637
47555: -623 -145 -495 646
47558: -623 -146 -498 592
47559: -623 -146 -499 601
47562: -623 -146 -502 628
47574: -623 -148 -514 574
47575: -623 -148 -515 583
47576: -623 -148 -516 592
47577: -623 -148 -517 601
47578: -623 -148 -518 610
47579: -623 -148 -519 619
47580: -623 -148 -520 628
47581: -623 -148 -521 637
47582: -623 -148 -522 646
47583: -623 -149 -523 574
47584: -623 -149 -524 583
47589: -623 -149 -529 628
47590: -623 -149 -530 637
47592: -623 -150 -532 574
47593: -623 -150 -533 583
47594: -623 -150 -534 592
47595: -623 -150 -535 601
47596: -623 -150 -536 610
47597: -623 -150 -537 619
47598: -623 -150 -538 628
47599: -623 -150 -539 637
47600: -623 -150 -540 646
47601: -623 -151 -541 574
47602: -623 -151 -542 583
47604: -623 -151 -544 601
47605: -623 -151 -545 610
47607: -623 -151 -547 628
47609: -623 -151 -549 646
47611: -623 -152 -551 583
47613: -623 -152 -553 601
47619: -623 -153 -559 574
47620: -623 -153 -560 583
47621: -623 -153 -561 592
47629: -624 -226 -488 583
47630: -624 -226 -489 592
47631: -624 -226 -490 601
47632: -624 -226 -491 610
47634: -624 -226 -493 628
47635: -624 -226 -494 637
47636: -624 -226 -495 646
47637: -624 -227 -496 574
47639: -624 -227 -498 592
47640: -624 -227 -499 601
47641: -624 -227 -500 610
47643: -624 -227 -502 628
47645: -624 -227 -504 646
47647: -624 -228 -506 583
47648: -624 -228 -507 592
47653: -624 -228 -512 637
47654: -624 -228 -513 646
47655: -624 -229 -514 574
47657: -624 -229 -516 592
47659: -624 -229 -518 610
47660: -624 -229 -519 619
47661: -624 -229 -520 628
47662: -624 -229 -521 637
47663: -624 -229 -522 646
47664: -624 -230 -523 574
47669: -624 -230 -528 619
47675: -624 -231 -534 592
47676: -624 -231 -535 601
47679: -624 -231 -538 628
47682: -624 -232 -541 574
47684: -624 -232 -543 592
47688: -624 -232 -547 628
47703: -624 -234 -562 601
47710: -625 -307 -488 583
47711: -625 -307 -489 592
47712: -625 -307 -490 601
47715: -625 -307 -493 628
47717: -625 -307 -495 646
47720: -625 -308 -498 592
47721: -625 -308 -499 601
47725: -625 -308 -503 637
47738: -625 -310 -516 592
47743: -625 -310 -521 637
47745: -625 -311 -523 574
47750: -625 -311 -528 619
47751: -625 -311 -529 628
47754: -625 -312 -532 574
47758: -625 -312 -536 610
47766: -625 -313 -544 601
47775: -625 -314 -553 601
47791: -626 -388 -488 583
47792: -626 -388 -489 592
47793: -626 -388 -490 601
47797: -626 -388 -494 637
47804: -626 -389 -501 619
47806: -626 -389 -503 637
47824: -626 -391 -521 637
47825: -626 -391 -522 646
47862: -626 -396 -559 574
47866: -626 -396 -563 610
47872: -627 -469 -488 583
47874: -627 -469 -490 601
47875: -627 -469 -491 610
47877: -627 -469 -493 628
47879: -627 -469 -495 646
47882: -627 -470 -498 592
47897: -627 -471 -513 646
47903: -627 -472 -519 619
47905: -627 -472 -521 637
47907: -627 -473 -523 574
47908: -627 -473 -524 583
47909: -627 -473 -525 592
47910: -627 -473 -526 601
47911: -627 -473 -527 610
47912: -627 -473 -528 619
47913: -627 -473 -529 628
47939: -627 -476 -555 619
47948: -627 -477 -564 619
47950: -627 -477 -566 637
47953: -628 -550 -488 583
47954: -628 -550 -489 592
47955: -628 -550 -490 601
47956: -628 -550 -491 610
47959: -628 -550 -494 637
47960: -628 -550 -495 646
47961: -628 -551 -496 574
47966: -628 -551 -501 619
47968: -628 -551 -503 637
47969: -628 -551 -504 646
47970: -628 -552 -505 574
47975: -628 -552 -510 619
47977: -628 -552 -512 637
47978: -628 -552 -513 646
47979: -628 -553 -514 574
47980: -628 -553 -515 583
47981: -628 -553 -516 592
47984: -628 -553 -519 619
47986: -628 -553 -521 637
47988: -628 -554 -523 574
47989: -628 -554 -524 583
47990: -628 -554 -525 592
47991: -628 -554 -526 601
47993: -628 -554 -528 619
47995: -628 -554 -530 637
47997: -628 -555 -532 574
47998: -628 -555 -533 583
47999: -628 -555 -534 592
48000: -628 -555 -535 601
48004: -628 -555 -539 637
48022: -628 -557 -557 637
48024: -628 -558 -559 574
48026: -628 -558 -561 592
48027: -628 -558 -562 601
48028: -628 -558 -563 610
48029: -628 -558 -564 619
48032: -628 -558 -567 646
48034: -629 -631 -488 583
48035: -629 -631 -489 592
48036: -629 -631 -490 601
48037: -629 -631 -491 610
48040: -629 -631 -494 637
48047: -629 -632 -501 619
48049: -629 -632 -503 637
48052: -629 -633 -506 583
48055: -629 -633 -509 610
48058: -629 -633 -512 637
48059: -629 -633 -513 646
48061: -629 -634 -515 583
48067: -629 -634 -521 637
48072: -629 -635 -526 601
48082: -629 -636 -536 610
48105: -629 -639 -559 574
48115: -630 -712 -488 583
48116: -630 -712 -489 592
48117: -630 -712 -490 601
48118: -630 -712 -491 610
48120: -630 -712 -493 628
48121: -630 -712 -494 637
48131: -630 -713 -504 646
48136: -630 -714 -509 610
48139: -630 -714 -512 637
48140: -630 -714 -513 646
48146: -630 -715 -519 619
48148: -630 -715 -521 637
48149: -630 -715 -522 646
48158: -630 -716 -531 646
48167: -630 -717 -540 646
48177: -630 -719 -550 574
48178: -630 -719 -551 583
48179: -630 -719 -552 592
48181: -630 -719 -554 610
48183: -630 -719 -556 628
48185: -630 -719 -558 646
48231: -703 -77 -523 655
48232: -703 -77 -524 664
48233: -703 -77 -525 673
48234: -703 -77 -526 682
48235: -703 -77 -527 691
48236: -703 -77 -528 700
48237: -703 -77 -529 709
48238: -703 -77 -530 718
48239: -703 -77 -531 727
48277: -704 -154 -488 664
48278: -704 -154 -489 673
48279: -704 -154 -490 682
48280: -704 -154 -491 691
48282: -704 -154 -493 709
48283: -704 -154 -494 718
48284: -704 -154 -495 727
48288: -704 -155 -499 682
48303: -704 -157 -514 655
48304: -704 -157 -515 664
48306: -704 -157 -517 682
48307: -704 -157 -518 691
48311: -704 -157 -522 727
48315: -704 -158 -526 682
48317: -704 -158 -528 700
48318: -704 -158 -529 709
48319: -704 -158 -530 718
48321: -704 -159 -532 655
48327: -704 -159 -538 709
48328: -704 -159 -539 718
48330: -704 -160 -541 655
48331: -704 -160 -542 664
48332: -704 -160 -543 673
48336: -704 -160 -547 709
48338: -704 -160 -549 727
48339: -704 -161 -550 655
48340: -704 -161 -551 664
48341: -704 -161 -552 673
48344: -704 -161 -555 700
48348: -704 -162 -559 655
48359: -705 -235 -489 673
48360: -705 -235 -490 682
48361: -705 -235 -491 691
48363: -705 -235 -493 709
48365: -705 -235 -495 727
48366: -705 -236 -496 655
48369: -705 -236 -499 682
48370: -705 -236 -500 691
48371: -705 -236 -501 700
48372: -705 -236 -502 709
48373: -705 -236 -503 718
48376: -705 -237 -506 664
48380: -705 -237 -510 700
48384: -705 -238 -514 655
48388: -705 -238 -518 691
48389: -705 -238 -519 700
48390: -705 -238 -520 709
48391: -705 -238 -521 718
48398: -705 -239 -528 700
48408: -705 -240 -538 709
48439: -706 -316 -488 664
48440: -706 -316 -489 673
48441: -706 -316 -490 682
48444: -706 -316 -493 709
48445: -706 -316 -494 718
48453: -706 -317 -502 709
48469: -706 -319 -518 691
48473: -706 -319 -522 727
48480: -706 -320 -529 709
48482: -706 -320 -531 727
48484: -706 -321 -533 664
48501: -706 -323 -550 655
48502: -706 -323 -551 664
48503: -706 -323 -552 673
48507: -706 -323 -556 709
48509: -706 -323 -558 727
48521: -707 -397 -489 673
48522: -707 -397 -490 682
48525: -707 -397 -493 709
48545: -707 -399 -513 727
48554: -707 -400 -522 727
48555: -707 -401 -523 655
48564: -707 -402 -532 655
48584: -707 -404 -552 673
48590: -707 -404 -558 727
48602: -708 -478 -489 673
48603: -708 -478 -490 682
48606: -708 -478 -493 709
48609: -708 -479 -496 655
48615: -708 -479 -502 709
48634: -708 -481 -521 718
48636: -708 -482 -523 655
48638: -708 -482 -525 673
48642: -708 -482 -529 709
48697: -709 -560 -503 718
48703: -709 -561 -509 691
48713: -709 -562 -519 700
48726: -709 -564 -532 655
48744: -709 -566 -550 655
48761: -709 -567 -567 727
48765: -710 -640 -490 682
48768: -710 -640 -493 709
48771: -710 -641 -496 655
48773: -710 -641 -498 673
48786: -710 -642 -511 709
48787: -710 -642 -512 718
48791: -710 -643 -516 673
48793: -710 -643 -518 691
48794: -710 -643 -519 700
48795: -710 -643 -520 709
48796: -710 -643 -521 718
48797: -710 -643 -522 727
48804: -710 -644 -529 709
48807: -710 -645 -532 655
48808: -710 -645 -533 664
48819: -710 -646 -544 682
48820: -710 -646 -545 691
48823: -710 -646 -548 718
48825: -710 -647 -550 655
48827: -710 -647 -552 673
48828: -710 -647 -553 682
48830: -710 -647 -555 700
48836: -710 -648 -561 673
48842: -710 -648 -567 727
48846: -711 -721 -490 682
48851: -711 -721 -495 727
48854: -711 -722 -498 673
48857: -711 -722 -501 700
48858: -711 -722 -502 709
48860: -711 -722 -504 727
48869: -711 -723 -513 727
48876: -711 -724 -520 709
48877: -711 -724 -521 718
48878: -711 -724 -522 727
48879: -711 -725 -523 655
48893: -711 -726 -537 700
49581: -72 -650 -577 8
49583: -72 -650 -579 26
49584: -72 -650 -580 35
49585: -72 -650 -581 44
49586: -72 -650 -582 53
49588: -72 -650 -584 71
49589: -72 -650 -585 80
49590: -72 -651 -586 8
49591: -72 -651 -587 17
49592: -72 -651 -588 26
49593: -72 -651 -589 35
49594: -72 -651 -590 44
49595: -72 -651 -591 53
49597: -72 -651 -593 71
49598: -72 -651 -594 80
49599: -72 -652 -595 8
49600: -72 -652 -596 17
49601: -72 -652 -597 26
49602: -72 -652 -598 35
49603: -72 -652 -599 44
49604: -72 -652 -600 53
49606: -72 -652 -602 71
49607: -72 -652 -603 80
49608: -72 -653 -604 8
49609: -72 -653 -605 17
49610: -72 -653 -606 26
49611: -72 -653 -607 35
49612: -72 -653 -608 44
49613: -72 -653 -609 53
49615: -72 -653 -611 71
49616: -72 -653 -612 80
49617: -72 -654 -613 8
49618: -72 -654 -614 17
49619: -72 -654 -615 26
49620: -72 -654 -616 35
49621: -72 -654 -617 44
49622: -72 -654 -618 53
49624: -72 -654 -620 71
49625: -72 -654 -621 80
49626: -72 -655 -622 8
49627: -72 -655 -623 17
49628: -72 -655 -624 26
49629: -72 -655 -625 35
49630: -72 -655 -626 44
49631: -72 -655 -627 53
49633: -72 -655 -629 71
49634: -72 -655 -630 80
49644: -72 -657 -640 8
49645: -72 -657 -641 17
49646: -72 -657 -642 26
49647: -72 -657 -643 35
49648: -72 -657 -644 44
49649: -72 -657 -645 53
49651: -72 -657 -647 71
49652: -72 -657 -648 80
49671: -145 -12 -586 89
49672: -145 -12 -587 98
49673: -145 -12 -588 107
49674: -145 -12 -589 116
49675: -145 -12 -590 125
49676: -145 -12 -591 134
49677: -145 -12 -592 143
49678: -145 -12 -593 152
49679: -145 -12 -594 161
49761: -146 -94 -595 89
49762: -146 -94 -596 98
49765: -146 -94 -599 125
49767: -146 -94 -601 143
49769: -146 -94 -603 161
49779: -146 -96 -613 89
49782: -146 -96 -616 116
49790: -146 -97 -624 107
49792: -146 -97 -626 125
49793: -146 -97 -627 134
49794: -146 -97 -628 143
49807: -146 -99 -641 98
49812: -146 -99 -646 143
49814: -146 -99 -648 161
49914: -148 -255 -586 89
49915: -148 -255 -587 98
49916: -148 -255 -588 107
49917: -148 -255 -589 116
49918: -148 -255 -590 125
49919: -148 -255 -591 134
49920: -148 -255 -592 143
49921: -148 -255 -593 152
49922: -148 -255 -594 161
49979: -149 -334 -570 107
49980: -149 -334 -571 116
49981: -149 -334 -572 125
49982: -149 -334 -573 134
49984: -149 -334 -575 152
49985: -149 -334 -576 161
49988: -149 -335 -579 107
49993: -149 -335 -584 152
49995: -149 -336 -586 89
49997: -149 -336 -588 107
49999: -149 -336 -590 125
50000: -149 -336 -591 134
50001: -149 -336 -592 143
50002: -149 -336 -593 152
50008: -149 -337 -599 125
50009: -149 -337 -600 134
50011: -149 -337 -602 152
50022: -149 -339 -613 89
50023: -149 -339 -614 98
50024: -149 -339 -615 107
50028: -149 -339 -619 143
50031: -149 -340 -622 89
50037: -149 -340 -628 143
50051: -149 -342 -642 107
50053: -149 -342 -644 125
50059: -150 -415 -569 98
50060: -150 -415 -570 107
50061: -150 -415 -571 116
50062: -150 -415 -572 125
50063: -150 -415 -573 134
50065: -150 -415 -575 152
50066: -150 -415 -576 161
50071: -150 -416 -581 125
50076: -150 -417 -586 89
50079: -150 -417 -589 116
50080: -150 -417 -590 125
50081: -150 -417 -591 134
50082: -150 -417 -592 143
50083: -150 -417 -593 152
50085: -150 -418 -595 89
50086: -150 -418 -596 98
50090: -150 -418 -600 134
50091: -150 -418 -601 143
50092: -150 -418 -602 152
50093: -150 -418 -603 161
50094: -150 -419 -604 89
50095: -150 -419 -605 98
50096: -150 -419 -606 107
50099: -150 -419 -609 134
50100: -150 -419 -610 143
50103: -150 -420 -613 89
50105: -150 -420 -615 107
50109: -150 -420 -619 143
50110: -150 -420 -620 152
50111: -150 -420 -621 161
50112: -150 -421 -622 89
50113: -150 -421 -623 98
50114: -150 -421 -624 107
50117: -150 -421 -627 134
50118: -150 -421 -628 143
50119: -150 -421 -629 152
50120: -150 -421 -630 161
50121: -150 -422 -631 89
50128: -150 -422 -638 152
50130: -150 -423 -640 89
50132: -150 -423 -642 107
50135: -150 -423 -645 134
50136: -150 -423 -646 143
50137: -150 -423 -647 152
50141: -151 -496 -570 107
50142: -151 -496 -571 116
50143: -151 -496 -572 125
50144: -151 -496 -573 134
50146: -151 -496 -575 152
50147: -151 -496 -576 161
50148: -151 -497 -577 89
50149: -151 -497 -578 98
50150: -151 -497 -579 107
50151: -151 -497 -580 116
50152: -151 -497 -581 125
50153: -151 -497 -582 134
50154: -151 -497 -583 143
50155: -151 -497 -584 152
50157: -151 -498 -586 89
50160: -151 -498 -589 116
50162: -151 -498 -591 134
50163: -151 -498 -592 143
50164: -151 -498 -593 152
50170: -151 -499 -599 125
50172: -151 -499 -601 143
50173: -151 -499 -602 152
50174: -151 -499 -603 161
50175: -151 -500 -604 89
50176: -151 -500 -605 98
50179: -151 -500 -608 125
50181: -151 -500 -610 143
50186: -151 -501 -615 107
50187: -151 -501 -616 116
50190: -151 -501 -619 143
50191: -151 -501 -620 152
50192: -151 -501 -621 161
50193: -151 -502 -622 89
50199: -151 -502 -628 143
50200: -151 -502 -629 152
50201: -151 -502 -630 161
50211: -151 -504 -640 89
50212: -151 -504 -641 98
50213: -151 -504 -642 107
50214: -151 -504 -643 116
50215: -151 -504 -644 125
50216: -151 -504 -645 134
50217: -151 -504 -646 143
50218: -151 -504 -647 152
50223: -152 -577 -571 116
50230: -152 -578 -578 98
50238: -152 -579 -586 89
50252: -152 -580 -600 134
50256: -152 -581 -604 89
50262: -152 -581 -610 143
50276: -152 -583 -624 107
50277: -152 -583 -625 116
50292: -152 -585 -640 89
50303: -153 -658 -570 107
50304: -153 -658 -571 116
50305: -153 -658 -572 125
50306: -153 -658 -573 134
50308: -153 -658 -575 152
50310: -153 -659 -577 89
50312: -153 -659 -579 107
50315: -153 -659 -582 134
50323: -153 -660 -590 125
50327: -153 -660 -594 161
50328: -153 -661 -595 89
50330: -153 -661 -597 107
50337: -153 -662 -604 89
50346: -153 -663 -613 89
50364: -153 -665 -631 89
50367: -153 -665 -634 116
50368: -153 -665 -635 125
50369: -153 -665 -636 134
50371: -153 -665 -638 152
50409: -226 -22 -595 170
50410: -226 -22 -596 179
50411: -226 -22 -597 188
50412: -226 -22 -598 197
50413: -226 -22 -599 206
50414: -226 -22 -600 215
50415: -226 -22 -601 224
50416: -226 -22 -602 233
50417: -226 -22 -603 242
50472: -227 -101 -577 170
50474: -227 -101 -579 188
50475: -227 -101 -580 197
50477: -227 -101 -582 215
50478: -227 -101 -583 224
50479: -227 -101 -584 233
50480: -227 -101 -585 242
50494: -227 -103 -599 206
50495: -227 -103 -600 215
50497: -227 -103 -602 233
50498: -227 -103 -603 242
50499: -227 -104 -604 170
50500: -227 -104 -605 179
50501: -227 -104 -606 188
50502: -227 -104 -607 197
50503: -227 -104 -608 206
50504: -227 -104 -609 215
50505: -227 -104 -610 224
50506: -227 -104 -611 233
50507: -227 -104 -612 242
50508: -227 -105 -613 170
50509: -227 -105 -614 179
50510: -227 -105 -615 188
50511: -227 -105 -616 197
50512: -227 -105 -617 206
50513: -227 -105 -618 215
50514: -227 -105 -619 224
50515: -227 -105 -620 233
50516: -227 -105 -621 242
50517: -227 -106 -622 170
50518: -227 -106 -623 179
50519: -227 -106 -624 188
50520: -227 -106 -625 197
50521: -227 -106 -626 206
50522: -227 -106 -627 215
50523: -227 -106 -628 224
50524: -227 -106 -629 233
50525: -227 -106 -630 242
50526: -227 -107 -631 170
50527: -227 -107 -632 179
50529: -227 -107 -634 197
50530: -227 -107 -635 206
50531: -227 -107 -636 215
50533: -227 -107 -638 233
50534: -227 -107 -639 242
50535: -227 -108 -640 170
50536: -227 -108 -641 179
50537: -227 -108 -642 188
50538: -227 -108 -643 197
50539: -227 -108 -644 206
50540: -227 -108 -645 215
50541: -227 -108 -646 224
50542: -227 -108 -647 233
50543: -227 -108 -648 242
50545: -228 -181 -569 179
50546: -228 -181 -570 188
50548: -228 -181 -572 206
50549: -228 -181 -573 215
50551: -228 -181 -575 233
50552: -228 -181 -576 242
50571: -228 -184 -595 170
50573: -228 -184 -597 188
50575: -228 -184 -599 206
50577: -228 -184 -601 224
50578: -228 -184 -602 233
50579: -228 -184 -603 242
50582: -228 -185 -606 188
50583: -228 -185 -607 197
50584: -228 -185 -608 206
50595: -228 -186 -619 224
50604: -228 -187 -628 224
50605: -228 -187 -629 233
50606: -228 -187 -630 242
50618: -228 -189 -642 188
50634: -229 -263 -577 170
50635: -229 -263 -578 179
50636: -229 -263 -579 188
50637: -229 -263 -580 197
50638: -229 -263 -581 206
50639: -229 -263 -582 215
50640: -229 -263 -583 224
50641: -229 -263 -584 233
50642: -229 -263 -585 242
50661: -229 -266 -604 170
50662: -229 -266 -605 179
50663: -229 -266 -606 188
50664: -229 -266 -607 197
50665: -229 -266 -608 206
50666: -229 -266 -609 215
50667: -229 -266 -610 224
50668: -229 -266 -611 233
50669: -229 -266 -612 242
50670: -229 -267 -613 170
50671: -229 -267 -614 179
50672: -229 -267 -615 188
50673: -229 -267 -616 197
50674: -229 -267 -617 206
50675: -229 -267 -618 215
50676: -229 -267 -619 224
50677: -229 -267 -620 233
50678: -229 -267 -621 242
50679: -229 -268 -622 170
50680: -229 -268 -623 179
50681: -229 -268 -624 188
50682: -229 -268 -625 197
50683: -229 -268 -626 206
50684: -229 -268 -627 215
50685: -229 -268 -628 224
50686: -229 -268 -629 233
50687: -229 -268 -630 242
50688: -229 -269 -631 170
50689: -229 -269 -632 179
50691: -229 -269 -634 197
50692: -229 -269 -635 206
50695: -229 -269 -638 233
50696: -229 -269 -639 242
50697: -229 -270 -640 170
50698: -229 -270 -641 179
50699: -229 -270 -642 188
50700: -229 -270 -643 197
50701: -229 -270 -644 206
50702: -229 -270 -645 215
50703: -229 -270 -646 224
50704: -229 -270 -647 233
50705: -229 -270 -648 242
50707: -230 -343 -569 179
50708: -230 -343 -570 188
50709: -230 -343 -571 197
50710: -230 -343 -572 206
50711: -230 -343 -573 215
50713: -230 -343 -575 233
50714: -230 -343 -576 242
50719: -230 -344 -581 206
50723: -230 -344 -585 242
50729: -230 -345 -591 215
50730: -230 -345 -592 224
50734: -230 -346 -596 179
50736: -230 -346 -598 197
50738: -230 -346 -600 215
50739: -230 -346 -601 224
50740: -230 -346 -602 233
50741: -230 -346 -603 242
50754: -230 -348 -616 197
50765: -230 -349 -627 215
50778: -230 -351 -640 170
50779: -230 -351 -641 179
50780: -230 -351 -642 188
50781: -230 -351 -643 197
50782: -230 -351 -644 206
50783: -230 -351 -645 215
50784: -230 -351 -646 224
50785: -230 -351 -647 233
50786: -230 -351 -648 242
50788: -231 -424 -569 179
50789: -231 -424 -570 188
50790: -231 -424 -571 197
50792: -231 -424 -573 215
50794: -231 -424 -575 233
50795: -231 -424 -576 242
50802: -231 -425 -583 224
50813: -231 -426 -594 242
50819: -231 -427 -600 215
50821: -231 -427 -602 233
50823: -231 -428 -604 170
50824: -231 -428 -605 179
50825: -231 -428 -606 188
50827: -231 -428 -608 206
50829: -231 -428 -610 224
50830: -231 -428 -611 233
50834: -231 -429 -615 188
50838: -231 -429 -619 224
50841: -231 -430 -622 170
50847: -231 -430 -628 224
50850: -231 -431 -631 170
50854: -231 -431 -635 206
50858: -231 -431 -639 242
50865: -231 -432 -646 224
50869: -232 -505 -569 179
50871: -232 -505 -571 197
50872: -232 -505 -572 206
50873: -232 -505 -573 215
50875: -232 -505 -575 233
50876: -232 -505 -576 242
50877: -232 -506 -577 170
50879: -232 -506 -579 188
50883: -232 -506 -583 224
50885: -232 -506 -585 242
50899: -232 -508 -599 206
50901: -232 -508 -601 224
50908: -232 -509 -608 206
50914: -232 -510 -614 179
50919: -232 -510 -619 224
50920: -232 -510 -620 233
50921: -232 -510 -621 242
50929: -232 -511 -629 233
50969: -233 -588 -588 188
50980: -233 -589 -599 206
50984: -233 -589 -603 242
50991: -233 -590 -610 224
51004: -233 -592 -623 179
51005: -233 -592 -624 188
51006: -233 -592 -625 197
51011: -233 -592 -630 242
51021: -233 -594 -640 170
51031: -234 -667 -569 179
51032: -234 -667 -570 188
51033: -234 -667 -571 197
51034: -234 -667 -572 206
51035: -234 -667 -573 215
51037: -234 -667 -575 233
51038: -234 -667 -576 242
51047: -234 -668 -585 242
51060: -234 -670 -598 197
51061: -234 -670 -599 206
51062: -234 -670 -600 215
51065: -234 -670 -603 242
51066: -234 -671 -604 170
51067: -234 -671 -605 179
51068: -234 -671 -606 188
51069: -234 -671 -607 197
51070: -234 -671 -608 206
51071: -234 -671 -609 215
51073: -234 -671 -611 233
51074: -234 -671 -612 242
51082: -234 -672 -620 233
51092: -234 -673 -630 242
51094: -234 -674 -632 179
51112: -307 -28 -569 260
51113: -307 -28 -570 269
51114: -307 -28 -571 278
51115: -307 -28 -572 287
51116: -307 -28 -573 296
51118: -307 -28 -575 314
51119: -307 -28 -576 323
51193: -308 -109 -569 260
51194: -308 -109 -570 269
51195: -308 -109 -571 278
51196: -308 -109 -572 287
51197: -308 -109 -573 296
51199: -308 -109 -575 314
51200: -308 -109 -576 323
51208: -308 -110 -584 314
51228: -308 -113 -604 251
51229: -308 -113 -605 260
51230: -308 -113 -606 269
51238: -308 -114 -614 260
51243: -308 -114 -619 305
51244: -308 -114 -620 314
51246: -308 -115 -622 251
51248: -308 -115 -624 269
51251: -308 -115 -627 296
51253: -308 -115 -629 314
51255: -308 -116 -631 251
51256: -308 -116 -632 260
51257: -308 -116 -633 269
51258: -308 -116 -634 278
51259: -308 -116 -635 287
51260: -308 -116 -636 296
51262: -308 -116 -638 314
51263: -308 -116 -639 323
51270: -308 -117 -646 305
51363: -310 -272 -577 251
51364: -310 -272 -578 260
51365: -310 -272 -579 269
51366: -310 -272 -580 278
51370: -310 -272 -584 314
51371: -310 -272 -585 323
51390: -310 -275 -604 251
51393: -310 -275 -607 278
51395: -310 -275 -609 296
51396: -310 -275 -610 305
51397: -310 -275 -611 314
51399: -310 -276 -613 251
51402: -310 -276 -616 278
51405: -310 -276 -619 305
51406: -310 -276 -620 314
51408: -310 -277 -622 251
51409: -310 -277 -623 260
51410: -310 -277 -624 269
51411: -310 -277 -625 278
51412: -310 -277 -626 287
51414: -310 -277 -628 305
51429: -310 -279 -643 278
51432: -310 -279 -646 305
51438: -311 -352 -571 278
51442: -311 -352 -575 314
51444: -311 -353 -577 251
51446: -311 -353 -579 269
51448: -311 -353 -581 287
51451: -311 -353 -584 314
51459: -311 -354 -592 305
51460: -311 -354 -593 314
51461: -311 -354 -594 323
51480: -311 -357 -613 251
51481: -311 -357 -614 260
51485: -311 -357 -618 296
51486: -311 -357 -619 305
51489: -311 -358 -622 251
51490: -311 -358 -623 260
51491: -311 -358 -624 269
51493: -311 -358 -626 287
51495: -311 -358 -628 305
51496: -311 -358 -629 314
51500: -311 -359 -633 269
51507: -311 -360 -640 251
51508: -311 -360 -641 260
51509: -311 -360 -642 269
51510: -311 -360 -643 278
51511: -311 -360 -644 287
51512: -311 -360 -645 296
51513: -311 -360 -646 305
51514: -311 -360 -647 314
51517: -312 -433 -569 260
51518: -312 -433 -570 269
51519: -312 -433 -571 278
51521: -312 -433 -573 296
51523: -312 -433 -575 314
51524: -312 -433 -576 323
51525: -312 -434 -577 251
51526: -312 -434 -578 260
51530: -312 -434 -582 296
51535: -312 -435 -587 260
51536: -312 -435 -588 269
51538: -312 -435 -590 287
51539: -312 -435 -591 296
51540: -312 -435 -592 305
51541: -312 -435 -593 314
51545: -312 -436 -597 269
51547: -312 -436 -599 287
51549: -312 -436 -601 305
51551: -312 -436 -603 323
51552: -312 -437 -604 251
51553: -312 -437 -605 260
51554: -312 -437 -606 269
51555: -312 -437 -607 278
51557: -312 -437 -609 296
51558: -312 -437 -610 305
51559: -312 -437 -611 314
51570: -312 -439 -622 251
51571: -312 -439 -623 260
51572: -312 -439 -624 269
51573: -312 -439 -625 278
51575: -312 -439 -627 296
51576: -312 -439 -628 305
51577: -312 -439 -629 314
51586: -312 -440 -638 314
51589: -312 -441 -641 260
51598: -313 -514 -569 260
51599: -313 -514 -570 269
51601: -313 -514 -572 287
51602: -313 -514 -573 296
51606: -313 -515 -577 251
51608: -313 -515 -579 269
51610: -313 -515 -581 287
51612: -313 -515 -583 305
51613: -313 -515 -584 314
51614: -313 -515 -585 323
51616: -313 -516 -587 260
51617: -313 -516 -588 269
51618: -313 -516 -589 278
51619: -313 -516 -590 287
51621: -313 -516 -592 305
51623: -313 -516 -594 323
51626: -313 -517 -597 269
51628: -313 -517 -599 287
51629: -313 -517 -600 296
51631: -313 -517 -602 314
51633: -313 -518 -604 251
51634: -313 -518 -605 260
51636: -313 -518 -607 278
51637: -313 -518 -608 287
51638: -313 -518 -609 296
51639: -313 -518 -610 305
51640: -313 -518 -611 314
51642: -313 -519 -613 251
51643: -313 -519 -614 260
51644: -313 -519 -615 269
51646: -313 -519 -617 287
51648: -313 -519 -619 305
51649: -313 -519 -620 314
51652: -313 -520 -623 260
51658: -313 -520 -629 314
51662: -313 -521 -633 269
51663: -313 -521 -634 278
51664: -313 -521 -635 287
51665: -313 -521 -636 296
51667: -313 -521 -638 314
51669: -313 -522 -640 251
51670: -313 -522 -641 260
51671: -313 -522 -642 269
51672: -313 -522 -643 278
51673: -313 -522 -644 287
51675: -313 -522 -646 305
51676: -313 -522 -647 314
51677: -313 -522 -648 323
51680: -314 -595 -570 269
51689: -314 -596 -579 269
51708: -314 -598 -598 278
51714: -314 -599 -604 251
51720: -314 -599 -610 305
51736: -314 -601 -626 287
51750: -314 -603 -640 251
51761: -315 -676 -570 269
51762: -315 -676 -571 278
51766: -315 -676 -575 314
51775: -315 -677 -584 314
51781: -315 -678 -590 287
51784: -315 -678 -593 314
51785: -315 -678 -594 323
51791: -315 -679 -600 296
51794: -315 -679 -603 323
51795: -315 -680 -604 251
51808: -315 -681 -617 287
51821: -315 -682 -630 323
51822: -315 -683 -631 251
51824: -315 -683 -633 269
51825: -315 -683 -634 278
51826: -315 -683 -635 287
51827: -315 -683 -636 296
51829: -315 -683 -638 314
51837: -315 -684 -646 305
51885: -388 -42 -613 332
51886: -388 -42 -614 341
51887: -388 -42 -615 350
51888: -388 -42 -616 359
51889: -388 -42 -617 368
51890: -388 -42 -618 377
51891: -388 -42 -619 386
51892: -388 -42 -620 395
51893: -388 -42 -621 404
51922: -389 -118 -569 341
51923: -389 -118 -570 350
51924: -389 -118 -571 359
51925: -389 -118 -572 368
51928: -389 -118 -575 395
51929: -389 -118 -576 404
51932: -389 -119 -579 350
51937: -389 -119 -584 395
51952: -389 -121 -599 368
51954: -389 -121 -601 386
51955: -389 -121 -602 395
51966: -389 -123 -613 332
51975: -389 -124 -622 332
51977: -389 -124 -624 350
51984: -389 -125 -631 332
51985: -389 -125 -632 341
51989: -389 -125 -636 377
51991: -389 -125 -638 395
51993: -389 -126 -640 332
52000: -389 -126 -647 395
52003: -390 -199 -569 341
52004: -390 -199 -570 350
52005: -390 -199 -571 359
52006: -390 -199 -572 368
52007: -390 -199 -573 377
52009: -390 -199 -575 395
52010: -390 -199 -576 404
52013: -390 -200 -579 350
52015: -390 -200 -581 368
52016: -390 -200 -582 377
52017: -390 -200 -583 386
52019: -390 -200 -585 404
52021: -390 -201 -587 341
52029: -390 -202 -595 332
52031: -390 -202 -597 350
52034: -390 -202 -600 377
52036: -390 -202 -602 395
52037: -390 -202 -603 404
52041: -390 -203 -607 359
52044: -390 -203 -610 386
52053: -390 -204 -619 386
52062: -390 -205 -628 386
52063: -390 -205 -629 395
52081: -390 -207 -647 395
52084: -391 -280 -569 341
52085: -391 -280 -570 350
52086: -391 -280 -571 359
52090: -391 -280 -575 395
52091: -391 -280 -576 404
52099: -391 -281 -584 395
52121: -391 -284 -606 350
52122: -391 -284 -607 359
52131: -391 -285 -616 359
52143: -391 -286 -628 386
52155: -391 -288 -640 332
52157: -391 -288 -642 350
52168: -392 -361 -572 368
52182: -392 -363 -586 332
52184: -392 -363 -588 350
52185: -392 -363 -589 359
52186: -392 -363 -590 368
52187: -392 -363 -591 377
52188: -392 -363 -592 386
52189: -392 -363 -593 395
52190: -392 -363 -594 404
52195: -392 -364 -599 368
52199: -392 -364 -603 404
52209: -392 -366 -613 332
52247: -393 -442 -570 350
52248: -393 -442 -571 359
52252: -393 -442 -575 395
52261: -393 -443 -584 395
52277: -393 -445 -600 377
52287: -393 -446 -610 386
52290: -393 -447 -613 332
52296: -393 -447 -619 386
52299: -393 -448 -622 332
52334: -394 -523 -576 404
52372: -394 -528 -614 341
52378: -394 -528 -620 395
52380: -394 -529 -622 332
52447: -395 -608 -608 368
52462: -395 -610 -623 341
52479: -395 -612 -640 332
52491: -396 -685 -571 359
52495: -396 -685 -575 395
52499: -396 -686 -579 350
52519: -396 -688 -599 368
52520: -396 -688 -600 377
52523: -396 -688 -603 404
52540: -396 -690 -620 395
52545: -396 -691 -625 359
52551: -396 -692 -631 332
52553: -396 -692 -633 350
52558: -396 -692 -638 395
52559: -396 -692 -639 404
52623: -469 -52 -622 413
52624: -469 -52 -623 422
52625: -469 -52 -624 431
52626: -469 -52 -625 440
52627: -469 -52 -626 449
52628: -469 -52 -627 458
52629: -469 -52 -628 467
52630: -469 -52 -629 476
52631: -469 -52 -630 485
52651: -470 -127 -569 422
52652: -470 -127 -570 431
52653: -470 -127 -571 440
52654: -470 -127 -572 449
52655: -470 -127 -573 458
52658: -470 -127 -576 485
52661: -470 -128 -579 431
52667: -470 -128 -585 485
52677: -470 -130 -595 413
52679: -470 -130 -597 431
52680: -470 -130 -598 440
52681: -470 -130 -599 449
52682: -470 -130 -600 458
52683: -470 -130 -601 467
52684: -470 -130 -602 476
52686: -470 -131 -604 413
52687: -470 -131 -605 422
52688: -470 -131 -606 431
52690: -470 -131 -608 449
52691: -470 -131 -609 458
52694: -470 -131 -612 485
52701: -470 -132 -619 467
52713: -470 -134 -631 413
52727: -470 -135 -645 458
52732: -471 -208 -569 422
52733: -471 -208 -570 431
52734: -471 -208 -571 440
52735: -471 -208 -572 449
52736: -471 -208 -573 458
52738: -471 -208 -575 476
52739: -471 -208 -576 485
52743: -471 -209 -580 440
52744: -471 -209 -581 449
52746: -471 -209 -583 467
52747: -471 -209 -584 476
52748: -471 -209 -585 485
52750: -471 -210 -587 422
52762: -471 -211 -599 449
52764: -471 -211 -601 467
52766: -471 -211 -603 485
52768: -471 -212 -605 422
52772: -471 -212 -609 458
52785: -471 -214 -622 413
52791: -471 -214 -628 467
52792: -471 -214 -629 476
52796: -471 -215 -633 431
52799: -471 -215 -636 458
52805: -471 -216 -642 431
52810: -471 -216 -647 476
52814: -472 -289 -570 431
52815: -472 -289 -571 440
52819: -472 -289 -575 476
52828: -472 -290 -584 476
52829: -472 -290 -585 485
52841: -472 -292 -597 431
52844: -472 -292 -600 458
52846: -472 -292 -602 476
52851: -472 -293 -607 440
52853: -472 -293 -609 458
52858: -472 -294 -614 422
52867: -472 -295 -623 422
52872: -472 -295 -628 467
52880: -472 -296 -636 458
52884: -472 -297 -640 413
52896: -473 -370 -571 440
52897: -473 -370 -572 449
52898: -473 -370 -573 458
52900: -473 -370 -575 476
52904: -473 -371 -579 431
52905: -473 -371 -580 440
52915: -473 -372 -590 449
52924: -473 -373 -599 449
52925: -473 -373 -600 458
52927: -473 -373 -602 476
52929: -473 -374 -604 413
52935: -473 -374 -610 467
52954: -473 -376 -629 476
52958: -473 -377 -633 431
52965: -473 -378 -640 413
52971: -473 -378 -646 467
52979: -474 -451 -573 458
52985: -474 -452 -579 431
52997: -474 -453 -591 458
53003: -474 -454 -597 431
53004: -474 -454 -598 440
53034: -474 -457 -628 467
53064: -475 -533 -577 413
53067: -475 -533 -580 440
53069: -475 -533 -582 458
53070: -475 -533 -583 467
53087: -475 -535 -600 458
53103: -475 -537 -616 440
53106: -475 -537 -619 467
53127: -475 -540 -640 413
53138: -476 -613 -570 431
53139: -476 -613 -571 440
53147: -476 -614 -579 431
53158: -476 -615 -590 449
53174: -476 -617 -606 431
53186: -476 -618 -618 458
53208: -476 -621 -640 413
53221: -477 -694 -572 449
53225: -477 -694 -576 485
53234: -477 -695 -585 485
53245: -477 -697 -596 422
53251: -477 -697 -602 476
53252: -477 -697 -603 485
53282: -477 -701 -633 431
53361: -550 -62 -631 494
53362: -550 -62 -632 503
53363: -550 -62 -633 512
53364: -550 -62 -634 521
53365: -550 -62 -635 530
53366: -550 -62 -636 539
53367: -550 -62 -637 548
53368: -550 -62 -638 557
53369: -550 -62 -639 566
53380: -551 -136 -569 503
53381: -551 -136 -570 512
53382: -551 -136 -571 521
53383: -551 -136 -572 530
53384: -551 -136 -573 539
53387: -551 -136 -576 566
53413: -551 -139 -602 557
53416: -551 -140 -605 503
53424: -551 -141 -613 494
53451: -551 -144 -640 494
53457: -551 -144 -646 548
53458: -551 -144 -647 557
53459: -551 -144 -648 566
53461: -552 -217 -569 503
53462: -552 -217 -570 512
53463: -552 -217 -571 521
53464: -552 -217 -572 530
53465: -552 -217 -573 539
53468: -552 -217 -576 566
53474: -552 -218 -582 539
53476: -552 -218 -584 557
53477: -552 -218 -585 566
53480: -552 -219 -588 512
53484: -552 -219 -592 548
53487: -552 -220 -595 494
53489: -552 -220 -597 512
53491: -552 -220 -599 530
53492: -552 -220 -600 539
53493: -552 -220 -601 548
53494: -552 -220 -602 557
53495: -552 -220 -603 566
53496: -552 -221 -604 494
53497: -552 -221 -605 503
53499: -552 -221 -607 521
53501: -552 -221 -609 539
53505: -552 -222 -613 494
53507: -552 -222 -615 512
53511: -552 -222 -619 548
53518: -552 -223 -626 530
53526: -552 -224 -634 521
53534: -552 -225 -642 512
53536: -552 -225 -644 530
53538: -552 -225 -646 548
53539: -552 -225 -647 557
53540: -552 -225 -648 566
53542: -553 -298 -569 503
53543: -553 -298 -570 512
53544: -553 -298 -571 521
53545: -553 -298 -572 530
53546: -553 -298 -573 539
53549: -553 -298 -576 566
53550: -553 -299 -577 494
53554: -553 -299 -581 530
53557: -553 -299 -584 557
53558: -553 -299 -585 566
53570: -553 -301 -597 512
53575: -553 -301 -602 557
53577: -553 -302 -604 494
53579: -553 -302 -606 512
53580: -553 -302 -607 521
53584: -553 -302 -611 557
53589: -553 -303 -616 521
53592: -553 -303 -619 548
53619: -553 -306 -646 548
53624: -554 -379 -570 512
53625: -554 -379 -571 521
53626: -554 -379 -572 530
53638: -554 -380 -584 557
53639: -554 -380 -585 566
53696: -554 -387 -642 512
53700: -554 -387 -646 548
53710: -555 -460 -575 557
53711: -555 -460 -576 566
53714: -555 -461 -579 512
53715: -555 -461 -580 521
53716: -555 -461 -581 530
53724: -555 -462 -589 521
53726: -555 -462 -591 539
53731: -555 -463 -596 503
53735: -555 -463 -600 539
53738: -555 -463 -603 566
53745: -555 -464 -610 548
53778: -555 -468 -643 521
53802: -556 -543 -586 494
53805: -556 -543 -589 521
53806: -556 -543 -590 530
53807: -556 -543 -591 539
53808: -556 -543 -592 548
53809: -556 -543 -593 557
53810: -556 -543 -594 566
53813: -556 -544 -597 512
53815: -556 -544 -599 530
53817: -556 -544 -601 548
53826: -556 -545 -610 548
53860: -556 -549 -644 530
53867: -557 -622 -570 512
53874: -557 -623 -577 494
53889: -557 -624 -592 548
53948: -558 -703 -570 512
53949: -558 -703 -571 521
53950: -558 -703 -572 530
53978: -558 -706 -600 539
53981: -558 -706 -603 566
54099: -631 -72 -640 575
54101: -631 -72 -642 593
54102: -631 -72 -643 602
54104: -631 -72 -645 620
54105: -631 -72 -646 629
54106: -631 -72 -647 638
54107: -631 -72 -648 647
54110: -632 -145 -570 593
54112: -632 -145 -572 611
54113: -632 -145 -573 620
54115: -632 -145 -575 638
54116: -632 -145 -576 647
54139: -632 -148 -599 611
54140: -632 -148 -600 620
54141: -632 -148 -601 629
54142: -632 -148 -602 638
54143: -632 -148 -603 647
54147: -632 -149 -607 602
54153: -632 -150 -613 575
54155: -632 -150 -615 593
54156: -632 -150 -616 602
54158: -632 -150 -618 620
54159: -632 -150 -619 629
54160: -632 -150 -620 638
54161: -632 -150 -621 647
54162: -632 -151 -622 575
54164: -632 -151 -624 593
54165: -632 -151 -625 602
54166: -632 -151 -626 611
54167: -632 -151 -627 620
54168: -632 -151 -628 629
54169: -632 -151 -629 638
54170: -632 -151 -630 647
54183: -632 -153 -643 602
54192: -633 -226 -571 602
54193: -633 -226 -572 611
54194: -633 -226 -573 620
54196: -633 -226 -575 638
54197: -633 -226 -576 647
54198: -633 -227 -577 575
54201: -633 -227 -580 602
54202: -633 -227 -581 611
54203: -633 -227 -582 620
54204: -633 -227 -583 629
54216: -633 -229 -595 575
54217: -633 -229 -596 584
54220: -633 -229 -599 611
54221: -633 -229 -600 620
54222: -633 -229 -601 629
54223: -633 -229 -602 638
54224: -633 -229 -603 647
54225: -633 -230 -604 575
54232: -633 -230 -611 638
54233: -633 -230 -612 647
54234: -633 -231 -613 575
54237: -633 -231 -616 602
54239: -633 -231 -618 620
54241: -633 -231 -620 638
54249: -633 -232 -628 629
54261: -633 -234 -640 575
54262: -633 -234 -641 584
54264: -633 -234 -643 602
54269: -633 -234 -648 647
54274: -634 -307 -572 611
54275: -634 -307 -573 620
54278: -634 -307 -576 647
54279: -634 -308 -577 575
54283: -634 -308 -581 611
54284: -634 -308 -582 620
54285: -634 -308 -583 629
54286: -634 -308 -584 638
54287: -634 -308 -585 647
54306: -634 -311 -604 575
54308: -634 -311 -606 593
54316: -634 -312 -614 584
54321: -634 -312 -619 629
54342: -634 -315 -640 575
54343: -634 -315 -641 584
54347: -634 -315 -645 620
54348: -634 -315 -646 629
54349: -634 -315 -647 638
54350: -634 -315 -648 647
54353: -635 -388 -570 593
54354: -635 -388 -571 602
54356: -635 -388 -573 620
54367: -635 -389 -584 638
54370: -635 -390 -587 584
54379: -635 -391 -596 584
54385: -635 -391 -602 638
54386: -635 -391 -603 647
54398: -635 -393 -615 593
54411: -635 -394 -628 629
54412: -635 -394 -629 638
54436: -636 -469 -572 611
54439: -636 -469 -575 638
54440: -636 -469 -576 647
54448: -636 -470 -584 638
54450: -636 -471 -586 575
54453: -636 -471 -589 602
54454: -636 -471 -590 611
54457: -636 -471 -593 638
54461: -636 -472 -597 593
54466: -636 -472 -602 638
54470: -636 -473 -606 593
54472: -636 -473 -608 611
54474: -636 -473 -610 629
54475: -636 -473 -611 638
54486: -636 -475 -622 575
54487: -636 -475 -623 584
54505: -636 -477 -641 584
54612: -638 -633 -586 575
54613: -638 -633 -587 584
54620: -638 -633 -594 647
54657: -638 -638 -631 575
54677: -639 -712 -570 593
54679: -639 -712 -572 611
54682: -639 -712 -575 638
54691: -639 -713 -584 638
54704: -639 -715 -597 593
54709: -639 -715 -602 638
54715: -639 -716 -608 611
54792: -712 -77 -604 656
54793: -712 -77 -605 665
54794: -712 -77 -606 674
54795: -712 -77 -607 683
54796: -712 -77 -608 692
54797: -712 -77 -609 701
54798: -712 -77 -610 710
54799: -712 -77 -611 719
54800: -712 -77 -612 728
54838: -713 -154 -569 665
54839: -713 -154 -570 674
54840: -713 -154 -571 683
54841: -713 -154 -572 692
54842: -713 -154 -573 701
54844: -713 -154 -575 719
54845: -713 -154 -576 728
54848: -713 -155 -579 674
54849: -713 -155 -580 683
54853: -713 -155 -584 719
54865: -713 -157 -596 665
54866: -713 -157 -597 674
54867: -713 -157 -598 683
54868: -713 -157 -599 692
54869: -713 -157 -600 701
54870: -713 -157 -601 710
54872: -713 -157 -603 728
54882: -713 -159 -613 656
54883: -713 -159 -614 665
54884: -713 -159 -615 674
54885: -713 -159 -616 683
54887: -713 -159 -618 701
54888: -713 -159 -619 710
54889: -713 -159 -620 719
54890: -713 -159 -621 728
54891: -713 -160 -622 656
54892: -713 -160 -623 665
54894: -713 -160 -625 683
54898: -713 -160 -629 719
54899: -713 -160 -630 728
54901: -713 -161 -632 665
54910: -713 -162 -641 665
54911: -713 -162 -642 674
54915: -713 -162 -646 710
54919: -714 -235 -569 665
54920: -714 -235 -570 674
54921: -714 -235 -571 683
54922: -714 -235 -572 692
54923: -714 -235 -573 701
54925: -714 -235 -575 719
54926: -714 -235 -576 728
54927: -714 -236 -577 656
54930: -714 -236 -580 683
54931: -714 -236 -581 692
54933: -714 -236 -583 710
54934: -714 -236 -584 719
54935: -714 -236 -585 728
54937: -714 -237 -587 665
54944: -714 -237 -594 728
54949: -714 -238 -599 692
54950: -714 -238 -600 701
54951: -714 -238 -601 710
54953: -714 -238 -603 728
54954: -714 -239 -604 656
54955: -714 -239 -605 665
54957: -714 -239 -607 683
54966: -714 -240 -616 683
54969: -714 -240 -619 710
54974: -714 -241 -624 674
54989: -714 -242 -639 728
54992: -714 -243 -642 674
54993: -714 -243 -643 683
55000: -715 -316 -569 665
55001: -715 -316 -570 674
55002: -715 -316 -571 683
55003: -715 -316 -572 692
55004: -715 -316 -573 701
55006: -715 -316 -575 719
55011: -715 -317 -580 683
55014: -715 -317 -583 710
55015: -715 -317 -584 719
55016: -715 -317 -585 728
55027: -715 -319 -596 665
55028: -715 -319 -597 674
55030: -715 -319 -599 692
55031: -715 -319 -600 701
55034: -715 -319 -603 728
55038: -715 -320 -607 683
55045: -715 -321 -614 665
55055: -715 -322 -624 674
55056: -715 -322 -625 683
55059: -715 -322 -628 710
55077: -715 -324 -646 710
55082: -716 -397 -570 674
55083: -716 -397 -571 683
55088: -716 -397 -576 728
55093: -716 -398 -581 692
55102: -716 -399 -590 692
55106: -716 -399 -594 728
55107: -716 -400 -595 656
55108: -716 -400 -596 665
55111: -716 -400 -599 692
55113: -716 -400 -601 710
55115: -716 -400 -603 728
55125: -716 -402 -613 656
55129: -716 -402 -617 692
55138: -716 -403 -626 692
55151: -716 -404 -639 728
55156: -716 -405 -644 692
55157: -716 -405 -645 701
55164: -717 -478 -571 683
55168: -717 -478 -575 719
55172: -717 -479 -579 674
55173: -717 -479 -580 683
55177: -717 -479 -584 719
55180: -717 -480 -587 665
55183: -717 -480 -590 692
55186: -717 -480 -593 719
55187: -717 -480 -594 728
55193: -717 -481 -600 701
55196: -717 -481 -603 728
55197: -717 -482 -604 656
55204: -717 -482 -611 719
55215: -717 -484 -622 656
55244: -718 -559 -570 674
55245: -718 -559 -571 683
55246: -718 -559 -572 692
55247: -718 -559 -573 701
55249: -718 -559 -575 719
55257: -718 -560 -583 710
55274: -718 -562 -600 701
55277: -718 -562 -603 728
55287: -718 -564 -613 656
55288: -718 -564 -614 665
55289: -718 -564 -615 674
55293: -718 -564 -619 710
55294: -718 -564 -620 719
55320: -718 -567 -646 710
55325: -719 -640 -570 674
55332: -719 -641 -577 656
55334: -719 -641 -579 674
55338: -719 -641 -583 710
55340: -719 -641 -585 728
55341: -719 -642 -586 656
55344: -719 -642 -589 683
55346: -719 -642 -591 701
55347: -719 -642 -592 710
55349: -719 -642 -594 728
55351: -719 -643 -596 665
55352: -719 -643 -597 674
55356: -719 -643 -601 710
55358: -719 -643 -603 728
55359: -719 -644 -604 656
55365: -719 -644 -610 710
55368: -719 -645 -613 656
55370: -719 -645 -615 674
55371: -719 -645 -616 683
55372: -719 -645 -617 692
55374: -719 -645 -619 710
55376: -719 -645 -621 728
55377: -719 -646 -622 656
55379: -719 -646 -624 674
55380: -719 -646 -625 683
55382: -719 -646 -627 701
55403: -719 -648 -648 728
55406: -720 -721 -570 674
55407: -720 -721 -571 683
55412: -720 -721 -576 728
55427: -720 -723 -591 701
55430: -720 -723 -594 728
55436: -720 -724 -600 701
55439: -720 -724 -603 728
55440: -720 -725 -604 656
55449: -720 -726 -613 656
55456: -720 -726 -620 719
55457: -720 -726 -621 728
55458: -720 -727 -622 656
55459: -720 -727 -623 665
55466: -720 -727 -630 728
55818: -77 -326 -658 9
55819: -77 -326 -659 18
55820: -77 -326 -660 27
55821: -77 -326 -661 36
55822: -77 -326 -662 45
55823: -77 -326 -663 54
55824: -77 -326 -664 63
55826: -77 -326 -666 81
55827: -77 -327 -667 9
55828: -77 -327 -668 18
55829: -77 -327 -669 27
55830: -77 -327 -670 36
55831: -77 -327 -671 45
55832: -77 -327 -672 54
55833: -77 -327 -673 63
55835: -77 -327 -675 81
55836: -77 -328 -676 9
55837: -77 -328 -677 18
55838: -77 -328 -678 27
55839: -77 -328 -679 36
55840: -77 -328 -680 45
55841: -77 -328 -681 54
55842: -77 -328 -682 63
55844: -77 -328 -684 81
55845: -77 -329 -685 9
55846: -77 -329 -686 18
55847: -77 -329 -687 27
55848: -77 -329 -688 36
55849: -77 -329 -689 45
55850: -77 -329 -690 54
55851: -77 -329 -691 63
55853: -77 -329 -693 81
55854: -77 -330 -694 9
55855: -77 -330 -695 18
55856: -77 -330 -696 27
55857: -77 -330 -697 36
55858: -77 -330 -698 45
55859: -77 -330 -699 54
55860: -77 -330 -700 63
55862: -77 -330 -702 81
55863: -77 -331 -703 9
55864: -77 -331 -704 18
55865: -77 -331 -705 27
55866: -77 -331 -706 36
55867: -77 -331 -707 45
55868: -77 -331 -708 54
55869: -77 -331 -709 63
55871: -77 -331 -711 81
55872: -77 -332 -712 9
55873: -77 -332 -713 18
55874: -77 -332 -714 27
55875: -77 -332 -715 36
55876: -77 -332 -716 45
55877: -77 -332 -717 54
55878: -77 -332 -718 63
55880: -77 -332 -720 81
56232: -154 -12 -667 90
56233: -154 -12 -668 99
56234: -154 -12 -669 108
56235: -154 -12 -670 117
56236: -154 -12 -671 126
56237: -154 -12 -672 135
56238: -154 -12 -673 144
56239: -154 -12 -674 153
56240: -154 -12 -675 162
56323: -155 -94 -677 99
56328: -155 -94 -682 144
56332: -155 -95 -686 99
56340: -155 -96 -694 90
56345: -155 -96 -699 135
56347: -155 -96 -701 153
56348: -155 -96 -702 162
56349: -155 -97 -703 90
56350: -155 -97 -704 99
56352: -155 -97 -706 117
56356: -155 -97 -710 153
56358: -155 -98 -712 90
56359: -155 -98 -713 99
56365: -155 -98 -719 153
56366: -155 -98 -720 162
56475: -157 -255 -667 90
56476: -157 -255 -668 99
56477: -157 -255 -669 108
56478: -157 -255 -670 117
56479: -157 -255 -671 126
56480: -157 -255 -672 135
56481: -157 -255 -673 144
56482: -157 -255 -674 153
56483: -157 -255 -675 162
56540: -158 -334 -651 108
56541: -158 -334 -652 117
56544: -158 -334 -655 144
56565: -158 -337 -676 90
56567: -158 -337 -678 108
56569: -158 -337 -680 126
56571: -158 -337 -682 144
56573: -158 -337 -684 162
56583: -158 -339 -694 90
56592: -158 -340 -703 90
56608: -158 -341 -719 153
56620: -159 -415 -650 99
56621: -159 -415 -651 108
56622: -159 -415 -652 117
56623: -159 -415 -653 126
56624: -159 -415 -654 135
56625: -159 -415 -655 144
56627: -159 -415 -657 162
56640: -159 -417 -670 117
56641: -159 -417 -671 126
56642: -159 -417 -672 135
56645: -159 -417 -675 162
56646: -159 -418 -676 90
56647: -159 -418 -677 99
56649: -159 -418 -679 117
56651: -159 -418 -681 135
56654: -159 -418 -684 162
56655: -159 -419 -685 90
56657: -159 -419 -687 108
56661: -159 -419 -691 144
56662: -159 -419 -692 153
56664: -159 -420 -694 90
56675: -159 -421 -705 108
56680: -159 -421 -710 153
56689: -159 -422 -719 153
56701: -160 -496 -650 99
56702: -160 -496 -651 108
56703: -160 -496 -652 117
56704: -160 -496 -653 126
56705: -160 -496 -654 135
56706: -160 -496 -655 144
56708: -160 -496 -657 162
56713: -160 -497 -662 126
56715: -160 -497 -664 144
56718: -160 -498 -667 90
56721: -160 -498 -670 117
56722: -160 -498 -671 126
56723: -160 -498 -672 135
56724: -160 -498 -673 144
56726: -160 -498 -675 162
56727: -160 -499 -676 90
56732: -160 -499 -681 135
56733: -160 -499 -682 144
56736: -160 -500 -685 90
56737: -160 -500 -686 99
56738: -160 -500 -687 108
56741: -160 -500 -690 135
56742: -160 -500 -691 144
56743: -160 -500 -692 153
56744: -160 -500 -693 162
56745: -160 -501 -694 90
56746: -160 -501 -695 99
56747: -160 -501 -696 108
56748: -160 -501 -697 117
56750: -160 -501 -699 135
56751: -160 -501 -700 144
56752: -160 -501 -701 153
56753: -160 -501 -702 162
56754: -160 -502 -703 90
56758: -160 -502 -707 126
56760: -160 -502 -709 144
56770: -160 -503 -719 153
56783: -161 -577 -651 108
56784: -161 -577 -652 117
56785: -161 -577 -653 126
56786: -161 -577 -654 135
56787: -161 -577 -655 144
56789: -161 -577 -657 162
56790: -161 -578 -658 90
56793: -161 -578 -661 117
56794: -161 -578 -662 126
56796: -161 -578 -664 144
56797: -161 -578 -665 153
56798: -161 -578 -666 162
56806: -161 -579 -674 153
56807: -161 -579 -675 162
56808: -161 -580 -676 90
56813: -161 -580 -681 135
56815: -161 -580 -683 153
56816: -161 -580 -684 162
56817: -161 -581 -685 90
56824: -161 -581 -692 153
56826: -161 -582 -694 90
56833: -161 -582 -701 153
56837: -161 -583 -705 108
56839: -161 -583 -707 126
56840: -161 -583 -708 135
56842: -161 -583 -710 153
56843: -161 -583 -711 162
56844: -161 -584 -712 90
56848: -161 -584 -716 126
56851: -161 -584 -719 153
56852: -161 -584 -720 162
56863: -162 -658 -650 99
56864: -162 -658 -651 108
56865: -162 -658 -652 117
56872: -162 -659 -659 99
56880: -162 -660 -667 90
56885: -162 -660 -672 135
56898: -162 -662 -685 90
56908: -162 -663 -695 99
56930: -162 -665 -717 135
56970: -235 -22 -676 171
56971: -235 -22 -677 180
56972: -235 -22 -678 189
56973: -235 -22 -679 198
56974: -235 -22 -680 207
56975: -235 -22 -681 216
56976: -235 -22 -682 225
56977: -235 -22 -683 234
56978: -235 -22 -684 243
57033: -236 -101 -658 171
57034: -236 -101 -659 180
57035: -236 -101 -660 189
57036: -236 -101 -661 198
57038: -236 -101 -663 216
57040: -236 -101 -665 234
57041: -236 -101 -666 243
57055: -236 -103 -680 207
57056: -236 -103 -681 216
57057: -236 -103 -682 225
57059: -236 -103 -684 243
57060: -236 -104 -685 171
57061: -236 -104 -686 180
57062: -236 -104 -687 189
57063: -236 -104 -688 198
57064: -236 -104 -689 207
57065: -236 -104 -690 216
57066: -236 -104 -691 225
57067: -236 -104 -692 234
57068: -236 -104 -693 243
57069: -236 -105 -694 171
57070: -236 -105 -695 180
57071: -236 -105 -696 189
57072: -236 -105 -697 198
57073: -236 -105 -698 207
57074: -236 -105 -699 216
57075: -236 -105 -700 225
57076: -236 -105 -701 234
57077: -236 -105 -702 243
57078: -236 -106 -703 171
57079: -236 -106 -704 180
57080: -236 -106 -705 189
57081: -236 -106 -706 198
57082: -236 -106 -707 207
57083: -236 -106 -708 216
57084: -236 -106 -709 225
57085: -236 -106 -710 234
57086: -236 -106 -711 243
57087: -236 -107 -712 171
57088: -236 -107 -713 180
57089: -236 -107 -714 189
57090: -236 -107 -715 198
57091: -236 -107 -716 207
57092: -236 -107 -717 216
57093: -236 -107 -718 225
57094: -236 -107 -719 234
57095: -236 -107 -720 243
57096: -236 -108 -721 171
57097: -236 -108 -722 180
57098: -236 -108 -723 189
57099: -236 -108 -724 198
57100: -236 -108 -725 207
57101: -236 -108 -726 216
57102: -236 -108 -727 225
57104: -236 -108 -729 243
57106: -237 -181 -650 180
57107: -237 -181 -651 189
57109: -237 -181 -653 207
57110: -237 -181 -654 216
57111: -237 -181 -655 225
57113: -237 -181 -657 243
57132: -237 -184 -676 171
57133: -237 -184 -677 180
57134: -237 -184 -678 189
57136: -237 -184 -680 207
57137: -237 -184 -681 216
57138: -237 -184 -682 225
57139: -237 -184 -683 234
57140: -237 -184 -684 243
57143: -237 -185 -687 189
57144: -237 -185 -688 198
57145: -237 -185 -689 207
57148: -237 -185 -692 234
57149: -237 -185 -693 243
57152: -237 -186 -696 189
57156: -237 -186 -700 225
57159: -237 -187 -703 171
57161: -237 -187 -705 189
57166: -237 -187 -710 234
57168: -237 -188 -712 171
57171: -237 -188 -715 198
57172: -237 -188 -716 207
57175: -237 -188 -719 234
57195: -238 -263 -658 171
57196: -238 -263 -659 180
57198: -238 -263 -661 198
57199: -238 -263 -662 207
57200: -238 -263 -663 216
57201: -238 -263 -664 225
57202: -238 -263 -665 234
57203: -238 -263 -666 243
57222: -238 -266 -685 171
57223: -238 -266 -686 180
57224: -238 -266 -687 189
57225: -238 -266 -688 198
57226: -238 -266 -689 207
57227: -238 -266 -690 216
57228: -238 -266 -691 225
57229: -238 -266 -692 234
57230: -238 -266 -693 243
57231: -238 -267 -694 171
57232: -238 -267 -695 180
57233: -238 -267 -696 189
57234: -238 -267 -697 198
57235: -238 -267 -698 207
57236: -238 -267 -699 216
57237: -238 -267 -700 225
57238: -238 -267 -701 234
57239: -238 -267 -702 243
57240: -238 -268 -703 171
57241: -238 -268 -704 180
57242: -238 -268 -705 189
57243: -238 -268 -706 198
57244: -238 -268 -707 207
57245: -238 -268 -708 216
57246: -238 -268 -709 225
57247: -238 -268 -710 234
57248: -238 -268 -711 243
57249: -238 -269 -712 171
57250: -238 -269 -713 180
57251: -238 -269 -714 189
57252: -238 -269 -715 198
57253: -238 -269 -716 207
57254: -238 -269 -717 216
57255: -238 -269 -718 225
57256: -238 -269 -719 234
57257: -238 -269 -720 243
57258: -238 -270 -721 171
57259: -238 -270 -722 180
57260: -238 -270 -723 189
57261: -238 -270 -724 198
57262: -238 -270 -725 207
57263: -238 -270 -726 216
57264: -238 -270 -727 225
57266: -238 -270 -729 243
57268: -239 -343 -650 180
57269: -239 -343 -651 189
57270: -239 -343 -652 198
57271: -239 -343 -653 207
57272: -239 -343 -654 216
57273: -239 -343 -655 225
57275: -239 -343 -657 243
57290: -239 -345 -672 216
57297: -239 -346 -679 198
57298: -239 -346 -680 207
57299: -239 -346 -681 216
57300: -239 -346 -682 225
57307: -239 -347 -689 207
57317: -239 -348 -699 216
57321: -239 -349 -703 171
57330: -239 -350 -712 171
57349: -240 -424 -650 180
57350: -240 -424 -651 189
57352: -240 -424 -653 207
57353: -240 -424 -654 216
57354: -240 -424 -655 225
57356: -240 -424 -657 243
57362: -240 -425 -663 216
57369: -240 -426 -670 198
57371: -240 -426 -672 216
57379: -240 -427 -680 207
57380: -240 -427 -681 216
57382: -240 -427 -683 234
57383: -240 -427 -684 243
57384: -240 -428 -685 171
57385: -240 -428 -686 180
57389: -240 -428 -690 216
57392: -240 -428 -693 243
57402: -240 -430 -703 171
57408: -240 -430 -709 225
57409: -240 -430 -710 234
57410: -240 -430 -711 243
57411: -240 -431 -712 171
57412: -240 -431 -713 180
57418: -240 -431 -719 234
57422: -240 -432 -723 189
57425: -240 -432 -726 216
57428: -240 -432 -729 243
57430: -241 -505 -650 180
57431: -241 -505 -651 189
57433: -241 -505 -653 207
57434: -241 -505 -654 216
57435: -241 -505 -655 225
57445: -241 -506 -665 234
57459: -241 -508 -679 198
57460: -241 -508 -680 207
57462: -241 -508 -682 225
57463: -241 -508 -683 234
57464: -241 -508 -684 243
57467: -241 -509 -687 189
57468: -241 -509 -688 198
57472: -241 -509 -692 234
57473: -241 -509 -693 243
57474: -241 -510 -694 171
57476: -241 -510 -696 189
57479: -241 -510 -699 216
57486: -241 -511 -706 198
57488: -241 -511 -708 216
57489: -241 -511 -709 225
57490: -241 -511 -710 234
57496: -241 -512 -716 207
57499: -241 -512 -719 234
57503: -241 -513 -723 189
57511: -242 -586 -650 180
57513: -242 -586 -652 198
57514: -242 -586 -653 207
57518: -242 -586 -657 243
57523: -242 -587 -662 207
57532: -242 -588 -671 207
57537: -242 -589 -676 171
57541: -242 -589 -680 207
57555: -242 -591 -694 171
57558: -242 -591 -697 198
57564: -242 -592 -703 171
57565: -242 -592 -704 180
57567: -242 -592 -706 198
57568: -242 -592 -707 207
57569: -242 -592 -708 216
57571: -242 -592 -710 234
57572: -242 -592 -711 243
57580: -242 -593 -719 234
57607: -243 -668 -665 234
57627: -243 -671 -685 171
57629: -243 -671 -687 189
57638: -243 -672 -696 189
57656: -243 -674 -714 189
57668: -243 -675 -726 216
57673: -316 -28 -650 261
57674: -316 -28 -651 270
57675: -316 -28 -652 279
57676: -316 -28 -653 288
57677: -316 -28 -654 297
57678: -316 -28 -655 306
57680: -316 -28 -657 324
57754: -317 -109 -650 261
57755: -317 -109 -651 270
57756: -317 -109 -652 279
57757: -317 -109 -653 288
57758: -317 -109 -654 297
57759: -317 -109 -655 306
57761: -317 -109 -657 324
57763: -317 -110 -659 261
57790: -317 -113 -686 261
57791: -317 -113 -687 270
57798: -317 -114 -694 252
57799: -317 -114 -695 261
57800: -317 -114 -696 270
57801: -317 -114 -697 279
57805: -317 -114 -701 315
57806: -317 -114 -702 324
57808: -317 -115 -704 261
57814: -317 -115 -710 315
57817: -317 -116 -713 261
57820: -317 -116 -716 288
57821: -317 -116 -717 297
57823: -317 -116 -719 315
57824: -317 -116 -720 324
57825: -317 -117 -721 252
57826: -317 -117 -722 261
57827: -317 -117 -723 270
57828: -317 -117 -724 279
57830: -317 -117 -726 297
57831: -317 -117 -727 306
57833: -317 -117 -729 324
57924: -319 -272 -658 252
57925: -319 -272 -659 261
57927: -319 -272 -661 279
57928: -319 -272 -662 288
57929: -319 -272 -663 297
57946: -319 -274 -680 288
57948: -319 -274 -682 306
57950: -319 -274 -684 324
57951: -319 -275 -685 252
57953: -319 -275 -687 270
57954: -319 -275 -688 279
57958: -319 -275 -692 315
57959: -319 -275 -693 324
57960: -319 -276 -694 252
57961: -319 -276 -695 261
57963: -319 -276 -697 279
57966: -319 -276 -700 306
57967: -319 -276 -701 315
57968: -319 -276 -702 324
57969: -319 -277 -703 252
57970: -319 -277 -704 261
57972: -319 -277 -706 279
57974: -319 -277 -708 297
57976: -319 -277 -710 315
57978: -319 -278 -712 252
57979: -319 -278 -713 261
57985: -319 -278 -719 315
57986: -319 -278 -720 324
57997: -320 -352 -650 261
57998: -320 -352 -651 270
57999: -320 -352 -652 279
58000: -320 -352 -653 288
58001: -320 -352 -654 297
58002: -320 -352 -655 306
58004: -320 -352 -657 324
58006: -320 -353 -659 261
58009: -320 -353 -662 288
58027: -320 -355 -680 288
58028: -320 -355 -681 297
58041: -320 -357 -694 252
58051: -320 -358 -704 261
58054: -320 -358 -707 288
58061: -320 -359 -714 270
58068: -320 -360 -721 252
58070: -320 -360 -723 270
58071: -320 -360 -724 279
58073: -320 -360 -726 297
58078: -321 -433 -650 261
58079: -321 -433 -651 270
58080: -321 -433 -652 279
58082: -321 -433 -654 297
58083: -321 -433 -655 306
58085: -321 -433 -657 324
58086: -321 -434 -658 252
58088: -321 -434 -660 270
58089: -321 -434 -661 279
58091: -321 -434 -663 297
58092: -321 -434 -664 306
58093: -321 -434 -665 315
58094: -321 -434 -666 324
58098: -321 -435 -670 279
58099: -321 -435 -671 288
58100: -321 -435 -672 297
58102: -321 -435 -674 315
58109: -321 -436 -681 297
58113: -321 -437 -685 252
58114: -321 -437 -686 261
58115: -321 -437 -687 270
58116: -321 -437 -688 279
58117: -321 -437 -689 288
58118: -321 -437 -690 297
58119: -321 -437 -691 306
58120: -321 -437 -692 315
58121: -321 -437 -693 324
58123: -321 -438 -695 261
58129: -321 -438 -701 315
58131: -321 -439 -703 252
58132: -321 -439 -704 261
58139: -321 -439 -711 324
58148: -321 -440 -720 324
58153: -321 -441 -725 288
58159: -322 -514 -650 261
58160: -322 -514 -651 270
58164: -322 -514 -655 306
58168: -322 -515 -659 261
58170: -322 -515 -661 279
58173: -322 -515 -664 306
58174: -322 -515 -665 315
58177: -322 -516 -668 261
58178: -322 -516 -669 270
58180: -322 -516 -671 288
58181: -322 -516 -672 297
58182: -322 -516 -673 306
58184: -322 -516 -675 324
58185: -322 -517 -676 252
58187: -322 -517 -678 270
58189: -322 -517 -680 288
58192: -322 -517 -683 315
58194: -322 -518 -685 252
58195: -322 -518 -686 261
58196: -322 -518 -687 270
58197: -322 -518 -688 279
58198: -322 -518 -689 288
58201: -322 -518 -692 315
58203: -322 -519 -694 252
58204: -322 -519 -695 261
58206: -322 -519 -697 279
58208: -322 -519 -699 297
58210: -322 -519 -701 315
58212: -322 -520 -703 252
58213: -322 -520 -704 261
58214: -322 -520 -705 270
58216: -322 -520 -707 288
58218: -322 -520 -709 306
58220: -322 -520 -711 324
58221: -322 -521 -712 252
58222: -322 -521 -713 261
58224: -322 -521 -715 279
58225: -322 -521 -716 288
58227: -322 -521 -718 306
58228: -322 -521 -719 315
58229: -322 -521 -720 324
58230: -322 -522 -721 252
58236: -322 -522 -727 306
58238: -322 -522 -729 324
58241: -323 -595 -651 270
58244: -323 -595 -654 297
58248: -323 -596 -658 252
58250: -323 -596 -660 270
58252: -323 -596 -662 288
58253: -323 -596 -663 297
58255: -323 -596 -665 315
58256: -323 -596 -666 324
58257: -323 -597 -667 252
58258: -323 -597 -668 261
58264: -323 -597 -674 315
58270: -323 -598 -680 288
58271: -323 -598 -681 297
58273: -323 -598 -683 315
58275: -323 -599 -685 252
58276: -323 -599 -686 261
58278: -323 -599 -688 279
58282: -323 -599 -692 315
58284: -323 -600 -694 252
58287: -323 -600 -697 279
58291: -323 -600 -701 315
58294: -323 -601 -704 261
58295: -323 -601 -705 270
58298: -323 -601 -708 297
58299: -323 -601 -709 306
58300: -323 -601 -710 315
58301: -323 -601 -711 324
58309: -323 -602 -719 315
58310: -323 -602 -720 324
58322: -324 -676 -651 270
58326: -324 -676 -655 306
58329: -324 -677 -658 252
58342: -324 -678 -671 288
58350: -324 -679 -679 279
58356: -324 -680 -685 252
58365: -324 -681 -694 252
58368: -324 -681 -697 279
58372: -324 -681 -701 315
58381: -324 -682 -710 315
58383: -324 -683 -712 252
58384: -324 -683 -713 261
58385: -324 -683 -714 270
58386: -324 -683 -715 279
58446: -397 -42 -694 333
58447: -397 -42 -695 342
58448: -397 -42 -696 351
58449: -397 -42 -697 360
58450: -397 -42 -698 369
58451: -397 -42 -699 378
58452: -397 -42 -700 387
58453: -397 -42 -701 396
58454: -397 -42 -702 405
58483: -398 -118 -650 342
58484: -398 -118 -651 351
58485: -398 -118 -652 360
58486: -398 -118 -653 369
58487: -398 -118 -654 378
58488: -398 -118 -655 387
58490: -398 -118 -657 405
58495: -398 -119 -662 369
58499: -398 -119 -666 405
58509: -398 -121 -676 333
58513: -398 -121 -680 369
58514: -398 -121 -681 378
58515: -398 -121 -682 387
58516: -398 -121 -683 396
58517: -398 -121 -684 405
58527: -398 -123 -694 333
58528: -398 -123 -695 342
58536: -398 -124 -703 333
58537: -398 -124 -704 342
58543: -398 -124 -710 396
58545: -398 -125 -712 333
58546: -398 -125 -713 342
58547: -398 -125 -714 351
58549: -398 -125 -716 369
58553: -398 -125 -720 405
58564: -399 -199 -650 342
58565: -399 -199 -651 351
58566: -399 -199 -652 360
58567: -399 -199 -653 369
58568: -399 -199 -654 378
58569: -399 -199 -655 387
58571: -399 -199 -657 405
58572: -399 -200 -658 333
58574: -399 -200 -660 351
58575: -399 -200 -661 360
58576: -399 -200 -662 369
58577: -399 -200 -663 378
58579: -399 -200 -665 396
58580: -399 -200 -666 405
58582: -399 -201 -668 342
58585: -399 -201 -671 369
58586: -399 -201 -672 378
58588: -399 -201 -674 396
58590: -399 -202 -676 333
58594: -399 -202 -680 369
58595: -399 -202 -681 378
58596: -399 -202 -682 387
58597: -399 -202 -683 396
58621: -399 -205 -707 369
58624: -399 -205 -710 396
58629: -399 -206 -715 360
58634: -399 -206 -720 405
58645: -400 -280 -650 342
58646: -400 -280 -651 351
58647: -400 -280 -652 360
58649: -400 -280 -654 378
58650: -400 -280 -655 387
58652: -400 -280 -657 405
58655: -400 -281 -660 351
58656: -400 -281 -661 360
58657: -400 -281 -662 369
58661: -400 -281 -666 405
58673: -400 -283 -678 351
58677: -400 -283 -682 387
58687: -400 -284 -692 396
58705: -400 -286 -710 396
58710: -400 -287 -715 360
58714: -400 -287 -719 396
58715: -400 -287 -720 405
58717: -400 -288 -722 342
58727: -401 -361 -651 351
58728: -401 -361 -652 360
58729: -401 -361 -653 369
58731: -401 -361 -655 387
58748: -401 -363 -672 378
58751: -401 -363 -675 405
58756: -401 -364 -680 369
58758: -401 -364 -682 387
58770: -401 -366 -694 333
58788: -401 -368 -712 333
58796: -401 -368 -720 405
58808: -402 -442 -651 351
58809: -402 -442 -652 360
58810: -402 -442 -653 369
58814: -402 -442 -657 405
58820: -402 -443 -663 378
58822: -402 -443 -665 396
58828: -402 -444 -671 369
58829: -402 -444 -672 378
58830: -402 -444 -673 387
58831: -402 -444 -674 396
58837: -402 -445 -680 369
58838: -402 -445 -681 378
58847: -402 -446 -690 378
58848: -402 -446 -691 387
58860: -402 -448 -703 333
58865: -402 -448 -708 378
58874: -402 -449 -717 378
58882: -402 -450 -725 369
58890: -403 -523 -652 360
58895: -403 -523 -657 405
58900: -403 -524 -662 369
58909: -403 -525 -671 369
58914: -403 -526 -676 333
58918: -403 -526 -680 369
58920: -403 -526 -682 387
58970: -404 -604 -651 351
58971: -404 -604 -652 360
58974: -404 -604 -655 387
58990: -404 -606 -671 369
58999: -404 -607 -680 369
59011: -404 -608 -692 396
59020: -404 -609 -701 396
59025: -404 -610 -706 360
59028: -404 -610 -709 387
59029: -404 -610 -710 396
59030: -404 -610 -711 405
59050: -405 -685 -650 342
59053: -405 -685 -653 369
59054: -405 -685 -654 378
59058: -405 -686 -658 333
59061: -405 -686 -661 360
59065: -405 -686 -665 396
59071: -405 -687 -671 369
59077: -405 -688 -677 342
59078: -405 -688 -678 351
59083: -405 -688 -683 396
59089: -405 -689 -689 369
59101: -405 -690 -701 396
59103: -405 -691 -703 333
59104: -405 -691 -704 342
59106: -405 -691 -706 360
59107: -405 -691 -707 369
59110: -405 -691 -710 396
59112: -405 -692 -712 333
59113: -405 -692 -713 342
59114: -405 -692 -714 351
59115: -405 -692 -715 360
59116: -405 -692 -716 369
59184: -478 -52 -703 414
59185: -478 -52 -704 423
59186: -478 -52 -705 432
59187: -478 -52 -706 441
59188: -478 -52 -707 450
59189: -478 -52 -708 459
59190: -478 -52 -709 468
59191: -478 -52 -710 477
59192: -478 -52 -711 486
59212: -479 -127 -650 423
59213: -479 -127 -651 432
59214: -479 -127 -652 441
59215: -479 -127 -653 450
59216: -479 -127 -654 459
59217: -479 -127 -655 468
59219: -479 -127 -657 486
59222: -479 -128 -660 432
59228: -479 -128 -666 486
59239: -479 -130 -677 423
59240: -479 -130 -678 432
59242: -479 -130 -680 450
59243: -479 -130 -681 459
59244: -479 -130 -682 468
59245: -479 -130 -683 477
59247: -479 -131 -685 414
59249: -479 -131 -687 432
59254: -479 -131 -692 477
59267: -479 -133 -705 432
59268: -479 -133 -706 441
59274: -479 -134 -712 414
59284: -479 -135 -722 423
59291: -479 -135 -729 486
59293: -480 -208 -650 423
59294: -480 -208 -651 432
59295: -480 -208 -652 441
59300: -480 -208 -657 486
59301: -480 -209 -658 414
59303: -480 -209 -660 432
59304: -480 -209 -661 441
59305: -480 -209 -662 450
59306: -480 -209 -663 459
59307: -480 -209 -664 468
59308: -480 -209 -665 477
59309: -480 -209 -666 486
59311: -480 -210 -668 423
59319: -480 -211 -676 414
59320: -480 -211 -677 423
59321: -480 -211 -678 432
59323: -480 -211 -680 450
59324: -480 -211 -681 459
59326: -480 -211 -683 477
59327: -480 -211 -684 486
59328: -480 -212 -685 414
59337: -480 -213 -694 414
59349: -480 -214 -706 441
59352: -480 -214 -709 468
59353: -480 -214 -710 477
59366: -480 -216 -723 432
59374: -481 -289 -650 423
59375: -481 -289 -651 432
59376: -481 -289 -652 441
59381: -481 -289 -657 486
59385: -481 -290 -661 441
59387: -481 -290 -663 459
59390: -481 -290 -666 486
59403: -481 -292 -679 441
59406: -481 -292 -682 468
59409: -481 -293 -685 414
59425: -481 -294 -701 477
59434: -481 -295 -710 477
59443: -481 -296 -719 477
59457: -482 -370 -652 441
59460: -482 -370 -655 468
59462: -482 -370 -657 486
59465: -482 -371 -660 432
59472: -482 -372 -667 414
59477: -482 -372 -672 459
59481: -482 -373 -676 414
59482: -482 -373 -677 423
59486: -482 -373 -681 459
59487: -482 -373 -682 468
59490: -482 -374 -685 414
59493: -482 -374 -688 441
59512: -482 -376 -707 450
59516: -482 -376 -711 486
59517: -482 -377 -712 414
59523: -482 -377 -718 468
59536: -483 -451 -650 423
59537: -483 -451 -651 432
59538: -483 -451 -652 441
59539: -483 -451 -653 450
59540: -483 -451 -654 459
59543: -483 -451 -657 486
59544: -483 -452 -658 414
59552: -483 -452 -666 486
59558: -483 -453 -672 459
59567: -483 -454 -681 459
59569: -483 -454 -683 477
59589: -483 -457 -703 414
59596: -483 -457 -710 477
59601: -483 -458 -715 441
59605: -483 -458 -719 477
59619: -484 -532 -652 441
59620: -484 -532 -653 450
59624: -484 -532 -657 486
59625: -484 -533 -658 414
59627: -484 -533 -660 432
59644: -484 -535 -677 423
59647: -484 -535 -680 450
59648: -484 -535 -681 459
59659: -484 -536 -692 477
59661: -484 -537 -694 414
59662: -484 -537 -695 423
59663: -484 -537 -696 432
59670: -484 -538 -703 414
59679: -484 -539 -712 414
59694: -484 -540 -727 468
59701: -485 -613 -653 450
59705: -485 -613 -657 486
59706: -485 -614 -658 414
59751: -485 -619 -703 414
59753: -485 -619 -705 432
59758: -485 -619 -710 477
59759: -485 -619 -711 486
59800: -486 -696 -671 450
59801: -486 -696 -672 459
59803: -486 -696 -674 477
59811: -486 -697 -682 468
59814: -486 -698 -685 414
59828: -486 -699 -699 459
59842: -486 -701 -713 423
59852: -486 -702 -723 432
59922: -559 -62 -712 495
59923: -559 -62 -713 504
59924: -559 -62 -714 513
59925: -559 -62 -715 522
59926: -559 -62 -716 531
59927: -559 -62 -717 540
59928: -559 -62 -718 549
59929: -559 -62 -719 558
59930: -559 -62 -720 567
59941: -560 -136 -650 504
59942: -560 -136 -651 513
59943: -560 -136 -652 522
59944: -560 -136 -653 531
59945: -560 -136 -654 540
59946: -560 -136 -655 549
59948: -560 -136 -657 567
59956: -560 -137 -665 558
59968: -560 -139 -677 504
59969: -560 -139 -678 513
59973: -560 -139 -682 549
59974: -560 -139 -683 558
59977: -560 -140 -686 504
59978: -560 -140 -687 513
59979: -560 -140 -688 522
59983: -560 -140 -692 558
59984: -560 -140 -693 567
60006: -560 -143 -715 522
60022: -561 -217 -650 504
60023: -561 -217 -651 513
60024: -561 -217 -652 522
60025: -561 -217 -653 531
60026: -561 -217 -654 540
60027: -561 -217 -655 549
60029: -561 -217 -657 567
60030: -561 -218 -658 495
60033: -561 -218 -661 522
60036: -561 -218 -664 549
60038: -561 -218 -666 567
60043: -561 -219 -671 531
60048: -561 -220 -676 495
60050: -561 -220 -678 513
60052: -561 -220 -680 531
60053: -561 -220 -681 540
60054: -561 -220 -682 549
60056: -561 -220 -684 567
60082: -561 -223 -710 558
60087: -561 -224 -715 522
60092: -561 -224 -720 567
60096: -561 -225 -724 522
60098: -561 -225 -726 540
60104: -562 -298 -651 513
60105: -562 -298 -652 522
60107: -562 -298 -654 540
60110: -562 -298 -657 567
60136: -562 -301 -683 558
60138: -562 -302 -685 495
60172: -562 -305 -719 558
60186: -563 -379 -652 522
60187: -563 -379 -653 531
60189: -563 -379 -655 549
60196: -563 -380 -662 531
60228: -563 -384 -694 495
60257: -563 -387 -723 513
60259: -563 -387 -725 531
60261: -563 -387 -727 549
60266: -564 -460 -651 513
60267: -564 -460 -652 522
60270: -564 -460 -655 549
60272: -564 -460 -657 567
60273: -564 -461 -658 495
60276: -564 -461 -661 522
60277: -564 -461 -662 531
60278: -564 -461 -663 540
60286: -564 -462 -671 531
60287: -564 -462 -672 540
60288: -564 -462 -673 549
60291: -564 -463 -676 495
60292: -564 -463 -677 504
60295: -564 -463 -680 531
60296: -564 -463 -681 540
60297: -564 -463 -682 549
60299: -564 -463 -684 567
60300: -564 -464 -685 495
60303: -564 -464 -688 522
60304: -564 -464 -689 531
60306: -564 -464 -691 549
60310: -564 -465 -695 504
60316: -564 -465 -701 558
60321: -564 -466 -706 522
60335: -564 -467 -720 567
60351: -565 -541 -655 549
60369: -565 -543 -673 549
60374: -565 -544 -678 513
60376: -565 -544 -680 531
60378: -565 -544 -682 549
60408: -565 -548 -712 495
60454: -566 -625 -677 504
60459: -566 -625 -682 549
60481: -566 -628 -704 504
60485: -566 -628 -708 540
60488: -566 -628 -711 567
60516: -567 -704 -658 495
60521: -567 -704 -663 540
60523: -567 -704 -665 558
60526: -567 -705 -668 504
60530: -567 -705 -672 540
60532: -567 -705 -674 558
60539: -567 -706 -681 540
60540: -567 -706 -682 549
60543: -567 -707 -685 495
60553: -567 -708 -695 504
60554: -567 -708 -696 513
60555: -567 -708 -697 522
60559: -567 -708 -701 558
60567: -567 -709 -709 549
60660: -640 -72 -721 576
60661: -640 -72 -722 585
60662: -640 -72 -723 594
60663: -640 -72 -724 603
60664: -640 -72 -725 612
60665: -640 -72 -726 621
60666: -640 -72 -727 630
60668: -640 -72 -729 648
60670: -641 -145 -650 585
60671: -641 -145 -651 594
60672: -641 -145 -652 603
60673: -641 -145 -653 612
60674: -641 -145 -654 621
60675: -641 -145 -655 630
60681: -641 -146 -661 603
60698: -641 -148 -678 594
60699: -641 -148 -679 603
60713: -641 -149 -693 648
60714: -641 -150 -694 576
60715: -641 -150 -695 585
60717: -641 -150 -697 603
60718: -641 -150 -698 612
60719: -641 -150 -699 621
60722: -641 -150 -702 648
60723: -641 -151 -703 576
60724: -641 -151 -704 585
60726: -641 -151 -706 603
60727: -641 -151 -707 612
60728: -641 -151 -708 621
60729: -641 -151 -709 630
60730: -641 -151 -710 639
60731: -641 -151 -711 648
60742: -641 -153 -722 585
60751: -642 -226 -650 585
60752: -642 -226 -651 594
60753: -642 -226 -652 603
60754: -642 -226 -653 612
60755: -642 -226 -654 621
60756: -642 -226 -655 630
60759: -642 -227 -658 576
60762: -642 -227 -661 603
60763: -642 -227 -662 612
60765: -642 -227 -664 630
60766: -642 -227 -665 639
60767: -642 -227 -666 648
60770: -642 -228 -669 594
60771: -642 -228 -670 603
60781: -642 -229 -680 612
60782: -642 -229 -681 621
60783: -642 -229 -682 630
60784: -642 -229 -683 639
60785: -642 -229 -684 648
60788: -642 -230 -687 594
60804: -642 -232 -703 576
60818: -642 -233 -717 621
60832: -643 -307 -650 585
60833: -643 -307 -651 594
60834: -643 -307 -652 603
60835: -643 -307 -653 612
60836: -643 -307 -654 621
60837: -643 -307 -655 630
60862: -643 -310 -680 612
60865: -643 -310 -683 639
60866: -643 -310 -684 648
60883: -643 -312 -701 639
60892: -643 -313 -710 639
60893: -643 -313 -711 648
60905: -643 -315 -723 594
60913: -644 -388 -650 585
60914: -644 -388 -651 594
60915: -644 -388 -652 603
60916: -644 -388 -653 612
60917: -644 -388 -654 621
60918: -644 -388 -655 630
60931: -644 -390 -668 585
60934: -644 -390 -671 612
60994: -645 -469 -650 585
60995: -645 -469 -651 594
60996: -645 -469 -652 603
60997: -645 -469 -653 612
60998: -645 -469 -654 621
60999: -645 -469 -655 630
61004: -645 -470 -660 594
61010: -645 -470 -666 648
61012: -645 -471 -668 585
61015: -645 -471 -671 612
61018: -645 -471 -674 639
61026: -645 -472 -682 630
61036: -645 -473 -692 639
61054: -645 -475 -710 639
61063: -645 -476 -719 639
61082: -646 -550 -657 648
61083: -646 -551 -658 576
61085: -646 -551 -660 594
61086: -646 -551 -661 603
61091: -646 -551 -666 648
61097: -646 -552 -672 621
61098: -646 -552 -673 630
61101: -646 -553 -676 576
61105: -646 -553 -680 612
61107: -646 -553 -682 630
61108: -646 -553 -683 639
61109: -646 -553 -684 648
61119: -646 -555 -694 576
61122: -646 -555 -697 603
61126: -646 -555 -701 639
61128: -646 -556 -703 576
61135: -646 -556 -710 639
61156: -647 -631 -650 585
61164: -647 -632 -658 576
61180: -647 -633 -674 639
61181: -647 -633 -675 648
61187: -647 -634 -681 621
61189: -647 -634 -683 639
61200: -647 -636 -694 576
61207: -647 -636 -701 639
61245: -648 -713 -658 576
61252: -648 -713 -665 639
61259: -648 -714 -672 621
61267: -648 -715 -680 612
61294: -648 -718 -707 612
61354: -721 -77 -686 666
61355: -721 -77 -687 675
61356: -721 -77 -688 684
61357: -721 -77 -689 693
61359: -721 -77 -691 711
61360: -721 -77 -692 720
61361: -721 -77 -693 729
61400: -722 -154 -651 675
61401: -722 -154 -652 684
61403: -722 -154 -654 702
61404: -722 -154 -655 711
61427: -722 -157 -678 675
61430: -722 -157 -681 702
61431: -722 -157 -682 711
61433: -722 -157 -684 729
61434: -722 -158 -685 657
61437: -722 -158 -688 684
61439: -722 -158 -690 702
61441: -722 -158 -692 720
61443: -722 -159 -694 657
61445: -722 -159 -696 675
61446: -722 -159 -697 684
61448: -722 -159 -699 702
61449: -722 -159 -700 711
61451: -722 -159 -702 729
61452: -722 -160 -703 657
61454: -722 -160 -705 675
61456: -722 -160 -707 693
61459: -722 -160 -710 720
61460: -722 -160 -711 729
61469: -722 -161 -720 729
61471: -722 -162 -722 666
61480: -723 -235 -650 666
61482: -723 -235 -652 684
61484: -723 -235 -654 702
61485: -723 -235 -655 711
61488: -723 -236 -658 657
61489: -723 -236 -659 666
61491: -723 -236 -661 684
61492: -723 -236 -662 693
61493: -723 -236 -663 702
61494: -723 -236 -664 711
61495: -723 -236 -665 720
61498: -723 -237 -668 666
61502: -723 -237 -672 702
61506: -723 -238 -676 657
61509: -723 -238 -679 684
61510: -723 -238 -680 693
61511: -723 -238 -681 702
61512: -723 -238 -682 711
61513: -723 -238 -683 720
61514: -723 -238 -684 729
61515: -723 -239 -685 657
61518: -723 -239 -688 684
61519: -723 -239 -689 693
61523: -723 -239 -693 729
61524: -723 -240 -694 657
61528: -723 -240 -698 693
61533: -723 -241 -703 657
61534: -723 -241 -704 666
61536: -723 -241 -706 684
61537: -723 -241 -707 693
61539: -723 -241 -709 711
61541: -723 -241 -711 729
61542: -723 -242 -712 657
61543: -723 -242 -713 666
61545: -723 -242 -715 684
61549: -723 -242 -719 720
61550: -723 -242 -720 729
61564: -724 -316 -653 693
61565: -724 -316 -654 702
61566: -724 -316 -655 711
61569: -724 -317 -658 657
61573: -724 -317 -662 693
61577: -724 -317 -666 729
61592: -724 -319 -681 702
61594: -724 -319 -683 720
61603: -724 -320 -692 720
61622: -724 -322 -711 729
61623: -724 -323 -712 657
61628: -724 -323 -717 702
61635: -724 -324 -724 684
61642: -725 -397 -650 666
61643: -725 -397 -651 675
61646: -725 -397 -654 702
61649: -725 -397 -657 729
61660: -725 -399 -668 666
61667: -725 -399 -675 729
61670: -725 -400 -678 675
61676: -725 -400 -684 729
61687: -725 -402 -695 666
61688: -725 -402 -696 675
61689: -725 -402 -697 684
61691: -725 -402 -699 702
61692: -725 -402 -700 711
61693: -725 -402 -701 720
61724: -726 -478 -651 675
61726: -726 -478 -653 693
61730: -726 -478 -657 729
61739: -726 -479 -666 729
61746: -726 -480 -673 711
61757: -726 -481 -684 729
61759: -726 -482 -686 666
61761: -726 -482 -688 684
61765: -726 -482 -692 720
61766: -726 -482 -693 729
61776: -726 -484 -703 657
61777: -726 -484 -704 666
61778: -726 -484 -705 675
61779: -726 -484 -706 684
61782: -726 -484 -709 711
61783: -726 -484 -710 720
61792: -726 -485 -719 720
61805: -727 -559 -651 675
61808: -727 -559 -654 702
61812: -727 -560 -658 657
61820: -727 -560 -666 729
61825: -727 -561 -671 693
61829: -727 -561 -675 729
61834: -727 -562 -680 693
61838: -727 -562 -684 729
61839: -727 -563 -685 657
61841: -727 -563 -687 675
61842: -727 -563 -688 684
61844: -727 -563 -690 702
61848: -727 -564 -694 657
61852: -727 -564 -698 693
61855: -727 -564 -701 720
61866: -727 -566 -712 657
61867: -727 -566 -713 666
61868: -727 -566 -714 675
61983: -729 -723 -667 657
62038: -729 -729 -722 666
62301: -28 -2 -85 31
62302: -28 -2 -86 40
62303: -28 -2 -87 49
62304: -28 -2 -88 58
62305: -28 -2 -89 67
62306: -28 -2 -90 76
62957: -100 -84 -174 21
62959: -100 -84 -176 39
62960: -100 -84 -177 48
62961: -100 -84 -178 57
62962: -100 -84 -179 66
62963: -100 -84 -180 75
63040: -109 -84 -176 40
63041: -109 -84 -177 49
63042: -109 -84 -178 58
63043: -109 -84 -179 67
63044: -109 -84 -180 76
63119: -118 -84 -174 23
63121: -118 -84 -176 41
63122: -118 -84 -177 50
63123: -118 -84 -178 59
63124: -118 -84 -179 68
63200: -127 -84 -174 24
63203: -127 -84 -177 51
63204: -127 -84 -178 60
63205: -127 -84 -179 69
63206: -127 -84 -180 78
63281: -136 -84 -174 25
63283: -136 -84 -176 43
63285: -136 -84 -178 61
63286: -136 -84 -179 70
63287: -136 -84 -180 79
63362: -145 -84 -174 26
63364: -145 -84 -176 44
63365: -145 -84 -177 53
63367: -145 -84 -179 71
63368: -145 -84 -180 80
63443: -154 -84 -174 27
63445: -154 -84 -176 45
63446: -154 -84 -177 54
63447: -154 -84 -178 63
63449: -154 -84 -180 81
63698: -181 -166 -267 48
63700: -181 -166 -269 66
63702: -181 -167 -343 3
63706: -181 -167 -347 39
63707: -181 -167 -348 48
63708: -181 -167 -349 57
63709: -181 -167 -350 66
63710: -181 -167 -351 75
63715: -181 -168 -428 39
63716: -181 -168 -429 48
63717: -181 -168 -430 57
63718: -181 -168 -431 66
63719: -181 -168 -432 75
63720: -181 -169 -505 3
63722: -181 -169 -507 21
63724: -181 -169 -509 39
63725: -181 -169 -510 48
63727: -181 -169 -512 66
63728: -181 -169 -513 75
63733: -181 -170 -590 39
63734: -181 -170 -591 48
63736: -181 -170 -593 66
63737: -181 -170 -594 75
63742: -181 -171 -671 39
63743: -181 -171 -672 48
63745: -181 -171 -674 66
63746: -181 -171 -675 75
63784: -190 -167 -344 13
63787: -190 -167 -347 40
63788: -190 -167 -348 49
63789: -190 -167 -349 58
63790: -190 -167 -350 67
63791: -190 -167 -351 76
63793: -190 -168 -425 13
63795: -190 -168 -427 31
63796: -190 -168 -428 40
63797: -190 -168 -429 49
63798: -190 -168 -430 58
63799: -190 -168 -431 67
63800: -190 -168 -432 76
63802: -190 -169 -506 13
63805: -190 -169 -509 40
63806: -190 -169 -510 49
63807: -190 -169 -511 58
63808: -190 -169 -512 67
63809: -190 -169 -513 76
63811: -190 -170 -587 13
63813: -190 -170 -589 31
63814: -190 -170 -590 40
63815: -190 -170 -591 49
63816: -190 -170 -592 58
63817: -190 -170 -593 67
63818: -190 -170 -594 76
63819: -190 -171 -667 4
63820: -190 -171 -668 13
63823: -190 -171 -671 40
63824: -190 -171 -672 49
63825: -190 -171 -673 58
63826: -190 -171 -674 67
63827: -190 -171 -675 76
63859: -199 -166 -266 41
63860: -199 -166 -267 50
63861: -199 -166 -268 59
63862: -199 -166 -269 68
63865: -199 -167 -344 14
63868: -199 -167 -347 41
63869: -199 -167 -348 50
63870: -199 -167 -349 59
63871: -199 -167 -350 68
63874: -199 -168 -425 14
63875: -199 -168 -426 23
63876: -199 -168 -427 32
63877: -199 -168 -428 41
63878: -199 -168 -429 50
63879: -199 -168 -430 59
63880: -199 -168 -431 68
63883: -199 -169 -506 14
63884: -199 -169 -507 23
63886: -199 -169 -509 41
63887: -199 -169 -510 50
63889: -199 -169 -512 68
63892: -199 -170 -587 14
63893: -199 -170 -588 23
63895: -199 -170 -590 41
63896: -199 -170 -591 50
63897: -199 -170 -592 59
63898: -199 -170 -593 68
63902: -199 -171 -669 23
63904: -199 -171 -671 41
63907: -199 -171 -674 68
63941: -208 -166 -267 51
63942: -208 -166 -268 60
63943: -208 -166 -269 69
63944: -208 -166 -270 78
63947: -208 -167 -345 24
63955: -208 -168 -425 15
63959: -208 -168 -429 51
63961: -208 -168 -431 69
63962: -208 -168 -432 78
63963: -208 -169 -505 6
63964: -208 -169 -506 15
63965: -208 -169 -507 24
63966: -208 -169 -508 33
63968: -208 -169 -510 51
63969: -208 -169 -511 60
63970: -208 -169 -512 69
63971: -208 -169 -513 78
63972: -208 -170 -586 6
63973: -208 -170 -587 15
63974: -208 -170 -588 24
63975: -208 -170 -589 33
63977: -208 -170 -591 51
63978: -208 -170 -592 60
63979: -208 -170 -593 69
63980: -208 -170 -594 78
63981: -208 -171 -667 6
63982: -208 -171 -668 15
63983: -208 -171 -669 24
63986: -208 -171 -672 51
63988: -208 -171 -674 69
63989: -208 -171 -675 78
64021: -217 -166 -266 43
64023: -217 -166 -268 61
64024: -217 -166 -269 70
64025: -217 -166 -270 79
64026: -217 -167 -343 7
64027: -217 -167 -344 16
64028: -217 -167 -345 25
64029: -217 -167 -346 34
64030: -217 -167 -347 43
64032: -217 -167 -349 61
64033: -217 -167 -350 70
64034: -217 -167 -351 79
64037: -217 -168 -426 25
64042: -217 -168 -431 70
64044: -217 -169 -505 7
64045: -217 -169 -506 16
64048: -217 -169 -509 43
64051: -217 -169 -512 70
64052: -217 -169 -513 79
64054: -217 -170 -587 16
64055: -217 -170 -588 25
64056: -217 -170 -589 34
64057: -217 -170 -590 43
64059: -217 -170 -592 61
64060: -217 -170 -593 70
64061: -217 -170 -594 79
64062: -217 -171 -667 7
64063: -217 -171 -668 16
64064: -217 -171 -669 25
64066: -217 -171 -671 43
64069: -217 -171 -674 70
64070: -217 -171 -675 79
64102: -226 -166 -266 44
64103: -226 -166 -267 53
64105: -226 -166 -269 71
64106: -226 -166 -270 80
64107: -226 -167 -343 8
64108: -226 -167 -344 17
64109: -226 -167 -345 26
64112: -226 -167 -348 53
64114: -226 -167 -350 71
64117: -226 -168 -425 17
64118: -226 -168 -426 26
64119: -226 -168 -427 35
64120: -226 -168 -428 44
64121: -226 -168 -429 53
64123: -226 -168 -431 71
64124: -226 -168 -432 80
64126: -226 -169 -506 17
64129: -226 -169 -509 44
64130: -226 -169 -510 53
64132: -226 -169 -512 71
64135: -226 -170 -587 17
64137: -226 -170 -589 35
64138: -226 -170 -590 44
64139: -226 -170 -591 53
64142: -226 -170 -594 80
64147: -226 -171 -671 44
64183: -235 -166 -266 45
64184: -235 -166 -267 54
64187: -235 -166 -270 81
64189: -235 -167 -344 18
64190: -235 -167 -345 27
64192: -235 -167 -347 45
64193: -235 -167 -348 54
64194: -235 -167 -349 63
64196: -235 -167 -351 81
64197: -235 -168 -424 9
64198: -235 -168 -425 18
64199: -235 -168 -426 27
64200: -235 -168 -427 36
64201: -235 -168 -428 45
64202: -235 -168 -429 54
64203: -235 -168 -430 63
64205: -235 -168 -432 81
64207: -235 -169 -506 18
64208: -235 -169 -507 27
64210: -235 -169 -509 45
64211: -235 -169 -510 54
64214: -235 -169 -513 81
64216: -235 -170 -587 18
64217: -235 -170 -588 27
64219: -235 -170 -590 45
64220: -235 -170 -591 54
64221: -235 -170 -592 63
64223: -235 -170 -594 81
64225: -235 -171 -668 18
64228: -235 -171 -671 45
64229: -235 -171 -672 54
64232: -235 -171 -675 81
64585: -280 -247 -272 14
64590: -280 -247 -277 59
64591: -280 -247 -278 68
64606: -280 -249 -437 41
64607: -280 -249 -438 50
64608: -280 -249 -439 59
64609: -280 -249 -440 68
64615: -280 -250 -518 41
64616: -280 -250 -519 50
64617: -280 -250 -520 59
64618: -280 -250 -521 68
64624: -280 -251 -599 41
64625: -280 -251 -600 50
64627: -280 -251 -602 68
64629: -280 -252 -676 5
64631: -280 -252 -678 23
64632: -280 -252 -679 32
64633: -280 -252 -680 41
64634: -280 -252 -681 50
64635: -280 -252 -682 59
64636: -280 -252 -683 68
64668: -289 -247 -274 33
64670: -289 -247 -276 51
64671: -289 -247 -277 60
64672: -289 -247 -278 69
64673: -289 -247 -279 78
64679: -289 -248 -357 51
64680: -289 -248 -358 60
64681: -289 -248 -359 69
64697: -289 -250 -519 51
64698: -289 -250 -520 60
64699: -289 -250 -521 69
64700: -289 -250 -522 78
64706: -289 -251 -600 51
64708: -289 -251 -602 69
64709: -289 -251 -603 78
64712: -289 -252 -678 24
64713: -289 -252 -679 33
64715: -289 -252 -681 51
64716: -289 -252 -682 60
64717: -289 -252 -683 69
64718: -289 -252 -684 78
64750: -298 -247 -275 43
64752: -298 -247 -277 61
64753: -298 -247 -278 70
64754: -298 -247 -279 79
64759: -298 -248 -356 43
64761: -298 -248 -358 61
64762: -298 -248 -359 70
64768: -298 -249 -437 43
64770: -298 -249 -439 61
64771: -298 -249 -440 70
64772: -298 -249 -441 79
64782: -298 -251 -595 7
64783: -298 -251 -596 16
64784: -298 -251 -597 25
64786: -298 -251 -599 43
64789: -298 -251 -602 70
64790: -298 -251 -603 79
64793: -298 -252 -678 25
64794: -298 -252 -679 34
64795: -298 -252 -680 43
64797: -298 -252 -682 61
64798: -298 -252 -683 70
64799: -298 -252 -684 79
64831: -307 -247 -275 44
64832: -307 -247 -276 53
64834: -307 -247 -278 71
64835: -307 -247 -279 80
64840: -307 -248 -356 44
64841: -307 -248 -357 53
64843: -307 -248 -359 71
64845: -307 -249 -433 8
64847: -307 -249 -435 26
64848: -307 -249 -436 35
64850: -307 -249 -438 53
64852: -307 -249 -440 71
64853: -307 -249 -441 80
64858: -307 -250 -518 44
64859: -307 -250 -519 53
64861: -307 -250 -521 71
64862: -307 -250 -522 80
64875: -307 -252 -679 35
64876: -307 -252 -680 44
64877: -307 -252 -681 53
64880: -307 -252 -684 80
64912: -316 -247 -275 45
64914: -316 -247 -277 63
64916: -316 -247 -279 81
64921: -316 -248 -356 45
64922: -316 -248 -357 54
64923: -316 -248 -358 63
64925: -316 -248 -360 81
64930: -316 -249 -437 45
64931: -316 -249 -438 54
64932: -316 -249 -439 63
64934: -316 -249 -441 81
64939: -316 -250 -518 45
64940: -316 -250 -519 54
64941: -316 -250 -520 63
64943: -316 -250 -522 81
64946: -316 -251 -597 27
64948: -316 -251 -599 45
64949: -316 -251 -600 54
64950: -316 -251 -601 63
64952: -316 -251 -603 81
65053: -334 -326 -119 11
65056: -334 -326 -122 38
65057: -334 -326 -123 47
65058: -334 -326 -124 56
65059: -334 -326 -125 65
65060: -334 -326 -126 74
65062: -334 -327 -200 11
65063: -334 -327 -201 20
65065: -334 -327 -203 38
65066: -334 -327 -204 47
65067: -334 -327 -205 56
65069: -334 -327 -207 74
65071: -334 -328 -281 11
65074: -334 -328 -284 38
65075: -334 -328 -285 47
65076: -334 -328 -286 56
65077: -334 -328 -287 65
65078: -334 -328 -288 74
65080: -334 -329 -362 11
65084: -334 -329 -366 47
65085: -334 -329 -367 56
65086: -334 -329 -368 65
65089: -334 -330 -443 11
65092: -334 -330 -446 38
65093: -334 -330 -447 47
65094: -334 -330 -448 56
65096: -334 -330 -450 74
65098: -334 -331 -524 11
65099: -334 -331 -525 20
65101: -334 -331 -527 38
65102: -334 -331 -528 47
65103: -334 -331 -529 56
65104: -334 -331 -530 65
65107: -334 -332 -605 11
65110: -334 -332 -608 38
65112: -334 -332 -610 56
65113: -334 -332 -611 65
65137: -343 -326 -122 39
65138: -343 -326 -123 48
65139: -343 -326 -124 57
65140: -343 -326 -125 66
65141: -343 -326 -126 75
65142: -343 -327 -199 3
65146: -343 -327 -203 39
65149: -343 -327 -206 66
65151: -343 -328 -280 3
65155: -343 -328 -284 39
65156: -343 -328 -285 48
65157: -343 -328 -286 57
65158: -343 -328 -287 66
65159: -343 -328 -288 75
65165: -343 -329 -366 48
65166: -343 -329 -367 57
65167: -343 -329 -368 66
65169: -343 -330 -442 3
65175: -343 -330 -448 57
65178: -343 -331 -523 3
65180: -343 -331 -525 21
65182: -343 -331 -527 39
65184: -343 -331 -529 57
65185: -343 -331 -530 66
65187: -343 -332 -604 3
65191: -343 -332 -608 39
65193: -343 -332 -610 57
65194: -343 -332 -611 66
65215: -352 -326 -119 13
65222: -352 -326 -126 76
65223: -352 -327 -199 4
65224: -352 -327 -200 13
65228: -352 -327 -204 49
65229: -352 -327 -205 58
65230: -352 -327 -206 67
65232: -352 -328 -280 4
65237: -352 -328 -285 49
65238: -352 -328 -286 58
65241: -352 -329 -361 4
65242: -352 -329 -362 13
65245: -352 -329 -365 40
65246: -352 -329 -366 49
65247: -352 -329 -367 58
65248: -352 -329 -368 67
65250: -352 -330 -442 4
65251: -352 -330 -443 13
65254: -352 -330 -446 40
65255: -352 -330 -447 49
65256: -352 -330 -448 58
65258: -352 -330 -450 76
65259: -352 -331 -523 4
65260: -352 -331 -524 13
65263: -352 -331 -527 40
65264: -352 -331 -528 49
65265: -352 -331 -529 58
65267: -352 -331 -531 76
65268: -352 -332 -604 4
65269: -352 -332 -605 13
65272: -352 -332 -608 40
65273: -352 -332 -609 49
65274: -352 -332 -610 58
65275: -352 -332 -611 67
65276: -352 -332 -612 76
65296: -361 -326 -119 14
65300: -361 -326 -123 50
65301: -361 -326 -124 59
65302: -361 -326 -125 68
65304: -361 -327 -199 5
65305: -361 -327 -200 14
65306: -361 -327 -201 23
65308: -361 -327 -203 41
65309: -361 -327 -204 50
65310: -361 -327 -205 59
65311: -361 -327 -206 68
65313: -361 -328 -280 5
65314: -361 -328 -281 14
65316: -361 -328 -283 32
65318: -361 -328 -285 50
65319: -361 -328 -286 59
65320: -361 -328 -287 68
65322: -361 -329 -361 5
65331: -361 -330 -442 5
65333: -361 -330 -444 23
65337: -361 -330 -448 59
65338: -361 -330 -449 68
65340: -361 -331 -523 5
65345: -361 -331 -528 50
65346: -361 -331 -529 59
65347: -361 -331 -530 68
65350: -361 -332 -605 14
65351: -361 -332 -606 23
65354: -361 -332 -609 50
65355: -361 -332 -610 59
65356: -361 -332 -611 68
65376: -370 -326 -118 6
65377: -370 -326 -119 15
65381: -370 -326 -123 51
65382: -370 -326 -124 60
65383: -370 -326 -125 69
65384: -370 -326 -126 78
65385: -370 -327 -199 6
65386: -370 -327 -200 15
65390: -370 -327 -204 51
65391: -370 -327 -205 60
65392: -370 -327 -206 69
65393: -370 -327 -207 78
65394: -370 -328 -280 6
65395: -370 -328 -281 15
65399: -370 -328 -285 51
65400: -370 -328 -286 60
65401: -370 -328 -287 69
65402: -370 -328 -288 78
65404: -370 -329 -362 15
65405: -370 -329 -363 24
65408: -370 -329 -366 51
65409: -370 -329 -367 60
65410: -370 -329 -368 69
65418: -370 -330 -448 60
65420: -370 -330 -450 78
65421: -370 -331 -523 6
65423: -370 -331 -525 24
65426: -370 -331 -528 51
65427: -370 -331 -529 60
65428: -370 -331 -530 69
65429: -370 -331 -531 78
65430: -370 -332 -604 6
65431: -370 -332 -605 15
65436: -370 -332 -610 60
65437: -370 -332 -611 69
65438: -370 -332 -612 78
65458: -379 -326 -119 16
65461: -379 -326 -122 43
65463: -379 -326 -124 61
65464: -379 -326 -125 70
65465: -379 -326 -126 79
65466: -379 -327 -199 7
65467: -379 -327 -200 16
65468: -379 -327 -201 25
65470: -379 -327 -203 43
65472: -379 -327 -205 61
65473: -379 -327 -206 70
65474: -379 -327 -207 79
65475: -379 -328 -280 7
65476: -379 -328 -281 16
65479: -379 -328 -284 43
65481: -379 -328 -286 61
65482: -379 -328 -287 70
65483: -379 -328 -288 79
65485: -379 -329 -362 16
65486: -379 -329 -363 25
65490: -379 -329 -367 61
65491: -379 -329 -368 70
65495: -379 -330 -444 25
65499: -379 -330 -448 61
65501: -379 -330 -450 79
65502: -379 -331 -523 7
65506: -379 -331 -527 43
65510: -379 -331 -531 79
65511: -379 -332 -604 7
65512: -379 -332 -605 16
65513: -379 -332 -606 25
65515: -379 -332 -608 43
65517: -379 -332 -610 61
65518: -379 -332 -611 70
65519: -379 -332 -612 79
65539: -388 -326 -119 17
65542: -388 -326 -122 44
65543: -388 -326 -123 53
65545: -388 -326 -125 71
65546: -388 -326 -126 80
65547: -388 -327 -199 8
65548: -388 -327 -200 17
65549: -388 -327 -201 26
65551: -388 -327 -203 44
65554: -388 -327 -206 71
65555: -388 -327 -207 80
65556: -388 -328 -280 8
65557: -388 -328 -281 17
65560: -388 -328 -284 44
65561: -388 -328 -285 53
65563: -388 -328 -287 71
65564: -388 -328 -288 80
65566: -388 -329 -362 17
65567: -388 -329 -363 26
65570: -388 -329 -366 53
65572: -388 -329 -368 71
65583: -388 -331 -523 8
65587: -388 -331 -527 44
65588: -388 -331 -528 53
65591: -388 -331 -531 80
65593: -388 -332 -605 17
65596: -388 -332 -608 44
65599: -388 -332 -611 71
65620: -397 -326 -119 18
65623: -397 -326 -122 45
65624: -397 -326 -123 54
65625: -397 -326 -124 63
65627: -397 -326 -126 81
65628: -397 -327 -199 9
65629: -397 -327 -200 18
65632: -397 -327 -203 45
65633: -397 -327 -204 54
65634: -397 -327 -205 63
65637: -397 -328 -280 9
65638: -397 -328 -281 18
65641: -397 -328 -284 45
65642: -397 -328 -285 54
65643: -397 -328 -286 63
65645: -397 -328 -288 81
65647: -397 -329 -362 18
65648: -397 -329 -363 27
65651: -397 -329 -366 54
65652: -397 -329 -367 63
65655: -397 -330 -442 9
65656: -397 -330 -443 18
65657: -397 -330 -444 27
65659: -397 -330 -446 45
65660: -397 -330 -447 54
65661: -397 -330 -448 63
65663: -397 -330 -450 81
65664: -397 -331 -523 9
65665: -397 -331 -524 18
65666: -397 -331 -525 27
65668: -397 -331 -527 45
65670: -397 -331 -529 63
65672: -397 -331 -531 81
65673: -397 -332 -604 9
65674: -397 -332 -605 18
65675: -397 -332 -606 27
65677: -397 -332 -608 45
65679: -397 -332 -610 63
65791: -415 -408 -209 11
65792: -415 -408 -210 20
65795: -415 -408 -213 47
65796: -415 -408 -214 56
65797: -415 -408 -215 65
65800: -415 -409 -290 11
65803: -415 -409 -293 38
65804: -415 -409 -294 47
65805: -415 -409 -295 56
65806: -415 -409 -296 65
65807: -415 -409 -297 74
65820: -415 -411 -454 29
65823: -415 -411 -457 56
65824: -415 -411 -458 65
65825: -415 -411 -459 74
65831: -415 -412 -537 47
65833: -415 -412 -539 65
65834: -415 -412 -540 74
65837: -415 -413 -615 20
65839: -415 -413 -617 38
65840: -415 -413 -618 47
65841: -415 -413 -619 56
65842: -415 -413 -620 65
65843: -415 -413 -621 74
65845: -415 -414 -695 11
65849: -415 -414 -699 47
65851: -415 -414 -701 65
65852: -415 -414 -702 74
65873: -424 -408 -210 21
65876: -424 -408 -213 48
65878: -424 -408 -215 66
65879: -424 -408 -216 75
65880: -424 -409 -289 3
65884: -424 -409 -293 39
65885: -424 -409 -294 48
65886: -424 -409 -295 57
65887: -424 -409 -296 66
65904: -424 -411 -457 57
65905: -424 -411 -458 66
65906: -424 -411 -459 75
65907: -424 -412 -532 3
65913: -424 -412 -538 57
65915: -424 -412 -540 75
65916: -424 -413 -613 3
65921: -424 -413 -618 48
65922: -424 -413 -619 57
65925: -424 -414 -694 3
65943: -433 -407 -127 4
65944: -433 -407 -128 13
65947: -433 -407 -131 40
65948: -433 -407 -132 49
65949: -433 -407 -133 58
65950: -433 -407 -134 67
65951: -433 -407 -135 76
65952: -433 -408 -208 4
65953: -433 -408 -209 13
65956: -433 -408 -212 40
65957: -433 -408 -213 49
65959: -433 -408 -215 67
65961: -433 -409 -289 4
65962: -433 -409 -290 13
65965: -433 -409 -293 40
65966: -433 -409 -294 49
65967: -433 -409 -295 58
65968: -433 -409 -296 67
65969: -433 -409 -297 76
65980: -433 -411 -452 13
65985: -433 -411 -457 58
65986: -433 -411 -458 67
65987: -433 -411 -459 76
65988: -433 -412 -532 4
65989: -433 -412 -533 13
65992: -433 -412 -536 40
65993: -433 -412 -537 49
65994: -433 -412 -538 58
65995: -433 -412 -539 67
65996: -433 -412 -540 76
65997: -433 -413 -613 4
65998: -433 -413 -614 13
66000: -433 -413 -616 31
66001: -433 -413 -617 40
66002: -433 -413 -618 49
66003: -433 -413 -619 58
66004: -433 -413 -620 67
66005: -433 -413 -621 76
66006: -433 -414 -694 4
66010: -433 -414 -698 40
66011: -433 -414 -699 49
66012: -433 -414 -700 58
66013: -433 -414 -701 67
66014: -433 -414 -702 76
66030: -442 -407 -133 59
66033: -442 -408 -208 5
66034: -442 -408 -209 14
66038: -442 -408 -213 50
66039: -442 -408 -214 59
66040: -442 -408 -215 68
66042: -442 -409 -289 5
66046: -442 -409 -293 41
66047: -442 -409 -294 50
66048: -442 -409 -295 59
66049: -442 -409 -296 68
66061: -442 -411 -452 14
66062: -442 -411 -453 23
66066: -442 -411 -457 59
66067: -442 -411 -458 68
66069: -442 -412 -532 5
66070: -442 -412 -533 14
66075: -442 -412 -538 59
66078: -442 -413 -613 5
66079: -442 -413 -614 14
66080: -442 -413 -615 23
66082: -442 -413 -617 41
66083: -442 -413 -618 50
66084: -442 -413 -619 59
66085: -442 -413 -620 68
66087: -442 -414 -694 5
66092: -442 -414 -699 50
66093: -442 -414 -700 59
66094: -442 -414 -701 68
66105: -451 -407 -127 6
66111: -451 -407 -133 60
66113: -451 -407 -135 78
66114: -451 -408 -208 6
66115: -451 -408 -209 15
66116: -451 -408 -210 24
66120: -451 -408 -214 60
66121: -451 -408 -215 69
66122: -451 -408 -216 78
66124: -451 -409 -290 15
66129: -451 -409 -295 60
66130: -451 -409 -296 69
66131: -451 -409 -297 78
66141: -451 -411 -451 6
66150: -451 -412 -532 6
66155: -451 -412 -537 51
66156: -451 -412 -538 60
66157: -451 -412 -539 69
66158: -451 -412 -540 78
66159: -451 -413 -613 6
66161: -451 -413 -615 24
66165: -451 -413 -619 60
66166: -451 -413 -620 69
66167: -451 -413 -621 78
66173: -451 -414 -699 51
66175: -451 -414 -701 69
66187: -460 -407 -128 16
66193: -460 -407 -134 70
66194: -460 -407 -135 79
66195: -460 -408 -208 7
66196: -460 -408 -209 16
66197: -460 -408 -210 25
66199: -460 -408 -212 43
66201: -460 -408 -214 61
66202: -460 -408 -215 70
66203: -460 -408 -216 79
66204: -460 -409 -289 7
66205: -460 -409 -290 16
66208: -460 -409 -293 43
66210: -460 -409 -295 61
66223: -460 -411 -452 16
66229: -460 -411 -458 70
66230: -460 -411 -459 79
66231: -460 -412 -532 7
66232: -460 -412 -533 16
66235: -460 -412 -536 43
66237: -460 -412 -538 61
66238: -460 -412 -539 70
66239: -460 -412 -540 79
66240: -460 -413 -613 7
66241: -460 -413 -614 16
66242: -460 -413 -615 25
66246: -460 -413 -619 61
66247: -460 -413 -620 70
66248: -460 -413 -621 79
66249: -460 -414 -694 7
66250: -460 -414 -695 16
66255: -460 -414 -700 61
66256: -460 -414 -701 70
66257: -460 -414 -702 79
66267: -469 -407 -127 8
66268: -469 -407 -128 17
66274: -469 -407 -134 71
66276: -469 -408 -208 8
66277: -469 -408 -209 17
66280: -469 -408 -212 44
66281: -469 -408 -213 53
66283: -469 -408 -215 71
66284: -469 -408 -216 80
66285: -469 -409 -289 8
66288: -469 -409 -292 35
66290: -469 -409 -294 53
66292: -469 -409 -296 71
66293: -469 -409 -297 80
66304: -469 -411 -452 17
66305: -469 -411 -453 26
66310: -469 -411 -458 71
66311: -469 -411 -459 80
66313: -469 -412 -533 17
66314: -469 -412 -534 26
66316: -469 -412 -536 44
66319: -469 -412 -539 71
66321: -469 -413 -613 8
66322: -469 -413 -614 17
66325: -469 -413 -617 44
66326: -469 -413 -618 53
66328: -469 -413 -620 71
66329: -469 -413 -621 80
66330: -469 -414 -694 8
66334: -469 -414 -698 44
66337: -469 -414 -701 71
66338: -469 -414 -702 80
66349: -478 -407 -128 18
66353: -478 -407 -132 54
66354: -478 -407 -133 63
66356: -478 -407 -135 81
66357: -478 -408 -208 9
66358: -478 -408 -209 18
66359: -478 -408 -210 27
66361: -478 -408 -212 45
66362: -478 -408 -213 54
66363: -478 -408 -214 63
66365: -478 -408 -216 81
66366: -478 -409 -289 9
66370: -478 -409 -293 45
66371: -478 -409 -294 54
66372: -478 -409 -295 63
66374: -478 -409 -297 81
66385: -478 -411 -452 18
66386: -478 -411 -453 27
66390: -478 -411 -457 63
66392: -478 -411 -459 81
66393: -478 -412 -532 9
66394: -478 -412 -533 18
66397: -478 -412 -536 45
66398: -478 -412 -537 54
66399: -478 -412 -538 63
66401: -478 -412 -540 81
66402: -478 -413 -613 9
66407: -478 -413 -618 54
66408: -478 -413 -619 63
66410: -478 -413 -621 81
66411: -478 -414 -694 9
66412: -478 -414 -695 18
66413: -478 -414 -696 27
66416: -478 -414 -699 54
66417: -478 -414 -700 63
66419: -478 -414 -702 81
66514: -496 -488 -140 38
66520: -496 -489 -218 11
66525: -496 -489 -223 56
66527: -496 -489 -225 74
66529: -496 -490 -299 11
66532: -496 -490 -302 38
66533: -496 -490 -303 47
66534: -496 -490 -304 56
66535: -496 -490 -305 65
66536: -496 -490 -306 74
66541: -496 -491 -383 38
66542: -496 -491 -384 47
66543: -496 -491 -385 56
66544: -496 -491 -386 65
66545: -496 -491 -387 74
66559: -496 -493 -545 38
66562: -496 -493 -548 65
66563: -496 -493 -549 74
66568: -496 -494 -626 38
66569: -496 -494 -627 47
66571: -496 -494 -629 65
66572: -496 -494 -630 74
66574: -496 -495 -704 11
66577: -496 -495 -707 38
66578: -496 -495 -708 47
66579: -496 -495 -709 56
66581: -496 -495 -711 74
66595: -505 -488 -140 39
66596: -505 -488 -141 48
66597: -505 -488 -142 57
66598: -505 -488 -143 66
66599: -505 -488 -144 75
66600: -505 -489 -217 3
66605: -505 -489 -222 48
66606: -505 -489 -223 57
66607: -505 -489 -224 66
66609: -505 -490 -298 3
66613: -505 -490 -302 39
66614: -505 -490 -303 48
66615: -505 -490 -304 57
66616: -505 -490 -305 66
66617: -505 -490 -306 75
66618: -505 -491 -379 3
66620: -505 -491 -381 21
66623: -505 -491 -384 48
66625: -505 -491 -386 66
66644: -505 -493 -549 75
66645: -505 -494 -622 3
66647: -505 -494 -624 21
66649: -505 -494 -626 39
66650: -505 -494 -627 48
66651: -505 -494 -628 57
66652: -505 -494 -629 66
66653: -505 -494 -630 75
66654: -505 -495 -703 3
66656: -505 -495 -705 21
66658: -505 -495 -707 39
66660: -505 -495 -709 57
66661: -505 -495 -710 66
66662: -505 -495 -711 75
66672: -514 -488 -136 4
66676: -514 -488 -140 40
66677: -514 -488 -141 49
66678: -514 -488 -142 58
66679: -514 -488 -143 67
66681: -514 -489 -217 4
66685: -514 -489 -221 40
66686: -514 -489 -222 49
66687: -514 -489 -223 58
66688: -514 -489 -224 67
66689: -514 -489 -225 76
66690: -514 -490 -298 4
66694: -514 -490 -302 40
66695: -514 -490 -303 49
66697: -514 -490 -305 67
66698: -514 -490 -306 76
66699: -514 -491 -379 4
66700: -514 -491 -380 13
66702: -514 -491 -382 31
66703: -514 -491 -383 40
66704: -514 -491 -384 49
66705: -514 -491 -385 58
66706: -514 -491 -386 67
66707: -514 -491 -387 76
66721: -514 -493 -545 40
66724: -514 -493 -548 67
66725: -514 -493 -549 76
66726: -514 -494 -622 4
66730: -514 -494 -626 40
66731: -514 -494 -627 49
66732: -514 -494 -628 58
66733: -514 -494 -629 67
66734: -514 -494 -630 76
66735: -514 -495 -703 4
66740: -514 -495 -708 49
66741: -514 -495 -709 58
66742: -514 -495 -710 67
66743: -514 -495 -711 76
66753: -523 -488 -136 5
66757: -523 -488 -140 41
66759: -523 -488 -142 59
66760: -523 -488 -143 68
66762: -523 -489 -217 5
66763: -523 -489 -218 14
66766: -523 -489 -221 41
66767: -523 -489 -222 50
66768: -523 -489 -223 59
66769: -523 -489 -224 68
66771: -523 -490 -298 5
66772: -523 -490 -299 14
66775: -523 -490 -302 41
66776: -523 -490 -303 50
66777: -523 -490 -304 59
66778: -523 -490 -305 68
66780: -523 -491 -379 5
66783: -523 -491 -382 32
66786: -523 -491 -385 59
66787: -523 -491 -386 68
66799: -523 -493 -542 14
66800: -523 -493 -543 23
66802: -523 -493 -545 41
66805: -523 -493 -548 68
66807: -523 -494 -622 5
66809: -523 -494 -624 23
66810: -523 -494 -625 32
66812: -523 -494 -627 50
66813: -523 -494 -628 59
66816: -523 -495 -703 5
66817: -523 -495 -704 14
66818: -523 -495 -705 23
66820: -523 -495 -707 41
66822: -523 -495 -709 59
66823: -523 -495 -710 68
66834: -532 -488 -136 6
66835: -532 -488 -137 15
66839: -532 -488 -141 51
66840: -532 -488 -142 60
66841: -532 -488 -143 69
66842: -532 -488 -144 78
66843: -532 -489 -217 6
66844: -532 -489 -218 15
66848: -532 -489 -222 51
66849: -532 -489 -223 60
66850: -532 -489 -224 69
66851: -532 -489 -225 78
66852: -532 -490 -298 6
66853: -532 -490 -299 15
66857: -532 -490 -303 51
66858: -532 -490 -304 60
66859: -532 -490 -305 69
66860: -532 -490 -306 78
66861: -532 -491 -379 6
66862: -532 -491 -380 15
66863: -532 -491 -381 24
66864: -532 -491 -382 33
66866: -532 -491 -384 51
66867: -532 -491 -385 60
66868: -532 -491 -386 69
66869: -532 -491 -387 78
66880: -532 -493 -542 15
66881: -532 -493 -543 24
66886: -532 -493 -548 69
66887: -532 -493 -549 78
66895: -532 -494 -629 69
66897: -532 -495 -703 6
66898: -532 -495 -704 15
66902: -532 -495 -708 51
66905: -532 -495 -711 78
66916: -541 -488 -137 16
66919: -541 -488 -140 43
66922: -541 -488 -143 70
66923: -541 -488 -144 79
66924: -541 -489 -217 7
66925: -541 -489 -218 16
66928: -541 -489 -221 43
66930: -541 -489 -223 61
66931: -541 -489 -224 70
66932: -541 -489 -225 79
66933: -541 -490 -298 7
66934: -541 -490 -299 16
66937: -541 -490 -302 43
66939: -541 -490 -304 61
66940: -541 -490 -305 70
66941: -541 -490 -306 79
66942: -541 -491 -379 7
66943: -541 -491 -380 16
66944: -541 -491 -381 25
66946: -541 -491 -383 43
66949: -541 -491 -386 70
66950: -541 -491 -387 79
66960: -541 -493 -541 7
66969: -541 -494 -622 7
66970: -541 -494 -623 16
66973: -541 -494 -626 43
66976: -541 -494 -629 70
66977: -541 -494 -630 79
66978: -541 -495 -703 7
66979: -541 -495 -704 16
66982: -541 -495 -707 43
66984: -541 -495 -709 61
66985: -541 -495 -710 70
66986: -541 -495 -711 79
66996: -550 -488 -136 8
66997: -550 -488 -137 17
67000: -550 -488 -140 44
67001: -550 -488 -141 53
67003: -550 -488 -143 71
67004: -550 -488 -144 80
67005: -550 -489 -217 8
67006: -550 -489 -218 17
67010: -550 -489 -222 53
67012: -550 -489 -224 71
67013: -550 -489 -225 80
67014: -550 -490 -298 8
67015: -550 -490 -299 17
67018: -550 -490 -302 44
67019: -550 -490 -303 53
67021: -550 -490 -305 71
67022: -550 -490 -306 80
67023: -550 -491 -379 8
67024: -550 -491 -380 17
67025: -550 -491 -381 26
67027: -550 -491 -383 44
67028: -550 -491 -384 53
67030: -550 -491 -386 71
67031: -550 -491 -387 80
67042: -550 -493 -542 17
67043: -550 -493 -543 26
67048: -550 -493 -548 71
67049: -550 -493 -549 80
67050: -550 -494 -622 8
67051: -550 -494 -623 17
67052: -550 -494 -624 26
67054: -550 -494 -626 44
67055: -550 -494 -627 53
67057: -550 -494 -629 71
67058: -550 -494 -630 80
67059: -550 -495 -703 8
67077: -559 -488 -136 9
67078: -559 -488 -137 18
67081: -559 -488 -140 45
67083: -559 -488 -142 63
67085: -559 -488 -144 81
67086: -559 -489 -217 9
67087: -559 -489 -218 18
67088: -559 -489 -219 27
67090: -559 -489 -221 45
67092: -559 -489 -223 63
67094: -559 -489 -225 81
67095: -559 -490 -298 9
67096: -559 -490 -299 18
67099: -559 -490 -302 45
67100: -559 -490 -303 54
67101: -559 -490 -304 63
67103: -559 -490 -306 81
67104: -559 -491 -379 9
67105: -559 -491 -380 18
67106: -559 -491 -381 27
67108: -559 -491 -383 45
67109: -559 -491 -384 54
67110: -559 -491 -385 63
67112: -559 -491 -387 81
67123: -559 -493 -542 18
67126: -559 -493 -545 45
67130: -559 -493 -549 81
67132: -559 -494 -623 18
67133: -559 -494 -624 27
67135: -559 -494 -626 45
67136: -559 -494 -627 54
67137: -559 -494 -628 63
67139: -559 -494 -630 81
67140: -559 -495 -703 9
67142: -559 -495 -705 27
67240: -577 -569 -146 11
67242: -577 -569 -148 29
67243: -577 -569 -149 38
67245: -577 -569 -151 56
67246: -577 -569 -152 65
67247: -577 -569 -153 74
67249: -577 -570 -227 11
67250: -577 -570 -228 20
67252: -577 -570 -230 38
67253: -577 -570 -231 47
67254: -577 -570 -232 56
67255: -577 -570 -233 65
67256: -577 -570 -234 74
67258: -577 -571 -308 11
67261: -577 -571 -311 38
67262: -577 -571 -312 47
67263: -577 -571 -313 56
67264: -577 -571 -314 65
67265: -577 -571 -315 74
67267: -577 -572 -389 11
67270: -577 -572 -392 38
67273: -577 -572 -395 65
67279: -577 -573 -473 38
67295: -577 -575 -633 20
67297: -577 -575 -635 38
67298: -577 -575 -636 47
67301: -577 -575 -639 74
67305: -577 -576 -715 29
67306: -577 -576 -716 38
67307: -577 -576 -717 47
67309: -577 -576 -719 65
67310: -577 -576 -720 74
67327: -586 -569 -152 66
67328: -586 -569 -153 75
67331: -586 -570 -228 21
67334: -586 -570 -231 48
67338: -586 -571 -307 3
67342: -586 -571 -311 39
67345: -586 -571 -314 66
67346: -586 -571 -315 75
67349: -586 -572 -390 21
67352: -586 -572 -393 48
67353: -586 -572 -394 57
67354: -586 -572 -395 66
67355: -586 -572 -396 75
67360: -586 -573 -473 39
67378: -586 -575 -635 39
67401: -595 -569 -145 4
67402: -595 -569 -146 13
67405: -595 -569 -149 40
67408: -595 -569 -152 67
67409: -595 -569 -153 76
67410: -595 -570 -226 4
67414: -595 -570 -230 40
67415: -595 -570 -231 49
67418: -595 -570 -234 76
67419: -595 -571 -307 4
67423: -595 -571 -311 40
67427: -595 -571 -315 76
67428: -595 -572 -388 4
67429: -595 -572 -389 13
67432: -595 -572 -392 40
67433: -595 -572 -393 49
67434: -595 -572 -394 58
67435: -595 -572 -395 67
67436: -595 -572 -396 76
67437: -595 -573 -469 4
67438: -595 -573 -470 13
67441: -595 -573 -473 40
67442: -595 -573 -474 49
67445: -595 -573 -477 76
67456: -595 -575 -632 13
67459: -595 -575 -635 40
67463: -595 -575 -639 76
67467: -595 -576 -715 31
67468: -595 -576 -716 40
67486: -604 -569 -149 41
67487: -604 -569 -150 50
67488: -604 -569 -151 59
67489: -604 -569 -152 68
67491: -604 -570 -226 5
67492: -604 -570 -227 14
67493: -604 -570 -228 23
67495: -604 -570 -230 41
67496: -604 -570 -231 50
67497: -604 -570 -232 59
67498: -604 -570 -233 68
67500: -604 -571 -307 5
67504: -604 -571 -311 41
67506: -604 -571 -313 59
67507: -604 -571 -314 68
67509: -604 -572 -388 5
67516: -604 -572 -395 68
67518: -604 -573 -469 5
67523: -604 -573 -474 50
67537: -604 -575 -632 14
67538: -604 -575 -633 23
67541: -604 -575 -636 50
67546: -604 -576 -713 14
67551: -604 -576 -718 59
67552: -604 -576 -719 68
67570: -613 -569 -152 69
67571: -613 -569 -153 78
67572: -613 -570 -226 6
67573: -613 -570 -227 15
67574: -613 -570 -228 24
67577: -613 -570 -231 51
67578: -613 -570 -232 60
67580: -613 -570 -234 78
67581: -613 -571 -307 6
67587: -613 -571 -313 60
67588: -613 -571 -314 69
67589: -613 -571 -315 78
67590: -613 -572 -388 6
67591: -613 -572 -389 15
67592: -613 -572 -390 24
67595: -613 -572 -393 51
67597: -613 -572 -395 69
67599: -613 -573 -469 6
67600: -613 -573 -470 15
67601: -613 -573 -471 24
67604: -613 -573 -474 51
67606: -613 -573 -476 69
67618: -613 -575 -632 15
67619: -613 -575 -633 24
67622: -613 -575 -636 51
67625: -613 -575 -639 78
67626: -613 -576 -712 6
67627: -613 -576 -713 15
67628: -613 -576 -714 24
67632: -613 -576 -718 60
67633: -613 -576 -719 69
67634: -613 -576 -720 78
67645: -622 -569 -146 16
67650: -622 -569 -151 61
67653: -622 -570 -226 7
67657: -622 -570 -230 43
67661: -622 -570 -234 79
67662: -622 -571 -307 7
67663: -622 -571 -308 16
67666: -622 -571 -311 43
67668: -622 -571 -313 61
67669: -622 -571 -314 70
67670: -622 -571 -315 79
67671: -622 -572 -388 7
67672: -622 -572 -389 16
67673: -622 -572 -390 25
67675: -622 -572 -392 43
67677: -622 -572 -394 61
67678: -622 -572 -395 70
67679: -622 -572 -396 79
67680: -622 -573 -469 7
67681: -622 -573 -470 16
67682: -622 -573 -471 25
67684: -622 -573 -473 43
67686: -622 -573 -475 61
67687: -622 -573 -476 70
67688: -622 -573 -477 79
67699: -622 -575 -632 16
67700: -622 -575 -633 25
67701: -622 -575 -634 34
67702: -622 -575 -635 43
67706: -622 -575 -639 79
67710: -622 -576 -715 34
67726: -631 -569 -146 17
67729: -631 -569 -149 44
67730: -631 -569 -150 53
67732: -631 -569 -152 71
67733: -631 -569 -153 80
67735: -631 -570 -227 17
67736: -631 -570 -228 26
67738: -631 -570 -230 44
67739: -631 -570 -231 53
67742: -631 -570 -234 80
67743: -631 -571 -307 8
67744: -631 -571 -308 17
67747: -631 -571 -311 44
67751: -631 -571 -315 80
67753: -631 -572 -389 17
67754: -631 -572 -390 26
67756: -631 -572 -392 44
67757: -631 -572 -393 53
67765: -631 -573 -473 44
67779: -631 -575 -631 8
67788: -631 -576 -712 8
67789: -631 -576 -713 17
67791: -631 -576 -715 35
67792: -631 -576 -716 44
67796: -631 -576 -720 80
67807: -640 -569 -146 18
67812: -640 -569 -151 63
67814: -640 -569 -153 81
67816: -640 -570 -227 18
67819: -640 -570 -230 45
67820: -640 -570 -231 54
67823: -640 -570 -234 81
67824: -640 -571 -307 9
67825: -640 -571 -308 18
67828: -640 -571 -311 45
67829: -640 -571 -312 54
67830: -640 -571 -313 63
67832: -640 -571 -315 81
67834: -640 -572 -389 18
67839: -640 -572 -394 63
67843: -640 -573 -470 18
67846: -640 -573 -473 45
67847: -640 -573 -474 54
67861: -640 -575 -632 18
67862: -640 -575 -633 27
67864: -640 -575 -635 45
67865: -640 -575 -636 54
67870: -640 -576 -713 18
67871: -640 -576 -714 27
67873: -640 -576 -716 45
67875: -640 -576 -718 63
67969: -658 -650 -155 11
67971: -658 -650 -157 29
67972: -658 -650 -158 38
67973: -658 -650 -159 47
67974: -658 -650 -160 56
67975: -658 -650 -161 65
67978: -658 -651 -236 11
67983: -658 -651 -241 56
67985: -658 -651 -243 74
67987: -658 -652 -317 11
67990: -658 -652 -320 38
67991: -658 -652 -321 47
67992: -658 -652 -322 56
67993: -658 -652 -323 65
67994: -658 -652 -324 74
67996: -658 -653 -398 11
67999: -658 -653 -401 38
68000: -658 -653 -402 47
68003: -658 -653 -405 74
68005: -658 -654 -479 11
68006: -658 -654 -480 20
68008: -658 -654 -482 38
68009: -658 -654 -483 47
68010: -658 -654 -484 56
68011: -658 -654 -485 65
68012: -658 -654 -486 74
68014: -658 -655 -560 11
68016: -658 -655 -562 29
68017: -658 -655 -563 38
68018: -658 -655 -564 47
68021: -658 -655 -567 74
68033: -658 -657 -723 20
68035: -658 -657 -725 38
68036: -658 -657 -726 47
68037: -658 -657 -727 56
68053: -667 -650 -158 39
68054: -667 -650 -159 48
68055: -667 -650 -160 57
68057: -667 -650 -162 75
68058: -667 -651 -235 3
68060: -667 -651 -237 21
68063: -667 -651 -240 48
68066: -667 -651 -243 75
68067: -667 -652 -316 3
68071: -667 -652 -320 39
68073: -667 -652 -322 57
68076: -667 -653 -397 3
68080: -667 -653 -401 39
68081: -667 -653 -402 48
68083: -667 -653 -404 66
68084: -667 -653 -405 75
68085: -667 -654 -478 3
68087: -667 -654 -480 21
68089: -667 -654 -482 39
68090: -667 -654 -483 48
68092: -667 -654 -485 66
68094: -667 -655 -559 3
68098: -667 -655 -563 39
68099: -667 -655 -564 48
68100: -667 -655 -565 57
68101: -667 -655 -566 66
68102: -667 -655 -567 75
68114: -667 -657 -723 21
68116: -667 -657 -725 39
68117: -667 -657 -726 48
68118: -667 -657 -727 57
68130: -676 -650 -154 4
68136: -676 -650 -160 58
68137: -676 -650 -161 67
68139: -676 -651 -235 4
68140: -676 -651 -236 13
68143: -676 -651 -239 40
68144: -676 -651 -240 49
68145: -676 -651 -241 58
68146: -676 -651 -242 67
68147: -676 -651 -243 76
68153: -676 -652 -321 49
68154: -676 -652 -322 58
68155: -676 -652 -323 67
68161: -676 -653 -401 40
68162: -676 -653 -402 49
68163: -676 -653 -403 58
68165: -676 -653 -405 76
68166: -676 -654 -478 4
68167: -676 -654 -479 13
68169: -676 -654 -481 31
68170: -676 -654 -482 40
68171: -676 -654 -483 49
68172: -676 -654 -484 58
68173: -676 -654 -485 67
68174: -676 -654 -486 76
68175: -676 -655 -559 4
68176: -676 -655 -560 13
68179: -676 -655 -563 40
68180: -676 -655 -564 49
68182: -676 -655 -566 67
68183: -676 -655 -567 76
68194: -676 -657 -722 13
68197: -676 -657 -725 40
68198: -676 -657 -726 49
68199: -676 -657 -727 58
68217: -685 -650 -160 59
68218: -685 -650 -161 68
68220: -685 -651 -235 5
68221: -685 -651 -236 14
68222: -685 -651 -237 23
68224: -685 -651 -239 41
68225: -685 -651 -240 50
68226: -685 -651 -241 59
68227: -685 -651 -242 68
68229: -685 -652 -316 5
68230: -685 -652 -317 14
68233: -685 -652 -320 41
68234: -685 -652 -321 50
68235: -685 -652 -322 59
68236: -685 -652 -323 68
68238: -685 -653 -397 5
68243: -685 -653 -402 50
68247: -685 -654 -478 5
68248: -685 -654 -479 14
68249: -685 -654 -480 23
68251: -685 -654 -482 41
68252: -685 -654 -483 50
68253: -685 -654 -484 59
68254: -685 -654 -485 68
68256: -685 -655 -559 5
68257: -685 -655 -560 14
68260: -685 -655 -563 41
68261: -685 -655 -564 50
68262: -685 -655 -565 59
68275: -685 -657 -722 14
68276: -685 -657 -723 23
68279: -685 -657 -726 50
68280: -685 -657 -727 59
68292: -694 -650 -154 6
68293: -694 -650 -155 15
68299: -694 -650 -161 69
68300: -694 -650 -162 78
68301: -694 -651 -235 6
68302: -694 -651 -236 15
68303: -694 -651 -237 24
68306: -694 -651 -240 51
68307: -694 -651 -241 60
68309: -694 -651 -243 78
68310: -694 -652 -316 6
68311: -694 -652 -317 15
68315: -694 -652 -321 51
68316: -694 -652 -322 60
68317: -694 -652 -323 69
68318: -694 -652 -324 78
68324: -694 -653 -402 51
68327: -694 -653 -405 78
68328: -694 -654 -478 6
68333: -694 -654 -483 51
68334: -694 -654 -484 60
68337: -694 -655 -559 6
68338: -694 -655 -560 15
68342: -694 -655 -564 51
68343: -694 -655 -565 60
68345: -694 -655 -567 78
68356: -694 -657 -722 15
68357: -694 -657 -723 24
68360: -694 -657 -726 51
68361: -694 -657 -727 60
68374: -703 -650 -155 16
68379: -703 -650 -160 61
68380: -703 -650 -161 70
68382: -703 -651 -235 7
68383: -703 -651 -236 16
68384: -703 -651 -237 25
68386: -703 -651 -239 43
68388: -703 -651 -241 61
68389: -703 -651 -242 70
68390: -703 -651 -243 79
68391: -703 -652 -316 7
68392: -703 -652 -317 16
68395: -703 -652 -320 43
68397: -703 -652 -322 61
68398: -703 -652 -323 70
68399: -703 -652 -324 79
68401: -703 -653 -398 16
68407: -703 -653 -404 70
68409: -703 -654 -478 7
68410: -703 -654 -479 16
68413: -703 -654 -482 43
68415: -703 -654 -484 61
68417: -703 -654 -486 79
68418: -703 -655 -559 7
68437: -703 -657 -722 16
68438: -703 -657 -723 25
68440: -703 -657 -725 43
68442: -703 -657 -727 61
68458: -712 -650 -158 44
68459: -712 -650 -159 53
68461: -712 -650 -161 71
68463: -712 -651 -235 8
68464: -712 -651 -236 17
68468: -712 -651 -240 53
68471: -712 -651 -243 80
68472: -712 -652 -316 8
68473: -712 -652 -317 17
68476: -712 -652 -320 44
68477: -712 -652 -321 53
68480: -712 -652 -324 80
68482: -712 -653 -398 17
68483: -712 -653 -399 26
68485: -712 -653 -401 44
68486: -712 -653 -402 53
68488: -712 -653 -404 71
68489: -712 -653 -405 80
68490: -712 -654 -478 8
68491: -712 -654 -479 17
68495: -712 -654 -483 53
68497: -712 -654 -485 71
68499: -712 -655 -559 8
68500: -712 -655 -560 17
68501: -712 -655 -561 26
68503: -712 -655 -563 44
68504: -712 -655 -564 53
68506: -712 -655 -566 71
68507: -712 -655 -567 80
68518: -712 -657 -722 17
68519: -712 -657 -723 26
68520: -712 -657 -724 35
68521: -712 -657 -725 44
68522: -712 -657 -726 53
68540: -721 -650 -159 54
68541: -721 -650 -160 63
68544: -721 -651 -235 9
68545: -721 -651 -236 18
68546: -721 -651 -237 27
68548: -721 -651 -239 45
68549: -721 -651 -240 54
68550: -721 -651 -241 63
68553: -721 -652 -316 9
68554: -721 -652 -317 18
68557: -721 -652 -320 45
68558: -721 -652 -321 54
68559: -721 -652 -322 63
68562: -721 -653 -397 9
68566: -721 -653 -401 45
68567: -721 -653 -402 54
68570: -721 -653 -405 81
68571: -721 -654 -478 9
68572: -721 -654 -479 18
68575: -721 -654 -482 45
68576: -721 -654 -483 54
68577: -721 -654 -484 63
68580: -721 -655 -559 9
68581: -721 -655 -560 18
68584: -721 -655 -563 45
68585: -721 -655 -564 54
68586: -721 -655 -565 63
68598: -721 -657 -721 9
68625: -2 -12 -163 82
68626: -2 -12 -164 91
68627: -2 -12 -165 100
68628: -2 -12 -166 109
68629: -2 -12 -167 118
68630: -2 -12 -168 127
68631: -2 -12 -169 136
68632: -2 -12 -170 145
68633: -2 -12 -171 154
69508: -101 -92 -92 93
69527: -101 -94 -255 102
69536: -101 -95 -336 102
69537: -101 -95 -337 111
69539: -101 -95 -339 129
69540: -101 -95 -340 138
69541: -101 -95 -341 147
69542: -101 -95 -342 156
69545: -101 -96 -417 102
69546: -101 -96 -418 111
69547: -101 -96 -419 120
69548: -101 -96 -420 129
69549: -101 -96 -421 138
69550: -101 -96 -422 147
69551: -101 -96 -423 156
69555: -101 -97 -499 111
69556: -101 -97 -500 120
69557: -101 -97 -501 129
69559: -101 -97 -503 147
69560: -101 -97 -504 156
69563: -101 -98 -579 102
69564: -101 -98 -580 111
69565: -101 -98 -581 120
69566: -101 -98 -582 129
69567: -101 -98 -583 138
69568: -101 -98 -584 147
69569: -101 -98 -585 156
69572: -101 -99 -660 102
69573: -101 -99 -661 111
69574: -101 -99 -662 120
69575: -101 -99 -663 129
69576: -101 -99 -664 138
69577: -101 -99 -665 147
69617: -110 -95 -336 103
69620: -110 -95 -339 130
69621: -110 -95 -340 139
69622: -110 -95 -341 148
69626: -110 -96 -417 103
69630: -110 -96 -421 139
69631: -110 -96 -422 148
69632: -110 -96 -423 157
69635: -110 -97 -498 103
69637: -110 -97 -500 121
69640: -110 -97 -503 148
69641: -110 -97 -504 157
69644: -110 -98 -579 103
69645: -110 -98 -580 112
69647: -110 -98 -582 130
69650: -110 -98 -585 157
69653: -110 -99 -660 103
69654: -110 -99 -661 112
69655: -110 -99 -662 121
69656: -110 -99 -663 130
69657: -110 -99 -664 139
69689: -119 -94 -255 104
69709: -119 -96 -419 122
69716: -119 -97 -498 104
69718: -119 -97 -500 122
69721: -119 -97 -503 149
69722: -119 -97 -504 158
69726: -119 -98 -580 113
69727: -119 -98 -581 122
69728: -119 -98 -582 131
69729: -119 -98 -583 140
69731: -119 -98 -585 158
69735: -119 -99 -661 113
69736: -119 -99 -662 122
69737: -119 -99 -663 131
69738: -119 -99 -664 140
69739: -119 -99 -665 149
69770: -128 -94 -255 105
69777: -128 -95 -334 87
69783: -128 -95 -340 141
69786: -128 -96 -415 87
69794: -128 -96 -423 159
69799: -128 -97 -500 123
69803: -128 -97 -504 159
69807: -128 -98 -580 114
69809: -128 -98 -582 132
69816: -128 -99 -661 114
69817: -128 -99 -662 123
69818: -128 -99 -663 132
69819: -128 -99 -664 141
69851: -137 -94 -255 106
69861: -137 -95 -337 115
69863: -137 -95 -339 133
69864: -137 -95 -340 142
69866: -137 -95 -342 160
69869: -137 -96 -417 106
69870: -137 -96 -418 115
69871: -137 -96 -419 124
69874: -137 -96 -422 151
69875: -137 -96 -423 160
69888: -137 -98 -580 115
69889: -137 -98 -581 124
69890: -137 -98 -582 133
69891: -137 -98 -583 142
69893: -137 -98 -585 160
69897: -137 -99 -661 115
69898: -137 -99 -662 124
69900: -137 -99 -664 142
69913: -146 -92 -92 98
69932: -146 -94 -255 107
69941: -146 -95 -336 107
69942: -146 -95 -337 116
69945: -146 -95 -340 143
69946: -146 -95 -341 152
69950: -146 -96 -417 107
69951: -146 -96 -418 116
69952: -146 -96 -419 125
69954: -146 -96 -421 143
69955: -146 -96 -422 152
69956: -146 -96 -423 161
69959: -146 -97 -498 107
69960: -146 -97 -499 116
69961: -146 -97 -500 125
69964: -146 -97 -503 152
69965: -146 -97 -504 161
69977: -146 -99 -660 107
69978: -146 -99 -661 116
69979: -146 -99 -662 125
69980: -146 -99 -663 134
69981: -146 -99 -664 143
69982: -146 -99 -665 152
70013: -155 -94 -255 108
70023: -155 -95 -337 117
70025: -155 -95 -339 135
70027: -155 -95 -341 153
70031: -155 -96 -417 108
70032: -155 -96 -418 117
70036: -155 -96 -422 153
70037: -155 -96 -423 162
70038: -155 -97 -496 90
70041: -155 -97 -499 117
70042: -155 -97 -500 126
70043: -155 -97 -501 135
70045: -155 -97 -503 153
70046: -155 -97 -504 162
70050: -155 -98 -580 117
70051: -155 -98 -581 126
70052: -155 -98 -582 135
70053: -155 -98 -583 144
70055: -155 -98 -585 162
70155: -173 -173 -100 83
70330: -191 -174 -185 121
70331: -191 -174 -186 130
70332: -191 -174 -187 139
70333: -191 -174 -188 148
70334: -191 -174 -189 157
70345: -191 -176 -344 94
70346: -191 -176 -345 103
70347: -191 -176 -346 112
70348: -191 -176 -347 121
70350: -191 -176 -349 139
70351: -191 -176 -350 148
70352: -191 -176 -351 157
70354: -191 -177 -425 94
70355: -191 -177 -426 103
70356: -191 -177 -427 112
70357: -191 -177 -428 121
70358: -191 -177 -429 130
70360: -191 -177 -431 148
70361: -191 -177 -432 157
70363: -191 -178 -506 94
70364: -191 -178 -507 103
70365: -191 -178 -508 112
70366: -191 -178 -509 121
70367: -191 -178 -510 130
70368: -191 -178 -511 139
70370: -191 -178 -513 157
70371: -191 -179 -586 85
70372: -191 -179 -587 94
70373: -191 -179 -588 103
70374: -191 -179 -589 112
70375: -191 -179 -590 121
70376: -191 -179 -591 130
70377: -191 -179 -592 139
70378: -191 -179 -593 148
70379: -191 -179 -594 157
70381: -191 -180 -668 94
70382: -191 -180 -669 103
70383: -191 -180 -670 112
70385: -191 -180 -672 130
70386: -191 -180 -673 139
70387: -191 -180 -674 148
70388: -191 -180 -675 157
70412: -200 -174 -186 131
70413: -200 -174 -187 140
70414: -200 -174 -188 149
70415: -200 -174 -189 158
70425: -200 -176 -343 86
70426: -200 -176 -344 95
70428: -200 -176 -346 113
70429: -200 -176 -347 122
70431: -200 -176 -349 140
70432: -200 -176 -350 149
70433: -200 -176 -351 158
70435: -200 -177 -425 95
70436: -200 -177 -426 104
70437: -200 -177 -427 113
70438: -200 -177 -428 122
70439: -200 -177 -429 131
70440: -200 -177 -430 140
70441: -200 -177 -431 149
70442: -200 -177 -432 158
70443: -200 -178 -505 86
70444: -200 -178 -506 95
70445: -200 -178 -507 104
70446: -200 -178 -508 113
70447: -200 -178 -509 122
70448: -200 -178 -510 131
70449: -200 -178 -511 140
70450: -200 -178 -512 149
70451: -200 -178 -513 158
70452: -200 -179 -586 86
70453: -200 -179 -587 95
70454: -200 -179 -588 104
70455: -200 -179 -589 113
70456: -200 -179 -590 122
70457: -200 -179 -591 131
70458: -200 -179 -592 140
70459: -200 -179 -593 149
70460: -200 -179 -594 158
70461: -200 -180 -667 86
70462: -200 -180 -668 95
70463: -200 -180 -669 104
70464: -200 -180 -670 113
70466: -200 -180 -672 131
70467: -200 -180 -673 140
70468: -200 -180 -674 149
70469: -200 -180 -675 158
70492: -209 -174 -185 123
70494: -209 -174 -187 141
70495: -209 -174 -188 150
70496: -209 -174 -189 159
70507: -209 -176 -344 96
70508: -209 -176 -345 105
70509: -209 -176 -346 114
70510: -209 -176 -347 123
70512: -209 -176 -349 141
70513: -209 -176 -350 150
70514: -209 -176 -351 159
70515: -209 -177 -424 87
70516: -209 -177 -425 96
70517: -209 -177 -426 105
70518: -209 -177 -427 114
70519: -209 -177 -428 123
70520: -209 -177 -429 132
70521: -209 -177 -430 141
70522: -209 -177 -431 150
70523: -209 -177 -432 159
70525: -209 -178 -506 96
70526: -209 -178 -507 105
70527: -209 -178 -508 114
70528: -209 -178 -509 123
70529: -209 -178 -510 132
70530: -209 -178 -511 141
70532: -209 -178 -513 159
70533: -209 -179 -586 87
70534: -209 -179 -587 96
70535: -209 -179 -588 105
70536: -209 -179 -589 114
70537: -209 -179 -590 123
70538: -209 -179 -591 132
70539: -209 -179 -592 141
70540: -209 -179 -593 150
70543: -209 -180 -668 96
70544: -209 -180 -669 105
70545: -209 -180 -670 114
70547: -209 -180 -672 132
70548: -209 -180 -673 141
70549: -209 -180 -674 150
70550: -209 -180 -675 159
70573: -218 -174 -185 124
70574: -218 -174 -186 133
70576: -218 -174 -188 151
70577: -218 -174 -189 160
70588: -218 -176 -344 97
70589: -218 -176 -345 106
70590: -218 -176 -346 115
70591: -218 -176 -347 124
70592: -218 -176 -348 133
70593: -218 -176 -349 142
70594: -218 -176 -350 151
70595: -218 -176 -351 160
70597: -218 -177 -425 97
70598: -218 -177 -426 106
70599: -218 -177 -427 115
70600: -218 -177 -428 124
70601: -218 -177 -429 133
70603: -218 -177 -431 151
70604: -218 -177 -432 160
70605: -218 -178 -505 88
70606: -218 -178 -506 97
70607: -218 -178 -507 106
70608: -218 -178 -508 115
70609: -218 -178 -509 124
70610: -218 -178 -510 133
70611: -218 -178 -511 142
70612: -218 -178 -512 151
70613: -218 -178 -513 160
70615: -218 -179 -587 97
70616: -218 -179 -588 106
70617: -218 -179 -589 115
70618: -218 -179 -590 124
70619: -218 -179 -591 133
70620: -218 -179 -592 142
70621: -218 -179 -593 151
70622: -218 -179 -594 160
70623: -218 -180 -667 88
70624: -218 -180 -668 97
70625: -218 -180 -669 106
70626: -218 -180 -670 115
70628: -218 -180 -672 133
70629: -218 -180 -673 142
70630: -218 -180 -674 151
70631: -218 -180 -675 160
70654: -227 -174 -185 125
70655: -227 -174 -186 134
70656: -227 -174 -187 143
70658: -227 -174 -189 161
70669: -227 -176 -344 98
70670: -227 -176 -345 107
70671: -227 -176 -346 116
70672: -227 -176 -347 125
70674: -227 -176 -349 143
70675: -227 -176 -350 152
70676: -227 -176 -351 161
70678: -227 -177 -425 98
70679: -227 -177 -426 107
70680: -227 -177 -427 116
70681: -227 -177 -428 125
70682: -227 -177 -429 134
70683: -227 -177 -430 143
70684: -227 -177 -431 152
70685: -227 -177 -432 161
70687: -227 -178 -506 98
70688: -227 -178 -507 107
70689: -227 -178 -508 116
70690: -227 -178 -509 125
70691: -227 -178 -510 134
70692: -227 -178 -511 143
70694: -227 -178 -513 161
70695: -227 -179 -586 89
70696: -227 -179 -587 98
70698: -227 -179 -589 116
70699: -227 -179 -590 125
70700: -227 -179 -591 134
70701: -227 -179 -592 143
70702: -227 -179 -593 152
70703: -227 -179 -594 161
70704: -227 -180 -667 89
70705: -227 -180 -668 98
70706: -227 -180 -669 107
70707: -227 -180 -670 116
70709: -227 -180 -672 134
70710: -227 -180 -673 143
70711: -227 -180 -674 152
70712: -227 -180 -675 161
70735: -236 -174 -185 126
70736: -236 -174 -186 135
70737: -236 -174 -187 144
70738: -236 -174 -188 153
70750: -236 -176 -344 99
70751: -236 -176 -345 108
70752: -236 -176 -346 117
70753: -236 -176 -347 126
70755: -236 -176 -349 144
70756: -236 -176 -350 153
70757: -236 -176 -351 162
70758: -236 -177 -424 90
70759: -236 -177 -425 99
70760: -236 -177 -426 108
70761: -236 -177 -427 117
70762: -236 -177 -428 126
70763: -236 -177 -429 135
70765: -236 -177 -431 153
70766: -236 -177 -432 162
70768: -236 -178 -506 99
70769: -236 -178 -507 108
70770: -236 -178 -508 117
70771: -236 -178 -509 126
70772: -236 -178 -510 135
70773: -236 -178 -511 144
70775: -236 -178 -513 162
70777: -236 -179 -587 99
70778: -236 -179 -588 108
70779: -236 -179 -589 117
70780: -236 -179 -590 126
70781: -236 -179 -591 135
70782: -236 -179 -592 144
70783: -236 -179 -593 153
70786: -236 -180 -668 99
70787: -236 -180 -669 108
70788: -236 -180 -670 117
70790: -236 -180 -672 135
70791: -236 -180 -673 144
70792: -236 -180 -674 153
70793: -236 -180 -675 162
70975: -263 -255 -191 93
70976: -263 -255 -192 102
70977: -263 -255 -193 111
70978: -263 -255 -194 120
70979: -263 -255 -195 129
70980: -263 -255 -196 138
70981: -263 -255 -197 147
70982: -263 -255 -198 156
71055: -272 -255 -190 85
71056: -272 -255 -191 94
71057: -272 -255 -192 103
71058: -272 -255 -193 112
71059: -272 -255 -194 121
71060: -272 -255 -195 130
71061: -272 -255 -196 139
71062: -272 -255 -197 148
71063: -272 -255 -198 157
71136: -281 -255 -190 86
71137: -281 -255 -191 95
71138: -281 -255 -192 104
71139: -281 -255 -193 113
71140: -281 -255 -194 122
71141: -281 -255 -195 131
71142: -281 -255 -196 140
71143: -281 -255 -197 149
71144: -281 -255 -198 158
71217: -290 -255 -190 87
71218: -290 -255 -191 96
71219: -290 -255 -192 105
71220: -290 -255 -193 114
71221: -290 -255 -194 123
71222: -290 -255 -195 132
71223: -290 -255 -196 141
71224: -290 -255 -197 150
71225: -290 -255 -198 159
71298: -299 -255 -190 88
71299: -299 -255 -191 97
71300: -299 -255 -192 106
71301: -299 -255 -193 115
71302: -299 -255 -194 124
71303: -299 -255 -195 133
71304: -299 -255 -196 142
71305: -299 -255 -197 151
71306: -299 -255 -198 160
71379: -308 -255 -190 89
71380: -308 -255 -191 98
71381: -308 -255 -192 107
71382: -308 -255 -193 116
71383: -308 -255 -194 125
71384: -308 -255 -195 134
71385: -308 -255 -196 143
71386: -308 -255 -197 152
71387: -308 -255 -198 161
71460: -317 -255 -190 90
71461: -317 -255 -191 99
71462: -317 -255 -192 108
71463: -317 -255 -193 117
71464: -317 -255 -194 126
71465: -317 -255 -195 135
71466: -317 -255 -196 144
71467: -317 -255 -197 153
71468: -317 -255 -198 162
71528: -326 -334 -42 127
71541: -326 -336 -199 82
71542: -326 -336 -200 91
71544: -326 -336 -202 109
71546: -326 -336 -204 127
71547: -326 -336 -205 136
71548: -326 -336 -206 145
71549: -326 -336 -207 154
71556: -326 -337 -286 136
71557: -326 -337 -287 145
71558: -326 -337 -288 154
71559: -326 -338 -361 82
71562: -326 -338 -364 109
71564: -326 -338 -366 127
71565: -326 -338 -367 136
71566: -326 -338 -368 145
71570: -326 -339 -444 100
71572: -326 -339 -446 118
71577: -326 -340 -523 82
71578: -326 -340 -524 91
71579: -326 -340 -525 100
71580: -326 -340 -526 109
71581: -326 -340 -527 118
71582: -326 -340 -528 127
71583: -326 -340 -529 136
71584: -326 -340 -530 145
71592: -326 -341 -610 136
71595: -326 -342 -685 82
71596: -326 -342 -686 91
71597: -326 -342 -687 100
71598: -326 -342 -688 109
71599: -326 -342 -689 118
71600: -326 -342 -690 127
71601: -326 -342 -691 136
71602: -326 -342 -692 145
71603: -326 -342 -693 154
71613: -335 -335 -118 83
71614: -335 -335 -119 92
71616: -335 -335 -121 110
71617: -335 -335 -122 119
71618: -335 -335 -123 128
71619: -335 -335 -124 137
71620: -335 -335 -125 146
71621: -335 -335 -126 155
71690: -344 -334 -42 129
71704: -344 -336 -200 93
71706: -344 -336 -202 111
71709: -344 -336 -205 138
71710: -344 -336 -206 147
71711: -344 -336 -207 156
71713: -344 -337 -281 93
71715: -344 -337 -283 111
71717: -344 -337 -285 129
71718: -344 -337 -286 138
71719: -344 -337 -287 147
71720: -344 -337 -288 156
71723: -344 -338 -363 102
71724: -344 -338 -364 111
71726: -344 -338 -366 129
71727: -344 -338 -367 138
71728: -344 -338 -368 147
71731: -344 -339 -443 93
71732: -344 -339 -444 102
71733: -344 -339 -445 111
71734: -344 -339 -446 120
71735: -344 -339 -447 129
71736: -344 -339 -448 138
71737: -344 -339 -449 147
71738: -344 -339 -450 156
71740: -344 -340 -524 93
71741: -344 -340 -525 102
71742: -344 -340 -526 111
71743: -344 -340 -527 120
71744: -344 -340 -528 129
71745: -344 -340 -529 138
71746: -344 -340 -530 147
71747: -344 -340 -531 156
71750: -344 -341 -606 102
71751: -344 -341 -607 111
71752: -344 -341 -608 120
71753: -344 -341 -609 129
71754: -344 -341 -610 138
71755: -344 -341 -611 147
71756: -344 -341 -612 156
71759: -344 -342 -687 102
71760: -344 -342 -688 111
71762: -344 -342 -690 129
71763: -344 -342 -691 138
71764: -344 -342 -692 147
71765: -344 -342 -693 156
71771: -353 -334 -42 130
71784: -353 -336 -199 85
71787: -353 -336 -202 112
71793: -353 -337 -280 85
71797: -353 -337 -284 121
71802: -353 -338 -361 85
71804: -353 -338 -363 103
71805: -353 -338 -364 112
71807: -353 -338 -366 130
71808: -353 -338 -367 139
71809: -353 -338 -368 148
71813: -353 -339 -444 103
71814: -353 -339 -445 112
71815: -353 -339 -446 121
71823: -353 -340 -526 112
71829: -353 -341 -604 85
71830: -353 -341 -605 94
71852: -362 -334 -42 131
71865: -362 -336 -199 86
71866: -362 -336 -200 95
71868: -362 -336 -202 113
71872: -362 -336 -206 149
71874: -362 -337 -280 86
71875: -362 -337 -281 95
71884: -362 -338 -362 95
71896: -362 -339 -446 122
71901: -362 -340 -523 86
71906: -362 -340 -528 131
71907: -362 -340 -529 140
71919: -362 -342 -685 86
71933: -371 -334 -42 132
71947: -371 -336 -200 96
71949: -371 -336 -202 114
71955: -371 -337 -280 87
71967: -371 -338 -364 114
71970: -371 -338 -367 141
71982: -371 -340 -523 87
71991: -371 -341 -604 87
71992: -371 -341 -605 96
71993: -371 -341 -606 105
71994: -371 -341 -607 114
71995: -371 -341 -608 123
71996: -371 -341 -609 132
71998: -371 -341 -611 150
71999: -371 -341 -612 159
72014: -380 -334 -42 133
72027: -380 -336 -199 88
72028: -380 -336 -200 97
72036: -380 -337 -280 88
72039: -380 -337 -283 115
72044: -380 -337 -288 160
72048: -380 -338 -364 115
72050: -380 -338 -366 133
72052: -380 -338 -368 151
72069: -380 -340 -529 142
72081: -380 -342 -685 88
72095: -389 -334 -42 134
72109: -389 -336 -200 98
72110: -389 -336 -201 107
72117: -389 -337 -280 89
72118: -389 -337 -281 98
72120: -389 -337 -283 116
72123: -389 -337 -286 143
72124: -389 -337 -287 152
72125: -389 -337 -288 161
72129: -389 -338 -364 116
72131: -389 -338 -366 134
72132: -389 -338 -367 143
72137: -389 -339 -444 107
72139: -389 -339 -446 125
72144: -389 -340 -523 89
72146: -389 -340 -525 107
72159: -389 -341 -610 143
72176: -398 -334 -42 135
72190: -398 -336 -200 99
72199: -398 -337 -281 99
72201: -398 -337 -283 117
72204: -398 -337 -286 144
72205: -398 -337 -287 153
72206: -398 -337 -288 162
72210: -398 -338 -364 117
72214: -398 -338 -368 153
72225: -398 -340 -523 90
72227: -398 -340 -525 108
72228: -398 -340 -526 117
72229: -398 -340 -527 126
72231: -398 -340 -529 144
72258: -407 -415 -52 136
72270: -407 -417 -208 82
72271: -407 -417 -209 91
72273: -407 -417 -211 109
72274: -407 -417 -212 118
72275: -407 -417 -213 127
72276: -407 -417 -214 136
72277: -407 -417 -215 145
72278: -407 -417 -216 154
72280: -407 -418 -290 91
72282: -407 -418 -292 109
72285: -407 -418 -295 136
72286: -407 -418 -296 145
72288: -407 -419 -370 82
72289: -407 -419 -371 91
72290: -407 -419 -372 100
72291: -407 -419 -373 109
72292: -407 -419 -374 118
72293: -407 -419 -375 127
72294: -407 -419 -376 136
72295: -407 -419 -377 145
72300: -407 -420 -454 109
72306: -407 -421 -532 82
72307: -407 -421 -533 91
72308: -407 -421 -534 100
72309: -407 -421 -535 109
72311: -407 -421 -537 127
72312: -407 -421 -538 136
72313: -407 -421 -539 145
72314: -407 -421 -540 154
72315: -407 -422 -613 82
72316: -407 -422 -614 91
72317: -407 -422 -615 100
72318: -407 -422 -616 109
72320: -407 -422 -618 127
72321: -407 -422 -619 136
72322: -407 -422 -620 145
72323: -407 -422 -621 154
72324: -407 -423 -694 82
72325: -407 -423 -695 91
72326: -407 -423 -696 100
72332: -407 -423 -702 154
72342: -416 -416 -127 83
72343: -416 -416 -128 92
72345: -416 -416 -130 110
72346: -416 -416 -131 119
72347: -416 -416 -132 128
72348: -416 -416 -133 137
72349: -416 -416 -134 146
72350: -416 -416 -135 155
72420: -425 -415 -52 138
72433: -425 -417 -209 93
72435: -425 -417 -211 111
72436: -425 -417 -212 120
72438: -425 -417 -214 138
72439: -425 -417 -215 147
72440: -425 -417 -216 156
72442: -425 -418 -290 93
72444: -425 -418 -292 111
72445: -425 -418 -293 120
72447: -425 -418 -295 138
72448: -425 -418 -296 147
72449: -425 -418 -297 156
72451: -425 -419 -371 93
72452: -425 -419 -372 102
72453: -425 -419 -373 111
72454: -425 -419 -374 120
72455: -425 -419 -375 129
72456: -425 -419 -376 138
72457: -425 -419 -377 147
72458: -425 -419 -378 156
72461: -425 -420 -453 102
72462: -425 -420 -454 111
72465: -425 -420 -457 138
72466: -425 -420 -458 147
72467: -425 -420 -459 156
72469: -425 -421 -533 93
72470: -425 -421 -534 102
72471: -425 -421 -535 111
72472: -425 -421 -536 120
72473: -425 -421 -537 129
72474: -425 -421 -538 138
72475: -425 -421 -539 147
72476: -425 -421 -540 156
72478: -425 -422 -614 93
72479: -425 -422 -615 102
72480: -425 -422 -616 111
72481: -425 -422 -617 120
72482: -425 -422 -618 129
72483: -425 -422 -619 138
72484: -425 -422 -620 147
72485: -425 -422 -621 156
72487: -425 -423 -695 93
72488: -425 -423 -696 102
72489: -425 -423 -697 111
72490: -425 -423 -698 120
72491: -425 -423 -699 129
72492: -425 -423 -700 138
72493: -425 -423 -701 147
72494: -425 -423 -702 156
72501: -434 -415 -52 139
72513: -434 -417 -208 85
72515: -434 -417 -210 103
72522: -434 -418 -289 85
72523: -434 -418 -290 94
72540: -434 -420 -451 85
72542: -434 -420 -453 103
72543: -434 -420 -454 112
72546: -434 -420 -457 139
72547: -434 -420 -458 148
72548: -434 -420 -459 157
72554: -434 -421 -537 130
72567: -434 -423 -694 85
72568: -434 -423 -695 94
72570: -434 -423 -697 112
72572: -434 -423 -699 130
72575: -434 -423 -702 157
72582: -443 -415 -52 140
72595: -443 -417 -209 95
72603: -443 -418 -289 86
72614: -443 -419 -372 104
72615: -443 -419 -373 113
72618: -443 -419 -376 140
72619: -443 -419 -377 149
72620: -443 -419 -378 158
72627: -443 -420 -457 140
72635: -443 -421 -537 131
72648: -443 -423 -694 86
72650: -443 -423 -696 104
72663: -452 -415 -52 141
72676: -452 -417 -209 96
72677: -452 -417 -210 105
72685: -452 -418 -290 96
72687: -452 -418 -292 114
72688: -452 -418 -293 123
72690: -452 -418 -295 141
72691: -452 -418 -296 150
72692: -452 -418 -297 159
72693: -452 -419 -370 87
72694: -452 -419 -371 96
72703: -452 -420 -452 96
72712: -452 -421 -533 96
72714: -452 -421 -535 114
72716: -452 -421 -537 132
72718: -452 -421 -539 150
72719: -452 -421 -540 159
72729: -452 -423 -694 87
72744: -461 -415 -52 142
72759: -461 -417 -211 115
72790: -461 -420 -458 151
72810: -461 -423 -694 88
72811: -461 -423 -695 97
72813: -461 -423 -697 115
72815: -461 -423 -699 133
72818: -461 -423 -702 160
72825: -470 -415 -52 143
72838: -470 -417 -209 98
72839: -470 -417 -210 107
72849: -470 -418 -292 116
72854: -470 -418 -297 161
72863: -470 -419 -378 161
72870: -470 -420 -457 143
72873: -470 -421 -532 89
72874: -470 -421 -533 98
72876: -470 -421 -535 116
72877: -470 -421 -536 125
72878: -470 -421 -537 134
72880: -470 -421 -539 152
72882: -470 -422 -613 89
72891: -470 -423 -694 89
72906: -479 -415 -52 144
72919: -479 -417 -209 99
72920: -479 -417 -210 108
72927: -479 -418 -289 90
72928: -479 -418 -290 99
72930: -479 -418 -292 117
72931: -479 -418 -293 126
72934: -479 -418 -296 153
72935: -479 -418 -297 162
72944: -479 -419 -378 162
72945: -479 -420 -451 90
72948: -479 -420 -454 117
72951: -479 -420 -457 144
72952: -479 -420 -458 153
72953: -479 -420 -459 162
72954: -479 -421 -532 90
72972: -479 -423 -694 90
72975: -479 -423 -697 117
72988: -488 -496 -62 145
72999: -488 -498 -217 82
73000: -488 -498 -218 91
73001: -488 -498 -219 100
73002: -488 -498 -220 109
73003: -488 -498 -221 118
73004: -488 -498 -222 127
73005: -488 -498 -223 136
73006: -488 -498 -224 145
73007: -488 -498 -225 154
73009: -488 -499 -299 91
73011: -488 -499 -301 109
73012: -488 -499 -302 118
73013: -488 -499 -303 127
73016: -488 -499 -306 154
73025: -488 -500 -387 154
73027: -488 -501 -461 91
73028: -488 -501 -462 100
73029: -488 -501 -463 109
73031: -488 -501 -465 127
73032: -488 -501 -466 136
73034: -488 -501 -468 154
73035: -488 -502 -541 82
73037: -488 -502 -543 100
73038: -488 -502 -544 109
73039: -488 -502 -545 118
73041: -488 -502 -547 136
73042: -488 -502 -548 145
73043: -488 -502 -549 154
73044: -488 -503 -622 82
73045: -488 -503 -623 91
73046: -488 -503 -624 100
73047: -488 -503 -625 109
73048: -488 -503 -626 118
73049: -488 -503 -627 127
73050: -488 -503 -628 136
73051: -488 -503 -629 145
73052: -488 -503 -630 154
73053: -488 -504 -703 82
73054: -488 -504 -704 91
73055: -488 -504 -705 100
73056: -488 -504 -706 109
73057: -488 -504 -707 118
73059: -488 -504 -709 136
73060: -488 -504 -710 145
73061: -488 -504 -711 154
73071: -497 -497 -136 83
73072: -497 -497 -137 92
73074: -497 -497 -139 110
73075: -497 -497 -140 119
73076: -497 -497 -141 128
73077: -497 -497 -142 137
73078: -497 -497 -143 146
73079: -497 -497 -144 155
73150: -506 -496 -62 147
73155: -506 -497 -139 111
73162: -506 -498 -218 93
73163: -506 -498 -219 102
73164: -506 -498 -220 111
73165: -506 -498 -221 120
73166: -506 -498 -222 129
73167: -506 -498 -223 138
73168: -506 -498 -224 147
73169: -506 -498 -225 156
73171: -506 -499 -299 93
73173: -506 -499 -301 111
73174: -506 -499 -302 120
73175: -506 -499 -303 129
73177: -506 -499 -305 147
73178: -506 -499 -306 156
73181: -506 -500 -381 102
73182: -506 -500 -382 111
73183: -506 -500 -383 120
73184: -506 -500 -384 129
73186: -506 -500 -386 147
73187: -506 -500 -387 156
73189: -506 -501 -461 93
73190: -506 -501 -462 102
73191: -506 -501 -463 111
73192: -506 -501 -464 120
73193: -506 -501 -465 129
73195: -506 -501 -467 147
73196: -506 -501 -468 156
73199: -506 -502 -543 102
73200: -506 -502 -544 111
73201: -506 -502 -545 120
73204: -506 -502 -548 147
73205: -506 -502 -549 156
73208: -506 -503 -624 102
73209: -506 -503 -625 111
73210: -506 -503 -626 120
73211: -506 -503 -627 129
73213: -506 -503 -629 147
73214: -506 -503 -630 156
73216: -506 -504 -704 93
73217: -506 -504 -705 102
73218: -506 -504 -706 111
73219: -506 -504 -707 120
73220: -506 -504 -708 129
73221: -506 -504 -709 138
73222: -506 -504 -710 147
73223: -506 -504 -711 156
73231: -515 -496 -62 148
73242: -515 -498 -217 85
73244: -515 -498 -219 103
73245: -515 -498 -220 112
73251: -515 -499 -298 85
73252: -515 -499 -299 94
73254: -515 -499 -301 112
73255: -515 -499 -302 121
73263: -515 -500 -382 112
73269: -515 -501 -460 85
73270: -515 -501 -461 94
73272: -515 -501 -463 112
73273: -515 -501 -464 121
73274: -515 -501 -465 130
73276: -515 -501 -467 148
73278: -515 -502 -541 85
73280: -515 -502 -543 103
73281: -515 -502 -544 112
73282: -515 -502 -545 121
73284: -515 -502 -547 139
73285: -515 -502 -548 148
73286: -515 -502 -549 157
73289: -515 -503 -624 103
73293: -515 -503 -628 139
73299: -515 -504 -706 112
73300: -515 -504 -707 121
73304: -515 -504 -711 157
73312: -524 -496 -62 149
73324: -524 -498 -218 95
73325: -524 -498 -219 104
73326: -524 -498 -220 113
73354: -524 -501 -464 122
73362: -524 -502 -544 113
73363: -524 -502 -545 122
73367: -524 -502 -549 158
73378: -524 -504 -704 95
73381: -524 -504 -707 122
73383: -524 -504 -709 140
73385: -524 -504 -711 158
73393: -533 -496 -62 150
73408: -533 -498 -221 123
73413: -533 -499 -298 87
73422: -533 -500 -379 87
73435: -533 -501 -464 123
73443: -533 -502 -544 114
73461: -533 -504 -706 114
73462: -533 -504 -707 123
73466: -533 -504 -711 159
73474: -542 -496 -62 151
73485: -542 -498 -217 88
73487: -542 -498 -219 106
73488: -542 -498 -220 115
73492: -542 -498 -224 151
73497: -542 -499 -301 115
73498: -542 -499 -302 124
73499: -542 -499 -303 133
73502: -542 -499 -306 160
73531: -542 -503 -623 97
73555: -551 -496 -62 152
73573: -551 -498 -224 152
73605: -551 -502 -544 116
73610: -551 -502 -549 161
73617: -551 -503 -628 143
73636: -560 -496 -62 153
73648: -560 -498 -218 99
73650: -560 -498 -220 117
73656: -560 -499 -298 90
73660: -560 -499 -302 126
73673: -560 -500 -387 162
73686: -560 -502 -544 117
73690: -560 -502 -548 153
73691: -560 -502 -549 162
73692: -560 -503 -622 90
73694: -560 -503 -624 108
73696: -560 -503 -626 126
73697: -560 -503 -627 135
73699: -560 -503 -629 153
73700: -560 -503 -630 162
73701: -560 -504 -703 90
73718: -569 -577 -72 154
73729: -569 -579 -227 91
73730: -569 -579 -228 100
73731: -569 -579 -229 109
73732: -569 -579 -230 118
73733: -569 -579 -231 127
73734: -569 -579 -232 136
73735: -569 -579 -233 145
73741: -569 -580 -311 118
73742: -569 -580 -312 127
73743: -569 -580 -313 136
73746: -569 -581 -388 82
73747: -569 -581 -389 91
73748: -569 -581 -390 100
73749: -569 -581 -391 109
73750: -569 -581 -392 118
73751: -569 -581 -393 127
73752: -569 -581 -394 136
73753: -569 -581 -395 145
73754: -569 -581 -396 154
73756: -569 -582 -470 91
73759: -569 -582 -473 118
73764: -569 -583 -550 82
73765: -569 -583 -551 91
73766: -569 -583 -552 100
73767: -569 -583 -553 109
73768: -569 -583 -554 118
73769: -569 -583 -555 127
73770: -569 -583 -556 136
73771: -569 -583 -557 145
73772: -569 -583 -558 154
73773: -569 -584 -631 82
73776: -569 -584 -634 109
73777: -569 -584 -635 118
73781: -569 -584 -639 154
73782: -569 -585 -712 82
73783: -569 -585 -713 91
73784: -569 -585 -714 100
73785: -569 -585 -715 109
73786: -569 -585 -716 118
73787: -569 -585 -717 127
73789: -569 -585 -719 145
73790: -569 -585 -720 154
73800: -578 -578 -145 83
73801: -578 -578 -146 92
73803: -578 -578 -148 110
73804: -578 -578 -149 119
73805: -578 -578 -150 128
73806: -578 -578 -151 137
73807: -578 -578 -152 146
73808: -578 -578 -153 155
73863: -578 -585 -712 83
73880: -587 -577 -72 156
73891: -587 -579 -227 93
73892: -587 -579 -228 102
73893: -587 -579 -229 111
73894: -587 -579 -230 120
73895: -587 -579 -231 129
73896: -587 -579 -232 138
73898: -587 -579 -234 156
73900: -587 -580 -308 93
73902: -587 -580 -310 111
73903: -587 -580 -311 120
73904: -587 -580 -312 129
73905: -587 -580 -313 138
73906: -587 -580 -314 147
73907: -587 -580 -315 156
73909: -587 -581 -389 93
73910: -587 -581 -390 102
73911: -587 -581 -391 111
73912: -587 -581 -392 120
73913: -587 -581 -393 129
73914: -587 -581 -394 138
73916: -587 -581 -396 156
73919: -587 -582 -471 102
73920: -587 -582 -472 111
73921: -587 -582 -473 120
73922: -587 -582 -474 129
73923: -587 -582 -475 138
73925: -587 -582 -477 156
73927: -587 -583 -551 93
73928: -587 -583 -552 102
73929: -587 -583 -553 111
73930: -587 -583 -554 120
73931: -587 -583 -555 129
73932: -587 -583 -556 138
73933: -587 -583 -557 147
73934: -587 -583 -558 156
73939: -587 -584 -635 120
73940: -587 -584 -636 129
73941: -587 -584 -637 138
73943: -587 -584 -639 156
73945: -587 -585 -713 93
73946: -587 -585 -714 102
73947: -587 -585 -715 111
73948: -587 -585 -716 120
73949: -587 -585 -717 129
73950: -587 -585 -718 138
73951: -587 -585 -719 147
73952: -587 -585 -720 156
73961: -596 -577 -72 157
73971: -596 -579 -226 85
73973: -596 -579 -228 103
73974: -596 -579 -229 112
73980: -596 -580 -307 85
73981: -596 -580 -308 94
73986: -596 -580 -313 139
73991: -596 -581 -390 103
73993: -596 -581 -392 121
73997: -596 -581 -396 157
73999: -596 -582 -470 94
74000: -596 -582 -471 103
74001: -596 -582 -472 112
74003: -596 -582 -474 130
74005: -596 -582 -476 148
74016: -596 -584 -631 85
74020: -596 -584 -635 121
74021: -596 -584 -636 130
74024: -596 -584 -639 157
74028: -596 -585 -715 112
74042: -605 -577 -72 158
74053: -605 -579 -227 95
74061: -605 -580 -307 86
74064: -605 -580 -310 113
74065: -605 -580 -311 122
74069: -605 -580 -315 158
74070: -605 -581 -388 86
74071: -605 -581 -389 95
74072: -605 -581 -390 104
74073: -605 -581 -391 113
74074: -605 -581 -392 122
74075: -605 -581 -393 131
74076: -605 -581 -394 140
74079: -605 -582 -469 86
74080: -605 -582 -470 95
74082: -605 -582 -472 113
74083: -605 -582 -473 122
74091: -605 -583 -553 113
74094: -605 -583 -556 140
74096: -605 -583 -558 158
74102: -605 -584 -636 131
74105: -605 -584 -639 158
74106: -605 -585 -712 86
74109: -605 -585 -715 113
74123: -614 -577 -72 159
74134: -614 -579 -227 96
74143: -614 -580 -308 96
74145: -614 -580 -310 114
74146: -614 -580 -311 123
74147: -614 -580 -312 132
74148: -614 -580 -313 141
74151: -614 -581 -388 87
74153: -614 -581 -390 105
74155: -614 -581 -392 123
74161: -614 -582 -470 96
74163: -614 -582 -472 114
74181: -614 -584 -634 114
74182: -614 -584 -635 123
74183: -614 -584 -636 132
74186: -614 -584 -639 159
74187: -614 -585 -712 87
74188: -614 -585 -713 96
74189: -614 -585 -714 105
74190: -614 -585 -715 114
74191: -614 -585 -716 123
74192: -614 -585 -717 132
74193: -614 -585 -718 141
74194: -614 -585 -719 150
74195: -614 -585 -720 159
74204: -623 -577 -72 160
74215: -623 -579 -227 97
74235: -623 -581 -391 115
74241: -623 -582 -469 88
74245: -623 -582 -473 124
74252: -623 -583 -552 106
74253: -623 -583 -553 115
74254: -623 -583 -554 124
74255: -623 -583 -555 133
74258: -623 -583 -558 160
74263: -623 -584 -635 124
74264: -623 -584 -636 133
74268: -623 -585 -712 88
74269: -623 -585 -713 97
74270: -623 -585 -714 106
74271: -623 -585 -715 115
74272: -623 -585 -716 124
74273: -623 -585 -717 133
74275: -623 -585 -719 151
74276: -623 -585 -720 160
74285: -632 -577 -72 161
74295: -632 -579 -226 89
74298: -632 -579 -229 116
74305: -632 -580 -308 98
74307: -632 -580 -310 116
74317: -632 -581 -392 125
74331: -632 -583 -550 89
74349: -632 -585 -712 89
74366: -641 -577 -72 162
74376: -641 -579 -226 90
74377: -641 -579 -227 99
74379: -641 -579 -229 117
74391: -641 -580 -313 144
74395: -641 -581 -389 99
74398: -641 -581 -392 126
74399: -641 -581 -393 135
74400: -641 -581 -394 144
74401: -641 -581 -395 153
74404: -641 -582 -470 99
74406: -641 -582 -472 117
74408: -641 -582 -474 135
74409: -641 -582 -475 144
74410: -641 -582 -476 153
74423: -641 -584 -633 108
74424: -641 -584 -634 117
74425: -641 -584 -635 126
74426: -641 -584 -636 135
74429: -641 -584 -639 162
74431: -641 -585 -713 99
74432: -641 -585 -714 108
74433: -641 -585 -715 117
74434: -641 -585 -716 126
74435: -641 -585 -717 135
74436: -641 -585 -718 144
74438: -641 -585 -720 162
74443: -650 -658 -77 118
74457: -650 -660 -235 82
74458: -650 -660 -236 91
74459: -650 -660 -237 100
74460: -650 -660 -238 109
74461: -650 -660 -239 118
74462: -650 -660 -240 127
74464: -650 -660 -242 145
74467: -650 -661 -317 91
74469: -650 -661 -319 109
74470: -650 -661 -320 118
74471: -650 -661 -321 127
74472: -650 -661 -322 136
74474: -650 -661 -324 154
74475: -650 -662 -397 82
74476: -650 -662 -398 91
74477: -650 -662 -399 100
74478: -650 -662 -400 109
74479: -650 -662 -401 118
74480: -650 -662 -402 127
74482: -650 -662 -404 145
74483: -650 -662 -405 154
74485: -650 -663 -479 91
74488: -650 -663 -482 118
74489: -650 -663 -483 127
74491: -650 -663 -485 145
74492: -650 -663 -486 154
74493: -650 -664 -559 82
74494: -650 -664 -560 91
74495: -650 -664 -561 100
74496: -650 -664 -562 109
74497: -650 -664 -563 118
74499: -650 -664 -565 136
74500: -650 -664 -566 145
74503: -650 -665 -641 91
74504: -650 -665 -642 100
74505: -650 -665 -643 109
74510: -650 -665 -648 154
74511: -650 -666 -721 82
74513: -650 -666 -723 100
74514: -650 -666 -724 109
74515: -650 -666 -725 118
74516: -650 -666 -726 127
74517: -650 -666 -727 136
74529: -659 -659 -154 83
74530: -659 -659 -155 92
74532: -659 -659 -157 110
74533: -659 -659 -158 119
74534: -659 -659 -159 128
74535: -659 -659 -160 137
74536: -659 -659 -161 146
74537: -659 -659 -162 155
74605: -668 -658 -77 120
74620: -668 -660 -236 93
74622: -668 -660 -238 111
74623: -668 -660 -239 120
74624: -668 -660 -240 129
74625: -668 -660 -241 138
74626: -668 -660 -242 147
74629: -668 -661 -317 93
74631: -668 -661 -319 111
74632: -668 -661 -320 120
74634: -668 -661 -322 138
74635: -668 -661 -323 147
74636: -668 -661 -324 156
74639: -668 -662 -399 102
74640: -668 -662 -400 111
74641: -668 -662 -401 120
74642: -668 -662 -402 129
74643: -668 -662 -403 138
74644: -668 -662 -404 147
74648: -668 -663 -480 102
74649: -668 -663 -481 111
74650: -668 -663 -482 120
74651: -668 -663 -483 129
74652: -668 -663 -484 138
74653: -668 -663 -485 147
74656: -668 -664 -560 93
74658: -668 -664 -562 111
74659: -668 -664 -563 120
74660: -668 -664 -564 129
74661: -668 -664 -565 138
74662: -668 -664 -566 147
74665: -668 -665 -641 93
74666: -668 -665 -642 102
74667: -668 -665 -643 111
74668: -668 -665 -644 120
74669: -668 -665 -645 129
74670: -668 -665 -646 138
74671: -668 -665 -647 147
74675: -668 -666 -723 102
74676: -668 -666 -724 111
74677: -668 -666 -725 120
74678: -668 -666 -726 129
74679: -668 -666 -727 138
74686: -677 -658 -77 121
74700: -677 -660 -235 85
74703: -677 -660 -238 112
74709: -677 -661 -316 85
74710: -677 -661 -317 94
74715: -677 -661 -322 139
74718: -677 -662 -397 85
74721: -677 -662 -400 112
74726: -677 -662 -405 157
74727: -677 -663 -478 85
74728: -677 -663 -479 94
74731: -677 -663 -482 121
74736: -677 -664 -559 85
74737: -677 -664 -560 94
74738: -677 -664 -561 103
74739: -677 -664 -562 112
74740: -677 -664 -563 121
74742: -677 -664 -565 139
74743: -677 -664 -566 148
74744: -677 -664 -567 157
74754: -677 -666 -721 85
74756: -677 -666 -723 103
74757: -677 -666 -724 112
74758: -677 -666 -725 121
74759: -677 -666 -726 130
74760: -677 -666 -727 139
74762: -677 -666 -729 157
74767: -686 -658 -77 122
74782: -686 -660 -236 95
74784: -686 -660 -238 113
74786: -686 -660 -240 131
74800: -686 -662 -398 95
74803: -686 -662 -401 122
74804: -686 -662 -402 131
74805: -686 -662 -403 140
74806: -686 -662 -404 149
74817: -686 -664 -559 86
74818: -686 -664 -560 95
74820: -686 -664 -562 113
74823: -686 -664 -565 140
74824: -686 -664 -566 149
74835: -686 -666 -721 86
74837: -686 -666 -723 104
74838: -686 -666 -724 113
74840: -686 -666 -726 131
74841: -686 -666 -727 140
74848: -695 -658 -77 123
74862: -695 -660 -235 87
74863: -695 -660 -236 96
74869: -695 -660 -242 150
74872: -695 -661 -317 96
74874: -695 -661 -319 114
74878: -695 -661 -323 150
74880: -695 -662 -397 87
74881: -695 -662 -398 96
74883: -695 -662 -400 114
74887: -695 -662 -404 150
74900: -695 -664 -561 105
74903: -695 -664 -564 132
74908: -695 -665 -641 96
74910: -695 -665 -643 114
74911: -695 -665 -644 123
74916: -695 -666 -721 87
74919: -695 -666 -724 114
74920: -695 -666 -725 123
74922: -695 -666 -727 141
74929: -704 -658 -77 124
74937: -704 -659 -157 115
74943: -704 -660 -235 88
74944: -704 -660 -236 97
74945: -704 -660 -237 106
74948: -704 -660 -240 133
74949: -704 -660 -241 142
74953: -704 -661 -317 97
74956: -704 -661 -320 124
74957: -704 -661 -321 133
74958: -704 -661 -322 142
74959: -704 -661 -323 151
74961: -704 -662 -397 88
74964: -704 -662 -400 115
74967: -704 -662 -403 142
74971: -704 -663 -479 97
74973: -704 -663 -481 115
74977: -704 -663 -485 151
74978: -704 -663 -486 160
74982: -704 -664 -562 115
74997: -704 -666 -721 88
74999: -704 -666 -723 106
75000: -704 -666 -724 115
75001: -704 -666 -725 124
75002: -704 -666 -726 133
75003: -704 -666 -727 142
75010: -713 -658 -77 125
75025: -713 -660 -236 98
75030: -713 -660 -241 143
75033: -713 -661 -316 89
75034: -713 -661 -317 98
75037: -713 -661 -320 125
75038: -713 -661 -321 134
75039: -713 -661 -322 143
75045: -713 -662 -400 116
75060: -713 -664 -559 89
75063: -713 -664 -562 116
75065: -713 -664 -564 134
75066: -713 -664 -565 143
75070: -713 -665 -641 98
75075: -713 -665 -646 143
75082: -713 -666 -725 125
75091: -722 -658 -77 126
75105: -722 -660 -235 90
75106: -722 -660 -236 99
75108: -722 -660 -238 117
75110: -722 -660 -240 135
75114: -722 -661 -316 90
75115: -722 -661 -317 99
75117: -722 -661 -319 117
75120: -722 -661 -322 144
75150: -722 -665 -640 90
75156: -722 -665 -646 144
75276: -12 -22 -244 164
75277: -12 -22 -245 173
75279: -12 -22 -247 191
75280: -12 -22 -248 200
75281: -12 -22 -249 209
75282: -12 -22 -250 218
75283: -12 -22 -251 227
75284: -12 -22 -252 236
75907: -84 -101 -92 172
75910: -84 -101 -95 199
75911: -84 -101 -96 208
75912: -84 -101 -97 217
75913: -84 -101 -98 226
75914: -84 -101 -99 235
75926: -84 -103 -255 181
75933: -84 -104 -334 163
75934: -84 -104 -335 172
75935: -84 -104 -336 181
75936: -84 -104 -337 190
75937: -84 -104 -338 199
75938: -84 -104 -339 208
75939: -84 -104 -340 217
75940: -84 -104 -341 226
75941: -84 -104 -342 235
75942: -84 -105 -415 163
75943: -84 -105 -416 172
75944: -84 -105 -417 181
75945: -84 -105 -418 190
75946: -84 -105 -419 199
75947: -84 -105 -420 208
75948: -84 -105 -421 217
75949: -84 -105 -422 226
75950: -84 -105 -423 235
75951: -84 -106 -496 163
75952: -84 -106 -497 172
75953: -84 -106 -498 181
75954: -84 -106 -499 190
75955: -84 -106 -500 199
75956: -84 -106 -501 208
75957: -84 -106 -502 217
75958: -84 -106 -503 226
75959: -84 -106 -504 235
75960: -84 -107 -577 163
75961: -84 -107 -578 172
75962: -84 -107 -579 181
75963: -84 -107 -580 190
75964: -84 -107 -581 199
75965: -84 -107 -582 208
75966: -84 -107 -583 217
75967: -84 -107 -584 226
75968: -84 -107 -585 235
75969: -84 -108 -658 163
75970: -84 -108 -659 172
75971: -84 -108 -660 181
75972: -84 -108 -661 190
75973: -84 -108 -662 199
75974: -84 -108 -663 208
75975: -84 -108 -664 217
75976: -84 -108 -665 226
75977: -84 -108 -666 235
76727: -174 -183 -183 182
76738: -174 -184 -266 200
76743: -174 -185 -343 164
76744: -174 -185 -344 173
76745: -174 -185 -345 182
76746: -174 -185 -346 191
76747: -174 -185 -347 200
76748: -174 -185 -348 209
76749: -174 -185 -349 218
76750: -174 -185 -350 227
76751: -174 -185 -351 236
76752: -174 -186 -424 164
76753: -174 -186 -425 173
76755: -174 -186 -427 191
76756: -174 -186 -428 200
76758: -174 -186 -430 218
76759: -174 -186 -431 227
76760: -174 -186 -432 236
76761: -174 -187 -505 164
76763: -174 -187 -507 182
76764: -174 -187 -508 191
76765: -174 -187 -509 200
76766: -174 -187 -510 209
76767: -174 -187 -511 218
76768: -174 -187 -512 227
76769: -174 -187 -513 236
76770: -174 -188 -586 164
76771: -174 -188 -587 173
76772: -174 -188 -588 182
76773: -174 -188 -589 191
76774: -174 -188 -590 200
76775: -174 -188 -591 209
76776: -174 -188 -592 218
76777: -174 -188 -593 227
76778: -174 -188 -594 236
76779: -174 -189 -667 164
76780: -174 -189 -668 173
76782: -174 -189 -670 191
76783: -174 -189 -671 200
76784: -174 -189 -672 209
76785: -174 -189 -673 218
76786: -174 -189 -674 227
76872: -192 -181 -22 193
76889: -192 -183 -183 184
76905: -192 -185 -343 166
76906: -192 -185 -344 175
76908: -192 -185 -346 193
76910: -192 -185 -348 211
76911: -192 -185 -349 220
76912: -192 -185 -350 229
76913: -192 -185 -351 238
76914: -192 -186 -424 166
76915: -192 -186 -425 175
76917: -192 -186 -427 193
76918: -192 -186 -428 202
76920: -192 -186 -430 220
76921: -192 -186 -431 229
76922: -192 -186 -432 238
76923: -192 -187 -505 166
76924: -192 -187 -506 175
76926: -192 -187 -508 193
76927: -192 -187 -509 202
76928: -192 -187 -510 211
76929: -192 -187 -511 220
76930: -192 -187 -512 229
76931: -192 -187 -513 238
76932: -192 -188 -586 166
76933: -192 -188 -587 175
76934: -192 -188 -588 184
76936: -192 -188 -590 202
76937: -192 -188 -591 211
76938: -192 -188 -592 220
76939: -192 -188 -593 229
76940: -192 -188 -594 238
76941: -192 -189 -667 166
76942: -192 -189 -668 175
76944: -192 -189 -670 193
76945: -192 -189 -671 202
76946: -192 -189 -672 211
76947: -192 -189 -673 220
76948: -192 -189 -674 229
76953: -201 -181 -22 194
76970: -201 -183 -183 185
76981: -201 -184 -266 203
76982: -201 -184 -267 212
76983: -201 -184 -268 221
76984: -201 -184 -269 230
76985: -201 -184 -270 239
76995: -201 -186 -424 167
76996: -201 -186 -425 176
76998: -201 -186 -427 194
76999: -201 -186 -428 203
77001: -201 -186 -430 221
77002: -201 -186 -431 230
77003: -201 -186 -432 239
77005: -201 -187 -506 176
77007: -201 -187 -508 194
77009: -201 -187 -510 212
77011: -201 -187 -512 230
77012: -201 -187 -513 239
77013: -201 -188 -586 167
77016: -201 -188 -589 194
77017: -201 -188 -590 203
77018: -201 -188 -591 212
77019: -201 -188 -592 221
77021: -201 -188 -594 239
77022: -201 -189 -667 167
77023: -201 -189 -668 176
77025: -201 -189 -670 194
77026: -201 -189 -671 203
77027: -201 -189 -672 212
77028: -201 -189 -673 221
77034: -210 -181 -22 195
77051: -210 -183 -183 186
77062: -210 -184 -266 204
77063: -210 -184 -267 213
77064: -210 -184 -268 222
77065: -210 -184 -269 231
77066: -210 -184 -270 240
77068: -210 -185 -344 177
77073: -210 -185 -349 222
77074: -210 -185 -350 231
77075: -210 -185 -351 240
77085: -210 -187 -505 168
77086: -210 -187 -506 177
77088: -210 -187 -508 195
77089: -210 -187 -509 204
77090: -210 -187 -510 213
77092: -210 -187 -512 231
77093: -210 -187 -513 240
77094: -210 -188 -586 168
77097: -210 -188 -589 195
77098: -210 -188 -590 204
77099: -210 -188 -591 213
77100: -210 -188 -592 222
77102: -210 -188 -594 240
77104: -210 -189 -668 177
77106: -210 -189 -670 195
77107: -210 -189 -671 204
77109: -210 -189 -673 222
77110: -210 -189 -674 231
77115: -219 -181 -22 196
77132: -219 -183 -183 187
77143: -219 -184 -266 205
77144: -219 -184 -267 214
77145: -219 -184 -268 223
77146: -219 -184 -269 232
77147: -219 -184 -270 241
77149: -219 -185 -344 178
77151: -219 -185 -346 196
77153: -219 -185 -348 214
77154: -219 -185 -349 223
77155: -219 -185 -350 232
77156: -219 -185 -351 241
77161: -219 -186 -428 205
77163: -219 -186 -430 223
77164: -219 -186 -431 232
77165: -219 -186 -432 241
77175: -219 -188 -586 169
77178: -219 -188 -589 196
77179: -219 -188 -590 205
77180: -219 -188 -591 214
77181: -219 -188 -592 223
77183: -219 -188 -594 241
77184: -219 -189 -667 169
77185: -219 -189 -668 178
77187: -219 -189 -670 196
77188: -219 -189 -671 205
77189: -219 -189 -672 214
77190: -219 -189 -673 223
77191: -219 -189 -674 232
77192: -219 -189 -675 241
77196: -228 -181 -22 197
77213: -228 -183 -183 188
77224: -228 -184 -266 206
77225: -228 -184 -267 215
77226: -228 -184 -268 224
77227: -228 -184 -269 233
77228: -228 -184 -270 242
77232: -228 -185 -346 197
77234: -228 -185 -348 215
77235: -228 -185 -349 224
77236: -228 -185 -350 233
77237: -228 -185 -351 242
77238: -228 -186 -424 170
77239: -228 -186 -425 179
77241: -228 -186 -427 197
77242: -228 -186 -428 206
77244: -228 -186 -430 224
77246: -228 -186 -432 242
77250: -228 -187 -508 197
77251: -228 -187 -509 206
77252: -228 -187 -510 215
77255: -228 -187 -513 242
77260: -228 -188 -590 206
77262: -228 -188 -592 224
77265: -228 -189 -667 170
77266: -228 -189 -668 179
77268: -228 -189 -670 197
77269: -228 -189 -671 206
77270: -228 -189 -672 215
77271: -228 -189 -673 224
77277: -237 -181 -22 198
77294: -237 -183 -183 189
77305: -237 -184 -266 207
77306: -237 -184 -267 216
77307: -237 -184 -268 225
77308: -237 -184 -269 234
77309: -237 -184 -270 243
77310: -237 -185 -343 171
77311: -237 -185 -344 180
77313: -237 -185 -346 198
77315: -237 -185 -348 216
77316: -237 -185 -349 225
77317: -237 -185 -350 234
77319: -237 -186 -424 171
77320: -237 -186 -425 180
77322: -237 -186 -427 198
77323: -237 -186 -428 207
77325: -237 -186 -430 225
77326: -237 -186 -431 234
77327: -237 -186 -432 243
77328: -237 -187 -505 171
77329: -237 -187 -506 180
77331: -237 -187 -508 198
77332: -237 -187 -509 207
77333: -237 -187 -510 216
77335: -237 -187 -512 234
77336: -237 -187 -513 243
77339: -237 -188 -588 189
77341: -237 -188 -590 207
77343: -237 -188 -592 225
77345: -237 -188 -594 243
77349: -237 -189 -670 198
77353: -237 -189 -674 234
77436: -255 -262 -28 164
77445: -255 -263 -109 164
77446: -255 -263 -110 173
77449: -255 -263 -113 200
77450: -255 -263 -114 209
77451: -255 -263 -115 218
77452: -255 -263 -116 227
77453: -255 -263 -117 236
77464: -255 -265 -272 173
77467: -255 -265 -275 200
77468: -255 -265 -276 209
77469: -255 -265 -277 218
77470: -255 -265 -278 227
77471: -255 -265 -279 236
77472: -255 -266 -352 164
77473: -255 -266 -353 173
77474: -255 -266 -354 182
77475: -255 -266 -355 191
77476: -255 -266 -356 200
77477: -255 -266 -357 209
77478: -255 -266 -358 218
77479: -255 -266 -359 227
77480: -255 -266 -360 236
77481: -255 -267 -433 164
77482: -255 -267 -434 173
77483: -255 -267 -435 182
77484: -255 -267 -436 191
77485: -255 -267 -437 200
77486: -255 -267 -438 209
77487: -255 -267 -439 218
77488: -255 -267 -440 227
77489: -255 -267 -441 236
77490: -255 -268 -514 164
77491: -255 -268 -515 173
77492: -255 -268 -516 182
77493: -255 -268 -517 191
77494: -255 -268 -518 200
77495: -255 -268 -519 209
77496: -255 -268 -520 218
77497: -255 -268 -521 227
77498: -255 -268 -522 236
77499: -255 -269 -595 164
77500: -255 -269 -596 173
77501: -255 -269 -597 182
77502: -255 -269 -598 191
77503: -255 -269 -599 200
77504: -255 -269 -600 209
77505: -255 -269 -601 218
77506: -255 -269 -602 227
77507: -255 -269 -603 236
77508: -255 -270 -676 164
77509: -255 -270 -677 173
77510: -255 -270 -678 182
77511: -255 -270 -679 191
77512: -255 -270 -680 200
77513: -255 -270 -681 209
77514: -255 -270 -682 218
77515: -255 -270 -683 227
77516: -255 -270 -684 236
78089: -327 -343 -42 208
78093: -327 -344 -118 163
78094: -327 -344 -119 172
78096: -327 -344 -121 190
78097: -327 -344 -122 199
78098: -327 -344 -123 208
78099: -327 -344 -124 217
78100: -327 -344 -125 226
78101: -327 -344 -126 235
78111: -327 -346 -280 163
78112: -327 -346 -281 172
78114: -327 -346 -283 190
78115: -327 -346 -284 199
78116: -327 -346 -285 208
78117: -327 -346 -286 217
78118: -327 -346 -287 226
78119: -327 -346 -288 235
78120: -327 -347 -361 163
78121: -327 -347 -362 172
78123: -327 -347 -364 190
78125: -327 -347 -366 208
78126: -327 -347 -367 217
78127: -327 -347 -368 226
78129: -327 -348 -442 163
78130: -327 -348 -443 172
78131: -327 -348 -444 181
78132: -327 -348 -445 190
78133: -327 -348 -446 199
78134: -327 -348 -447 208
78135: -327 -348 -448 217
78136: -327 -348 -449 226
78137: -327 -348 -450 235
78138: -327 -349 -523 163
78139: -327 -349 -524 172
78140: -327 -349 -525 181
78141: -327 -349 -526 190
78142: -327 -349 -527 199
78143: -327 -349 -528 208
78144: -327 -349 -529 217
78146: -327 -349 -531 235
78147: -327 -350 -604 163
78148: -327 -350 -605 172
78149: -327 -350 -606 181
78150: -327 -350 -607 190
78151: -327 -350 -608 199
78152: -327 -350 -609 208
78153: -327 -350 -610 217
78154: -327 -350 -611 226
78155: -327 -350 -612 235
78156: -327 -351 -685 163
78157: -327 -351 -686 172
78158: -327 -351 -687 181
78159: -327 -351 -688 190
78160: -327 -351 -689 199
78161: -327 -351 -690 208
78162: -327 -351 -691 217
78163: -327 -351 -692 226
78164: -327 -351 -693 235
78170: -336 -343 -42 209
78174: -336 -344 -118 164
78175: -336 -344 -119 173
78177: -336 -344 -121 191
78178: -336 -344 -122 200
78179: -336 -344 -123 209
78180: -336 -344 -124 218
78181: -336 -344 -125 227
78182: -336 -344 -126 236
78192: -336 -346 -280 164
78193: -336 -346 -281 173
78195: -336 -346 -283 191
78196: -336 -346 -284 200
78197: -336 -346 -285 209
78199: -336 -346 -287 227
78200: -336 -346 -288 236
78201: -336 -347 -361 164
78204: -336 -347 -364 191
78206: -336 -347 -366 209
78207: -336 -347 -367 218
78208: -336 -347 -368 227
78210: -336 -348 -442 164
78211: -336 -348 -443 173
78212: -336 -348 -444 182
78213: -336 -348 -445 191
78214: -336 -348 -446 200
78215: -336 -348 -447 209
78216: -336 -348 -448 218
78217: -336 -348 -449 227
78218: -336 -348 -450 236
78219: -336 -349 -523 164
78220: -336 -349 -524 173
78221: -336 -349 -525 182
78222: -336 -349 -526 191
78223: -336 -349 -527 200
78224: -336 -349 -528 209
78225: -336 -349 -529 218
78226: -336 -349 -530 227
78227: -336 -349 -531 236
78228: -336 -350 -604 164
78229: -336 -350 -605 173
78230: -336 -350 -606 182
78231: -336 -350 -607 191
78232: -336 -350 -608 200
78233: -336 -350 -609 209
78234: -336 -350 -610 218
78235: -336 -350 -611 227
78236: -336 -350 -612 236
78237: -336 -351 -685 164
78238: -336 -351 -686 173
78240: -336 -351 -688 191
78242: -336 -351 -690 209
78243: -336 -351 -691 218
78244: -336 -351 -692 227
78245: -336 -351 -693 236
78264: -345 -345 -199 165
78265: -345 -345 -200 174
78266: -345 -345 -201 183
78267: -345 -345 -202 192
78268: -345 -345 -203 201
78269: -345 -345 -204 210
78270: -345 -345 -205 219
78271: -345 -345 -206 228
78272: -345 -345 -207 237
78282: -345 -347 -361 165
78332: -354 -343 -42 211
78337: -354 -344 -119 175
78343: -354 -344 -125 229
78344: -354 -344 -126 238
78354: -354 -346 -280 166
78357: -354 -346 -283 193
78361: -354 -346 -287 229
78362: -354 -346 -288 238
78363: -354 -347 -361 166
78364: -354 -347 -362 175
78366: -354 -347 -364 193
78368: -354 -347 -366 211
78370: -354 -347 -368 229
78372: -354 -348 -442 166
78373: -354 -348 -443 175
78374: -354 -348 -444 184
78375: -354 -348 -445 193
78376: -354 -348 -446 202
78377: -354 -348 -447 211
78378: -354 -348 -448 220
78379: -354 -348 -449 229
78380: -354 -348 -450 238
78382: -354 -349 -524 175
78383: -354 -349 -525 184
78384: -354 -349 -526 193
78385: -354 -349 -527 202
78386: -354 -349 -528 211
78387: -354 -349 -529 220
78388: -354 -349 -530 229
78389: -354 -349 -531 238
78390: -354 -350 -604 166
78391: -354 -350 -605 175
78392: -354 -350 -606 184
78393: -354 -350 -607 193
78394: -354 -350 -608 202
78395: -354 -350 -609 211
78396: -354 -350 -610 220
78397: -354 -350 -611 229
78401: -354 -351 -687 184
78402: -354 -351 -688 193
78403: -354 -351 -689 202
78404: -354 -351 -690 211
78405: -354 -351 -691 220
78413: -363 -343 -42 212
78420: -363 -344 -121 194
78423: -363 -344 -124 221
78424: -363 -344 -125 230
78425: -363 -344 -126 239
78435: -363 -346 -280 167
78438: -363 -346 -283 194
78440: -363 -346 -285 212
78441: -363 -346 -286 221
78446: -363 -347 -363 185
78453: -363 -348 -442 167
78454: -363 -348 -443 176
78455: -363 -348 -444 185
78456: -363 -348 -445 194
78457: -363 -348 -446 203
78458: -363 -348 -447 212
78460: -363 -348 -449 230
78461: -363 -348 -450 239
78463: -363 -349 -524 176
78464: -363 -349 -525 185
78465: -363 -349 -526 194
78466: -363 -349 -527 203
78467: -363 -349 -528 212
78468: -363 -349 -529 221
78469: -363 -349 -530 230
78470: -363 -349 -531 239
78474: -363 -350 -607 194
78475: -363 -350 -608 203
78477: -363 -350 -610 221
78480: -363 -351 -685 167
78482: -363 -351 -687 185
78485: -363 -351 -690 212
78487: -363 -351 -692 230
78488: -363 -351 -693 239
78494: -372 -343 -42 213
78498: -372 -344 -118 168
78499: -372 -344 -119 177
78504: -372 -344 -124 222
78505: -372 -344 -125 231
78519: -372 -346 -283 195
78521: -372 -346 -285 213
78522: -372 -346 -286 222
78523: -372 -346 -287 231
78524: -372 -346 -288 240
78525: -372 -347 -361 168
78526: -372 -347 -362 177
78528: -372 -347 -364 195
78531: -372 -347 -367 222
78532: -372 -347 -368 231
78535: -372 -348 -443 177
78537: -372 -348 -445 195
78538: -372 -348 -446 204
78542: -372 -348 -450 240
78544: -372 -349 -524 177
78555: -372 -350 -607 195
78559: -372 -350 -611 231
78561: -372 -351 -685 168
78564: -372 -351 -688 195
78575: -381 -343 -42 214
78579: -381 -344 -118 169
78582: -381 -344 -121 196
78584: -381 -344 -123 214
78587: -381 -344 -126 241
78591: -381 -345 -202 196
78597: -381 -346 -280 169
78598: -381 -346 -281 178
78600: -381 -346 -283 196
78601: -381 -346 -284 205
78602: -381 -346 -285 214
78604: -381 -346 -287 232
78605: -381 -346 -288 241
78607: -381 -347 -362 178
78611: -381 -347 -366 214
78615: -381 -348 -442 169
78616: -381 -348 -443 178
78617: -381 -348 -444 187
78618: -381 -348 -445 196
78619: -381 -348 -446 205
78620: -381 -348 -447 214
78621: -381 -348 -448 223
78622: -381 -348 -449 232
78623: -381 -348 -450 241
78625: -381 -349 -524 178
78629: -381 -349 -528 214
78630: -381 -349 -529 223
78632: -381 -349 -531 241
78636: -381 -350 -607 196
78639: -381 -350 -610 223
78642: -381 -351 -685 169
78643: -381 -351 -686 178
78644: -381 -351 -687 187
78645: -381 -351 -688 196
78646: -381 -351 -689 205
78647: -381 -351 -690 214
78648: -381 -351 -691 223
78649: -381 -351 -692 232
78650: -381 -351 -693 241
78656: -390 -343 -42 215
78660: -390 -344 -118 170
78661: -390 -344 -119 179
78663: -390 -344 -121 197
78666: -390 -344 -124 224
78667: -390 -344 -125 233
78668: -390 -344 -126 242
78678: -390 -346 -280 170
78679: -390 -346 -281 179
78681: -390 -346 -283 197
78684: -390 -346 -286 224
78685: -390 -346 -287 233
78687: -390 -347 -361 170
78690: -390 -347 -364 197
78692: -390 -347 -366 215
78693: -390 -347 -367 224
78696: -390 -348 -442 170
78698: -390 -348 -444 188
78699: -390 -348 -445 197
78700: -390 -348 -446 206
78701: -390 -348 -447 215
78702: -390 -348 -448 224
78703: -390 -348 -449 233
78704: -390 -348 -450 242
78705: -390 -349 -523 170
78706: -390 -349 -524 179
78709: -390 -349 -527 206
78710: -390 -349 -528 215
78714: -390 -350 -604 170
78715: -390 -350 -605 179
78717: -390 -350 -607 197
78718: -390 -350 -608 206
78719: -390 -350 -609 215
78720: -390 -350 -610 224
78722: -390 -350 -612 242
78723: -390 -351 -685 170
78725: -390 -351 -687 188
78726: -390 -351 -688 197
78727: -390 -351 -689 206
78728: -390 -351 -690 215
78729: -390 -351 -691 224
78730: -390 -351 -692 233
78731: -390 -351 -693 242
78737: -399 -343 -42 216
78742: -399 -344 -119 180
78744: -399 -344 -121 198
78748: -399 -344 -125 234
78749: -399 -344 -126 243
78759: -399 -346 -280 171
78760: -399 -346 -281 180
78762: -399 -346 -283 198
78766: -399 -346 -287 234
78777: -399 -348 -442 171
78778: -399 -348 -443 180
78779: -399 -348 -444 189
78780: -399 -348 -445 198
78781: -399 -348 -446 207
78782: -399 -348 -447 216
78784: -399 -348 -449 234
78785: -399 -348 -450 243
78786: -399 -349 -523 171
78787: -399 -349 -524 180
78788: -399 -349 -525 189
78790: -399 -349 -527 207
78791: -399 -349 -528 216
78792: -399 -349 -529 225
78793: -399 -349 -530 234
78794: -399 -349 -531 243
78795: -399 -350 -604 171
78798: -399 -350 -607 198
78799: -399 -350 -608 207
78802: -399 -350 -611 234
78803: -399 -350 -612 243
78804: -399 -351 -685 171
78805: -399 -351 -686 180
78806: -399 -351 -687 189
78807: -399 -351 -688 198
78810: -399 -351 -691 225
78811: -399 -351 -692 234
78812: -399 -351 -693 243
78819: -408 -424 -52 217
78822: -408 -425 -127 163
78823: -408 -425 -128 172
78825: -408 -425 -130 190
78826: -408 -425 -131 199
78827: -408 -425 -132 208
78828: -408 -425 -133 217
78829: -408 -425 -134 226
78830: -408 -425 -135 235
78840: -408 -427 -289 163
78841: -408 -427 -290 172
78843: -408 -427 -292 190
78844: -408 -427 -293 199
78845: -408 -427 -294 208
78846: -408 -427 -295 217
78847: -408 -427 -296 226
78848: -408 -427 -297 235
78849: -408 -428 -370 163
78850: -408 -428 -371 172
78851: -408 -428 -372 181
78852: -408 -428 -373 190
78853: -408 -428 -374 199
78854: -408 -428 -375 208
78855: -408 -428 -376 217
78856: -408 -428 -377 226
78858: -408 -429 -451 163
78859: -408 -429 -452 172
78861: -408 -429 -454 190
78864: -408 -429 -457 217
78865: -408 -429 -458 226
78866: -408 -429 -459 235
78867: -408 -430 -532 163
78868: -408 -430 -533 172
78869: -408 -430 -534 181
78870: -408 -430 -535 190
78871: -408 -430 -536 199
78872: -408 -430 -537 208
78873: -408 -430 -538 217
78874: -408 -430 -539 226
78875: -408 -430 -540 235
78876: -408 -431 -613 163
78877: -408 -431 -614 172
78878: -408 -431 -615 181
78879: -408 -431 -616 190
78880: -408 -431 -617 199
78881: -408 -431 -618 208
78882: -408 -431 -619 217
78883: -408 -431 -620 226
78884: -408 -431 -621 235
78885: -408 -432 -694 163
78886: -408 -432 -695 172
78887: -408 -432 -696 181
78888: -408 -432 -697 190
78889: -408 -432 -698 199
78890: -408 -432 -699 208
78891: -408 -432 -700 217
78892: -408 -432 -701 226
78893: -408 -432 -702 235
78900: -417 -424 -52 218
78903: -417 -425 -127 164
78904: -417 -425 -128 173
78906: -417 -425 -130 191
78907: -417 -425 -131 200
78908: -417 -425 -132 209
78909: -417 -425 -133 218
78910: -417 -425 -134 227
78911: -417 -425 -135 236
78921: -417 -427 -289 164
78922: -417 -427 -290 173
78924: -417 -427 -292 191
78925: -417 -427 -293 200
78926: -417 -427 -294 209
78927: -417 -427 -295 218
78928: -417 -427 -296 227
78929: -417 -427 -297 236
78930: -417 -428 -370 164
78931: -417 -428 -371 173
78932: -417 -428 -372 182
78933: -417 -428 -373 191
78934: -417 -428 -374 200
78935: -417 -428 -375 209
78936: -417 -428 -376 218
78937: -417 -428 -377 227
78938: -417 -428 -378 236
78939: -417 -429 -451 164
78942: -417 -429 -454 191
78945: -417 -429 -457 218
78946: -417 -429 -458 227
78947: -417 -429 -459 236
78948: -417 -430 -532 164
78950: -417 -430 -534 182
78953: -417 -430 -537 209
78954: -417 -430 -538 218
78955: -417 -430 -539 227
78956: -417 -430 -540 236
78957: -417 -431 -613 164
78958: -417 -431 -614 173
78959: -417 -431 -615 182
78960: -417 -431 -616 191
78961: -417 -431 -617 200
78962: -417 -431 -618 209
78963: -417 -431 -619 218
78964: -417 -431 -620 227
78965: -417 -431 -621 236
78966: -417 -432 -694 164
78969: -417 -432 -697 191
78970: -417 -432 -698 200
78971: -417 -432 -699 209
78972: -417 -432 -700 218
78973: -417 -432 -701 227
78993: -426 -426 -208 165
78994: -426 -426 -209 174
78995: -426 -426 -210 183
78996: -426 -426 -211 192
78997: -426 -426 -212 201
78998: -426 -426 -213 210
78999: -426 -426 -214 219
79000: -426 -426 -215 228
79001: -426 -426 -216 237
79062: -435 -424 -52 220
79066: -435 -425 -128 175
79068: -435 -425 -130 193
79071: -435 -425 -133 220
79083: -435 -427 -289 166
79084: -435 -427 -290 175
79092: -435 -428 -370 166
79093: -435 -428 -371 175
79094: -435 -428 -372 184
79095: -435 -428 -373 193
79096: -435 -428 -374 202
79097: -435 -428 -375 211
79098: -435 -428 -376 220
79099: -435 -428 -377 229
79100: -435 -428 -378 238
79101: -435 -429 -451 166
79102: -435 -429 -452 175
79104: -435 -429 -454 193
79106: -435 -429 -456 211
79107: -435 -429 -457 220
79108: -435 -429 -458 229
79109: -435 -429 -459 238
79110: -435 -430 -532 166
79111: -435 -430 -533 175
79112: -435 -430 -534 184
79113: -435 -430 -535 193
79114: -435 -430 -536 202
79115: -435 -430 -537 211
79116: -435 -430 -538 220
79117: -435 -430 -539 229
79118: -435 -430 -540 238
79119: -435 -431 -613 166
79120: -435 -431 -614 175
79121: -435 -431 -615 184
79122: -435 -431 -616 193
79123: -435 -431 -617 202
79124: -435 -431 -618 211
79125: -435 -431 -619 220
79126: -435 -431 -620 229
79127: -435 -431 -621 238
79128: -435 -432 -694 166
79129: -435 -432 -695 175
79130: -435 -432 -696 184
79131: -435 -432 -697 193
79133: -435 -432 -699 211
79134: -435 -432 -700 220
79135: -435 -432 -701 229
79136: -435 -432 -702 238
79143: -444 -424 -52 221
79146: -444 -425 -127 167
79149: -444 -425 -130 194
79150: -444 -425 -131 203
79154: -444 -425 -135 239
79165: -444 -427 -290 176
79167: -444 -427 -292 194
79168: -444 -427 -293 203
79170: -444 -427 -295 221
79172: -444 -427 -297 239
79173: -444 -428 -370 167
79175: -444 -428 -372 185
79176: -444 -428 -373 194
79177: -444 -428 -374 203
79179: -444 -428 -376 221
79180: -444 -428 -377 230
79181: -444 -428 -378 239
79182: -444 -429 -451 167
79185: -444 -429 -454 194
79187: -444 -429 -456 212
79188: -444 -429 -457 221
79189: -444 -429 -458 230
79190: -444 -429 -459 239
79191: -444 -430 -532 167
79193: -444 -430 -534 185
79194: -444 -430 -535 194
79198: -444 -430 -539 230
79200: -444 -431 -613 167
79202: -444 -431 -615 185
79203: -444 -431 -616 194
79204: -444 -431 -617 203
79205: -444 -431 -618 212
79206: -444 -431 -619 221
79207: -444 -431 -620 230
79208: -444 -431 -621 239
79209: -444 -432 -694 167
79212: -444 -432 -697 194
79215: -444 -432 -700 221
79216: -444 -432 -701 230
79224: -453 -424 -52 222
79228: -453 -425 -128 177
79230: -453 -425 -130 195
79231: -453 -425 -131 204
79235: -453 -425 -135 240
79245: -453 -427 -289 168
79248: -453 -427 -292 195
79249: -453 -427 -293 204
79251: -453 -427 -295 222
79253: -453 -427 -297 240
79254: -453 -428 -370 168
79255: -453 -428 -371 177
79256: -453 -428 -372 186
79257: -453 -428 -373 195
79258: -453 -428 -374 204
79260: -453 -428 -376 222
79261: -453 -428 -377 231
79262: -453 -428 -378 240
79265: -453 -429 -453 186
79273: -453 -430 -533 177
79277: -453 -430 -537 213
79279: -453 -430 -539 231
79283: -453 -431 -615 186
79284: -453 -431 -616 195
79285: -453 -431 -617 204
79287: -453 -431 -619 222
79291: -453 -432 -695 177
79292: -453 -432 -696 186
79293: -453 -432 -697 195
79295: -453 -432 -699 213
79297: -453 -432 -701 231
79298: -453 -432 -702 240
79305: -462 -424 -52 223
79311: -462 -425 -130 196
79316: -462 -425 -135 241
79329: -462 -427 -292 196
79332: -462 -427 -295 223
79334: -462 -427 -297 241
79337: -462 -428 -372 187
79347: -462 -429 -454 196
79350: -462 -429 -457 223
79351: -462 -429 -458 232
79353: -462 -430 -532 169
79359: -462 -430 -538 223
79360: -462 -430 -539 232
79362: -462 -431 -613 169
79364: -462 -431 -615 187
79365: -462 -431 -616 196
79368: -462 -431 -619 223
79374: -462 -432 -697 196
79377: -462 -432 -700 223
79386: -471 -424 -52 224
79390: -471 -425 -128 179
79392: -471 -425 -130 197
79393: -471 -425 -131 206
79397: -471 -425 -135 242
79418: -471 -428 -372 188
79419: -471 -428 -373 197
79420: -471 -428 -374 206
79421: -471 -428 -375 215
79422: -471 -428 -376 224
79423: -471 -428 -377 233
79424: -471 -428 -378 242
79434: -471 -430 -532 170
79437: -471 -430 -535 197
79439: -471 -430 -537 215
79441: -471 -430 -539 233
79443: -471 -431 -613 170
79444: -471 -431 -614 179
79446: -471 -431 -616 197
79447: -471 -431 -617 206
79449: -471 -431 -619 224
79451: -471 -431 -621 242
79452: -471 -432 -694 170
79455: -471 -432 -697 197
79458: -471 -432 -700 224
79467: -480 -424 -52 225
79470: -480 -425 -127 171
79471: -480 -425 -128 180
79473: -480 -425 -130 198
79474: -480 -425 -131 207
79478: -480 -425 -135 243
79491: -480 -427 -292 198
79497: -480 -428 -370 171
79499: -480 -428 -372 189
79500: -480 -428 -373 198
79501: -480 -428 -374 207
79502: -480 -428 -375 216
79503: -480 -428 -376 225
79504: -480 -428 -377 234
79505: -480 -428 -378 243
79506: -480 -429 -451 171
79507: -480 -429 -452 180
79509: -480 -429 -454 198
79513: -480 -429 -458 234
79515: -480 -430 -532 171
79516: -480 -430 -533 180
79517: -480 -430 -534 189
79518: -480 -430 -535 198
79519: -480 -430 -536 207
79520: -480 -430 -537 216
79521: -480 -430 -538 225
79522: -480 -430 -539 234
79523: -480 -430 -540 243
79524: -480 -431 -613 171
79526: -480 -431 -615 189
79527: -480 -431 -616 198
79534: -480 -432 -695 180
79535: -480 -432 -696 189
79536: -480 -432 -697 198
79539: -480 -432 -700 225
79540: -480 -432 -701 234
79541: -480 -432 -702 243
79549: -489 -505 -62 226
79551: -489 -506 -136 163
79552: -489 -506 -137 172
79554: -489 -506 -139 190
79555: -489 -506 -140 199
79556: -489 -506 -141 208
79557: -489 -506 -142 217
79558: -489 -506 -143 226
79559: -489 -506 -144 235
79569: -489 -508 -298 163
79570: -489 -508 -299 172
79572: -489 -508 -301 190
79573: -489 -508 -302 199
79574: -489 -508 -303 208
79575: -489 -508 -304 217
79576: -489 -508 -305 226
79577: -489 -508 -306 235
79578: -489 -509 -379 163
79579: -489 -509 -380 172
79580: -489 -509 -381 181
79581: -489 -509 -382 190
79582: -489 -509 -383 199
79583: -489 -509 -384 208
79584: -489 -509 -385 217
79585: -489 -509 -386 226
79586: -489 -509 -387 235
79587: -489 -510 -460 163
79588: -489 -510 -461 172
79589: -489 -510 -462 181
79590: -489 -510 -463 190
79591: -489 -510 -464 199
79592: -489 -510 -465 208
79593: -489 -510 -466 217
79594: -489 -510 -467 226
79595: -489 -510 -468 235
79596: -489 -511 -541 163
79597: -489 -511 -542 172
79599: -489 -511 -544 190
79600: -489 -511 -545 199
79602: -489 -511 -547 217
79603: -489 -511 -548 226
79604: -489 -511 -549 235
79605: -489 -512 -622 163
79606: -489 -512 -623 172
79607: -489 -512 -624 181
79608: -489 -512 -625 190
79609: -489 -512 -626 199
79610: -489 -512 -627 208
79611: -489 -512 -628 217
79612: -489 -512 -629 226
79613: -489 -512 -630 235
79614: -489 -513 -703 163
79615: -489 -513 -704 172
79616: -489 -513 -705 181
79617: -489 -513 -706 190
79618: -489 -513 -707 199
79619: -489 -513 -708 208
79620: -489 -513 -709 217
79621: -489 -513 -710 226
79622: -489 -513 -711 235
79630: -498 -505 -62 227
79632: -498 -506 -136 164
79633: -498 -506 -137 173
79635: -498 -506 -139 191
79636: -498 -506 -140 200
79637: -498 -506 -141 209
79638: -498 -506 -142 218
79639: -498 -506 -143 227
79640: -498 -506 -144 236
79650: -498 -508 -298 164
79654: -498 -508 -302 200
79655: -498 -508 -303 209
79659: -498 -509 -379 164
79660: -498 -509 -380 173
79661: -498 -509 -381 182
79662: -498 -509 -382 191
79663: -498 -509 -383 200
79664: -498 -509 -384 209
79665: -498 -509 -385 218
79666: -498 -509 -386 227
79667: -498 -509 -387 236
79668: -498 -510 -460 164
79669: -498 -510 -461 173
79672: -498 -510 -464 200
79673: -498 -510 -465 209
79674: -498 -510 -466 218
79675: -498 -510 -467 227
79676: -498 -510 -468 236
79680: -498 -511 -544 191
79681: -498 -511 -545 200
79682: -498 -511 -546 209
79684: -498 -511 -548 227
79685: -498 -511 -549 236
79686: -498 -512 -622 164
79687: -498 -512 -623 173
79688: -498 -512 -624 182
79689: -498 -512 -625 191
79691: -498 -512 -627 209
79692: -498 -512 -628 218
79693: -498 -512 -629 227
79694: -498 -512 -630 236
79695: -498 -513 -703 164
79696: -498 -513 -704 173
79697: -498 -513 -705 182
79698: -498 -513 -706 191
79699: -498 -513 -707 200
79700: -498 -513 -708 209
79701: -498 -513 -709 218
79702: -498 -513 -710 227
79703: -498 -513 -711 236
79722: -507 -507 -217 165
79723: -507 -507 -218 174
79724: -507 -507 -219 183
79725: -507 -507 -220 192
79726: -507 -507 -221 201
79727: -507 -507 -222 210
79728: -507 -507 -223 219
79729: -507 -507 -224 228
79730: -507 -507 -225 237
79731: -507 -508 -298 165
79792: -516 -505 -62 229
79795: -516 -506 -137 175
79797: -516 -506 -139 193
79799: -516 -506 -141 211
79800: -516 -506 -142 220
79802: -516 -506 -144 238
79812: -516 -508 -298 166
79819: -516 -508 -305 229
79821: -516 -509 -379 166
79822: -516 -509 -380 175
79823: -516 -509 -381 184
79824: -516 -509 -382 193
79825: -516 -509 -383 202
79826: -516 -509 -384 211
79827: -516 -509 -385 220
79828: -516 -509 -386 229
79829: -516 -509 -387 238
79830: -516 -510 -460 166
79831: -516 -510 -461 175
79832: -516 -510 -462 184
79833: -516 -510 -463 193
79834: -516 -510 -464 202
79835: -516 -510 -465 211
79836: -516 -510 -466 220
79837: -516 -510 -467 229
79840: -516 -511 -542 175
79843: -516 -511 -545 202
79846: -516 -511 -548 229
79847: -516 -511 -549 238
79848: -516 -512 -622 166
79849: -516 -512 -623 175
79850: -516 -512 -624 184
79851: -516 -512 -625 193
79852: -516 -512 -626 202
79853: -516 -512 -627 211
79854: -516 -512 -628 220
79855: -516 -512 -629 229
79856: -516 -512 -630 238
79857: -516 -513 -703 166
79858: -516 -513 -704 175
79859: -516 -513 -705 184
79860: -516 -513 -706 193
79861: -516 -513 -707 202
79862: -516 -513 -708 211
79863: -516 -513 -709 220
79864: -516 -513 -710 229
79865: -516 -513 -711 238
79873: -525 -505 -62 230
79875: -525 -506 -136 167
79878: -525 -506 -139 194
79879: -525 -506 -140 203
79881: -525 -506 -142 221
79882: -525 -506 -143 230
79883: -525 -506 -144 239
79893: -525 -508 -298 167
79894: -525 -508 -299 176
79896: -525 -508 -301 194
79897: -525 -508 -302 203
79898: -525 -508 -303 212
79899: -525 -508 -304 221
79900: -525 -508 -305 230
79902: -525 -509 -379 167
79906: -525 -509 -383 203
79910: -525 -509 -387 239
79911: -525 -510 -460 167
79912: -525 -510 -461 176
79913: -525 -510 -462 185
79914: -525 -510 -463 194
79915: -525 -510 -464 203
79916: -525 -510 -465 212
79918: -525 -510 -467 230
79919: -525 -510 -468 239
79928: -525 -511 -549 239
79931: -525 -512 -624 185
79932: -525 -512 -625 194
79935: -525 -512 -628 221
79937: -525 -512 -630 239
79938: -525 -513 -703 167
79940: -525 -513 -705 185
79941: -525 -513 -706 194
79942: -525 -513 -707 203
79943: -525 -513 -708 212
79945: -525 -513 -710 230
79946: -525 -513 -711 239
79954: -534 -505 -62 231
79959: -534 -506 -139 195
79974: -534 -508 -298 168
79975: -534 -508 -299 177
79977: -534 -508 -301 195
79978: -534 -508 -302 204
79979: -534 -508 -303 213
79981: -534 -508 -305 231
79983: -534 -509 -379 168
79984: -534 -509 -380 177
79986: -534 -509 -382 195
79987: -534 -509 -383 204
79988: -534 -509 -384 213
79989: -534 -509 -385 222
79990: -534 -509 -386 231
79991: -534 -509 -387 240
79993: -534 -510 -461 177
80010: -534 -512 -622 168
80012: -534 -512 -624 186
80013: -534 -512 -625 195
80014: -534 -512 -626 204
80015: -534 -512 -627 213
80016: -534 -512 -628 222
80017: -534 -512 -629 231
80018: -534 -512 -630 240
80019: -534 -513 -703 168
80021: -534 -513 -705 186
80022: -534 -513 -706 195
80023: -534 -513 -707 204
80024: -534 -513 -708 213
80025: -534 -513 -709 222
80026: -534 -513 -710 231
80027: -534 -513 -711 240
80035: -543 -505 -62 232
80038: -543 -506 -137 178
80040: -543 -506 -139 196
80042: -543 -506 -141 214
80055: -543 -508 -298 169
80056: -543 -508 -299 178
80058: -543 -508 -301 196
80059: -543 -508 -302 205
80060: -543 -508 -303 214
80061: -543 -508 -304 223
80062: -543 -508 -305 232
80063: -543 -508 -306 241
80064: -543 -509 -379 169
80065: -543 -509 -380 178
80067: -543 -509 -382 196
80068: -543 -509 -383 205
80070: -543 -509 -385 223
80071: -543 -509 -386 232
80072: -543 -509 -387 241
80074: -543 -510 -461 178
80075: -543 -510 -462 187
80076: -543 -510 -463 196
80077: -543 -510 -464 205
80078: -543 -510 -465 214
80080: -543 -510 -467 232
80081: -543 -510 -468 241
80084: -543 -511 -543 187
80092: -543 -512 -623 178
80093: -543 -512 -624 187
80094: -543 -512 -625 196
80095: -543 -512 -626 205
80096: -543 -512 -627 214
80097: -543 -512 -628 223
80098: -543 -512 -629 232
80099: -543 -512 -630 241
80101: -543 -513 -704 178
80103: -543 -513 -706 196
80104: -543 -513 -707 205
80105: -543 -513 -708 214
80106: -543 -513 -709 223
80107: -543 -513 -710 232
80108: -543 -513 -711 241
80116: -552 -505 -62 233
80121: -552 -506 -139 197
80126: -552 -506 -144 242
80136: -552 -508 -298 170
80137: -552 -508 -299 179
80139: -552 -508 -301 197
80140: -552 -508 -302 206
80141: -552 -508 -303 215
80143: -552 -508 -305 233
80144: -552 -508 -306 242
80145: -552 -509 -379 170
80146: -552 -509 -380 179
80148: -552 -509 -382 197
80150: -552 -509 -384 215
80151: -552 -509 -385 224
80153: -552 -509 -387 242
80154: -552 -510 -460 170
80156: -552 -510 -462 188
80157: -552 -510 -463 197
80158: -552 -510 -464 206
80174: -552 -512 -624 188
80175: -552 -512 -625 197
80176: -552 -512 -626 206
80177: -552 -512 -627 215
80178: -552 -512 -628 224
80179: -552 -512 -629 233
80180: -552 -512 -630 242
80181: -552 -513 -703 170
80182: -552 -513 -704 179
80183: -552 -513 -705 188
80184: -552 -513 -706 197
80186: -552 -513 -708 215
80187: -552 -513 -709 224
80188: -552 -513 -710 233
80189: -552 -513 -711 242
80197: -561 -505 -62 234
80199: -561 -506 -136 171
80202: -561 -506 -139 198
80203: -561 -506 -140 207
80217: -561 -508 -298 171
80218: -561 -508 -299 180
80220: -561 -508 -301 198
80222: -561 -508 -303 216
80225: -561 -508 -306 243
80229: -561 -509 -382 198
80230: -561 -509 -383 207
80234: -561 -509 -387 243
80235: -561 -510 -460 171
80237: -561 -510 -462 189
80238: -561 -510 -463 198
80239: -561 -510 -464 207
80240: -561 -510 -465 216
80241: -561 -510 -466 225
80242: -561 -510 -467 234
80243: -561 -510 -468 243
80252: -561 -511 -549 243
80253: -561 -512 -622 171
80254: -561 -512 -623 180
80255: -561 -512 -624 189
80256: -561 -512 -625 198
80257: -561 -512 -626 207
80258: -561 -512 -627 216
80259: -561 -512 -628 225
80260: -561 -512 -629 234
80261: -561 -512 -630 243
80262: -561 -513 -703 171
80265: -561 -513 -706 198
80269: -561 -513 -710 234
80279: -570 -586 -72 235
80280: -570 -587 -145 163
80281: -570 -587 -146 172
80283: -570 -587 -148 190
80284: -570 -587 -149 199
80285: -570 -587 -150 208
80286: -570 -587 -151 217
80287: -570 -587 -152 226
80288: -570 -587 -153 235
80298: -570 -589 -307 163
80299: -570 -589 -308 172
80301: -570 -589 -310 190
80302: -570 -589 -311 199
80303: -570 -589 -312 208
80304: -570 -589 -313 217
80305: -570 -589 -314 226
80306: -570 -589 -315 235
80307: -570 -590 -388 163
80308: -570 -590 -389 172
80309: -570 -590 -390 181
80310: -570 -590 -391 190
80311: -570 -590 -392 199
80312: -570 -590 -393 208
80313: -570 -590 -394 217
80314: -570 -590 -395 226
80315: -570 -590 -396 235
80316: -570 -591 -469 163
80317: -570 -591 -470 172
80318: -570 -591 -471 181
80319: -570 -591 -472 190
80320: -570 -591 -473 199
80321: -570 -591 -474 208
80322: -570 -591 -475 217
80323: -570 -591 -476 226
80324: -570 -591 -477 235
80325: -570 -592 -550 163
80326: -570 -592 -551 172
80327: -570 -592 -552 181
80328: -570 -592 -553 190
80329: -570 -592 -554 199
80330: -570 -592 -555 208
80331: -570 -592 -556 217
80332: -570 -592 -557 226
80333: -570 -592 -558 235
80334: -570 -593 -631 163
80335: -570 -593 -632 172
80337: -570 -593 -634 190
80338: -570 -593 -635 199
80339: -570 -593 -636 208
80340: -570 -593 -637 217
80341: -570 -593 -638 226
80342: -570 -593 -639 235
80343: -570 -594 -712 163
80344: -570 -594 -713 172
80345: -570 -594 -714 181
80346: -570 -594 -715 190
80347: -570 -594 -716 199
80348: -570 -594 -717 208
80349: -570 -594 -718 217
80350: -570 -594 -719 226
80351: -570 -594 -720 235
80360: -579 -586 -72 236
80361: -579 -587 -145 164
80362: -579 -587 -146 173
80364: -579 -587 -148 191
80365: -579 -587 -149 200
80366: -579 -587 -150 209
80367: -579 -587 -151 218
80369: -579 -587 -153 236
80379: -579 -589 -307 164
80380: -579 -589 -308 173
80382: -579 -589 -310 191
80383: -579 -589 -311 200
80384: -579 -589 -312 209
80385: -579 -589 -313 218
80386: -579 -589 -314 227
80387: -579 -589 -315 236
80388: -579 -590 -388 164
80389: -579 -590 -389 173
80391: -579 -590 -391 191
80392: -579 -590 -392 200
80393: -579 -590 -393 209
80394: -579 -590 -394 218
80396: -579 -590 -396 236
80397: -579 -591 -469 164
80398: -579 -591 -470 173
80399: -579 -591 -471 182
80400: -579 -591 -472 191
80401: -579 -591 -473 200
80402: -579 -591 -474 209
80403: -579 -591 -475 218
80404: -579 -591 -476 227
80405: -579 -591 -477 236
80406: -579 -592 -550 164
80407: -579 -592 -551 173
80408: -579 -592 -552 182
80409: -579 -592 -553 191
80410: -579 -592 -554 200
80412: -579 -592 -556 218
80413: -579 -592 -557 227
80414: -579 -592 -558 236
80418: -579 -593 -634 191
80419: -579 -593 -635 200
80420: -579 -593 -636 209
80422: -579 -593 -638 227
80423: -579 -593 -639 236
80424: -579 -594 -712 164
80425: -579 -594 -713 173
80426: -579 -594 -714 182
80427: -579 -594 -715 191
80429: -579 -594 -717 209
80430: -579 -594 -718 218
80431: -579 -594 -719 227
80432: -579 -594 -720 236
80451: -588 -588 -226 165
80452: -588 -588 -227 174
80453: -588 -588 -228 183
80454: -588 -588 -229 192
80455: -588 -588 -230 201
80456: -588 -588 -231 210
80457: -588 -588 -232 219
80459: -588 -588 -234 237
80522: -597 -586 -72 238
80523: -597 -587 -145 166
80524: -597 -587 -146 175
80529: -597 -587 -151 220
80530: -597 -587 -152 229
80531: -597 -587 -153 238
80541: -597 -589 -307 166
80547: -597 -589 -313 220
80550: -597 -590 -388 166
80551: -597 -590 -389 175
80552: -597 -590 -390 184
80553: -597 -590 -391 193
80554: -597 -590 -392 202
80555: -597 -590 -393 211
80556: -597 -590 -394 220
80557: -597 -590 -395 229
80558: -597 -590 -396 238
80559: -597 -591 -469 166
80560: -597 -591 -470 175
80561: -597 -591 -471 184
80563: -597 -591 -473 202
80567: -597 -591 -477 238
80568: -597 -592 -550 166
80570: -597 -592 -552 184
80571: -597 -592 -553 193
80574: -597 -592 -556 220
80576: -597 -592 -558 238
80577: -597 -593 -631 166
80578: -597 -593 -632 175
80585: -597 -593 -639 238
80586: -597 -594 -712 166
80587: -597 -594 -713 175
80588: -597 -594 -714 184
80589: -597 -594 -715 193
80590: -597 -594 -716 202
80591: -597 -594 -717 211
80592: -597 -594 -718 220
80593: -597 -594 -719 229
80594: -597 -594 -720 238
80603: -606 -586 -72 239
80604: -606 -587 -145 167
80607: -606 -587 -148 194
80608: -606 -587 -149 203
80609: -606 -587 -150 212
80610: -606 -587 -151 221
80622: -606 -589 -307 167
80631: -606 -590 -388 167
80632: -606 -590 -389 176
80633: -606 -590 -390 185
80634: -606 -590 -391 194
80636: -606 -590 -393 212
80637: -606 -590 -394 221
80639: -606 -590 -396 239
80648: -606 -591 -477 239
80649: -606 -592 -550 167
80650: -606 -592 -551 176
80651: -606 -592 -552 185
80652: -606 -592 -553 194
80653: -606 -592 -554 203
80654: -606 -592 -555 212
80655: -606 -592 -556 221
80656: -606 -592 -557 230
80657: -606 -592 -558 239
80663: -606 -593 -636 212
80667: -606 -594 -712 167
80668: -606 -594 -713 176
80669: -606 -594 -714 185
80670: -606 -594 -715 194
80671: -606 -594 -716 203
80672: -606 -594 -717 212
80673: -606 -594 -718 221
80674: -606 -594 -719 230
80675: -606 -594 -720 239
80684: -615 -586 -72 240
80685: -615 -587 -145 168
80688: -615 -587 -148 195
80689: -615 -587 -149 204
80690: -615 -587 -150 213
80691: -615 -587 -151 222
80697: -615 -588 -229 195
80703: -615 -589 -307 168
80712: -615 -590 -388 168
80715: -615 -590 -391 195
80720: -615 -590 -396 240
80730: -615 -592 -550 168
80732: -615 -592 -552 186
80733: -615 -592 -553 195
80734: -615 -592 -554 204
80735: -615 -592 -555 213
80736: -615 -592 -556 222
80739: -615 -593 -631 168
80742: -615 -593 -634 195
80743: -615 -593 -635 204
80744: -615 -593 -636 213
80748: -615 -594 -712 168
80750: -615 -594 -714 186
80752: -615 -594 -716 204
80754: -615 -594 -718 222
80765: -624 -586 -72 241
80766: -624 -587 -145 169
80767: -624 -587 -146 178
80769: -624 -587 -148 196
80771: -624 -587 -150 214
80772: -624 -587 -151 223
80778: -624 -588 -229 196
80784: -624 -589 -307 169
80787: -624 -589 -310 196
80790: -624 -589 -313 223
80793: -624 -590 -388 169
80795: -624 -590 -390 187
80796: -624 -590 -391 196
80797: -624 -590 -392 205
80798: -624 -590 -393 214
80799: -624 -590 -394 223
80800: -624 -590 -395 232
80801: -624 -590 -396 241
80802: -624 -591 -469 169
80804: -624 -591 -471 187
80806: -624 -591 -473 205
80811: -624 -592 -550 169
80812: -624 -592 -551 178
80813: -624 -592 -552 187
80814: -624 -592 -553 196
80819: -624 -592 -558 241
80829: -624 -594 -712 169
80830: -624 -594 -713 178
80831: -624 -594 -714 187
80832: -624 -594 -715 196
80833: -624 -594 -716 205
80834: -624 -594 -717 214
80835: -624 -594 -718 223
80836: -624 -594 -719 232
80837: -624 -594 -720 241
80846: -633 -586 -72 242
80850: -633 -587 -148 197
80851: -633 -587 -149 206
80852: -633 -587 -150 215
80853: -633 -587 -151 224
80865: -633 -589 -307 170
80870: -633 -589 -312 215
80874: -633 -590 -388 170
80876: -633 -590 -390 188
80877: -633 -590 -391 197
80881: -633 -590 -395 233
80882: -633 -590 -396 242
80883: -633 -591 -469 170
80884: -633 -591 -470 179
80888: -633 -591 -474 215
80889: -633 -591 -475 224
80891: -633 -591 -477 242
80892: -633 -592 -550 170
80894: -633 -592 -552 188
80895: -633 -592 -553 197
80896: -633 -592 -554 206
80897: -633 -592 -555 215
80898: -633 -592 -556 224
80900: -633 -592 -558 242
80903: -633 -593 -633 188
80911: -633 -594 -713 179
80912: -633 -594 -714 188
80913: -633 -594 -715 197
80915: -633 -594 -717 215
80916: -633 -594 -718 224
80918: -633 -594 -720 242
80927: -642 -586 -72 243
80928: -642 -587 -145 171
80931: -642 -587 -148 198
80932: -642 -587 -149 207
80934: -642 -587 -151 225
80946: -642 -589 -307 171
80949: -642 -589 -310 198
80950: -642 -589 -311 207
80951: -642 -589 -312 216
80952: -642 -589 -313 225
80953: -642 -589 -314 234
80954: -642 -589 -315 243
80955: -642 -590 -388 171
80958: -642 -590 -391 198
80961: -642 -590 -394 225
80963: -642 -590 -396 243
80968: -642 -591 -473 207
80973: -642 -592 -550 171
80975: -642 -592 -552 189
80976: -642 -592 -553 198
80977: -642 -592 -554 207
80978: -642 -592 -555 216
80979: -642 -592 -556 225
80981: -642 -592 -558 243
80983: -642 -593 -632 180
80985: -642 -593 -634 198
80987: -642 -593 -636 216
80991: -642 -594 -712 171
81004: -651 -667 -77 199
81009: -651 -668 -154 163
81010: -651 -668 -155 172
81012: -651 -668 -157 190
81014: -651 -668 -159 208
81015: -651 -668 -160 217
81016: -651 -668 -161 226
81017: -651 -668 -162 235
81027: -651 -670 -316 163
81028: -651 -670 -317 172
81034: -651 -670 -323 226
81036: -651 -671 -397 163
81037: -651 -671 -398 172
81038: -651 -671 -399 181
81039: -651 -671 -400 190
81040: -651 -671 -401 199
81041: -651 -671 -402 208
81042: -651 -671 -403 217
81043: -651 -671 -404 226
81044: -651 -671 -405 235
81045: -651 -672 -478 163
81046: -651 -672 -479 172
81047: -651 -672 -480 181
81048: -651 -672 -481 190
81049: -651 -672 -482 199
81050: -651 -672 -483 208
81051: -651 -672 -484 217
81052: -651 -672 -485 226
81053: -651 -672 -486 235
81054: -651 -673 -559 163
81055: -651 -673 -560 172
81056: -651 -673 -561 181
81057: -651 -673 -562 190
81058: -651 -673 -563 199
81059: -651 -673 -564 208
81060: -651 -673 -565 217
81061: -651 -673 -566 226
81062: -651 -673 -567 235
81063: -651 -674 -640 163
81064: -651 -674 -641 172
81065: -651 -674 -642 181
81066: -651 -674 -643 190
81067: -651 -674 -644 199
81068: -651 -674 -645 208
81069: -651 -674 -646 217
81070: -651 -674 -647 226
81071: -651 -674 -648 235
81072: -651 -675 -721 163
81075: -651 -675 -724 190
81076: -651 -675 -725 199
81077: -651 -675 -726 208
81085: -660 -667 -77 200
81090: -660 -668 -154 164
81091: -660 -668 -155 173
81093: -660 -668 -157 191
81094: -660 -668 -158 200
81095: -660 -668 -159 209
81096: -660 -668 -160 218
81097: -660 -668 -161 227
81098: -660 -668 -162 236
81108: -660 -670 -316 164
81109: -660 -670 -317 173
81111: -660 -670 -319 191
81112: -660 -670 -320 200
81113: -660 -670 -321 209
81114: -660 -670 -322 218
81115: -660 -670 -323 227
81116: -660 -670 -324 236
81117: -660 -671 -397 164
81118: -660 -671 -398 173
81119: -660 -671 -399 182
81120: -660 -671 -400 191
81121: -660 -671 -401 200
81122: -660 -671 -402 209
81123: -660 -671 -403 218
81124: -660 -671 -404 227
81125: -660 -671 -405 236
81126: -660 -672 -478 164
81127: -660 -672 -479 173
81128: -660 -672 -480 182
81129: -660 -672 -481 191
81130: -660 -672 -482 200
81131: -660 -672 -483 209
81132: -660 -672 -484 218
81133: -660 -672 -485 227
81134: -660 -672 -486 236
81135: -660 -673 -559 164
81136: -660 -673 -560 173
81137: -660 -673 -561 182
81138: -660 -673 -562 191
81139: -660 -673 -563 200
81140: -660 -673 -564 209
81141: -660 -673 -565 218
81142: -660 -673 -566 227
81143: -660 -673 -567 236
81144: -660 -674 -640 164
81145: -660 -674 -641 173
81146: -660 -674 -642 182
81147: -660 -674 -643 191
81148: -660 -674 -644 200
81149: -660 -674 -645 209
81150: -660 -674 -646 218
81151: -660 -674 -647 227
81153: -660 -675 -721 164
81156: -660 -675 -724 191
81157: -660 -675 -725 200
81158: -660 -675 -726 209
81159: -660 -675 -727 218
81180: -669 -669 -235 165
81181: -669 -669 -236 174
81182: -669 -669 -237 183
81183: -669 -669 -238 192
81184: -669 -669 -239 201
81185: -669 -669 -240 210
81186: -669 -669 -241 219
81187: -669 -669 -242 228
81188: -669 -669 -243 237
81189: -669 -670 -316 165
81216: -669 -673 -559 165
81247: -678 -667 -77 202
81253: -678 -668 -155 175
81255: -678 -668 -157 193
81257: -678 -668 -159 211
81258: -678 -668 -160 220
81259: -678 -668 -161 229
81270: -678 -670 -316 166
81274: -678 -670 -320 202
81277: -678 -670 -323 229
81279: -678 -671 -397 166
81280: -678 -671 -398 175
81281: -678 -671 -399 184
81282: -678 -671 -400 193
81283: -678 -671 -401 202
81284: -678 -671 -402 211
81285: -678 -671 -403 220
81286: -678 -671 -404 229
81287: -678 -671 -405 238
81288: -678 -672 -478 166
81289: -678 -672 -479 175
81290: -678 -672 -480 184
81291: -678 -672 -481 193
81292: -678 -672 -482 202
81293: -678 -672 -483 211
81294: -678 -672 -484 220
81295: -678 -672 -485 229
81296: -678 -672 -486 238
81297: -678 -673 -559 166
81299: -678 -673 -561 184
81300: -678 -673 -562 193
81301: -678 -673 -563 202
81302: -678 -673 -564 211
81303: -678 -673 -565 220
81304: -678 -673 -566 229
81305: -678 -673 -567 238
81306: -678 -674 -640 166
81307: -678 -674 -641 175
81308: -678 -674 -642 184
81309: -678 -674 -643 193
81310: -678 -674 -644 202
81311: -678 -674 -645 211
81312: -678 -674 -646 220
81313: -678 -674 -647 229
81314: -678 -674 -648 238
81316: -678 -675 -722 175
81320: -678 -675 -726 211
81321: -678 -675 -727 220
81328: -687 -667 -77 203
81333: -687 -668 -154 167
81336: -687 -668 -157 194
81338: -687 -668 -159 212
81351: -687 -670 -316 167
81354: -687 -670 -319 194
81357: -687 -670 -322 221
81369: -687 -672 -478 167
81371: -687 -672 -480 185
81372: -687 -672 -481 194
81373: -687 -672 -482 203
81374: -687 -672 -483 212
81375: -687 -672 -484 221
81376: -687 -672 -485 230
81377: -687 -672 -486 239
81383: -687 -673 -564 212
81390: -687 -674 -643 194
81396: -687 -675 -721 167
81399: -687 -675 -724 194
81400: -687 -675 -725 203
81401: -687 -675 -726 212
81402: -687 -675 -727 221
81409: -696 -667 -77 204
81414: -696 -668 -154 168
81417: -696 -668 -157 195
81419: -696 -668 -159 213
81420: -696 -668 -160 222
81432: -696 -670 -316 168
81435: -696 -670 -319 195
81439: -696 -670 -323 231
81443: -696 -671 -399 186
81450: -696 -672 -478 168
81451: -696 -672 -479 177
81452: -696 -672 -480 186
81453: -696 -672 -481 195
81454: -696 -672 -482 204
81455: -696 -672 -483 213
81456: -696 -672 -484 222
81457: -696 -672 -485 231
81458: -696 -672 -486 240
81459: -696 -673 -559 168
81461: -696 -673 -561 186
81462: -696 -673 -562 195
81463: -696 -673 -563 204
81464: -696 -673 -564 213
81465: -696 -673 -565 222
81466: -696 -673 -566 231
81467: -696 -673 -567 240
81470: -696 -674 -642 186
81471: -696 -674 -643 195
81472: -696 -674 -644 204
81473: -696 -674 -645 213
81476: -696 -674 -648 240
81477: -696 -675 -721 168
81480: -696 -675 -724 195
81481: -696 -675 -725 204
81482: -696 -675 -726 213
81490: -705 -667 -77 205
81495: -705 -668 -154 169
81498: -705 -668 -157 196
81499: -705 -668 -158 205
81500: -705 -668 -159 214
81513: -705 -670 -316 169
81524: -705 -671 -399 187
81526: -705 -671 -401 205
81531: -705 -672 -478 169
81534: -705 -672 -481 196
81535: -705 -672 -482 205
81536: -705 -672 -483 214
81538: -705 -672 -485 232
81540: -705 -673 -559 169
81543: -705 -673 -562 196
81545: -705 -673 -564 214
81551: -705 -674 -642 187
81552: -705 -674 -643 196
81553: -705 -674 -644 205
81554: -705 -674 -645 214
81555: -705 -674 -646 223
81556: -705 -674 -647 232
81557: -705 -674 -648 241
81561: -705 -675 -724 196
81563: -705 -675 -726 214
81564: -705 -675 -727 223
81571: -714 -667 -77 206
81576: -714 -668 -154 170
81577: -714 -668 -155 179
81579: -714 -668 -157 197
81594: -714 -670 -316 170
81605: -714 -671 -399 188
81607: -714 -671 -401 206
81611: -714 -671 -405 242
81612: -714 -672 -478 170
81614: -714 -672 -480 188
81615: -714 -672 -481 197
81616: -714 -672 -482 206
81617: -714 -672 -483 215
81618: -714 -672 -484 224
81619: -714 -672 -485 233
81620: -714 -672 -486 242
81621: -714 -673 -559 170
81626: -714 -673 -564 215
81630: -714 -674 -640 170
81631: -714 -674 -641 179
81632: -714 -674 -642 188
81633: -714 -674 -643 197
81634: -714 -674 -644 206
81635: -714 -674 -645 215
81636: -714 -674 -646 224
81637: -714 -674 -647 233
81640: -714 -675 -722 179
81642: -714 -675 -724 197
81643: -714 -675 -725 206
81645: -714 -675 -727 224
81652: -723 -667 -77 207
81660: -723 -668 -157 198
81662: -723 -668 -159 216
81664: -723 -668 -161 234
81669: -723 -669 -238 198
81675: -723 -670 -316 171
81678: -723 -670 -319 198
81679: -723 -670 -320 207
81680: -723 -670 -321 216
81681: -723 -670 -322 225
81682: -723 -670 -323 234
81686: -723 -671 -399 189
81687: -723 -671 -400 198
81689: -723 -671 -402 216
81690: -723 -671 -403 225
81691: -723 -671 -404 234
81693: -723 -672 -478 171
81694: -723 -672 -479 180
81695: -723 -672 -480 189
81696: -723 -672 -481 198
81697: -723 -672 -482 207
81698: -723 -672 -483 216
81700: -723 -672 -485 234
81701: -723 -672 -486 243
81702: -723 -673 -559 171
81703: -723 -673 -560 180
81705: -723 -673 -562 198
81706: -723 -673 -563 207
81707: -723 -673 -564 216
81708: -723 -673 -565 225
81710: -723 -673 -567 243
81711: -723 -674 -640 171
81713: -723 -674 -642 189
81714: -723 -674 -643 198
81715: -723 -674 -644 207
81716: -723 -674 -645 216
81717: -723 -674 -646 225
81722: -723 -675 -723 189
81892: -22 -28 -2 255
82541: -94 -109 -12 263
82577: -94 -113 -336 263
82578: -94 -113 -337 272
82579: -94 -113 -338 281
82580: -94 -113 -339 290
82581: -94 -113 -340 299
82582: -94 -113 -341 308
82583: -94 -113 -342 317
82587: -94 -114 -418 272
82590: -94 -114 -421 299
82592: -94 -114 -423 317
82593: -94 -115 -496 245
82595: -94 -115 -498 263
82596: -94 -115 -499 272
82597: -94 -115 -500 281
82598: -94 -115 -501 290
82599: -94 -115 -502 299
82600: -94 -115 -503 308
82601: -94 -115 -504 317
82604: -94 -116 -579 263
82606: -94 -116 -581 281
82607: -94 -116 -582 290
82608: -94 -116 -583 299
82609: -94 -116 -584 308
82610: -94 -116 -585 317
82611: -94 -117 -658 245
82613: -94 -117 -660 263
82614: -94 -117 -661 272
82615: -94 -117 -662 281
82616: -94 -117 -663 290
82617: -94 -117 -664 299
82619: -94 -117 -666 317
82622: -103 -109 -12 264
82633: -103 -110 -95 282
82634: -103 -110 -96 291
82635: -103 -110 -97 300
82636: -103 -110 -98 309
82637: -103 -110 -99 318
82656: -103 -113 -334 246
82658: -103 -113 -336 264
82659: -103 -113 -337 273
82660: -103 -113 -338 282
82661: -103 -113 -339 291
82662: -103 -113 -340 300
82663: -103 -113 -341 309
82664: -103 -113 -342 318
82665: -103 -114 -415 246
82667: -103 -114 -417 264
82668: -103 -114 -418 273
82669: -103 -114 -419 282
82670: -103 -114 -420 291
82671: -103 -114 -421 300
82672: -103 -114 -422 309
82673: -103 -114 -423 318
82674: -103 -115 -496 246
82676: -103 -115 -498 264
82677: -103 -115 -499 273
82678: -103 -115 -500 282
82680: -103 -115 -502 300
82681: -103 -115 -503 309
82682: -103 -115 -504 318
82683: -103 -116 -577 246
82685: -103 -116 -579 264
82686: -103 -116 -580 273
82687: -103 -116 -581 282
82688: -103 -116 -582 291
82689: -103 -116 -583 300
82690: -103 -116 -584 309
82691: -103 -116 -585 318
82692: -103 -117 -658 246
82694: -103 -117 -660 264
82695: -103 -117 -661 273
82696: -103 -117 -662 282
82699: -103 -117 -665 309
82700: -103 -117 -666 318
82730: -112 -112 -255 265
82784: -121 -109 -12 266
82796: -121 -110 -96 293
82797: -121 -110 -97 302
82798: -121 -110 -98 311
82799: -121 -110 -99 320
82820: -121 -113 -336 266
82821: -121 -113 -337 275
82822: -121 -113 -338 284
82823: -121 -113 -339 293
82824: -121 -113 -340 302
82825: -121 -113 -341 311
82826: -121 -113 -342 320
82827: -121 -114 -415 248
82829: -121 -114 -417 266
82830: -121 -114 -418 275
82831: -121 -114 -419 284
82832: -121 -114 -420 293
82833: -121 -114 -421 302
82834: -121 -114 -422 311
82835: -121 -114 -423 320
82836: -121 -115 -496 248
82838: -121 -115 -498 266
82839: -121 -115 -499 275
82840: -121 -115 -500 284
82841: -121 -115 -501 293
82842: -121 -115 -502 302
82843: -121 -115 -503 311
82844: -121 -115 -504 320
82846: -121 -116 -578 257
82847: -121 -116 -579 266
82848: -121 -116 -580 275
82849: -121 -116 -581 284
82850: -121 -116 -582 293
82851: -121 -116 -583 302
82852: -121 -116 -584 311
82853: -121 -116 -585 320
82854: -121 -117 -658 248
82856: -121 -117 -660 266
82857: -121 -117 -661 275
82858: -121 -117 -662 284
82859: -121 -117 -663 293
82860: -121 -117 -664 302
82862: -121 -117 -666 320
82865: -130 -109 -12 267
82876: -130 -110 -95 285
82877: -130 -110 -96 294
82878: -130 -110 -97 303
82879: -130 -110 -98 312
82880: -130 -110 -99 321
82901: -130 -113 -336 267
82902: -130 -113 -337 276
82903: -130 -113 -338 285
82904: -130 -113 -339 294
82905: -130 -113 -340 303
82906: -130 -113 -341 312
82908: -130 -114 -415 249
82910: -130 -114 -417 267
82911: -130 -114 -418 276
82912: -130 -114 -419 285
82913: -130 -114 -420 294
82914: -130 -114 -421 303
82915: -130 -114 -422 312
82916: -130 -114 -423 321
82917: -130 -115 -496 249
82919: -130 -115 -498 267
82920: -130 -115 -499 276
82921: -130 -115 -500 285
82922: -130 -115 -501 294
82923: -130 -115 -502 303
82924: -130 -115 -503 312
82925: -130 -115 -504 321
82928: -130 -116 -579 267
82929: -130 -116 -580 276
82930: -130 -116 -581 285
82931: -130 -116 -582 294
82932: -130 -116 -583 303
82933: -130 -116 -584 312
82934: -130 -116 -585 321
82937: -130 -117 -660 267
82938: -130 -117 -661 276
82939: -130 -117 -662 285
82940: -130 -117 -663 294
82941: -130 -117 -664 303
82942: -130 -117 -665 312
82943: -130 -117 -666 321
82946: -139 -109 -12 268
82957: -139 -110 -95 286
82958: -139 -110 -96 295
82959: -139 -110 -97 304
82960: -139 -110 -98 313
82961: -139 -110 -99 322
82982: -139 -113 -336 268
82983: -139 -113 -337 277
82984: -139 -113 -338 286
82985: -139 -113 -339 295
82986: -139 -113 -340 304
82987: -139 -113 -341 313
82988: -139 -113 -342 322
82989: -139 -114 -415 250
82990: -139 -114 -416 259
82991: -139 -114 -417 268
82992: -139 -114 -418 277
82993: -139 -114 -419 286
82994: -139 -114 -420 295
82995: -139 -114 -421 304
82996: -139 -114 -422 313
82997: -139 -114 -423 322
82998: -139 -115 -496 250
83000: -139 -115 -498 268
83001: -139 -115 -499 277
83002: -139 -115 -500 286
83003: -139 -115 -501 295
83004: -139 -115 -502 304
83005: -139 -115 -503 313
83006: -139 -115 -504 322
83007: -139 -116 -577 250
83010: -139 -116 -580 277
83011: -139 -116 -581 286
83014: -139 -116 -584 313
83015: -139 -116 -585 322
83018: -139 -117 -660 268
83019: -139 -117 -661 277
83020: -139 -117 -662 286
83021: -139 -117 -663 295
83022: -139 -117 -664 304
83023: -139 -117 -665 313
83024: -139 -117 -666 322
83027: -148 -109 -12 269
83038: -148 -110 -95 287
83039: -148 -110 -96 296
83040: -148 -110 -97 305
83042: -148 -110 -99 323
83061: -148 -113 -334 251
83063: -148 -113 -336 269
83064: -148 -113 -337 278
83065: -148 -113 -338 287
83066: -148 -113 -339 296
83067: -148 -113 -340 305
83068: -148 -113 -341 314
83069: -148 -113 -342 323
83070: -148 -114 -415 251
83071: -148 -114 -416 260
83072: -148 -114 -417 269
83073: -148 -114 -418 278
83074: -148 -114 -419 287
83075: -148 -114 -420 296
83076: -148 -114 -421 305
83077: -148 -114 -422 314
83078: -148 -114 -423 323
83081: -148 -115 -498 269
83082: -148 -115 -499 278
83083: -148 -115 -500 287
83084: -148 -115 -501 296
83085: -148 -115 -502 305
83086: -148 -115 -503 314
83087: -148 -115 -504 323
83090: -148 -116 -579 269
83091: -148 -116 -580 278
83092: -148 -116 -581 287
83093: -148 -116 -582 296
83094: -148 -116 -583 305
83095: -148 -116 -584 314
83096: -148 -116 -585 323
83099: -148 -117 -660 269
83100: -148 -117 -661 278
83101: -148 -117 -662 287
83102: -148 -117 -663 296
83103: -148 -117 -664 305
83104: -148 -117 -665 314
83105: -148 -117 -666 323
83108: -157 -109 -12 270
83119: -157 -110 -95 288
83120: -157 -110 -96 297
83121: -157 -110 -97 306
83122: -157 -110 -98 315
83123: -157 -110 -99 324
83142: -157 -113 -334 252
83144: -157 -113 -336 270
83145: -157 -113 -337 279
83146: -157 -113 -338 288
83147: -157 -113 -339 297
83148: -157 -113 -340 306
83149: -157 -113 -341 315
83150: -157 -113 -342 324
83156: -157 -114 -420 297
83157: -157 -114 -421 306
83160: -157 -115 -496 252
83162: -157 -115 -498 270
83163: -157 -115 -499 279
83164: -157 -115 -500 288
83165: -157 -115 -501 297
83166: -157 -115 -502 306
83167: -157 -115 -503 315
83168: -157 -115 -504 324
83171: -157 -116 -579 270
83172: -157 -116 -580 279
83173: -157 -116 -581 288
83174: -157 -116 -582 297
83176: -157 -116 -584 315
83177: -157 -116 -585 324
83178: -157 -117 -658 252
83179: -157 -117 -659 261
83180: -157 -117 -660 270
83181: -157 -117 -661 279
83182: -157 -117 -662 288
83183: -157 -117 -663 297
83184: -157 -117 -664 306
83185: -157 -117 -665 315
83186: -157 -117 -666 324
83190: -166 -190 -22 271
83197: -166 -191 -101 253
83200: -166 -191 -104 280
83201: -166 -191 -105 289
83202: -166 -191 -106 298
83203: -166 -191 -107 307
83204: -166 -191 -108 316
83210: -166 -192 -186 289
83221: -166 -193 -269 307
83223: -166 -194 -343 244
83224: -166 -194 -344 253
83225: -166 -194 -345 262
83226: -166 -194 -346 271
83227: -166 -194 -347 280
83228: -166 -194 -348 289
83229: -166 -194 -349 298
83230: -166 -194 -350 307
83231: -166 -194 -351 316
83232: -166 -195 -424 244
83233: -166 -195 -425 253
83234: -166 -195 -426 262
83235: -166 -195 -427 271
83236: -166 -195 -428 280
83237: -166 -195 -429 289
83238: -166 -195 -430 298
83239: -166 -195 -431 307
83240: -166 -195 -432 316
83241: -166 -196 -505 244
83242: -166 -196 -506 253
83243: -166 -196 -507 262
83244: -166 -196 -508 271
83245: -166 -196 -509 280
83246: -166 -196 -510 289
83247: -166 -196 -511 298
83248: -166 -196 -512 307
83249: -166 -196 -513 316
83250: -166 -197 -586 244
83251: -166 -197 -587 253
83252: -166 -197 -588 262
83253: -166 -197 -589 271
83254: -166 -197 -590 280
83255: -166 -197 -591 289
83256: -166 -197 -592 298
83257: -166 -197 -593 307
83258: -166 -197 -594 316
83259: -166 -198 -667 244
83260: -166 -198 -668 253
83261: -166 -198 -669 262
83262: -166 -198 -670 271
83263: -166 -198 -671 280
83264: -166 -198 -672 289
83265: -166 -198 -673 298
83266: -166 -198 -674 307
83267: -166 -198 -675 316
83352: -184 -190 -22 273
83362: -184 -191 -104 282
83363: -184 -191 -105 291
83364: -184 -191 -106 300
83365: -184 -191 -107 309
83366: -184 -191 -108 318
83370: -184 -192 -184 273
83380: -184 -193 -266 282
83381: -184 -193 -267 291
83385: -184 -194 -343 246
83387: -184 -194 -345 264
83388: -184 -194 -346 273
83389: -184 -194 -347 282
83390: -184 -194 -348 291
83391: -184 -194 -349 300
83392: -184 -194 -350 309
83393: -184 -194 -351 318
83394: -184 -195 -424 246
83398: -184 -195 -428 282
83399: -184 -195 -429 291
83400: -184 -195 -430 300
83401: -184 -195 -431 309
83402: -184 -195 -432 318
83403: -184 -196 -505 246
83406: -184 -196 -508 273
83407: -184 -196 -509 282
83408: -184 -196 -510 291
83409: -184 -196 -511 300
83410: -184 -196 -512 309
83411: -184 -196 -513 318
83412: -184 -197 -586 246
83414: -184 -197 -588 264
83415: -184 -197 -589 273
83416: -184 -197 -590 282
83417: -184 -197 -591 291
83418: -184 -197 -592 300
83419: -184 -197 -593 309
83420: -184 -197 -594 318
83421: -184 -198 -667 246
83423: -184 -198 -669 264
83424: -184 -198 -670 273
83425: -184 -198 -671 282
83426: -184 -198 -672 291
83427: -184 -198 -673 300
83428: -184 -198 -674 309
83429: -184 -198 -675 318
83458: -193 -193 -263 256
83460: -193 -193 -265 274
83461: -193 -193 -266 283
83462: -193 -193 -267 292
83463: -193 -193 -268 301
83464: -193 -193 -269 310
83465: -193 -193 -270 319
83514: -202 -190 -22 275
83524: -202 -191 -104 284
83526: -202 -191 -106 302
83527: -202 -191 -107 311
83528: -202 -191 -108 320
83534: -202 -192 -186 293
83535: -202 -192 -187 302
83536: -202 -192 -188 311
83537: -202 -192 -189 320
83547: -202 -194 -343 248
83548: -202 -194 -344 257
83549: -202 -194 -345 266
83550: -202 -194 -346 275
83551: -202 -194 -347 284
83552: -202 -194 -348 293
83553: -202 -194 -349 302
83554: -202 -194 -350 311
83555: -202 -194 -351 320
83556: -202 -195 -424 248
83557: -202 -195 -425 257
83558: -202 -195 -426 266
83559: -202 -195 -427 275
83560: -202 -195 -428 284
83561: -202 -195 -429 293
83562: -202 -195 -430 302
83563: -202 -195 -431 311
83564: -202 -195 -432 320
83565: -202 -196 -505 248
83566: -202 -196 -506 257
83567: -202 -196 -507 266
83568: -202 -196 -508 275
83569: -202 -196 -509 284
83570: -202 -196 -510 293
83571: -202 -196 -511 302
83572: -202 -196 -512 311
83573: -202 -196 -513 320
83574: -202 -197 -586 248
83575: -202 -197 -587 257
83576: -202 -197 -588 266
83577: -202 -197 -589 275
83578: -202 -197 -590 284
83579: -202 -197 -591 293
83580: -202 -197 -592 302
83581: -202 -197 -593 311
83582: -202 -197 -594 320
83583: -202 -198 -667 248
83584: -202 -198 -668 257
83585: -202 -198 -669 266
83586: -202 -198 -670 275
83587: -202 -198 -671 284
83588: -202 -198 -672 293
83589: -202 -198 -673 302
83590: -202 -198 -674 311
83591: -202 -198 -675 320
83595: -211 -190 -22 276
83602: -211 -191 -101 258
83605: -211 -191 -104 285
83606: -211 -191 -105 294
83608: -211 -191 -107 312
83609: -211 -191 -108 321
83612: -211 -192 -183 267
83614: -211 -192 -185 285
83615: -211 -192 -186 294
83616: -211 -192 -187 303
83617: -211 -192 -188 312
83618: -211 -192 -189 321
83628: -211 -194 -343 249
83629: -211 -194 -344 258
83630: -211 -194 -345 267
83631: -211 -194 -346 276
83632: -211 -194 -347 285
83633: -211 -194 -348 294
83634: -211 -194 -349 303
83635: -211 -194 -350 312
83636: -211 -194 -351 321
83637: -211 -195 -424 249
83638: -211 -195 -425 258
83640: -211 -195 -427 276
83641: -211 -195 -428 285
83642: -211 -195 -429 294
83643: -211 -195 -430 303
83644: -211 -195 -431 312
83645: -211 -195 -432 321
83646: -211 -196 -505 249
83647: -211 -196 -506 258
83648: -211 -196 -507 267
83649: -211 -196 -508 276
83650: -211 -196 -509 285
83651: -211 -196 -510 294
83652: -211 -196 -511 303
83653: -211 -196 -512 312
83654: -211 -196 -513 321
83655: -211 -197 -586 249
83656: -211 -197 -587 258
83658: -211 -197 -589 276
83659: -211 -197 -590 285
83660: -211 -197 -591 294
83661: -211 -197 -592 303
83662: -211 -197 -593 312
83663: -211 -197 -594 321
83664: -211 -198 -667 249
83665: -211 -198 -668 258
83667: -211 -198 -670 276
83668: -211 -198 -671 285
83669: -211 -198 -672 294
83670: -211 -198 -673 303
83671: -211 -198 -674 312
83672: -211 -198 -675 321
83676: -220 -190 -22 277
83683: -220 -191 -101 259
83686: -220 -191 -104 286
83687: -220 -191 -105 295
83688: -220 -191 -106 304
83689: -220 -191 -107 313
83690: -220 -191 -108 322
83695: -220 -192 -185 286
83696: -220 -192 -186 295
83697: -220 -192 -187 304
83698: -220 -192 -188 313
83699: -220 -192 -189 322
83706: -220 -193 -268 304
83708: -220 -193 -270 322
83709: -220 -194 -343 250
83710: -220 -194 -344 259
83711: -220 -194 -345 268
83712: -220 -194 -346 277
83713: -220 -194 -347 286
83714: -220 -194 -348 295
83715: -220 -194 -349 304
83716: -220 -194 -350 313
83717: -220 -194 -351 322
83718: -220 -195 -424 250
83719: -220 -195 -425 259
83720: -220 -195 -426 268
83721: -220 -195 -427 277
83722: -220 -195 -428 286
83723: -220 -195 -429 295
83724: -220 -195 -430 304
83725: -220 -195 -431 313
83726: -220 -195 -432 322
83727: -220 -196 -505 250
83728: -220 -196 -506 259
83729: -220 -196 -507 268
83730: -220 -196 -508 277
83731: -220 -196 -509 286
83732: -220 -196 -510 295
83733: -220 -196 -511 304
83734: -220 -196 -512 313
83735: -220 -196 -513 322
83736: -220 -197 -586 250
83737: -220 -197 -587 259
83738: -220 -197 -588 268
83739: -220 -197 -589 277
83740: -220 -197 -590 286
83741: -220 -197 -591 295
83742: -220 -197 -592 304
83743: -220 -197 -593 313
83744: -220 -197 -594 322
83745: -220 -198 -667 250
83746: -220 -198 -668 259
83748: -220 -198 -670 277
83749: -220 -198 -671 286
83750: -220 -198 -672 295
83751: -220 -198 -673 304
83752: -220 -198 -674 313
83753: -220 -198 -675 322
83757: -229 -190 -22 278
83764: -229 -191 -101 260
83767: -229 -191 -104 287
83768: -229 -191 -105 296
83769: -229 -191 -106 305
83770: -229 -191 -107 314
83771: -229 -191 -108 323
83776: -229 -192 -185 287
83777: -229 -192 -186 296
83778: -229 -192 -187 305
83780: -229 -192 -189 323
83790: -229 -194 -343 251
83792: -229 -194 -345 269
83793: -229 -194 -346 278
83794: -229 -194 -347 287
83795: -229 -194 -348 296
83796: -229 -194 -349 305
83797: -229 -194 -350 314
83798: -229 -194 -351 323
83799: -229 -195 -424 251
83800: -229 -195 -425 260
83801: -229 -195 -426 269
83802: -229 -195 -427 278
83803: -229 -195 -428 287
83804: -229 -195 -429 296
83805: -229 -195 -430 305
83806: -229 -195 -431 314
83807: -229 -195 -432 323
83808: -229 -196 -505 251
83809: -229 -196 -506 260
83810: -229 -196 -507 269
83811: -229 -196 -508 278
83812: -229 -196 -509 287
83814: -229 -196 -511 305
83815: -229 -196 -512 314
83816: -229 -196 -513 323
83817: -229 -197 -586 251
83818: -229 -197 -587 260
83819: -229 -197 -588 269
83820: -229 -197 -589 278
83821: -229 -197 -590 287
83822: -229 -197 -591 296
83823: -229 -197 -592 305
83824: -229 -197 -593 314
83825: -229 -197 -594 323
83826: -229 -198 -667 251
83827: -229 -198 -668 260
83828: -229 -198 -669 269
83829: -229 -198 -670 278
83830: -229 -198 -671 287
83831: -229 -198 -672 296
83832: -229 -198 -673 305
83833: -229 -198 -674 314
83834: -229 -198 -675 323
83838: -238 -190 -22 279
83845: -238 -191 -101 261
83848: -238 -191 -104 288
83849: -238 -191 -105 297
83850: -238 -191 -106 306
83851: -238 -191 -107 315
83852: -238 -191 -108 324
83857: -238 -192 -185 288
83858: -238 -192 -186 297
83859: -238 -192 -187 306
83860: -238 -192 -188 315
83870: -238 -193 -270 324
83871: -238 -194 -343 252
83872: -238 -194 -344 261
83873: -238 -194 -345 270
83874: -238 -194 -346 279
83875: -238 -194 -347 288
83876: -238 -194 -348 297
83877: -238 -194 -349 306
83878: -238 -194 -350 315
83879: -238 -194 -351 324
83880: -238 -195 -424 252
83881: -238 -195 -425 261
83882: -238 -195 -426 270
83883: -238 -195 -427 279
83884: -238 -195 -428 288
83885: -238 -195 -429 297
83886: -238 -195 -430 306
83887: -238 -195 -431 315
83888: -238 -195 -432 324
83889: -238 -196 -505 252
83890: -238 -196 -506 261
83891: -238 -196 -507 270
83892: -238 -196 -508 279
83893: -238 -196 -509 288
83894: -238 -196 -510 297
83895: -238 -196 -511 306
83896: -238 -196 -512 315
83897: -238 -196 -513 324
83898: -238 -197 -586 252
83899: -238 -197 -587 261
83901: -238 -197 -589 279
83902: -238 -197 -590 288
83903: -238 -197 -591 297
83904: -238 -197 -592 306
83905: -238 -197 -593 315
83906: -238 -197 -594 324
83907: -238 -198 -667 252
83908: -238 -198 -668 261
83909: -238 -198 -669 270
83910: -238 -198 -670 279
83911: -238 -198 -671 288
83912: -238 -198 -672 297
83913: -238 -198 -673 306
83914: -238 -198 -674 315
83915: -238 -198 -675 324
83946: -247 -274 -274 271
83952: -247 -275 -352 244
83954: -247 -275 -354 262
83958: -247 -275 -358 298
83959: -247 -275 -359 307
83960: -247 -275 -360 316
83961: -247 -276 -433 244
83963: -247 -276 -435 262
83965: -247 -276 -437 280
83968: -247 -276 -440 307
83969: -247 -276 -441 316
83970: -247 -277 -514 244
83972: -247 -277 -516 262
83974: -247 -277 -518 280
83980: -247 -278 -596 253
83981: -247 -278 -597 262
83983: -247 -278 -599 280
83984: -247 -278 -600 289
83985: -247 -278 -601 298
83988: -247 -279 -676 244
83989: -247 -279 -677 253
83991: -247 -279 -679 271
83993: -247 -279 -681 289
83994: -247 -279 -682 298
83995: -247 -279 -683 307
84168: -274 -272 -109 247
84190: -274 -274 -275 283
84218: -274 -277 -519 292
84220: -274 -277 -521 310
84249: -283 -272 -109 248
84253: -283 -272 -113 284
84254: -283 -272 -114 293
84255: -283 -272 -115 302
84256: -283 -272 -116 311
84257: -283 -272 -117 320
84278: -283 -275 -354 266
84285: -283 -276 -433 248
84291: -283 -276 -439 302
84292: -283 -276 -440 311
84293: -283 -276 -441 320
84294: -283 -277 -514 248
84296: -283 -277 -516 266
84298: -283 -277 -518 284
84299: -283 -277 -519 293
84301: -283 -277 -521 311
84302: -283 -277 -522 320
84303: -283 -278 -595 248
84305: -283 -278 -597 266
84308: -283 -278 -600 293
84309: -283 -278 -601 302
84311: -283 -278 -603 320
84312: -283 -279 -676 248
84313: -283 -279 -677 257
84314: -283 -279 -678 266
84315: -283 -279 -679 275
84316: -283 -279 -680 284
84317: -283 -279 -681 293
84318: -283 -279 -682 302
84319: -283 -279 -683 311
84320: -283 -279 -684 320
84330: -292 -272 -109 249
84334: -292 -272 -113 285
84335: -292 -272 -114 294
84336: -292 -272 -115 303
84337: -292 -272 -116 312
84338: -292 -272 -117 321
84359: -292 -275 -354 267
84362: -292 -275 -357 294
84363: -292 -275 -358 303
84364: -292 -275 -359 312
84365: -292 -275 -360 321
84375: -292 -277 -514 249
84377: -292 -277 -516 267
84379: -292 -277 -518 285
84382: -292 -277 -521 312
84383: -292 -277 -522 321
84384: -292 -278 -595 249
84386: -292 -278 -597 267
84388: -292 -278 -599 285
84390: -292 -278 -601 303
84392: -292 -278 -603 321
84393: -292 -279 -676 249
84395: -292 -279 -678 267
84397: -292 -279 -680 285
84398: -292 -279 -681 294
84399: -292 -279 -682 303
84400: -292 -279 -683 312
84411: -301 -272 -109 250
84415: -301 -272 -113 286
84416: -301 -272 -114 295
84417: -301 -272 -115 304
84418: -301 -272 -116 313
84419: -301 -272 -117 322
84432: -301 -274 -274 277
84438: -301 -275 -352 250
84440: -301 -275 -354 268
84443: -301 -275 -357 295
84445: -301 -275 -359 313
84446: -301 -275 -360 322
84447: -301 -276 -433 250
84449: -301 -276 -435 268
84451: -301 -276 -437 286
84453: -301 -276 -439 304
84454: -301 -276 -440 313
84455: -301 -276 -441 322
84467: -301 -278 -597 268
84469: -301 -278 -599 286
84470: -301 -278 -600 295
84471: -301 -278 -601 304
84473: -301 -278 -603 322
84476: -301 -279 -678 268
84478: -301 -279 -680 286
84479: -301 -279 -681 295
84480: -301 -279 -682 304
84481: -301 -279 -683 313
84492: -310 -272 -109 251
84496: -310 -272 -113 287
84497: -310 -272 -114 296
84498: -310 -272 -115 305
84499: -310 -272 -116 314
84500: -310 -272 -117 323
84513: -310 -274 -274 278
84519: -310 -275 -352 251
84521: -310 -275 -354 269
84524: -310 -275 -357 296
84525: -310 -275 -358 305
84527: -310 -275 -360 323
84528: -310 -276 -433 251
84530: -310 -276 -435 269
84532: -310 -276 -437 287
84534: -310 -276 -439 305
84536: -310 -276 -441 323
84539: -310 -277 -516 269
84541: -310 -277 -518 287
84542: -310 -277 -519 296
84544: -310 -277 -521 314
84545: -310 -277 -522 323
84555: -310 -279 -676 251
84557: -310 -279 -678 269
84558: -310 -279 -679 278
84559: -310 -279 -680 287
84560: -310 -279 -681 296
84561: -310 -279 -682 305
84562: -310 -279 -683 314
84573: -319 -272 -109 252
84577: -319 -272 -113 288
84578: -319 -272 -114 297
84579: -319 -272 -115 306
84580: -319 -272 -116 315
84581: -319 -272 -117 324
84594: -319 -274 -274 279
84600: -319 -275 -352 252
84602: -319 -275 -354 270
84605: -319 -275 -357 297
84606: -319 -275 -358 306
84607: -319 -275 -359 315
84608: -319 -275 -360 324
84609: -319 -276 -433 252
84611: -319 -276 -435 270
84613: -319 -276 -437 288
84615: -319 -276 -439 306
84616: -319 -276 -440 315
84617: -319 -276 -441 324
84620: -319 -277 -516 270
84622: -319 -277 -518 288
84623: -319 -277 -519 297
84625: -319 -277 -521 315
84629: -319 -278 -597 270
84631: -319 -278 -599 288
84632: -319 -278 -600 297
84633: -319 -278 -601 306
84635: -319 -278 -603 324
84650: -328 -352 -42 289
84654: -328 -353 -118 244
84655: -328 -353 -119 253
84657: -328 -353 -121 271
84658: -328 -353 -122 280
84659: -328 -353 -123 289
84660: -328 -353 -124 298
84661: -328 -353 -125 307
84662: -328 -353 -126 316
84663: -328 -354 -199 244
84664: -328 -354 -200 253
84665: -328 -354 -201 262
84666: -328 -354 -202 271
84667: -328 -354 -203 280
84668: -328 -354 -204 289
84669: -328 -354 -205 298
84670: -328 -354 -206 307
84671: -328 -354 -207 316
84681: -328 -356 -361 244
84682: -328 -356 -362 253
84683: -328 -356 -363 262
84687: -328 -356 -367 298
84688: -328 -356 -368 307
84690: -328 -357 -442 244
84691: -328 -357 -443 253
84692: -328 -357 -444 262
84693: -328 -357 -445 271
84694: -328 -357 -446 280
84695: -328 -357 -447 289
84696: -328 -357 -448 298
84697: -328 -357 -449 307
84698: -328 -357 -450 316
84699: -328 -358 -523 244
84700: -328 -358 -524 253
84701: -328 -358 -525 262
84702: -328 -358 -526 271
84703: -328 -358 -527 280
84704: -328 -358 -528 289
84705: -328 -358 -529 298
84706: -328 -358 -530 307
84707: -328 -358 -531 316
84708: -328 -359 -604 244
84709: -328 -359 -605 253
84710: -328 -359 -606 262
84711: -328 -359 -607 271
84712: -328 -359 -608 280
84713: -328 -359 -609 289
84714: -328 -359 -610 298
84715: -328 -359 -611 307
84716: -328 -359 -612 316
84717: -328 -360 -685 244
84718: -328 -360 -686 253
84719: -328 -360 -687 262
84720: -328 -360 -688 271
84721: -328 -360 -689 280
84722: -328 -360 -690 289
84723: -328 -360 -691 298
84725: -328 -360 -693 316
84731: -337 -352 -42 290
84735: -337 -353 -118 245
84741: -337 -353 -124 299
84742: -337 -353 -125 308
84743: -337 -353 -126 317
84744: -337 -354 -199 245
84746: -337 -354 -201 263
84768: -337 -356 -367 299
84769: -337 -356 -368 308
84772: -337 -357 -443 254
84774: -337 -357 -445 272
84780: -337 -358 -523 245
84781: -337 -358 -524 254
84782: -337 -358 -525 263
84789: -337 -359 -604 245
84790: -337 -359 -605 254
84791: -337 -359 -606 263
84792: -337 -359 -607 272
84794: -337 -359 -609 290
84795: -337 -359 -610 299
84796: -337 -359 -611 308
84797: -337 -359 -612 317
84798: -337 -360 -685 245
84799: -337 -360 -686 254
84801: -337 -360 -688 272
84803: -337 -360 -690 290
84804: -337 -360 -691 299
84812: -346 -352 -42 291
84819: -346 -353 -121 273
84820: -346 -353 -122 282
84821: -346 -353 -123 291
84822: -346 -353 -124 300
84823: -346 -353 -125 309
84824: -346 -353 -126 318
84825: -346 -354 -199 246
84827: -346 -354 -201 264
84828: -346 -354 -202 273
84830: -346 -354 -204 291
84831: -346 -354 -205 300
84832: -346 -354 -206 309
84833: -346 -354 -207 318
84834: -346 -355 -280 246
84843: -346 -356 -361 246
84845: -346 -356 -363 264
84848: -346 -356 -366 291
84849: -346 -356 -367 300
84850: -346 -356 -368 309
84852: -346 -357 -442 246
84854: -346 -357 -444 264
84855: -346 -357 -445 273
84856: -346 -357 -446 282
84857: -346 -357 -447 291
84858: -346 -357 -448 300
84859: -346 -357 -449 309
84860: -346 -357 -450 318
84861: -346 -358 -523 246
84863: -346 -358 -525 264
84864: -346 -358 -526 273
84865: -346 -358 -527 282
84866: -346 -358 -528 291
84867: -346 -358 -529 300
84868: -346 -358 -530 309
84869: -346 -358 -531 318
84870: -346 -359 -604 246
84872: -346 -359 -606 264
84873: -346 -359 -607 273
84874: -346 -359 -608 282
84875: -346 -359 -609 291
84876: -346 -359 -610 300
84877: -346 -359 -611 309
84878: -346 -359 -612 318
84879: -346 -360 -685 246
84881: -346 -360 -687 264
84882: -346 -360 -688 273
84883: -346 -360 -689 282
84884: -346 -360 -690 291
84885: -346 -360 -691 300
84886: -346 -360 -692 309
84887: -346 -360 -693 318
84897: -355 -353 -118 247
84906: -355 -354 -199 247
84915: -355 -355 -280 247
84916: -355 -355 -281 256
84918: -355 -355 -283 274
84920: -355 -355 -285 292
84921: -355 -355 -286 301
84922: -355 -355 -287 310
84923: -355 -355 -288 319
84974: -364 -352 -42 293
84978: -364 -353 -118 248
84979: -364 -353 -119 257
84984: -364 -353 -124 302
84985: -364 -353 -125 311
84986: -364 -353 -126 320
84987: -364 -354 -199 248
84993: -364 -354 -205 302
85015: -364 -357 -443 257
85016: -364 -357 -444 266
85017: -364 -357 -445 275
85018: -364 -357 -446 284
85019: -364 -357 -447 293
85020: -364 -357 -448 302
85021: -364 -357 -449 311
85022: -364 -357 -450 320
85023: -364 -358 -523 248
85024: -364 -358 -524 257
85025: -364 -358 -525 266
85028: -364 -358 -528 293
85031: -364 -358 -531 320
85033: -364 -359 -605 257
85034: -364 -359 -606 266
85038: -364 -359 -610 302
85041: -364 -360 -685 248
85042: -364 -360 -686 257
85044: -364 -360 -688 275
85048: -364 -360 -692 311
85055: -373 -352 -42 294
85059: -373 -353 -118 249
85063: -373 -353 -122 285
85065: -373 -353 -124 303
85066: -373 -353 -125 312
85067: -373 -353 -126 321
85068: -373 -354 -199 249
85071: -373 -354 -202 276
85072: -373 -354 -203 285
85073: -373 -354 -204 294
85077: -373 -355 -280 249
85087: -373 -356 -362 258
85088: -373 -356 -363 267
85092: -373 -356 -367 303
85093: -373 -356 -368 312
85095: -373 -357 -442 249
85096: -373 -357 -443 258
85098: -373 -357 -445 276
85099: -373 -357 -446 285
85100: -373 -357 -447 294
85101: -373 -357 -448 303
85102: -373 -357 -449 312
85103: -373 -357 -450 321
85104: -373 -358 -523 249
85105: -373 -358 -524 258
85107: -373 -358 -526 276
85109: -373 -358 -528 294
85114: -373 -359 -605 258
85119: -373 -359 -610 303
85123: -373 -360 -686 258
85129: -373 -360 -692 312
85136: -382 -352 -42 295
85140: -382 -353 -118 250
85141: -382 -353 -119 259
85146: -382 -353 -124 304
85147: -382 -353 -125 313
85148: -382 -353 -126 322
85149: -382 -354 -199 250
85151: -382 -354 -201 268
85152: -382 -354 -202 277
85153: -382 -354 -203 286
85155: -382 -354 -205 304
85156: -382 -354 -206 313
85168: -382 -356 -362 259
85172: -382 -356 -366 295
85173: -382 -356 -367 304
85174: -382 -356 -368 313
85176: -382 -357 -442 250
85177: -382 -357 -443 259
85178: -382 -357 -444 268
85179: -382 -357 -445 277
85180: -382 -357 -446 286
85181: -382 -357 -447 295
85182: -382 -357 -448 304
85184: -382 -357 -450 322
85185: -382 -358 -523 250
85186: -382 -358 -524 259
85190: -382 -358 -528 295
85194: -382 -359 -604 250
85195: -382 -359 -605 259
85196: -382 -359 -606 268
85197: -382 -359 -607 277
85198: -382 -359 -608 286
85199: -382 -359 -609 295
85200: -382 -359 -610 304
85201: -382 -359 -611 313
85202: -382 -359 -612 322
85204: -382 -360 -686 259
85206: -382 -360 -688 277
85208: -382 -360 -690 295
85210: -382 -360 -692 313
85217: -391 -352 -42 296
85221: -391 -353 -118 251
85222: -391 -353 -119 260
85227: -391 -353 -124 305
85228: -391 -353 -125 314
85229: -391 -353 -126 323
85230: -391 -354 -199 251
85233: -391 -354 -202 278
85236: -391 -354 -205 305
85237: -391 -354 -206 314
85238: -391 -354 -207 323
85249: -391 -356 -362 260
85253: -391 -356 -366 296
85254: -391 -356 -367 305
85255: -391 -356 -368 314
85257: -391 -357 -442 251
85258: -391 -357 -443 260
85259: -391 -357 -444 269
85260: -391 -357 -445 278
85261: -391 -357 -446 287
85262: -391 -357 -447 296
85263: -391 -357 -448 305
85264: -391 -357 -449 314
85265: -391 -357 -450 323
85266: -391 -358 -523 251
85267: -391 -358 -524 260
85269: -391 -358 -526 278
85270: -391 -358 -527 287
85271: -391 -358 -528 296
85272: -391 -358 -529 305
85274: -391 -358 -531 323
85275: -391 -359 -604 251
85276: -391 -359 -605 260
85277: -391 -359 -606 269
85278: -391 -359 -607 278
85280: -391 -359 -609 296
85281: -391 -359 -610 305
85282: -391 -359 -611 314
85283: -391 -359 -612 323
85284: -391 -360 -685 251
85285: -391 -360 -686 260
85287: -391 -360 -688 278
85289: -391 -360 -690 296
85291: -391 -360 -692 314
85298: -400 -352 -42 297
85302: -400 -353 -118 252
85303: -400 -353 -119 261
85308: -400 -353 -124 306
85309: -400 -353 -125 315
85310: -400 -353 -126 324
85311: -400 -354 -199 252
85314: -400 -354 -202 279
85317: -400 -354 -205 306
85329: -400 -356 -361 252
85330: -400 -356 -362 261
85334: -400 -356 -366 297
85335: -400 -356 -367 306
85336: -400 -356 -368 315
85338: -400 -357 -442 252
85339: -400 -357 -443 261
85340: -400 -357 -444 270
85341: -400 -357 -445 279
85343: -400 -357 -447 297
85345: -400 -357 -449 315
85346: -400 -357 -450 324
85347: -400 -358 -523 252
85348: -400 -358 -524 261
85352: -400 -358 -528 297
85353: -400 -358 -529 306
85356: -400 -359 -604 252
85362: -400 -359 -610 306
85366: -400 -360 -686 261
85367: -400 -360 -687 270
85370: -400 -360 -690 297
85372: -400 -360 -692 315
85380: -409 -433 -52 298
85383: -409 -434 -127 244
85384: -409 -434 -128 253
85386: -409 -434 -130 271
85387: -409 -434 -131 280
85388: -409 -434 -132 289
85389: -409 -434 -133 298
85390: -409 -434 -134 307
85391: -409 -434 -135 316
85392: -409 -435 -208 244
85393: -409 -435 -209 253
85394: -409 -435 -210 262
85395: -409 -435 -211 271
85396: -409 -435 -212 280
85397: -409 -435 -213 289
85398: -409 -435 -214 298
85399: -409 -435 -215 307
85400: -409 -435 -216 316
85410: -409 -437 -370 244
85411: -409 -437 -371 253
85412: -409 -437 -372 262
85413: -409 -437 -373 271
85414: -409 -437 -374 280
85415: -409 -437 -375 289
85416: -409 -437 -376 298
85417: -409 -437 -377 307
85418: -409 -437 -378 316
85419: -409 -438 -451 244
85420: -409 -438 -452 253
85421: -409 -438 -453 262
85426: -409 -438 -458 307
85427: -409 -438 -459 316
85428: -409 -439 -532 244
85429: -409 -439 -533 253
85430: -409 -439 -534 262
85431: -409 -439 -535 271
85432: -409 -439 -536 280
85433: -409 -439 -537 289
85434: -409 -439 -538 298
85435: -409 -439 -539 307
85436: -409 -439 -540 316
85437: -409 -440 -613 244
85438: -409 -440 -614 253
85439: -409 -440 -615 262
85440: -409 -440 -616 271
85441: -409 -440 -617 280
85442: -409 -440 -618 289
85443: -409 -440 -619 298
85444: -409 -440 -620 307
85445: -409 -440 -621 316
85446: -409 -441 -694 244
85447: -409 -441 -695 253
85448: -409 -441 -696 262
85449: -409 -441 -697 271
85450: -409 -441 -698 280
85451: -409 -441 -699 289
85452: -409 -441 -700 298
85453: -409 -441 -701 307
85454: -409 -441 -702 316
85461: -418 -433 -52 299
85464: -418 -434 -127 245
85473: -418 -435 -208 245
85493: -418 -437 -372 263
85494: -418 -437 -373 272
85502: -418 -438 -453 263
85507: -418 -438 -458 308
85508: -418 -438 -459 317
85511: -418 -439 -534 263
85512: -418 -439 -535 272
85518: -418 -440 -613 245
85519: -418 -440 -614 254
85520: -418 -440 -615 263
85521: -418 -440 -616 272
85522: -418 -440 -617 281
85523: -418 -440 -618 290
85524: -418 -440 -619 299
85525: -418 -440 -620 308
85526: -418 -440 -621 317
85527: -418 -441 -694 245
85529: -418 -441 -696 263
85534: -418 -441 -701 308
85542: -427 -433 -52 300
85549: -427 -434 -131 282
85550: -427 -434 -132 291
85552: -427 -434 -134 309
85553: -427 -434 -135 318
85554: -427 -435 -208 246
85556: -427 -435 -210 264
85557: -427 -435 -211 273
85558: -427 -435 -212 282
85559: -427 -435 -213 291
85560: -427 -435 -214 300
85561: -427 -435 -215 309
85562: -427 -435 -216 318
85563: -427 -436 -289 246
85572: -427 -437 -370 246
85574: -427 -437 -372 264
85575: -427 -437 -373 273
85576: -427 -437 -374 282
85577: -427 -437 -375 291
85578: -427 -437 -376 300
85579: -427 -437 -377 309
85580: -427 -437 -378 318
85581: -427 -438 -451 246
85583: -427 -438 -453 264
85587: -427 -438 -457 300
85588: -427 -438 -458 309
85589: -427 -438 -459 318
85590: -427 -439 -532 246
85592: -427 -439 -534 264
85593: -427 -439 -535 273
85594: -427 -439 -536 282
85595: -427 -439 -537 291
85596: -427 -439 -538 300
85597: -427 -439 -539 309
85598: -427 -439 -540 318
85599: -427 -440 -613 246
85601: -427 -440 -615 264
85602: -427 -440 -616 273
85603: -427 -440 -617 282
85604: -427 -440 -618 291
85605: -427 -440 -619 300
85606: -427 -440 -620 309
85607: -427 -440 -621 318
85608: -427 -441 -694 246
85610: -427 -441 -696 264
85611: -427 -441 -697 273
85612: -427 -441 -698 282
85613: -427 -441 -699 291
85614: -427 -441 -700 300
85615: -427 -441 -701 309
85616: -427 -441 -702 318
85635: -436 -435 -208 247
85644: -436 -436 -289 247
85645: -436 -436 -290 256
85647: -436 -436 -292 274
85648: -436 -436 -293 283
85649: -436 -436 -294 292
85650: -436 -436 -295 301
85651: -436 -436 -296 310
85652: -436 -436 -297 319
85704: -445 -433 -52 302
85707: -445 -434 -127 248
85716: -445 -435 -208 248
85736: -445 -437 -372 266
85737: -445 -437 -373 275
85738: -445 -437 -374 284
85739: -445 -437 -375 293
85740: -445 -437 -376 302
85741: -445 -437 -377 311
85742: -445 -437 -378 320
85744: -445 -438 -452 257
85745: -445 -438 -453 266
85749: -445 -438 -457 302
85750: -445 -438 -458 311
85751: -445 -438 -459 320
85752: -445 -439 -532 248
85754: -445 -439 -534 266
85755: -445 -439 -535 275
85756: -445 -439 -536 284
85758: -445 -439 -538 302
85760: -445 -439 -540 320
85762: -445 -440 -614 257
85764: -445 -440 -616 275
85765: -445 -440 -617 284
85767: -445 -440 -619 302
85770: -445 -441 -694 248
85771: -445 -441 -695 257
85772: -445 -441 -696 266
85773: -445 -441 -697 275
85774: -445 -441 -698 284
85776: -445 -441 -700 302
85777: -445 -441 -701 311
85785: -454 -433 -52 303
85788: -454 -434 -127 249
85793: -454 -434 -132 294
85796: -454 -434 -135 321
85797: -454 -435 -208 249
85805: -454 -435 -216 321
85815: -454 -437 -370 249
85817: -454 -437 -372 267
85823: -454 -437 -378 321
85834: -454 -439 -533 258
85835: -454 -439 -534 267
85836: -454 -439 -535 276
85837: -454 -439 -536 285
85839: -454 -439 -538 303
85840: -454 -439 -539 312
85841: -454 -439 -540 321
85843: -454 -440 -614 258
85844: -454 -440 -615 267
85846: -454 -440 -617 285
85848: -454 -440 -619 303
85849: -454 -440 -620 312
85850: -454 -440 -621 321
85851: -454 -441 -694 249
85852: -454 -441 -695 258
85853: -454 -441 -696 267
85854: -454 -441 -697 276
85855: -454 -441 -698 285
85856: -454 -441 -699 294
85857: -454 -441 -700 303
85858: -454 -441 -701 312
85859: -454 -441 -702 321
85866: -463 -433 -52 304
85878: -463 -435 -208 250
85880: -463 -435 -210 268
85881: -463 -435 -211 277
85884: -463 -435 -214 304
85887: -463 -436 -289 250
85896: -463 -437 -370 250
85897: -463 -437 -371 259
85898: -463 -437 -372 268
85899: -463 -437 -373 277
85900: -463 -437 -374 286
85901: -463 -437 -375 295
85902: -463 -437 -376 304
85903: -463 -437 -377 313
85904: -463 -437 -378 322
85906: -463 -438 -452 259
85907: -463 -438 -453 268
85912: -463 -438 -458 313
85913: -463 -438 -459 322
85914: -463 -439 -532 250
85915: -463 -439 -533 259
85916: -463 -439 -534 268
85917: -463 -439 -535 277
85918: -463 -439 -536 286
85920: -463 -439 -538 304
85921: -463 -439 -539 313
85922: -463 -439 -540 322
85923: -463 -440 -613 250
85924: -463 -440 -614 259
85925: -463 -440 -615 268
85926: -463 -440 -616 277
85927: -463 -440 -617 286
85929: -463 -440 -619 304
85930: -463 -440 -620 313
85932: -463 -441 -694 250
85933: -463 -441 -695 259
85938: -463 -441 -700 304
85939: -463 -441 -701 313
85940: -463 -441 -702 322
85947: -472 -433 -52 305
85950: -472 -434 -127 251
85951: -472 -434 -128 260
85959: -472 -435 -208 251
85974: -472 -436 -295 305
85977: -472 -437 -370 251
85978: -472 -437 -371 260
85979: -472 -437 -372 269
85980: -472 -437 -373 278
85981: -472 -437 -374 287
85983: -472 -437 -376 305
85984: -472 -437 -377 314
85985: -472 -437 -378 323
85987: -472 -438 -452 260
85988: -472 -438 -453 269
85992: -472 -438 -457 305
85993: -472 -438 -458 314
85994: -472 -438 -459 323
85995: -472 -439 -532 251
85996: -472 -439 -533 260
85997: -472 -439 -534 269
85998: -472 -439 -535 278
85999: -472 -439 -536 287
86000: -472 -439 -537 296
86001: -472 -439 -538 305
86002: -472 -439 -539 314
86003: -472 -439 -540 323
86004: -472 -440 -613 251
86005: -472 -440 -614 260
86006: -472 -440 -615 269
86007: -472 -440 -616 278
86008: -472 -440 -617 287
86009: -472 -440 -618 296
86010: -472 -440 -619 305
86011: -472 -440 -620 314
86012: -472 -440 -621 323
86013: -472 -441 -694 251
86014: -472 -441 -695 260
86015: -472 -441 -696 269
86016: -472 -441 -697 278
86017: -472 -441 -698 287
86018: -472 -441 -699 296
86019: -472 -441 -700 305
86020: -472 -441 -701 314
86021: -472 -441 -702 323
86028: -481 -433 -52 306
86031: -481 -434 -127 252
86039: -481 -434 -135 324
86040: -481 -435 -208 252
86049: -481 -436 -289 252
86058: -481 -437 -370 252
86060: -481 -437 -372 270
86061: -481 -437 -373 279
86062: -481 -437 -374 288
86065: -481 -437 -377 315
86066: -481 -437 -378 324
86068: -481 -438 -452 261
86069: -481 -438 -453 270
86073: -481 -438 -457 306
86074: -481 -438 -458 315
86075: -481 -438 -459 324
86076: -481 -439 -532 252
86078: -481 -439 -534 270
86079: -481 -439 -535 279
86085: -481 -440 -613 252
86086: -481 -440 -614 261
86088: -481 -440 -616 279
86092: -481 -440 -620 315
86094: -481 -441 -694 252
86095: -481 -441 -695 261
86096: -481 -441 -696 270
86097: -481 -441 -697 279
86098: -481 -441 -698 288
86099: -481 -441 -699 297
86100: -481 -441 -700 306
86101: -481 -441 -701 315
86102: -481 -441 -702 324
86110: -490 -514 -62 307
86112: -490 -515 -136 244
86113: -490 -515 -137 253
86115: -490 -515 -139 271
86116: -490 -515 -140 280
86117: -490 -515 -141 289
86118: -490 -515 -142 298
86119: -490 -515 -143 307
86120: -490 -515 -144 316
86121: -490 -516 -217 244
86122: -490 -516 -218 253
86123: -490 -516 -219 262
86124: -490 -516 -220 271
86125: -490 -516 -221 280
86126: -490 -516 -222 289
86127: -490 -516 -223 298
86128: -490 -516 -224 307
86129: -490 -516 -225 316
86139: -490 -518 -379 244
86140: -490 -518 -380 253
86141: -490 -518 -381 262
86142: -490 -518 -382 271
86143: -490 -518 -383 280
86144: -490 -518 -384 289
86145: -490 -518 -385 298
86146: -490 -518 -386 307
86147: -490 -518 -387 316
86148: -490 -519 -460 244
86149: -490 -519 -461 253
86150: -490 -519 -462 262
86151: -490 -519 -463 271
86152: -490 -519 -464 280
86153: -490 -519 -465 289
86154: -490 -519 -466 298
86155: -490 -519 -467 307
86156: -490 -519 -468 316
86157: -490 -520 -541 244
86158: -490 -520 -542 253
86159: -490 -520 -543 262
86161: -490 -520 -545 280
86164: -490 -520 -548 307
86165: -490 -520 -549 316
86166: -490 -521 -622 244
86167: -490 -521 -623 253
86168: -490 -521 -624 262
86169: -490 -521 -625 271
86170: -490 -521 -626 280
86171: -490 -521 -627 289
86172: -490 -521 -628 298
86173: -490 -521 -629 307
86174: -490 -521 -630 316
86175: -490 -522 -703 244
86176: -490 -522 -704 253
86177: -490 -522 -705 262
86178: -490 -522 -706 271
86179: -490 -522 -707 280
86180: -490 -522 -708 289
86181: -490 -522 -709 298
86182: -490 -522 -710 307
86183: -490 -522 -711 316
86191: -499 -514 -62 308
86193: -499 -515 -136 245
86200: -499 -515 -143 308
86201: -499 -515 -144 317
86202: -499 -516 -217 245
86221: -499 -518 -380 254
86222: -499 -518 -381 263
86227: -499 -518 -386 308
86228: -499 -518 -387 317
86240: -499 -520 -543 263
86242: -499 -520 -545 281
86245: -499 -520 -548 308
86246: -499 -520 -549 317
86247: -499 -521 -622 245
86250: -499 -521 -625 272
86251: -499 -521 -626 281
86252: -499 -521 -627 290
86253: -499 -521 -628 299
86254: -499 -521 -629 308
86255: -499 -521 -630 317
86256: -499 -522 -703 245
86257: -499 -522 -704 254
86258: -499 -522 -705 263
86259: -499 -522 -706 272
86263: -499 -522 -710 308
86272: -508 -514 -62 309
86274: -508 -515 -136 246
86277: -508 -515 -139 273
86278: -508 -515 -140 282
86279: -508 -515 -141 291
86280: -508 -515 -142 300
86281: -508 -515 -143 309
86282: -508 -515 -144 318
86283: -508 -516 -217 246
86285: -508 -516 -219 264
86286: -508 -516 -220 273
86287: -508 -516 -221 282
86290: -508 -516 -224 309
86291: -508 -516 -225 318
86301: -508 -518 -379 246
86303: -508 -518 -381 264
86304: -508 -518 -382 273
86305: -508 -518 -383 282
86306: -508 -518 -384 291
86307: -508 -518 -385 300
86308: -508 -518 -386 309
86309: -508 -518 -387 318
86310: -508 -519 -460 246
86312: -508 -519 -462 264
86313: -508 -519 -463 273
86314: -508 -519 -464 282
86315: -508 -519 -465 291
86316: -508 -519 -466 300
86317: -508 -519 -467 309
86318: -508 -519 -468 318
86321: -508 -520 -543 264
86323: -508 -520 -545 282
86326: -508 -520 -548 309
86327: -508 -520 -549 318
86328: -508 -521 -622 246
86330: -508 -521 -624 264
86331: -508 -521 -625 273
86332: -508 -521 -626 282
86333: -508 -521 -627 291
86334: -508 -521 -628 300
86335: -508 -521 -629 309
86336: -508 -521 -630 318
86337: -508 -522 -703 246
86339: -508 -522 -705 264
86340: -508 -522 -706 273
86341: -508 -522 -707 282
86342: -508 -522 -708 291
86343: -508 -522 -709 300
86344: -508 -522 -710 309
86345: -508 -522 -711 318
86373: -517 -517 -298 247
86374: -517 -517 -299 256
86376: -517 -517 -301 274
86377: -517 -517 -302 283
86378: -517 -517 -303 292
86379: -517 -517 -304 301
86380: -517 -517 -305 310
86381: -517 -517 -306 319
86434: -526 -514 -62 311
86436: -526 -515 -136 248
86444: -526 -515 -144 320
86445: -526 -516 -217 248
86448: -526 -516 -220 275
86454: -526 -517 -298 248
86463: -526 -518 -379 248
86464: -526 -518 -380 257
86465: -526 -518 -381 266
86466: -526 -518 -382 275
86468: -526 -518 -384 293
86470: -526 -518 -386 311
86471: -526 -518 -387 320
86472: -526 -519 -460 248
86475: -526 -519 -463 275
86476: -526 -519 -464 284
86477: -526 -519 -465 293
86480: -526 -519 -468 320
86482: -526 -520 -542 257
86483: -526 -520 -543 266
86488: -526 -520 -548 311
86489: -526 -520 -549 320
86490: -526 -521 -622 248
86491: -526 -521 -623 257
86492: -526 -521 -624 266
86493: -526 -521 -625 275
86494: -526 -521 -626 284
86495: -526 -521 -627 293
86496: -526 -521 -628 302
86497: -526 -521 -629 311
86498: -526 -521 -630 320
86499: -526 -522 -703 248
86500: -526 -522 -704 257
86502: -526 -522 -706 275
86503: -526 -522 -707 284
86506: -526 -522 -710 311
86515: -535 -514 -62 312
86517: -535 -515 -136 249
86518: -535 -515 -137 258
86525: -535 -515 -144 321
86526: -535 -516 -217 249
86535: -535 -517 -298 249
86544: -535 -518 -379 249
86545: -535 -518 -380 258
86546: -535 -518 -381 267
86547: -535 -518 -382 276
86548: -535 -518 -383 285
86550: -535 -518 -385 303
86551: -535 -518 -386 312
86552: -535 -518 -387 321
86555: -535 -519 -462 267
86556: -535 -519 -463 276
86557: -535 -519 -464 285
86558: -535 -519 -465 294
86561: -535 -519 -468 321
86563: -535 -520 -542 258
86566: -535 -520 -545 285
86569: -535 -520 -548 312
86570: -535 -520 -549 321
86571: -535 -521 -622 249
86574: -535 -521 -625 276
86575: -535 -521 -626 285
86576: -535 -521 -627 294
86577: -535 -521 -628 303
86578: -535 -521 -629 312
86580: -535 -522 -703 249
86581: -535 -522 -704 258
86583: -535 -522 -706 276
86587: -535 -522 -710 312
86596: -544 -514 -62 313
86598: -544 -515 -136 250
86605: -544 -515 -143 313
86606: -544 -515 -144 322
86607: -544 -516 -217 250
86609: -544 -516 -219 268
86610: -544 -516 -220 277
86616: -544 -517 -298 250
86625: -544 -518 -379 250
86626: -544 -518 -380 259
86627: -544 -518 -381 268
86628: -544 -518 -382 277
86629: -544 -518 -383 286
86630: -544 -518 -384 295
86631: -544 -518 -385 304
86632: -544 -518 -386 313
86633: -544 -518 -387 322
86634: -544 -519 -460 250
86652: -544 -521 -622 250
86653: -544 -521 -623 259
86654: -544 -521 -624 268
86655: -544 -521 -625 277
86656: -544 -521 -626 286
86657: -544 -521 -627 295
86658: -544 -521 -628 304
86659: -544 -521 -629 313
86660: -544 -521 -630 322
86662: -544 -522 -704 259
86663: -544 -522 -705 268
86664: -544 -522 -706 277
86665: -544 -522 -707 286
86666: -544 -522 -708 295
86667: -544 -522 -709 304
86668: -544 -522 -710 313
86669: -544 -522 -711 322
86677: -553 -514 -62 314
86679: -553 -515 -136 251
86684: -553 -515 -141 296
86685: -553 -515 -142 305
86686: -553 -515 -143 314
86688: -553 -516 -217 251
86691: -553 -516 -220 278
86706: -553 -518 -379 251
86707: -553 -518 -380 260
86708: -553 -518 -381 269
86709: -553 -518 -382 278
86710: -553 -518 -383 287
86712: -553 -518 -385 305
86713: -553 -518 -386 314
86714: -553 -518 -387 323
86719: -553 -519 -464 287
86725: -553 -520 -542 260
86726: -553 -520 -543 269
86728: -553 -520 -545 287
86731: -553 -520 -548 314
86732: -553 -520 -549 323
86733: -553 -521 -622 251
86736: -553 -521 -625 278
86738: -553 -521 -627 296
86739: -553 -521 -628 305
86740: -553 -521 -629 314
86741: -553 -521 -630 323
86742: -553 -522 -703 251
86743: -553 -522 -704 260
86744: -553 -522 -705 269
86745: -553 -522 -706 278
86749: -553 -522 -710 314
86758: -562 -514 -62 315
86764: -562 -515 -140 288
86767: -562 -515 -143 315
86768: -562 -515 -144 324
86769: -562 -516 -217 252
86772: -562 -516 -220 279
86787: -562 -518 -379 252
86788: -562 -518 -380 261
86789: -562 -518 -381 270
86791: -562 -518 -383 288
86792: -562 -518 -384 297
86793: -562 -518 -385 306
86795: -562 -518 -387 324
86800: -562 -519 -464 288
86805: -562 -520 -541 252
86806: -562 -520 -542 261
86807: -562 -520 -543 270
86809: -562 -520 -545 288
86812: -562 -520 -548 315
86814: -562 -521 -622 252
86816: -562 -521 -624 270
86817: -562 -521 -625 279
86818: -562 -521 -626 288
86819: -562 -521 -627 297
86820: -562 -521 -628 306
86821: -562 -521 -629 315
86822: -562 -521 -630 324
86823: -562 -522 -703 252
86824: -562 -522 -704 261
86825: -562 -522 -705 270
86826: -562 -522 -706 279
86827: -562 -522 -707 288
86828: -562 -522 -708 297
86830: -562 -522 -710 315
86831: -562 -522 -711 324
86840: -571 -595 -72 316
86841: -571 -596 -145 244
86842: -571 -596 -146 253
86844: -571 -596 -148 271
86845: -571 -596 -149 280
86846: -571 -596 -150 289
86847: -571 -596 -151 298
86848: -571 -596 -152 307
86849: -571 -596 -153 316
86850: -571 -597 -226 244
86852: -571 -597 -228 262
86853: -571 -597 -229 271
86854: -571 -597 -230 280
86855: -571 -597 -231 289
86856: -571 -597 -232 298
86857: -571 -597 -233 307
86858: -571 -597 -234 316
86868: -571 -599 -388 244
86869: -571 -599 -389 253
86870: -571 -599 -390 262
86871: -571 -599 -391 271
86872: -571 -599 -392 280
86873: -571 -599 -393 289
86874: -571 -599 -394 298
86875: -571 -599 -395 307
86876: -571 -599 -396 316
86877: -571 -600 -469 244
86878: -571 -600 -470 253
86879: -571 -600 -471 262
86880: -571 -600 -472 271
86881: -571 -600 -473 280
86882: -571 -600 -474 289
86883: -571 -600 -475 298
86884: -571 -600 -476 307
86885: -571 -600 -477 316
86886: -571 -601 -550 244
86887: -571 -601 -551 253
86888: -571 -601 -552 262
86889: -571 -601 -553 271
86890: -571 -601 -554 280
86892: -571 -601 -556 298
86893: -571 -601 -557 307
86894: -571 -601 -558 316
86895: -571 -602 -631 244
86896: -571 -602 -632 253
86897: -571 -602 -633 262
86899: -571 -602 -635 280
86900: -571 -602 -636 289
86901: -571 -602 -637 298
86903: -571 -602 -639 316
86904: -571 -603 -712 244
86905: -571 -603 -713 253
86906: -571 -603 -714 262
86907: -571 -603 -715 271
86908: -571 -603 -716 280
86909: -571 -603 -717 289
86910: -571 -603 -718 298
86911: -571 -603 -719 307
86912: -571 -603 -720 316
86921: -580 -595 -72 317
86922: -580 -596 -145 245
86923: -580 -596 -146 254
86927: -580 -596 -150 290
86931: -580 -597 -226 245
86949: -580 -599 -388 245
86950: -580 -599 -389 254
86951: -580 -599 -390 263
86953: -580 -599 -392 281
86954: -580 -599 -393 290
86955: -580 -599 -394 299
86956: -580 -599 -395 308
86957: -580 -599 -396 317
86958: -580 -600 -469 245
86959: -580 -600 -470 254
86960: -580 -600 -471 263
86961: -580 -600 -472 272
86962: -580 -600 -473 281
86964: -580 -600 -475 299
86965: -580 -600 -476 308
86966: -580 -600 -477 317
86969: -580 -601 -552 263
86970: -580 -601 -553 272
86976: -580 -602 -631 245
86977: -580 -602 -632 254
86978: -580 -602 -633 263
86980: -580 -602 -635 281
86981: -580 -602 -636 290
86984: -580 -602 -639 317
86993: -580 -603 -720 317
87002: -589 -595 -72 318
87007: -589 -596 -149 282
87008: -589 -596 -150 291
87009: -589 -596 -151 300
87010: -589 -596 -152 309
87012: -589 -597 -226 246
87014: -589 -597 -228 264
87015: -589 -597 -229 273
87016: -589 -597 -230 282
87017: -589 -597 -231 291
87018: -589 -597 -232 300
87020: -589 -597 -234 318
87021: -589 -598 -307 246
87030: -589 -599 -388 246
87032: -589 -599 -390 264
87033: -589 -599 -391 273
87034: -589 -599 -392 282
87035: -589 -599 -393 291
87036: -589 -599 -394 300
87037: -589 -599 -395 309
87038: -589 -599 -396 318
87039: -589 -600 -469 246
87041: -589 -600 -471 264
87042: -589 -600 -472 273
87043: -589 -600 -473 282
87044: -589 -600 -474 291
87045: -589 -600 -475 300
87046: -589 -600 -476 309
87047: -589 -600 -477 318
87048: -589 -601 -550 246
87050: -589 -601 -552 264
87051: -589 -601 -553 273
87052: -589 -601 -554 282
87053: -589 -601 -555 291
87054: -589 -601 -556 300
87055: -589 -601 -557 309
87056: -589 -601 -558 318
87059: -589 -602 -633 264
87061: -589 -602 -635 282
87062: -589 -602 -636 291
87065: -589 -602 -639 318
87066: -589 -603 -712 246
87068: -589 -603 -714 264
87069: -589 -603 -715 273
87070: -589 -603 -716 282
87071: -589 -603 -717 291
87072: -589 -603 -718 300
87073: -589 -603 -719 309
87074: -589 -603 -720 318
87093: -598 -597 -226 247
87102: -598 -598 -307 247
87103: -598 -598 -308 256
87105: -598 -598 -310 274
87106: -598 -598 -311 283
87107: -598 -598 -312 292
87108: -598 -598 -313 301
87109: -598 -598 -314 310
87110: -598 -598 -315 319
87164: -607 -595 -72 320
87166: -607 -596 -146 257
87170: -607 -596 -150 293
87171: -607 -596 -151 302
87174: -607 -597 -226 248
87177: -607 -597 -229 275
87192: -607 -599 -388 248
87198: -607 -599 -394 302
87200: -607 -599 -396 320
87201: -607 -600 -469 248
87202: -607 -600 -470 257
87203: -607 -600 -471 266
87204: -607 -600 -472 275
87205: -607 -600 -473 284
87206: -607 -600 -474 293
87207: -607 -600 -475 302
87208: -607 -600 -476 311
87209: -607 -600 -477 320
87210: -607 -601 -550 248
87213: -607 -601 -553 275
87214: -607 -601 -554 284
87215: -607 -601 -555 293
87216: -607 -601 -556 302
87217: -607 -601 -557 311
87218: -607 -601 -558 320
87220: -607 -602 -632 257
87221: -607 -602 -633 266
87224: -607 -602 -636 293
87227: -607 -602 -639 320
87228: -607 -603 -712 248
87230: -607 -603 -714 266
87232: -607 -603 -716 284
87234: -607 -603 -718 302
87236: -607 -603 -720 320
87245: -616 -595 -72 321
87251: -616 -596 -150 294
87252: -616 -596 -151 303
87255: -616 -597 -226 249
87258: -616 -597 -229 276
87273: -616 -599 -388 249
87274: -616 -599 -389 258
87275: -616 -599 -390 267
87276: -616 -599 -391 276
87277: -616 -599 -392 285
87279: -616 -599 -394 303
87280: -616 -599 -395 312
87281: -616 -599 -396 321
87282: -616 -600 -469 249
87283: -616 -600 -470 258
87284: -616 -600 -471 267
87285: -616 -600 -472 276
87286: -616 -600 -473 285
87287: -616 -600 -474 294
87288: -616 -600 -475 303
87289: -616 -600 -476 312
87290: -616 -600 -477 321
87294: -616 -601 -553 276
87296: -616 -601 -555 294
87297: -616 -601 -556 303
87301: -616 -602 -632 258
87302: -616 -602 -633 267
87304: -616 -602 -635 285
87305: -616 -602 -636 294
87306: -616 -602 -637 303
87308: -616 -602 -639 321
87316: -616 -603 -719 312
87317: -616 -603 -720 321
87326: -625 -595 -72 322
87328: -625 -596 -146 259
87332: -625 -596 -150 295
87333: -625 -596 -151 304
87336: -625 -597 -226 250
87339: -625 -597 -229 277
87354: -625 -599 -388 250
87355: -625 -599 -389 259
87362: -625 -599 -396 322
87363: -625 -600 -469 250
87364: -625 -600 -470 259
87365: -625 -600 -471 268
87366: -625 -600 -472 277
87367: -625 -600 -473 286
87368: -625 -600 -474 295
87370: -625 -600 -476 313
87371: -625 -600 -477 322
87372: -625 -601 -550 250
87374: -625 -601 -552 268
87376: -625 -601 -554 286
87377: -625 -601 -555 295
87378: -625 -601 -556 304
87382: -625 -602 -632 259
87385: -625 -602 -635 286
87386: -625 -602 -636 295
87389: -625 -602 -639 322
87390: -625 -603 -712 250
87397: -625 -603 -719 313
87398: -625 -603 -720 322
87407: -634 -595 -72 323
87408: -634 -596 -145 251
87409: -634 -596 -146 260
87413: -634 -596 -150 296
87414: -634 -596 -151 305
87417: -634 -597 -226 251
87435: -634 -599 -388 251
87436: -634 -599 -389 260
87439: -634 -599 -392 287
87440: -634 -599 -393 296
87441: -634 -599 -394 305
87442: -634 -599 -395 314
87443: -634 -599 -396 323
87444: -634 -600 -469 251
87445: -634 -600 -470 260
87446: -634 -600 -471 269
87447: -634 -600 -472 278
87448: -634 -600 -473 287
87449: -634 -600 -474 296
87450: -634 -600 -475 305
87451: -634 -600 -476 314
87452: -634 -600 -477 323
87453: -634 -601 -550 251
87456: -634 -601 -553 278
87457: -634 -601 -554 287
87458: -634 -601 -555 296
87459: -634 -601 -556 305
87460: -634 -601 -557 314
87461: -634 -601 -558 323
87471: -634 -603 -712 251
87472: -634 -603 -713 260
87473: -634 -603 -714 269
87474: -634 -603 -715 278
87475: -634 -603 -716 287
87476: -634 -603 -717 296
87477: -634 -603 -718 305
87478: -634 -603 -719 314
87479: -634 -603 -720 323
87488: -643 -595 -72 324
87490: -643 -596 -146 261
87494: -643 -596 -150 297
87495: -643 -596 -151 306
87496: -643 -596 -152 315
87498: -643 -597 -226 252
87501: -643 -597 -229 279
87516: -643 -599 -388 252
87517: -643 -599 -389 261
87518: -643 -599 -390 270
87520: -643 -599 -392 288
87522: -643 -599 -394 306
87523: -643 -599 -395 315
87524: -643 -599 -396 324
87525: -643 -600 -469 252
87526: -643 -600 -470 261
87527: -643 -600 -471 270
87529: -643 -600 -473 288
87533: -643 -600 -477 324
87534: -643 -601 -550 252
87535: -643 -601 -551 261
87537: -643 -601 -553 279
87538: -643 -601 -554 288
87539: -643 -601 -555 297
87540: -643 -601 -556 306
87541: -643 -601 -557 315
87543: -643 -602 -631 252
87544: -643 -602 -632 261
87545: -643 -602 -633 270
87547: -643 -602 -635 288
87548: -643 -602 -636 297
87551: -643 -602 -639 324
87552: -643 -603 -712 252
87553: -643 -603 -713 261
87554: -643 -603 -714 270
87555: -643 -603 -715 279
87556: -643 -603 -716 288
87557: -643 -603 -717 297
87558: -643 -603 -718 306
87560: -643 -603 -720 324
87565: -652 -676 -77 280
87570: -652 -677 -154 244
87571: -652 -677 -155 253
87573: -652 -677 -157 271
87574: -652 -677 -158 280
87575: -652 -677 -159 289
87576: -652 -677 -160 298
87577: -652 -677 -161 307
87578: -652 -677 -162 316
87579: -652 -678 -235 244
87580: -652 -678 -236 253
87581: -652 -678 -237 262
87582: -652 -678 -238 271
87583: -652 -678 -239 280
87584: -652 -678 -240 289
87585: -652 -678 -241 298
87586: -652 -678 -242 307
87587: -652 -678 -243 316
87597: -652 -680 -397 244
87598: -652 -680 -398 253
87599: -652 -680 -399 262
87600: -652 -680 -400 271
87601: -652 -680 -401 280
87602: -652 -680 -402 289
87603: -652 -680 -403 298
87604: -652 -680 -404 307
87605: -652 -680 -405 316
87606: -652 -681 -478 244
87607: -652 -681 -479 253
87608: -652 -681 -480 262
87609: -652 -681 -481 271
87610: -652 -681 -482 280
87611: -652 -681 -483 289
87612: -652 -681 -484 298
87613: -652 -681 -485 307
87614: -652 -681 -486 316
87615: -652 -682 -559 244
87616: -652 -682 -560 253
87617: -652 -682 -561 262
87618: -652 -682 -562 271
87619: -652 -682 -563 280
87620: -652 -682 -564 289
87621: -652 -682 -565 298
87622: -652 -682 -566 307
87623: -652 -682 -567 316
87624: -652 -683 -640 244
87625: -652 -683 -641 253
87626: -652 -683 -642 262
87627: -652 -683 -643 271
87628: -652 -683 -644 280
87629: -652 -683 -645 289
87630: -652 -683 -646 298
87631: -652 -683 -647 307
87632: -652 -683 -648 316
87633: -652 -684 -721 244
87634: -652 -684 -722 253
87635: -652 -684 -723 262
87637: -652 -684 -725 280
87638: -652 -684 -726 289
87639: -652 -684 -727 298
87646: -661 -676 -77 281
87651: -661 -677 -154 245
87652: -661 -677 -155 254
87654: -661 -677 -157 272
87655: -661 -677 -158 281
87656: -661 -677 -159 290
87657: -661 -677 -160 299
87658: -661 -677 -161 308
87659: -661 -677 -162 317
87660: -661 -678 -235 245
87662: -661 -678 -237 263
87663: -661 -678 -238 272
87667: -661 -678 -242 308
87686: -661 -680 -405 317
87687: -661 -681 -478 245
87688: -661 -681 -479 254
87689: -661 -681 -480 263
87690: -661 -681 -481 272
87691: -661 -681 -482 281
87692: -661 -681 -483 290
87693: -661 -681 -484 299
87694: -661 -681 -485 308
87695: -661 -681 -486 317
87696: -661 -682 -559 245
87697: -661 -682 -560 254
87698: -661 -682 -561 263
87699: -661 -682 -562 272
87701: -661 -682 -564 290
87702: -661 -682 -565 299
87703: -661 -682 -566 308
87704: -661 -682 -567 317
87705: -661 -683 -640 245
87706: -661 -683 -641 254
87708: -661 -683 -643 272
87709: -661 -683 -644 281
87710: -661 -683 -645 290
87711: -661 -683 -646 299
87712: -661 -683 -647 308
87713: -661 -683 -648 317
87715: -661 -684 -722 254
87716: -661 -684 -723 263
87718: -661 -684 -725 281
87719: -661 -684 -726 290
87720: -661 -684 -727 299
87727: -670 -676 -77 282
87737: -670 -677 -159 291
87738: -670 -677 -160 300
87739: -670 -677 -161 309
87740: -670 -677 -162 318
87741: -670 -678 -235 246
87743: -670 -678 -237 264
87744: -670 -678 -238 273
87745: -670 -678 -239 282
87746: -670 -678 -240 291
87747: -670 -678 -241 300
87748: -670 -678 -242 309
87749: -670 -678 -243 318
87759: -670 -680 -397 246
87761: -670 -680 -399 264
87762: -670 -680 -400 273
87763: -670 -680 -401 282
87764: -670 -680 -402 291
87765: -670 -680 -403 300
87766: -670 -680 -404 309
87767: -670 -680 -405 318
87768: -670 -681 -478 246
87770: -670 -681 -480 264
87771: -670 -681 -481 273
87772: -670 -681 -482 282
87773: -670 -681 -483 291
87774: -670 -681 -484 300
87775: -670 -681 -485 309
87776: -670 -681 -486 318
87777: -670 -682 -559 246
87779: -670 -682 -561 264
87780: -670 -682 -562 273
87781: -670 -682 -563 282
87782: -670 -682 -564 291
87783: -670 -682 -565 300
87784: -670 -682 -566 309
87785: -670 -682 -567 318
87786: -670 -683 -640 246
87788: -670 -683 -642 264
87789: -670 -683 -643 273
87790: -670 -683 -644 282
87791: -670 -683 -645 291
87792: -670 -683 -646 300
87793: -670 -683 -647 309
87797: -670 -684 -723 264
87799: -670 -684 -725 282
87800: -670 -684 -726 291
87801: -670 -684 -727 300
87831: -679 -679 -316 247
87832: -679 -679 -317 256
87834: -679 -679 -319 274
87835: -679 -679 -320 283
87836: -679 -679 -321 292
87837: -679 -679 -322 301
87838: -679 -679 -323 310
87839: -679 -679 -324 319
87889: -688 -676 -77 284
87899: -688 -677 -159 293
87900: -688 -677 -160 302
87901: -688 -677 -161 311
87903: -688 -678 -235 248
87906: -688 -678 -238 275
87912: -688 -679 -316 248
87922: -688 -680 -398 257
87923: -688 -680 -399 266
87924: -688 -680 -400 275
87926: -688 -680 -402 293
87927: -688 -680 -403 302
87928: -688 -680 -404 311
87930: -688 -681 -478 248
87931: -688 -681 -479 257
87932: -688 -681 -480 266
87933: -688 -681 -481 275
87934: -688 -681 -482 284
87935: -688 -681 -483 293
87936: -688 -681 -484 302
87937: -688 -681 -485 311
87938: -688 -681 -486 320
87939: -688 -682 -559 248
87940: -688 -682 -560 257
87941: -688 -682 -561 266
87942: -688 -682 -562 275
87943: -688 -682 -563 284
87944: -688 -682 -564 293
87945: -688 -682 -565 302
87946: -688 -682 -566 311
87947: -688 -682 -567 320
87951: -688 -683 -643 275
87954: -688 -683 -646 302
87957: -688 -684 -721 248
87958: -688 -684 -722 257
87959: -688 -684 -723 266
87961: -688 -684 -725 284
87962: -688 -684 -726 293
87963: -688 -684 -727 302
87970: -697 -676 -77 285
87975: -697 -677 -154 249
87978: -697 -677 -157 276
87980: -697 -677 -159 294
87981: -697 -677 -160 303
87982: -697 -677 -161 312
87983: -697 -677 -162 321
87984: -697 -678 -235 249
87987: -697 -678 -238 276
87988: -697 -678 -239 285
87989: -697 -678 -240 294
87991: -697 -678 -242 312
88002: -697 -680 -397 249
88004: -697 -680 -399 267
88005: -697 -680 -400 276
88006: -697 -680 -401 285
88009: -697 -680 -404 312
88011: -697 -681 -478 249
88012: -697 -681 -479 258
88013: -697 -681 -480 267
88014: -697 -681 -481 276
88015: -697 -681 -482 285
88016: -697 -681 -483 294
88017: -697 -681 -484 303
88018: -697 -681 -485 312
88020: -697 -682 -559 249
88021: -697 -682 -560 258
88022: -697 -682 -561 267
88023: -697 -682 -562 276
88024: -697 -682 -563 285
88025: -697 -682 -564 294
88026: -697 -682 -565 303
88027: -697 -682 -566 312
88028: -697 -682 -567 321
88031: -697 -683 -642 267
88032: -697 -683 -643 276
88033: -697 -683 -644 285
88034: -697 -683 -645 294
88035: -697 -683 -646 303
88036: -697 -683 -647 312
88037: -697 -683 -648 321
88039: -697 -684 -722 258
88040: -697 -684 -723 267
88042: -697 -684 -725 285
88043: -697 -684 -726 294
88044: -697 -684 -727 303
88051: -706 -676 -77 286
88056: -706 -677 -154 250
88061: -706 -677 -159 295
88062: -706 -677 -160 304
88063: -706 -677 -161 313
88065: -706 -678 -235 250
88066: -706 -678 -236 259
88068: -706 -678 -238 277
88070: -706 -678 -240 295
88074: -706 -679 -316 250
88084: -706 -680 -398 259
88086: -706 -680 -400 277
88087: -706 -680 -401 286
88089: -706 -680 -403 304
88090: -706 -680 -404 313
88091: -706 -680 -405 322
88092: -706 -681 -478 250
88093: -706 -681 -479 259
88094: -706 -681 -480 268
88095: -706 -681 -481 277
88097: -706 -681 -483 295
88098: -706 -681 -484 304
88099: -706 -681 -485 313
88100: -706 -681 -486 322
88101: -706 -682 -559 250
88102: -706 -682 -560 259
88103: -706 -682 -561 268
88104: -706 -682 -562 277
88105: -706 -682 -563 286
88106: -706 -682 -564 295
88107: -706 -682 -565 304
88108: -706 -682 -566 313
88109: -706 -682 -567 322
88111: -706 -683 -641 259
88112: -706 -683 -642 268
88113: -706 -683 -643 277
88115: -706 -683 -645 295
88117: -706 -683 -647 313
88119: -706 -684 -721 250
88120: -706 -684 -722 259
88123: -706 -684 -725 286
88124: -706 -684 -726 295
88125: -706 -684 -727 304
88132: -715 -676 -77 287
88137: -715 -677 -154 251
88138: -715 -677 -155 260
88140: -715 -677 -157 278
88141: -715 -677 -158 287
88142: -715 -677 -159 296
88143: -715 -677 -160 305
88144: -715 -677 -161 314
88145: -715 -677 -162 323
88146: -715 -678 -235 251
88149: -715 -678 -238 278
88155: -715 -679 -316 251
88164: -715 -680 -397 251
88172: -715 -680 -405 323
88173: -715 -681 -478 251
88174: -715 -681 -479 260
88176: -715 -681 -481 278
88177: -715 -681 -482 287
88178: -715 -681 -483 296
88180: -715 -681 -485 314
88182: -715 -682 -559 251
88183: -715 -682 -560 260
88184: -715 -682 -561 269
88185: -715 -682 -562 278
88186: -715 -682 -563 287
88187: -715 -682 -564 296
88188: -715 -682 -565 305
88189: -715 -682 -566 314
88197: -715 -683 -646 305
88198: -715 -683 -647 314
88201: -715 -684 -722 260
88202: -715 -684 -723 269
88204: -715 -684 -725 287
88205: -715 -684 -726 296
88206: -715 -684 -727 305
88213: -724 -676 -77 288
88218: -724 -677 -154 252
88224: -724 -677 -160 306
88227: -724 -678 -235 252
88230: -724 -678 -238 279
88245: -724 -680 -397 252
88247: -724 -680 -399 270
88248: -724 -680 -400 279
88249: -724 -680 -401 288
88251: -724 -680 -403 306
88252: -724 -680 -404 315
88254: -724 -681 -478 252
88255: -724 -681 -479 261
88256: -724 -681 -480 270
88258: -724 -681 -482 288
88259: -724 -681 -483 297
88260: -724 -681 -484 306
88261: -724 -681 -485 315
88262: -724 -681 -486 324
88263: -724 -682 -559 252
88264: -724 -682 -560 261
88265: -724 -682 -561 270
88266: -724 -682 -562 279
88267: -724 -682 -563 288
88268: -724 -682 -564 297
88269: -724 -682 -565 306
88270: -724 -682 -566 315
88272: -724 -683 -640 252
88276: -724 -683 -644 288
88284: -724 -684 -724 279
88984: -77 -42 -407 342
88985: -77 -42 -408 351
88986: -77 -42 -409 360
88987: -77 -42 -410 369
88988: -77 -42 -411 378
88989: -77 -42 -412 387
88990: -77 -42 -413 396
88991: -77 -42 -414 405
89102: -95 -118 -12 344
89113: -95 -119 -95 362
89129: -95 -121 -255 344
89146: -95 -123 -416 335
89147: -95 -123 -417 344
89148: -95 -123 -418 353
89149: -95 -123 -419 362
89150: -95 -123 -420 371
89151: -95 -123 -421 380
89152: -95 -123 -422 389
89153: -95 -123 -423 398
89155: -95 -124 -497 335
89156: -95 -124 -498 344
89163: -95 -125 -577 326
89165: -95 -125 -579 344
89166: -95 -125 -580 353
89168: -95 -125 -582 371
89169: -95 -125 -583 380
89170: -95 -125 -584 389
89172: -95 -126 -658 326
89175: -95 -126 -661 353
89179: -95 -126 -665 389
89183: -104 -118 -12 345
89195: -104 -119 -96 372
89196: -104 -119 -97 381
89197: -104 -119 -98 390
89198: -104 -119 -99 399
89210: -104 -121 -255 345
89226: -104 -123 -415 327
89227: -104 -123 -416 336
89228: -104 -123 -417 345
89229: -104 -123 -418 354
89230: -104 -123 -419 363
89231: -104 -123 -420 372
89232: -104 -123 -421 381
89233: -104 -123 -422 390
89234: -104 -123 -423 399
89235: -104 -124 -496 327
89236: -104 -124 -497 336
89237: -104 -124 -498 345
89238: -104 -124 -499 354
89239: -104 -124 -500 363
89240: -104 -124 -501 372
89241: -104 -124 -502 381
89242: -104 -124 -503 390
89243: -104 -124 -504 399
89244: -104 -125 -577 327
89246: -104 -125 -579 345
89247: -104 -125 -580 354
89248: -104 -125 -581 363
89249: -104 -125 -582 372
89250: -104 -125 -583 381
89251: -104 -125 -584 390
89252: -104 -125 -585 399
89253: -104 -126 -658 327
89254: -104 -126 -659 336
89255: -104 -126 -660 345
89256: -104 -126 -661 354
89257: -104 -126 -662 363
89258: -104 -126 -663 372
89259: -104 -126 -664 381
89260: -104 -126 -665 390
89261: -104 -126 -666 399
89264: -113 -118 -12 346
89277: -113 -119 -97 382
89278: -113 -119 -98 391
89279: -113 -119 -99 400
89291: -113 -121 -255 346
89309: -113 -123 -417 346
89310: -113 -123 -418 355
89312: -113 -123 -420 373
89313: -113 -123 -421 382
89314: -113 -123 -422 391
89315: -113 -123 -423 400
89316: -113 -124 -496 328
89317: -113 -124 -497 337
89318: -113 -124 -498 346
89319: -113 -124 -499 355
89320: -113 -124 -500 364
89321: -113 -124 -501 373
89322: -113 -124 -502 382
89323: -113 -124 -503 391
89324: -113 -124 -504 400
89325: -113 -125 -577 328
89326: -113 -125 -578 337
89327: -113 -125 -579 346
89328: -113 -125 -580 355
89330: -113 -125 -582 373
89331: -113 -125 -583 382
89332: -113 -125 -584 391
89333: -113 -125 -585 400
89334: -113 -126 -658 328
89335: -113 -126 -659 337
89337: -113 -126 -661 355
89338: -113 -126 -662 364
89339: -113 -126 -663 373
89340: -113 -126 -664 382
89341: -113 -126 -665 391
89342: -113 -126 -666 400
89379: -122 -122 -334 329
89380: -122 -122 -335 338
89381: -122 -122 -336 347
89382: -122 -122 -337 356
89383: -122 -122 -338 365
89384: -122 -122 -339 374
89385: -122 -122 -340 383
89386: -122 -122 -341 392
89387: -122 -122 -342 401
89426: -131 -118 -12 348
89440: -131 -119 -98 393
89441: -131 -119 -99 402
89453: -131 -121 -255 348
89469: -131 -123 -415 330
89473: -131 -123 -419 366
89474: -131 -123 -420 375
89478: -131 -124 -496 330
89480: -131 -124 -498 348
89483: -131 -124 -501 375
89484: -131 -124 -502 384
89485: -131 -124 -503 393
89486: -131 -124 -504 402
89487: -131 -125 -577 330
89489: -131 -125 -579 348
89490: -131 -125 -580 357
89492: -131 -125 -582 375
89493: -131 -125 -583 384
89494: -131 -125 -584 393
89495: -131 -125 -585 402
89496: -131 -126 -658 330
89498: -131 -126 -660 348
89499: -131 -126 -661 357
89501: -131 -126 -663 375
89502: -131 -126 -664 384
89504: -131 -126 -666 402
89507: -140 -118 -12 349
89522: -140 -119 -99 403
89534: -140 -121 -255 349
89553: -140 -123 -418 358
89554: -140 -123 -419 367
89555: -140 -123 -420 376
89556: -140 -123 -421 385
89557: -140 -123 -422 394
89558: -140 -123 -423 403
89559: -140 -124 -496 331
89561: -140 -124 -498 349
89562: -140 -124 -499 358
89563: -140 -124 -500 367
89564: -140 -124 -501 376
89565: -140 -124 -502 385
89566: -140 -124 -503 394
89567: -140 -124 -504 403
89568: -140 -125 -577 331
89570: -140 -125 -579 349
89571: -140 -125 -580 358
89572: -140 -125 -581 367
89573: -140 -125 -582 376
89574: -140 -125 -583 385
89575: -140 -125 -584 394
89576: -140 -125 -585 403
89577: -140 -126 -658 331
89580: -140 -126 -661 358
89581: -140 -126 -662 367
89582: -140 -126 -663 376
89583: -140 -126 -664 385
89584: -140 -126 -665 394
89585: -140 -126 -666 403
89588: -149 -118 -12 350
89600: -149 -119 -96 377
89601: -149 -119 -97 386
89603: -149 -119 -99 404
89615: -149 -121 -255 350
89633: -149 -123 -417 350
89634: -149 -123 -418 359
89636: -149 -123 -420 377
89637: -149 -123 -421 386
89638: -149 -123 -422 395
89639: -149 -123 -423 404
89640: -149 -124 -496 332
89642: -149 -124 -498 350
89644: -149 -124 -500 368
89645: -149 -124 -501 377
89646: -149 -124 -502 386
89647: -149 -124 -503 395
89648: -149 -124 -504 404
89656: -149 -125 -584 395
89658: -149 -126 -658 332
89660: -149 -126 -660 350
89661: -149 -126 -661 359
89662: -149 -126 -662 368
89663: -149 -126 -663 377
89664: -149 -126 -664 386
89665: -149 -126 -665 395
89666: -149 -126 -666 404
89669: -158 -118 -12 351
89681: -158 -119 -96 378
89682: -158 -119 -97 387
89683: -158 -119 -98 396
89696: -158 -121 -255 351
89712: -158 -123 -415 333
89715: -158 -123 -418 360
89717: -158 -123 -420 378
89718: -158 -123 -421 387
89719: -158 -123 -422 396
89729: -158 -124 -504 405
89730: -158 -125 -577 333
89735: -158 -125 -582 378
89736: -158 -125 -583 387
89739: -158 -126 -658 333
89746: -158 -126 -665 396
89747: -158 -126 -666 405
89751: -167 -199 -22 352
89758: -167 -200 -101 334
89760: -167 -200 -103 352
89761: -167 -200 -104 361
89762: -167 -200 -105 370
89763: -167 -200 -106 379
89764: -167 -200 -107 388
89765: -167 -200 -108 397
89766: -167 -201 -181 325
89768: -167 -201 -183 343
89769: -167 -201 -184 352
89771: -167 -201 -186 370
89772: -167 -201 -187 379
89773: -167 -201 -188 388
89776: -167 -202 -263 334
89779: -167 -202 -266 361
89780: -167 -202 -267 370
89781: -167 -202 -268 379
89782: -167 -202 -269 388
89783: -167 -202 -270 397
89791: -167 -203 -350 388
89793: -167 -204 -424 325
89794: -167 -204 -425 334
89795: -167 -204 -426 343
89796: -167 -204 -427 352
89797: -167 -204 -428 361
89798: -167 -204 -429 370
89799: -167 -204 -430 379
89800: -167 -204 -431 388
89801: -167 -204 -432 397
89802: -167 -205 -505 325
89803: -167 -205 -506 334
89804: -167 -205 -507 343
89805: -167 -205 -508 352
89806: -167 -205 -509 361
89807: -167 -205 -510 370
89808: -167 -205 -511 379
89809: -167 -205 -512 388
89810: -167 -205 -513 397
89811: -167 -206 -586 325
89812: -167 -206 -587 334
89813: -167 -206 -588 343
89814: -167 -206 -589 352
89815: -167 -206 -590 361
89816: -167 -206 -591 370
89817: -167 -206 -592 379
89818: -167 -206 -593 388
89819: -167 -206 -594 397
89832: -176 -199 -22 353
89839: -176 -200 -101 335
89841: -176 -200 -103 353
89842: -176 -200 -104 362
89843: -176 -200 -105 371
89844: -176 -200 -106 380
89845: -176 -200 -107 389
89846: -176 -200 -108 398
89847: -176 -201 -181 326
89850: -176 -201 -184 353
89854: -176 -201 -188 389
89855: -176 -201 -189 398
89857: -176 -202 -263 335
89860: -176 -202 -266 362
89861: -176 -202 -267 371
89862: -176 -202 -268 380
89863: -176 -202 -269 389
89864: -176 -202 -270 398
89880: -176 -204 -430 380
89883: -176 -205 -505 326
89884: -176 -205 -506 335
89885: -176 -205 -507 344
89886: -176 -205 -508 353
89887: -176 -205 -509 362
89888: -176 -205 -510 371
89889: -176 -205 -511 380
89890: -176 -205 -512 389
89891: -176 -205 -513 398
89892: -176 -206 -586 326
89893: -176 -206 -587 335
89894: -176 -206 -588 344
89895: -176 -206 -589 353
89896: -176 -206 -590 362
89897: -176 -206 -591 371
89898: -176 -206 -592 380
89899: -176 -206 -593 389
89900: -176 -206 -594 398
89901: -176 -207 -667 326
89902: -176 -207 -668 335
89903: -176 -207 -669 344
89904: -176 -207 -670 353
89905: -176 -207 -671 362
89906: -176 -207 -672 371
89907: -176 -207 -673 380
89908: -176 -207 -674 389
89909: -176 -207 -675 398
89913: -185 -199 -22 354
89923: -185 -200 -104 363
89924: -185 -200 -105 372
89925: -185 -200 -106 381
89926: -185 -200 -107 390
89927: -185 -200 -108 399
89932: -185 -201 -185 363
89938: -185 -202 -263 336
89941: -185 -202 -266 363
89942: -185 -202 -267 372
89943: -185 -202 -268 381
89944: -185 -202 -269 390
89945: -185 -202 -270 399
89956: -185 -204 -425 336
89958: -185 -204 -427 354
89959: -185 -204 -428 363
89960: -185 -204 -429 372
89961: -185 -204 -430 381
89962: -185 -204 -431 390
89963: -185 -204 -432 399
89964: -185 -205 -505 327
89965: -185 -205 -506 336
89967: -185 -205 -508 354
89969: -185 -205 -510 372
89971: -185 -205 -512 390
89972: -185 -205 -513 399
89973: -185 -206 -586 327
89974: -185 -206 -587 336
89975: -185 -206 -588 345
89976: -185 -206 -589 354
89978: -185 -206 -591 372
89979: -185 -206 -592 381
89980: -185 -206 -593 390
89981: -185 -206 -594 399
89982: -185 -207 -667 327
89983: -185 -207 -668 336
89984: -185 -207 -669 345
89985: -185 -207 -670 354
89986: -185 -207 -671 363
89987: -185 -207 -672 372
89988: -185 -207 -673 381
89989: -185 -207 -674 390
89990: -185 -207 -675 399
89994: -194 -199 -22 355
90001: -194 -200 -101 337
90004: -194 -200 -104 364
90005: -194 -200 -105 373
90006: -194 -200 -106 382
90007: -194 -200 -107 391
90008: -194 -200 -108 400
90014: -194 -201 -186 373
90015: -194 -201 -187 382
90016: -194 -201 -188 391
90017: -194 -201 -189 400
90022: -194 -202 -266 364
90023: -194 -202 -267 373
90024: -194 -202 -268 382
90025: -194 -202 -269 391
90026: -194 -202 -270 400
90036: -194 -204 -424 328
90037: -194 -204 -425 337
90039: -194 -204 -427 355
90040: -194 -204 -428 364
90041: -194 -204 -429 373
90042: -194 -204 -430 382
90043: -194 -204 -431 391
90044: -194 -204 -432 400
90045: -194 -205 -505 328
90046: -194 -205 -506 337
90047: -194 -205 -507 346
90048: -194 -205 -508 355
90049: -194 -205 -509 364
90050: -194 -205 -510 373
90051: -194 -205 -511 382
90052: -194 -205 -512 391
90053: -194 -205 -513 400
90054: -194 -206 -586 328
90055: -194 -206 -587 337
90057: -194 -206 -589 355
90059: -194 -206 -591 373
90061: -194 -206 -593 391
90062: -194 -206 -594 400
90063: -194 -207 -667 328
90065: -194 -207 -669 346
90070: -194 -207 -674 391
90108: -203 -203 -343 329
90109: -203 -203 -344 338
90111: -203 -203 -346 356
90112: -203 -203 -347 365
90113: -203 -203 -348 374
90114: -203 -203 -349 383
90115: -203 -203 -350 392
90116: -203 -203 -351 401
90156: -212 -199 -22 357
90163: -212 -200 -101 339
90166: -212 -200 -104 366
90167: -212 -200 -105 375
90168: -212 -200 -106 384
90169: -212 -200 -107 393
90170: -212 -200 -108 402
90171: -212 -201 -181 330
90174: -212 -201 -184 357
90185: -212 -202 -267 375
90187: -212 -202 -269 393
90188: -212 -202 -270 402
90204: -212 -204 -430 384
90224: -212 -206 -594 402
90232: -212 -207 -674 393
90237: -221 -199 -22 358
90244: -221 -200 -101 340
90246: -221 -200 -103 358
90247: -221 -200 -104 367
90248: -221 -200 -105 376
90249: -221 -200 -106 385
90250: -221 -200 -107 394
90251: -221 -200 -108 403
90252: -221 -201 -181 331
90255: -221 -201 -184 358
90260: -221 -201 -189 403
90265: -221 -202 -266 367
90266: -221 -202 -267 376
90267: -221 -202 -268 385
90268: -221 -202 -269 394
90269: -221 -202 -270 403
90282: -221 -204 -427 358
90297: -221 -206 -586 331
90306: -221 -207 -667 331
90307: -221 -207 -668 340
90311: -221 -207 -672 376
90312: -221 -207 -673 385
90313: -221 -207 -674 394
90314: -221 -207 -675 403
90318: -230 -199 -22 359
90325: -230 -200 -101 341
90327: -230 -200 -103 359
90328: -230 -200 -104 368
90329: -230 -200 -105 377
90330: -230 -200 -106 386
90331: -230 -200 -107 395
90332: -230 -200 -108 404
90333: -230 -201 -181 332
90338: -230 -201 -186 377
90347: -230 -202 -267 377
90348: -230 -202 -268 386
90349: -230 -202 -269 395
90350: -230 -202 -270 404
90360: -230 -204 -424 332
90386: -230 -206 -594 404
90387: -230 -207 -667 332
90399: -239 -199 -22 360
90406: -239 -200 -101 342
90408: -239 -200 -103 360
90409: -239 -200 -104 369
90410: -239 -200 -105 378
90411: -239 -200 -106 387
90412: -239 -200 -107 396
90413: -239 -200 -108 405
90414: -239 -201 -181 333
90417: -239 -201 -184 360
90419: -239 -201 -186 378
90420: -239 -201 -187 387
90427: -239 -202 -266 369
90428: -239 -202 -267 378
90429: -239 -202 -268 387
90430: -239 -202 -269 396
90431: -239 -202 -270 405
90440: -239 -203 -351 405
90441: -239 -204 -424 333
90450: -239 -205 -505 333
90451: -239 -205 -506 342
90452: -239 -205 -507 351
90453: -239 -205 -508 360
90454: -239 -205 -509 369
90456: -239 -205 -511 387
90457: -239 -205 -512 396
90458: -239 -205 -513 405
90465: -239 -206 -592 387
90468: -239 -207 -667 333
90469: -239 -207 -668 342
90471: -239 -207 -670 360
90472: -239 -207 -671 369
90473: -239 -207 -672 378
90474: -239 -207 -673 387
90475: -239 -207 -674 396
90476: -239 -207 -675 405
90477: -248 -280 -28 325
90486: -248 -281 -109 325
90487: -248 -281 -110 334
90490: -248 -281 -113 361
90491: -248 -281 -114 370
90492: -248 -281 -115 379
90493: -248 -281 -116 388
90494: -248 -281 -117 397
90505: -248 -283 -272 334
90507: -248 -283 -274 352
90509: -248 -283 -276 370
90510: -248 -283 -277 379
90511: -248 -283 -278 388
90512: -248 -283 -279 397
90522: -248 -285 -433 325
90523: -248 -285 -434 334
90524: -248 -285 -435 343
90525: -248 -285 -436 352
90526: -248 -285 -437 361
90527: -248 -285 -438 370
90528: -248 -285 -439 379
90529: -248 -285 -440 388
90530: -248 -285 -441 397
90531: -248 -286 -514 325
90532: -248 -286 -515 334
90533: -248 -286 -516 343
90534: -248 -286 -517 352
90535: -248 -286 -518 361
90536: -248 -286 -519 370
90537: -248 -286 -520 379
90538: -248 -286 -521 388
90539: -248 -286 -522 397
90540: -248 -287 -595 325
90541: -248 -287 -596 334
90542: -248 -287 -597 343
90543: -248 -287 -598 352
90544: -248 -287 -599 361
90545: -248 -287 -600 370
90546: -248 -287 -601 379
90547: -248 -287 -602 388
90548: -248 -287 -603 397
90549: -248 -288 -676 325
90550: -248 -288 -677 334
90551: -248 -288 -678 343
90552: -248 -288 -679 352
90553: -248 -288 -680 361
90554: -248 -288 -681 370
90555: -248 -288 -682 379
90556: -248 -288 -683 388
90557: -248 -288 -684 397
90639: -266 -280 -28 327
90648: -266 -281 -109 327
90649: -266 -281 -110 336
90652: -266 -281 -113 363
90653: -266 -281 -114 372
90654: -266 -281 -115 381
90655: -266 -281 -116 390
90656: -266 -281 -117 399
90667: -266 -283 -272 336
90669: -266 -283 -274 354
90671: -266 -283 -276 372
90672: -266 -283 -277 381
90673: -266 -283 -278 390
90674: -266 -283 -279 399
90678: -266 -284 -355 354
90684: -266 -285 -433 327
90685: -266 -285 -434 336
90686: -266 -285 -435 345
90687: -266 -285 -436 354
90688: -266 -285 -437 363
90689: -266 -285 -438 372
90690: -266 -285 -439 381
90691: -266 -285 -440 390
90692: -266 -285 -441 399
90693: -266 -286 -514 327
90694: -266 -286 -515 336
90695: -266 -286 -516 345
90696: -266 -286 -517 354
90697: -266 -286 -518 363
90698: -266 -286 -519 372
90699: -266 -286 -520 381
90700: -266 -286 -521 390
90701: -266 -286 -522 399
90702: -266 -287 -595 327
90703: -266 -287 -596 336
90704: -266 -287 -597 345
90705: -266 -287 -598 354
90706: -266 -287 -599 363
90707: -266 -287 -600 372
90708: -266 -287 -601 381
90709: -266 -287 -602 390
90710: -266 -287 -603 399
90711: -266 -288 -676 327
90712: -266 -288 -677 336
90713: -266 -288 -678 345
90714: -266 -288 -679 354
90715: -266 -288 -680 363
90716: -266 -288 -681 372
90717: -266 -288 -682 381
90718: -266 -288 -683 390
90719: -266 -288 -684 399
90720: -275 -280 -28 328
90729: -275 -281 -109 328
90730: -275 -281 -110 337
90733: -275 -281 -113 364
90734: -275 -281 -114 373
90735: -275 -281 -115 382
90736: -275 -281 -116 391
90737: -275 -281 -117 400
90751: -275 -283 -275 364
90765: -275 -285 -433 328
90766: -275 -285 -434 337
90767: -275 -285 -435 346
90770: -275 -285 -438 373
90771: -275 -285 -439 382
90772: -275 -285 -440 391
90773: -275 -285 -441 400
90774: -275 -286 -514 328
90775: -275 -286 -515 337
90776: -275 -286 -516 346
90779: -275 -286 -519 373
90780: -275 -286 -520 382
90781: -275 -286 -521 391
90782: -275 -286 -522 400
90783: -275 -287 -595 328
90784: -275 -287 -596 337
90786: -275 -287 -598 355
90788: -275 -287 -600 373
90789: -275 -287 -601 382
90790: -275 -287 -602 391
90791: -275 -287 -603 400
90792: -275 -288 -676 328
90793: -275 -288 -677 337
90794: -275 -288 -678 346
90795: -275 -288 -679 355
90796: -275 -288 -680 364
90797: -275 -288 -681 373
90798: -275 -288 -682 382
90799: -275 -288 -683 391
90800: -275 -288 -684 400
90837: -284 -284 -352 329
90838: -284 -284 -353 338
90839: -284 -284 -354 347
90840: -284 -284 -355 356
90841: -284 -284 -356 365
90842: -284 -284 -357 374
90843: -284 -284 -358 383
90844: -284 -284 -359 392
90845: -284 -284 -360 401
90882: -293 -280 -28 330
90891: -293 -281 -109 330
90892: -293 -281 -110 339
90895: -293 -281 -113 366
90896: -293 -281 -114 375
90897: -293 -281 -115 384
90898: -293 -281 -116 393
90899: -293 -281 -117 402
90910: -293 -283 -272 339
90915: -293 -283 -277 384
90916: -293 -283 -278 393
90917: -293 -283 -279 402
90931: -293 -285 -437 366
90933: -293 -285 -439 384
90936: -293 -286 -514 330
90941: -293 -286 -519 375
90942: -293 -286 -520 384
90943: -293 -286 -521 393
90951: -293 -287 -601 384
90952: -293 -287 -602 393
90955: -293 -288 -677 339
90956: -293 -288 -678 348
90958: -293 -288 -680 366
90959: -293 -288 -681 375
90960: -293 -288 -682 384
90961: -293 -288 -683 393
90963: -302 -280 -28 331
90972: -302 -281 -109 331
90973: -302 -281 -110 340
90976: -302 -281 -113 367
90977: -302 -281 -114 376
90978: -302 -281 -115 385
90979: -302 -281 -116 394
90980: -302 -281 -117 403
90991: -302 -283 -272 340
90995: -302 -283 -276 376
90997: -302 -283 -278 394
90998: -302 -283 -279 403
91019: -302 -286 -516 349
91022: -302 -286 -519 376
91024: -302 -286 -521 394
91025: -302 -286 -522 403
91026: -302 -287 -595 331
91027: -302 -287 -596 340
91033: -302 -287 -602 394
91035: -302 -288 -676 331
91036: -302 -288 -677 340
91037: -302 -288 -678 349
91039: -302 -288 -680 367
91040: -302 -288 -681 376
91041: -302 -288 -682 385
91042: -302 -288 -683 394
91043: -302 -288 -684 403
91044: -311 -280 -28 332
91053: -311 -281 -109 332
91054: -311 -281 -110 341
91057: -311 -281 -113 368
91058: -311 -281 -114 377
91059: -311 -281 -115 386
91060: -311 -281 -116 395
91061: -311 -281 -117 404
91072: -311 -283 -272 341
91077: -311 -283 -277 386
91079: -311 -283 -279 404
91098: -311 -286 -514 332
91099: -311 -286 -515 341
91100: -311 -286 -516 350
91102: -311 -286 -518 368
91103: -311 -286 -519 377
91104: -311 -286 -520 386
91105: -311 -286 -521 395
91106: -311 -286 -522 404
91117: -311 -288 -677 341
91118: -311 -288 -678 350
91119: -311 -288 -679 359
91121: -311 -288 -681 377
91122: -311 -288 -682 386
91124: -311 -288 -684 404
91125: -320 -280 -28 333
91134: -320 -281 -109 333
91135: -320 -281 -110 342
91138: -320 -281 -113 369
91139: -320 -281 -114 378
91140: -320 -281 -115 387
91141: -320 -281 -116 396
91142: -320 -281 -117 405
91153: -320 -283 -272 342
91157: -320 -283 -276 378
91158: -320 -283 -277 387
91159: -320 -283 -278 396
91160: -320 -283 -279 405
91174: -320 -285 -437 369
91178: -320 -285 -441 405
91179: -320 -286 -514 333
91180: -320 -286 -515 342
91181: -320 -286 -516 351
91183: -320 -286 -518 369
91184: -320 -286 -519 378
91185: -320 -286 -520 387
91186: -320 -286 -521 396
91187: -320 -286 -522 405
91188: -320 -287 -595 333
91189: -320 -287 -596 342
91190: -320 -287 -597 351
91192: -320 -287 -599 369
91193: -320 -287 -600 378
91194: -320 -287 -601 387
91195: -320 -287 -602 396
91196: -320 -287 -603 405
91197: -320 -288 -676 333
91198: -320 -288 -677 342
91199: -320 -288 -678 351
91200: -320 -288 -679 360
91201: -320 -288 -680 369
91202: -320 -288 -681 378
91203: -320 -288 -682 387
91205: -320 -288 -684 405
91216: -329 -362 -119 334
91218: -329 -362 -121 352
91219: -329 -362 -122 361
91220: -329 -362 -123 370
91221: -329 -362 -124 379
91222: -329 -362 -125 388
91223: -329 -362 -126 397
91225: -329 -363 -200 334
91226: -329 -363 -201 343
91229: -329 -363 -204 370
91230: -329 -363 -205 379
91231: -329 -363 -206 388
91232: -329 -363 -207 397
91246: -329 -365 -365 361
91252: -329 -366 -443 334
91253: -329 -366 -444 343
91254: -329 -366 -445 352
91258: -329 -366 -449 388
91259: -329 -366 -450 397
91260: -329 -367 -523 325
91261: -329 -367 -524 334
91262: -329 -367 -525 343
91263: -329 -367 -526 352
91264: -329 -367 -527 361
91265: -329 -367 -528 370
91266: -329 -367 -529 379
91268: -329 -367 -531 397
91269: -329 -368 -604 325
91270: -329 -368 -605 334
91271: -329 -368 -606 343
91272: -329 -368 -607 352
91273: -329 -368 -608 361
91274: -329 -368 -609 370
91275: -329 -368 -610 379
91292: -338 -361 -42 371
91305: -338 -363 -199 326
91306: -338 -363 -200 335
91312: -338 -363 -206 389
91314: -338 -364 -280 326
91319: -338 -364 -285 371
91320: -338 -364 -286 380
91321: -338 -364 -287 389
91322: -338 -364 -288 398
91332: -338 -366 -442 326
91333: -338 -366 -443 335
91334: -338 -366 -444 344
91338: -338 -366 -448 380
91339: -338 -366 -449 389
91341: -338 -367 -523 326
91342: -338 -367 -524 335
91343: -338 -367 -525 344
91344: -338 -367 -526 353
91346: -338 -367 -528 371
91348: -338 -367 -530 389
91349: -338 -367 -531 398
91350: -338 -368 -604 326
91351: -338 -368 -605 335
91352: -338 -368 -606 344
91353: -338 -368 -607 353
91355: -338 -368 -609 371
91356: -338 -368 -610 380
91358: -338 -368 -612 398
91373: -347 -361 -42 372
91382: -347 -362 -123 372
91383: -347 -362 -124 381
91384: -347 -362 -125 390
91385: -347 -362 -126 399
91395: -347 -364 -280 327
91396: -347 -364 -281 336
91402: -347 -364 -287 390
91403: -347 -364 -288 399
91408: -347 -365 -365 363
91413: -347 -366 -442 327
91414: -347 -366 -443 336
91419: -347 -366 -448 381
91420: -347 -366 -449 390
91422: -347 -367 -523 327
91423: -347 -367 -524 336
91424: -347 -367 -525 345
91425: -347 -367 -526 354
91427: -347 -367 -528 372
91429: -347 -367 -530 390
91432: -347 -368 -605 336
91434: -347 -368 -607 354
91436: -347 -368 -609 372
91437: -347 -368 -610 381
91439: -347 -368 -612 399
91454: -356 -361 -42 373
91458: -356 -362 -118 328
91463: -356 -362 -123 373
91464: -356 -362 -124 382
91465: -356 -362 -125 391
91466: -356 -362 -126 400
91468: -356 -363 -200 337
91494: -356 -366 -442 328
91495: -356 -366 -443 337
91496: -356 -366 -444 346
91497: -356 -366 -445 355
91500: -356 -366 -448 382
91501: -356 -366 -449 391
91502: -356 -366 -450 400
91503: -356 -367 -523 328
91504: -356 -367 -524 337
91505: -356 -367 -525 346
91506: -356 -367 -526 355
91507: -356 -367 -527 364
91508: -356 -367 -528 373
91510: -356 -367 -530 391
91511: -356 -367 -531 400
91512: -356 -368 -604 328
91513: -356 -368 -605 337
91514: -356 -368 -606 346
91515: -356 -368 -607 355
91516: -356 -368 -608 364
91517: -356 -368 -609 373
91518: -356 -368 -610 382
91519: -356 -368 -611 391
91520: -356 -368 -612 400
91549: -365 -363 -200 338
91616: -374 -361 -42 375
91620: -374 -362 -118 330
91628: -374 -362 -126 402
91629: -374 -363 -199 330
91630: -374 -363 -200 339
91633: -374 -363 -203 366
91635: -374 -363 -205 384
91636: -374 -363 -206 393
91637: -374 -363 -207 402
91638: -374 -364 -280 330
91697: -383 -361 -42 376
91701: -383 -362 -118 331
91704: -383 -362 -121 358
91706: -383 -362 -123 376
91709: -383 -362 -126 403
91710: -383 -363 -199 331
91711: -383 -363 -200 340
91713: -383 -363 -202 358
91717: -383 -363 -206 394
91724: -383 -364 -285 376
91732: -383 -365 -365 367
91755: -383 -368 -604 331
91756: -383 -368 -605 340
91757: -383 -368 -606 349
91758: -383 -368 -607 358
91760: -383 -368 -609 376
91778: -392 -361 -42 377
91791: -392 -363 -199 332
91792: -392 -363 -200 341
91794: -392 -363 -202 359
91800: -392 -364 -280 332
91807: -392 -364 -287 395
91813: -392 -365 -365 368
91819: -392 -366 -443 341
91820: -392 -366 -444 350
91821: -392 -366 -445 359
91824: -392 -366 -448 386
91826: -392 -366 -450 404
91832: -392 -367 -528 377
91859: -401 -361 -42 378
91863: -401 -362 -118 333
91866: -401 -362 -121 360
91868: -401 -362 -123 378
91870: -401 -362 -125 396
91872: -401 -363 -199 333
91873: -401 -363 -200 342
91875: -401 -363 -202 360
91878: -401 -363 -205 387
91879: -401 -363 -206 396
91881: -401 -364 -280 333
91888: -401 -364 -287 396
91889: -401 -364 -288 405
91901: -401 -366 -444 351
91920: -401 -368 -607 360
91923: -401 -368 -610 387
92022: -419 -442 -52 380
92025: -419 -443 -127 326
92028: -419 -443 -130 353
92034: -419 -444 -208 326
92035: -419 -444 -209 335
92043: -419 -445 -289 326
92044: -419 -445 -290 335
92048: -419 -445 -294 371
92064: -419 -447 -454 353
92070: -419 -448 -532 326
92071: -419 -448 -533 335
92073: -419 -448 -535 353
92074: -419 -448 -536 362
92075: -419 -448 -537 371
92078: -419 -448 -540 398
92079: -419 -449 -613 326
92095: -419 -450 -701 389
92103: -428 -442 -52 381
92106: -428 -443 -127 327
92107: -428 -443 -128 336
92109: -428 -443 -130 354
92110: -428 -443 -131 363
92111: -428 -443 -132 372
92113: -428 -443 -134 390
92114: -428 -443 -135 399
92115: -428 -444 -208 327
92116: -428 -444 -209 336
92117: -428 -444 -210 345
92118: -428 -444 -211 354
92120: -428 -444 -213 372
92121: -428 -444 -214 381
92124: -428 -445 -289 327
92127: -428 -445 -292 354
92142: -428 -447 -451 327
92148: -428 -447 -457 381
92149: -428 -447 -458 390
92150: -428 -447 -459 399
92151: -428 -448 -532 327
92152: -428 -448 -533 336
92154: -428 -448 -535 354
92155: -428 -448 -536 363
92156: -428 -448 -537 372
92157: -428 -448 -538 381
92158: -428 -448 -539 390
92159: -428 -448 -540 399
92160: -428 -449 -613 327
92166: -428 -449 -619 381
92169: -428 -450 -694 327
92171: -428 -450 -696 345
92184: -437 -442 -52 382
92187: -437 -443 -127 328
92188: -437 -443 -128 337
92190: -437 -443 -130 355
92191: -437 -443 -131 364
92192: -437 -443 -132 373
92193: -437 -443 -133 382
92194: -437 -443 -134 391
92195: -437 -443 -135 400
92196: -437 -444 -208 328
92198: -437 -444 -210 346
92199: -437 -444 -211 355
92200: -437 -444 -212 364
92204: -437 -444 -216 400
92205: -437 -445 -289 328
92206: -437 -445 -290 337
92208: -437 -445 -292 355
92211: -437 -445 -295 382
92212: -437 -445 -296 391
92223: -437 -447 -451 328
92224: -437 -447 -452 337
92225: -437 -447 -453 346
92230: -437 -447 -458 391
92231: -437 -447 -459 400
92232: -437 -448 -532 328
92233: -437 -448 -533 337
92234: -437 -448 -534 346
92235: -437 -448 -535 355
92236: -437 -448 -536 364
92237: -437 -448 -537 373
92238: -437 -448 -538 382
92239: -437 -448 -539 391
92240: -437 -448 -540 400
92245: -437 -449 -617 364
92250: -437 -450 -694 328
92257: -437 -450 -701 391
92277: -446 -444 -208 329
92295: -446 -446 -370 329
92296: -446 -446 -371 338
92297: -446 -446 -372 347
92298: -446 -446 -373 356
92299: -446 -446 -374 365
92301: -446 -446 -376 383
92302: -446 -446 -377 392
92303: -446 -446 -378 401
92304: -446 -447 -451 329
92427: -464 -442 -52 385
92430: -464 -443 -127 331
92431: -464 -443 -128 340
92433: -464 -443 -130 358
92435: -464 -443 -132 376
92436: -464 -443 -133 385
92437: -464 -443 -134 394
92438: -464 -443 -135 403
92439: -464 -444 -208 331
92440: -464 -444 -209 340
92441: -464 -444 -210 349
92442: -464 -444 -211 358
92443: -464 -444 -212 367
92444: -464 -444 -213 376
92445: -464 -444 -214 385
92446: -464 -444 -215 394
92447: -464 -444 -216 403
92448: -464 -445 -289 331
92456: -464 -445 -297 403
92467: -464 -447 -452 340
92468: -464 -447 -453 349
92469: -464 -447 -454 358
92472: -464 -447 -457 385
92473: -464 -447 -458 394
92474: -464 -447 -459 403
92475: -464 -448 -532 331
92493: -464 -450 -694 331
92500: -464 -450 -701 394
92508: -473 -442 -52 386
92511: -473 -443 -127 332
92512: -473 -443 -128 341
92520: -473 -444 -208 332
92521: -473 -444 -209 341
92522: -473 -444 -210 350
92523: -473 -444 -211 359
92530: -473 -445 -290 341
92532: -473 -445 -292 359
92547: -473 -447 -451 332
92559: -473 -448 -535 359
92561: -473 -448 -537 377
92563: -473 -448 -539 395
92564: -473 -448 -540 404
92565: -473 -449 -613 332
92574: -473 -450 -694 332
92581: -473 -450 -701 395
92589: -482 -442 -52 387
92592: -482 -443 -127 333
92593: -482 -443 -128 342
92595: -482 -443 -130 360
92596: -482 -443 -131 369
92597: -482 -443 -132 378
92598: -482 -443 -133 387
92599: -482 -443 -134 396
92600: -482 -443 -135 405
92601: -482 -444 -208 333
92602: -482 -444 -209 342
92603: -482 -444 -210 351
92604: -482 -444 -211 360
92605: -482 -444 -212 369
92606: -482 -444 -213 378
92607: -482 -444 -214 387
92608: -482 -444 -215 396
92609: -482 -444 -216 405
92610: -482 -445 -289 333
92611: -482 -445 -290 342
92613: -482 -445 -292 360
92614: -482 -445 -293 369
92615: -482 -445 -294 378
92616: -482 -445 -295 387
92617: -482 -445 -296 396
92618: -482 -445 -297 405
92628: -482 -447 -451 333
92629: -482 -447 -452 342
92630: -482 -447 -453 351
92631: -482 -447 -454 360
92634: -482 -447 -457 387
92635: -482 -447 -458 396
92636: -482 -447 -459 405
92637: -482 -448 -532 333
92638: -482 -448 -533 342
92639: -482 -448 -534 351
92640: -482 -448 -535 360
92641: -482 -448 -536 369
92642: -482 -448 -537 378
92643: -482 -448 -538 387
92645: -482 -448 -540 405
92646: -482 -449 -613 333
92647: -482 -449 -614 342
92648: -482 -449 -615 351
92649: -482 -449 -616 360
92650: -482 -449 -617 369
92651: -482 -449 -618 378
92653: -482 -449 -620 396
92654: -482 -449 -621 405
92655: -482 -450 -694 333
92662: -482 -450 -701 396
92671: -491 -523 -62 388
92673: -491 -524 -136 325
92674: -491 -524 -137 334
92676: -491 -524 -139 352
92678: -491 -524 -141 370
92681: -491 -524 -144 397
92682: -491 -525 -217 325
92683: -491 -525 -218 334
92685: -491 -525 -220 352
92689: -491 -525 -224 388
92691: -491 -526 -298 325
92692: -491 -526 -299 334
92694: -491 -526 -301 352
92695: -491 -526 -302 361
92696: -491 -526 -303 370
92697: -491 -526 -304 379
92709: -491 -528 -460 325
92711: -491 -528 -462 343
92718: -491 -529 -541 325
92719: -491 -529 -542 334
92720: -491 -529 -543 343
92721: -491 -529 -544 352
92726: -491 -529 -549 397
92727: -491 -530 -622 325
92728: -491 -530 -623 334
92729: -491 -530 -624 343
92730: -491 -530 -625 352
92731: -491 -530 -626 361
92732: -491 -530 -627 370
92733: -491 -530 -628 379
92734: -491 -530 -629 388
92736: -491 -531 -703 325
92743: -491 -531 -710 388
92752: -500 -523 -62 389
92754: -500 -524 -136 326
92758: -500 -524 -140 362
92763: -500 -525 -217 326
92764: -500 -525 -218 335
92766: -500 -525 -220 353
92772: -500 -526 -298 326
92780: -500 -526 -306 398
92793: -500 -528 -463 353
92797: -500 -528 -467 389
92798: -500 -528 -468 398
92806: -500 -529 -548 389
92824: -500 -531 -710 389
92833: -509 -523 -62 390
92835: -509 -524 -136 327
92836: -509 -524 -137 336
92838: -509 -524 -139 354
92839: -509 -524 -140 363
92840: -509 -524 -141 372
92841: -509 -524 -142 381
92842: -509 -524 -143 390
92843: -509 -524 -144 399
92844: -509 -525 -217 327
92845: -509 -525 -218 336
92846: -509 -525 -219 345
92847: -509 -525 -220 354
92848: -509 -525 -221 363
92849: -509 -525 -222 372
92851: -509 -525 -224 390
92852: -509 -525 -225 399
92853: -509 -526 -298 327
92857: -509 -526 -302 363
92859: -509 -526 -304 381
92871: -509 -528 -460 327
92872: -509 -528 -461 336
92874: -509 -528 -463 354
92875: -509 -528 -464 363
92876: -509 -528 -465 372
92877: -509 -528 -466 381
92878: -509 -528 -467 390
92879: -509 -528 -468 399
92880: -509 -529 -541 327
92887: -509 -529 -548 390
92889: -509 -530 -622 327
92891: -509 -530 -624 345
92898: -509 -531 -703 327
92899: -509 -531 -704 336
92905: -509 -531 -710 390
92914: -518 -523 -62 391
92916: -518 -524 -136 328
92917: -518 -524 -137 337
92919: -518 -524 -139 355
92920: -518 -524 -140 364
92921: -518 -524 -141 373
92922: -518 -524 -142 382
92923: -518 -524 -143 391
92924: -518 -524 -144 400
92925: -518 -525 -217 328
92926: -518 -525 -218 337
92927: -518 -525 -219 346
92929: -518 -525 -221 364
92930: -518 -525 -222 373
92931: -518 -525 -223 382
92932: -518 -525 -224 391
92933: -518 -525 -225 400
92934: -518 -526 -298 328
92935: -518 -526 -299 337
92937: -518 -526 -301 355
92939: -518 -526 -303 373
92941: -518 -526 -305 391
92942: -518 -526 -306 400
92952: -518 -528 -460 328
92953: -518 -528 -461 337
92954: -518 -528 -462 346
92955: -518 -528 -463 355
92956: -518 -528 -464 364
92957: -518 -528 -465 373
92958: -518 -528 -466 382
92959: -518 -528 -467 391
92960: -518 -528 -468 400
92961: -518 -529 -541 328
92962: -518 -529 -542 337
92963: -518 -529 -543 346
92964: -518 -529 -544 355
92968: -518 -529 -548 391
92969: -518 -529 -549 400
92970: -518 -530 -622 328
92979: -518 -531 -703 328
92986: -518 -531 -710 391
93024: -527 -527 -379 329
93025: -527 -527 -380 338
93026: -527 -527 -381 347
93027: -527 -527 -382 356
93028: -527 -527 -383 365
93029: -527 -527 -384 374
93030: -527 -527 -385 383
93031: -527 -527 -386 392
93032: -527 -527 -387 401
93076: -536 -523 -62 393
93078: -536 -524 -136 330
93082: -536 -524 -140 366
93086: -536 -524 -144 402
93087: -536 -525 -217 330
93130: -536 -529 -548 393
93157: -545 -523 -62 394
93159: -545 -524 -136 331
93160: -545 -524 -137 340
93162: -545 -524 -139 358
93163: -545 -524 -140 367
93164: -545 -524 -141 376
93166: -545 -524 -143 394
93168: -545 -525 -217 331
93169: -545 -525 -218 340
93171: -545 -525 -220 358
93172: -545 -525 -221 367
93173: -545 -525 -222 376
93175: -545 -525 -224 394
93176: -545 -525 -225 403
93178: -545 -526 -299 340
93180: -545 -526 -301 358
93182: -545 -526 -303 376
93183: -545 -526 -304 385
93184: -545 -526 -305 394
93185: -545 -526 -306 403
93195: -545 -528 -460 331
93196: -545 -528 -461 340
93197: -545 -528 -462 349
93198: -545 -528 -463 358
93199: -545 -528 -464 367
93200: -545 -528 -465 376
93203: -545 -528 -468 403
93208: -545 -529 -545 367
93214: -545 -530 -623 340
93215: -545 -530 -624 349
93216: -545 -530 -625 358
93218: -545 -530 -627 376
93219: -545 -530 -628 385
93220: -545 -530 -629 394
93221: -545 -530 -630 403
93222: -545 -531 -703 331
93229: -545 -531 -710 394
93238: -554 -523 -62 395
93240: -554 -524 -136 332
93243: -554 -524 -139 359
93247: -554 -524 -143 395
93250: -554 -525 -218 341
93252: -554 -525 -220 359
93258: -554 -526 -298 332
93292: -554 -529 -548 395
93319: -563 -523 -62 396
93321: -563 -524 -136 333
93325: -563 -524 -140 369
93328: -563 -524 -143 396
93330: -563 -525 -217 333
93331: -563 -525 -218 342
93332: -563 -525 -219 351
93333: -563 -525 -220 360
93334: -563 -525 -221 369
93339: -563 -526 -298 333
93347: -563 -526 -306 405
93357: -563 -528 -460 333
93358: -563 -528 -461 342
93359: -563 -528 -462 351
93360: -563 -528 -463 360
93361: -563 -528 -464 369
93362: -563 -528 -465 378
93363: -563 -528 -466 387
93364: -563 -528 -467 396
93365: -563 -528 -468 405
93367: -563 -529 -542 342
93368: -563 -529 -543 351
93369: -563 -529 -544 360
93373: -563 -529 -548 396
93375: -563 -530 -622 333
93381: -563 -530 -628 387
93384: -563 -531 -703 333
93389: -563 -531 -708 378
93391: -563 -531 -710 396
93401: -572 -604 -72 397
93402: -572 -605 -145 325
93403: -572 -605 -146 334
93405: -572 -605 -148 352
93406: -572 -605 -149 361
93407: -572 -605 -150 370
93408: -572 -605 -151 379
93409: -572 -605 -152 388
93410: -572 -605 -153 397
93411: -572 -606 -226 325
93412: -572 -606 -227 334
93413: -572 -606 -228 343
93414: -572 -606 -229 352
93415: -572 -606 -230 361
93416: -572 -606 -231 370
93417: -572 -606 -232 379
93418: -572 -606 -233 388
93419: -572 -606 -234 397
93420: -572 -607 -307 325
93421: -572 -607 -308 334
93423: -572 -607 -310 352
93424: -572 -607 -311 361
93425: -572 -607 -312 370
93426: -572 -607 -313 379
93438: -572 -609 -469 325
93439: -572 -609 -470 334
93440: -572 -609 -471 343
93441: -572 -609 -472 352
93442: -572 -609 -473 361
93443: -572 -609 -474 370
93445: -572 -609 -476 388
93446: -572 -609 -477 397
93447: -572 -610 -550 325
93448: -572 -610 -551 334
93449: -572 -610 -552 343
93450: -572 -610 -553 352
93451: -572 -610 -554 361
93453: -572 -610 -556 379
93454: -572 -610 -557 388
93456: -572 -611 -631 325
93457: -572 -611 -632 334
93458: -572 -611 -633 343
93459: -572 -611 -634 352
93460: -572 -611 -635 361
93461: -572 -611 -636 370
93466: -572 -612 -713 334
93467: -572 -612 -714 343
93468: -572 -612 -715 352
93471: -572 -612 -718 379
93472: -572 -612 -719 388
93482: -581 -604 -72 398
93483: -581 -605 -145 326
93484: -581 -605 -146 335
93488: -581 -605 -150 371
93490: -581 -605 -152 389
93492: -581 -606 -226 326
93493: -581 -606 -227 335
93496: -581 -606 -230 362
93500: -581 -606 -234 398
93501: -581 -607 -307 326
93519: -581 -609 -469 326
93520: -581 -609 -470 335
93526: -581 -609 -476 389
93528: -581 -610 -550 326
93530: -581 -610 -552 344
93553: -581 -612 -719 389
93563: -590 -604 -72 399
93564: -590 -605 -145 327
93565: -590 -605 -146 336
93567: -590 -605 -148 354
93568: -590 -605 -149 363
93569: -590 -605 -150 372
93572: -590 -605 -153 399
93573: -590 -606 -226 327
93574: -590 -606 -227 336
93575: -590 -606 -228 345
93576: -590 -606 -229 354
93577: -590 -606 -230 363
93578: -590 -606 -231 372
93581: -590 -606 -234 399
93582: -590 -607 -307 327
93583: -590 -607 -308 336
93585: -590 -607 -310 354
93586: -590 -607 -311 363
93587: -590 -607 -312 372
93588: -590 -607 -313 381
93590: -590 -607 -315 399
93608: -590 -609 -477 399
93609: -590 -610 -550 327
93610: -590 -610 -551 336
93611: -590 -610 -552 345
93612: -590 -610 -553 354
93613: -590 -610 -554 363
93614: -590 -610 -555 372
93615: -590 -610 -556 381
93616: -590 -610 -557 390
93617: -590 -610 -558 399
93619: -590 -611 -632 336
93621: -590 -611 -634 354
93623: -590 -611 -636 372
93626: -590 -611 -639 399
93628: -590 -612 -713 336
93644: -599 -604 -72 400
93645: -599 -605 -145 328
93646: -599 -605 -146 337
93648: -599 -605 -148 355
93649: -599 -605 -149 364
93650: -599 -605 -150 373
93651: -599 -605 -151 382
93652: -599 -605 -152 391
93654: -599 -606 -226 328
93655: -599 -606 -227 337
93656: -599 -606 -228 346
93657: -599 -606 -229 355
93658: -599 -606 -230 364
93659: -599 -606 -231 373
93660: -599 -606 -232 382
93663: -599 -607 -307 328
93664: -599 -607 -308 337
93666: -599 -607 -310 355
93668: -599 -607 -312 373
93669: -599 -607 -313 382
93671: -599 -607 -315 400
93681: -599 -609 -469 328
93690: -599 -610 -550 328
93691: -599 -610 -551 337
93692: -599 -610 -552 346
93693: -599 -610 -553 355
93694: -599 -610 -554 364
93695: -599 -610 -555 373
93696: -599 -610 -556 382
93697: -599 -610 -557 391
93698: -599 -610 -558 400
93699: -599 -611 -631 328
93702: -599 -611 -634 355
93709: -599 -612 -713 337
93710: -599 -612 -714 346
93711: -599 -612 -715 355
93712: -599 -612 -716 364
93713: -599 -612 -717 373
93714: -599 -612 -718 382
93715: -599 -612 -719 391
93716: -599 -612 -720 400
93753: -608 -608 -388 329
93754: -608 -608 -389 338
93755: -608 -608 -390 347
93756: -608 -608 -391 356
93757: -608 -608 -392 365
93758: -608 -608 -393 374
93759: -608 -608 -394 383
93761: -608 -608 -396 401
93806: -617 -604 -72 402
93854: -617 -610 -552 348
93887: -626 -604 -72 403
93888: -626 -605 -145 331
93891: -626 -605 -148 358
93893: -626 -605 -150 376
93894: -626 -605 -151 385
93897: -626 -606 -226 331
93898: -626 -606 -227 340
93906: -626 -607 -307 331
93935: -626 -610 -552 349
93958: -626 -612 -719 394
93968: -635 -604 -72 404
93969: -635 -605 -145 332
93973: -635 -605 -149 368
93974: -635 -605 -150 377
93975: -635 -605 -151 386
93978: -635 -606 -226 332
93979: -635 -606 -227 341
93981: -635 -606 -229 359
93987: -635 -607 -307 332
93988: -635 -607 -308 341
93990: -635 -607 -310 359
93992: -635 -607 -312 377
93993: -635 -607 -313 386
93995: -635 -607 -315 404
94006: -635 -609 -470 341
94007: -635 -609 -471 350
94008: -635 -609 -472 359
94012: -635 -609 -476 395
94014: -635 -610 -550 332
94015: -635 -610 -551 341
94016: -635 -610 -552 350
94017: -635 -610 -553 359
94018: -635 -610 -554 368
94019: -635 -610 -555 377
94020: -635 -610 -556 386
94021: -635 -610 -557 395
94022: -635 -610 -558 404
94027: -635 -611 -635 368
94039: -635 -612 -719 395
94049: -644 -604 -72 405
94050: -644 -605 -145 333
94059: -644 -606 -226 333
94062: -644 -606 -229 360
94068: -644 -607 -307 333
94095: -644 -610 -550 333
94097: -644 -610 -552 351
94098: -644 -610 -553 360
94104: -644 -611 -631 333
94105: -644 -611 -632 342
94106: -644 -611 -633 351
94107: -644 -611 -634 360
94109: -644 -611 -636 378
94126: -653 -685 -77 361
94131: -653 -686 -154 325
94132: -653 -686 -155 334
94134: -653 -686 -157 352
94135: -653 -686 -158 361
94136: -653 -686 -159 370
94137: -653 -686 -160 379
94138: -653 -686 -161 388
94140: -653 -687 -235 325
94141: -653 -687 -236 334
94143: -653 -687 -238 352
94145: -653 -687 -240 370
94146: -653 -687 -241 379
94147: -653 -687 -242 388
94149: -653 -688 -316 325
94150: -653 -688 -317 334
94152: -653 -688 -319 352
94153: -653 -688 -320 361
94154: -653 -688 -321 370
94155: -653 -688 -322 379
94156: -653 -688 -323 388
94167: -653 -690 -478 325
94168: -653 -690 -479 334
94169: -653 -690 -480 343
94170: -653 -690 -481 352
94171: -653 -690 -482 361
94172: -653 -690 -483 370
94173: -653 -690 -484 379
94174: -653 -690 -485 388
94176: -653 -691 -559 325
94177: -653 -691 -560 334
94178: -653 -691 -561 343
94179: -653 -691 -562 352
94180: -653 -691 -563 361
94181: -653 -691 -564 370
94182: -653 -691 -565 379
94183: -653 -691 -566 388
94185: -653 -692 -640 325
94186: -653 -692 -641 334
94187: -653 -692 -642 343
94188: -653 -692 -643 352
94189: -653 -692 -644 361
94190: -653 -692 -645 370
94192: -653 -692 -647 388
94193: -653 -692 -648 397
94195: -653 -693 -722 334
94196: -653 -693 -723 343
94199: -653 -693 -726 370
94200: -653 -693 -727 379
94207: -662 -685 -77 362
94217: -662 -686 -159 371
94218: -662 -686 -160 380
94221: -662 -687 -235 326
94224: -662 -687 -238 353
94230: -662 -688 -316 326
94238: -662 -688 -324 398
94260: -662 -691 -562 353
94268: -662 -692 -642 344
94269: -662 -692 -643 353
94278: -662 -693 -724 353
94288: -671 -685 -77 363
94293: -671 -686 -154 327
94296: -671 -686 -157 354
94302: -671 -687 -235 327
94303: -671 -687 -236 336
94304: -671 -687 -237 345
94305: -671 -687 -238 354
94306: -671 -687 -239 363
94307: -671 -687 -240 372
94308: -671 -687 -241 381
94311: -671 -688 -316 327
94312: -671 -688 -317 336
94314: -671 -688 -319 354
94319: -671 -688 -324 399
94341: -671 -691 -562 354
94348: -671 -692 -641 336
94349: -671 -692 -642 345
94350: -671 -692 -643 354
94352: -671 -692 -645 372
94354: -671 -692 -647 390
94355: -671 -692 -648 399
94361: -671 -693 -726 372
94369: -680 -685 -77 364
94374: -680 -686 -154 328
94375: -680 -686 -155 337
94377: -680 -686 -157 355
94378: -680 -686 -158 364
94379: -680 -686 -159 373
94380: -680 -686 -160 382
94381: -680 -686 -161 391
94382: -680 -686 -162 400
94383: -680 -687 -235 328
94384: -680 -687 -236 337
94385: -680 -687 -237 346
94389: -680 -687 -241 382
94392: -680 -688 -316 328
94393: -680 -688 -317 337
94395: -680 -688 -319 355
94396: -680 -688 -320 364
94398: -680 -688 -322 382
94399: -680 -688 -323 391
94410: -680 -690 -478 328
94419: -680 -691 -559 328
94422: -680 -691 -562 355
94424: -680 -691 -564 373
94425: -680 -691 -565 382
94428: -680 -692 -640 328
94429: -680 -692 -641 337
94430: -680 -692 -642 346
94431: -680 -692 -643 355
94433: -680 -692 -645 373
94436: -680 -692 -648 400
94456: -689 -686 -155 338
94482: -689 -689 -397 329
94483: -689 -689 -398 338
94484: -689 -689 -399 347
94485: -689 -689 -400 356
94486: -689 -689 -401 365
94487: -689 -689 -402 374
94488: -689 -689 -403 383
94531: -698 -685 -77 366
94545: -698 -687 -235 330
94554: -698 -688 -316 330
94572: -698 -690 -478 330
94593: -698 -692 -643 357
94596: -698 -692 -646 384
94612: -707 -685 -77 367
94618: -707 -686 -155 340
94622: -707 -686 -159 376
94623: -707 -686 -160 385
94626: -707 -687 -235 331
94627: -707 -687 -236 340
94635: -707 -688 -316 331
94641: -707 -688 -322 385
94663: -707 -691 -560 340
94667: -707 -691 -564 376
94674: -707 -692 -643 358
94693: -716 -685 -77 368
94707: -716 -687 -235 332
94712: -716 -687 -240 377
94774: -725 -685 -77 369
94779: -725 -686 -154 333
94782: -725 -686 -157 360
94788: -725 -687 -235 333
94789: -725 -687 -236 342
94797: -725 -688 -316 333
94798: -725 -688 -317 342
94800: -725 -688 -319 360
94801: -725 -688 -320 369
94802: -725 -688 -321 378
94803: -725 -688 -322 387
94804: -725 -688 -323 396
94815: -725 -690 -478 333
94816: -725 -690 -479 342
94824: -725 -691 -559 333
94834: -725 -692 -641 342
94835: -725 -692 -642 351
94836: -725 -692 -643 360
94838: -725 -692 -645 378
94839: -725 -692 -646 387
94840: -725 -692 -647 396
94846: -725 -693 -725 369
95230: -42 -52 -488 419
95231: -42 -52 -489 428
95232: -42 -52 -490 437
95233: -42 -52 -491 446
95234: -42 -52 -492 455
95235: -42 -52 -493 464
95236: -42 -52 -494 473
95237: -42 -52 -495 482
95663: -96 -127 -12 425
95675: -96 -128 -96 452
95690: -96 -130 -255 425
95697: -96 -131 -334 407
95699: -96 -131 -336 425
95700: -96 -131 -337 434
95701: -96 -131 -338 443
95702: -96 -131 -339 452
95703: -96 -131 -340 461
95704: -96 -131 -341 470
95717: -96 -133 -498 425
95718: -96 -133 -499 434
95719: -96 -133 -500 443
95721: -96 -133 -502 461
95722: -96 -133 -503 470
95723: -96 -133 -504 479
95726: -96 -134 -579 425
95730: -96 -134 -583 461
95731: -96 -134 -584 470
95732: -96 -134 -585 479
95733: -96 -135 -658 407
95736: -96 -135 -661 434
95739: -96 -135 -664 461
95740: -96 -135 -665 470
95744: -105 -127 -12 426
95754: -105 -128 -94 435
95757: -105 -128 -97 462
95758: -105 -128 -98 471
95759: -105 -128 -99 480
95771: -105 -130 -255 426
95778: -105 -131 -334 408
95779: -105 -131 -335 417
95780: -105 -131 -336 426
95781: -105 -131 -337 435
95782: -105 -131 -338 444
95783: -105 -131 -339 453
95784: -105 -131 -340 462
95785: -105 -131 -341 471
95786: -105 -131 -342 480
95796: -105 -133 -496 408
95798: -105 -133 -498 426
95799: -105 -133 -499 435
95800: -105 -133 -500 444
95801: -105 -133 -501 453
95802: -105 -133 -502 462
95803: -105 -133 -503 471
95804: -105 -133 -504 480
95805: -105 -134 -577 408
95806: -105 -134 -578 417
95807: -105 -134 -579 426
95808: -105 -134 -580 435
95809: -105 -134 -581 444
95810: -105 -134 -582 453
95811: -105 -134 -583 462
95812: -105 -134 -584 471
95813: -105 -134 -585 480
95814: -105 -135 -658 408
95815: -105 -135 -659 417
95816: -105 -135 -660 426
95817: -105 -135 -661 435
95818: -105 -135 -662 444
95819: -105 -135 -663 453
95820: -105 -135 -664 462
95821: -105 -135 -665 471
95822: -105 -135 -666 480
95825: -114 -127 -12 427
95836: -114 -128 -95 445
95838: -114 -128 -97 463
95839: -114 -128 -98 472
95840: -114 -128 -99 481
95852: -114 -130 -255 427
95859: -114 -131 -334 409
95860: -114 -131 -335 418
95861: -114 -131 -336 427
95862: -114 -131 -337 436
95863: -114 -131 -338 445
95864: -114 -131 -339 454
95865: -114 -131 -340 463
95866: -114 -131 -341 472
95877: -114 -133 -496 409
95884: -114 -133 -503 472
95886: -114 -134 -577 409
95889: -114 -134 -580 436
95890: -114 -134 -581 445
95892: -114 -134 -583 463
95894: -114 -134 -585 481
95895: -114 -135 -658 409
95896: -114 -135 -659 418
95897: -114 -135 -660 427
95898: -114 -135 -661 436
95899: -114 -135 -662 445
95900: -114 -135 -663 454
95901: -114 -135 -664 463
95902: -114 -135 -665 472
95903: -114 -135 -666 481
95906: -123 -127 -12 428
95919: -123 -128 -97 464
95920: -123 -128 -98 473
95921: -123 -128 -99 482
95933: -123 -130 -255 428
95940: -123 -131 -334 410
95948: -123 -131 -342 482
95958: -123 -133 -496 410
95961: -123 -133 -499 437
95964: -123 -133 -502 464
95965: -123 -133 -503 473
95966: -123 -133 -504 482
95967: -123 -134 -577 410
95968: -123 -134 -578 419
95969: -123 -134 -579 428
95970: -123 -134 -580 437
95971: -123 -134 -581 446
95972: -123 -134 -582 455
95973: -123 -134 -583 464
95974: -123 -134 -584 473
95975: -123 -134 -585 482
95976: -123 -135 -658 410
95977: -123 -135 -659 419
95979: -123 -135 -661 437
95980: -123 -135 -662 446
95981: -123 -135 -663 455
95982: -123 -135 -664 464
95983: -123 -135 -665 473
95984: -123 -135 -666 482
96014: -132 -130 -255 429
96030: -132 -132 -415 411
96032: -132 -132 -417 429
96033: -132 -132 -418 438
96034: -132 -132 -419 447
96035: -132 -132 -420 456
96036: -132 -132 -421 465
96037: -132 -132 -422 474
96038: -132 -132 -423 483
96068: -141 -127 -12 430
96083: -141 -128 -99 484
96095: -141 -130 -255 430
96102: -141 -131 -334 412
96103: -141 -131 -335 421
96105: -141 -131 -337 439
96106: -141 -131 -338 448
96107: -141 -131 -339 457
96108: -141 -131 -340 466
96109: -141 -131 -341 475
96110: -141 -131 -342 484
96120: -141 -133 -496 412
96121: -141 -133 -497 421
96123: -141 -133 -499 439
96124: -141 -133 -500 448
96125: -141 -133 -501 457
96126: -141 -133 -502 466
96127: -141 -133 -503 475
96128: -141 -133 -504 484
96131: -141 -134 -579 430
96133: -141 -134 -581 448
96135: -141 -134 -583 466
96137: -141 -134 -585 484
96138: -141 -135 -658 412
96141: -141 -135 -661 439
96142: -141 -135 -662 448
96144: -141 -135 -664 466
96145: -141 -135 -665 475
96149: -150 -127 -12 431
96160: -150 -128 -95 449
96163: -150 -128 -98 476
96176: -150 -130 -255 431
96183: -150 -131 -334 413
96191: -150 -131 -342 485
96203: -150 -133 -498 431
96204: -150 -133 -499 440
96206: -150 -133 -501 458
96208: -150 -133 -503 476
96219: -150 -135 -658 413
96221: -150 -135 -660 431
96222: -150 -135 -661 440
96223: -150 -135 -662 449
96225: -150 -135 -664 467
96226: -150 -135 -665 476
96227: -150 -135 -666 485
96230: -159 -127 -12 432
96241: -159 -128 -95 450
96243: -159 -128 -97 468
96257: -159 -130 -255 432
96264: -159 -131 -334 414
96265: -159 -131 -335 423
96266: -159 -131 -336 432
96267: -159 -131 -337 441
96268: -159 -131 -338 450
96270: -159 -131 -340 468
96271: -159 -131 -341 477
96289: -159 -133 -503 477
96291: -159 -134 -577 414
96292: -159 -134 -578 423
96293: -159 -134 -579 432
96295: -159 -134 -581 450
96296: -159 -134 -582 459
96297: -159 -134 -583 468
96298: -159 -134 -584 477
96299: -159 -134 -585 486
96300: -159 -135 -658 414
96301: -159 -135 -659 423
96302: -159 -135 -660 432
96303: -159 -135 -661 441
96304: -159 -135 -662 450
96305: -159 -135 -663 459
96306: -159 -135 -664 468
96308: -159 -135 -666 486
96312: -168 -208 -22 433
96319: -168 -209 -101 415
96321: -168 -209 -103 433
96322: -168 -209 -104 442
96323: -168 -209 -105 451
96324: -168 -209 -106 460
96325: -168 -209 -107 469
96326: -168 -209 -108 478
96327: -168 -210 -181 406
96330: -168 -210 -184 433
96333: -168 -210 -187 460
96334: -168 -210 -188 469
96335: -168 -210 -189 478
96337: -168 -211 -263 415
96340: -168 -211 -266 442
96341: -168 -211 -267 451
96342: -168 -211 -268 460
96343: -168 -211 -269 469
96344: -168 -211 -270 478
96363: -168 -214 -505 406
96364: -168 -214 -506 415
96365: -168 -214 -507 424
96366: -168 -214 -508 433
96367: -168 -214 -509 442
96368: -168 -214 -510 451
96369: -168 -214 -511 460
96370: -168 -214 -512 469
96371: -168 -214 -513 478
96372: -168 -215 -586 406
96373: -168 -215 -587 415
96374: -168 -215 -588 424
96375: -168 -215 -589 433
96376: -168 -215 -590 442
96377: -168 -215 -591 451
96378: -168 -215 -592 460
96379: -168 -215 -593 469
96380: -168 -215 -594 478
96381: -168 -216 -667 406
96382: -168 -216 -668 415
96383: -168 -216 -669 424
96384: -168 -216 -670 433
96385: -168 -216 -671 442
96386: -168 -216 -672 451
96387: -168 -216 -673 460
96388: -168 -216 -674 469
96389: -168 -216 -675 478
96393: -177 -208 -22 434
96400: -177 -209 -101 416
96402: -177 -209 -103 434
96403: -177 -209 -104 443
96404: -177 -209 -105 452
96405: -177 -209 -106 461
96406: -177 -209 -107 470
96407: -177 -209 -108 479
96408: -177 -210 -181 407
96411: -177 -210 -184 434
96412: -177 -210 -185 443
96415: -177 -210 -188 470
96416: -177 -210 -189 479
96418: -177 -211 -263 416
96421: -177 -211 -266 443
96422: -177 -211 -267 452
96423: -177 -211 -268 461
96424: -177 -211 -269 470
96425: -177 -211 -270 479
96426: -177 -212 -343 407
96427: -177 -212 -344 416
96428: -177 -212 -345 425
96429: -177 -212 -346 434
96430: -177 -212 -347 443
96431: -177 -212 -348 452
96432: -177 -212 -349 461
96433: -177 -212 -350 470
96434: -177 -212 -351 479
96453: -177 -215 -586 407
96454: -177 -215 -587 416
96455: -177 -215 -588 425
96456: -177 -215 -589 434
96457: -177 -215 -590 443
96458: -177 -215 -591 452
96459: -177 -215 -592 461
96460: -177 -215 -593 470
96461: -177 -215 -594 479
96462: -177 -216 -667 407
96463: -177 -216 -668 416
96464: -177 -216 -669 425
96465: -177 -216 -670 434
96466: -177 -216 -671 443
96467: -177 -216 -672 452
96468: -177 -216 -673 461
96469: -177 -216 -674 470
96470: -177 -216 -675 479
96474: -186 -208 -22 435
96484: -186 -209 -104 444
96486: -186 -209 -106 462
96487: -186 -209 -107 471
96488: -186 -209 -108 480
96494: -186 -210 -186 453
96499: -186 -211 -263 417
96502: -186 -211 -266 444
96503: -186 -211 -267 453
96504: -186 -211 -268 462
96505: -186 -211 -269 471
96506: -186 -211 -270 480
96507: -186 -212 -343 408
96515: -186 -212 -351 480
96525: -186 -214 -505 408
96528: -186 -214 -508 435
96530: -186 -214 -510 453
96532: -186 -214 -512 471
96534: -186 -215 -586 408
96542: -186 -215 -594 480
96543: -186 -216 -667 408
96544: -186 -216 -668 417
96545: -186 -216 -669 426
96547: -186 -216 -671 444
96550: -186 -216 -674 471
96555: -195 -208 -22 436
96562: -195 -209 -101 418
96564: -195 -209 -103 436
96565: -195 -209 -104 445
96566: -195 -209 -105 454
96567: -195 -209 -106 463
96568: -195 -209 -107 472
96569: -195 -209 -108 481
96573: -195 -210 -184 436
96578: -195 -210 -189 481
96583: -195 -211 -266 445
96584: -195 -211 -267 454
96585: -195 -211 -268 463
96586: -195 -211 -269 472
96587: -195 -211 -270 481
96588: -195 -212 -343 409
96590: -195 -212 -345 427
96591: -195 -212 -346 436
96596: -195 -212 -351 481
96606: -195 -214 -505 409
96607: -195 -214 -506 418
96609: -195 -214 -508 436
96610: -195 -214 -509 445
96612: -195 -214 -511 463
96613: -195 -214 -512 472
96614: -195 -214 -513 481
96615: -195 -215 -586 409
96616: -195 -215 -587 418
96618: -195 -215 -589 436
96619: -195 -215 -590 445
96621: -195 -215 -592 463
96622: -195 -215 -593 472
96623: -195 -215 -594 481
96624: -195 -216 -667 409
96628: -195 -216 -671 445
96629: -195 -216 -672 454
96632: -195 -216 -675 481
96636: -204 -208 -22 437
96643: -204 -209 -101 419
96645: -204 -209 -103 437
96646: -204 -209 -104 446
96647: -204 -209 -105 455
96648: -204 -209 -106 464
96649: -204 -209 -107 473
96650: -204 -209 -108 482
96651: -204 -210 -181 410
96654: -204 -210 -184 437
96657: -204 -210 -187 464
96658: -204 -210 -188 473
96661: -204 -211 -263 419
96664: -204 -211 -266 446
96665: -204 -211 -267 455
96666: -204 -211 -268 464
96667: -204 -211 -269 473
96668: -204 -211 -270 482
96669: -204 -212 -343 410
96670: -204 -212 -344 419
96671: -204 -212 -345 428
96672: -204 -212 -346 437
96673: -204 -212 -347 446
96674: -204 -212 -348 455
96675: -204 -212 -349 464
96676: -204 -212 -350 473
96677: -204 -212 -351 482
96682: -204 -213 -428 446
96687: -204 -214 -505 410
96688: -204 -214 -506 419
96689: -204 -214 -507 428
96690: -204 -214 -508 437
96691: -204 -214 -509 446
96692: -204 -214 -510 455
96693: -204 -214 -511 464
96694: -204 -214 -512 473
96695: -204 -214 -513 482
96696: -204 -215 -586 410
96697: -204 -215 -587 419
96698: -204 -215 -588 428
96700: -204 -215 -590 446
96701: -204 -215 -591 455
96704: -204 -215 -594 482
96705: -204 -216 -667 410
96712: -204 -216 -674 473
96759: -213 -213 -424 411
96760: -213 -213 -425 420
96761: -213 -213 -426 429
96762: -213 -213 -427 438
96763: -213 -213 -428 447
96764: -213 -213 -429 456
96765: -213 -213 -430 465
96766: -213 -213 -431 474
96767: -213 -213 -432 483
96798: -222 -208 -22 439
96805: -222 -209 -101 421
96808: -222 -209 -104 448
96809: -222 -209 -105 457
96810: -222 -209 -106 466
96811: -222 -209 -107 475
96812: -222 -209 -108 484
96816: -222 -210 -184 439
96827: -222 -211 -267 457
96828: -222 -211 -268 466
96830: -222 -211 -270 484
96879: -231 -208 -22 440
96886: -231 -209 -101 422
96888: -231 -209 -103 440
96889: -231 -209 -104 449
96890: -231 -209 -105 458
96891: -231 -209 -106 467
96892: -231 -209 -107 476
96893: -231 -209 -108 485
96894: -231 -210 -181 413
96897: -231 -210 -184 440
96898: -231 -210 -185 449
96900: -231 -210 -187 467
96907: -231 -211 -266 449
96908: -231 -211 -267 458
96909: -231 -211 -268 467
96910: -231 -211 -269 476
96911: -231 -211 -270 485
96912: -231 -212 -343 413
96913: -231 -212 -344 422
96914: -231 -212 -345 431
96915: -231 -212 -346 440
96916: -231 -212 -347 449
96917: -231 -212 -348 458
96930: -231 -214 -505 413
96934: -231 -214 -509 449
96936: -231 -214 -511 467
96940: -231 -215 -587 422
96942: -231 -215 -589 440
96943: -231 -215 -590 449
96944: -231 -215 -591 458
96946: -231 -215 -593 476
96947: -231 -215 -594 485
96960: -240 -208 -22 441
96967: -240 -209 -101 423
96969: -240 -209 -103 441
96970: -240 -209 -104 450
96971: -240 -209 -105 459
96972: -240 -209 -106 468
96973: -240 -209 -107 477
96974: -240 -209 -108 486
96975: -240 -210 -181 414
96978: -240 -210 -184 441
96981: -240 -210 -187 468
96982: -240 -210 -188 477
96988: -240 -211 -266 450
96989: -240 -211 -267 459
96990: -240 -211 -268 468
96991: -240 -211 -269 477
96992: -240 -211 -270 486
96993: -240 -212 -343 414
96995: -240 -212 -345 432
97011: -240 -214 -505 414
97020: -240 -215 -586 414
97026: -240 -215 -592 468
97029: -240 -216 -667 414
97033: -240 -216 -671 450
97034: -240 -216 -672 459
97035: -240 -216 -673 468
97037: -240 -216 -675 486
97038: -249 -289 -28 406
97047: -249 -290 -109 406
97048: -249 -290 -110 415
97051: -249 -290 -113 442
97052: -249 -290 -114 451
97053: -249 -290 -115 460
97054: -249 -290 -116 469
97055: -249 -290 -117 478
97066: -249 -292 -272 415
97068: -249 -292 -274 433
97069: -249 -292 -275 442
97071: -249 -292 -277 460
97072: -249 -292 -278 469
97073: -249 -292 -279 478
97074: -249 -293 -352 406
97075: -249 -293 -353 415
97076: -249 -293 -354 424
97077: -249 -293 -355 433
97078: -249 -293 -356 442
97079: -249 -293 -357 451
97080: -249 -293 -358 460
97081: -249 -293 -359 469
97082: -249 -293 -360 478
97092: -249 -295 -514 406
97093: -249 -295 -515 415
97094: -249 -295 -516 424
97095: -249 -295 -517 433
97096: -249 -295 -518 442
97097: -249 -295 -519 451
97098: -249 -295 -520 460
97099: -249 -295 -521 469
97100: -249 -295 -522 478
97101: -249 -296 -595 406
97102: -249 -296 -596 415
97103: -249 -296 -597 424
97104: -249 -296 -598 433
97105: -249 -296 -599 442
97106: -249 -296 -600 451
97107: -249 -296 -601 460
97108: -249 -296 -602 469
97109: -249 -296 -603 478
97110: -249 -297 -676 406
97111: -249 -297 -677 415
97112: -249 -297 -678 424
97113: -249 -297 -679 433
97114: -249 -297 -680 442
97115: -249 -297 -681 451
97116: -249 -297 -682 460
97117: -249 -297 -683 469
97118: -249 -297 -684 478
97200: -267 -289 -28 408
97209: -267 -290 -109 408
97210: -267 -290 -110 417
97213: -267 -290 -113 444
97214: -267 -290 -114 453
97215: -267 -290 -115 462
97216: -267 -290 -116 471
97217: -267 -290 -117 480
97228: -267 -292 -272 417
97230: -267 -292 -274 435
97231: -267 -292 -275 444
97233: -267 -292 -277 462
97234: -267 -292 -278 471
97235: -267 -292 -279 480
97236: -267 -293 -352 408
97237: -267 -293 -353 417
97238: -267 -293 -354 426
97239: -267 -293 -355 435
97240: -267 -293 -356 444
97241: -267 -293 -357 453
97242: -267 -293 -358 462
97243: -267 -293 -359 471
97244: -267 -293 -360 480
97251: -267 -294 -439 462
97254: -267 -295 -514 408
97255: -267 -295 -515 417
97256: -267 -295 -516 426
97257: -267 -295 -517 435
97258: -267 -295 -518 444
97259: -267 -295 -519 453
97260: -267 -295 -520 462
97261: -267 -295 -521 471
97262: -267 -295 -522 480
97263: -267 -296 -595 408
97264: -267 -296 -596 417
97265: -267 -296 -597 426
97266: -267 -296 -598 435
97267: -267 -296 -599 444
97268: -267 -296 -600 453
97269: -267 -296 -601 462
97270: -267 -296 -602 471
97271: -267 -296 -603 480
97272: -267 -297 -676 408
97273: -267 -297 -677 417
97274: -267 -297 -678 426
97275: -267 -297 -679 435
97276: -267 -297 -680 444
97277: -267 -297 -681 453
97278: -267 -297 -682 462
97279: -267 -297 -683 471
97280: -267 -297 -684 480
97281: -276 -289 -28 409
97290: -276 -290 -109 409
97291: -276 -290 -110 418
97295: -276 -290 -114 454
97296: -276 -290 -115 463
97297: -276 -290 -116 472
97298: -276 -290 -117 481
97317: -276 -293 -352 409
97318: -276 -293 -353 418
97320: -276 -293 -355 436
97321: -276 -293 -356 445
97324: -276 -293 -359 472
97325: -276 -293 -360 481
97336: -276 -295 -515 418
97337: -276 -295 -516 427
97339: -276 -295 -518 445
97340: -276 -295 -519 454
97341: -276 -295 -520 463
97343: -276 -295 -522 481
97345: -276 -296 -596 418
97346: -276 -296 -597 427
97347: -276 -296 -598 436
97348: -276 -296 -599 445
97350: -276 -296 -601 463
97351: -276 -296 -602 472
97352: -276 -296 -603 481
97353: -276 -297 -676 409
97355: -276 -297 -678 427
97356: -276 -297 -679 436
97358: -276 -297 -681 454
97359: -276 -297 -682 463
97360: -276 -297 -683 472
97361: -276 -297 -684 481
97362: -285 -289 -28 410
97371: -285 -290 -109 410
97372: -285 -290 -110 419
97375: -285 -290 -113 446
97376: -285 -290 -114 455
97377: -285 -290 -115 464
97378: -285 -290 -116 473
97379: -285 -290 -117 482
97390: -285 -292 -272 419
97395: -285 -292 -277 464
97397: -285 -292 -279 482
97399: -285 -293 -353 419
97400: -285 -293 -354 428
97406: -285 -293 -360 482
97417: -285 -295 -515 419
97421: -285 -295 -519 455
97422: -285 -295 -520 464
97424: -285 -295 -522 482
97427: -285 -296 -597 428
97431: -285 -296 -601 464
97434: -285 -297 -676 410
97435: -285 -297 -677 419
97436: -285 -297 -678 428
97437: -285 -297 -679 437
97438: -285 -297 -680 446
97439: -285 -297 -681 455
97440: -285 -297 -682 464
97441: -285 -297 -683 473
97442: -285 -297 -684 482
97488: -294 -294 -433 411
97489: -294 -294 -434 420
97490: -294 -294 -435 429
97491: -294 -294 -436 438
97492: -294 -294 -437 447
97493: -294 -294 -438 456
97494: -294 -294 -439 465
97495: -294 -294 -440 474
97496: -294 -294 -441 483
97524: -303 -289 -28 412
97533: -303 -290 -109 412
97534: -303 -290 -110 421
97537: -303 -290 -113 448
97539: -303 -290 -115 466
97540: -303 -290 -116 475
97541: -303 -290 -117 484
97552: -303 -292 -272 421
97555: -303 -292 -275 448
97559: -303 -292 -279 484
97561: -303 -293 -353 421
97562: -303 -293 -354 430
97566: -303 -293 -358 466
97586: -303 -295 -522 484
97593: -303 -296 -601 466
97596: -303 -297 -676 412
97597: -303 -297 -677 421
97598: -303 -297 -678 430
97600: -303 -297 -680 448
97602: -303 -297 -682 466
97603: -303 -297 -683 475
97604: -303 -297 -684 484
97605: -312 -289 -28 413
97614: -312 -290 -109 413
97615: -312 -290 -110 422
97618: -312 -290 -113 449
97619: -312 -290 -114 458
97620: -312 -290 -115 467
97621: -312 -290 -116 476
97622: -312 -290 -117 485
97633: -312 -292 -272 422
97635: -312 -292 -274 440
97636: -312 -292 -275 449
97638: -312 -292 -277 467
97640: -312 -292 -279 485
97642: -312 -293 -353 422
97643: -312 -293 -354 431
97645: -312 -293 -356 449
97647: -312 -293 -358 467
97648: -312 -293 -359 476
97649: -312 -293 -360 485
97659: -312 -295 -514 413
97663: -312 -295 -518 449
97677: -312 -297 -676 413
97678: -312 -297 -677 422
97679: -312 -297 -678 431
97681: -312 -297 -680 449
97684: -312 -297 -683 476
97685: -312 -297 -684 485
97686: -321 -289 -28 414
97695: -321 -290 -109 414
97696: -321 -290 -110 423
97699: -321 -290 -113 450
97700: -321 -290 -114 459
97701: -321 -290 -115 468
97702: -321 -290 -116 477
97703: -321 -290 -117 486
97714: -321 -292 -272 423
97717: -321 -292 -275 450
97720: -321 -292 -278 477
97721: -321 -292 -279 486
97722: -321 -293 -352 414
97723: -321 -293 -353 423
97728: -321 -293 -358 468
97729: -321 -293 -359 477
97755: -321 -296 -601 468
97765: -321 -297 -683 477
97772: -330 -370 -42 451
97776: -330 -371 -118 406
97779: -330 -371 -121 433
97780: -330 -371 -122 442
97782: -330 -371 -124 460
97783: -330 -371 -125 469
97784: -330 -371 -126 478
97785: -330 -372 -199 406
97786: -330 -372 -200 415
97787: -330 -372 -201 424
97788: -330 -372 -202 433
97789: -330 -372 -203 442
97790: -330 -372 -204 451
97791: -330 -372 -205 460
97792: -330 -372 -206 469
97793: -330 -372 -207 478
97794: -330 -373 -280 406
97795: -330 -373 -281 415
97797: -330 -373 -283 433
97800: -330 -373 -286 460
97801: -330 -373 -287 469
97802: -330 -373 -288 478
97805: -330 -374 -363 424
97806: -330 -374 -364 433
97821: -330 -376 -523 406
97823: -330 -376 -525 424
97826: -330 -376 -528 451
97830: -330 -377 -604 406
97833: -330 -377 -607 433
97839: -330 -378 -685 406
97840: -330 -378 -686 415
97841: -330 -378 -687 424
97842: -330 -378 -688 433
97843: -330 -378 -689 442
97845: -330 -378 -691 460
97847: -330 -378 -693 478
97853: -339 -370 -42 452
97858: -339 -371 -119 416
97866: -339 -372 -199 407
97869: -339 -372 -202 434
97875: -339 -373 -280 407
97902: -339 -376 -523 407
97923: -339 -378 -688 434
97934: -348 -370 -42 453
97938: -348 -371 -118 408
97941: -348 -371 -121 435
97946: -348 -371 -126 480
97947: -348 -372 -199 408
97948: -348 -372 -200 417
97949: -348 -372 -201 426
97950: -348 -372 -202 435
97952: -348 -372 -204 453
97953: -348 -372 -205 462
97954: -348 -372 -206 471
97955: -348 -372 -207 480
97956: -348 -373 -280 408
97957: -348 -373 -281 417
97959: -348 -373 -283 435
97960: -348 -373 -284 444
97961: -348 -373 -285 453
97962: -348 -373 -286 462
97963: -348 -373 -287 471
97964: -348 -373 -288 480
97966: -348 -374 -362 417
97971: -348 -374 -367 462
97983: -348 -376 -523 408
97992: -348 -377 -604 408
97996: -348 -377 -608 444
98001: -348 -378 -685 408
98002: -348 -378 -686 417
98003: -348 -378 -687 426
98004: -348 -378 -688 435
98005: -348 -378 -689 444
98006: -348 -378 -690 453
98007: -348 -378 -691 462
98008: -348 -378 -692 471
98009: -348 -378 -693 480
98015: -357 -370 -42 454
98019: -357 -371 -118 409
98022: -357 -371 -121 436
98025: -357 -371 -124 463
98026: -357 -371 -125 472
98027: -357 -371 -126 481
98028: -357 -372 -199 409
98029: -357 -372 -200 418
98030: -357 -372 -201 427
98035: -357 -372 -206 472
98037: -357 -373 -280 409
98038: -357 -373 -281 418
98040: -357 -373 -283 436
98044: -357 -373 -287 472
98045: -357 -373 -288 481
98046: -357 -374 -361 409
98064: -357 -376 -523 409
98073: -357 -377 -604 409
98076: -357 -377 -607 436
98082: -357 -378 -685 409
98089: -357 -378 -692 472
98096: -366 -370 -42 455
98100: -366 -371 -118 410
98101: -366 -371 -119 419
98103: -366 -371 -121 437
98104: -366 -371 -122 446
98105: -366 -371 -123 455
98106: -366 -371 -124 464
98107: -366 -371 -125 473
98108: -366 -371 -126 482
98109: -366 -372 -199 410
98110: -366 -372 -200 419
98111: -366 -372 -201 428
98113: -366 -372 -203 446
98118: -366 -373 -280 410
98119: -366 -373 -281 419
98121: -366 -373 -283 437
98145: -366 -376 -523 410
98146: -366 -376 -524 419
98148: -366 -376 -526 437
98154: -366 -377 -604 410
98156: -366 -377 -606 428
98157: -366 -377 -607 437
98161: -366 -377 -611 473
98162: -366 -377 -612 482
98166: -366 -378 -688 437
98170: -366 -378 -692 473
98190: -375 -372 -199 411
98199: -375 -373 -280 411
98217: -375 -375 -442 411
98218: -375 -375 -443 420
98219: -375 -375 -444 429
98220: -375 -375 -445 438
98221: -375 -375 -446 447
98222: -375 -375 -447 456
98272: -384 -372 -200 421
98280: -384 -373 -280 412
98286: -384 -373 -286 466
98307: -384 -376 -523 412
98339: -393 -370 -42 458
98344: -393 -371 -119 422
98346: -393 -371 -121 440
98350: -393 -371 -125 476
98352: -393 -372 -199 413
98353: -393 -372 -200 422
98361: -393 -373 -280 413
98400: -393 -377 -607 440
98403: -393 -377 -610 467
98413: -393 -378 -692 476
98420: -402 -370 -42 459
98424: -402 -371 -118 414
98433: -402 -372 -199 414
98436: -402 -372 -202 441
98439: -402 -372 -205 468
98442: -402 -373 -280 414
98448: -402 -373 -286 468
98450: -402 -373 -288 486
98469: -402 -376 -523 414
98484: -402 -377 -610 468
98488: -402 -378 -686 423
98489: -402 -378 -687 432
98490: -402 -378 -688 441
98492: -402 -378 -690 459
98493: -402 -378 -691 468
98494: -402 -378 -692 477
98495: -402 -378 -693 486
98505: -411 -452 -127 406
98506: -411 -452 -128 415
98508: -411 -452 -130 433
98509: -411 -452 -131 442
98511: -411 -452 -133 460
98512: -411 -452 -134 469
98513: -411 -452 -135 478
98515: -411 -453 -209 415
98516: -411 -453 -210 424
98518: -411 -453 -212 442
98520: -411 -453 -214 460
98521: -411 -453 -215 469
98522: -411 -453 -216 478
98546: -411 -456 -456 451
98551: -411 -457 -533 415
98552: -411 -457 -534 424
98553: -411 -457 -535 433
98554: -411 -457 -536 442
98558: -411 -457 -540 478
98559: -411 -458 -613 406
98560: -411 -458 -614 415
98561: -411 -458 -615 424
98562: -411 -458 -616 433
98563: -411 -458 -617 442
98564: -411 -458 -618 451
98565: -411 -458 -619 460
98568: -411 -459 -694 406
98569: -411 -459 -695 415
98570: -411 -459 -696 424
98571: -411 -459 -697 433
98573: -411 -459 -699 451
98574: -411 -459 -700 460
98575: -411 -459 -701 469
98583: -420 -451 -52 461
98595: -420 -453 -208 407
98596: -420 -453 -209 416
98598: -420 -453 -211 434
98599: -420 -453 -212 443
98603: -420 -453 -216 479
98604: -420 -454 -289 407
98627: -420 -456 -456 452
98631: -420 -457 -532 407
98632: -420 -457 -533 416
98633: -420 -457 -534 425
98634: -420 -457 -535 434
98635: -420 -457 -536 443
98638: -420 -457 -539 470
98639: -420 -457 -540 479
98640: -420 -458 -613 407
98641: -420 -458 -614 416
98642: -420 -458 -615 425
98644: -420 -458 -617 443
98645: -420 -458 -618 452
98646: -420 -458 -619 461
98648: -420 -458 -621 479
98649: -420 -459 -694 407
98650: -420 -459 -695 416
98651: -420 -459 -696 425
98652: -420 -459 -697 434
98653: -420 -459 -698 443
98654: -420 -459 -699 452
98655: -420 -459 -700 461
98656: -420 -459 -701 470
98657: -420 -459 -702 479
98664: -429 -451 -52 462
98671: -429 -452 -131 444
98674: -429 -452 -134 471
98676: -429 -453 -208 408
98685: -429 -454 -289 408
98686: -429 -454 -290 417
98712: -429 -457 -532 408
98713: -429 -457 -533 417
98715: -429 -457 -535 435
98719: -429 -457 -539 471
98727: -429 -458 -619 462
98731: -429 -459 -695 417
98732: -429 -459 -696 426
98734: -429 -459 -698 444
98736: -429 -459 -700 462
98737: -429 -459 -701 471
98745: -438 -451 -52 463
98748: -438 -452 -127 409
98751: -438 -452 -130 436
98752: -438 -452 -131 445
98754: -438 -452 -133 463
98755: -438 -452 -134 472
98756: -438 -452 -135 481
98758: -438 -453 -209 418
98760: -438 -453 -211 436
98763: -438 -453 -214 463
98764: -438 -453 -215 472
98765: -438 -453 -216 481
98789: -438 -456 -456 454
98793: -438 -457 -532 409
98794: -438 -457 -533 418
98795: -438 -457 -534 427
98796: -438 -457 -535 436
98797: -438 -457 -536 445
98800: -438 -457 -539 472
98801: -438 -457 -540 481
98802: -438 -458 -613 409
98803: -438 -458 -614 418
98804: -438 -458 -615 427
98806: -438 -458 -617 445
98807: -438 -458 -618 454
98808: -438 -458 -619 463
98810: -438 -458 -621 481
98811: -438 -459 -694 409
98812: -438 -459 -695 418
98813: -438 -459 -696 427
98814: -438 -459 -697 436
98815: -438 -459 -698 445
98816: -438 -459 -699 454
98817: -438 -459 -700 463
98818: -438 -459 -701 472
98826: -447 -451 -52 464
98829: -447 -452 -127 410
98830: -447 -452 -128 419
98832: -447 -452 -130 437
98833: -447 -452 -131 446
98834: -447 -452 -132 455
98835: -447 -452 -133 464
98836: -447 -452 -134 473
98837: -447 -452 -135 482
98839: -447 -453 -209 419
98841: -447 -453 -211 437
98845: -447 -453 -215 473
98846: -447 -453 -216 482
98847: -447 -454 -289 410
98848: -447 -454 -290 419
98851: -447 -454 -293 446
98853: -447 -454 -295 464
98855: -447 -454 -297 482
98876: -447 -457 -534 428
98883: -447 -458 -613 410
98889: -447 -458 -619 464
98899: -447 -459 -701 473
98955: -456 -457 -532 411
98988: -465 -451 -52 466
98991: -465 -452 -127 412
98994: -465 -452 -130 439
98995: -465 -452 -131 448
99000: -465 -453 -208 412
99001: -465 -453 -209 421
99003: -465 -453 -211 439
99004: -465 -453 -212 448
99006: -465 -453 -214 466
99008: -465 -453 -216 484
99069: -474 -451 -52 467
99072: -474 -452 -127 413
99075: -474 -452 -130 440
99076: -474 -452 -131 449
99081: -474 -453 -208 413
99082: -474 -453 -209 422
99084: -474 -453 -211 440
99085: -474 -453 -212 449
99087: -474 -453 -214 467
99088: -474 -453 -215 476
99089: -474 -453 -216 485
99096: -474 -454 -295 467
99098: -474 -454 -297 485
99118: -474 -457 -533 422
99119: -474 -457 -534 431
99120: -474 -457 -535 440
99121: -474 -457 -536 449
99125: -474 -457 -540 485
99139: -474 -459 -698 449
99141: -474 -459 -700 467
99150: -483 -451 -52 468
99153: -483 -452 -127 414
99156: -483 -452 -130 441
99157: -483 -452 -131 450
99162: -483 -453 -208 414
99163: -483 -453 -209 423
99165: -483 -453 -211 441
99168: -483 -453 -214 468
99169: -483 -453 -215 477
99172: -483 -454 -290 423
99208: -483 -458 -614 423
99210: -483 -458 -616 441
99211: -483 -458 -617 450
99213: -483 -458 -619 468
99313: -501 -532 -62 470
99315: -501 -533 -136 407
99324: -501 -534 -217 407
99325: -501 -534 -218 416
99333: -501 -535 -298 407
99337: -501 -535 -302 443
99342: -501 -536 -379 407
99349: -501 -536 -386 470
99363: -501 -538 -544 434
99369: -501 -539 -622 407
99371: -501 -539 -624 425
99375: -501 -539 -628 461
99394: -510 -532 -62 471
99396: -510 -533 -136 408
99397: -510 -533 -137 417
99399: -510 -533 -139 435
99400: -510 -533 -140 444
99401: -510 -533 -141 453
99402: -510 -533 -142 462
99403: -510 -533 -143 471
99404: -510 -533 -144 480
99405: -510 -534 -217 408
99406: -510 -534 -218 417
99408: -510 -534 -220 435
99414: -510 -535 -298 408
99418: -510 -535 -302 444
99423: -510 -536 -379 408
99424: -510 -536 -380 417
99431: -510 -536 -387 480
99445: -510 -538 -545 444
99450: -510 -539 -622 408
99451: -510 -539 -623 417
99453: -510 -539 -625 435
99454: -510 -539 -626 444
99455: -510 -539 -627 453
99456: -510 -539 -628 462
99457: -510 -539 -629 471
99458: -510 -539 -630 480
99459: -510 -540 -703 408
99461: -510 -540 -705 426
99466: -510 -540 -710 471
99475: -519 -532 -62 472
99477: -519 -533 -136 409
99478: -519 -533 -137 418
99480: -519 -533 -139 436
99481: -519 -533 -140 445
99482: -519 -533 -141 454
99483: -519 -533 -142 463
99485: -519 -533 -144 481
99486: -519 -534 -217 409
99489: -519 -534 -220 436
99495: -519 -535 -298 409
99496: -519 -535 -299 418
99498: -519 -535 -301 436
99499: -519 -535 -302 445
99501: -519 -535 -304 463
99503: -519 -535 -306 481
99507: -519 -536 -382 436
99512: -519 -536 -387 481
99523: -519 -538 -542 418
99524: -519 -538 -543 427
99525: -519 -538 -544 436
99526: -519 -538 -545 445
99529: -519 -538 -548 472
99530: -519 -538 -549 481
99532: -519 -539 -623 418
99533: -519 -539 -624 427
99535: -519 -539 -626 445
99537: -519 -539 -628 463
99538: -519 -539 -629 472
99539: -519 -539 -630 481
99556: -528 -532 -62 473
99558: -528 -533 -136 410
99559: -528 -533 -137 419
99561: -528 -533 -139 437
99562: -528 -533 -140 446
99563: -528 -533 -141 455
99564: -528 -533 -142 464
99565: -528 -533 -143 473
99566: -528 -533 -144 482
99567: -528 -534 -217 410
99568: -528 -534 -218 419
99569: -528 -534 -219 428
99572: -528 -534 -222 455
99574: -528 -534 -224 473
99575: -528 -534 -225 482
99576: -528 -535 -298 410
99577: -528 -535 -299 419
99579: -528 -535 -301 437
99580: -528 -535 -302 446
99581: -528 -535 -303 455
99582: -528 -535 -304 464
99583: -528 -535 -305 473
99584: -528 -535 -306 482
99585: -528 -536 -379 410
99587: -528 -536 -381 428
99590: -528 -536 -384 455
99603: -528 -538 -541 410
99604: -528 -538 -542 419
99605: -528 -538 -543 428
99606: -528 -538 -544 437
99611: -528 -538 -549 482
99612: -528 -539 -622 410
99613: -528 -539 -623 419
99614: -528 -539 -624 428
99618: -528 -539 -628 464
99620: -528 -539 -630 482
99621: -528 -540 -703 410
99622: -528 -540 -704 419
99623: -528 -540 -705 428
99624: -528 -540 -706 437
99625: -528 -540 -707 446
99626: -528 -540 -708 455
99627: -528 -540 -709 464
99629: -528 -540 -711 482
99675: -537 -537 -460 411
99676: -537 -537 -461 420
99677: -537 -537 -462 429
99678: -537 -537 -463 438
99679: -537 -537 -464 447
99680: -537 -537 -465 456
99682: -537 -537 -467 474
99683: -537 -537 -468 483
99799: -555 -532 -62 476
99801: -555 -533 -136 413
99802: -555 -533 -137 422
99804: -555 -533 -139 440
99805: -555 -533 -140 449
99806: -555 -533 -141 458
99807: -555 -533 -142 467
99808: -555 -533 -143 476
99809: -555 -533 -144 485
99810: -555 -534 -217 413
99819: -555 -535 -298 413
99822: -555 -535 -301 440
99823: -555 -535 -302 449
99836: -555 -536 -387 485
99847: -555 -538 -542 422
99848: -555 -538 -543 431
99849: -555 -538 -544 440
99850: -555 -538 -545 449
99854: -555 -538 -549 485
99871: -555 -540 -710 476
99880: -564 -532 -62 477
99882: -564 -533 -136 414
99883: -564 -533 -137 423
99885: -564 -533 -139 441
99887: -564 -533 -141 459
99888: -564 -533 -142 468
99890: -564 -533 -144 486
99891: -564 -534 -217 414
99892: -564 -534 -218 423
99894: -564 -534 -220 441
99900: -564 -535 -298 414
99901: -564 -535 -299 423
99903: -564 -535 -301 441
99904: -564 -535 -302 450
99906: -564 -535 -304 468
99914: -564 -536 -384 459
99917: -564 -536 -387 486
99929: -564 -538 -543 432
99937: -564 -539 -623 423
99938: -564 -539 -624 432
99940: -564 -539 -626 450
99941: -564 -539 -627 459
99942: -564 -539 -628 468
99943: -564 -539 -629 477
99944: -564 -539 -630 486
99952: -564 -540 -710 477
99962: -573 -613 -72 478
99963: -573 -614 -145 406
99966: -573 -614 -148 433
99967: -573 -614 -149 442
99972: -573 -615 -226 406
99973: -573 -615 -227 415
99975: -573 -615 -229 433
99977: -573 -615 -231 451
99981: -573 -616 -307 406
99982: -573 -616 -308 415
99984: -573 -616 -310 433
99990: -573 -617 -388 406
99993: -573 -617 -391 433
99998: -573 -617 -396 478
100008: -573 -619 -550 406
100009: -573 -619 -551 415
100010: -573 -619 -552 424
100011: -573 -619 -553 433
100012: -573 -619 -554 442
100014: -573 -619 -556 460
100015: -573 -619 -557 469
100017: -573 -620 -631 406
100018: -573 -620 -632 415
100027: -573 -621 -713 415
100033: -573 -621 -719 469
100043: -582 -613 -72 479
100044: -582 -614 -145 407
100047: -582 -614 -148 434
100048: -582 -614 -149 443
100053: -582 -615 -226 407
100089: -582 -619 -550 407
100090: -582 -619 -551 416
100091: -582 -619 -552 425
100092: -582 -619 -553 434
100093: -582 -619 -554 443
100094: -582 -619 -555 452
100095: -582 -619 -556 461
100096: -582 -619 -557 470
100097: -582 -619 -558 479
100124: -591 -613 -72 480
100125: -591 -614 -145 408
100126: -591 -614 -146 417
100128: -591 -614 -148 435
100129: -591 -614 -149 444
100130: -591 -614 -150 453
100131: -591 -614 -151 462
100132: -591 -614 -152 471
100133: -591 -614 -153 480
100134: -591 -615 -226 408
100135: -591 -615 -227 417
100136: -591 -615 -228 426
100137: -591 -615 -229 435
100138: -591 -615 -230 444
100139: -591 -615 -231 453
100140: -591 -615 -232 462
100142: -591 -615 -234 480
100143: -591 -616 -307 408
100144: -591 -616 -308 417
100146: -591 -616 -310 435
100152: -591 -617 -388 408
100170: -591 -619 -550 408
100171: -591 -619 -551 417
100172: -591 -619 -552 426
100173: -591 -619 -553 435
100175: -591 -619 -555 453
100176: -591 -619 -556 462
100177: -591 -619 -557 471
100179: -591 -620 -631 408
100181: -591 -620 -633 426
100183: -591 -620 -635 444
100187: -591 -620 -639 480
100191: -591 -621 -715 435
100205: -600 -613 -72 481
100206: -600 -614 -145 409
100207: -600 -614 -146 418
100209: -600 -614 -148 436
100210: -600 -614 -149 445
100211: -600 -614 -150 454
100212: -600 -614 -151 463
100213: -600 -614 -152 472
100214: -600 -614 -153 481
100215: -600 -615 -226 409
100216: -600 -615 -227 418
100217: -600 -615 -228 427
100219: -600 -615 -230 445
100221: -600 -615 -232 463
100223: -600 -615 -234 481
100224: -600 -616 -307 409
100225: -600 -616 -308 418
100227: -600 -616 -310 436
100228: -600 -616 -311 445
100229: -600 -616 -312 454
100230: -600 -616 -313 463
100232: -600 -616 -315 481
100233: -600 -617 -388 409
100240: -600 -617 -395 472
100241: -600 -617 -396 481
100251: -600 -619 -550 409
100252: -600 -619 -551 418
100253: -600 -619 -552 427
100254: -600 -619 -553 436
100255: -600 -619 -554 445
100256: -600 -619 -555 454
100257: -600 -619 -556 463
100258: -600 -619 -557 472
100259: -600 -619 -558 481
100260: -600 -620 -631 409
100261: -600 -620 -632 418
100262: -600 -620 -633 427
100263: -600 -620 -634 436
100264: -600 -620 -635 445
100268: -600 -620 -639 481
100271: -600 -621 -714 427
100272: -600 -621 -715 436
100275: -600 -621 -718 463
100276: -600 -621 -719 472
100277: -600 -621 -720 481
100286: -609 -613 -72 482
100296: -609 -615 -226 410
100297: -609 -615 -227 419
100299: -609 -615 -229 437
100301: -609 -615 -231 455
100305: -609 -616 -307 410
100314: -609 -617 -388 410
100332: -609 -619 -550 410
100335: -609 -619 -553 437
100350: -609 -621 -712 410
100357: -609 -621 -719 473
100404: -618 -618 -469 411
100405: -618 -618 -470 420
100406: -618 -618 -471 429
100407: -618 -618 -472 438
100408: -618 -618 -473 447
100409: -618 -618 -474 456
100410: -618 -618 -475 465
100411: -618 -618 -476 474
100412: -618 -618 -477 483
100448: -627 -613 -72 484
100449: -627 -614 -145 412
100458: -627 -615 -226 412
100529: -636 -613 -72 485
100530: -636 -614 -145 413
100533: -636 -614 -148 440
100534: -636 -614 -149 449
100535: -636 -614 -150 458
100536: -636 -614 -151 467
100539: -636 -615 -226 413
100540: -636 -615 -227 422
100548: -636 -616 -307 413
100549: -636 -616 -308 422
100551: -636 -616 -310 440
100552: -636 -616 -311 449
100554: -636 -616 -313 467
100556: -636 -616 -315 485
100558: -636 -617 -389 422
100565: -636 -617 -396 485
100575: -636 -619 -550 413
100576: -636 -619 -551 422
100577: -636 -619 -552 431
100578: -636 -619 -553 440
100579: -636 -619 -554 449
100589: -636 -620 -636 458
100594: -636 -621 -713 422
100595: -636 -621 -714 431
100596: -636 -621 -715 440
100599: -636 -621 -718 467
100601: -636 -621 -720 485
100610: -645 -613 -72 486
100611: -645 -614 -145 414
100617: -645 -614 -151 468
100620: -645 -615 -226 414
100621: -645 -615 -227 423
100623: -645 -615 -229 441
100626: -645 -615 -232 468
100632: -645 -616 -310 441
100656: -645 -619 -550 414
100657: -645 -619 -551 423
100659: -645 -619 -553 441
100660: -645 -619 -554 450
100661: -645 -619 -555 459
100662: -645 -619 -556 468
100663: -645 -619 -557 477
100664: -645 -619 -558 486
100677: -645 -621 -715 441
100678: -645 -621 -716 450
100680: -645 -621 -718 468
100687: -654 -694 -77 442
100692: -654 -695 -154 406
100693: -654 -695 -155 415
100695: -654 -695 -157 433
100696: -654 -695 -158 442
100697: -654 -695 -159 451
100698: -654 -695 -160 460
100699: -654 -695 -161 469
100700: -654 -695 -162 478
100701: -654 -696 -235 406
100702: -654 -696 -236 415
100704: -654 -696 -238 433
100705: -654 -696 -239 442
100710: -654 -697 -316 406
100711: -654 -697 -317 415
100713: -654 -697 -319 433
100714: -654 -697 -320 442
100715: -654 -697 -321 451
100716: -654 -697 -322 460
100717: -654 -697 -323 469
100723: -654 -698 -401 442
100727: -654 -698 -405 478
100737: -654 -700 -559 406
100738: -654 -700 -560 415
100739: -654 -700 -561 424
100740: -654 -700 -562 433
100741: -654 -700 -563 442
100742: -654 -700 -564 451
100743: -654 -700 -565 460
100745: -654 -700 -567 478
100746: -654 -701 -640 406
100747: -654 -701 -641 415
100748: -654 -701 -642 424
100749: -654 -701 -643 433
100750: -654 -701 -644 442
100751: -654 -701 -645 451
100752: -654 -701 -646 460
100753: -654 -701 -647 469
100754: -654 -701 -648 478
100755: -654 -702 -721 406
100756: -654 -702 -722 415
100757: -654 -702 -723 424
100758: -654 -702 -724 433
100761: -654 -702 -727 460
100768: -663 -694 -77 443
100778: -663 -695 -159 452
100780: -663 -695 -161 470
100782: -663 -696 -235 407
100783: -663 -696 -236 416
100791: -663 -697 -316 407
100797: -663 -697 -322 461
100839: -663 -702 -724 434
100849: -672 -694 -77 444
100854: -672 -695 -154 408
100857: -672 -695 -157 435
100858: -672 -695 -158 444
100859: -672 -695 -159 453
100863: -672 -696 -235 408
100864: -672 -696 -236 417
100865: -672 -696 -237 426
100866: -672 -696 -238 435
100867: -672 -696 -239 444
100868: -672 -696 -240 453
100869: -672 -696 -241 462
100870: -672 -696 -242 471
100872: -672 -697 -316 408
100873: -672 -697 -317 417
100875: -672 -697 -319 435
100876: -672 -697 -320 444
100878: -672 -697 -322 462
100880: -672 -697 -324 480
100889: -672 -698 -405 480
100899: -672 -700 -559 408
100901: -672 -700 -561 426
100908: -672 -701 -640 408
100909: -672 -701 -641 417
100910: -672 -701 -642 426
100911: -672 -701 -643 435
100913: -672 -701 -645 453
100914: -672 -701 -646 462
100915: -672 -701 -647 471
100916: -672 -701 -648 480
100917: -672 -702 -721 408
100918: -672 -702 -722 417
100920: -672 -702 -724 435
100921: -672 -702 -725 444
100923: -672 -702 -727 462
100930: -681 -694 -77 445
100935: -681 -695 -154 409
100936: -681 -695 -155 418
100938: -681 -695 -157 436
100939: -681 -695 -158 445
100940: -681 -695 -159 454
100941: -681 -695 -160 463
100942: -681 -695 -161 472
100943: -681 -695 -162 481
100944: -681 -696 -235 409
100945: -681 -696 -236 418
100947: -681 -696 -238 436
100949: -681 -696 -240 454
100951: -681 -696 -242 472
100953: -681 -697 -316 409
100954: -681 -697 -317 418
100956: -681 -697 -319 436
100957: -681 -697 -320 445
100958: -681 -697 -321 454
100959: -681 -697 -322 463
100960: -681 -697 -323 472
100963: -681 -698 -398 418
100964: -681 -698 -399 427
100965: -681 -698 -400 436
100966: -681 -698 -401 445
100967: -681 -698 -402 454
100968: -681 -698 -403 463
100969: -681 -698 -404 472
100970: -681 -698 -405 481
100983: -681 -700 -562 436
100989: -681 -701 -640 409
100990: -681 -701 -641 418
100991: -681 -701 -642 427
100992: -681 -701 -643 436
100993: -681 -701 -644 445
100994: -681 -701 -645 454
100995: -681 -701 -646 463
100996: -681 -701 -647 472
100997: -681 -701 -648 481
100998: -681 -702 -721 409
100999: -681 -702 -722 418
101000: -681 -702 -723 427
101001: -681 -702 -724 436
101002: -681 -702 -725 445
101004: -681 -702 -727 463
101011: -690 -694 -77 446
101020: -690 -695 -158 446
101025: -690 -696 -235 410
101026: -690 -696 -236 419
101027: -690 -696 -237 428
101028: -690 -696 -238 437
101034: -690 -697 -316 410
101037: -690 -697 -319 437
101040: -690 -697 -322 464
101080: -690 -702 -722 419
101081: -690 -702 -723 428
101082: -690 -702 -724 437
101085: -690 -702 -727 464
101133: -699 -699 -478 411
101134: -699 -699 -479 420
101135: -699 -699 -480 429
101136: -699 -699 -481 438
101137: -699 -699 -482 447
101138: -699 -699 -483 456
101139: -699 -699 -484 465
101140: -699 -699 -485 474
101141: -699 -699 -486 483
101173: -708 -694 -77 448
101181: -708 -695 -157 439
101182: -708 -695 -158 448
101187: -708 -696 -235 412
101188: -708 -696 -236 421
101189: -708 -696 -237 430
101196: -708 -697 -316 412
101202: -708 -697 -322 466
101242: -708 -702 -722 421
101244: -708 -702 -724 439
101254: -717 -694 -77 449
101260: -717 -695 -155 422
101264: -717 -695 -159 458
101268: -717 -696 -235 413
101269: -717 -696 -236 422
101277: -717 -697 -316 413
101278: -717 -697 -317 422
101335: -726 -694 -77 450
101344: -726 -695 -158 450
101345: -726 -695 -159 459
101349: -726 -696 -235 414
101350: -726 -696 -236 423
101351: -726 -696 -237 432
101352: -726 -696 -238 441
101358: -726 -697 -316 414
101359: -726 -697 -317 423
101361: -726 -697 -319 441
101362: -726 -697 -320 450
101364: -726 -697 -322 468
101368: -726 -698 -398 423
101369: -726 -698 -399 432
101371: -726 -698 -401 450
101373: -726 -698 -403 468
101374: -726 -698 -404 477
101375: -726 -698 -405 486
101400: -726 -701 -646 468
101881: -52 -62 -569 501
101882: -52 -62 -570 510
101883: -52 -62 -571 519
101884: -52 -62 -572 528
101885: -52 -62 -573 537
101886: -52 -62 -574 546
101887: -52 -62 -575 555
101888: -52 -62 -576 564
102224: -97 -136 -12 506
102237: -97 -137 -97 542
102251: -97 -139 -255 506
102258: -97 -140 -334 488
102260: -97 -140 -336 506
102262: -97 -140 -338 524
102265: -97 -140 -341 551
102266: -97 -140 -342 560
102267: -97 -141 -415 488
102271: -97 -141 -419 524
102272: -97 -141 -420 533
102285: -97 -143 -577 488
102294: -97 -144 -658 488
102295: -97 -144 -659 497
102296: -97 -144 -660 506
102305: -106 -136 -12 507
102315: -106 -137 -94 516
102316: -106 -137 -95 525
102317: -106 -137 -96 534
102319: -106 -137 -98 552
102320: -106 -137 -99 561
102332: -106 -139 -255 507
102339: -106 -140 -334 489
102340: -106 -140 -335 498
102341: -106 -140 -336 507
102342: -106 -140 -337 516
102343: -106 -140 -338 525
102344: -106 -140 -339 534
102345: -106 -140 -340 543
102346: -106 -140 -341 552
102347: -106 -140 -342 561
102348: -106 -141 -415 489
102350: -106 -141 -417 507
102351: -106 -141 -418 516
102353: -106 -141 -420 534
102354: -106 -141 -421 543
102355: -106 -141 -422 552
102356: -106 -141 -423 561
102366: -106 -143 -577 489
102368: -106 -143 -579 507
102369: -106 -143 -580 516
102370: -106 -143 -581 525
102371: -106 -143 -582 534
102373: -106 -143 -584 552
102374: -106 -143 -585 561
102375: -106 -144 -658 489
102376: -106 -144 -659 498
102377: -106 -144 -660 507
102378: -106 -144 -661 516
102379: -106 -144 -662 525
102380: -106 -144 -663 534
102381: -106 -144 -664 543
102382: -106 -144 -665 552
102383: -106 -144 -666 561
102386: -115 -136 -12 508
102397: -115 -137 -95 526
102398: -115 -137 -96 535
102400: -115 -137 -98 553
102401: -115 -137 -99 562
102413: -115 -139 -255 508
102420: -115 -140 -334 490
102421: -115 -140 -335 499
102423: -115 -140 -337 517
102427: -115 -140 -341 553
102428: -115 -140 -342 562
102429: -115 -141 -415 490
102431: -115 -141 -417 508
102432: -115 -141 -418 517
102433: -115 -141 -419 526
102434: -115 -141 -420 535
102437: -115 -141 -423 562
102447: -115 -143 -577 490
102450: -115 -143 -580 517
102451: -115 -143 -581 526
102452: -115 -143 -582 535
102453: -115 -143 -583 544
102454: -115 -143 -584 553
102455: -115 -143 -585 562
102456: -115 -144 -658 490
102467: -124 -136 -12 509
102479: -124 -137 -96 536
102481: -124 -137 -98 554
102482: -124 -137 -99 563
102494: -124 -139 -255 509
102501: -124 -140 -334 491
102502: -124 -140 -335 500
102503: -124 -140 -336 509
102504: -124 -140 -337 518
102505: -124 -140 -338 527
102506: -124 -140 -339 536
102507: -124 -140 -340 545
102508: -124 -140 -341 554
102509: -124 -140 -342 563
102510: -124 -141 -415 491
102512: -124 -141 -417 509
102513: -124 -141 -418 518
102514: -124 -141 -419 527
102515: -124 -141 -420 536
102517: -124 -141 -422 554
102518: -124 -141 -423 563
102531: -124 -143 -580 518
102532: -124 -143 -581 527
102533: -124 -143 -582 536
102535: -124 -143 -584 554
102536: -124 -143 -585 563
102537: -124 -144 -658 491
102538: -124 -144 -659 500
102539: -124 -144 -660 509
102540: -124 -144 -661 518
102541: -124 -144 -662 527
102542: -124 -144 -663 536
102544: -124 -144 -665 554
102545: -124 -144 -666 563
102548: -133 -136 -12 510
102559: -133 -137 -95 528
102562: -133 -137 -98 555
102575: -133 -139 -255 510
102582: -133 -140 -334 492
102583: -133 -140 -335 501
102584: -133 -140 -336 510
102585: -133 -140 -337 519
102586: -133 -140 -338 528
102587: -133 -140 -339 537
102588: -133 -140 -340 546
102589: -133 -140 -341 555
102590: -133 -140 -342 564
102591: -133 -141 -415 492
102597: -133 -141 -421 546
102609: -133 -143 -577 492
102618: -133 -144 -658 492
102620: -133 -144 -660 510
102622: -133 -144 -662 528
102623: -133 -144 -663 537
102625: -133 -144 -665 555
102626: -133 -144 -666 564
102681: -142 -142 -496 493
102682: -142 -142 -497 502
102683: -142 -142 -498 511
102684: -142 -142 -499 520
102685: -142 -142 -500 529
102686: -142 -142 -501 538
102687: -142 -142 -502 547
102688: -142 -142 -503 556
102689: -142 -142 -504 565
102710: -151 -136 -12 512
102720: -151 -137 -94 521
102737: -151 -139 -255 512
102744: -151 -140 -334 494
102746: -151 -140 -336 512
102747: -151 -140 -337 521
102748: -151 -140 -338 530
102749: -151 -140 -339 539
102751: -151 -140 -341 557
102753: -151 -141 -415 494
102757: -151 -141 -419 530
102758: -151 -141 -420 539
102760: -151 -141 -422 557
102761: -151 -141 -423 566
102771: -151 -143 -577 494
102774: -151 -143 -580 521
102775: -151 -143 -581 530
102776: -151 -143 -582 539
102777: -151 -143 -583 548
102778: -151 -143 -584 557
102779: -151 -143 -585 566
102780: -151 -144 -658 494
102781: -151 -144 -659 503
102782: -151 -144 -660 512
102783: -151 -144 -661 521
102784: -151 -144 -662 530
102785: -151 -144 -663 539
102786: -151 -144 -664 548
102787: -151 -144 -665 557
102788: -151 -144 -666 566
102791: -160 -136 -12 513
102802: -160 -137 -95 531
102803: -160 -137 -96 540
102805: -160 -137 -98 558
102818: -160 -139 -255 513
102825: -160 -140 -334 495
102827: -160 -140 -336 513
102829: -160 -140 -338 531
102830: -160 -140 -339 540
102832: -160 -140 -341 558
102833: -160 -140 -342 567
102834: -160 -141 -415 495
102836: -160 -141 -417 513
102837: -160 -141 -418 522
102839: -160 -141 -420 540
102841: -160 -141 -422 558
102842: -160 -141 -423 567
102855: -160 -143 -580 522
102856: -160 -143 -581 531
102857: -160 -143 -582 540
102858: -160 -143 -583 549
102859: -160 -143 -584 558
102860: -160 -143 -585 567
102861: -160 -144 -658 495
102863: -160 -144 -660 513
102866: -160 -144 -663 540
102867: -160 -144 -664 549
102868: -160 -144 -665 558
102869: -160 -144 -666 567
102873: -169 -217 -22 514
102880: -169 -218 -101 496
102882: -169 -218 -103 514
102883: -169 -218 -104 523
102884: -169 -218 -105 532
102885: -169 -218 -106 541
102886: -169 -218 -107 550
102887: -169 -218 -108 559
102888: -169 -219 -181 487
102890: -169 -219 -183 505
102891: -169 -219 -184 514
102892: -169 -219 -185 523
102895: -169 -219 -188 550
102896: -169 -219 -189 559
102898: -169 -220 -263 496
102901: -169 -220 -266 523
102902: -169 -220 -267 532
102903: -169 -220 -268 541
102904: -169 -220 -269 550
102905: -169 -220 -270 559
102906: -169 -221 -343 487
102907: -169 -221 -344 496
102908: -169 -221 -345 505
102909: -169 -221 -346 514
102910: -169 -221 -347 523
102911: -169 -221 -348 532
102912: -169 -221 -349 541
102913: -169 -221 -350 550
102914: -169 -221 -351 559
102919: -169 -222 -428 523
102933: -169 -224 -586 487
102934: -169 -224 -587 496
102935: -169 -224 -588 505
102936: -169 -224 -589 514
102937: -169 -224 -590 523
102938: -169 -224 -591 532
102939: -169 -224 -592 541
102940: -169 -224 -593 550
102941: -169 -224 -594 559
102942: -169 -225 -667 487
102943: -169 -225 -668 496
102944: -169 -225 -669 505
102945: -169 -225 -670 514
102946: -169 -225 -671 523
102947: -169 -225 -672 532
102948: -169 -225 -673 541
102949: -169 -225 -674 550
102950: -169 -225 -675 559
102954: -178 -217 -22 515
102961: -178 -218 -101 497
102963: -178 -218 -103 515
102964: -178 -218 -104 524
102965: -178 -218 -105 533
102966: -178 -218 -106 542
102967: -178 -218 -107 551
102968: -178 -218 -108 560
102969: -178 -219 -181 488
102971: -178 -219 -183 506
102972: -178 -219 -184 515
102973: -178 -219 -185 524
102974: -178 -219 -186 533
102977: -178 -219 -189 560
102979: -178 -220 -263 497
102981: -178 -220 -265 515
102982: -178 -220 -266 524
102983: -178 -220 -267 533
102984: -178 -220 -268 542
102985: -178 -220 -269 551
102986: -178 -220 -270 560
102987: -178 -221 -343 488
102988: -178 -221 -344 497
102990: -178 -221 -346 515
102991: -178 -221 -347 524
102992: -178 -221 -348 533
102993: -178 -221 -349 542
102994: -178 -221 -350 551
102995: -178 -221 -351 560
102996: -178 -222 -424 488
102997: -178 -222 -425 497
102998: -178 -222 -426 506
102999: -178 -222 -427 515
103000: -178 -222 -428 524
103001: -178 -222 -429 533
103002: -178 -222 -430 542
103003: -178 -222 -431 551
103004: -178 -222 -432 560
103022: -178 -224 -594 560
103023: -178 -225 -667 488
103024: -178 -225 -668 497
103026: -178 -225 -670 515
103027: -178 -225 -671 524
103028: -178 -225 -672 533
103029: -178 -225 -673 542
103030: -178 -225 -674 551
103031: -178 -225 -675 560
103035: -187 -217 -22 516
103045: -187 -218 -104 525
103046: -187 -218 -105 534
103047: -187 -218 -106 543
103048: -187 -218 -107 552
103049: -187 -218 -108 561
103060: -187 -220 -263 498
103063: -187 -220 -266 525
103064: -187 -220 -267 534
103066: -187 -220 -269 552
103067: -187 -220 -270 561
103068: -187 -221 -343 489
103069: -187 -221 -344 498
103071: -187 -221 -346 516
103072: -187 -221 -347 525
103073: -187 -221 -348 534
103074: -187 -221 -349 543
103075: -187 -221 -350 552
103077: -187 -222 -424 489
103079: -187 -222 -426 507
103081: -187 -222 -428 525
103084: -187 -222 -431 552
103095: -187 -224 -586 489
103096: -187 -224 -587 498
103097: -187 -224 -588 507
103098: -187 -224 -589 516
103099: -187 -224 -590 525
103100: -187 -224 -591 534
103101: -187 -224 -592 543
103102: -187 -224 -593 552
103103: -187 -224 -594 561
103104: -187 -225 -667 489
103105: -187 -225 -668 498
103106: -187 -225 -669 507
103107: -187 -225 -670 516
103108: -187 -225 -671 525
103109: -187 -225 -672 534
103110: -187 -225 -673 543
103111: -187 -225 -674 552
103112: -187 -225 -675 561
103116: -196 -217 -22 517
103123: -196 -218 -101 499
103126: -196 -218 -104 526
103127: -196 -218 -105 535
103128: -196 -218 -106 544
103129: -196 -218 -107 553
103130: -196 -218 -108 562
103135: -196 -219 -185 526
103138: -196 -219 -188 553
103139: -196 -219 -189 562
103144: -196 -220 -266 526
103145: -196 -220 -267 535
103146: -196 -220 -268 544
103147: -196 -220 -269 553
103148: -196 -220 -270 562
103149: -196 -221 -343 490
103150: -196 -221 -344 499
103152: -196 -221 -346 517
103153: -196 -221 -347 526
103154: -196 -221 -348 535
103155: -196 -221 -349 544
103156: -196 -221 -350 553
103157: -196 -221 -351 562
103158: -196 -222 -424 490
103159: -196 -222 -425 499
103163: -196 -222 -429 535
103164: -196 -222 -430 544
103165: -196 -222 -431 553
103176: -196 -224 -586 490
103177: -196 -224 -587 499
103179: -196 -224 -589 517
103180: -196 -224 -590 526
103181: -196 -224 -591 535
103182: -196 -224 -592 544
103183: -196 -224 -593 553
103184: -196 -224 -594 562
103185: -196 -225 -667 490
103186: -196 -225 -668 499
103188: -196 -225 -670 517
103189: -196 -225 -671 526
103190: -196 -225 -672 535
103191: -196 -225 -673 544
103192: -196 -225 -674 553
103193: -196 -225 -675 562
103197: -205 -217 -22 518
103204: -205 -218 -101 500
103207: -205 -218 -104 527
103208: -205 -218 -105 536
103209: -205 -218 -106 545
103210: -205 -218 -107 554
103211: -205 -218 -108 563
103212: -205 -219 -181 491
103215: -205 -219 -184 518
103219: -205 -219 -188 554
103222: -205 -220 -263 500
103225: -205 -220 -266 527
103226: -205 -220 -267 536
103227: -205 -220 -268 545
103228: -205 -220 -269 554
103229: -205 -220 -270 563
103239: -205 -222 -424 491
103240: -205 -222 -425 500
103242: -205 -222 -427 518
103243: -205 -222 -428 527
103244: -205 -222 -429 536
103245: -205 -222 -430 545
103247: -205 -222 -432 563
103263: -205 -224 -592 545
103266: -205 -225 -667 491
103278: -214 -217 -22 519
103285: -214 -218 -101 501
103287: -214 -218 -103 519
103288: -214 -218 -104 528
103289: -214 -218 -105 537
103290: -214 -218 -106 546
103291: -214 -218 -107 555
103292: -214 -218 -108 564
103293: -214 -219 -181 492
103296: -214 -219 -184 519
103300: -214 -219 -188 555
103301: -214 -219 -189 564
103303: -214 -220 -263 501
103306: -214 -220 -266 528
103307: -214 -220 -267 537
103308: -214 -220 -268 546
103309: -214 -220 -269 555
103310: -214 -220 -270 564
103311: -214 -221 -343 492
103320: -214 -222 -424 492
103322: -214 -222 -426 510
103324: -214 -222 -428 528
103338: -214 -224 -586 492
103343: -214 -224 -591 537
103344: -214 -224 -592 546
103347: -214 -225 -667 492
103348: -214 -225 -668 501
103349: -214 -225 -669 510
103351: -214 -225 -671 528
103352: -214 -225 -672 537
103353: -214 -225 -673 546
103354: -214 -225 -674 555
103355: -214 -225 -675 564
103410: -223 -223 -505 493
103411: -223 -223 -506 502
103412: -223 -223 -507 511
103413: -223 -223 -508 520
103414: -223 -223 -509 529
103415: -223 -223 -510 538
103416: -223 -223 -511 547
103417: -223 -223 -512 556
103418: -223 -223 -513 565
103440: -232 -217 -22 521
103447: -232 -218 -101 503
103449: -232 -218 -103 521
103450: -232 -218 -104 530
103451: -232 -218 -105 539
103452: -232 -218 -106 548
103453: -232 -218 -107 557
103454: -232 -218 -108 566
103455: -232 -219 -181 494
103465: -232 -220 -263 503
103469: -232 -220 -267 539
103470: -232 -220 -268 548
103471: -232 -220 -269 557
103472: -232 -220 -270 566
103500: -232 -224 -586 494
103506: -232 -224 -592 548
103521: -241 -217 -22 522
103528: -241 -218 -101 504
103530: -241 -218 -103 522
103531: -241 -218 -104 531
103532: -241 -218 -105 540
103533: -241 -218 -106 549
103534: -241 -218 -107 558
103535: -241 -218 -108 567
103539: -241 -219 -184 522
103541: -241 -219 -186 540
103549: -241 -220 -266 531
103550: -241 -220 -267 540
103551: -241 -220 -268 549
103552: -241 -220 -269 558
103553: -241 -220 -270 567
103555: -241 -221 -344 504
103566: -241 -222 -427 522
103581: -241 -224 -586 495
103594: -241 -225 -671 531
103595: -241 -225 -672 540
103599: -250 -298 -28 487
103608: -250 -299 -109 487
103609: -250 -299 -110 496
103612: -250 -299 -113 523
103613: -250 -299 -114 532
103614: -250 -299 -115 541
103615: -250 -299 -116 550
103616: -250 -299 -117 559
103627: -250 -301 -272 496
103630: -250 -301 -275 523
103631: -250 -301 -276 532
103633: -250 -301 -278 550
103634: -250 -301 -279 559
103635: -250 -302 -352 487
103636: -250 -302 -353 496
103637: -250 -302 -354 505
103638: -250 -302 -355 514
103639: -250 -302 -356 523
103640: -250 -302 -357 532
103641: -250 -302 -358 541
103642: -250 -302 -359 550
103643: -250 -302 -360 559
103644: -250 -303 -433 487
103645: -250 -303 -434 496
103646: -250 -303 -435 505
103647: -250 -303 -436 514
103648: -250 -303 -437 523
103649: -250 -303 -438 532
103650: -250 -303 -439 541
103651: -250 -303 -440 550
103652: -250 -303 -441 559
103662: -250 -305 -595 487
103663: -250 -305 -596 496
103664: -250 -305 -597 505
103665: -250 -305 -598 514
103666: -250 -305 -599 523
103667: -250 -305 -600 532
103668: -250 -305 -601 541
103669: -250 -305 -602 550
103671: -250 -306 -676 487
103672: -250 -306 -677 496
103673: -250 -306 -678 505
103674: -250 -306 -679 514
103675: -250 -306 -680 523
103676: -250 -306 -681 532
103677: -250 -306 -682 541
103678: -250 -306 -683 550
103679: -250 -306 -684 559
103761: -268 -298 -28 489
103770: -268 -299 -109 489
103771: -268 -299 -110 498
103774: -268 -299 -113 525
103775: -268 -299 -114 534
103776: -268 -299 -115 543
103777: -268 -299 -116 552
103778: -268 -299 -117 561
103789: -268 -301 -272 498
103792: -268 -301 -275 525
103793: -268 -301 -276 534
103795: -268 -301 -278 552
103796: -268 -301 -279 561
103797: -268 -302 -352 489
103798: -268 -302 -353 498
103799: -268 -302 -354 507
103800: -268 -302 -355 516
103801: -268 -302 -356 525
103802: -268 -302 -357 534
103803: -268 -302 -358 543
103804: -268 -302 -359 552
103805: -268 -302 -360 561
103806: -268 -303 -433 489
103807: -268 -303 -434 498
103808: -268 -303 -435 507
103809: -268 -303 -436 516
103810: -268 -303 -437 525
103811: -268 -303 -438 534
103812: -268 -303 -439 543
103813: -268 -303 -440 552
103814: -268 -303 -441 561
103826: -268 -305 -597 507
103827: -268 -305 -598 516
103830: -268 -305 -601 543
103833: -268 -306 -676 489
103834: -268 -306 -677 498
103835: -268 -306 -678 507
103836: -268 -306 -679 516
103837: -268 -306 -680 525
103838: -268 -306 -681 534
103839: -268 -306 -682 543
103840: -268 -306 -683 552
103841: -268 -306 -684 561
103842: -277 -298 -28 490
103851: -277 -299 -109 490
103856: -277 -299 -114 535
103857: -277 -299 -115 544
103878: -277 -302 -352 490
103879: -277 -302 -353 499
103880: -277 -302 -354 508
103881: -277 -302 -355 517
103882: -277 -302 -356 526
103883: -277 -302 -357 535
103884: -277 -302 -358 544
103885: -277 -302 -359 553
103887: -277 -303 -433 490
103888: -277 -303 -434 499
103889: -277 -303 -435 508
103891: -277 -303 -437 526
103893: -277 -303 -439 544
103914: -277 -306 -676 490
103915: -277 -306 -677 499
103916: -277 -306 -678 508
103917: -277 -306 -679 517
103918: -277 -306 -680 526
103919: -277 -306 -681 535
103920: -277 -306 -682 544
103921: -277 -306 -683 553
103922: -277 -306 -684 562
103923: -286 -298 -28 491
103932: -286 -299 -109 491
103933: -286 -299 -110 500
103938: -286 -299 -115 545
103939: -286 -299 -116 554
103940: -286 -299 -117 563
103951: -286 -301 -272 500
103958: -286 -301 -279 563
103960: -286 -302 -353 500
103961: -286 -302 -354 509
103963: -286 -302 -356 527
103964: -286 -302 -357 536
103965: -286 -302 -358 545
103966: -286 -302 -359 554
103968: -286 -303 -433 491
103969: -286 -303 -434 500
103970: -286 -303 -435 509
103971: -286 -303 -436 518
103973: -286 -303 -438 536
103974: -286 -303 -439 545
103975: -286 -303 -440 554
103976: -286 -303 -441 563
103996: -286 -306 -677 500
103997: -286 -306 -678 509
104000: -286 -306 -681 536
104002: -286 -306 -683 554
104004: -295 -298 -28 492
104013: -295 -299 -109 492
104014: -295 -299 -110 501
104017: -295 -299 -113 528
104018: -295 -299 -114 537
104019: -295 -299 -115 546
104020: -295 -299 -116 555
104021: -295 -299 -117 564
104032: -295 -301 -272 501
104035: -295 -301 -275 528
104036: -295 -301 -276 537
104038: -295 -301 -278 555
104039: -295 -301 -279 564
104040: -295 -302 -352 492
104041: -295 -302 -353 501
104042: -295 -302 -354 510
104044: -295 -302 -356 528
104045: -295 -302 -357 537
104046: -295 -302 -358 546
104047: -295 -302 -359 555
104048: -295 -302 -360 564
104049: -295 -303 -433 492
104050: -295 -303 -434 501
104051: -295 -303 -435 510
104052: -295 -303 -436 519
104053: -295 -303 -437 528
104054: -295 -303 -438 537
104055: -295 -303 -439 546
104056: -295 -303 -440 555
104057: -295 -303 -441 564
104067: -295 -305 -595 492
104068: -295 -305 -596 501
104069: -295 -305 -597 510
104071: -295 -305 -599 528
104072: -295 -305 -600 537
104073: -295 -305 -601 546
104074: -295 -305 -602 555
104075: -295 -305 -603 564
104076: -295 -306 -676 492
104077: -295 -306 -677 501
104078: -295 -306 -678 510
104080: -295 -306 -680 528
104082: -295 -306 -682 546
104083: -295 -306 -683 555
104139: -304 -304 -514 493
104140: -304 -304 -515 502
104141: -304 -304 -516 511
104143: -304 -304 -518 529
104144: -304 -304 -519 538
104145: -304 -304 -520 547
104146: -304 -304 -521 556
104147: -304 -304 -522 565
104166: -313 -298 -28 494
104175: -313 -299 -109 494
104176: -313 -299 -110 503
104179: -313 -299 -113 530
104180: -313 -299 -114 539
104181: -313 -299 -115 548
104182: -313 -299 -116 557
104183: -313 -299 -117 566
104194: -313 -301 -272 503
104197: -313 -301 -275 530
104198: -313 -301 -276 539
104200: -313 -301 -278 557
104202: -313 -302 -352 494
104203: -313 -302 -353 503
104204: -313 -302 -354 512
104206: -313 -302 -356 530
104207: -313 -302 -357 539
104209: -313 -302 -359 557
104210: -313 -302 -360 566
104211: -313 -303 -433 494
104212: -313 -303 -434 503
104219: -313 -303 -441 566
104235: -313 -305 -601 548
104238: -313 -306 -676 494
104243: -313 -306 -681 539
104245: -313 -306 -683 557
104247: -322 -298 -28 495
104256: -322 -299 -109 495
104257: -322 -299 -110 504
104260: -322 -299 -113 531
104261: -322 -299 -114 540
104262: -322 -299 -115 549
104263: -322 -299 -116 558
104264: -322 -299 -117 567
104275: -322 -301 -272 504
104278: -322 -301 -275 531
104279: -322 -301 -276 540
104283: -322 -302 -352 495
104284: -322 -302 -353 504
104285: -322 -302 -354 513
104291: -322 -302 -360 567
104292: -322 -303 -433 495
104293: -322 -303 -434 504
104294: -322 -303 -435 513
104296: -322 -303 -437 531
104297: -322 -303 -438 540
104298: -322 -303 -439 549
104299: -322 -303 -440 558
104300: -322 -303 -441 567
104319: -322 -306 -676 495
104321: -322 -306 -678 513
104324: -322 -306 -681 540
104326: -322 -306 -683 558
104333: -331 -379 -42 532
104337: -331 -380 -118 487
104338: -331 -380 -119 496
104340: -331 -380 -121 514
104341: -331 -380 -122 523
104342: -331 -380 -123 532
104343: -331 -380 -124 541
104344: -331 -380 -125 550
104345: -331 -380 -126 559
104346: -331 -381 -199 487
104347: -331 -381 -200 496
104348: -331 -381 -201 505
104349: -331 -381 -202 514
104350: -331 -381 -203 523
104351: -331 -381 -204 532
104352: -331 -381 -205 541
104353: -331 -381 -206 550
104354: -331 -381 -207 559
104355: -331 -382 -280 487
104356: -331 -382 -281 496
104358: -331 -382 -283 514
104360: -331 -382 -285 532
104361: -331 -382 -286 541
104362: -331 -382 -287 550
104363: -331 -382 -288 559
104365: -331 -383 -362 496
104369: -331 -383 -366 532
104371: -331 -383 -368 550
104374: -331 -384 -443 496
104375: -331 -384 -444 505
104376: -331 -384 -445 514
104377: -331 -384 -446 523
104378: -331 -384 -447 532
104379: -331 -384 -448 541
104380: -331 -384 -449 550
104381: -331 -384 -450 559
104397: -331 -386 -610 541
104400: -331 -387 -685 487
104401: -331 -387 -686 496
104402: -331 -387 -687 505
104403: -331 -387 -688 514
104404: -331 -387 -689 523
104405: -331 -387 -690 532
104406: -331 -387 -691 541
104407: -331 -387 -692 550
104408: -331 -387 -693 559
104414: -340 -379 -42 533
104418: -340 -380 -118 488
104419: -340 -380 -119 497
104422: -340 -380 -122 524
104424: -340 -380 -124 542
104425: -340 -380 -125 551
104426: -340 -380 -126 560
104427: -340 -381 -199 488
104428: -340 -381 -200 497
104429: -340 -381 -201 506
104430: -340 -381 -202 515
104432: -340 -381 -204 533
104436: -340 -382 -280 488
104439: -340 -382 -283 515
104444: -340 -382 -288 560
104450: -340 -383 -366 533
104452: -340 -383 -368 551
104458: -340 -384 -446 524
104473: -340 -386 -605 497
104481: -340 -387 -685 488
104488: -340 -387 -692 551
104495: -349 -379 -42 534
104499: -349 -380 -118 489
104500: -349 -380 -119 498
104502: -349 -380 -121 516
104504: -349 -380 -123 534
104506: -349 -380 -125 552
104508: -349 -381 -199 489
104509: -349 -381 -200 498
104510: -349 -381 -201 507
104511: -349 -381 -202 516
104512: -349 -381 -203 525
104513: -349 -381 -204 534
104514: -349 -381 -205 543
104515: -349 -381 -206 552
104516: -349 -381 -207 561
104517: -349 -382 -280 489
104518: -349 -382 -281 498
104521: -349 -382 -284 525
104522: -349 -382 -285 534
104524: -349 -382 -287 552
104525: -349 -382 -288 561
104528: -349 -383 -363 507
104531: -349 -383 -366 534
104533: -349 -383 -368 552
104539: -349 -384 -446 525
104559: -349 -386 -610 543
104562: -349 -387 -685 489
104564: -349 -387 -687 507
104565: -349 -387 -688 516
104568: -349 -387 -691 543
104569: -349 -387 -692 552
104576: -358 -379 -42 535
104580: -358 -380 -118 490
104581: -358 -380 -119 499
104583: -358 -380 -121 517
104584: -358 -380 -122 526
104585: -358 -380 -123 535
104586: -358 -380 -124 544
104587: -358 -380 -125 553
104588: -358 -380 -126 562
104589: -358 -381 -199 490
104590: -358 -381 -200 499
104591: -358 -381 -201 508
104592: -358 -381 -202 517
104593: -358 -381 -203 526
104595: -358 -381 -205 544
104596: -358 -381 -206 553
104597: -358 -381 -207 562
104598: -358 -382 -280 490
104599: -358 -382 -281 499
104601: -358 -382 -283 517
104603: -358 -382 -285 535
104604: -358 -382 -286 544
104605: -358 -382 -287 553
104606: -358 -382 -288 562
104609: -358 -383 -363 508
104618: -358 -384 -444 508
104619: -358 -384 -445 517
104623: -358 -384 -449 553
104634: -358 -386 -604 490
104635: -358 -386 -605 499
104636: -358 -386 -606 508
104638: -358 -386 -608 526
104639: -358 -386 -609 535
104640: -358 -386 -610 544
104641: -358 -386 -611 553
104642: -358 -386 -612 562
104643: -358 -387 -685 490
104644: -358 -387 -686 499
104645: -358 -387 -687 508
104646: -358 -387 -688 517
104647: -358 -387 -689 526
104648: -358 -387 -690 535
104649: -358 -387 -691 544
104650: -358 -387 -692 553
104651: -358 -387 -693 562
104657: -367 -379 -42 536
104661: -367 -380 -118 491
104667: -367 -380 -124 545
104668: -367 -380 -125 554
104669: -367 -380 -126 563
104670: -367 -381 -199 491
104671: -367 -381 -200 500
104672: -367 -381 -201 509
104679: -367 -382 -280 491
104683: -367 -382 -284 527
104694: -367 -383 -367 545
104701: -367 -384 -446 527
104715: -367 -386 -604 491
104716: -367 -386 -605 500
104717: -367 -386 -606 509
104718: -367 -386 -607 518
104719: -367 -386 -608 527
104720: -367 -386 -609 536
104721: -367 -386 -610 545
104722: -367 -386 -611 554
104723: -367 -386 -612 563
104724: -367 -387 -685 491
104727: -367 -387 -688 518
104731: -367 -387 -692 554
104738: -376 -379 -42 537
104742: -376 -380 -118 492
104749: -376 -380 -125 555
104751: -376 -381 -199 492
104752: -376 -381 -200 501
104760: -376 -382 -280 492
104770: -376 -383 -362 501
104771: -376 -383 -363 510
104772: -376 -383 -364 519
104776: -376 -383 -368 555
104819: -385 -379 -42 538
104868: -385 -385 -523 493
104869: -385 -385 -524 502
104870: -385 -385 -525 511
104871: -385 -385 -526 520
104872: -385 -385 -527 529
104873: -385 -385 -528 538
104874: -385 -385 -529 547
104875: -385 -385 -530 556
104876: -385 -385 -531 565
104900: -394 -379 -42 539
104916: -394 -381 -202 521
104922: -394 -382 -280 494
104944: -394 -384 -446 530
104981: -403 -379 -42 540
104985: -403 -380 -118 495
104986: -403 -380 -119 504
104988: -403 -380 -121 522
104990: -403 -380 -123 540
104991: -403 -380 -124 549
104992: -403 -380 -125 558
104993: -403 -380 -126 567
104994: -403 -381 -199 495
104995: -403 -381 -200 504
104997: -403 -381 -202 522
105014: -403 -383 -363 513
105022: -403 -384 -443 504
105023: -403 -384 -444 513
105024: -403 -384 -445 522
105028: -403 -384 -449 558
105048: -403 -387 -685 495
105049: -403 -387 -686 504
105050: -403 -387 -687 513
105053: -403 -387 -690 540
105055: -403 -387 -692 558
105056: -403 -387 -693 567
105063: -412 -460 -52 541
105066: -412 -461 -127 487
105069: -412 -461 -130 514
105070: -412 -461 -131 523
105074: -412 -461 -135 559
105075: -412 -462 -208 487
105076: -412 -462 -209 496
105078: -412 -462 -211 514
105081: -412 -462 -214 541
105082: -412 -462 -215 550
105084: -412 -463 -289 487
105085: -412 -463 -290 496
105087: -412 -463 -292 514
105088: -412 -463 -293 523
105091: -412 -463 -296 550
105092: -412 -463 -297 559
105093: -412 -464 -370 487
105094: -412 -464 -371 496
105095: -412 -464 -372 505
105096: -412 -464 -373 514
105097: -412 -464 -374 523
105098: -412 -464 -375 532
105099: -412 -464 -376 541
105100: -412 -464 -377 550
105104: -412 -465 -453 505
105120: -412 -467 -613 487
105122: -412 -467 -615 505
105123: -412 -467 -616 514
105129: -412 -468 -694 487
105131: -412 -468 -696 505
105132: -412 -468 -697 514
105144: -421 -460 -52 542
105147: -421 -461 -127 488
105155: -421 -461 -135 560
105159: -421 -462 -211 515
105160: -421 -462 -212 524
105165: -421 -463 -289 488
105169: -421 -463 -293 524
105170: -421 -463 -294 533
105174: -421 -464 -370 488
105175: -421 -464 -371 497
105176: -421 -464 -372 506
105178: -421 -464 -374 524
105179: -421 -464 -375 533
105180: -421 -464 -376 542
105181: -421 -464 -377 551
105182: -421 -464 -378 560
105202: -421 -467 -614 497
105210: -421 -468 -694 488
105212: -421 -468 -696 506
105225: -430 -460 -52 543
105228: -430 -461 -127 489
105231: -430 -461 -130 516
105234: -430 -461 -133 543
105238: -430 -462 -209 498
105239: -430 -462 -210 507
105243: -430 -462 -214 543
105244: -430 -462 -215 552
105245: -430 -462 -216 561
105246: -430 -463 -289 489
105247: -430 -463 -290 498
105249: -430 -463 -292 516
105253: -430 -463 -296 552
105254: -430 -463 -297 561
105255: -430 -464 -370 489
105256: -430 -464 -371 498
105257: -430 -464 -372 507
105258: -430 -464 -373 516
105259: -430 -464 -374 525
105261: -430 -464 -376 543
105262: -430 -464 -377 552
105263: -430 -464 -378 561
105266: -430 -465 -453 507
105271: -430 -465 -458 552
105272: -430 -465 -459 561
105282: -430 -467 -613 489
105288: -430 -467 -619 543
105293: -430 -468 -696 507
105306: -439 -460 -52 544
105309: -439 -461 -127 490
105310: -439 -461 -128 499
105312: -439 -461 -130 517
105313: -439 -461 -131 526
105314: -439 -461 -132 535
105315: -439 -461 -133 544
105316: -439 -461 -134 553
105317: -439 -461 -135 562
105318: -439 -462 -208 490
105319: -439 -462 -209 499
105321: -439 -462 -211 517
105325: -439 -462 -215 553
105326: -439 -462 -216 562
105327: -439 -463 -289 490
105328: -439 -463 -290 499
105330: -439 -463 -292 517
105331: -439 -463 -293 526
105333: -439 -463 -295 544
105335: -439 -463 -297 562
105336: -439 -464 -370 490
105337: -439 -464 -371 499
105338: -439 -464 -372 508
105339: -439 -464 -373 517
105342: -439 -464 -376 544
105347: -439 -465 -453 508
105363: -439 -467 -613 490
105364: -439 -467 -614 499
105366: -439 -467 -616 517
105369: -439 -467 -619 544
105372: -439 -468 -694 490
105373: -439 -468 -695 499
105374: -439 -468 -696 508
105375: -439 -468 -697 517
105376: -439 -468 -698 526
105377: -439 -468 -699 535
105378: -439 -468 -700 544
105379: -439 -468 -701 553
105380: -439 -468 -702 562
105387: -448 -460 -52 545
105391: -448 -461 -128 500
105394: -448 -461 -131 527
105397: -448 -461 -134 554
105398: -448 -461 -135 563
105400: -448 -462 -209 500
105402: -448 -462 -211 518
105408: -448 -463 -289 491
105415: -448 -463 -296 554
105428: -448 -465 -453 509
105460: -448 -468 -701 554
105468: -457 -460 -52 546
105471: -457 -461 -127 492
105480: -457 -462 -208 492
105481: -457 -462 -209 501
105489: -457 -463 -289 492
105492: -457 -463 -292 519
105495: -457 -463 -295 546
105506: -457 -464 -378 564
105526: -457 -467 -614 501
105534: -457 -468 -694 492
105536: -457 -468 -696 510
105597: -466 -466 -532 493
105598: -466 -466 -533 502
105603: -466 -466 -538 547
105605: -466 -466 -540 565
105630: -475 -460 -52 548
105651: -475 -463 -289 494
105711: -484 -460 -52 549
105715: -484 -461 -128 504
105717: -484 -461 -130 522
105722: -484 -461 -135 567
105724: -484 -462 -209 504
105732: -484 -463 -289 495
105735: -484 -463 -292 522
105736: -484 -463 -293 531
105741: -484 -464 -370 495
105742: -484 -464 -371 504
105744: -484 -464 -373 522
105745: -484 -464 -374 531
105748: -484 -464 -377 558
105784: -484 -468 -701 558
105793: -493 -541 -62 550
105795: -493 -542 -136 487
105798: -493 -542 -139 514
105799: -493 -542 -140 523
105800: -493 -542 -141 532
105801: -493 -542 -142 541
105802: -493 -542 -143 550
105803: -493 -542 -144 559
105804: -493 -543 -217 487
105805: -493 -543 -218 496
105808: -493 -543 -221 523
105809: -493 -543 -222 532
105811: -493 -543 -224 550
105812: -493 -543 -225 559
105822: -493 -545 -379 487
105823: -493 -545 -380 496
105824: -493 -545 -381 505
105825: -493 -545 -382 514
105828: -493 -545 -385 541
105829: -493 -545 -386 550
105830: -493 -545 -387 559
105846: -493 -547 -547 541
105849: -493 -548 -622 487
105850: -493 -548 -623 496
105851: -493 -548 -624 505
105852: -493 -548 -625 514
105853: -493 -548 -626 523
105854: -493 -548 -627 532
105856: -493 -548 -629 550
105858: -493 -549 -703 487
105859: -493 -549 -704 496
105860: -493 -549 -705 505
105861: -493 -549 -706 514
105863: -493 -549 -708 532
105864: -493 -549 -709 541
105865: -493 -549 -710 550
105866: -493 -549 -711 559
105874: -502 -541 -62 551
105876: -502 -542 -136 488
105883: -502 -542 -143 551
105885: -502 -543 -217 488
105886: -502 -543 -218 497
105892: -502 -543 -224 551
105894: -502 -544 -298 488
105895: -502 -544 -299 497
105898: -502 -544 -302 524
105899: -502 -544 -303 533
105900: -502 -544 -304 542
105903: -502 -545 -379 488
105905: -502 -545 -381 506
105908: -502 -545 -384 533
105910: -502 -545 -386 551
105911: -502 -545 -387 560
105930: -502 -548 -622 488
105931: -502 -548 -623 497
105932: -502 -548 -624 506
105933: -502 -548 -625 515
105938: -502 -548 -630 560
105939: -502 -549 -703 488
105940: -502 -549 -704 497
105941: -502 -549 -705 506
105942: -502 -549 -706 515
105943: -502 -549 -707 524
105944: -502 -549 -708 533
105946: -502 -549 -710 551
105955: -511 -541 -62 552
105960: -511 -542 -139 516
105964: -511 -542 -143 552
105965: -511 -542 -144 561
105966: -511 -543 -217 489
105967: -511 -543 -218 498
105975: -511 -544 -298 489
105976: -511 -544 -299 498
105979: -511 -544 -302 525
105982: -511 -544 -305 552
105983: -511 -544 -306 561
105984: -511 -545 -379 489
105985: -511 -545 -380 498
105987: -511 -545 -382 516
105989: -511 -545 -384 534
105991: -511 -545 -386 552
105992: -511 -545 -387 561
106008: -511 -547 -547 543
106011: -511 -548 -622 489
106015: -511 -548 -626 525
106020: -511 -549 -703 489
106023: -511 -549 -706 516
106036: -520 -541 -62 553
106038: -520 -542 -136 490
106041: -520 -542 -139 517
106042: -520 -542 -140 526
106043: -520 -542 -141 535
106044: -520 -542 -142 544
106045: -520 -542 -143 553
106046: -520 -542 -144 562
106048: -520 -543 -218 499
106051: -520 -543 -221 526
106054: -520 -543 -224 553
106055: -520 -543 -225 562
106065: -520 -545 -379 490
106066: -520 -545 -380 499
106067: -520 -545 -381 508
106068: -520 -545 -382 517
106070: -520 -545 -384 535
106072: -520 -545 -386 553
106073: -520 -545 -387 562
106093: -520 -548 -623 499
106094: -520 -548 -624 508
106095: -520 -548 -625 517
106096: -520 -548 -626 526
106097: -520 -548 -627 535
106100: -520 -548 -630 562
106101: -520 -549 -703 490
106102: -520 -549 -704 499
106103: -520 -549 -705 508
106104: -520 -549 -706 517
106105: -520 -549 -707 526
106106: -520 -549 -708 535
106107: -520 -549 -709 544
106108: -520 -549 -710 553
106117: -529 -541 -62 554
106119: -529 -542 -136 491
106122: -529 -542 -139 518
106124: -529 -542 -141 536
106126: -529 -542 -143 554
106127: -529 -542 -144 563
106128: -529 -543 -217 491
106129: -529 -543 -218 500
106131: -529 -543 -220 518
106132: -529 -543 -221 527
106135: -529 -543 -224 554
106141: -529 -544 -302 527
106144: -529 -544 -305 554
106170: -529 -547 -547 545
106173: -529 -548 -622 491
106174: -529 -548 -623 500
106175: -529 -548 -624 509
106176: -529 -548 -625 518
106178: -529 -548 -627 536
106180: -529 -548 -629 554
106181: -529 -548 -630 563
106183: -529 -549 -704 500
106189: -529 -549 -710 554
106198: -538 -541 -62 555
106200: -538 -542 -136 492
106204: -538 -542 -140 528
106205: -538 -542 -141 537
106207: -538 -542 -143 555
106208: -538 -542 -144 564
106209: -538 -543 -217 492
106210: -538 -543 -218 501
106212: -538 -543 -220 519
106213: -538 -543 -221 528
106214: -538 -543 -222 537
106216: -538 -543 -224 555
106217: -538 -543 -225 564
106218: -538 -544 -298 492
106219: -538 -544 -299 501
106222: -538 -544 -302 528
106225: -538 -544 -305 555
106227: -538 -545 -379 492
106230: -538 -545 -382 519
106234: -538 -545 -386 555
106235: -538 -545 -387 564
106254: -538 -548 -622 492
106263: -538 -549 -703 492
106264: -538 -549 -704 501
106265: -538 -549 -705 510
106266: -538 -549 -706 519
106267: -538 -549 -707 528
106281: -547 -542 -136 493
106360: -556 -541 -62 557
106362: -556 -542 -136 494
106365: -556 -542 -139 521
106369: -556 -542 -143 557
106370: -556 -542 -144 566
106371: -556 -543 -217 494
106372: -556 -543 -218 503
106374: -556 -543 -220 521
106375: -556 -543 -221 530
106379: -556 -543 -225 566
106383: -556 -544 -301 521
106385: -556 -544 -303 539
106386: -556 -544 -304 548
106388: -556 -544 -306 566
106392: -556 -545 -382 521
106413: -556 -547 -547 548
106426: -556 -549 -704 503
106429: -556 -549 -707 530
106441: -565 -541 -62 558
106443: -565 -542 -136 495
106446: -565 -542 -139 522
106450: -565 -542 -143 558
106452: -565 -543 -217 495
106453: -565 -543 -218 504
106455: -565 -543 -220 522
106456: -565 -543 -221 531
106459: -565 -543 -224 558
106470: -565 -545 -379 495
106473: -565 -545 -382 522
106477: -565 -545 -386 558
106478: -565 -545 -387 567
106509: -565 -549 -706 522
106604: -583 -622 -72 560
106605: -583 -623 -145 488
106606: -583 -623 -146 497
106610: -583 -623 -150 533
106611: -583 -623 -151 542
106613: -583 -623 -153 560
106614: -583 -624 -226 488
106615: -583 -624 -227 497
106617: -583 -624 -229 515
106619: -583 -624 -231 533
106623: -583 -625 -307 488
106626: -583 -625 -310 515
106642: -583 -627 -470 497
106662: -583 -629 -634 515
106685: -592 -622 -72 561
106686: -592 -623 -145 489
106691: -592 -623 -150 534
106692: -592 -623 -151 543
106695: -592 -624 -226 489
106696: -592 -624 -227 498
106697: -592 -624 -228 507
106698: -592 -624 -229 516
106699: -592 -624 -230 525
106700: -592 -624 -231 534
106701: -592 -624 -232 543
106703: -592 -624 -234 561
106704: -592 -625 -307 489
106708: -592 -625 -311 525
106722: -592 -627 -469 489
106724: -592 -627 -471 507
106744: -592 -629 -635 525
106745: -592 -629 -636 534
106748: -592 -629 -639 561
106749: -592 -630 -712 489
106750: -592 -630 -713 498
106751: -592 -630 -714 507
106752: -592 -630 -715 516
106753: -592 -630 -716 525
106754: -592 -630 -717 534
106755: -592 -630 -718 543
106756: -592 -630 -719 552
106757: -592 -630 -720 561
106766: -601 -622 -72 562
106767: -601 -623 -145 490
106768: -601 -623 -146 499
106771: -601 -623 -149 526
106772: -601 -623 -150 535
106773: -601 -623 -151 544
106774: -601 -623 -152 553
106776: -601 -624 -226 490
106779: -601 -624 -229 517
106781: -601 -624 -231 535
106784: -601 -624 -234 562
106785: -601 -625 -307 490
106786: -601 -625 -308 499
106788: -601 -625 -310 517
106789: -601 -625 -311 526
106790: -601 -625 -312 535
106791: -601 -625 -313 544
106793: -601 -625 -315 562
106803: -601 -627 -469 490
106804: -601 -627 -470 499
106805: -601 -627 -471 508
106806: -601 -627 -472 517
106807: -601 -627 -473 526
106808: -601 -627 -474 535
106809: -601 -627 -475 544
106810: -601 -627 -476 553
106811: -601 -627 -477 562
106822: -601 -629 -632 499
106823: -601 -629 -633 508
106825: -601 -629 -635 526
106826: -601 -629 -636 535
106830: -601 -630 -712 490
106831: -601 -630 -713 499
106832: -601 -630 -714 508
106834: -601 -630 -716 526
106835: -601 -630 -717 535
106836: -601 -630 -718 544
106837: -601 -630 -719 553
106838: -601 -630 -720 562
106847: -610 -622 -72 563
106848: -610 -623 -145 491
106851: -610 -623 -148 518
106854: -610 -623 -151 545
106857: -610 -624 -226 491
106858: -610 -624 -227 500
106860: -610 -624 -229 518
106862: -610 -624 -231 536
106864: -610 -624 -233 554
106866: -610 -625 -307 491
106869: -610 -625 -310 518
106871: -610 -625 -312 536
106873: -610 -625 -314 554
106874: -610 -625 -315 563
106875: -610 -626 -388 491
106883: -610 -626 -396 563
106884: -610 -627 -469 491
106886: -610 -627 -471 509
106888: -610 -627 -473 527
106889: -610 -627 -474 536
106890: -610 -627 -475 545
106892: -610 -627 -477 563
106904: -610 -629 -633 509
106910: -610 -629 -639 563
106912: -610 -630 -713 500
106914: -610 -630 -715 518
106916: -610 -630 -717 536
106918: -610 -630 -719 554
106928: -619 -622 -72 564
106929: -619 -623 -145 492
106930: -619 -623 -146 501
106932: -619 -623 -148 519
106933: -619 -623 -149 528
106934: -619 -623 -150 537
106935: -619 -623 -151 546
106938: -619 -624 -226 492
106939: -619 -624 -227 501
106940: -619 -624 -228 510
106941: -619 -624 -229 519
106943: -619 -624 -231 537
106944: -619 -624 -232 546
106945: -619 -624 -233 555
106946: -619 -624 -234 564
106947: -619 -625 -307 492
106948: -619 -625 -308 501
106950: -619 -625 -310 519
106951: -619 -625 -311 528
106953: -619 -625 -313 546
106954: -619 -625 -314 555
106955: -619 -625 -315 564
106956: -619 -626 -388 492
106965: -619 -627 -469 492
106966: -619 -627 -470 501
106967: -619 -627 -471 510
106969: -619 -627 -473 528
106970: -619 -627 -474 537
106971: -619 -627 -475 546
106973: -619 -627 -477 564
106983: -619 -629 -631 492
106984: -619 -629 -632 501
106985: -619 -629 -633 510
106986: -619 -629 -634 519
106991: -619 -629 -639 564
106992: -619 -630 -712 492
106993: -619 -630 -713 501
106994: -619 -630 -714 510
106995: -619 -630 -715 519
106996: -619 -630 -716 528
106998: -619 -630 -718 546
106999: -619 -630 -719 555
107000: -619 -630 -720 564
107055: -628 -628 -550 493
107056: -628 -628 -551 502
107057: -628 -628 -552 511
107058: -628 -628 -553 520
107059: -628 -628 -554 529
107060: -628 -628 -555 538
107061: -628 -628 -556 547
107063: -628 -628 -558 565
107066: -628 -629 -633 511
107171: -646 -622 -72 567
107172: -646 -623 -145 495
107173: -646 -623 -146 504
107175: -646 -623 -148 522
107176: -646 -623 -149 531
107177: -646 -623 -150 540
107178: -646 -623 -151 549
107180: -646 -623 -153 567
107181: -646 -624 -226 495
107182: -646 -624 -227 504
107184: -646 -624 -229 522
107186: -646 -624 -231 540
107190: -646 -625 -307 495
107195: -646 -625 -312 540
107208: -646 -627 -469 495
107209: -646 -627 -470 504
107212: -646 -627 -473 531
107216: -646 -627 -477 567
107227: -646 -629 -632 504
107228: -646 -629 -633 513
107229: -646 -629 -634 522
107230: -646 -629 -635 531
107231: -646 -629 -636 540
107235: -646 -630 -712 495
107248: -655 -703 -77 523
107253: -655 -704 -154 487
107254: -655 -704 -155 496
107256: -655 -704 -157 514
107257: -655 -704 -158 523
107258: -655 -704 -159 532
107259: -655 -704 -160 541
107260: -655 -704 -161 550
107261: -655 -704 -162 559
107262: -655 -705 -235 487
107263: -655 -705 -236 496
107265: -655 -705 -238 514
107266: -655 -705 -239 523
107267: -655 -705 -240 532
107268: -655 -705 -241 541
107269: -655 -705 -242 550
107271: -655 -706 -316 487
107272: -655 -706 -317 496
107274: -655 -706 -319 514
107275: -655 -706 -320 523
107276: -655 -706 -321 532
107277: -655 -706 -322 541
107278: -655 -706 -323 550
107279: -655 -706 -324 559
107280: -655 -707 -397 487
107281: -655 -707 -398 496
107282: -655 -707 -399 505
107283: -655 -707 -400 514
107284: -655 -707 -401 523
107285: -655 -707 -402 532
107286: -655 -707 -403 541
107287: -655 -707 -404 550
107288: -655 -707 -405 559
107289: -655 -708 -478 487
107293: -655 -708 -482 523
107306: -655 -709 -567 559
107307: -655 -710 -640 487
107308: -655 -710 -641 496
107309: -655 -710 -642 505
107310: -655 -710 -643 514
107311: -655 -710 -644 523
107312: -655 -710 -645 532
107314: -655 -710 -647 550
107315: -655 -710 -648 559
107317: -655 -711 -722 496
107318: -655 -711 -723 505
107329: -664 -703 -77 524
107334: -664 -704 -154 488
107335: -664 -704 -155 497
107337: -664 -704 -157 515
107340: -664 -704 -160 542
107341: -664 -704 -161 551
107343: -664 -705 -235 488
107344: -664 -705 -236 497
107345: -664 -705 -237 506
107346: -664 -705 -238 515
107352: -664 -706 -316 488
107355: -664 -706 -319 515
107361: -664 -707 -397 488
107362: -664 -707 -398 497
107388: -664 -710 -640 488
107390: -664 -710 -642 506
107391: -664 -710 -643 515
107392: -664 -710 -644 524
107393: -664 -710 -645 533
107396: -664 -710 -648 560
107400: -664 -711 -724 515
107410: -673 -703 -77 525
107415: -673 -704 -154 489
107418: -673 -704 -157 516
107421: -673 -704 -160 543
107424: -673 -705 -235 489
107425: -673 -705 -236 498
107426: -673 -705 -237 507
107427: -673 -705 -238 516
107428: -673 -705 -239 525
107429: -673 -705 -240 534
107431: -673 -705 -242 552
107433: -673 -706 -316 489
107434: -673 -706 -317 498
107436: -673 -706 -319 516
107441: -673 -706 -324 561
107451: -673 -708 -478 489
107452: -673 -708 -479 498
107453: -673 -708 -480 507
107454: -673 -708 -481 516
107455: -673 -708 -482 525
107456: -673 -708 -483 534
107458: -673 -708 -485 552
107459: -673 -708 -486 561
107469: -673 -710 -640 489
107470: -673 -710 -641 498
107471: -673 -710 -642 507
107472: -673 -710 -643 516
107474: -673 -710 -645 534
107475: -673 -710 -646 543
107476: -673 -710 -647 552
107481: -673 -711 -724 516
107482: -673 -711 -725 525
107483: -673 -711 -726 534
107491: -682 -703 -77 526
107496: -682 -704 -154 490
107497: -682 -704 -155 499
107499: -682 -704 -157 517
107500: -682 -704 -158 526
107501: -682 -704 -159 535
107502: -682 -704 -160 544
107503: -682 -704 -161 553
107504: -682 -704 -162 562
107505: -682 -705 -235 490
107506: -682 -705 -236 499
107507: -682 -705 -237 508
107509: -682 -705 -239 526
107510: -682 -705 -240 535
107511: -682 -705 -241 544
107512: -682 -705 -242 553
107514: -682 -706 -316 490
107515: -682 -706 -317 499
107517: -682 -706 -319 517
107518: -682 -706 -320 526
107519: -682 -706 -321 535
107520: -682 -706 -322 544
107521: -682 -706 -323 553
107523: -682 -707 -397 490
107524: -682 -707 -398 499
107531: -682 -707 -405 562
107532: -682 -708 -478 490
107533: -682 -708 -479 499
107534: -682 -708 -480 508
107535: -682 -708 -481 517
107536: -682 -708 -482 526
107537: -682 -708 -483 535
107538: -682 -708 -484 544
107539: -682 -708 -485 553
107550: -682 -710 -640 490
107551: -682 -710 -641 499
107552: -682 -710 -642 508
107553: -682 -710 -643 517
107554: -682 -710 -644 526
107555: -682 -710 -645 535
107556: -682 -710 -646 544
107557: -682 -710 -647 553
107558: -682 -710 -648 562
107559: -682 -711 -721 490
107560: -682 -711 -722 499
107561: -682 -711 -723 508
107562: -682 -711 -724 517
107563: -682 -711 -725 526
107564: -682 -711 -726 535
107572: -691 -703 -77 527
107577: -691 -704 -154 491
107583: -691 -704 -160 545
107586: -691 -705 -235 491
107587: -691 -705 -236 500
107589: -691 -705 -238 518
107591: -691 -705 -240 536
107603: -691 -706 -324 563
107614: -691 -708 -479 500
107634: -691 -710 -643 518
107640: -691 -711 -721 491
107643: -691 -711 -724 518
107653: -700 -703 -77 528
107658: -700 -704 -154 492
107663: -700 -704 -159 537
107664: -700 -704 -160 546
107667: -700 -705 -235 492
107668: -700 -705 -236 501
107669: -700 -705 -237 510
107670: -700 -705 -238 519
107671: -700 -705 -239 528
107676: -700 -706 -316 492
107685: -700 -707 -397 492
107694: -700 -708 -478 492
107714: -700 -710 -642 510
107721: -700 -711 -721 492
107723: -700 -711 -723 510
107784: -709 -709 -559 493
107785: -709 -709 -560 502
107786: -709 -709 -561 511
107787: -709 -709 -562 520
107788: -709 -709 -563 529
107789: -709 -709 -564 538
107790: -709 -709 -565 547
107791: -709 -709 -566 556
107815: -718 -703 -77 530
107820: -718 -704 -154 494
107821: -718 -704 -155 503
107824: -718 -704 -158 530
107826: -718 -704 -160 548
107827: -718 -704 -161 557
107829: -718 -705 -235 494
107831: -718 -705 -237 512
107876: -718 -710 -642 512
107896: -727 -703 -77 531
107901: -727 -704 -154 495
107902: -727 -704 -155 504
107904: -727 -704 -157 522
107905: -727 -704 -158 531
107906: -727 -704 -159 540
107907: -727 -704 -160 549
107908: -727 -704 -161 558
107909: -727 -704 -162 567
107910: -727 -705 -235 495
107911: -727 -705 -236 504
107912: -727 -705 -237 513
107913: -727 -705 -238 522
107919: -727 -706 -316 495
107927: -727 -706 -324 567
107941: -727 -708 -482 531
107955: -727 -710 -640 495
107957: -727 -710 -642 513
107958: -727 -710 -643 522
107959: -727 -710 -644 531
107961: -727 -710 -646 549
108532: -62 -72 -650 583
108533: -62 -72 -651 592
108534: -62 -72 -652 601
108535: -62 -72 -653 610
108536: -62 -72 -654 619
108537: -62 -72 -655 628
108538: -62 -72 -656 637
108539: -62 -72 -657 646
108785: -98 -145 -12 587
108812: -98 -148 -255 587
108819: -98 -149 -334 569
108822: -98 -149 -337 596
108828: -98 -150 -415 569
108829: -98 -150 -416 578
108830: -98 -150 -417 587
108831: -98 -150 -418 596
108833: -98 -150 -420 614
108834: -98 -150 -421 623
108835: -98 -150 -422 632
108836: -98 -150 -423 641
108837: -98 -151 -496 569
108839: -98 -151 -498 587
108840: -98 -151 -499 596
108841: -98 -151 -500 605
108842: -98 -151 -501 614
108845: -98 -151 -504 641
108856: -98 -153 -659 578
108857: -98 -153 -660 587
108858: -98 -153 -661 596
108859: -98 -153 -662 605
108860: -98 -153 -663 614
108861: -98 -153 -664 623
108863: -98 -153 -666 641
108866: -107 -145 -12 588
108876: -107 -146 -94 597
108877: -107 -146 -95 606
108878: -107 -146 -96 615
108879: -107 -146 -97 624
108881: -107 -146 -99 642
108893: -107 -148 -255 588
108900: -107 -149 -334 570
108901: -107 -149 -335 579
108902: -107 -149 -336 588
108903: -107 -149 -337 597
108904: -107 -149 -338 606
108905: -107 -149 -339 615
108906: -107 -149 -340 624
108907: -107 -149 -341 633
108908: -107 -149 -342 642
108909: -107 -150 -415 570
108911: -107 -150 -417 588
108912: -107 -150 -418 597
108913: -107 -150 -419 606
108914: -107 -150 -420 615
108915: -107 -150 -421 624
108916: -107 -150 -422 633
108917: -107 -150 -423 642
108918: -107 -151 -496 570
108919: -107 -151 -497 579
108920: -107 -151 -498 588
108921: -107 -151 -499 597
108922: -107 -151 -500 606
108923: -107 -151 -501 615
108924: -107 -151 -502 624
108925: -107 -151 -503 633
108926: -107 -151 -504 642
108936: -107 -153 -658 570
108938: -107 -153 -660 588
108939: -107 -153 -661 597
108940: -107 -153 -662 606
108941: -107 -153 -663 615
108942: -107 -153 -664 624
108943: -107 -153 -665 633
108944: -107 -153 -666 642
108947: -116 -145 -12 589
108958: -116 -146 -95 607
108959: -116 -146 -96 616
108960: -116 -146 -97 625
108962: -116 -146 -99 643
108974: -116 -148 -255 589
108981: -116 -149 -334 571
108982: -116 -149 -335 580
108983: -116 -149 -336 589
108984: -116 -149 -337 598
108985: -116 -149 -338 607
108987: -116 -149 -340 625
108988: -116 -149 -341 634
108989: -116 -149 -342 643
108990: -116 -150 -415 571
108992: -116 -150 -417 589
108993: -116 -150 -418 598
108994: -116 -150 -419 607
108995: -116 -150 -420 616
108996: -116 -150 -421 625
108997: -116 -150 -422 634
108998: -116 -150 -423 643
108999: -116 -151 -496 571
109000: -116 -151 -497 580
109001: -116 -151 -498 589
109002: -116 -151 -499 598
109003: -116 -151 -500 607
109004: -116 -151 -501 616
109005: -116 -151 -502 625
109006: -116 -151 -503 634
109007: -116 -151 -504 643
109018: -116 -153 -659 580
109019: -116 -153 -660 589
109020: -116 -153 -661 598
109021: -116 -153 -662 607
109022: -116 -153 -663 616
109023: -116 -153 -664 625
109025: -116 -153 -666 643
109028: -125 -145 -12 590
109039: -125 -146 -95 608
109040: -125 -146 -96 617
109041: -125 -146 -97 626
109043: -125 -146 -99 644
109055: -125 -148 -255 590
109062: -125 -149 -334 572
109065: -125 -149 -337 599
109066: -125 -149 -338 608
109067: -125 -149 -339 617
109068: -125 -149 -340 626
109069: -125 -149 -341 635
109070: -125 -149 -342 644
109071: -125 -150 -415 572
109073: -125 -150 -417 590
109074: -125 -150 -418 599
109075: -125 -150 -419 608
109076: -125 -150 -420 617
109077: -125 -150 -421 626
109078: -125 -150 -422 635
109079: -125 -150 -423 644
109080: -125 -151 -496 572
109081: -125 -151 -497 581
109083: -125 -151 -499 599
109084: -125 -151 -500 608
109086: -125 -151 -502 626
109087: -125 -151 -503 635
109088: -125 -151 -504 644
109098: -125 -153 -658 572
109101: -125 -153 -661 599
109105: -125 -153 -665 635
109109: -134 -145 -12 591
109124: -134 -146 -99 645
109136: -134 -148 -255 591
109145: -134 -149 -336 591
109152: -134 -150 -415 573
109155: -134 -150 -418 600
109156: -134 -150 -419 609
109157: -134 -150 -420 618
109158: -134 -150 -421 627
109159: -134 -150 -422 636
109160: -134 -150 -423 645
109161: -134 -151 -496 573
109164: -134 -151 -499 600
109165: -134 -151 -500 609
109167: -134 -151 -502 627
109169: -134 -151 -504 645
109179: -134 -153 -658 573
109182: -134 -153 -661 600
109183: -134 -153 -662 609
109184: -134 -153 -663 618
109185: -134 -153 -664 627
109187: -134 -153 -666 645
109190: -143 -145 -12 592
109201: -143 -146 -95 610
109202: -143 -146 -96 619
109205: -143 -146 -99 646
109217: -143 -148 -255 592
109224: -143 -149 -334 574
109226: -143 -149 -336 592
109227: -143 -149 -337 601
109228: -143 -149 -338 610
109229: -143 -149 -339 619
109230: -143 -149 -340 628
109231: -143 -149 -341 637
109232: -143 -149 -342 646
109233: -143 -150 -415 574
109234: -143 -150 -416 583
109235: -143 -150 -417 592
109236: -143 -150 -418 601
109237: -143 -150 -419 610
109238: -143 -150 -420 619
109239: -143 -150 -421 628
109240: -143 -150 -422 637
109241: -143 -150 -423 646
109242: -143 -151 -496 574
109244: -143 -151 -498 592
109245: -143 -151 -499 601
109246: -143 -151 -500 610
109248: -143 -151 -502 628
109250: -143 -151 -504 646
109260: -143 -153 -658 574
109261: -143 -153 -659 583
109263: -143 -153 -661 601
109264: -143 -153 -662 610
109265: -143 -153 -663 619
109267: -143 -153 -665 637
109268: -143 -153 -666 646
109298: -152 -148 -255 593
109332: -152 -152 -577 575
109334: -152 -152 -579 593
109335: -152 -152 -580 602
109336: -152 -152 -581 611
109337: -152 -152 -582 620
109338: -152 -152 -583 629
109339: -152 -152 -584 638
109340: -152 -152 -585 647
109352: -161 -145 -12 594
109364: -161 -146 -96 621
109365: -161 -146 -97 630
109379: -161 -148 -255 594
109386: -161 -149 -334 576
109388: -161 -149 -336 594
109389: -161 -149 -337 603
109390: -161 -149 -338 612
109392: -161 -149 -340 630
109395: -161 -150 -415 576
109398: -161 -150 -418 603
109399: -161 -150 -419 612
109403: -161 -150 -423 648
109407: -161 -151 -499 603
109409: -161 -151 -501 621
109410: -161 -151 -502 630
109425: -161 -153 -661 603
109426: -161 -153 -662 612
109427: -161 -153 -663 621
109428: -161 -153 -664 630
109430: -161 -153 -666 648
109434: -170 -226 -22 595
109441: -170 -227 -101 577
109443: -170 -227 -103 595
109444: -170 -227 -104 604
109445: -170 -227 -105 613
109446: -170 -227 -106 622
109447: -170 -227 -107 631
109448: -170 -227 -108 640
109449: -170 -228 -181 568
109451: -170 -228 -183 586
109452: -170 -228 -184 595
109454: -170 -228 -186 613
109457: -170 -228 -189 640
109459: -170 -229 -263 577
109462: -170 -229 -266 604
109463: -170 -229 -267 613
109464: -170 -229 -268 622
109465: -170 -229 -269 631
109466: -170 -229 -270 640
109467: -170 -230 -343 568
109468: -170 -230 -344 577
109469: -170 -230 -345 586
109470: -170 -230 -346 595
109471: -170 -230 -347 604
109472: -170 -230 -348 613
109473: -170 -230 -349 622
109474: -170 -230 -350 631
109475: -170 -230 -351 640
109476: -170 -231 -424 568
109477: -170 -231 -425 577
109478: -170 -231 -426 586
109479: -170 -231 -427 595
109480: -170 -231 -428 604
109481: -170 -231 -429 613
109482: -170 -231 -430 622
109483: -170 -231 -431 631
109484: -170 -231 -432 640
109493: -170 -232 -513 640
109503: -170 -234 -667 568
109504: -170 -234 -668 577
109505: -170 -234 -669 586
109506: -170 -234 -670 595
109508: -170 -234 -672 613
109509: -170 -234 -673 622
109510: -170 -234 -674 631
109511: -170 -234 -675 640
109515: -179 -226 -22 596
109522: -179 -227 -101 578
109524: -179 -227 -103 596
109525: -179 -227 -104 605
109526: -179 -227 -105 614
109527: -179 -227 -106 623
109528: -179 -227 -107 632
109529: -179 -227 -108 641
109530: -179 -228 -181 569
109533: -179 -228 -184 596
109534: -179 -228 -185 605
109535: -179 -228 -186 614
109536: -179 -228 -187 623
109540: -179 -229 -263 578
109543: -179 -229 -266 605
109544: -179 -229 -267 614
109545: -179 -229 -268 623
109546: -179 -229 -269 632
109547: -179 -229 -270 641
109548: -179 -230 -343 569
109549: -179 -230 -344 578
109550: -179 -230 -345 587
109551: -179 -230 -346 596
109552: -179 -230 -347 605
109553: -179 -230 -348 614
109554: -179 -230 -349 623
109555: -179 -230 -350 632
109556: -179 -230 -351 641
109557: -179 -231 -424 569
109558: -179 -231 -425 578
109559: -179 -231 -426 587
109560: -179 -231 -427 596
109561: -179 -231 -428 605
109562: -179 -231 -429 614
109563: -179 -231 -430 623
109564: -179 -231 -431 632
109565: -179 -231 -432 641
109566: -179 -232 -505 569
109567: -179 -232 -506 578
109568: -179 -232 -507 587
109569: -179 -232 -508 596
109570: -179 -232 -509 605
109571: -179 -232 -510 614
109572: -179 -232 -511 623
109573: -179 -232 -512 632
109574: -179 -232 -513 641
109596: -188 -226 -22 597
109603: -188 -227 -101 579
109606: -188 -227 -104 606
109607: -188 -227 -105 615
109608: -188 -227 -106 624
109609: -188 -227 -107 633
109610: -188 -227 -108 642
109621: -188 -229 -263 579
109624: -188 -229 -266 606
109625: -188 -229 -267 615
109626: -188 -229 -268 624
109627: -188 -229 -269 633
109628: -188 -229 -270 642
109629: -188 -230 -343 570
109630: -188 -230 -344 579
109631: -188 -230 -345 588
109634: -188 -230 -348 615
109635: -188 -230 -349 624
109636: -188 -230 -350 633
109637: -188 -230 -351 642
109638: -188 -231 -424 570
109639: -188 -231 -425 579
109641: -188 -231 -427 597
109642: -188 -231 -428 606
109643: -188 -231 -429 615
109644: -188 -231 -430 624
109645: -188 -231 -431 633
109646: -188 -231 -432 642
109647: -188 -232 -505 570
109648: -188 -232 -506 579
109649: -188 -232 -507 588
109650: -188 -232 -508 597
109651: -188 -232 -509 606
109652: -188 -232 -510 615
109653: -188 -232 -511 624
109655: -188 -232 -513 642
109665: -188 -234 -667 570
109666: -188 -234 -668 579
109668: -188 -234 -670 597
109669: -188 -234 -671 606
109670: -188 -234 -672 615
109671: -188 -234 -673 624
109672: -188 -234 -674 633
109673: -188 -234 -675 642
109677: -197 -226 -22 598
109684: -197 -227 -101 580
109687: -197 -227 -104 607
109688: -197 -227 -105 616
109689: -197 -227 -106 625
109690: -197 -227 -107 634
109691: -197 -227 -108 643
109695: -197 -228 -184 598
109696: -197 -228 -185 607
109697: -197 -228 -186 616
109698: -197 -228 -187 625
109700: -197 -228 -189 643
109705: -197 -229 -266 607
109706: -197 -229 -267 616
109707: -197 -229 -268 625
109709: -197 -229 -270 643
109710: -197 -230 -343 571
109711: -197 -230 -344 580
109713: -197 -230 -346 598
109714: -197 -230 -347 607
109715: -197 -230 -348 616
109716: -197 -230 -349 625
109717: -197 -230 -350 634
109718: -197 -230 -351 643
109719: -197 -231 -424 571
109723: -197 -231 -428 607
109725: -197 -231 -430 625
109728: -197 -232 -505 571
109729: -197 -232 -506 580
109731: -197 -232 -508 598
109732: -197 -232 -509 607
109733: -197 -232 -510 616
109734: -197 -232 -511 625
109735: -197 -232 -512 634
109736: -197 -232 -513 643
109746: -197 -234 -667 571
109747: -197 -234 -668 580
109748: -197 -234 -669 589
109749: -197 -234 -670 598
109750: -197 -234 -671 607
109751: -197 -234 -672 616
109752: -197 -234 -673 625
109754: -197 -234 -675 643
109758: -206 -226 -22 599
109765: -206 -227 -101 581
109767: -206 -227 -103 599
109768: -206 -227 -104 608
109769: -206 -227 -105 617
109770: -206 -227 -106 626
109771: -206 -227 -107 635
109772: -206 -227 -108 644
109773: -206 -228 -181 572
109781: -206 -228 -189 644
109783: -206 -229 -263 581
109786: -206 -229 -266 608
109787: -206 -229 -267 617
109788: -206 -229 -268 626
109789: -206 -229 -269 635
109790: -206 -229 -270 644
109791: -206 -230 -343 572
109794: -206 -230 -346 599
109798: -206 -230 -350 635
109804: -206 -231 -428 608
109827: -206 -234 -667 572
109828: -206 -234 -668 581
109830: -206 -234 -670 599
109831: -206 -234 -671 608
109832: -206 -234 -672 617
109833: -206 -234 -673 626
109835: -206 -234 -675 644
109839: -215 -226 -22 600
109846: -215 -227 -101 582
109849: -215 -227 -104 609
109850: -215 -227 -105 618
109851: -215 -227 -106 627
109852: -215 -227 -107 636
109853: -215 -227 -108 645
109854: -215 -228 -181 573
109857: -215 -228 -184 600
109858: -215 -228 -185 609
109860: -215 -228 -187 627
109862: -215 -228 -189 645
109864: -215 -229 -263 582
109866: -215 -229 -265 600
109867: -215 -229 -266 609
109868: -215 -229 -267 618
109869: -215 -229 -268 627
109870: -215 -229 -269 636
109871: -215 -229 -270 645
109874: -215 -230 -345 591
109887: -215 -231 -430 627
109888: -215 -231 -431 636
109890: -215 -232 -505 573
109895: -215 -232 -510 618
109898: -215 -232 -513 645
109920: -224 -226 -22 601
109927: -224 -227 -101 583
109929: -224 -227 -103 601
109930: -224 -227 -104 610
109931: -224 -227 -105 619
109932: -224 -227 -106 628
109933: -224 -227 -107 637
109934: -224 -227 -108 646
109935: -224 -228 -181 574
109939: -224 -228 -185 610
109940: -224 -228 -186 619
109941: -224 -228 -187 628
109943: -224 -228 -189 646
109945: -224 -229 -263 583
109948: -224 -229 -266 610
109949: -224 -229 -267 619
109950: -224 -229 -268 628
109951: -224 -229 -269 637
109952: -224 -229 -270 646
109953: -224 -230 -343 574
109955: -224 -230 -345 592
109960: -224 -230 -350 637
109962: -224 -231 -424 574
109963: -224 -231 -425 583
109966: -224 -231 -428 610
109967: -224 -231 -429 619
109969: -224 -231 -431 637
109970: -224 -231 -432 646
109971: -224 -232 -505 574
109972: -224 -232 -506 583
109973: -224 -232 -507 592
109974: -224 -232 -508 601
109975: -224 -232 -509 610
109977: -224 -232 -511 628
109978: -224 -232 -512 637
109979: -224 -232 -513 646
109989: -224 -234 -667 574
109990: -224 -234 -668 583
109992: -224 -234 -670 601
109994: -224 -234 -672 619
109995: -224 -234 -673 628
109996: -224 -234 -674 637
109997: -224 -234 -675 646
110061: -233 -233 -586 575
110062: -233 -233 -587 584
110063: -233 -233 -588 593
110064: -233 -233 -589 602
110065: -233 -233 -590 611
110066: -233 -233 -591 620
110067: -233 -233 -592 629
110068: -233 -233 -593 638
110069: -233 -233 -594 647
110070: -233 -234 -667 575
110082: -242 -226 -22 603
110089: -242 -227 -101 585
110091: -242 -227 -103 603
110092: -242 -227 -104 612
110093: -242 -227 -105 621
110094: -242 -227 -106 630
110095: -242 -227 -107 639
110096: -242 -227 -108 648
110100: -242 -228 -184 603
110103: -242 -228 -187 630
110107: -242 -229 -263 585
110110: -242 -229 -266 612
110112: -242 -229 -268 630
110113: -242 -229 -269 639
110114: -242 -229 -270 648
110117: -242 -230 -345 594
110141: -242 -232 -513 648
110160: -251 -307 -28 568
110169: -251 -308 -109 568
110170: -251 -308 -110 577
110173: -251 -308 -113 604
110174: -251 -308 -114 613
110175: -251 -308 -115 622
110176: -251 -308 -116 631
110177: -251 -308 -117 640
110188: -251 -310 -272 577
110191: -251 -310 -275 604
110192: -251 -310 -276 613
110195: -251 -310 -279 640
110196: -251 -311 -352 568
110197: -251 -311 -353 577
110198: -251 -311 -354 586
110199: -251 -311 -355 595
110200: -251 -311 -356 604
110201: -251 -311 -357 613
110202: -251 -311 -358 622
110203: -251 -311 -359 631
110204: -251 -311 -360 640
110205: -251 -312 -433 568
110206: -251 -312 -434 577
110207: -251 -312 -435 586
110208: -251 -312 -436 595
110209: -251 -312 -437 604
110210: -251 -312 -438 613
110211: -251 -312 -439 622
110212: -251 -312 -440 631
110213: -251 -312 -441 640
110214: -251 -313 -514 568
110215: -251 -313 -515 577
110216: -251 -313 -516 586
110217: -251 -313 -517 595
110218: -251 -313 -518 604
110219: -251 -313 -519 613
110220: -251 -313 -520 622
110221: -251 -313 -521 631
110222: -251 -313 -522 640
110232: -251 -315 -676 568
110233: -251 -315 -677 577
110234: -251 -315 -678 586
110235: -251 -315 -679 595
110236: -251 -315 -680 604
110237: -251 -315 -681 613
110238: -251 -315 -682 622
110239: -251 -315 -683 631
110240: -251 -315 -684 640
110322: -269 -307 -28 570
110331: -269 -308 -109 570
110332: -269 -308 -110 579
110335: -269 -308 -113 606
110336: -269 -308 -114 615
110337: -269 -308 -115 624
110338: -269 -308 -116 633
110339: -269 -308 -117 642
110350: -269 -310 -272 579
110353: -269 -310 -275 606
110354: -269 -310 -276 615
110355: -269 -310 -277 624
110357: -269 -310 -279 642
110358: -269 -311 -352 570
110359: -269 -311 -353 579
110360: -269 -311 -354 588
110361: -269 -311 -355 597
110362: -269 -311 -356 606
110363: -269 -311 -357 615
110364: -269 -311 -358 624
110365: -269 -311 -359 633
110366: -269 -311 -360 642
110367: -269 -312 -433 570
110368: -269 -312 -434 579
110369: -269 -312 -435 588
110370: -269 -312 -436 597
110371: -269 -312 -437 606
110372: -269 -312 -438 615
110373: -269 -312 -439 624
110374: -269 -312 -440 633
110375: -269 -312 -441 642
110376: -269 -313 -514 570
110377: -269 -313 -515 579
110378: -269 -313 -516 588
110379: -269 -313 -517 597
110380: -269 -313 -518 606
110381: -269 -313 -519 615
110382: -269 -313 -520 624
110383: -269 -313 -521 633
110384: -269 -313 -522 642
110394: -269 -315 -676 570
110395: -269 -315 -677 579
110396: -269 -315 -678 588
110397: -269 -315 -679 597
110398: -269 -315 -680 606
110399: -269 -315 -681 615
110400: -269 -315 -682 624
110401: -269 -315 -683 633
110402: -269 -315 -684 642
110403: -278 -307 -28 571
110412: -278 -308 -109 571
110419: -278 -308 -116 634
110439: -278 -311 -352 571
110441: -278 -311 -354 589
110447: -278 -311 -360 643
110448: -278 -312 -433 571
110449: -278 -312 -434 580
110450: -278 -312 -435 589
110452: -278 -312 -437 607
110453: -278 -312 -438 616
110454: -278 -312 -439 625
110456: -278 -312 -441 643
110457: -278 -313 -514 571
110458: -278 -313 -515 580
110459: -278 -313 -516 589
110461: -278 -313 -518 607
110462: -278 -313 -519 616
110463: -278 -313 -520 625
110464: -278 -313 -521 634
110465: -278 -313 -522 643
110475: -278 -315 -676 571
110476: -278 -315 -677 580
110478: -278 -315 -679 598
110484: -287 -307 -28 572
110493: -287 -308 -109 572
110494: -287 -308 -110 581
110497: -287 -308 -113 608
110498: -287 -308 -114 617
110499: -287 -308 -115 626
110500: -287 -308 -116 635
110501: -287 -308 -117 644
110512: -287 -310 -272 581
110516: -287 -310 -276 617
110517: -287 -310 -277 626
110519: -287 -310 -279 644
110529: -287 -312 -433 572
110532: -287 -312 -436 599
110533: -287 -312 -437 608
110538: -287 -313 -514 572
110539: -287 -313 -515 581
110540: -287 -313 -516 590
110542: -287 -313 -518 608
110544: -287 -313 -520 626
110546: -287 -313 -522 644
110556: -287 -315 -676 572
110563: -287 -315 -683 635
110565: -296 -307 -28 573
110574: -296 -308 -109 573
110575: -296 -308 -110 582
110578: -296 -308 -113 609
110579: -296 -308 -114 618
110580: -296 -308 -115 627
110581: -296 -308 -116 636
110582: -296 -308 -117 645
110593: -296 -310 -272 582
110597: -296 -310 -276 618
110600: -296 -310 -279 645
110601: -296 -311 -352 573
110606: -296 -311 -357 618
110609: -296 -311 -360 645
110616: -296 -312 -439 627
110619: -296 -313 -514 573
110620: -296 -313 -515 582
110621: -296 -313 -516 591
110627: -296 -313 -522 645
110646: -305 -307 -28 574
110655: -305 -308 -109 574
110656: -305 -308 -110 583
110659: -305 -308 -113 610
110660: -305 -308 -114 619
110661: -305 -308 -115 628
110662: -305 -308 -116 637
110663: -305 -308 -117 646
110674: -305 -310 -272 583
110678: -305 -310 -276 619
110681: -305 -310 -279 646
110682: -305 -311 -352 574
110683: -305 -311 -353 583
110684: -305 -311 -354 592
110687: -305 -311 -357 619
110688: -305 -311 -358 628
110690: -305 -311 -360 646
110691: -305 -312 -433 574
110692: -305 -312 -434 583
110695: -305 -312 -437 610
110700: -305 -313 -514 574
110701: -305 -313 -515 583
110702: -305 -313 -516 592
110704: -305 -313 -518 610
110706: -305 -313 -520 628
110707: -305 -313 -521 637
110708: -305 -313 -522 646
110719: -305 -315 -677 583
110763: -314 -311 -352 575
110790: -314 -314 -595 575
110791: -314 -314 -596 584
110792: -314 -314 -597 593
110793: -314 -314 -598 602
110794: -314 -314 -599 611
110795: -314 -314 -600 620
110796: -314 -314 -601 629
110797: -314 -314 -602 638
110798: -314 -314 -603 647
110808: -323 -307 -28 576
110817: -323 -308 -109 576
110821: -323 -308 -113 612
110823: -323 -308 -115 630
110825: -323 -308 -117 648
110841: -323 -310 -277 630
110843: -323 -310 -279 648
110844: -323 -311 -352 576
110845: -323 -311 -353 585
110849: -323 -311 -357 621
110852: -323 -311 -360 648
110857: -323 -312 -437 612
110863: -323 -313 -515 585
110866: -323 -313 -518 612
110870: -323 -313 -522 648
110883: -323 -315 -679 603
110887: -323 -315 -683 639
110894: -332 -388 -42 613
110898: -332 -389 -118 568
110899: -332 -389 -119 577
110901: -332 -389 -121 595
110902: -332 -389 -122 604
110903: -332 -389 -123 613
110904: -332 -389 -124 622
110905: -332 -389 -125 631
110906: -332 -389 -126 640
110907: -332 -390 -199 568
110908: -332 -390 -200 577
110909: -332 -390 -201 586
110910: -332 -390 -202 595
110914: -332 -390 -206 631
110916: -332 -391 -280 568
110917: -332 -391 -281 577
110919: -332 -391 -283 595
110921: -332 -391 -285 613
110922: -332 -391 -286 622
110923: -332 -391 -287 631
110924: -332 -391 -288 640
110925: -332 -392 -361 568
110926: -332 -392 -362 577
110927: -332 -392 -363 586
110928: -332 -392 -364 595
110934: -332 -393 -442 568
110935: -332 -393 -443 577
110936: -332 -393 -444 586
110937: -332 -393 -445 595
110938: -332 -393 -446 604
110939: -332 -393 -447 613
110941: -332 -393 -449 631
110942: -332 -393 -450 640
110943: -332 -394 -523 568
110944: -332 -394 -524 577
110948: -332 -394 -528 613
110961: -332 -396 -685 568
110963: -332 -396 -687 586
110964: -332 -396 -688 595
110965: -332 -396 -689 604
110969: -332 -396 -693 640
110975: -341 -388 -42 614
110979: -341 -389 -118 569
110980: -341 -389 -119 578
110988: -341 -390 -199 569
110997: -341 -391 -280 569
111000: -341 -391 -283 596
111006: -341 -392 -361 569
111008: -341 -392 -363 587
111009: -341 -392 -364 596
111027: -341 -394 -526 596
111042: -341 -396 -685 569
111044: -341 -396 -687 587
111045: -341 -396 -688 596
111047: -341 -396 -690 614
111048: -341 -396 -691 623
111056: -350 -388 -42 615
111060: -350 -389 -118 570
111061: -350 -389 -119 579
111063: -350 -389 -121 597
111064: -350 -389 -122 606
111066: -350 -389 -124 624
111067: -350 -389 -125 633
111068: -350 -389 -126 642
111069: -350 -390 -199 570
111070: -350 -390 -200 579
111071: -350 -390 -201 588
111072: -350 -390 -202 597
111074: -350 -390 -204 615
111075: -350 -390 -205 624
111076: -350 -390 -206 633
111077: -350 -390 -207 642
111078: -350 -391 -280 570
111079: -350 -391 -281 579
111100: -350 -393 -446 606
111105: -350 -394 -523 570
111123: -350 -396 -685 570
111125: -350 -396 -687 588
111126: -350 -396 -688 597
111130: -350 -396 -692 633
111137: -359 -388 -42 616
111141: -359 -389 -118 571
111142: -359 -389 -119 580
111144: -359 -389 -121 598
111145: -359 -389 -122 607
111146: -359 -389 -123 616
111147: -359 -389 -124 625
111148: -359 -389 -125 634
111149: -359 -389 -126 643
111150: -359 -390 -199 571
111151: -359 -390 -200 580
111152: -359 -390 -201 589
111153: -359 -390 -202 598
111154: -359 -390 -203 607
111157: -359 -390 -206 634
111158: -359 -390 -207 643
111159: -359 -391 -280 571
111160: -359 -391 -281 580
111162: -359 -391 -283 598
111164: -359 -391 -285 616
111165: -359 -391 -286 625
111166: -359 -391 -287 634
111167: -359 -391 -288 643
111168: -359 -392 -361 571
111170: -359 -392 -363 589
111173: -359 -392 -366 616
111174: -359 -392 -367 625
111177: -359 -393 -442 571
111179: -359 -393 -444 589
111181: -359 -393 -446 607
111182: -359 -393 -447 616
111185: -359 -393 -450 643
111186: -359 -394 -523 571
111189: -359 -394 -526 598
111191: -359 -394 -528 616
111204: -359 -396 -685 571
111205: -359 -396 -686 580
111206: -359 -396 -687 589
111207: -359 -396 -688 598
111208: -359 -396 -689 607
111209: -359 -396 -690 616
111210: -359 -396 -691 625
111211: -359 -396 -692 634
111212: -359 -396 -693 643
111218: -368 -388 -42 617
111222: -368 -389 -118 572
111223: -368 -389 -119 581
111225: -368 -389 -121 599
111228: -368 -389 -124 626
111230: -368 -389 -126 644
111231: -368 -390 -199 572
111232: -368 -390 -200 581
111234: -368 -390 -202 599
111235: -368 -390 -203 608
111237: -368 -390 -205 626
111240: -368 -391 -280 572
111243: -368 -391 -283 599
111245: -368 -391 -285 617
111258: -368 -393 -442 572
111259: -368 -393 -443 581
111260: -368 -393 -444 590
111261: -368 -393 -445 599
111262: -368 -393 -446 608
111263: -368 -393 -447 617
111264: -368 -393 -448 626
111266: -368 -393 -450 644
111267: -368 -394 -523 572
111272: -368 -394 -528 617
111285: -368 -396 -685 572
111287: -368 -396 -687 590
111290: -368 -396 -690 617
111291: -368 -396 -691 626
111292: -368 -396 -692 635
111293: -368 -396 -693 644
111299: -377 -388 -42 618
111303: -377 -389 -118 573
111312: -377 -390 -199 573
111319: -377 -390 -206 636
111321: -377 -391 -280 573
111324: -377 -391 -283 600
111329: -377 -391 -288 645
111331: -377 -392 -362 582
111332: -377 -392 -363 591
111366: -377 -396 -685 573
111369: -377 -396 -688 600
111380: -386 -388 -42 619
111384: -386 -389 -118 574
111387: -386 -389 -121 601
111393: -386 -390 -199 574
111394: -386 -390 -200 583
111400: -386 -390 -206 637
111402: -386 -391 -280 574
111409: -386 -391 -287 637
111410: -386 -391 -288 646
111412: -386 -392 -362 583
111413: -386 -392 -363 592
111416: -386 -392 -366 619
111420: -386 -393 -442 574
111424: -386 -393 -446 610
111429: -386 -394 -523 574
111434: -386 -394 -528 619
111447: -386 -396 -685 574
111448: -386 -396 -686 583
111450: -386 -396 -688 601
111451: -386 -396 -689 610
111452: -386 -396 -690 619
111454: -386 -396 -692 637
111455: -386 -396 -693 646
111519: -395 -395 -604 575
111520: -395 -395 -605 584
111521: -395 -395 -606 593
111522: -395 -395 -607 602
111525: -395 -395 -610 629
111526: -395 -395 -611 638
111527: -395 -395 -612 647
111542: -404 -388 -42 621
111546: -404 -389 -118 576
111552: -404 -389 -124 630
111555: -404 -390 -199 576
111564: -404 -391 -280 576
111596: -404 -394 -528 621
111616: -404 -396 -692 639
111624: -413 -469 -52 622
111627: -413 -470 -127 568
111630: -413 -470 -130 595
111631: -413 -470 -131 604
111632: -413 -470 -132 613
111633: -413 -470 -133 622
111634: -413 -470 -134 631
111635: -413 -470 -135 640
111636: -413 -471 -208 568
111637: -413 -471 -209 577
111639: -413 -471 -211 595
111640: -413 -471 -212 604
111642: -413 -471 -214 622
111643: -413 -471 -215 631
111645: -413 -472 -289 568
111646: -413 -472 -290 577
111648: -413 -472 -292 595
111649: -413 -472 -293 604
111651: -413 -472 -295 622
111654: -413 -473 -370 568
111655: -413 -473 -371 577
111656: -413 -473 -372 586
111657: -413 -473 -373 595
111658: -413 -473 -374 604
111659: -413 -473 -375 613
111661: -413 -473 -377 631
111664: -413 -474 -452 577
111665: -413 -474 -453 586
111666: -413 -474 -454 595
111671: -413 -474 -459 640
111677: -413 -475 -537 613
111678: -413 -475 -538 622
111690: -413 -477 -694 568
111692: -413 -477 -696 586
111696: -413 -477 -700 622
111705: -422 -469 -52 623
111708: -422 -470 -127 569
111709: -422 -470 -128 578
111711: -422 -470 -130 596
111718: -422 -471 -209 578
111721: -422 -471 -212 605
111723: -422 -471 -214 623
111726: -422 -472 -289 569
111731: -422 -472 -294 614
111735: -422 -473 -370 569
111736: -422 -473 -371 578
111737: -422 -473 -372 587
111738: -422 -473 -373 596
111739: -422 -473 -374 605
111740: -422 -473 -375 614
111741: -422 -473 -376 623
111742: -422 -473 -377 632
111743: -422 -473 -378 641
111746: -422 -474 -453 587
111747: -422 -474 -454 596
111752: -422 -474 -459 641
111771: -422 -477 -694 569
111772: -422 -477 -695 578
111773: -422 -477 -696 587
111774: -422 -477 -697 596
111775: -422 -477 -698 605
111776: -422 -477 -699 614
111778: -422 -477 -701 632
111779: -422 -477 -702 641
111786: -431 -469 -52 624
111789: -431 -470 -127 570
111790: -431 -470 -128 579
111792: -431 -470 -130 597
111793: -431 -470 -131 606
111797: -431 -470 -135 642
111798: -431 -471 -208 570
111799: -431 -471 -209 579
111800: -431 -471 -210 588
111801: -431 -471 -211 597
111802: -431 -471 -212 606
111804: -431 -471 -214 624
111805: -431 -471 -215 633
111806: -431 -471 -216 642
111807: -431 -472 -289 570
111808: -431 -472 -290 579
111810: -431 -472 -292 597
111811: -431 -472 -293 606
111812: -431 -472 -294 615
111813: -431 -472 -295 624
111814: -431 -472 -296 633
111815: -431 -472 -297 642
111816: -431 -473 -370 570
111817: -431 -473 -371 579
111818: -431 -473 -372 588
111819: -431 -473 -373 597
111820: -431 -473 -374 606
111823: -431 -473 -377 633
111827: -431 -474 -453 588
111831: -431 -474 -457 624
111833: -431 -474 -459 642
111835: -431 -475 -533 579
111852: -431 -477 -694 570
111855: -431 -477 -697 597
111857: -431 -477 -699 615
111859: -431 -477 -701 633
111867: -440 -469 -52 625
111870: -440 -470 -127 571
111871: -440 -470 -128 580
111873: -440 -470 -130 598
111874: -440 -470 -131 607
111875: -440 -470 -132 616
111876: -440 -470 -133 625
111877: -440 -470 -134 634
111878: -440 -470 -135 643
111879: -440 -471 -208 571
111880: -440 -471 -209 580
111881: -440 -471 -210 589
111882: -440 -471 -211 598
111884: -440 -471 -213 616
111885: -440 -471 -214 625
111886: -440 -471 -215 634
111888: -440 -472 -289 571
111889: -440 -472 -290 580
111891: -440 -472 -292 598
111892: -440 -472 -293 607
111894: -440 -472 -295 625
111895: -440 -472 -296 634
111896: -440 -472 -297 643
111897: -440 -473 -370 571
111898: -440 -473 -371 580
111899: -440 -473 -372 589
111900: -440 -473 -373 598
111901: -440 -473 -374 607
111902: -440 -473 -375 616
111903: -440 -473 -376 625
111904: -440 -473 -377 634
111905: -440 -473 -378 643
111906: -440 -474 -451 571
111907: -440 -474 -452 580
111908: -440 -474 -453 589
111909: -440 -474 -454 598
111912: -440 -474 -457 625
111914: -440 -474 -459 643
111916: -440 -475 -533 580
111917: -440 -475 -534 589
111918: -440 -475 -535 598
111919: -440 -475 -536 607
111920: -440 -475 -537 616
111921: -440 -475 -538 625
111922: -440 -475 -539 634
111923: -440 -475 -540 643
111933: -440 -477 -694 571
111934: -440 -477 -695 580
111935: -440 -477 -696 589
111936: -440 -477 -697 598
111937: -440 -477 -698 607
111939: -440 -477 -700 625
111940: -440 -477 -701 634
111941: -440 -477 -702 643
111948: -449 -469 -52 626
111959: -449 -470 -135 644
111963: -449 -471 -211 599
111978: -449 -473 -370 572
111979: -449 -473 -371 581
111980: -449 -473 -372 590
111982: -449 -473 -374 608
111984: -449 -473 -376 626
111985: -449 -473 -377 635
111986: -449 -473 -378 644
112029: -458 -469 -52 627
112032: -458 -470 -127 573
112035: -458 -470 -130 600
112036: -458 -470 -131 609
112037: -458 -470 -132 618
112039: -458 -470 -134 636
112040: -458 -470 -135 645
112041: -458 -471 -208 573
112042: -458 -471 -209 582
112044: -458 -471 -211 600
112050: -458 -472 -289 573
112051: -458 -472 -290 582
112053: -458 -472 -292 600
112054: -458 -472 -293 609
112056: -458 -472 -295 627
112057: -458 -472 -296 636
112058: -458 -472 -297 645
112059: -458 -473 -370 573
112061: -458 -473 -372 591
112063: -458 -473 -374 609
112065: -458 -473 -376 627
112067: -458 -473 -378 645
112082: -458 -475 -537 618
112095: -458 -477 -694 573
112096: -458 -477 -695 582
112110: -467 -469 -52 628
112117: -467 -470 -131 610
112121: -467 -470 -135 646
112131: -467 -472 -289 574
112150: -467 -474 -452 583
112151: -467 -474 -453 592
112152: -467 -474 -454 601
112157: -467 -474 -459 646
112248: -476 -476 -613 575
112249: -476 -476 -614 584
112250: -476 -476 -615 593
112251: -476 -476 -616 602
112252: -476 -476 -617 611
112253: -476 -476 -618 620
112254: -476 -476 -619 629
112255: -476 -476 -620 638
112256: -476 -476 -621 647
112272: -485 -469 -52 630
112278: -485 -470 -130 603
112302: -485 -473 -370 576
112313: -485 -474 -453 594
112314: -485 -474 -454 603
112341: -485 -477 -697 603
112354: -494 -550 -62 631
112356: -494 -551 -136 568
112357: -494 -551 -137 577
112359: -494 -551 -139 595
112360: -494 -551 -140 604
112364: -494 -551 -144 640
112365: -494 -552 -217 568
112366: -494 -552 -218 577
112367: -494 -552 -219 586
112368: -494 -552 -220 595
112369: -494 -552 -221 604
112372: -494 -552 -224 631
112373: -494 -552 -225 640
112374: -494 -553 -298 568
112375: -494 -553 -299 577
112377: -494 -553 -301 595
112378: -494 -553 -302 604
112379: -494 -553 -303 613
112384: -494 -554 -380 577
112385: -494 -554 -381 586
112386: -494 -554 -382 595
112387: -494 -554 -383 604
112390: -494 -554 -386 631
112391: -494 -554 -387 640
112392: -494 -555 -460 568
112393: -494 -555 -461 577
112394: -494 -555 -462 586
112395: -494 -555 -463 595
112397: -494 -555 -465 613
112398: -494 -555 -466 622
112399: -494 -555 -467 631
112400: -494 -555 -468 640
112403: -494 -556 -543 586
112405: -494 -556 -545 604
112419: -494 -558 -703 568
112435: -503 -550 -62 632
112441: -503 -551 -140 605
112445: -503 -551 -144 641
112446: -503 -552 -217 569
112447: -503 -552 -218 578
112448: -503 -552 -219 587
112449: -503 -552 -220 596
112454: -503 -552 -225 641
112455: -503 -553 -298 569
112464: -503 -554 -379 569
112470: -503 -554 -385 623
112473: -503 -555 -460 569
112475: -503 -555 -462 587
112476: -503 -555 -463 596
112484: -503 -556 -543 587
112485: -503 -556 -544 596
112501: -503 -558 -704 578
112503: -503 -558 -706 596
112516: -512 -550 -62 633
112518: -512 -551 -136 570
112519: -512 -551 -137 579
112521: -512 -551 -139 597
112522: -512 -551 -140 606
112527: -512 -552 -217 570
112528: -512 -552 -218 579
112529: -512 -552 -219 588
112530: -512 -552 -220 597
112531: -512 -552 -221 606
112532: -512 -552 -222 615
112533: -512 -552 -223 624
112534: -512 -552 -224 633
112535: -512 -552 -225 642
112536: -512 -553 -298 570
112537: -512 -553 -299 579
112539: -512 -553 -301 597
112540: -512 -553 -302 606
112541: -512 -553 -303 615
112544: -512 -553 -306 642
112547: -512 -554 -381 588
112552: -512 -554 -386 633
112554: -512 -555 -460 570
112555: -512 -555 -461 579
112556: -512 -555 -462 588
112558: -512 -555 -464 606
112565: -512 -556 -543 588
112567: -512 -556 -545 606
112571: -512 -556 -549 642
112581: -512 -558 -703 570
112582: -512 -558 -704 579
112583: -512 -558 -705 588
112584: -512 -558 -706 597
112585: -512 -558 -707 606
112586: -512 -558 -708 615
112587: -512 -558 -709 624
112588: -512 -558 -710 633
112597: -521 -550 -62 634
112599: -521 -551 -136 571
112602: -521 -551 -139 598
112603: -521 -551 -140 607
112604: -521 -551 -141 616
112607: -521 -551 -144 643
112608: -521 -552 -217 571
112609: -521 -552 -218 580
112610: -521 -552 -219 589
112611: -521 -552 -220 598
112612: -521 -552 -221 607
112615: -521 -552 -224 634
112616: -521 -552 -225 643
112617: -521 -553 -298 571
112618: -521 -553 -299 580
112620: -521 -553 -301 598
112621: -521 -553 -302 607
112622: -521 -553 -303 616
112624: -521 -553 -305 634
112625: -521 -553 -306 643
112626: -521 -554 -379 571
112627: -521 -554 -380 580
112628: -521 -554 -381 589
112629: -521 -554 -382 598
112630: -521 -554 -383 607
112631: -521 -554 -384 616
112635: -521 -555 -460 571
112638: -521 -555 -463 598
112645: -521 -556 -542 580
112646: -521 -556 -543 589
112647: -521 -556 -544 598
112648: -521 -556 -545 607
112652: -521 -556 -549 643
112662: -521 -558 -703 571
112678: -530 -550 -62 635
112680: -530 -551 -136 572
112687: -530 -551 -143 635
112689: -530 -552 -217 572
112690: -530 -552 -218 581
112698: -530 -553 -298 572
112701: -530 -553 -301 599
112702: -530 -553 -302 608
112715: -530 -554 -387 644
112724: -530 -555 -468 644
112726: -530 -556 -542 581
112729: -530 -556 -545 608
112733: -530 -556 -549 644
112750: -530 -558 -710 635
112751: -530 -558 -711 644
112759: -539 -550 -62 636
112761: -539 -551 -136 573
112770: -539 -552 -217 573
112771: -539 -552 -218 582
112772: -539 -552 -219 591
112773: -539 -552 -220 600
112774: -539 -552 -221 609
112779: -539 -553 -298 573
112783: -539 -553 -302 609
112787: -539 -553 -306 645
112788: -539 -554 -379 573
112808: -539 -556 -543 591
112840: -548 -550 -62 637
112842: -548 -551 -136 574
112843: -548 -551 -137 583
112850: -548 -551 -144 646
112851: -548 -552 -217 574
112852: -548 -552 -218 583
112853: -548 -552 -219 592
112854: -548 -552 -220 601
112855: -548 -552 -221 610
112859: -548 -552 -225 646
112860: -548 -553 -298 574
112861: -548 -553 -299 583
112863: -548 -553 -301 601
112865: -548 -553 -303 619
112866: -548 -553 -304 628
112879: -548 -555 -461 583
112880: -548 -555 -462 592
112882: -548 -555 -464 610
112883: -548 -555 -465 619
112885: -548 -555 -467 637
112886: -548 -555 -468 646
112894: -548 -556 -548 637
112912: -548 -558 -710 637
112977: -557 -557 -622 575
112978: -557 -557 -623 584
112979: -557 -557 -624 593
112980: -557 -557 -625 602
112981: -557 -557 -626 611
112982: -557 -557 -627 620
112983: -557 -557 -628 629
112985: -557 -557 -630 647
113002: -566 -550 -62 639
113004: -566 -551 -136 576
113013: -566 -552 -217 576
113042: -566 -555 -462 594
113085: -575 -632 -145 568
113088: -575 -632 -148 595
113089: -575 -632 -149 604
113090: -575 -632 -150 613
113091: -575 -632 -151 622
113093: -575 -632 -153 640
113094: -575 -633 -226 568
113095: -575 -633 -227 577
113098: -575 -633 -230 604
113099: -575 -633 -231 613
113100: -575 -633 -232 622
113102: -575 -633 -234 640
113108: -575 -634 -312 613
113112: -575 -635 -388 568
113113: -575 -635 -389 577
113114: -575 -635 -390 586
113115: -575 -635 -391 595
113116: -575 -635 -392 604
113118: -575 -635 -394 622
113119: -575 -635 -395 631
113120: -575 -635 -396 640
113122: -575 -636 -470 577
113123: -575 -636 -471 586
113124: -575 -636 -472 595
113125: -575 -636 -473 604
113129: -575 -636 -477 640
113146: -575 -638 -638 631
113149: -575 -639 -713 577
113150: -575 -639 -714 586
113151: -575 -639 -715 595
113153: -575 -639 -717 613
113154: -575 -639 -718 622
113165: -584 -631 -72 641
113175: -584 -633 -226 569
113184: -584 -634 -307 569
113185: -584 -634 -308 578
113189: -584 -634 -312 614
113190: -584 -634 -313 623
113193: -584 -635 -388 569
113194: -584 -635 -389 578
113195: -584 -635 -390 587
113196: -584 -635 -391 596
113198: -584 -635 -393 614
113199: -584 -635 -394 623
113201: -584 -635 -396 641
113202: -584 -636 -469 569
113204: -584 -636 -471 587
113206: -584 -636 -473 605
113208: -584 -636 -475 623
113210: -584 -636 -477 641
113227: -584 -638 -638 632
113229: -584 -639 -712 569
113230: -584 -639 -713 578
113231: -584 -639 -714 587
113232: -584 -639 -715 596
113233: -584 -639 -716 605
113234: -584 -639 -717 614
113235: -584 -639 -718 623
113246: -593 -631 -72 642
113253: -593 -632 -151 624
113266: -593 -634 -308 579
113275: -593 -635 -389 579
113283: -593 -636 -469 570
113284: -593 -636 -470 579
113286: -593 -636 -472 597
113287: -593 -636 -473 606
113289: -593 -636 -475 624
113291: -593 -636 -477 642
113293: -593 -637 -551 579
113295: -593 -637 -553 597
113296: -593 -637 -554 606
113299: -593 -637 -557 633
113300: -593 -637 -558 642
113308: -593 -638 -638 633
113312: -593 -639 -714 588
113327: -602 -631 -72 643
113328: -602 -632 -145 571
113329: -602 -632 -146 580
113331: -602 -632 -148 598
113332: -602 -632 -149 607
113333: -602 -632 -150 616
113334: -602 -632 -151 625
113336: -602 -632 -153 643
113338: -602 -633 -227 580
113341: -602 -633 -230 607
113355: -602 -635 -388 571
113356: -602 -635 -389 580
113357: -602 -635 -390 589
113358: -602 -635 -391 598
113359: -602 -635 -392 607
113360: -602 -635 -393 616
113361: -602 -635 -394 625
113363: -602 -635 -396 643
113364: -602 -636 -469 571
113365: -602 -636 -470 580
113366: -602 -636 -471 589
113368: -602 -636 -473 607
113370: -602 -636 -475 625
113372: -602 -636 -477 643
113389: -602 -638 -638 634
113392: -602 -639 -713 580
113393: -602 -639 -714 589
113395: -602 -639 -716 607
113396: -602 -639 -717 616
113397: -602 -639 -718 625
113408: -611 -631 -72 644
113409: -611 -632 -145 572
113413: -611 -632 -149 608
113415: -611 -632 -151 626
113416: -611 -632 -152 635
113417: -611 -632 -153 644
113418: -611 -633 -226 572
113419: -611 -633 -227 581
113421: -611 -633 -229 599
113422: -611 -633 -230 608
113426: -611 -633 -234 644
113427: -611 -634 -307 572
113431: -611 -634 -311 608
113445: -611 -636 -469 572
113447: -611 -636 -471 590
113448: -611 -636 -472 599
113453: -611 -636 -477 644
113470: -611 -638 -638 635
113473: -611 -639 -713 581
113489: -620 -631 -72 645
113490: -620 -632 -145 573
113498: -620 -632 -153 645
113500: -620 -633 -227 582
113501: -620 -633 -228 591
113502: -620 -633 -229 600
113503: -620 -633 -230 609
113504: -620 -633 -231 618
113505: -620 -633 -232 627
113507: -620 -633 -234 645
113508: -620 -634 -307 573
113520: -620 -635 -391 600
113525: -620 -635 -396 645
113551: -620 -638 -638 636
113554: -620 -639 -713 582
113570: -629 -631 -72 646
113571: -629 -632 -145 574
113574: -629 -632 -148 601
113575: -629 -632 -149 610
113580: -629 -633 -226 574
113581: -629 -633 -227 583
113583: -629 -633 -229 601
113584: -629 -633 -230 610
113585: -629 -633 -231 619
113588: -629 -633 -234 646
113589: -629 -634 -307 574
113595: -629 -634 -313 628
113598: -629 -635 -388 574
113599: -629 -635 -389 583
113600: -629 -635 -390 592
113601: -629 -635 -391 601
113606: -629 -635 -396 646
113609: -629 -636 -471 592
113610: -629 -636 -472 601
113611: -629 -636 -473 610
113615: -629 -636 -477 646
113632: -629 -638 -638 637
113635: -629 -639 -713 583
113651: -638 -631 -72 647
113662: -638 -633 -227 584
113733: -647 -632 -145 576
113736: -647 -632 -148 603
113742: -647 -633 -226 576
113743: -647 -633 -227 585
113745: -647 -633 -229 603
113746: -647 -633 -230 612
113747: -647 -633 -231 621
113750: -647 -633 -234 648
113751: -647 -634 -307 576
113752: -647 -634 -308 585
113760: -647 -635 -388 576
113763: -647 -635 -391 603
113771: -647 -636 -471 594
113772: -647 -636 -472 603
113794: -647 -638 -638 639
113890: -665 -712 -77 605
113895: -665 -713 -154 569
113898: -665 -713 -157 596
113904: -665 -714 -235 569
113909: -665 -714 -240 614
113913: -665 -715 -316 569
113914: -665 -715 -317 578
113922: -665 -716 -397 569
113940: -665 -718 -559 569
113941: -665 -718 -560 578
113961: -665 -720 -724 596
113971: -674 -712 -77 606
113976: -674 -713 -154 570
113979: -674 -713 -157 597
113980: -674 -713 -158 606
113982: -674 -713 -160 624
113983: -674 -713 -161 633
113985: -674 -714 -235 570
113986: -674 -714 -236 579
113987: -674 -714 -237 588
113988: -674 -714 -238 597
113989: -674 -714 -239 606
113990: -674 -714 -240 615
113992: -674 -714 -242 633
113994: -674 -715 -316 570
114000: -674 -715 -322 624
114003: -674 -716 -397 570
114021: -674 -718 -559 570
114040: -674 -720 -722 579
114042: -674 -720 -724 597
114043: -674 -720 -725 606
114044: -674 -720 -726 615
114045: -674 -720 -727 624
114052: -683 -712 -77 607
114057: -683 -713 -154 571
114060: -683 -713 -157 598
114066: -683 -714 -235 571
114068: -683 -714 -237 589
114069: -683 -714 -238 598
114070: -683 -714 -239 607
114071: -683 -714 -240 616
114073: -683 -714 -242 634
114074: -683 -714 -243 643
114075: -683 -715 -316 571
114076: -683 -715 -317 580
114078: -683 -715 -319 598
114080: -683 -715 -321 616
114081: -683 -715 -322 625
114082: -683 -715 -323 634
114084: -683 -716 -397 571
114085: -683 -716 -398 580
114086: -683 -716 -399 589
114088: -683 -716 -401 607
114089: -683 -716 -402 616
114090: -683 -716 -403 625
114091: -683 -716 -404 634
114092: -683 -716 -405 643
114097: -683 -717 -482 607
114102: -683 -718 -559 571
114103: -683 -718 -560 580
114107: -683 -718 -564 616
114110: -683 -718 -567 643
114120: -683 -720 -721 571
114121: -683 -720 -722 580
114122: -683 -720 -723 589
114123: -683 -720 -724 598
114124: -683 -720 -725 607
114125: -683 -720 -726 616
114126: -683 -720 -727 625
114133: -692 -712 -77 608
114138: -692 -713 -154 572
114139: -692 -713 -155 581
114141: -692 -713 -157 599
114142: -692 -713 -158 608
114143: -692 -713 -159 617
114144: -692 -713 -160 626
114145: -692 -713 -161 635
114147: -692 -714 -235 572
114148: -692 -714 -236 581
114150: -692 -714 -238 599
114156: -692 -715 -316 572
114157: -692 -715 -317 581
114159: -692 -715 -319 599
114162: -692 -715 -322 626
114165: -692 -716 -397 572
114166: -692 -716 -398 581
114167: -692 -716 -399 590
114171: -692 -716 -403 626
114183: -692 -718 -559 572
114184: -692 -718 -560 581
114185: -692 -718 -561 590
114187: -692 -718 -563 608
114188: -692 -718 -564 617
114189: -692 -718 -565 626
114191: -692 -718 -567 644
114202: -692 -720 -722 581
114203: -692 -720 -723 590
114204: -692 -720 -724 599
114205: -692 -720 -725 608
114206: -692 -720 -726 617
114207: -692 -720 -727 626
114214: -701 -712 -77 609
114219: -701 -713 -154 573
114224: -701 -713 -159 618
114228: -701 -714 -235 573
114229: -701 -714 -236 582
114231: -701 -714 -238 600
114232: -701 -714 -239 609
114237: -701 -715 -316 573
114240: -701 -715 -319 600
114243: -701 -715 -322 627
114250: -701 -716 -401 609
114255: -701 -717 -478 573
114283: -701 -720 -722 582
114284: -701 -720 -723 591
114286: -701 -720 -725 609
114288: -701 -720 -727 627
114295: -710 -712 -77 610
114300: -710 -713 -154 574
114301: -710 -713 -155 583
114303: -710 -713 -157 601
114304: -710 -713 -158 610
114305: -710 -713 -159 619
114306: -710 -713 -160 628
114307: -710 -713 -161 637
114308: -710 -713 -162 646
114309: -710 -714 -235 574
114310: -710 -714 -236 583
114311: -710 -714 -237 592
114313: -710 -714 -239 610
114315: -710 -714 -241 628
114316: -710 -714 -242 637
114317: -710 -714 -243 646
114318: -710 -715 -316 574
114319: -710 -715 -317 583
114321: -710 -715 -319 601
114322: -710 -715 -320 610
114323: -710 -715 -321 619
114324: -710 -715 -322 628
114325: -710 -715 -323 637
114326: -710 -715 -324 646
114327: -710 -716 -397 574
114328: -710 -716 -398 583
114330: -710 -716 -400 601
114331: -710 -716 -401 610
114332: -710 -716 -402 619
114334: -710 -716 -404 637
114335: -710 -716 -405 646
114336: -710 -717 -478 574
114337: -710 -717 -479 583
114338: -710 -717 -480 592
114341: -710 -717 -483 619
114342: -710 -717 -484 628
114343: -710 -717 -485 637
114344: -710 -717 -486 646
114345: -710 -718 -559 574
114347: -710 -718 -561 592
114350: -710 -718 -564 619
114351: -710 -718 -565 628
114352: -710 -718 -566 637
114364: -710 -720 -722 583
114365: -710 -720 -723 592
114366: -710 -720 -724 601
114367: -710 -720 -725 610
114368: -710 -720 -726 619
114435: -719 -719 -640 575
114436: -719 -719 -641 584
114437: -719 -719 -642 593
114438: -719 -719 -643 602
114439: -719 -719 -644 611
114440: -719 -719 -645 620
114441: -719 -719 -646 629
114442: -719 -719 -647 638
114443: -719 -719 -648 647
115138: -72 -77 -326 665
115139: -72 -77 -327 674
115140: -72 -77 -328 683
115141: -72 -77 -329 692
115142: -72 -77 -330 701
115143: -72 -77 -331 710
115144: -72 -77 -332 719
115346: -99 -154 -12 668
115373: -99 -157 -255 668
115382: -99 -158 -336 668
115383: -99 -158 -337 677
115384: -99 -158 -338 686
115385: -99 -158 -339 695
115386: -99 -158 -340 704
115387: -99 -158 -341 713
115388: -99 -158 -342 722
115389: -99 -159 -415 650
115391: -99 -159 -417 668
115398: -99 -160 -496 650
115400: -99 -160 -498 668
115401: -99 -160 -499 677
115402: -99 -160 -500 686
115403: -99 -160 -501 695
115404: -99 -160 -502 704
115405: -99 -160 -503 713
115406: -99 -160 -504 722
115407: -99 -161 -577 650
115411: -99 -161 -581 686
115412: -99 -161 -582 695
115414: -99 -161 -584 713
115415: -99 -161 -585 722
115427: -108 -154 -12 669
115438: -108 -155 -95 687
115439: -108 -155 -96 696
115440: -108 -155 -97 705
115441: -108 -155 -98 714
115454: -108 -157 -255 669
115461: -108 -158 -334 651
115462: -108 -158 -335 660
115463: -108 -158 -336 669
115464: -108 -158 -337 678
115465: -108 -158 -338 687
115466: -108 -158 -339 696
115467: -108 -158 -340 705
115468: -108 -158 -341 714
115469: -108 -158 -342 723
115470: -108 -159 -415 651
115472: -108 -159 -417 669
115473: -108 -159 -418 678
115474: -108 -159 -419 687
115475: -108 -159 -420 696
115476: -108 -159 -421 705
115477: -108 -159 -422 714
115478: -108 -159 -423 723
115479: -108 -160 -496 651
115480: -108 -160 -497 660
115481: -108 -160 -498 669
115482: -108 -160 -499 678
115483: -108 -160 -500 687
115484: -108 -160 -501 696
115485: -108 -160 -502 705
115486: -108 -160 -503 714
115487: -108 -160 -504 723
115488: -108 -161 -577 651
115489: -108 -161 -578 660
115490: -108 -161 -579 669
115491: -108 -161 -580 678
115492: -108 -161 -581 687
115493: -108 -161 -582 696
115494: -108 -161 -583 705
115495: -108 -161 -584 714
115496: -108 -161 -585 723
115508: -117 -154 -12 670
115519: -117 -155 -95 688
115520: -117 -155 -96 697
115521: -117 -155 -97 706
115522: -117 -155 -98 715
115535: -117 -157 -255 670
115543: -117 -158 -335 661
115545: -117 -158 -337 679
115546: -117 -158 -338 688
115548: -117 -158 -340 706
115549: -117 -158 -341 715
115551: -117 -159 -415 652
115553: -117 -159 -417 670
115555: -117 -159 -419 688
115559: -117 -159 -423 724
115560: -117 -160 -496 652
115561: -117 -160 -497 661
115562: -117 -160 -498 670
115563: -117 -160 -499 679
115564: -117 -160 -500 688
115565: -117 -160 -501 697
115566: -117 -160 -502 706
115567: -117 -160 -503 715
115568: -117 -160 -504 724
115569: -117 -161 -577 652
115571: -117 -161 -579 670
115572: -117 -161 -580 679
115573: -117 -161 -581 688
115574: -117 -161 -582 697
115576: -117 -161 -584 715
115577: -117 -161 -585 724
115589: -126 -154 -12 671
115599: -126 -155 -94 680
115603: -126 -155 -98 716
115616: -126 -157 -255 671
115623: -126 -158 -334 653
115626: -126 -158 -337 680
115627: -126 -158 -338 689
115628: -126 -158 -339 698
115631: -126 -158 -342 725
115632: -126 -159 -415 653
115634: -126 -159 -417 671
115636: -126 -159 -419 689
115637: -126 -159 -420 698
115639: -126 -159 -422 716
115641: -126 -160 -496 653
115642: -126 -160 -497 662
115643: -126 -160 -498 671
115644: -126 -160 -499 680
115645: -126 -160 -500 689
115646: -126 -160 -501 698
115647: -126 -160 -502 707
115648: -126 -160 -503 716
115649: -126 -160 -504 725
115650: -126 -161 -577 653
115651: -126 -161 -578 662
115654: -126 -161 -581 689
115655: -126 -161 -582 698
115657: -126 -161 -584 716
115658: -126 -161 -585 725
115670: -135 -154 -12 672
115697: -135 -157 -255 672
115704: -135 -158 -334 654
115705: -135 -158 -335 663
115706: -135 -158 -336 672
115707: -135 -158 -337 681
115708: -135 -158 -338 690
115709: -135 -158 -339 699
115710: -135 -158 -340 708
115711: -135 -158 -341 717
115713: -135 -159 -415 654
115715: -135 -159 -417 672
115716: -135 -159 -418 681
115717: -135 -159 -419 690
115718: -135 -159 -420 699
115720: -135 -159 -422 717
115722: -135 -160 -496 654
115724: -135 -160 -498 672
115725: -135 -160 -499 681
115726: -135 -160 -500 690
115727: -135 -160 -501 699
115728: -135 -160 -502 708
115729: -135 -160 -503 717
115730: -135 -160 -504 726
115731: -135 -161 -577 654
115732: -135 -161 -578 663
115734: -135 -161 -580 681
115735: -135 -161 -581 690
115736: -135 -161 -582 699
115737: -135 -161 -583 708
115738: -135 -161 -584 717
115739: -135 -161 -585 726
115751: -144 -154 -12 673
115762: -144 -155 -95 691
115763: -144 -155 -96 700
115765: -144 -155 -98 718
115778: -144 -157 -255 673
115794: -144 -159 -415 655
115795: -144 -159 -416 664
115796: -144 -159 -417 673
115797: -144 -159 -418 682
115798: -144 -159 -419 691
115799: -144 -159 -420 700
115800: -144 -159 -421 709
115801: -144 -159 -422 718
115802: -144 -159 -423 727
115803: -144 -160 -496 655
115806: -144 -160 -499 682
115808: -144 -160 -501 700
115812: -144 -161 -577 655
115814: -144 -161 -579 673
115816: -144 -161 -581 691
115817: -144 -161 -582 700
115818: -144 -161 -583 709
115819: -144 -161 -584 718
115832: -153 -154 -12 674
115840: -153 -155 -92 665
115844: -153 -155 -96 701
115845: -153 -155 -97 710
115859: -153 -157 -255 674
115866: -153 -158 -334 656
115867: -153 -158 -335 665
115868: -153 -158 -336 674
115869: -153 -158 -337 683
115870: -153 -158 -338 692
115873: -153 -158 -341 719
115874: -153 -158 -342 728
115875: -153 -159 -415 656
115877: -153 -159 -417 674
115878: -153 -159 -418 683
115879: -153 -159 -419 692
115880: -153 -159 -420 701
115881: -153 -159 -421 710
115882: -153 -159 -422 719
115883: -153 -159 -423 728
115884: -153 -160 -496 656
115886: -153 -160 -498 674
115887: -153 -160 -499 683
115888: -153 -160 -500 692
115889: -153 -160 -501 701
115890: -153 -160 -502 710
115891: -153 -160 -503 719
115892: -153 -160 -504 728
115893: -153 -161 -577 656
115895: -153 -161 -579 674
115983: -162 -162 -658 657
115985: -162 -162 -660 675
115986: -162 -162 -661 684
115987: -162 -162 -662 693
115988: -162 -162 -663 702
115989: -162 -162 -664 711
115990: -162 -162 -665 720
115991: -162 -162 -666 729
115995: -171 -235 -22 676
116002: -171 -236 -101 658
116004: -171 -236 -103 676
116005: -171 -236 -104 685
116006: -171 -236 -105 694
116007: -171 -236 -106 703
116008: -171 -236 -107 712
116010: -171 -237 -181 649
116012: -171 -237 -183 667
116013: -171 -237 -184 676
116014: -171 -237 -185 685
116015: -171 -237 -186 694
116016: -171 -237 -187 703
116020: -171 -238 -263 658
116023: -171 -238 -266 685
116024: -171 -238 -267 694
116025: -171 -238 -268 703
116026: -171 -238 -269 712
116027: -171 -238 -270 721
116028: -171 -239 -343 649
116029: -171 -239 -344 658
116030: -171 -239 -345 667
116031: -171 -239 -346 676
116032: -171 -239 -347 685
116033: -171 -239 -348 694
116034: -171 -239 -349 703
116035: -171 -239 -350 712
116036: -171 -239 -351 721
116037: -171 -240 -424 649
116038: -171 -240 -425 658
116039: -171 -240 -426 667
116040: -171 -240 -427 676
116041: -171 -240 -428 685
116042: -171 -240 -429 694
116043: -171 -240 -430 703
116044: -171 -240 -431 712
116045: -171 -240 -432 721
116046: -171 -241 -505 649
116047: -171 -241 -506 658
116048: -171 -241 -507 667
116049: -171 -241 -508 676
116050: -171 -241 -509 685
116051: -171 -241 -510 694
116052: -171 -241 -511 703
116053: -171 -241 -512 712
116054: -171 -241 -513 721
116061: -171 -242 -592 703
116076: -180 -235 -22 677
116083: -180 -236 -101 659
116085: -180 -236 -103 677
116086: -180 -236 -104 686
116087: -180 -236 -105 695
116088: -180 -236 -106 704
116089: -180 -236 -107 713
116090: -180 -236 -108 722
116091: -180 -237 -181 650
116094: -180 -237 -184 677
116096: -180 -237 -186 695
116097: -180 -237 -187 704
116098: -180 -237 -188 713
116101: -180 -238 -263 659
116104: -180 -238 -266 686
116105: -180 -238 -267 695
116106: -180 -238 -268 704
116107: -180 -238 -269 713
116108: -180 -238 -270 722
116118: -180 -240 -424 650
116119: -180 -240 -425 659
116120: -180 -240 -426 668
116121: -180 -240 -427 677
116122: -180 -240 -428 686
116123: -180 -240 -429 695
116124: -180 -240 -430 704
116125: -180 -240 -431 713
116126: -180 -240 -432 722
116127: -180 -241 -505 650
116128: -180 -241 -506 659
116130: -180 -241 -508 677
116131: -180 -241 -509 686
116132: -180 -241 -510 695
116133: -180 -241 -511 704
116134: -180 -241 -512 713
116135: -180 -241 -513 722
116136: -180 -242 -586 650
116137: -180 -242 -587 659
116138: -180 -242 -588 668
116139: -180 -242 -589 677
116140: -180 -242 -590 686
116141: -180 -242 -591 695
116142: -180 -242 -592 704
116143: -180 -242 -593 713
116144: -180 -242 -594 722
116157: -189 -235 -22 678
116164: -189 -236 -101 660
116167: -189 -236 -104 687
116168: -189 -236 -105 696
116169: -189 -236 -106 705
116170: -189 -236 -107 714
116171: -189 -236 -108 723
116182: -189 -238 -263 660
116185: -189 -238 -266 687
116186: -189 -238 -267 696
116187: -189 -238 -268 705
116188: -189 -238 -269 714
116190: -189 -239 -343 651
116192: -189 -239 -345 669
116194: -189 -239 -347 687
116195: -189 -239 -348 696
116196: -189 -239 -349 705
116197: -189 -239 -350 714
116198: -189 -239 -351 723
116199: -189 -240 -424 651
116200: -189 -240 -425 660
116202: -189 -240 -427 678
116205: -189 -240 -430 705
116206: -189 -240 -431 714
116208: -189 -241 -505 651
116213: -189 -241 -510 696
116217: -189 -242 -586 651
116218: -189 -242 -587 660
116219: -189 -242 -588 669
116223: -189 -242 -592 705
116225: -189 -242 -594 723
116238: -198 -235 -22 679
116245: -198 -236 -101 661
116248: -198 -236 -104 688
116249: -198 -236 -105 697
116250: -198 -236 -106 706
116251: -198 -236 -107 715
116252: -198 -236 -108 724
116253: -198 -237 -181 652
116256: -198 -237 -184 679
116257: -198 -237 -185 688
116258: -198 -237 -186 697
116259: -198 -237 -187 706
116260: -198 -237 -188 715
116266: -198 -238 -266 688
116267: -198 -238 -267 697
116268: -198 -238 -268 706
116269: -198 -238 -269 715
116271: -198 -239 -343 652
116272: -198 -239 -344 661
116274: -198 -239 -346 679
116275: -198 -239 -347 688
116276: -198 -239 -348 697
116277: -198 -239 -349 706
116278: -198 -239 -350 715
116280: -198 -240 -424 652
116281: -198 -240 -425 661
116283: -198 -240 -427 679
116284: -198 -240 -428 688
116285: -198 -240 -429 697
116286: -198 -240 -430 706
116287: -198 -240 -431 715
116294: -198 -241 -510 697
116296: -198 -241 -512 715
116297: -198 -241 -513 724
116298: -198 -242 -586 652
116299: -198 -242 -587 661
116301: -198 -242 -589 679
116302: -198 -242 -590 688
116303: -198 -242 -591 697
116304: -198 -242 -592 706
116305: -198 -242 -593 715
116306: -198 -242 -594 724
116319: -207 -235 -22 680
116326: -207 -236 -101 662
116328: -207 -236 -103 680
116329: -207 -236 -104 689
116330: -207 -236 -105 698
116331: -207 -236 -106 707
116332: -207 -236 -107 716
116333: -207 -236 -108 725
116337: -207 -237 -184 680
116341: -207 -237 -188 716
116344: -207 -238 -263 662
116347: -207 -238 -266 689
116349: -207 -238 -268 707
116361: -207 -240 -424 653
116383: -207 -242 -590 689
116400: -216 -235 -22 681
116407: -216 -236 -101 663
116410: -216 -236 -104 690
116411: -216 -236 -105 699
116412: -216 -236 -106 708
116413: -216 -236 -107 717
116414: -216 -236 -108 726
116415: -216 -237 -181 654
116418: -216 -237 -184 681
116422: -216 -237 -188 717
116425: -216 -238 -263 663
116428: -216 -238 -266 690
116429: -216 -238 -267 699
116430: -216 -238 -268 708
116431: -216 -238 -269 717
116434: -216 -239 -344 663
116437: -216 -239 -347 690
116438: -216 -239 -348 699
116439: -216 -239 -349 708
116440: -216 -239 -350 717
116442: -216 -240 -424 654
116448: -216 -240 -430 708
116450: -216 -240 -432 726
116451: -216 -241 -505 654
116460: -216 -242 -586 654
116466: -216 -242 -592 708
116481: -225 -235 -22 682
116488: -225 -236 -101 664
116490: -225 -236 -103 682
116491: -225 -236 -104 691
116492: -225 -236 -105 700
116493: -225 -236 -106 709
116494: -225 -236 -107 718
116495: -225 -236 -108 727
116496: -225 -237 -181 655
116499: -225 -237 -184 682
116500: -225 -237 -185 691
116501: -225 -237 -186 700
116503: -225 -237 -188 718
116509: -225 -238 -266 691
116510: -225 -238 -267 700
116511: -225 -238 -268 709
116512: -225 -238 -269 718
116514: -225 -239 -343 655
116519: -225 -239 -348 700
116521: -225 -239 -350 718
116541: -225 -242 -586 655
116542: -225 -242 -587 664
116544: -225 -242 -589 682
116545: -225 -242 -590 691
116546: -225 -242 -591 700
116548: -225 -242 -593 718
116549: -225 -242 -594 727
116562: -234 -235 -22 683
116569: -234 -236 -101 665
116571: -234 -236 -103 683
116572: -234 -236 -104 692
116573: -234 -236 -105 701
116574: -234 -236 -106 710
116575: -234 -236 -107 719
116576: -234 -236 -108 728
116577: -234 -237 -181 656
116580: -234 -237 -184 683
116581: -234 -237 -185 692
116582: -234 -237 -186 701
116583: -234 -237 -187 710
116587: -234 -238 -263 665
116590: -234 -238 -266 692
116591: -234 -238 -267 701
116592: -234 -238 -268 710
116593: -234 -238 -269 719
116594: -234 -238 -270 728
116595: -234 -239 -343 656
116596: -234 -239 -344 665
116597: -234 -239 -345 674
116598: -234 -239 -346 683
116599: -234 -239 -347 692
116600: -234 -239 -348 701
116601: -234 -239 -349 710
116602: -234 -239 -350 719
116603: -234 -239 -351 728
116604: -234 -240 -424 656
116613: -234 -241 -505 656
116618: -234 -241 -510 701
116622: -234 -242 -586 656
116624: -234 -242 -588 674
116628: -234 -242 -592 710
116712: -243 -243 -667 657
116713: -243 -243 -668 666
116714: -243 -243 -669 675
116715: -243 -243 -670 684
116716: -243 -243 -671 693
116717: -243 -243 -672 702
116718: -243 -243 -673 711
116719: -243 -243 -674 720
116720: -243 -243 -675 729
116721: -252 -316 -28 649
116730: -252 -317 -109 649
116731: -252 -317 -110 658
116734: -252 -317 -113 685
116735: -252 -317 -114 694
116736: -252 -317 -115 703
116737: -252 -317 -116 712
116738: -252 -317 -117 721
116749: -252 -319 -272 658
116751: -252 -319 -274 676
116752: -252 -319 -275 685
116753: -252 -319 -276 694
116754: -252 -319 -277 703
116755: -252 -319 -278 712
116757: -252 -320 -352 649
116758: -252 -320 -353 658
116759: -252 -320 -354 667
116760: -252 -320 -355 676
116761: -252 -320 -356 685
116762: -252 -320 -357 694
116763: -252 -320 -358 703
116764: -252 -320 -359 712
116765: -252 -320 -360 721
116766: -252 -321 -433 649
116767: -252 -321 -434 658
116768: -252 -321 -435 667
116769: -252 -321 -436 676
116770: -252 -321 -437 685
116771: -252 -321 -438 694
116772: -252 -321 -439 703
116773: -252 -321 -440 712
116774: -252 -321 -441 721
116775: -252 -322 -514 649
116776: -252 -322 -515 658
116777: -252 -322 -516 667
116778: -252 -322 -517 676
116779: -252 -322 -518 685
116780: -252 -322 -519 694
116781: -252 -322 -520 703
116782: -252 -322 -521 712
116783: -252 -322 -522 721
116784: -252 -323 -595 649
116785: -252 -323 -596 658
116786: -252 -323 -597 667
116787: -252 -323 -598 676
116788: -252 -323 -599 685
116789: -252 -323 -600 694
116790: -252 -323 -601 703
116791: -252 -323 -602 712
116792: -252 -323 -603 721
116883: -270 -316 -28 651
116892: -270 -317 -109 651
116893: -270 -317 -110 660
116896: -270 -317 -113 687
116897: -270 -317 -114 696
116898: -270 -317 -115 705
116899: -270 -317 -116 714
116900: -270 -317 -117 723
116911: -270 -319 -272 660
116914: -270 -319 -275 687
116915: -270 -319 -276 696
116916: -270 -319 -277 705
116917: -270 -319 -278 714
116919: -270 -320 -352 651
116920: -270 -320 -353 660
116921: -270 -320 -354 669
116922: -270 -320 -355 678
116923: -270 -320 -356 687
116924: -270 -320 -357 696
116925: -270 -320 -358 705
116926: -270 -320 -359 714
116927: -270 -320 -360 723
116928: -270 -321 -433 651
116929: -270 -321 -434 660
116930: -270 -321 -435 669
116931: -270 -321 -436 678
116932: -270 -321 -437 687
116933: -270 -321 -438 696
116934: -270 -321 -439 705
116935: -270 -321 -440 714
116936: -270 -321 -441 723
116937: -270 -322 -514 651
116938: -270 -322 -515 660
116939: -270 -322 -516 669
116940: -270 -322 -517 678
116941: -270 -322 -518 687
116942: -270 -322 -519 696
116943: -270 -322 -520 705
116944: -270 -322 -521 714
116945: -270 -322 -522 723
116946: -270 -323 -595 651
116947: -270 -323 -596 660
116948: -270 -323 -597 669
116949: -270 -323 -598 678
116950: -270 -323 -599 687
116951: -270 -323 -600 696
116952: -270 -323 -601 705
116953: -270 -323 -602 714
116954: -270 -323 -603 723
116964: -279 -316 -28 652
116973: -279 -317 -109 652
116974: -279 -317 -110 661
116977: -279 -317 -113 688
116978: -279 -317 -114 697
116979: -279 -317 -115 706
116980: -279 -317 -116 715
116981: -279 -317 -117 724
117000: -279 -320 -352 652
117002: -279 -320 -354 670
117003: -279 -320 -355 679
117009: -279 -321 -433 652
117010: -279 -321 -434 661
117011: -279 -321 -435 670
117012: -279 -321 -436 679
117013: -279 -321 -437 688
117014: -279 -321 -438 697
117015: -279 -321 -439 706
117016: -279 -321 -440 715
117017: -279 -321 -441 724
117018: -279 -322 -514 652
117019: -279 -322 -515 661
117020: -279 -322 -516 670
117022: -279 -322 -518 688
117023: -279 -322 -519 697
117024: -279 -322 -520 706
117025: -279 -322 -521 715
117026: -279 -322 -522 724
117027: -279 -323 -595 652
117028: -279 -323 -596 661
117029: -279 -323 -597 670
117030: -279 -323 -598 679
117031: -279 -323 -599 688
117032: -279 -323 -600 697
117033: -279 -323 -601 706
117034: -279 -323 -602 715
117045: -288 -316 -28 653
117054: -288 -317 -109 653
117058: -288 -317 -113 689
117059: -288 -317 -114 698
117061: -288 -317 -116 716
117081: -288 -320 -352 653
117082: -288 -320 -353 662
117083: -288 -320 -354 671
117086: -288 -320 -357 698
117087: -288 -320 -358 707
117088: -288 -320 -359 716
117089: -288 -320 -360 725
117090: -288 -321 -433 653
117093: -288 -321 -436 680
117094: -288 -321 -437 689
117099: -288 -322 -514 653
117100: -288 -322 -515 662
117101: -288 -322 -516 671
117103: -288 -322 -518 689
117105: -288 -322 -520 707
117106: -288 -322 -521 716
117107: -288 -322 -522 725
117108: -288 -323 -595 653
117110: -288 -323 -597 671
117112: -288 -323 -599 689
117126: -297 -316 -28 654
117135: -297 -317 -109 654
117136: -297 -317 -110 663
117139: -297 -317 -113 690
117140: -297 -317 -114 699
117141: -297 -317 -115 708
117142: -297 -317 -116 717
117143: -297 -317 -117 726
117154: -297 -319 -272 663
117157: -297 -319 -275 690
117159: -297 -319 -277 708
117160: -297 -319 -278 717
117162: -297 -320 -352 654
117171: -297 -321 -433 654
117173: -297 -321 -435 672
117182: -297 -322 -516 672
117183: -297 -322 -517 681
117190: -297 -323 -596 663
117191: -297 -323 -597 672
117207: -306 -316 -28 655
117216: -306 -317 -109 655
117217: -306 -317 -110 664
117220: -306 -317 -113 691
117221: -306 -317 -114 700
117222: -306 -317 -115 709
117223: -306 -317 -116 718
117224: -306 -317 -117 727
117235: -306 -319 -272 664
117238: -306 -319 -275 691
117239: -306 -319 -276 700
117241: -306 -319 -278 718
117254: -306 -321 -435 673
117255: -306 -321 -436 682
117256: -306 -321 -437 691
117257: -306 -321 -438 700
117262: -306 -322 -515 664
117264: -306 -322 -517 682
117265: -306 -322 -518 691
117266: -306 -322 -519 700
117268: -306 -322 -521 718
117269: -306 -322 -522 727
117270: -306 -323 -595 655
117271: -306 -323 -596 664
117272: -306 -323 -597 673
117288: -315 -316 -28 656
117297: -315 -317 -109 656
117298: -315 -317 -110 665
117301: -315 -317 -113 692
117302: -315 -317 -114 701
117303: -315 -317 -115 710
117304: -315 -317 -116 719
117305: -315 -317 -117 728
117316: -315 -319 -272 665
117319: -315 -319 -275 692
117320: -315 -319 -276 701
117321: -315 -319 -277 710
117324: -315 -320 -352 656
117325: -315 -320 -353 665
117326: -315 -320 -354 674
117328: -315 -320 -356 692
117329: -315 -320 -357 701
117330: -315 -320 -358 710
117331: -315 -320 -359 719
117333: -315 -321 -433 656
117334: -315 -321 -434 665
117335: -315 -321 -435 674
117336: -315 -321 -436 683
117337: -315 -321 -437 692
117338: -315 -321 -438 701
117339: -315 -321 -439 710
117340: -315 -321 -440 719
117341: -315 -321 -441 728
117342: -315 -322 -514 656
117343: -315 -322 -515 665
117344: -315 -322 -516 674
117346: -315 -322 -518 692
117347: -315 -322 -519 701
117348: -315 -322 -520 710
117349: -315 -322 -521 719
117350: -315 -322 -522 728
117352: -315 -323 -596 665
117353: -315 -323 -597 674
117355: -315 -323 -599 692
117359: -315 -323 -603 728
117369: -324 -316 -28 657
117441: -324 -324 -676 657
117442: -324 -324 -677 666
117443: -324 -324 -678 675
117444: -324 -324 -679 684
117445: -324 -324 -680 693
117446: -324 -324 -681 702
117447: -324 -324 -682 711
117448: -324 -324 -683 720
117449: -324 -324 -684 729
117536: -342 -397 -42 695
117540: -342 -398 -118 650
117541: -342 -398 -119 659
117543: -342 -398 -121 677
117544: -342 -398 -122 686
117545: -342 -398 -123 695
117549: -342 -399 -199 650
117550: -342 -399 -200 659
117552: -342 -399 -202 677
117553: -342 -399 -203 686
117554: -342 -399 -204 695
117556: -342 -399 -206 713
117558: -342 -400 -280 650
117569: -342 -401 -363 668
117576: -342 -402 -442 650
117578: -342 -402 -444 668
117617: -351 -397 -42 696
117621: -351 -398 -118 651
117622: -351 -398 -119 660
117624: -351 -398 -121 678
117626: -351 -398 -123 696
117628: -351 -398 -125 714
117629: -351 -398 -126 723
117630: -351 -399 -199 651
117631: -351 -399 -200 660
117632: -351 -399 -201 669
117633: -351 -399 -202 678
117634: -351 -399 -203 687
117635: -351 -399 -204 696
117636: -351 -399 -205 705
117637: -351 -399 -206 714
117639: -351 -400 -280 651
117642: -351 -400 -283 678
117643: -351 -400 -284 687
117647: -351 -400 -288 723
117651: -351 -401 -364 678
117654: -351 -401 -367 705
117655: -351 -401 -368 714
117657: -351 -402 -442 651
117666: -351 -403 -523 651
117672: -351 -403 -529 705
117675: -351 -404 -604 651
117678: -351 -404 -607 678
117681: -351 -404 -610 705
117698: -360 -397 -42 697
117702: -360 -398 -118 652
117703: -360 -398 -119 661
117705: -360 -398 -121 679
117706: -360 -398 -122 688
117707: -360 -398 -123 697
117708: -360 -398 -124 706
117709: -360 -398 -125 715
117710: -360 -398 -126 724
117711: -360 -399 -199 652
117713: -360 -399 -201 670
117714: -360 -399 -202 679
117716: -360 -399 -204 697
117720: -360 -400 -280 652
117721: -360 -400 -281 661
117723: -360 -400 -283 679
117725: -360 -400 -285 697
117726: -360 -400 -286 706
117727: -360 -400 -287 715
117728: -360 -400 -288 724
117730: -360 -401 -362 661
117731: -360 -401 -363 670
117734: -360 -401 -366 697
117735: -360 -401 -367 706
117736: -360 -401 -368 715
117739: -360 -402 -443 661
117740: -360 -402 -444 670
117742: -360 -402 -446 688
117743: -360 -402 -447 697
117744: -360 -402 -448 706
117745: -360 -402 -449 715
117746: -360 -402 -450 724
117747: -360 -403 -523 652
117748: -360 -403 -524 661
117753: -360 -403 -529 706
117762: -360 -404 -610 706
117860: -378 -397 -42 699
117864: -378 -398 -118 654
117865: -378 -398 -119 663
117867: -378 -398 -121 681
117869: -378 -398 -123 699
117870: -378 -398 -124 708
117871: -378 -398 -125 717
117873: -378 -399 -199 654
117874: -378 -399 -200 663
117875: -378 -399 -201 672
117876: -378 -399 -202 681
117882: -378 -400 -280 654
117892: -378 -401 -362 663
117893: -378 -401 -363 672
117894: -378 -401 -364 681
117897: -378 -401 -367 708
117898: -378 -401 -368 717
117900: -378 -402 -442 654
117904: -378 -402 -446 690
117924: -378 -404 -610 708
117941: -387 -397 -42 700
117945: -387 -398 -118 655
117948: -387 -398 -121 682
117950: -387 -398 -123 700
117951: -387 -398 -124 709
117954: -387 -399 -199 655
117955: -387 -399 -200 664
117960: -387 -399 -205 709
117961: -387 -399 -206 718
117963: -387 -400 -280 655
117975: -387 -401 -364 682
117983: -387 -402 -444 673
117985: -387 -402 -446 691
117986: -387 -402 -447 700
117990: -387 -403 -523 655
117996: -387 -403 -529 709
118022: -396 -397 -42 701
118026: -396 -398 -118 656
118027: -396 -398 -119 665
118029: -396 -398 -121 683
118032: -396 -398 -124 710
118033: -396 -398 -125 719
118034: -396 -398 -126 728
118035: -396 -399 -199 656
118036: -396 -399 -200 665
118037: -396 -399 -201 674
118038: -396 -399 -202 683
118039: -396 -399 -203 692
118040: -396 -399 -204 701
118041: -396 -399 -205 710
118042: -396 -399 -206 719
118043: -396 -399 -207 728
118044: -396 -400 -280 656
118045: -396 -400 -281 665
118047: -396 -400 -283 683
118048: -396 -400 -284 692
118050: -396 -400 -286 710
118051: -396 -400 -287 719
118052: -396 -400 -288 728
118054: -396 -401 -362 665
118055: -396 -401 -363 674
118056: -396 -401 -364 683
118059: -396 -401 -367 710
118062: -396 -402 -442 656
118063: -396 -402 -443 665
118065: -396 -402 -445 683
118066: -396 -402 -446 692
118067: -396 -402 -447 701
118069: -396 -402 -449 719
118070: -396 -402 -450 728
118071: -396 -403 -523 656
118072: -396 -403 -524 665
118073: -396 -403 -525 674
118074: -396 -403 -526 683
118077: -396 -403 -529 710
118078: -396 -403 -530 719
118079: -396 -403 -531 728
118080: -396 -404 -604 656
118082: -396 -404 -606 674
118086: -396 -404 -610 710
118087: -396 -404 -611 719
118170: -405 -405 -685 657
118171: -405 -405 -686 666
118172: -405 -405 -687 675
118173: -405 -405 -688 684
118175: -405 -405 -690 702
118176: -405 -405 -691 711
118177: -405 -405 -692 720
118178: -405 -405 -693 729
118185: -414 -478 -52 703
118188: -414 -479 -127 649
118189: -414 -479 -128 658
118191: -414 -479 -130 676
118192: -414 -479 -131 685
118193: -414 -479 -132 694
118197: -414 -480 -208 649
118198: -414 -480 -209 658
118200: -414 -480 -211 676
118204: -414 -480 -215 712
118206: -414 -481 -289 649
118207: -414 -481 -290 658
118215: -414 -482 -370 649
118216: -414 -482 -371 658
118217: -414 -482 -372 667
118218: -414 -482 -373 676
118219: -414 -482 -374 685
118220: -414 -482 -375 694
118221: -414 -482 -376 703
118222: -414 -482 -377 712
118224: -414 -483 -451 649
118225: -414 -483 -452 658
118226: -414 -483 -453 667
118227: -414 -483 -454 676
118231: -414 -483 -458 712
118236: -414 -484 -535 676
118243: -414 -485 -614 658
118248: -414 -485 -619 703
118266: -423 -478 -52 704
118270: -423 -479 -128 659
118272: -423 -479 -130 677
118276: -423 -479 -134 713
118278: -423 -480 -208 650
118279: -423 -480 -209 659
118280: -423 -480 -210 668
118281: -423 -480 -211 677
118287: -423 -481 -289 650
118296: -423 -482 -370 650
118299: -423 -482 -373 677
118302: -423 -482 -376 704
118303: -423 -482 -377 713
118304: -423 -482 -378 722
118307: -423 -483 -453 668
118308: -423 -483 -454 677
118314: -423 -484 -532 650
118315: -423 -484 -533 659
118317: -423 -484 -535 677
118319: -423 -484 -537 695
118320: -423 -484 -538 704
118347: -432 -478 -52 705
118350: -432 -479 -127 651
118351: -432 -479 -128 660
118353: -432 -479 -130 678
118354: -432 -479 -131 687
118355: -432 -479 -132 696
118357: -432 -479 -134 714
118358: -432 -479 -135 723
118359: -432 -480 -208 651
118360: -432 -480 -209 660
118361: -432 -480 -210 669
118362: -432 -480 -211 678
118365: -432 -480 -214 705
118366: -432 -480 -215 714
118367: -432 -480 -216 723
118368: -432 -481 -289 651
118369: -432 -481 -290 660
118371: -432 -481 -292 678
118377: -432 -482 -370 651
118380: -432 -482 -373 678
118385: -432 -482 -378 723
118387: -432 -483 -452 660
118389: -432 -483 -454 678
118392: -432 -483 -457 705
118393: -432 -483 -458 714
118397: -432 -484 -534 669
118402: -432 -484 -539 714
118405: -432 -485 -614 660
118428: -441 -478 -52 706
118431: -441 -479 -127 652
118432: -441 -479 -128 661
118434: -441 -479 -130 679
118435: -441 -479 -131 688
118436: -441 -479 -132 697
118437: -441 -479 -133 706
118438: -441 -479 -134 715
118439: -441 -479 -135 724
118440: -441 -480 -208 652
118441: -441 -480 -209 661
118442: -441 -480 -210 670
118443: -441 -480 -211 679
118444: -441 -480 -212 688
118446: -441 -480 -214 706
118448: -441 -480 -216 724
118449: -441 -481 -289 652
118450: -441 -481 -290 661
118452: -441 -481 -292 679
118453: -441 -481 -293 688
118454: -441 -481 -294 697
118455: -441 -481 -295 706
118456: -441 -481 -296 715
118458: -441 -482 -370 652
118459: -441 -482 -371 661
118460: -441 -482 -372 670
118461: -441 -482 -373 679
118462: -441 -482 -374 688
118463: -441 -482 -375 697
118464: -441 -482 -376 706
118465: -441 -482 -377 715
118466: -441 -482 -378 724
118467: -441 -483 -451 652
118469: -441 -483 -453 670
118476: -441 -484 -532 652
118477: -441 -484 -533 661
118481: -441 -484 -537 697
118485: -441 -485 -613 652
118486: -441 -485 -614 661
118487: -441 -485 -615 670
118488: -441 -485 -616 679
118489: -441 -485 -617 688
118491: -441 -485 -619 706
118492: -441 -485 -620 715
118493: -441 -485 -621 724
118509: -450 -478 -52 707
118512: -450 -479 -127 653
118516: -450 -479 -131 689
118519: -450 -479 -134 716
118521: -450 -480 -208 653
118523: -450 -480 -210 671
118524: -450 -480 -211 680
118530: -450 -481 -289 653
118534: -450 -481 -293 689
118539: -450 -482 -370 653
118557: -450 -484 -532 653
118558: -450 -484 -533 662
118559: -450 -484 -534 671
118560: -450 -484 -535 680
118561: -450 -484 -536 689
118562: -450 -484 -537 698
118563: -450 -484 -538 707
118565: -450 -484 -540 725
118590: -459 -478 -52 708
118593: -459 -479 -127 654
118596: -459 -479 -130 681
118597: -459 -479 -131 690
118599: -459 -479 -133 708
118600: -459 -479 -134 717
118601: -459 -479 -135 726
118602: -459 -480 -208 654
118603: -459 -480 -209 663
118605: -459 -480 -211 681
118611: -459 -481 -289 654
118620: -459 -482 -370 654
118623: -459 -482 -373 681
118628: -459 -482 -378 726
118637: -459 -483 -459 726
118640: -459 -484 -534 672
118653: -459 -485 -619 708
118671: -468 -478 -52 709
118674: -468 -479 -127 655
118683: -468 -480 -208 655
118684: -468 -480 -209 664
118685: -468 -480 -210 673
118687: -468 -480 -212 691
118692: -468 -481 -289 655
118701: -468 -482 -370 655
118712: -468 -483 -453 673
118752: -477 -478 -52 710
118755: -477 -479 -127 656
118758: -477 -479 -130 683
118761: -477 -479 -133 710
118762: -477 -479 -134 719
118763: -477 -479 -135 728
118764: -477 -480 -208 656
118765: -477 -480 -209 665
118766: -477 -480 -210 674
118767: -477 -480 -211 683
118773: -477 -481 -289 656
118782: -477 -482 -370 656
118783: -477 -482 -371 665
118784: -477 -482 -372 674
118785: -477 -482 -373 683
118786: -477 -482 -374 692
118787: -477 -482 -375 701
118789: -477 -482 -377 719
118790: -477 -482 -378 728
118791: -477 -483 -451 656
118800: -477 -484 -532 656
118805: -477 -484 -537 701
118809: -477 -485 -613 656
118848: -486 -480 -211 684
118899: -486 -486 -694 657
118900: -486 -486 -695 666
118901: -486 -486 -696 675
118902: -486 -486 -697 684
118903: -486 -486 -698 693
118905: -486 -486 -700 711
118906: -486 -486 -701 720
118907: -486 -486 -702 729
118915: -495 -559 -62 712
118917: -495 -560 -136 649
118918: -495 -560 -137 658
118920: -495 -560 -139 676
118921: -495 -560 -140 685
118922: -495 -560 -141 694
118923: -495 -560 -142 703
118924: -495 -560 -143 712
118925: -495 -560 -144 721
118926: -495 -561 -217 649
118927: -495 -561 -218 658
118929: -495 -561 -220 676
118933: -495 -561 -224 712
118935: -495 -562 -298 649
118944: -495 -563 -379 649
118945: -495 -563 -380 658
118946: -495 -563 -381 667
118947: -495 -563 -382 676
118948: -495 -563 -383 685
118949: -495 -563 -384 694
118950: -495 -563 -385 703
118951: -495 -563 -386 712
118952: -495 -563 -387 721
118953: -495 -564 -460 649
118954: -495 -564 -461 658
118955: -495 -564 -462 667
118956: -495 -564 -463 676
118958: -495 -564 -465 694
118960: -495 -564 -467 712
118961: -495 -564 -468 721
118964: -495 -565 -543 667
118969: -495 -565 -548 712
118972: -495 -566 -623 658
118973: -495 -566 -624 667
118974: -495 -566 -625 676
118975: -495 -566 -626 685
118976: -495 -566 -627 694
118977: -495 -566 -628 703
118978: -495 -566 -629 712
118979: -495 -566 -630 721
118996: -504 -559 -62 713
118998: -504 -560 -136 650
118999: -504 -560 -137 659
119002: -504 -560 -140 686
119005: -504 -560 -143 713
119007: -504 -561 -217 650
119008: -504 -561 -218 659
119009: -504 -561 -219 668
119010: -504 -561 -220 677
119016: -504 -562 -298 650
119034: -504 -564 -460 650
119035: -504 -564 -461 659
119036: -504 -564 -462 668
119037: -504 -564 -463 677
119038: -504 -564 -464 686
119039: -504 -564 -465 695
119040: -504 -564 -466 704
119041: -504 -564 -467 713
119042: -504 -564 -468 722
119046: -504 -565 -544 677
119055: -504 -566 -625 677
119056: -504 -566 -626 686
119058: -504 -566 -628 704
119077: -513 -559 -62 714
119079: -513 -560 -136 651
119088: -513 -561 -217 651
119089: -513 -561 -218 660
119090: -513 -561 -219 669
119091: -513 -561 -220 678
119092: -513 -561 -221 687
119093: -513 -561 -222 696
119094: -513 -561 -223 705
119095: -513 -561 -224 714
119097: -513 -562 -298 651
119098: -513 -562 -299 660
119100: -513 -562 -301 678
119101: -513 -562 -302 687
119102: -513 -562 -303 696
119103: -513 -562 -304 705
119106: -513 -563 -379 651
119113: -513 -563 -386 714
119115: -513 -564 -460 651
119116: -513 -564 -461 660
119117: -513 -564 -462 669
119118: -513 -564 -463 678
119119: -513 -564 -464 687
119120: -513 -564 -465 696
119121: -513 -564 -466 705
119122: -513 -564 -467 714
119127: -513 -565 -544 678
119131: -513 -565 -548 714
119135: -513 -566 -624 669
119139: -513 -566 -628 705
119158: -522 -559 -62 715
119160: -522 -560 -136 652
119161: -522 -560 -137 661
119163: -522 -560 -139 679
119164: -522 -560 -140 688
119165: -522 -560 -141 697
119166: -522 -560 -142 706
119167: -522 -560 -143 715
119168: -522 -560 -144 724
119169: -522 -561 -217 652
119170: -522 -561 -218 661
119171: -522 -561 -219 670
119172: -522 -561 -220 679
119173: -522 -561 -221 688
119175: -522 -561 -223 706
119177: -522 -561 -225 724
119178: -522 -562 -298 652
119179: -522 -562 -299 661
119181: -522 -562 -301 679
119182: -522 -562 -302 688
119183: -522 -562 -303 697
119185: -522 -562 -305 715
119186: -522 -562 -306 724
119188: -522 -563 -380 661
119195: -522 -563 -387 724
119196: -522 -564 -460 652
119197: -522 -564 -461 661
119198: -522 -564 -462 670
119199: -522 -564 -463 679
119200: -522 -564 -464 688
119201: -522 -564 -465 697
119202: -522 -564 -466 706
119203: -522 -564 -467 715
119204: -522 -564 -468 724
119207: -522 -565 -543 670
119208: -522 -565 -544 679
119209: -522 -565 -545 688
119212: -522 -565 -548 715
119215: -522 -566 -623 661
119216: -522 -566 -624 670
119217: -522 -566 -625 679
119218: -522 -566 -626 688
119219: -522 -566 -627 697
119220: -522 -566 -628 706
119221: -522 -566 -629 715
119222: -522 -566 -630 724
119239: -531 -559 -62 716
119241: -531 -560 -136 653
119246: -531 -560 -141 698
119250: -531 -561 -217 653
119252: -531 -561 -219 671
119258: -531 -561 -225 725
119269: -531 -563 -380 662
119272: -531 -563 -383 689
119273: -531 -563 -384 698
119287: -531 -565 -542 662
119288: -531 -565 -543 671
119293: -531 -565 -548 716
119320: -540 -559 -62 717
119325: -540 -560 -139 681
119331: -540 -561 -217 654
119332: -540 -561 -218 663
119339: -540 -561 -225 726
119340: -540 -562 -298 654
119363: -540 -564 -465 699
119365: -540 -564 -467 717
119376: -540 -566 -622 654
119377: -540 -566 -623 663
119401: -549 -559 -62 718
119403: -549 -560 -136 655
119404: -549 -560 -137 664
119406: -549 -560 -139 682
119407: -549 -560 -140 691
119408: -549 -560 -141 700
119409: -549 -560 -142 709
119412: -549 -561 -217 655
119413: -549 -561 -218 664
119418: -549 -561 -223 709
119421: -549 -562 -298 655
119422: -549 -562 -299 664
119424: -549 -562 -301 682
119425: -549 -562 -302 691
119426: -549 -562 -303 700
119427: -549 -562 -304 709
119429: -549 -562 -306 727
119430: -549 -563 -379 655
119431: -549 -563 -380 664
119432: -549 -563 -381 673
119433: -549 -563 -382 682
119434: -549 -563 -383 691
119435: -549 -563 -384 700
119436: -549 -563 -385 709
119437: -549 -563 -386 718
119438: -549 -563 -387 727
119439: -549 -564 -460 655
119440: -549 -564 -461 664
119441: -549 -564 -462 673
119442: -549 -564 -463 682
119443: -549 -564 -464 691
119444: -549 -564 -465 700
119446: -549 -564 -467 718
119447: -549 -564 -468 727
119456: -549 -565 -549 727
119458: -549 -566 -623 664
119459: -549 -566 -624 673
119461: -549 -566 -626 691
119462: -549 -566 -627 700
119463: -549 -566 -628 709
119464: -549 -566 -629 718
119465: -549 -566 -630 727
119473: -549 -567 -710 718
119482: -558 -559 -62 719
119484: -558 -560 -136 656
119491: -558 -560 -143 719
119493: -558 -561 -217 656
119502: -558 -562 -298 656
119523: -558 -564 -463 683
119529: -558 -565 -541 656
119530: -558 -565 -542 665
119531: -558 -565 -543 674
119532: -558 -565 -544 683
119533: -558 -565 -545 692
119628: -567 -567 -703 657
119629: -567 -567 -704 666
119630: -567 -567 -705 675
119631: -567 -567 -706 684
119632: -567 -567 -707 693
119633: -567 -567 -708 702
119634: -567 -567 -709 711
119635: -567 -567 -710 720
119636: -567 -567 -711 729
119645: -576 -640 -72 721
119646: -576 -641 -145 649
119647: -576 -641 -146 658
119649: -576 -641 -148 676
119650: -576 -641 -149 685
119651: -576 -641 -150 694
119652: -576 -641 -151 703
119655: -576 -642 -226 649
119656: -576 -642 -227 658
119657: -576 -642 -228 667
119658: -576 -642 -229 676
119659: -576 -642 -230 685
119661: -576 -642 -232 703
119663: -576 -642 -234 721
119664: -576 -643 -307 649
119665: -576 -643 -308 658
119673: -576 -644 -388 649
119676: -576 -644 -391 676
119681: -576 -644 -396 721
119682: -576 -645 -469 649
119690: -576 -645 -477 721
119691: -576 -646 -550 649
119692: -576 -646 -551 658
119693: -576 -646 -552 667
119694: -576 -646 -553 676
119695: -576 -646 -554 685
119697: -576 -646 -556 703
119699: -576 -646 -558 721
119701: -576 -647 -632 658
119702: -576 -647 -633 667
119704: -576 -647 -635 685
119726: -585 -640 -72 722
119727: -585 -641 -145 650
119731: -585 -641 -149 686
119733: -585 -641 -151 704
119736: -585 -642 -226 650
119737: -585 -642 -227 659
119738: -585 -642 -228 668
119739: -585 -642 -229 677
119740: -585 -642 -230 686
119741: -585 -642 -231 695
119742: -585 -642 -232 704
119743: -585 -642 -233 713
119745: -585 -643 -307 650
119748: -585 -643 -310 677
119755: -585 -644 -389 659
119763: -585 -645 -469 650
119764: -585 -645 -470 659
119770: -585 -645 -476 713
119807: -594 -640 -72 723
119808: -594 -641 -145 651
119811: -594 -641 -148 678
119817: -594 -642 -226 651
119818: -594 -642 -227 660
119819: -594 -642 -228 669
119820: -594 -642 -229 678
119821: -594 -642 -230 687
119823: -594 -642 -232 705
119826: -594 -643 -307 651
119829: -594 -643 -310 678
119846: -594 -645 -471 669
119853: -594 -646 -550 651
119854: -594 -646 -551 660
119855: -594 -646 -552 669
119857: -594 -646 -554 687
119858: -594 -646 -555 696
119859: -594 -646 -556 705
119860: -594 -646 -557 714
119864: -594 -647 -633 669
119866: -594 -647 -635 687
119867: -594 -647 -636 696
119888: -603 -640 -72 724
119889: -603 -641 -145 652
119890: -603 -641 -146 661
119892: -603 -641 -148 679
119893: -603 -641 -149 688
119894: -603 -641 -150 697
119895: -603 -641 -151 706
119896: -603 -641 -152 715
119897: -603 -641 -153 724
119898: -603 -642 -226 652
119899: -603 -642 -227 661
119901: -603 -642 -229 679
119907: -603 -643 -307 652
119908: -603 -643 -308 661
119910: -603 -643 -310 679
119912: -603 -643 -312 697
119913: -603 -643 -313 706
119916: -603 -644 -388 652
119919: -603 -644 -391 679
119925: -603 -645 -469 652
119926: -603 -645 -470 661
119928: -603 -645 -472 679
119929: -603 -645 -473 688
119930: -603 -645 -474 697
119931: -603 -645 -475 706
119933: -603 -645 -477 724
119934: -603 -646 -550 652
119937: -603 -646 -553 679
119938: -603 -646 -554 688
119942: -603 -646 -558 724
119969: -612 -640 -72 725
119973: -612 -641 -148 680
119979: -612 -642 -226 653
119988: -612 -643 -307 653
120050: -621 -640 -72 726
120051: -621 -641 -145 654
120060: -621 -642 -226 654
120065: -621 -642 -231 699
120091: -621 -645 -473 690
120131: -630 -640 -72 727
120132: -630 -641 -145 655
120133: -630 -641 -146 664
120136: -630 -641 -149 691
120137: -630 -641 -150 700
120138: -630 -641 -151 709
120139: -630 -641 -152 718
120141: -630 -642 -226 655
120145: -630 -642 -230 691
120146: -630 -642 -231 700
120150: -630 -643 -307 655
120153: -630 -643 -310 682
120180: -630 -646 -553 682
120212: -639 -640 -72 728
120213: -639 -641 -145 656
120216: -639 -641 -148 683
120219: -639 -641 -151 710
120222: -639 -642 -226 656
120225: -639 -642 -229 683
120231: -639 -643 -307 656
120234: -639 -643 -310 683
120237: -639 -643 -313 710
120240: -639 -644 -388 656
120241: -639 -644 -389 665
120250: -639 -645 -470 665
120251: -639 -645 -471 674
120252: -639 -645 -472 683
120254: -639 -645 -474 701
120257: -639 -645 -477 728
120258: -639 -646 -550 656
120259: -639 -646 -551 665
120260: -639 -646 -552 674
120261: -639 -646 -553 683
120263: -639 -646 -555 701
120264: -639 -646 -556 710
120266: -639 -646 -558 728
120303: -648 -642 -226 657
120357: -648 -648 -712 657
120358: -648 -648 -713 666
120359: -648 -648 -714 675
120360: -648 -648 -715 684
120361: -648 -648 -716 693
120362: -648 -648 -717 702
120365: -648 -648 -720 729
120375: -657 -722 -154 649
120378: -657 -722 -157 676
120379: -657 -722 -158 685
120380: -657 -722 -159 694
120381: -657 -722 -160 703
120382: -657 -722 -161 712
120384: -657 -723 -235 649
120385: -657 -723 -236 658
120386: -657 -723 -237 667
120388: -657 -723 -239 685
120389: -657 -723 -240 694
120390: -657 -723 -241 703
120391: -657 -723 -242 712
120392: -657 -723 -243 721
120403: -657 -725 -398 658
120404: -657 -725 -399 667
120405: -657 -725 -400 676
120407: -657 -725 -402 694
120408: -657 -725 -403 703
120409: -657 -725 -404 712
120411: -657 -726 -478 649
120412: -657 -726 -479 658
120413: -657 -726 -480 667
120414: -657 -726 -481 676
120415: -657 -726 -482 685
120418: -657 -726 -485 712
120419: -657 -726 -486 721
120420: -657 -727 -559 649
120421: -657 -727 -560 658
120422: -657 -727 -561 667
120423: -657 -727 -562 676
120424: -657 -727 -563 685
120425: -657 -727 -564 694
120428: -657 -727 -567 721
120446: -657 -729 -729 721
120451: -666 -721 -77 686
120456: -666 -722 -154 650
120459: -666 -722 -157 677
120463: -666 -722 -161 713
120465: -666 -723 -235 650
120466: -666 -723 -236 659
120468: -666 -723 -238 677
120474: -666 -724 -316 650
120479: -666 -724 -321 695
120480: -666 -724 -322 704
120483: -666 -725 -397 650
120484: -666 -725 -398 659
120485: -666 -725 -399 668
120486: -666 -725 -400 677
120488: -666 -725 -402 695
120489: -666 -725 -403 704
120490: -666 -725 -404 713
120492: -666 -726 -478 650
120493: -666 -726 -479 659
120494: -666 -726 -480 668
120495: -666 -726 -481 677
120496: -666 -726 -482 686
120498: -666 -726 -484 704
120499: -666 -726 -485 713
120501: -666 -727 -559 650
120502: -666 -727 -560 659
120503: -666 -727 -561 668
120504: -666 -727 -562 677
120505: -666 -727 -563 686
120506: -666 -727 -564 695
120507: -666 -727 -565 704
120508: -666 -727 -566 713
120527: -666 -729 -729 722
120532: -675 -721 -77 687
120542: -675 -722 -159 696
120543: -675 -722 -160 705
120544: -675 -722 -161 714
120546: -675 -723 -235 651
120555: -675 -724 -316 651
120556: -675 -724 -317 660
120558: -675 -724 -319 678
120559: -675 -724 -320 687
120560: -675 -724 -321 696
120561: -675 -724 -322 705
120562: -675 -724 -323 714
120563: -675 -724 -324 723
120564: -675 -725 -397 651
120565: -675 -725 -398 660
120567: -675 -725 -400 678
120569: -675 -725 -402 696
120570: -675 -725 -403 705
120573: -675 -726 -478 651
120579: -675 -726 -484 705
120582: -675 -727 -559 651
120583: -675 -727 -560 660
120584: -675 -727 -561 669
120585: -675 -727 -562 678
120586: -675 -727 -563 687
120587: -675 -727 -564 696
120589: -675 -727 -566 714
120608: -675 -729 -729 723
120613: -684 -721 -77 688
120618: -684 -722 -154 652
120619: -684 -722 -155 661
120622: -684 -722 -158 688
120623: -684 -722 -159 697
120624: -684 -722 -160 706
120625: -684 -722 -161 715
120628: -684 -723 -236 661
120631: -684 -723 -239 688
120632: -684 -723 -240 697
120633: -684 -723 -241 706
120634: -684 -723 -242 715
120636: -684 -724 -316 652
120646: -684 -725 -398 661
120647: -684 -725 -399 670
120648: -684 -725 -400 679
120650: -684 -725 -402 697
120651: -684 -725 -403 706
120652: -684 -725 -404 715
120654: -684 -726 -478 652
120655: -684 -726 -479 661
120656: -684 -726 -480 670
120658: -684 -726 -482 688
120659: -684 -726 -483 697
120660: -684 -726 -484 706
120661: -684 -726 -485 715
120663: -684 -727 -559 652
120664: -684 -727 -560 661
120665: -684 -727 -561 670
120666: -684 -727 -562 679
120667: -684 -727 -563 688
120668: -684 -727 -564 697
120670: -684 -727 -566 715
120689: -684 -729 -729 724
120699: -693 -722 -154 653
120702: -693 -722 -157 680
120703: -693 -722 -158 689
120704: -693 -722 -159 698
120705: -693 -722 -160 707
120706: -693 -722 -161 716
120708: -693 -723 -235 653
120711: -693 -723 -238 680
120713: -693 -723 -240 698
120714: -693 -723 -241 707
120717: -693 -724 -316 653
120748: -693 -727 -563 689
120775: -702 -721 -77 690
120780: -702 -722 -154 654
120786: -702 -722 -160 708
120787: -702 -722 -161 717
120789: -702 -723 -235 654
120790: -702 -723 -236 663
120792: -702 -723 -238 681
120794: -702 -723 -240 699
120795: -702 -723 -241 708
120798: -702 -724 -316 654
120808: -702 -725 -398 663
120809: -702 -725 -399 672
120810: -702 -725 -400 681
120813: -702 -725 -403 708
120814: -702 -725 -404 717
120825: -702 -727 -559 654
120851: -702 -729 -729 726
120856: -711 -721 -77 691
120861: -711 -722 -154 655
120867: -711 -722 -160 709
120868: -711 -722 -161 718
120870: -711 -723 -235 655
120871: -711 -723 -236 664
120873: -711 -723 -238 682
120875: -711 -723 -240 700
120879: -711 -724 -316 655
120880: -711 -724 -317 664
120883: -711 -724 -320 691
120884: -711 -724 -321 700
120886: -711 -724 -323 718
120888: -711 -725 -397 655
120901: -711 -726 -482 691
120937: -720 -721 -77 692
120942: -720 -722 -154 656
120946: -720 -722 -158 692
120947: -720 -722 -159 701
120948: -720 -722 -160 710
120949: -720 -722 -161 719
120951: -720 -723 -235 656
120952: -720 -723 -236 665
120954: -720 -723 -238 683
120956: -720 -723 -240 701
120957: -720 -723 -241 710
120960: -720 -724 -316 656
120961: -720 -724 -317 665
120964: -720 -724 -320 692
120966: -720 -724 -322 710
120967: -720 -724 -323 719
120968: -720 -724 -324 728
120992: -720 -727 -564 701
121013: -720 -729 -729 728
121023: -729 -722 -154 657
121132: -2 -11
121133: -2 -20
121134: -2 -29
121135: -2 -38
121136: -2 -47
121137: -2 -56
121138: -2 -65
121139: -2 -74
121177: -12 -21
121178: -12 -30
121179: -12 -39
121180: -12 -48
121181: -12 -57
121182: -12 -66
121183: -12 -75
121221: -22 -31
121222: -22 -40
121223: -22 -49
121224: -22 -58
121225: -22 -67
121226: -22 -76
121279: 5 14 23 32 41 50 59 68 77
121306: -42 -51
121307: -42 -60
121308: -42 -69
121309: -42 -78
121347: -52 -61
121348: -52 -70
121349: -52 -79
121387: -62 -71
121388: -62 -80
121426: -72 -81
121446: -100 -136
121449: -109 -118
121450: -109 -127
121451: -109 -136
121452: -109 -145
121453: -109 -154
121454: -118 -127
121455: -118 -136
121456: -118 -145
121457: -118 -154
121458: -127 -136
121459: -127 -145
121460: -127 -154
121461: -136 -145
121462: -136 -154
121463: -145 -154
121464: 82 91 100 109 118 127 136 145 154
121473: -92 -101
121474: -92 -110
121475: -92 -119
121476: -92 -128
121477: -92 -137
121478: -92 -146
121479: -92 -155
121480: -101 -110
121481: -101 -119
121482: -101 -128
121483: -101 -137
121484: -101 -146
121485: -101 -155
121486: -110 -119
121487: -110 -128
121488: -110 -137
121489: -110 -146
121490: -110 -155
121491: -119 -128
121492: -119 -137
121493: -119 -146
121494: -119 -155
121496: -128 -146
121497: -128 -155
121498: -137 -146
121499: -137 -155
121500: -146 -155
121501: 83 92 101 110 119 128 137 146 155
121502: -84 -93
121503: -84 -102
121504: -84 -111
121505: -84 -120
121506: -84 -129
121507: -84 -138
121508: -84 -147
121509: -84 -156
121549: -94 -121
121550: -94 -130
121551: -94 -139
121552: -94 -148
121553: -94 -157
121555: -103 -121
121556: -103 -130
121557: -103 -139
121565: -121 -130
121566: -121 -139
121567: -121 -148
121568: -121 -157
121569: -130 -139
121570: -130 -148
121571: -130 -157
121572: -139 -148
121573: -139 -157
121574: -148 -157
121575: 85 94 103 112 121 130 139 148 157
121584: -95 -104
121585: -95 -113
121586: -95 -122
121587: -95 -131
121588: -95 -140
121589: -95 -149
121590: -95 -158
121591: -104 -113
121592: -104 -122
121593: -104 -131
121594: -104 -140
121595: -104 -149
121596: -104 -158
121597: -113 -122
121598: -113 -131
121599: -113 -140
121600: -113 -149
121601: -113 -158
121602: -122 -131
121603: -122 -140
121604: -122 -149
121605: -122 -158
121606: -131 -140
121607: -131 -149
121608: -131 -158
121609: -140 -149
121610: -140 -158
121611: -149 -158
121612: 86 95 104 113 122 131 140 149 158
121621: -96 -105
121622: -96 -114
121623: -96 -123
121624: -96 -132
121625: -96 -141
121626: -96 -150
121627: -96 -159
121628: -105 -114
121629: -105 -123
121630: -105 -132
121631: -105 -141
121632: -105 -150
121633: -105 -159
121634: -114 -123
121635: -114 -132
121636: -114 -141
121637: -114 -150
121638: -114 -159
121639: -123 -132
121640: -123 -141
121641: -123 -150
121642: -123 -159
121643: -132 -141
121644: -132 -150
121645: -132 -159
121646: -141 -150
121647: -141 -159
121648: -150 -159
121649: 87 96 105 114 123 132 141 150 159
121658: -97 -106
121659: -97 -115
121660: -97 -124
121661: -97 -133
121662: -97 -142
121663: -97 -151
121664: -97 -160
121665: -106 -115
121666: -106 -124
121667: -106 -133
121668: -106 -142
121669: -106 -151
121670: -106 -160
121671: -115 -124
121672: -115 -133
121673: -115 -142
121674: -115 -151
121675: -115 -160
121676: -124 -133
121677: -124 -142
121678: -124 -151
121679: -124 -160
121680: -133 -142
121681: -133 -151
121682: -133 -160
121683: -142 -151
121684: -142 -160
121685: -151 -160
121686: 88 97 106 115 124 133 142 151 160
121695: -98 -107
121696: -98 -116
121697: -98 -125
121698: -98 -134
121699: -98 -143
121700: -98 -152
121701: -98 -161
121702: -107 -116
121703: -107 -125
121704: -107 -134
121705: -107 -143
121706: -107 -152
121707: -107 -161
121708: -116 -125
121709: -116 -134
121710: -116 -143
121711: -116 -152
121712: -116 -161
121713: -125 -134
121714: -125 -143
121715: -125 -152
121716: -125 -161
121717: -134 -143
121718: -134 -152
121719: -134 -161
121720: -143 -152
121721: -143 -161
121722: -152 -161
121723: 89 98 107 116 125 134 143 152 161
121732: -99 -108
121733: -99 -117
121734: -99 -126
121735: -99 -135
121736: -99 -144
121737: -99 -153
121738: -99 -162
121739: -108 -117
121740: -108 -126
121741: -108 -135
121742: -108 -144
121743: -108 -153
121744: -108 -162
121745: -117 -126
121746: -117 -135
121747: -117 -144
121748: -117 -153
121749: -117 -162
121750: -126 -135
121751: -126 -144
121752: -126 -153
121753: -126 -162
121754: -135 -144
121755: -135 -153
121756: -135 -162
121757: -144 -153
121758: -144 -162
121759: -153 -162
121760: 90 99 108 117 126 135 144 153 162
121776: -181 -190
121777: -181 -199
121778: -181 -208
121779: -181 -217
121780: -181 -226
121781: -181 -235
121782: -190 -199
121783: -190 -208
121784: -190 -217
121785: -190 -226
121786: -190 -235
121787: -199 -208
121788: -199 -217
121789: -199 -226
121790: -199 -235
121791: -208 -217
121792: -208 -226
121793: -208 -235
121794: -217 -226
121795: -217 -235
121796: -226 -235
121797: 163 172 181 190 199 208 217 226 235
121813: -182 -191
121814: -182 -200
121815: -182 -209
121816: -182 -218
121817: -182 -227
121818: -182 -236
121819: -191 -200
121820: -191 -209
121821: -191 -218
121822: -191 -227
121823: -191 -236
121824: -200 -209
121825: -200 -218
121826: -200 -227
121827: -200 -236
121828: -209 -218
121829: -209 -227
121830: -209 -236
121831: -218 -227
121832: -218 -236
121833: -227 -236
121834: 164 173 182 191 200 209 218 227 236
121843: -174 -183
121844: -174 -192
121845: -174 -201
121846: -174 -210
121847: -174 -219
121848: -174 -228
121849: -174 -237
121850: -183 -192
121851: -183 -201
121852: -183 -210
121853: -183 -219
121854: -183 -228
121855: -183 -237
121856: -192 -201
121857: -192 -210
121858: -192 -219
121859: -192 -228
121860: -192 -237
121861: -201 -210
121862: -201 -219
121863: -201 -228
121864: -201 -237
121865: -210 -219
121866: -210 -228
121867: -210 -237
121868: -219 -228
121869: -219 -237
121870: -228 -237
121871: 165 174 183 192 201 210 219 228 237
121873: -166 -184
121874: -166 -193
121875: -166 -202
121876: -166 -211
121877: -166 -220
121878: -166 -229
121879: -166 -238
121887: -184 -193
121888: -184 -202
121889: -184 -211
121890: -184 -220
121891: -184 -229
121892: -184 -238
121893: -193 -202
121894: -193 -211
121895: -193 -220
121896: -193 -229
121897: -193 -238
121898: -202 -211
121899: -202 -220
121900: -202 -229
121901: -202 -238
121902: -211 -220
121903: -211 -229
121904: -211 -238
121905: -220 -229
121906: -220 -238
121907: -229 -238
121908: 166 175 184 193 202 211 220 229 238
121909: -167 -176
121910: -167 -185
121911: -167 -194
121912: -167 -203
121913: -167 -212
121914: -167 -221
121915: -167 -230
121916: -167 -239
121917: -176 -185
121918: -176 -194
121919: -176 -203
121920: -176 -212
121921: -176 -221
121922: -176 -230
121923: -176 -239
121924: -185 -194
121925: -185 -203
121926: -185 -212
121927: -185 -221
121928: -185 -230
121929: -185 -239
121930: -194 -203
121931: -194 -212
121932: -194 -221
121933: -194 -230
121934: -194 -239
121935: -203 -212
121936: -203 -221
121937: -203 -230
121938: -203 -239
121939: -212 -221
121940: -212 -230
121941: -212 -239
121942: -221 -230
121943: -221 -239
121944: -230 -239
121945: 167 176 185 194 203 212 221 230 239
121946: -168 -177
121947: -168 -186
121948: -168 -195
121949: -168 -204
121950: -168 -213
121951: -168 -222
121952: -168 -231
121953: -168 -240
121954: -177 -186
121955: -177 -195
121956: -177 -204
121957: -177 -213
121958: -177 -222
121959: -177 -231
121960: -177 -240
121961: -186 -195
121962: -186 -204
121963: -186 -213
121964: -186 -222
121965: -186 -231
121966: -186 -240
121967: -195 -204
121968: -195 -213
121969: -195 -222
121970: -195 -231
121971: -195 -240
121972: -204 -213
121973: -204 -222
121974: -204 -231
121975: -204 -240
121977: -213 -231
121978: -213 -240
121979: -222 -231
121980: -222 -240
121981: -231 -240
121982: 168 177 186 195 204 213 222 231 240
121983: -169 -178
121984: -169 -187
121985: -169 -196
121986: -169 -205
121987: -169 -214
121988: -169 -223
121989: -169 -232
121990: -169 -241
121991: -178 -187
121992: -178 -196
121993: -178 -205
121994: -178 -214
121995: -178 -223
121996: -178 -232
121997: -178 -241
121998: -187 -196
121999: -187 -205
122000: -187 -214
122001: -187 -223
122002: -187 -232
122003: -187 -241
122004: -196 -205
122005: -196 -214
122006: -196 -223
122007: -196 -232
122008: -196 -241
122009: -205 -214
122010: -205 -223
122011: -205 -232
122012: -205 -241
122013: -214 -223
122014: -214 -232
122015: -214 -241
122016: -223 -232
122017: -223 -241
122018: -232 -241
122019: 169 178 187 196 205 214 223 232 241
122020: -170 -179
122021: -170 -188
122022: -170 -197
122023: -170 -206
122024: -170 -215
122025: -170 -224
122026: -170 -233
122027: -170 -242
122028: -179 -188
122029: -179 -197
122030: -179 -206
122031: -179 -215
122032: -179 -224
122033: -179 -233
122034: -179 -242
122035: -188 -197
122036: -188 -206
122037: -188 -215
122038: -188 -224
122039: -188 -233
122040: -188 -242
122041: -197 -206
122042: -197 -215
122043: -197 -224
122044: -197 -233
122045: -197 -242
122046: -206 -215
122047: -206 -224
122048: -206 -233
122049: -206 -242
122050: -215 -224
122051: -215 -233
122052: -215 -242
122053: -224 -233
122054: -224 -242
122055: -233 -242
122056: 170 179 188 197 206 215 224 233 242
122057: -171 -180
122058: -171 -189
122059: -171 -198
122060: -171 -207
122061: -171 -216
122062: -171 -225
122063: -171 -234
122064: -171 -243
122065: -180 -189
122066: -180 -198
122067: -180 -207
122068: -180 -216
122069: -180 -225
122070: -180 -234
122071: -180 -243
122072: -189 -198
122073: -189 -207
122074: -189 -216
122075: -189 -225
122076: -189 -234
122077: -189 -243
122078: -198 -207
122079: -198 -216
122080: -198 -225
122081: -198 -234
122082: -198 -243
122083: -207 -216
122084: -207 -225
122085: -207 -234
122086: -207 -243
122087: -216 -225
122088: -216 -234
122089: -216 -243
122090: -225 -234
122091: -225 -243
122092: -234 -243
122093: 171 180 189 198 207 216 225 234 243
122120: -280 -289
122121: -280 -298
122122: -280 -307
122123: -280 -316
122124: -289 -298
122125: -289 -307
122126: -289 -316
122127: -298 -307
122128: -298 -316
122129: -307 -316
122130: 244 253 262 271 280 289 298 307 316
122146: -263 -272
122147: -263 -281
122148: -263 -290
122149: -263 -299
122150: -263 -308
122151: -263 -317
122152: -272 -281
122153: -272 -290
122154: -272 -299
122155: -272 -308
122156: -272 -317
122157: -281 -290
122158: -281 -299
122159: -281 -308
122160: -281 -317
122161: -290 -299
122162: -290 -308
122163: -290 -317
122164: -299 -308
122165: -299 -317
122166: -308 -317
122167: 245 254 263 272 281 290 299 308 317
122168: -246 -255
122176: -255 -264
122177: -255 -273
122178: -255 -282
122179: -255 -291
122180: -255 -300
122181: -255 -309
122182: -255 -318
122206: -247 -265
122207: -247 -274
122208: -247 -283
122209: -247 -292
122210: -247 -301
122211: -247 -310
122212: -247 -319
122220: -265 -274
122226: -274 -283
122227: -274 -292
122228: -274 -301
122229: -274 -310
122230: -274 -319
122231: -283 -292
122232: -283 -301
122233: -283 -310
122234: -283 -319
122235: -292 -301
122236: -292 -310
122237: -292 -319
122238: -301 -310
122239: -301 -319
122240: -310 -319
122241: 247 256 265 274 283 292 301 310 319
122243: -248 -266
122244: -248 -275
122245: -248 -284
122246: -248 -293
122247: -248 -302
122248: -248 -311
122249: -248 -320
122257: -266 -275
122258: -266 -284
122259: -266 -293
122260: -266 -302
122261: -266 -311
122262: -266 -320
122263: -275 -284
122264: -275 -293
122265: -275 -302
122266: -275 -311
122267: -275 -320
122268: -284 -293
122269: -284 -302
122270: -284 -311
122271: -284 -320
122272: -293 -302
122273: -293 -311
122274: -293 -320
122275: -302 -311
122276: -302 -320
122277: -311 -320
122278: 248 257 266 275 284 293 302 311 320
122280: -249 -267
122281: -249 -276
122282: -249 -285
122283: -249 -294
122284: -249 -303
122285: -249 -312
122286: -249 -321
122294: -267 -276
122295: -267 -285
122296: -267 -294
122297: -267 -303
122298: -267 -312
122299: -267 -321
122300: -276 -285
122301: -276 -294
122302: -276 -303
122303: -276 -312
122304: -276 -321
122305: -285 -294
122306: -285 -303
122307: -285 -312
122308: -285 -321
122309: -294 -303
122310: -294 -312
122311: -294 -321
122312: -303 -312
122313: -303 -321
122314: -312 -321
122315: 249 258 267 276 285 294 303 312 321
122317: -250 -268
122318: -250 -277
122319: -250 -286
122320: -250 -295
122321: -250 -304
122322: -250 -313
122323: -250 -322
122331: -268 -277
122332: -268 -286
122333: -268 -295
122334: -268 -304
122335: -268 -313
122336: -268 -322
122337: -277 -286
122338: -277 -295
122339: -277 -304
122340: -277 -313
122341: -277 -322
122342: -286 -295
122343: -286 -304
122344: -286 -313
122345: -286 -322
122346: -295 -304
122347: -295 -313
122348: -295 -322
122349: -304 -313
122350: -304 -322
122351: -313 -322
122352: 250 259 268 277 286 295 304 313 322
122354: -251 -269
122355: -251 -278
122356: -251 -287
122357: -251 -296
122358: -251 -305
122359: -251 -314
122360: -251 -323
122368: -269 -278
122369: -269 -287
122370: -269 -296
122371: -269 -305
122372: -269 -314
122373: -269 -323
122374: -278 -287
122375: -278 -296
122376: -278 -305
122377: -278 -314
122378: -278 -323
122379: -287 -296
122380: -287 -305
122381: -287 -314
122382: -287 -323
122383: -296 -305
122384: -296 -314
122385: -296 -323
122386: -305 -314
122387: -305 -323
122388: -314 -323
122389: 251 260 269 278 287 296 305 314 323
122391: -252 -270
122392: -252 -279
122393: -252 -288
122394: -252 -297
122395: -252 -306
122396: -252 -315
122397: -252 -324
122405: -270 -279
122406: -270 -288
122407: -270 -297
122408: -270 -306
122409: -270 -315
122410: -270 -324
122411: -279 -288
122412: -279 -297
122413: -279 -306
122414: -279 -315
122415: -279 -324
122416: -288 -297
122417: -288 -306
122418: -288 -315
122419: -288 -324
122420: -297 -306
122421: -297 -315
122422: -297 -324
122423: -306 -315
122424: -306 -324
122425: -315 -324
122426: 252 261 270 279 288 297 306 315 324
122435: -334 -343
122436: -334 -352
122437: -334 -361
122438: -334 -370
122439: -334 -379
122440: -334 -388
122441: -334 -397
122442: -343 -352
122443: -343 -361
122444: -343 -370
122445: -343 -379
122446: -343 -388
122447: -343 -397
122448: -352 -361
122449: -352 -370
122450: -352 -379
122451: -352 -388
122452: -352 -397
122453: -361 -370
122454: -361 -379
122455: -361 -388
122456: -361 -397
122457: -370 -379
122458: -370 -388
122459: -370 -397
122460: -379 -388
122461: -379 -397
122462: -388 -397
122463: 325 334 343 352 361 370 379 388 397
122464: -326 -335
122465: -326 -344
122466: -326 -353
122467: -326 -362
122468: -326 -371
122469: -326 -380
122470: -326 -389
122471: -326 -398
122472: -335 -344
122473: -335 -353
122474: -335 -362
122475: -335 -371
122476: -335 -380
122477: -335 -389
122478: -335 -398
122479: -344 -353
122480: -344 -362
122481: -344 -371
122482: -344 -380
122483: -344 -389
122484: -344 -398
122485: -353 -362
122486: -353 -371
122487: -353 -380
122488: -353 -389
122489: -353 -398
122490: -362 -371
122491: -362 -380
122492: -362 -389
122493: -362 -398
122494: -371 -380
122495: -371 -389
122496: -371 -398
122497: -380 -389
122498: -380 -398
122499: -389 -398
122500: 326 335 344 353 362 371 380 389 398
122501: -327 -336
122502: -327 -345
122503: -327 -354
122504: -327 -363
122505: -327 -372
122506: -327 -381
122507: -327 -390
122508: -327 -399
122509: -336 -345
122510: -336 -354
122511: -336 -363
122512: -336 -372
122513: -336 -381
122514: -336 -390
122515: -336 -399
122516: -345 -354
122517: -345 -363
122518: -345 -372
122519: -345 -381
122520: -345 -390
122521: -345 -399
122522: -354 -363
122523: -354 -372
122524: -354 -381
122525: -354 -390
122526: -354 -399
122527: -363 -372
122528: -363 -381
122529: -363 -390
122530: -363 -399
122531: -372 -381
122532: -372 -390
122533: -372 -399
122534: -381 -390
122535: -381 -399
122536: -390 -399
122537: 327 336 345 354 363 372 381 390 399
122538: -328 -337
122539: -328 -346
122540: -328 -355
122541: -328 -364
122542: -328 -373
122543: -328 -382
122544: -328 -391
122545: -328 -400
122546: -337 -346
122547: -337 -355
122548: -337 -364
122549: -337 -373
122550: -337 -382
122551: -337 -391
122552: -337 -400
122553: -346 -355
122554: -346 -364
122555: -346 -373
122556: -346 -382
122557: -346 -391
122558: -346 -400
122559: -355 -364
122560: -355 -373
122562: -355 -391
122563: -355 -400
122564: -364 -373
122565: -364 -382
122566: -364 -391
122567: -364 -400
122568: -373 -382
122569: -373 -391
122570: -373 -400
122571: -382 -391
122572: -382 -400
122573: -391 -400
122574: 328 337 346 355 364 373 382 391 400
122575: -329 -338
122576: -329 -347
122577: -329 -356
122578: -329 -365
122579: -329 -374
122580: -329 -383
122581: -329 -392
122582: -329 -401
122583: -338 -347
122584: -338 -356
122585: -338 -365
122586: -338 -374
122587: -338 -383
122588: -338 -392
122589: -338 -401
122590: -347 -356
122591: -347 -365
122592: -347 -374
122593: -347 -383
122594: -347 -392
122595: -347 -401
122596: -356 -365
122597: -356 -374
122598: -356 -383
122599: -356 -392
122600: -356 -401
122601: -365 -374
122603: -365 -392
122604: -365 -401
122605: -374 -383
122606: -374 -392
122607: -374 -401
122608: -383 -392
122609: -383 -401
122610: -392 -401
122611: 329 338 347 356 365 374 383 392 401
122612: -330 -339
122613: -330 -348
122614: -330 -357
122615: -330 -366
122616: -330 -375
122617: -330 -384
122618: -330 -393
122619: -330 -402
122620: -339 -348
122621: -339 -357
122622: -339 -366
122623: -339 -375
122624: -339 -384
122625: -339 -393
122626: -339 -402
122627: -348 -357
122628: -348 -366
122629: -348 -375
122630: -348 -384
122631: -348 -393
122632: -348 -402
122633: -357 -366
122634: -357 -375
122635: -357 -384
122636: -357 -393
122637: -357 -402
122638: -366 -375
122639: -366 -384
122640: -366 -393
122641: -366 -402
122642: -375 -384
122643: -375 -393
122644: -375 -402
122645: -384 -393
122646: -384 -402
122647: -393 -402
122648: 330 339 348 357 366 375 384 393 402
122649: -331 -340
122650: -331 -349
122651: -331 -358
122652: -331 -367
122653: -331 -376
122654: -331 -385
122655: -331 -394
122656: -331 -403
122657: -340 -349
122658: -340 -358
122659: -340 -367
122660: -340 -376
122661: -340 -385
122662: -340 -394
122663: -340 -403
122664: -349 -358
122665: -349 -367
122666: -349 -376
122667: -349 -385
122668: -349 -394
122669: -349 -403
122670: -358 -367
122671: -358 -376
122672: -358 -385
122673: -358 -394
122674: -358 -403
122675: -367 -376
122676: -367 -385
122677: -367 -394
122678: -367 -403
122679: -376 -385
122680: -376 -394
122682: -385 -394
122683: -385 -403
122685: 331 340 349 358 367 376 385 394 403
122686: -332 -341
122687: -332 -350
122688: -332 -359
122689: -332 -368
122690: -332 -377
122691: -332 -386
122692: -332 -395
122693: -332 -404
122694: -341 -350
122695: -341 -359
122696: -341 -368
122697: -341 -377
122698: -341 -386
122699: -341 -395
122700: -341 -404
122701: -350 -359
122702: -350 -368
122703: -350 -377
122704: -350 -386
122705: -350 -395
122706: -350 -404
122707: -359 -368
122708: -359 -377
122709: -359 -386
122710: -359 -395
122711: -359 -404
122712: -368 -377
122713: -368 -386
122714: -368 -395
122715: -368 -404
122716: -377 -386
122717: -377 -395
122718: -377 -404
122719: -386 -395
122720: -386 -404
122721: -395 -404
122722: 332 341 350 359 368 377 386 395 404
122723: -333 -342
122724: -333 -351
122725: -333 -360
122727: -333 -378
122728: -333 -387
122729: -333 -396
122730: -333 -405
122731: -342 -351
122732: -342 -360
122733: -342 -369
122734: -342 -378
122735: -342 -387
122736: -342 -396
122737: -342 -405
122738: -351 -360
122739: -351 -369
122740: -351 -378
122741: -351 -387
122742: -351 -396
122743: -351 -405
122744: -360 -369
122745: -360 -378
122746: -360 -387
122747: -360 -396
122748: -360 -405
122749: -369 -378
122750: -369 -387
122751: -369 -396
122752: -369 -405
122753: -378 -387
122754: -378 -396
122755: -378 -405
122756: -387 -396
122757: -387 -405
122758: -396 -405
122759: 333 342 351 360 369 378 387 396 405
122768: -415 -424
122769: -415 -433
122770: -415 -442
122771: -415 -451
122772: -415 -460
122773: -415 -469
122774: -415 -478
122775: -424 -433
122776: -424 -442
122777: -424 -451
122778: -424 -460
122779: -424 -469
122780: -424 -478
122781: -433 -442
122782: -433 -451
122783: -433 -460
122784: -433 -469
122785: -433 -478
122786: -442 -451
122787: -442 -460
122788: -442 -469
122789: -442 -478
122790: -451 -460
122791: -451 -469
122792: -451 -478
122793: -460 -469
122794: -460 -478
122795: -469 -478
122796: 406 415 424 433 442 451 460 469 478
122797: -407 -416
122798: -407 -425
122799: -407 -434
122800: -407 -443
122801: -407 -452
122802: -407 -461
122803: -407 -470
122804: -407 -479
122805: -416 -425
122806: -416 -434
122807: -416 -443
122808: -416 -452
122809: -416 -461
122810: -416 -470
122811: -416 -479
122812: -425 -434
122813: -425 -443
122814: -425 -452
122815: -425 -461
122816: -425 -470
122817: -425 -479
122818: -434 -443
122819: -434 -452
122820: -434 -461
122821: -434 -470
122822: -434 -479
122823: -443 -452
122824: -443 -461
122825: -443 -470
122826: -443 -479
122827: -452 -461
122828: -452 -470
122829: -452 -479
122830: -461 -470
122831: -461 -479
122832: -470 -479
122833: 407 416 425 434 443 452 461 470 479
122834: -408 -417
122835: -408 -426
122836: -408 -435
122837: -408 -444
122838: -408 -453
122839: -408 -462
122840: -408 -471
122841: -408 -480
122842: -417 -426
122843: -417 -435
122844: -417 -444
122845: -417 -453
122846: -417 -462
122847: -417 -471
122848: -417 -480
122849: -426 -435
122850: -426 -444
122851: -426 -453
122852: -426 -462
122853: -426 -471
122854: -426 -480
122855: -435 -444
122856: -435 -453
122857: -435 -462
122858: -435 -471
122859: -435 -480
122860: -444 -453
122861: -444 -462
122862: -444 -471
122863: -444 -480
122864: -453 -462
122865: -453 -471
122866: -453 -480
122867: -462 -471
122868: -462 -480
122869: -471 -480
122870: 408 417 426 435 444 453 462 471 480
122871: -409 -418
122872: -409 -427
122873: -409 -436
122874: -409 -445
122875: -409 -454
122876: -409 -463
122877: -409 -472
122878: -409 -481
122879: -418 -427
122880: -418 -436
122881: -418 -445
122882: -418 -454
122883: -418 -463
122884: -418 -472
122885: -418 -481
122886: -427 -436
122887: -427 -445
122888: -427 -454
122889: -427 -463
122890: -427 -472
122891: -427 -481
122892: -436 -445
122893: -436 -454
122894: -436 -463
122895: -436 -472
122896: -436 -481
122897: -445 -454
122898: -445 -463
122899: -445 -472
122900: -445 -481
122901: -454 -463
122902: -454 -472
122903: -454 -481
122904: -463 -472
122905: -463 -481
122906: -472 -481
122907: 409 418 427 436 445 454 463 472 481
122908: -410 -419
122909: -410 -428
122910: -410 -437
122911: -410 -446
122912: -410 -455
122913: -410 -464
122914: -410 -473
122915: -410 -482
122916: -419 -428
122917: -419 -437
122918: -419 -446
122919: -419 -455
122920: -419 -464
122921: -419 -473
122922: -419 -482
122923: -428 -437
122924: -428 -446
122925: -428 -455
122926: -428 -464
122927: -428 -473
122928: -428 -482
122929: -437 -446
122930: -437 -455
122931: -437 -464
122932: -437 -473
122933: -437 -482
122934: -446 -455
122935: -446 -464
122936: -446 -473
122937: -446 -482
122938: -455 -464
122939: -455 -473
122940: -455 -482
122941: -464 -473
122942: -464 -482
122943: -473 -482
122944: 410 419 428 437 446 455 464 473 482
122945: -411 -420
122946: -411 -429
122947: -411 -438
122948: -411 -447
122949: -411 -456
122950: -411 -465
122951: -411 -474
122952: -411 -483
122953: -420 -429
122954: -420 -438
122955: -420 -447
122956: -420 -456
122957: -420 -465
122958: -420 -474
122959: -420 -483
122960: -429 -438
122961: -429 -447
122962: -429 -456
122963: -429 -465
122964: -429 -474
122965: -429 -483
122966: -438 -447
122967: -438 -456
122968: -438 -465
122969: -438 -474
122970: -438 -483
122971: -447 -456
122972: -447 -465
122973: -447 -474
122974: -447 -483
122975: -456 -465
122976: -456 -474
122977: -456 -483
122978: -465 -474
122979: -465 -483
122980: -474 -483
122981: 411 420 429 438 447 456 465 474 483
122982: -412 -421
122983: -412 -430
122984: -412 -439
122985: -412 -448
122986: -412 -457
122987: -412 -466
122988: -412 -475
122989: -412 -484
122990: -421 -430
122991: -421 -439
122992: -421 -448
122993: -421 -457
122994: -421 -466
122995: -421 -475
122996: -421 -484
122997: -430 -439
122998: -430 -448
122999: -430 -457
123000: -430 -466
123001: -430 -475
123002: -430 -484
123003: -439 -448
123004: -439 -457
123005: -439 -466
123006: -439 -475
123007: -439 -484
123008: -448 -457
123009: -448 -466
123010: -448 -475
123011: -448 -484
123012: -457 -466
123013: -457 -475
123014: -457 -484
123015: -466 -475
123016: -466 -484
123017: -475 -484
123018: 412 421 430 439 448 457 466 475 484
123019: -413 -422
123020: -413 -431
123021: -413 -440
123022: -413 -449
123023: -413 -458
123024: -413 -467
123025: -413 -476
123026: -413 -485
123027: -422 -431
123028: -422 -440
123029: -422 -449
123030: -422 -458
123031: -422 -467
123032: -422 -476
123033: -422 -485
123034: -431 -440
123035: -431 -449
123036: -431 -458
123037: -431 -467
123038: -431 -476
123039: -431 -485
123040: -440 -449
123041: -440 -458
123042: -440 -467
123043: -440 -476
123044: -440 -485
123045: -449 -458
123046: -449 -467
123047: -449 -476
123049: -458 -467
123050: -458 -476
123051: -458 -485
123053: -467 -485
123055: 413 422 431 440 449 458 467 476 485
123056: -414 -423
123057: -414 -432
123058: -414 -441
123059: -414 -450
123060: -414 -459
123061: -414 -468
123062: -414 -477
123063: -414 -486
123064: -423 -432
123065: -423 -441
123066: -423 -450
123067: -423 -459
123068: -423 -468
123069: -423 -477
123070: -423 -486
123071: -432 -441
123072: -432 -450
123073: -432 -459
123074: -432 -468
123075: -432 -477
123076: -432 -486
123077: -441 -450
123078: -441 -459
123079: -441 -468
123080: -441 -477
123081: -441 -486
123082: -450 -459
123083: -450 -468
123084: -450 -477
123085: -450 -486
123086: -459 -468
123087: -459 -477
123088: -459 -486
123089: -468 -477
123090: -468 -486
123091: -477 -486
123092: 414 423 432 441 450 459 468 477 486
123101: -496 -505
123102: -496 -514
123103: -496 -523
123104: -496 -532
123105: -496 -541
123106: -496 -550
123107: -496 -559
123108: -505 -514
123109: -505 -523
123110: -505 -532
123111: -505 -541
123112: -505 -550
123113: -505 -559
123114: -514 -523
123115: -514 -532
123116: -514 -541
123117: -514 -550
123118: -514 -559
123119: -523 -532
123120: -523 -541
123121: -523 -550
123122: -523 -559
123123: -532 -541
123124: -532 -550
123125: -532 -559
123126: -541 -550
123127: -541 -559
123128: -550 -559
123129: 487 496 505 514 523 532 541 550 559
123130: -488 -497
123131: -488 -506
123132: -488 -515
123133: -488 -524
123134: -488 -533
123135: -488 -542
123136: -488 -551
123137: -488 -560
123138: -497 -506
123139: -497 -515
123140: -497 -524
123141: -497 -533
123142: -497 -542
123143: -497 -551
123144: -497 -560
123145: -506 -515
123146: -506 -524
123147: -506 -533
123148: -506 -542
123149: -506 -551
123150: -506 -560
123151: -515 -524
123152: -515 -533
123153: -515 -542
123154: -515 -551
123155: -515 -560
123156: -524 -533
123157: -524 -542
123159: -524 -560
123160: -533 -542
123161: -533 -551
123162: -533 -560
123163: -542 -551
123164: -542 -560
123165: -551 -560
123166: 488 497 506 515 524 533 542 551 560
123167: -489 -498
123168: -489 -507
123169: -489 -516
123170: -489 -525
123171: -489 -534
123172: -489 -543
123173: -489 -552
123174: -489 -561
123175: -498 -507
123176: -498 -516
123177: -498 -525
123178: -498 -534
123179: -498 -543
123180: -498 -552
123181: -498 -561
123182: -507 -516
123183: -507 -525
123184: -507 -534
123185: -507 -543
123186: -507 -552
123187: -507 -561
123188: -516 -525
123189: -516 -534
123190: -516 -543
123191: -516 -552
123192: -516 -561
123193: -525 -534
123194: -525 -543
123195: -525 -552
123196: -525 -561
123197: -534 -543
123198: -534 -552
123199: -534 -561
123200: -543 -552
123201: -543 -561
123202: -552 -561
123203: 489 498 507 516 525 534 543 552 561
123204: -490 -499
123205: -490 -508
123206: -490 -517
123207: -490 -526
123208: -490 -535
123209: -490 -544
123210: -490 -553
123211: -490 -562
123212: -499 -508
123213: -499 -517
123214: -499 -526
123215: -499 -535
123216: -499 -544
123217: -499 -553
123218: -499 -562
123219: -508 -517
123220: -508 -526
123221: -508 -535
123222: -508 -544
123223: -508 -553
123224: -508 -562
123225: -517 -526
123226: -517 -535
123227: -517 -544
123228: -517 -553
123229: -517 -562
123230: -526 -535
123231: -526 -544
123232: -526 -553
123233: -526 -562
123234: -535 -544
123235: -535 -553
123236: -535 -562
123237: -544 -553
123238: -544 -562
123239: -553 -562
123240: 490 499 508 517 526 535 544 553 562
123241: -491 -500
123242: -491 -509
123243: -491 -518
123244: -491 -527
123245: -491 -536
123246: -491 -545
123247: -491 -554
123248: -491 -563
123249: -500 -509
123250: -500 -518
123251: -500 -527
123252: -500 -536
123253: -500 -545
123254: -500 -554
123255: -500 -563
123256: -509 -518
123257: -509 -527
123258: -509 -536
123259: -509 -545
123260: -509 -554
123261: -509 -563
123262: -518 -527
123263: -518 -536
123264: -518 -545
123265: -518 -554
123266: -518 -563
123267: -527 -536
123268: -527 -545
123269: -527 -554
123270: -527 -563
123271: -536 -545
123272: -536 -554
123273: -536 -563
123274: -545 -554
123275: -545 -563
123276: -554 -563
123277: 491 500 509 518 527 536 545 554 563
123278: -492 -501
123279: -492 -510
123280: -492 -519
123281: -492 -528
123282: -492 -537
123283: -492 -546
123284: -492 -555
123285: -492 -564
123286: -501 -510
123287: -501 -519
123288: -501 -528
123289: -501 -537
123290: -501 -546
123291: -501 -555
123292: -501 -564
123293: -510 -519
123294: -510 -528
123295: -510 -537
123296: -510 -546
123297: -510 -555
123298: -510 -564
123299: -519 -528
123300: -519 -537
123301: -519 -546
123302: -519 -555
123303: -519 -564
123304: -528 -537
123305: -528 -546
123306: -528 -555
123307: -528 -564
123308: -537 -546
123309: -537 -555
123310: -537 -564
123311: -546 -555
123312: -546 -564
123313: -555 -564
123314: 492 501 510 519 528 537 546 555 564
123315: -493 -502
123316: -493 -511
123317: -493 -520
123318: -493 -529
123319: -493 -538
123320: -493 -547
123321: -493 -556
123322: -493 -565
123323: -502 -511
123324: -502 -520
123325: -502 -529
123326: -502 -538
123327: -502 -547
123328: -502 -556
123329: -502 -565
123330: -511 -520
123331: -511 -529
123332: -511 -538
123333: -511 -547
123334: -511 -556
123335: -511 -565
123336: -520 -529
123337: -520 -538
123338: -520 -547
123339: -520 -556
123340: -520 -565
123341: -529 -538
123342: -529 -547
123343: -529 -556
123344: -529 -565
123345: -538 -547
123346: -538 -556
123347: -538 -565
123348: -547 -556
123349: -547 -565
123350: -556 -565
123351: 493 502 511 520 529 538 547 556 565
123352: -494 -503
123353: -494 -512
123354: -494 -521
123355: -494 -530
123356: -494 -539
123357: -494 -548
123358: -494 -557
123359: -494 -566
123360: -503 -512
123361: -503 -521
123362: -503 -530
123363: -503 -539
123364: -503 -548
123365: -503 -557
123366: -503 -566
123367: -512 -521
123368: -512 -530
123369: -512 -539
123370: -512 -548
123371: -512 -557
123372: -512 -566
123373: -521 -530
123374: -521 -539
123375: -521 -548
123376: -521 -557
123377: -521 -566
123378: -530 -539
123379: -530 -548
123380: -530 -557
123381: -530 -566
123382: -539 -548
123383: -539 -557
123384: -539 -566
123385: -548 -557
123386: -548 -566
123387: -557 -566
123388: 494 503 512 521 530 539 548 557 566
123389: -495 -504
123390: -495 -513
123391: -495 -522
123392: -495 -531
123393: -495 -540
123394: -495 -549
123395: -495 -558
123396: -495 -567
123397: -504 -513
123398: -504 -522
123399: -504 -531
123400: -504 -540
123401: -504 -549
123402: -504 -558
123403: -504 -567
123404: -513 -522
123405: -513 -531
123406: -513 -540
123407: -513 -549
123408: -513 -558
123409: -513 -567
123410: -522 -531
123411: -522 -540
123412: -522 -549
123413: -522 -558
123414: -522 -567
123415: -531 -540
123416: -531 -549
123417: -531 -558
123418: -531 -567
123419: -540 -549
123420: -540 -558
123421: -540 -567
123422: -549 -558
123423: -549 -567
123424: -558 -567
123425: 495 504 513 522 531 540 549 558 567
123434: -577 -586
123435: -577 -595
123436: -577 -604
123437: -577 -613
123438: -577 -622
123439: -577 -631
123440: -577 -640
123441: -586 -595
123442: -586 -604
123443: -586 -613
123444: -586 -622
123445: -586 -631
123446: -586 -640
123447: -595 -604
123448: -595 -613
123449: -595 -622
123450: -595 -631
123451: -595 -640
123452: -604 -613
123453: -604 -622
123454: -604 -631
123455: -604 -640
123456: -613 -622
123457: -613 -631
123458: -613 -640
123459: -622 -631
123460: -622 -640
123461: -631 -640
123462: 568 577 586 595 604 613 622 631 640
123463: -569 -578
123464: -569 -587
123465: -569 -596
123466: -569 -605
123467: -569 -614
123468: -569 -623
123469: -569 -632
123470: -569 -641
123471: -578 -587
123472: -578 -596
123473: -578 -605
123474: -578 -614
123475: -578 -623
123476: -578 -632
123477: -578 -641
123478: -587 -596
123479: -587 -605
123480: -587 -614
123481: -587 -623
123482: -587 -632
123483: -587 -641
123484: -596 -605
123485: -596 -614
123486: -596 -623
123487: -596 -632
123488: -596 -641
123489: -605 -614
123490: -605 -623
123491: -605 -632
123492: -605 -641
123493: -614 -623
123494: -614 -632
123495: -614 -641
123496: -623 -632
123497: -623 -641
123498: -632 -641
123499: 569 578 587 596 605 614 623 632 641
123500: -570 -579
123501: -570 -588
123502: -570 -597
123503: -570 -606
123504: -570 -615
123505: -570 -624
123506: -570 -633
123507: -570 -642
123508: -579 -588
123509: -579 -597
123510: -579 -606
123511: -579 -615
123512: -579 -624
123513: -579 -633
123514: -579 -642
123515: -588 -597
123516: -588 -606
123517: -588 -615
123518: -588 -624
123519: -588 -633
123520: -588 -642
123521: -597 -606
123522: -597 -615
123523: -597 -624
123524: -597 -633
123525: -597 -642
123526: -606 -615
123527: -606 -624
123528: -606 -633
123529: -606 -642
123530: -615 -624
123531: -615 -633
123532: -615 -642
123533: -624 -633
123534: -624 -642
123535: -633 -642
123536: 570 579 588 597 606 615 624 633 642
123537: -571 -580
123538: -571 -589
123539: -571 -598
123540: -571 -607
123541: -571 -616
123542: -571 -625
123543: -571 -634
123544: -571 -643
123545: -580 -589
123546: -580 -598
123547: -580 -607
123548: -580 -616
123549: -580 -625
123550: -580 -634
123551: -580 -643
123552: -589 -598
123553: -589 -607
123554: -589 -616
123555: -589 -625
123556: -589 -634
123557: -589 -643
123558: -598 -607
123559: -598 -616
123560: -598 -625
123561: -598 -634
123562: -598 -643
123563: -607 -616
123564: -607 -625
123565: -607 -634
123566: -607 -643
123567: -616 -625
123568: -616 -634
123569: -616 -643
123570: -625 -634
123571: -625 -643
123572: -634 -643
123573: 571 580 589 598 607 616 625 634 643
123574: -572 -581
123575: -572 -590
123576: -572 -599
123577: -572 -608
123578: -572 -617
123579: -572 -626
123580: -572 -635
123581: -572 -644
123582: -581 -590
123583: -581 -599
123584: -581 -608
123585: -581 -617
123586: -581 -626
123587: -581 -635
123588: -581 -644
123589: -590 -599
123590: -590 -608
123591: -590 -617
123592: -590 -626
123593: -590 -635
123594: -590 -644
123595: -599 -608
123596: -599 -617
123597: -599 -626
123598: -599 -635
123599: -599 -644
123600: -608 -617
123601: -608 -626
123602: -608 -635
123603: -608 -644
123604: -617 -626
123605: -617 -635
123606: -617 -644
123607: -626 -635
123608: -626 -644
123609: -635 -644
123610: 572 581 590 599 608 617 626 635 644
123611: -573 -582
123612: -573 -591
123613: -573 -600
123614: -573 -609
123615: -573 -618
123616: -573 -627
123617: -573 -636
123618: -573 -645
123619: -582 -591
123620: -582 -600
123621: -582 -609
123622: -582 -618
123624: -582 -636
123625: -582 -645
123626: -591 -600
123627: -591 -609
123628: -591 -618
123629: -591 -627
123630: -591 -636
123631: -591 -645
123632: -600 -609
123633: -600 -618
123634: -600 -627
123635: -600 -636
123636: -600 -645
123637: -609 -618
123638: -609 -627
123639: -609 -636
123640: -609 -645
123641: -618 -627
123642: -618 -636
123644: -627 -636
123645: -627 -645
123646: -636 -645
123647: 573 582 591 600 609 618 627 636 645
123648: -574 -583
123649: -574 -592
123650: -574 -601
123651: -574 -610
123652: -574 -619
123653: -574 -628
123654: -574 -637
123655: -574 -646
123656: -583 -592
123657: -583 -601
123658: -583 -610
123659: -583 -619
123660: -583 -628
123661: -583 -637
123662: -583 -646
123663: -592 -601
123664: -592 -610
123665: -592 -619
123666: -592 -628
123667: -592 -637
123668: -592 -646
123669: -601 -610
123670: -601 -619
123671: -601 -628
123672: -601 -637
123673: -601 -646
123674: -610 -619
123675: -610 -628
123676: -610 -637
123677: -610 -646
123678: -619 -628
123679: -619 -637
123680: -619 -646
123681: -628 -637
123682: -628 -646
123683: -637 -646
123684: 574 583 592 601 610 619 628 637 646
123685: -575 -584
123686: -575 -593
123687: -575 -602
123688: -575 -611
123689: -575 -620
123690: -575 -629
123691: -575 -638
123692: -575 -647
123693: -584 -593
123694: -584 -602
123695: -584 -611
123696: -584 -620
123697: -584 -629
123698: -584 -638
123699: -584 -647
123700: -593 -602
123701: -593 -611
123702: -593 -620
123703: -593 -629
123704: -593 -638
123705: -593 -647
123706: -602 -611
123707: -602 -620
123708: -602 -629
123709: -602 -638
123710: -602 -647
123711: -611 -620
123712: -611 -629
123713: -611 -638
123714: -611 -647
123715: -620 -629
123716: -620 -638
123717: -620 -647
123718: -629 -638
123719: -629 -647
123720: -638 -647
123721: 575 584 593 602 611 620 629 638 647
123722: -576 -585
123723: -576 -594
123724: -576 -603
123725: -576 -612
123726: -576 -621
123727: -576 -630
123728: -576 -639
123729: -576 -648
123730: -585 -594
123731: -585 -603
123732: -585 -612
123733: -585 -621
123734: -585 -630
123735: -585 -639
123736: -585 -648
123737: -594 -603
123738: -594 -612
123739: -594 -621
123740: -594 -630
123741: -594 -639
123742: -594 -648
123743: -603 -612
123744: -603 -621
123745: -603 -630
123746: -603 -639
123747: -603 -648
123748: -612 -621
123749: -612 -630
123750: -612 -639
123751: -612 -648
123752: -621 -630
123753: -621 -639
123754: -621 -648
123755: -630 -639
123756: -630 -648
123757: -639 -648
123758: 576 585 594 603 612 621 630 639 648
123767: -658 -667
123768: -658 -676
123769: -658 -685
123770: -658 -694
123771: -658 -703
123772: -658 -712
123773: -658 -721
123774: -667 -676
123775: -667 -685
123776: -667 -694
123777: -667 -703
123778: -667 -712
123779: -667 -721
123780: -676 -685
123781: -676 -694
123782: -676 -703
123783: -676 -712
123784: -676 -721
123785: -685 -694
123786: -685 -703
123787: -685 -712
123788: -685 -721
123789: -694 -703
123790: -694 -712
123791: -694 -721
123792: -703 -712
123793: -703 -721
123794: -712 -721
123795: 649 658 667 676 685 694 703 712 721
123796: -650 -659
123797: -650 -668
123798: -650 -677
123799: -650 -686
123800: -650 -695
123801: -650 -704
123802: -650 -713
123803: -650 -722
123804: -659 -668
123805: -659 -677
123806: -659 -686
123807: -659 -695
123808: -659 -704
123809: -659 -713
123810: -659 -722
123811: -668 -677
123812: -668 -686
123813: -668 -695
123814: -668 -704
123815: -668 -713
123816: -668 -722
123817: -677 -686
123818: -677 -695
123819: -677 -704
123820: -677 -713
123821: -677 -722
123822: -686 -695
123823: -686 -704
123824: -686 -713
123825: -686 -722
123826: -695 -704
123827: -695 -713
123828: -695 -722
123829: -704 -713
123830: -704 -722
123831: -713 -722
123832: 650 659 668 677 686 695 704 713 722
123833: -651 -660
123834: -651 -669
123835: -651 -678
123836: -651 -687
123837: -651 -696
123838: -651 -705
123839: -651 -714
123840: -651 -723
123841: -660 -669
123842: -660 -678
123843: -660 -687
123844: -660 -696
123845: -660 -705
123846: -660 -714
123847: -660 -723
123848: -669 -678
123849: -669 -687
123850: -669 -696
123851: -669 -705
123852: -669 -714
123853: -669 -723
123854: -678 -687
123855: -678 -696
123856: -678 -705
123857: -678 -714
123858: -678 -723
123859: -687 -696
123860: -687 -705
123861: -687 -714
123862: -687 -723
123863: -696 -705
123864: -696 -714
123865: -696 -723
123866: -705 -714
123867: -705 -723
123868: -714 -723
123869: 651 660 669 678 687 696 705 714 723
123870: -652 -661
123871: -652 -670
123872: -652 -679
123873: -652 -688
123874: -652 -697
123875: -652 -706
123876: -652 -715
123877: -652 -724
123878: -661 -670
123879: -661 -679
123880: -661 -688
123881: -661 -697
123882: -661 -706
123883: -661 -715
123884: -661 -724
123885: -670 -679
123886: -670 -688
123887: -670 -697
123888: -670 -706
123889: -670 -715
123890: -670 -724
123891: -679 -688
123892: -679 -697
123893: -679 -706
123894: -679 -715
123895: -679 -724
123896: -688 -697
123897: -688 -706
123898: -688 -715
123899: -688 -724
123900: -697 -706
123901: -697 -715
123902: -697 -724
123903: -706 -715
123904: -706 -724
123905: -715 -724
123906: 652 661 670 679 688 697 706 715 724
123907: -653 -662
123908: -653 -671
123909: -653 -680
123910: -653 -689
123911: -653 -698
123912: -653 -707
123913: -653 -716
123914: -653 -725
123915: -662 -671
123916: -662 -680
123917: -662 -689
123918: -662 -698
123919: -662 -707
123920: -662 -716
123921: -662 -725
123922: -671 -680
123923: -671 -689
123924: -671 -698
123925: -671 -707
123926: -671 -716
123927: -671 -725
123928: -680 -689
123929: -680 -698
123930: -680 -707
123931: -680 -716
123932: -680 -725
123933: -689 -698
123934: -689 -707
123935: -689 -716
123936: -689 -725
123937: -698 -707
123938: -698 -716
123939: -698 -725
123940: -707 -716
123941: -707 -725
123942: -716 -725
123943: 653 662 671 680 689 698 707 716 725
123944: -654 -663
123945: -654 -672
123946: -654 -681
123947: -654 -690
123948: -654 -699
123949: -654 -708
123950: -654 -717
123951: -654 -726
123952: -663 -672
123953: -663 -681
123954: -663 -690
123955: -663 -699
123956: -663 -708
123958: -663 -726
123959: -672 -681
123960: -672 -690
123961: -672 -699
123962: -672 -708
123963: -672 -717
123964: -672 -726
123965: -681 -690
123966: -681 -699
123967: -681 -708
123968: -681 -717
123969: -681 -726
123970: -690 -699
123971: -690 -708
123972: -690 -717
123973: -690 -726
123975: -699 -717
123976: -699 -726
123977: -708 -717
123978: -708 -726
123979: -717 -726
123980: 654 663 672 681 690 699 708 717 726
123981: -655 -664
123982: -655 -673
123983: -655 -682
123984: -655 -691
123985: -655 -700
123986: -655 -709
123987: -655 -718
123988: -655 -727
123989: -664 -673
123990: -664 -682
123991: -664 -691
123992: -664 -700
123993: -664 -709
123994: -664 -718
123995: -664 -727
123996: -673 -682
123997: -673 -691
123998: -673 -700
123999: -673 -709
124000: -673 -718
124001: -673 -727
124002: -682 -691
124003: -682 -700
124004: -682 -709
124005: -682 -718
124006: -682 -727
124007: -691 -700
124008: -691 -709
124009: -691 -718
124010: -691 -727
124011: -700 -709
124012: -700 -718
124013: -700 -727
124014: -709 -718
124015: -709 -727
124016: -718 -727
124017: 655 664 673 682 691 700 709 718 727
124018: -656 -665
124019: -656 -674
124020: -656 -683
124021: -656 -692
124022: -656 -701
124023: -656 -710
124024: -656 -719
124026: -665 -674
124027: -665 -683
124028: -665 -692
124029: -665 -701
124030: -665 -710
124031: -665 -719
124032: -665 -728
124033: -674 -683
124034: -674 -692
124035: -674 -701
124036: -674 -710
124037: -674 -719
124038: -674 -728
124039: -683 -692
124040: -683 -701
124041: -683 -710
124042: -683 -719
124043: -683 -728
124044: -692 -701
124045: -692 -710
124046: -692 -719
124047: -692 -728
124048: -701 -710
124049: -701 -719
124050: -701 -728
124051: -710 -719
124052: -710 -728
124053: -719 -728
124054: 656 665 674 683 692 701 710 719 728
124055: -657 -666
124056: -657 -675
124057: -657 -684
124058: -657 -693
124059: -657 -702
124060: -657 -711
124061: -657 -720
124062: -657 -729
124063: -666 -675
124064: -666 -684
124065: -666 -693
124066: -666 -702
124067: -666 -711
124068: -666 -720
124069: -666 -729
124070: -675 -684
124071: -675 -693
124072: -675 -702
124073: -675 -711
124074: -675 -720
124075: -675 -729
124076: -684 -693
124077: -684 -702
124078: -684 -711
124079: -684 -720
124080: -684 -729
124081: -693 -702
124082: -693 -711
124083: -693 -720
124084: -693 -729
124085: -702 -711
124086: -702 -720
124087: -702 -729
124088: -711 -720
124089: -711 -729
124090: -720 -729
124091: 657 666 675 684 693 702 711 720 729
124129: -325 -2 86
124138: -406 -2 87
124147: -487 -2 88
124156: -568 -2 89
124165: -649 -2 90
124185: -92 -94 254
124186: -92 -95 335
124210: -335 -92 95
124212: -335 -94 257
124214: -335 -96 419
124215: -335 -97 500
124216: -335 -98 581
124217: -335 -99 662
124219: -416 -92 96
124221: -416 -94 258
124222: -416 -95 339
124224: -416 -97 501
124225: -416 -98 582
124226: -416 -99 663
124228: -497 -92 97
124230: -497 -94 259
124231: -497 -95 340
124232: -497 -96 421
124234: -497 -98 583
124235: -497 -99 664
124237: -578 -92 98
124239: -578 -94 260
124240: -578 -95 341
124241: -578 -96 422
124242: -578 -97 503
124243: -578 -98 584
124244: -578 -99 665
124246: -659 -92 99
124248: -659 -94 261
124249: -659 -95 342
124250: -659 -96 423
124251: -659 -97 504
124252: -659 -98 585
124253: -659 -99 666
124272: -183 -181 21
124279: -183 -188 588
124290: -345 -181 23
124292: -345 -183 185
124293: -345 -184 266
124295: -345 -186 428
124296: -345 -187 509
124297: -345 -188 590
124298: -345 -189 671
124299: -426 -181 24
124301: -426 -183 186
124302: -426 -184 267
124303: -426 -185 348
124305: -426 -187 510
124306: -426 -188 591
124307: -426 -189 672
124308: -507 -181 25
124310: -507 -183 187
124311: -507 -184 268
124312: -507 -185 349
124313: -507 -186 430
124315: -507 -188 592
124316: -507 -189 673
124317: -588 -181 26
124319: -588 -183 188
124320: -588 -184 269
124321: -588 -185 350
124322: -588 -186 431
124323: -588 -187 512
124324: -588 -188 593
124325: -588 -189 674
124326: -669 -181 27
124328: -669 -183 189
124329: -669 -184 270
124330: -669 -185 351
124331: -669 -186 432
124332: -669 -187 513
124333: -669 -188 594
124334: -669 -189 675
124347: -112 -274 272
124354: -193 -272 111
124356: -193 -274 273
124357: -193 -275 354
124358: -193 -276 435
124359: -193 -277 516
124360: -193 -278 597
124361: -193 -279 678
124363: -274 -272 112
124367: -274 -276 436
124372: -355 -272 113
124374: -355 -274 275
124375: -355 -275 356
124376: -355 -276 437
124377: -355 -277 518
124378: -355 -278 599
124379: -355 -279 680
124381: -436 -272 114
124383: -436 -274 276
124384: -436 -275 357
124385: -436 -276 438
124386: -436 -277 519
124387: -436 -278 600
124388: -436 -279 681
124390: -517 -272 115
124392: -517 -274 277
124393: -517 -275 358
124394: -517 -276 439
124395: -517 -277 520
124396: -517 -278 601
124397: -517 -279 682
124399: -598 -272 116
124401: -598 -274 278
124402: -598 -275 359
124403: -598 -276 440
124404: -598 -277 521
124405: -598 -278 602
124406: -598 -279 683
124408: -679 -272 117
124410: -679 -274 279
124411: -679 -275 360
124412: -679 -276 441
124413: -679 -277 522
124414: -679 -278 603
124415: -679 -279 684
124425: -122 -361 38
124426: -122 -362 119
124427: -122 -363 200
124428: -122 -364 281
124429: -122 -365 362
124430: -122 -366 443
124431: -122 -367 524
124432: -122 -368 605
124434: -203 -361 39
124435: -203 -362 120
124436: -203 -363 201
124437: -203 -364 282
124438: -203 -365 363
124439: -203 -366 444
124440: -203 -367 525
124441: -203 -368 606
124443: -284 -361 40
124444: -284 -362 121
124445: -284 -363 202
124446: -284 -364 283
124447: -284 -365 364
124448: -284 -366 445
124449: -284 -367 526
124450: -284 -368 607
124452: -365 -361 41
124453: -365 -362 122
124462: -446 -362 123
124463: -446 -363 204
124464: -446 -364 285
124465: -446 -365 366
124466: -446 -366 447
124467: -446 -367 528
124468: -446 -368 609
124470: -527 -361 43
124471: -527 -362 124
124472: -527 -363 205
124473: -527 -364 286
124474: -527 -365 367
124476: -527 -367 529
124477: -527 -368 610
124479: -608 -361 44
124480: -608 -362 125
124481: -608 -363 206
124482: -608 -364 287
124483: -608 -365 368
124484: -608 -366 449
124485: -608 -367 530
124486: -608 -368 611
124488: -689 -361 45
124489: -689 -362 126
124490: -689 -363 207
124491: -689 -364 288
124492: -689 -365 369
124493: -689 -366 450
124494: -689 -367 531
124495: -689 -368 612
124506: -132 -451 47
124508: -132 -453 209
124509: -132 -454 290
124511: -132 -456 452
124512: -132 -457 533
124513: -132 -458 614
124514: -132 -459 695
124515: -213 -451 48
124516: -213 -452 129
124517: -213 -453 210
124518: -213 -454 291
124520: -213 -456 453
124521: -213 -457 534
124522: -213 -458 615
124523: -213 -459 696
124524: -294 -451 49
124525: -294 -452 130
124526: -294 -453 211
124527: -294 -454 292
124529: -294 -456 454
124530: -294 -457 535
124531: -294 -458 616
124532: -294 -459 697
124533: -375 -451 50
124534: -375 -452 131
124535: -375 -453 212
124536: -375 -454 293
124538: -375 -456 455
124539: -375 -457 536
124540: -375 -458 617
124541: -375 -459 698
124552: -537 -452 133
124553: -537 -453 214
124554: -537 -454 295
124556: -537 -456 457
124558: -537 -458 619
124559: -537 -459 700
124560: -618 -451 53
124561: -618 -452 134
124562: -618 -453 215
124563: -618 -454 296
124565: -618 -456 458
124566: -618 -457 539
124568: -618 -459 701
124569: -699 -451 54
124570: -699 -452 135
124571: -699 -453 216
124572: -699 -454 297
124574: -699 -456 459
124575: -699 -457 540
124576: -699 -458 621
124577: -699 -459 702
124587: -142 -541 56
124588: -142 -542 137
124589: -142 -543 218
124590: -142 -544 299
124591: -142 -545 380
124593: -142 -547 542
124594: -142 -548 623
124595: -142 -549 704
124596: -223 -541 57
124597: -223 -542 138
124598: -223 -543 219
124599: -223 -544 300
124600: -223 -545 381
124602: -223 -547 543
124603: -223 -548 624
124604: -223 -549 705
124605: -304 -541 58
124606: -304 -542 139
124607: -304 -543 220
124608: -304 -544 301
124609: -304 -545 382
124611: -304 -547 544
124612: -304 -548 625
124613: -304 -549 706
124614: -385 -541 59
124615: -385 -542 140
124616: -385 -543 221
124617: -385 -544 302
124618: -385 -545 383
124620: -385 -547 545
124621: -385 -548 626
124622: -385 -549 707
124623: -466 -541 60
124625: -466 -543 222
124629: -466 -547 546
124632: -547 -541 61
124633: -547 -542 142
124639: -547 -548 628
124642: -628 -542 143
124643: -628 -543 224
124644: -628 -544 305
124645: -628 -545 386
124647: -628 -547 548
124648: -628 -548 629
124649: -628 -549 710
124650: -709 -541 63
124651: -709 -542 144
124652: -709 -543 225
124653: -709 -544 306
124654: -709 -545 387
124656: -709 -547 549
124657: -709 -548 630
124658: -709 -549 711
124668: -152 -631 65
124669: -152 -632 146
124670: -152 -633 227
124671: -152 -634 308
124672: -152 -635 389
124673: -152 -636 470
124675: -152 -638 632
124676: -152 -639 713
124677: -233 -631 66
124678: -233 -632 147
124679: -233 -633 228
124680: -233 -634 309
124681: -233 -635 390
124682: -233 -636 471
124684: -233 -638 633
124685: -233 -639 714
124686: -314 -631 67
124687: -314 -632 148
124688: -314 -633 229
124689: -314 -634 310
124690: -314 -635 391
124691: -314 -636 472
124692: -314 -637 553
124693: -314 -638 634
124694: -314 -639 715
124695: -395 -631 68
124696: -395 -632 149
124697: -395 -633 230
124698: -395 -634 311
124699: -395 -635 392
124700: -395 -636 473
124702: -395 -638 635
124704: -476 -631 69
124705: -476 -632 150
124706: -476 -633 231
124707: -476 -634 312
124708: -476 -635 393
124709: -476 -636 474
124710: -476 -637 555
124711: -476 -638 636
124712: -476 -639 717
124713: -557 -631 70
124714: -557 -632 151
124715: -557 -633 232
124718: -557 -636 475
124722: -638 -631 71
124724: -638 -633 233
124732: -719 -632 153
124733: -719 -633 234
124734: -719 -634 315
124735: -719 -635 396
124736: -719 -636 477
124738: -719 -638 639
124739: -719 -639 720
124749: -162 -721 74
124750: -162 -722 155
124751: -162 -723 236
124752: -162 -724 317
124753: -162 -725 398
124754: -162 -726 479
124755: -162 -727 560
124757: -162 -729 722
124758: -243 -721 75
124759: -243 -722 156
124760: -243 -723 237
124761: -243 -724 318
124762: -243 -725 399
124763: -243 -726 480
124764: -243 -727 561
124766: -243 -729 723
124767: -324 -721 76
124768: -324 -722 157
124769: -324 -723 238
124770: -324 -724 319
124771: -324 -725 400
124772: -324 -726 481
124773: -324 -727 562
124775: -324 -729 724
124777: -405 -722 158
124778: -405 -723 239
124779: -405 -724 320
124780: -405 -725 401
124781: -405 -726 482
124782: -405 -727 563
124784: -405 -729 725
124785: -486 -721 78
124786: -486 -722 159
124787: -486 -723 240
124788: -486 -724 321
124789: -486 -725 402
124790: -486 -726 483
124791: -486 -727 564
124793: -486 -729 726
124794: -567 -721 79
124795: -567 -722 160
124796: -567 -723 241
124797: -567 -724 322
124798: -567 -725 403
124799: -567 -726 484
124800: -567 -727 565
124802: -567 -729 727
124803: -648 -721 80
124804: -648 -722 161
124805: -648 -723 242
124806: -648 -724 323
124807: -648 -725 404
124809: -648 -727 566
124811: -648 -729 728
124813: -729 -722 162
125667: -92 -95 -118 14
125670: -92 -95 -121 257
125688: -92 -97 -139 259
125689: -92 -97 -140 340
125697: -92 -98 -148 260
125812: -94 -255 -101 111
125815: -94 -255 -104 354
125816: -94 -255 -105 435
125817: -94 -255 -106 516
125818: -94 -255 -107 597
125819: -94 -255 -108 678
125876: -95 -334 -84 199
125893: -95 -336 -101 120
125897: -95 -336 -105 444
125900: -95 -336 -108 687
125901: -95 -337 -109 40
125906: -95 -337 -114 445
125907: -95 -337 -115 526
125920: -95 -339 -128 123
125922: -95 -339 -130 285
125925: -95 -339 -133 528
125928: -95 -340 -136 43
125929: -95 -340 -137 124
125931: -95 -340 -139 286
125933: -95 -340 -141 448
125934: -95 -340 -142 529
125935: -95 -340 -143 610
125936: -95 -340 -144 691
125937: -95 -341 -145 44
125938: -95 -341 -146 125
125940: -95 -341 -148 287
125942: -95 -341 -150 449
125945: -95 -341 -153 692
125946: -95 -342 -154 45
125949: -95 -342 -157 288
125952: -95 -342 -160 531
125953: -95 -342 -161 612
125957: -96 -415 -84 208
125969: -96 -416 -96 452
125974: -96 -417 -101 129
125977: -96 -417 -104 372
125980: -96 -417 -107 615
125982: -96 -418 -109 49
125983: -96 -418 -110 130
125989: -96 -418 -116 616
125991: -96 -419 -118 50
125994: -96 -419 -121 293
125995: -96 -419 -122 374
125999: -96 -419 -126 698
126000: -96 -420 -127 51
126008: -96 -420 -135 699
126010: -96 -421 -137 133
126012: -96 -421 -139 295
126016: -96 -421 -143 619
126018: -96 -422 -145 53
126019: -96 -422 -146 134
126021: -96 -422 -148 296
126022: -96 -422 -149 377
126024: -96 -422 -151 539
126026: -96 -422 -153 701
126027: -96 -423 -154 54
126028: -96 -423 -155 135
126030: -96 -423 -157 297
126034: -96 -423 -161 621
126038: -97 -496 -84 217
126055: -97 -498 -101 138
126058: -97 -498 -104 381
126059: -97 -498 -105 462
126061: -97 -498 -107 624
126063: -97 -499 -109 58
126070: -97 -499 -116 625
126071: -97 -499 -117 706
126072: -97 -500 -118 59
126075: -97 -500 -121 302
126077: -97 -500 -123 464
126079: -97 -500 -125 626
126080: -97 -500 -126 707
126081: -97 -501 -127 60
126084: -97 -501 -130 303
126085: -97 -501 -131 384
126089: -97 -501 -135 708
126090: -97 -502 -136 61
126093: -97 -502 -139 304
126102: -97 -503 -148 305
126106: -97 -503 -152 629
126107: -97 -503 -153 710
126108: -97 -504 -154 63
126109: -97 -504 -155 144
126111: -97 -504 -157 306
126113: -97 -504 -159 468
126119: -98 -577 -84 226
126141: -98 -579 -106 552
126143: -98 -579 -108 714
126144: -98 -580 -109 67
126145: -98 -580 -110 148
126153: -98 -581 -118 68
126154: -98 -581 -119 149
126156: -98 -581 -121 311
126161: -98 -581 -126 716
126162: -98 -582 -127 69
126163: -98 -582 -128 150
126166: -98 -582 -131 393
126167: -98 -582 -132 474
126168: -98 -582 -133 555
126170: -98 -582 -135 717
126171: -98 -583 -136 70
126174: -98 -583 -139 313
126175: -98 -583 -140 394
126176: -98 -583 -141 475
126190: -98 -585 -155 153
126192: -98 -585 -157 315
126193: -98 -585 -158 396
126194: -98 -585 -159 477
126195: -98 -585 -160 558
126200: -99 -658 -84 235
126222: -99 -660 -106 561
126223: -99 -660 -107 642
126225: -99 -661 -109 76
126229: -99 -661 -113 400
126237: -99 -662 -121 320
126239: -99 -662 -123 482
126241: -99 -662 -125 644
126243: -99 -663 -127 78
126246: -99 -663 -130 321
126247: -99 -663 -131 402
126252: -99 -664 -136 79
126253: -99 -664 -137 160
126255: -99 -664 -139 322
126256: -99 -664 -140 403
126257: -99 -664 -141 484
126259: -99 -664 -143 646
126261: -99 -665 -145 80
126262: -99 -665 -146 161
126265: -99 -665 -149 404
126266: -99 -665 -150 485
126267: -99 -665 -151 566
126307: -181 -22 -191 85
126308: -181 -22 -192 166
126309: -181 -22 -193 247
126310: -181 -22 -194 328
126311: -181 -22 -195 409
126312: -181 -22 -196 490
126313: -181 -22 -197 571
126314: -181 -22 -198 652
126459: -183 -183 -181 21
126462: -183 -183 -184 264
126469: -183 -184 -191 103
126472: -183 -184 -194 346
126474: -183 -184 -196 508
126475: -183 -184 -197 589
126477: -183 -185 -199 23
126478: -183 -185 -200 104
126480: -183 -185 -202 266
126486: -183 -186 -208 24
126495: -183 -187 -217 25
126496: -183 -187 -218 106
126504: -183 -188 -226 26
126505: -183 -188 -227 107
126507: -183 -188 -229 269
126514: -183 -189 -236 108
126558: -184 -266 -199 32
126563: -184 -266 -204 437
126564: -184 -266 -205 518
126565: -184 -266 -206 599
126566: -184 -266 -207 680
126570: -184 -267 -211 276
126571: -184 -267 -212 357
126572: -184 -267 -213 438
126573: -184 -267 -214 519
126574: -184 -267 -215 600
126575: -184 -267 -216 681
126580: -184 -268 -221 358
126581: -184 -268 -222 439
126582: -184 -268 -223 520
126583: -184 -268 -224 601
126584: -184 -268 -225 682
126587: -184 -269 -228 197
126589: -184 -269 -230 359
126590: -184 -269 -231 440
126591: -184 -269 -232 521
126592: -184 -269 -233 602
126593: -184 -269 -234 683
126594: -184 -270 -235 36
126595: -184 -270 -236 117
126596: -184 -270 -237 198
126598: -184 -270 -239 360
126599: -184 -270 -240 441
126600: -184 -270 -241 522
126601: -184 -270 -242 603
126602: -184 -270 -243 684
126606: -185 -343 -166 280
126609: -185 -343 -169 523
126610: -185 -343 -170 604
126611: -185 -343 -171 685
126614: -185 -344 -174 200
126617: -185 -344 -177 443
126618: -185 -344 -178 524
126619: -185 -344 -179 605
126630: -185 -346 -190 40
126637: -185 -346 -197 607
126638: -185 -346 -198 688
126639: -185 -347 -199 41
126651: -185 -348 -211 285
126656: -185 -348 -216 690
126657: -185 -349 -217 43
126660: -185 -349 -220 286
126664: -185 -349 -224 610
126665: -185 -349 -225 691
126666: -185 -350 -226 44
126667: -185 -350 -227 125
126671: -185 -350 -231 449
126672: -185 -350 -232 530
126674: -185 -350 -234 692
126675: -185 -351 -235 45
126676: -185 -351 -236 126
126677: -185 -351 -237 207
126678: -185 -351 -238 288
126687: -186 -424 -166 289
126688: -186 -424 -167 370
126691: -186 -424 -170 613
126692: -186 -424 -171 694
126699: -186 -425 -178 533
126700: -186 -425 -179 614
126701: -186 -425 -180 695
126713: -186 -427 -192 211
126718: -186 -427 -197 616
126721: -186 -428 -200 131
126723: -186 -428 -202 293
126729: -186 -429 -208 51
126739: -186 -430 -218 133
126740: -186 -430 -219 214
126741: -186 -430 -220 295
126747: -186 -431 -226 53
126749: -186 -431 -228 215
126750: -186 -431 -229 296
126751: -186 -431 -230 377
126755: -186 -431 -234 701
126756: -186 -432 -235 54
126758: -186 -432 -237 216
126759: -186 -432 -238 297
126760: -186 -432 -239 378
126762: -186 -432 -241 540
126768: -187 -505 -166 298
126769: -187 -505 -167 379
126770: -187 -505 -168 460
126773: -187 -505 -171 703
126776: -187 -506 -174 218
126778: -187 -506 -176 380
126781: -187 -506 -179 623
126782: -187 -506 -180 704
126792: -187 -508 -190 58
126794: -187 -508 -192 220
126795: -187 -508 -193 301
126796: -187 -508 -194 382
126799: -187 -508 -197 625
126800: -187 -508 -198 706
126801: -187 -509 -199 59
126803: -187 -509 -201 221
126806: -187 -509 -204 464
126808: -187 -509 -206 626
126810: -187 -510 -208 60
126811: -187 -510 -209 141
126812: -187 -510 -210 222
126813: -187 -510 -211 303
126817: -187 -510 -215 627
126819: -187 -511 -217 61
126829: -187 -512 -227 143
126831: -187 -512 -229 305
126837: -187 -513 -235 63
126838: -187 -513 -236 144
126840: -187 -513 -238 306
126841: -187 -513 -239 387
126849: -188 -586 -166 307
126850: -188 -586 -167 388
126851: -188 -586 -168 469
126852: -188 -586 -169 550
126859: -188 -587 -176 389
126860: -188 -587 -177 470
126873: -188 -589 -190 67
126875: -188 -589 -192 229
126881: -188 -589 -198 715
126882: -188 -590 -199 68
126883: -188 -590 -200 149
126885: -188 -590 -202 311
126887: -188 -590 -204 473
126888: -188 -590 -205 554
126890: -188 -590 -207 716
126891: -188 -591 -208 69
126892: -188 -591 -209 150
126894: -188 -591 -211 312
126897: -188 -591 -214 555
126899: -188 -591 -216 717
126900: -188 -592 -217 70
126901: -188 -592 -218 151
126902: -188 -592 -219 232
126903: -188 -592 -220 313
126919: -188 -594 -236 153
126920: -188 -594 -237 234
126921: -188 -594 -238 315
126930: -189 -667 -166 316
126932: -189 -667 -168 478
126933: -189 -667 -169 559
126934: -189 -667 -170 640
126938: -189 -668 -174 236
126940: -189 -668 -176 398
126941: -189 -668 -177 479
126942: -189 -668 -178 560
126960: -189 -670 -196 562
126964: -189 -671 -200 158
126966: -189 -671 -202 320
126969: -189 -671 -205 563
126972: -189 -672 -208 78
126973: -189 -672 -209 159
126975: -189 -672 -211 321
126978: -189 -672 -214 564
126981: -189 -673 -217 79
126982: -189 -673 -218 160
126984: -189 -673 -220 322
126985: -189 -673 -221 403
126988: -189 -673 -224 646
126991: -189 -674 -227 161
126993: -189 -674 -229 323
126994: -189 -674 -230 404
126995: -189 -674 -231 485
126996: -189 -674 -232 566
126999: -189 -675 -235 81
127093: -272 -109 -248 334
127094: -272 -109 -249 415
127095: -272 -109 -250 496
127096: -272 -109 -251 577
127097: -272 -109 -252 658
127100: -272 -110 -255 173
127125: -272 -113 -280 14
127128: -272 -113 -283 257
127129: -272 -113 -284 338
127130: -272 -113 -285 419
127131: -272 -113 -286 500
127132: -272 -113 -287 581
127133: -272 -113 -288 662
127134: -272 -114 -289 15
127138: -272 -114 -293 339
127140: -272 -114 -295 501
127141: -272 -114 -296 582
127142: -272 -114 -297 663
127143: -272 -115 -298 16
127147: -272 -115 -302 340
127148: -272 -115 -303 421
127150: -272 -115 -305 583
127151: -272 -115 -306 664
127152: -272 -116 -307 17
127155: -272 -116 -310 260
127156: -272 -116 -311 341
127157: -272 -116 -312 422
127158: -272 -116 -313 503
127160: -272 -116 -315 665
127161: -272 -117 -316 18
127164: -272 -117 -319 261
127165: -272 -117 -320 342
127166: -272 -117 -321 423
127167: -272 -117 -322 504
127168: -272 -117 -323 585
127262: -274 -272 -255 191
127283: -274 -274 -276 436
127287: -274 -275 -280 32
127305: -274 -277 -298 34
127306: -274 -277 -299 115
127323: -274 -279 -316 36
127338: -275 -352 -250 523
127339: -275 -352 -251 604
127340: -275 -352 -252 685
127343: -275 -353 -255 200
127351: -275 -354 -263 120
127355: -275 -354 -267 444
127356: -275 -354 -268 525
127357: -275 -354 -269 606
127358: -275 -354 -270 687
127368: -275 -356 -280 41
127380: -275 -357 -292 285
127384: -275 -357 -296 609
127385: -275 -357 -297 690
127386: -275 -358 -298 43
127387: -275 -358 -299 124
127389: -275 -358 -301 286
127391: -275 -358 -303 448
127395: -275 -359 -307 44
127396: -275 -359 -308 125
127398: -275 -359 -310 287
127400: -275 -359 -312 449
127401: -275 -359 -313 530
127403: -275 -359 -315 692
127404: -275 -360 -316 45
127407: -275 -360 -319 288
127409: -275 -360 -321 450
127410: -275 -360 -322 531
127411: -275 -360 -323 612
127417: -276 -433 -248 370
127420: -276 -433 -251 613
127421: -276 -433 -252 694
127424: -276 -434 -255 209
127435: -276 -435 -266 372
127437: -276 -435 -268 534
127438: -276 -435 -269 615
127439: -276 -435 -270 696
127445: -276 -436 -276 454
127449: -276 -437 -280 50
127450: -276 -437 -281 131
127452: -276 -437 -283 293
127453: -276 -437 -284 374
127456: -276 -437 -287 617
127457: -276 -437 -288 698
127458: -276 -438 -289 51
127470: -276 -439 -301 295
127471: -276 -439 -302 376
127476: -276 -440 -307 53
127479: -276 -440 -310 296
127482: -276 -440 -313 539
127483: -276 -440 -314 620
127484: -276 -440 -315 701
127485: -276 -441 -316 54
127489: -276 -441 -320 378
127491: -276 -441 -322 540
127492: -276 -441 -323 621
127498: -277 -514 -248 379
127499: -277 -514 -249 460
127502: -277 -514 -252 703
127505: -277 -515 -255 218
127513: -277 -516 -263 138
127516: -277 -516 -266 381
127517: -277 -516 -267 462
127519: -277 -516 -269 624
127520: -277 -516 -270 705
127531: -277 -518 -281 140
127533: -277 -518 -283 302
127535: -277 -518 -285 464
127537: -277 -518 -287 626
127538: -277 -518 -288 707
127543: -277 -519 -293 384
127547: -277 -519 -297 708
127558: -277 -521 -308 143
127562: -277 -521 -312 467
127565: -277 -521 -315 710
127566: -277 -522 -316 63
127567: -277 -522 -317 144
127569: -277 -522 -319 306
127571: -277 -522 -321 468
127573: -277 -522 -323 630
127579: -278 -595 -248 388
127580: -278 -595 -249 469
127581: -278 -595 -250 550
127583: -278 -595 -252 712
127594: -278 -597 -263 147
127597: -278 -597 -266 390
127598: -278 -597 -267 471
127599: -278 -597 -268 552
127601: -278 -597 -270 714
127611: -278 -599 -280 68
127612: -278 -599 -281 149
127616: -278 -599 -285 473
127617: -278 -599 -286 554
127619: -278 -599 -288 716
127620: -278 -600 -289 69
127623: -278 -600 -292 312
127626: -278 -600 -295 555
127628: -278 -600 -297 717
127629: -278 -601 -298 70
127630: -278 -601 -299 151
127634: -278 -601 -303 475
127650: -278 -603 -319 315
127661: -279 -676 -249 478
127662: -279 -676 -250 559
127663: -279 -676 -251 640
127667: -279 -677 -255 236
127675: -279 -678 -263 156
127678: -279 -678 -266 399
127679: -279 -678 -267 480
127680: -279 -678 -268 561
127681: -279 -678 -269 642
127691: -279 -679 -279 724
127697: -279 -680 -285 482
127699: -279 -680 -287 644
127701: -279 -681 -289 78
127702: -279 -681 -290 159
127704: -279 -681 -292 321
127705: -279 -681 -293 402
127706: -279 -681 -294 483
127708: -279 -681 -296 645
127710: -279 -682 -298 79
127711: -279 -682 -299 160
127714: -279 -682 -302 403
127715: -279 -682 -303 484
127717: -279 -682 -305 646
127719: -279 -683 -307 80
127722: -279 -683 -310 323
127724: -279 -683 -312 485
127725: -279 -683 -313 566
127726: -279 -683 -314 647
127727: -279 -683 -315 728
127728: -279 -684 -316 81
127782: -361 -42 -370 6
127783: -361 -42 -371 87
127784: -361 -42 -372 168
127785: -361 -42 -373 249
127786: -361 -42 -374 330
127787: -361 -42 -375 411
127788: -361 -42 -376 492
127789: -361 -42 -377 573
127790: -361 -42 -378 654
127820: -362 -118 -327 172
127821: -362 -118 -328 253
127823: -362 -118 -330 415
127824: -362 -118 -331 496
127825: -362 -118 -332 577
127826: -362 -118 -333 658
127848: -362 -121 -355 256
127851: -362 -121 -358 499
127852: -362 -121 -359 580
127853: -362 -121 -360 661
127865: -362 -123 -372 177
127869: -362 -123 -376 501
127880: -362 -124 -387 664
127883: -362 -125 -390 179
127884: -362 -125 -391 260
127887: -362 -125 -394 503
127889: -362 -125 -396 665
127890: -362 -126 -397 18
127892: -362 -126 -399 180
127900: -363 -199 -326 100
127902: -363 -199 -328 262
127903: -363 -199 -329 343
127904: -363 -199 -330 424
127905: -363 -199 -331 505
127906: -363 -199 -332 586
127908: -363 -200 -334 20
127909: -363 -200 -335 101
127911: -363 -200 -337 263
127912: -363 -200 -338 344
127913: -363 -200 -339 425
127914: -363 -200 -340 506
127915: -363 -200 -341 587
127916: -363 -200 -342 668
127917: -363 -201 -343 21
127920: -363 -201 -346 264
127927: -363 -202 -353 103
127929: -363 -202 -355 265
127930: -363 -202 -356 346
127931: -363 -202 -357 427
127932: -363 -202 -358 508
127933: -363 -202 -359 589
127934: -363 -202 -360 670
127937: -363 -203 -363 185
127944: -363 -204 -370 24
127945: -363 -204 -371 105
127947: -363 -204 -373 267
127948: -363 -204 -374 348
127949: -363 -204 -375 429
127950: -363 -204 -376 510
127951: -363 -204 -377 591
127952: -363 -204 -378 672
127953: -363 -205 -379 25
127954: -363 -205 -380 106
127956: -363 -205 -382 268
127957: -363 -205 -383 349
127958: -363 -205 -384 430
127960: -363 -205 -386 592
127961: -363 -205 -387 673
127962: -363 -206 -388 26
127963: -363 -206 -389 107
127965: -363 -206 -391 269
127967: -363 -206 -393 431
127968: -363 -206 -394 512
127970: -363 -206 -396 674
127972: -363 -207 -398 108
127974: -363 -207 -400 270
127976: -363 -207 -402 432
127977: -363 -207 -403 513
127978: -363 -207 -404 594
127982: -364 -280 -327 190
127985: -364 -280 -330 433
127986: -364 -280 -331 514
127987: -364 -280 -332 595
127989: -364 -281 -334 29
127990: -364 -281 -335 110
127991: -364 -281 -336 191
127994: -364 -281 -339 434
127995: -364 -281 -340 515
127996: -364 -281 -341 596
127997: -364 -281 -342 677
128026: -364 -285 -371 114
128027: -364 -285 -372 195
128031: -364 -285 -376 519
128034: -364 -286 -379 34
128035: -364 -286 -380 115
128036: -364 -286 -381 196
128039: -364 -286 -384 439
128041: -364 -286 -386 601
128042: -364 -286 -387 682
128045: -364 -287 -390 197
128051: -364 -287 -396 683
128052: -364 -288 -397 36
128053: -364 -288 -398 117
128057: -364 -288 -402 441
128067: -365 -361 -331 523
128143: -366 -442 -326 127
128146: -366 -442 -329 370
128160: -366 -444 -343 48
128164: -366 -444 -347 372
128167: -366 -444 -350 615
128170: -366 -445 -353 130
128173: -366 -445 -356 373
128176: -366 -445 -359 616
128209: -366 -449 -392 377
128214: -366 -450 -397 54
128224: -367 -523 -326 136
128225: -367 -523 -327 217
128226: -367 -523 -328 298
128227: -367 -523 -329 379
128228: -367 -523 -330 460
128241: -367 -525 -343 57
128242: -367 -525 -344 138
128246: -367 -525 -348 462
128251: -367 -526 -353 139
128269: -367 -528 -371 141
128271: -367 -528 -373 303
128275: -367 -528 -377 627
128276: -367 -528 -378 708
128279: -367 -529 -381 223
128295: -367 -531 -397 63
128306: -368 -604 -327 226
128313: -368 -605 -334 65
128314: -368 -605 -335 146
128326: -368 -606 -347 390
128330: -368 -606 -351 714
128331: -368 -607 -352 67
128337: -368 -607 -358 553
128347: -368 -608 -368 635
128358: -368 -610 -379 70
128362: -368 -610 -383 394
128521: -451 -52 -461 88
128522: -451 -52 -462 169
128523: -451 -52 -463 250
128524: -451 -52 -464 331
128526: -451 -52 -466 493
128527: -451 -52 -467 574
128528: -451 -52 -468 655
128549: -452 -127 -408 172
128550: -452 -127 -409 253
128553: -452 -127 -412 496
128554: -452 -127 -413 577
128555: -452 -127 -414 658
128574: -452 -130 -433 13
128578: -452 -130 -437 337
128580: -452 -130 -439 499
128581: -452 -130 -440 580
128582: -452 -130 -441 661
128585: -452 -131 -444 176
128586: -452 -131 -445 257
128588: -452 -131 -447 419
128589: -452 -131 -448 500
128590: -452 -131 -449 581
128591: -452 -131 -450 662
128619: -452 -135 -478 18
128621: -452 -135 -480 180
128622: -452 -135 -481 261
128623: -452 -135 -482 342
128625: -452 -135 -484 504
128626: -452 -135 -485 585
128629: -453 -208 -407 100
128631: -453 -208 -409 262
128633: -453 -208 -411 424
128634: -453 -208 -412 505
128635: -453 -208 -413 586
128636: -453 -208 -414 667
128637: -453 -209 -415 20
128639: -453 -209 -417 182
128640: -453 -209 -418 263
128641: -453 -209 -419 344
128643: -453 -209 -421 506
128644: -453 -209 -422 587
128645: -453 -209 -423 668
128656: -453 -211 -434 103
128658: -453 -211 -436 265
128659: -453 -211 -437 346
128660: -453 -211 -438 427
128661: -453 -211 -439 508
128662: -453 -211 -440 589
128663: -453 -211 -441 670
128664: -453 -212 -442 23
128669: -453 -212 -447 428
128671: -453 -212 -449 590
128675: -453 -213 -453 186
128682: -453 -214 -460 25
128683: -453 -214 -461 106
128685: -453 -214 -463 268
128686: -453 -214 -464 349
128689: -453 -214 -467 592
128690: -453 -214 -468 673
128691: -453 -215 -469 26
128692: -453 -215 -470 107
128694: -453 -215 -472 269
128695: -453 -215 -473 350
128696: -453 -215 -474 431
128697: -453 -215 -475 512
128699: -453 -215 -477 674
128700: -453 -216 -478 27
128701: -453 -216 -479 108
128703: -453 -216 -481 270
128704: -453 -216 -482 351
128706: -453 -216 -484 513
128707: -453 -216 -485 594
128708: -453 -216 -486 675
128711: -454 -289 -408 190
128715: -454 -289 -412 514
128716: -454 -289 -413 595
128717: -454 -289 -414 676
128722: -454 -290 -419 353
128724: -454 -290 -421 515
128726: -454 -290 -423 677
128747: -454 -293 -444 194
128750: -454 -293 -447 437
128776: -454 -296 -473 359
128781: -454 -297 -478 36
128782: -454 -297 -479 117
128783: -454 -297 -480 198
128788: -454 -297 -485 603
128789: -454 -297 -486 684
128895: -456 -453 -430 534
128953: -457 -532 -407 136
128954: -457 -532 -408 217
128955: -457 -532 -409 298
128957: -457 -532 -411 460
128969: -457 -533 -423 704
128973: -457 -534 -427 300
128977: -457 -534 -431 624
128978: -457 -534 -432 705
128986: -457 -535 -440 625
128987: -457 -535 -441 706
129003: -457 -537 -457 546
129041: -458 -613 -414 712
129051: -458 -615 -424 66
129054: -458 -615 -427 309
129060: -458 -616 -433 67
129065: -458 -616 -438 472
129087: -458 -619 -460 70
129089: -458 -619 -462 232
129090: -458 -619 -463 313
129095: -458 -619 -468 718
129115: -459 -694 -407 154
129116: -459 -694 -408 235
129117: -459 -694 -409 316
129119: -459 -694 -411 478
129120: -459 -694 -412 559
129125: -459 -695 -417 236
129137: -459 -696 -429 480
129171: -459 -700 -463 322
129181: -459 -701 -473 404
129258: -541 -62 -550 8
129259: -541 -62 -551 89
129260: -541 -62 -552 170
129261: -541 -62 -553 251
129262: -541 -62 -554 332
129263: -541 -62 -555 413
129264: -541 -62 -556 494
129266: -541 -62 -558 656
129278: -542 -136 -489 172
129279: -542 -136 -490 253
129280: -542 -136 -491 334
129281: -542 -136 -492 415
129282: -542 -136 -493 496
129283: -542 -136 -494 577
129284: -542 -136 -495 658
129285: -542 -137 -496 11
129307: -542 -139 -518 337
129308: -542 -139 -519 418
129310: -542 -139 -521 580
129311: -542 -139 -522 661
129312: -542 -140 -523 14
129314: -542 -140 -525 176
129315: -542 -140 -526 257
129319: -542 -140 -530 581
129320: -542 -140 -531 662
129321: -542 -141 -532 15
129323: -542 -141 -534 177
129324: -542 -141 -535 258
129327: -542 -141 -538 501
129339: -542 -143 -550 17
129341: -542 -143 -552 179
129342: -542 -143 -553 260
129343: -542 -143 -554 341
129344: -542 -143 -555 422
129347: -542 -143 -558 665
129348: -542 -144 -559 18
129350: -542 -144 -561 180
129351: -542 -144 -562 261
129352: -542 -144 -563 342
129354: -542 -144 -565 504
129358: -543 -217 -488 100
129360: -543 -217 -490 262
129361: -543 -217 -491 343
129364: -543 -217 -494 586
129365: -543 -217 -495 667
129366: -543 -218 -496 20
129369: -543 -218 -499 263
129370: -543 -218 -500 344
129371: -543 -218 -501 425
129373: -543 -218 -503 587
129374: -543 -218 -504 668
129385: -543 -220 -515 103
129388: -543 -220 -518 346
129389: -543 -220 -519 427
129390: -543 -220 -520 508
129391: -543 -220 -521 589
129392: -543 -220 -522 670
129393: -543 -221 -523 23
129394: -543 -221 -524 104
129396: -543 -221 -526 266
129398: -543 -221 -528 428
129400: -543 -221 -530 590
129401: -543 -221 -531 671
129413: -543 -223 -543 187
129420: -543 -224 -550 26
129421: -543 -224 -551 107
129423: -543 -224 -553 269
129424: -543 -224 -554 350
129425: -543 -224 -555 431
129426: -543 -224 -556 512
129428: -543 -224 -558 674
129429: -543 -225 -559 27
129430: -543 -225 -560 108
129432: -543 -225 -562 270
129433: -543 -225 -563 351
129434: -543 -225 -564 432
129436: -543 -225 -566 594
129440: -544 -298 -489 190
129442: -544 -298 -491 352
129445: -544 -298 -494 595
129446: -544 -298 -495 676
129449: -544 -299 -498 191
129451: -544 -299 -500 353
129454: -544 -299 -503 596
129455: -544 -299 -504 677
129476: -544 -302 -525 194
129482: -544 -302 -531 680
129485: -544 -303 -534 195
129490: -544 -303 -539 600
129502: -544 -305 -551 116
129503: -544 -305 -552 197
129505: -544 -305 -554 359
129514: -544 -306 -563 360
129515: -544 -306 -564 441
129520: -545 -379 -488 118
129521: -545 -379 -489 199
129522: -545 -379 -490 280
129534: -545 -380 -502 524
129535: -545 -380 -503 605
129537: -545 -381 -505 39
129538: -545 -381 -506 120
129542: -545 -381 -510 444
129544: -545 -381 -512 606
129545: -545 -381 -513 687
129547: -545 -382 -515 121
129548: -545 -382 -516 202
129551: -545 -382 -519 445
129554: -545 -382 -522 688
129570: -545 -384 -538 528
129582: -545 -386 -550 44
129584: -545 -386 -552 206
129585: -545 -386 -553 287
129586: -545 -386 -554 368
129587: -545 -386 -555 449
129590: -545 -386 -558 692
129592: -545 -387 -560 126
129593: -545 -387 -561 207
129594: -545 -387 -562 288
129596: -545 -387 -564 450
129598: -545 -387 -566 612
129700: -547 -543 -506 138
129706: -547 -543 -512 624
129708: -547 -544 -514 58
129736: -547 -547 -542 142
129763: -548 -622 -488 145
129764: -548 -622 -489 226
129765: -548 -622 -490 307
129768: -548 -622 -493 550
129774: -548 -623 -499 308
129780: -548 -624 -505 66
129781: -548 -624 -506 147
129784: -548 -624 -509 390
129788: -548 -624 -513 714
129803: -548 -626 -528 473
129807: -548 -627 -532 69
129823: -548 -628 -548 637
129838: -548 -630 -563 396
129844: -549 -703 -488 154
129845: -549 -703 -489 235
129846: -549 -703 -490 316
129847: -549 -703 -491 397
129852: -549 -704 -496 74
129854: -549 -704 -498 236
129857: -549 -704 -501 479
129861: -549 -705 -505 75
129862: -549 -705 -506 156
129864: -549 -705 -508 318
129865: -549 -705 -509 399
129867: -549 -705 -511 561
129868: -549 -705 -512 642
129871: -549 -706 -515 157
129872: -549 -706 -516 238
129876: -549 -706 -520 562
129884: -549 -707 -528 482
129906: -549 -710 -550 80
129907: -549 -710 -551 161
129909: -549 -710 -553 323
129910: -549 -710 -554 404
129911: -549 -710 -555 485
129996: -631 -72 -640 9
129997: -631 -72 -641 90
129998: -631 -72 -642 171
129999: -631 -72 -643 252
130000: -631 -72 -644 333
130001: -631 -72 -645 414
130002: -631 -72 -646 495
130003: -631 -72 -647 576
130007: -632 -145 -570 172
130008: -632 -145 -571 253
130009: -632 -145 -572 334
130010: -632 -145 -573 415
130013: -632 -145 -576 658
130034: -632 -148 -597 175
130036: -632 -148 -599 337
130037: -632 -148 -600 418
130041: -632 -149 -604 14
130042: -632 -149 -605 95
130043: -632 -149 -606 176
130045: -632 -149 -608 338
130046: -632 -149 -609 419
130047: -632 -149 -610 500
130056: -632 -150 -619 501
130058: -632 -150 -621 663
130059: -632 -151 -622 16
130061: -632 -151 -624 178
130069: -632 -152 -632 98
130079: -632 -153 -642 180
130081: -632 -153 -644 342
130087: -633 -226 -569 100
130090: -633 -226 -572 343
130091: -633 -226 -573 424
130093: -633 -226 -575 586
130094: -633 -226 -576 667
130095: -633 -227 -577 20
130098: -633 -227 -580 263
130099: -633 -227 -581 344
130100: -633 -227 -582 425
130101: -633 -227 -583 506
130103: -633 -227 -585 668
130105: -633 -228 -587 102
130114: -633 -229 -596 103
130117: -633 -229 -599 346
130118: -633 -229 -600 427
130119: -633 -229 -601 508
130120: -633 -229 -602 589
130121: -633 -229 -603 670
130122: -633 -230 -604 23
130125: -633 -230 -607 266
130127: -633 -230 -609 428
130128: -633 -230 -610 509
130130: -633 -230 -612 671
130131: -633 -231 -613 24
130134: -633 -231 -616 267
130135: -633 -231 -617 348
130137: -633 -231 -619 510
130139: -633 -231 -621 672
130151: -633 -233 -633 188
130158: -633 -234 -640 27
130161: -633 -234 -643 270
130162: -633 -234 -644 351
130163: -633 -234 -645 432
130164: -633 -234 -646 513
130169: -634 -307 -570 190
130171: -634 -307 -572 352
130172: -634 -307 -573 433
130175: -634 -307 -576 676
130178: -634 -308 -579 191
130181: -634 -308 -582 434
130182: -634 -308 -583 515
130184: -634 -308 -585 677
130208: -634 -311 -609 437
130209: -634 -311 -610 518
130223: -634 -313 -624 196
130241: -634 -315 -642 198
130243: -634 -315 -644 360
130245: -634 -315 -646 522
130251: -635 -388 -571 280
130256: -635 -388 -576 685
130265: -635 -389 -585 686
130266: -635 -390 -586 39
130267: -635 -390 -587 120
130271: -635 -390 -591 444
130272: -635 -390 -592 525
130274: -635 -390 -594 687
130277: -635 -391 -597 202
130321: -635 -396 -641 126
130325: -635 -396 -645 450
130326: -635 -396 -646 531
130331: -636 -469 -570 208
130332: -636 -469 -571 289
130337: -636 -469 -576 694
130344: -636 -470 -583 533
130345: -636 -470 -584 614
130348: -636 -471 -587 129
130351: -636 -471 -590 372
130353: -636 -471 -592 534
130355: -636 -471 -594 696
130363: -636 -472 -602 616
130364: -636 -472 -603 697
130365: -636 -473 -604 50
130371: -636 -473 -610 536
130373: -636 -473 -612 698
130402: -636 -477 -641 135
130403: -636 -477 -642 216
130405: -636 -477 -644 378
130407: -636 -477 -646 540
130493: -638 -631 -570 226
130506: -638 -632 -583 551
130554: -638 -638 -631 71
130574: -639 -712 -570 235
130575: -639 -712 -571 316
130591: -639 -714 -587 156
130594: -639 -714 -590 399
130600: -639 -715 -596 157
130603: -639 -715 -599 400
130689: -721 -77 -685 5
130690: -721 -77 -686 86
130691: -721 -77 -687 167
130692: -721 -77 -688 248
130694: -721 -77 -690 410
130695: -721 -77 -691 491
130696: -721 -77 -692 572
130697: -721 -77 -693 653
130737: -722 -154 -652 253
130738: -722 -154 -653 334
130739: -722 -154 -654 415
130740: -722 -154 -655 496
130766: -722 -157 -681 418
130767: -722 -157 -682 499
130768: -722 -157 -683 580
130772: -722 -158 -687 176
130773: -722 -158 -688 257
130775: -722 -158 -690 419
130777: -722 -158 -692 581
130781: -722 -159 -696 177
130782: -722 -159 -697 258
130791: -722 -160 -706 259
130793: -722 -160 -708 421
130795: -722 -160 -710 583
130799: -722 -161 -714 179
130800: -722 -161 -715 260
130801: -722 -161 -716 341
130816: -723 -235 -650 100
130818: -723 -235 -652 262
130819: -723 -235 -653 343
130820: -723 -235 -654 424
130821: -723 -235 -655 505
130824: -723 -236 -658 20
130827: -723 -236 -661 263
130828: -723 -236 -662 344
130829: -723 -236 -663 425
130830: -723 -236 -664 506
130831: -723 -236 -665 587
130838: -723 -237 -672 426
130843: -723 -238 -677 103
130845: -723 -238 -679 265
130846: -723 -238 -680 346
130847: -723 -238 -681 427
130848: -723 -238 -682 508
130849: -723 -238 -683 589
130850: -723 -238 -684 670
130851: -723 -239 -685 23
130854: -723 -239 -688 266
130856: -723 -239 -690 428
130857: -723 -239 -691 509
130858: -723 -239 -692 590
130860: -723 -240 -694 24
130861: -723 -240 -695 105
130863: -723 -240 -697 267
130864: -723 -240 -698 348
130866: -723 -240 -700 510
130867: -723 -240 -701 591
130869: -723 -241 -703 25
130872: -723 -241 -706 268
130873: -723 -241 -707 349
130874: -723 -241 -708 430
130876: -723 -241 -710 592
130877: -723 -241 -711 673
130884: -723 -242 -718 512
130898: -724 -316 -651 190
130900: -724 -316 -653 352
130901: -724 -316 -654 433
130902: -724 -316 -655 514
130907: -724 -317 -660 191
130909: -724 -317 -662 353
130910: -724 -317 -663 434
130911: -724 -317 -664 515
130912: -724 -317 -665 596
130928: -724 -319 -681 436
130938: -724 -320 -691 518
130939: -724 -320 -692 599
130943: -724 -321 -696 195
130947: -724 -321 -700 519
130951: -724 -322 -704 115
130952: -724 -322 -705 196
130954: -724 -322 -707 358
130957: -724 -322 -710 601
130960: -724 -323 -713 116
130961: -724 -323 -714 197
130966: -724 -323 -719 602
130979: -725 -397 -651 199
130980: -725 -397 -652 280
130983: -725 -397 -655 523
130996: -725 -399 -668 120
131001: -725 -399 -673 525
131005: -725 -400 -677 121
131009: -725 -400 -681 445
131061: -726 -478 -652 289
131071: -726 -479 -662 371
131080: -726 -480 -671 372
131082: -726 -480 -673 534
131083: -726 -480 -674 615
131089: -726 -481 -680 373
131091: -726 -481 -682 535
131093: -726 -481 -684 697
131094: -726 -482 -685 50
131095: -726 -482 -686 131
131096: -726 -482 -687 212
131097: -726 -482 -688 293
131100: -726 -482 -691 536
131101: -726 -482 -692 617
131113: -726 -484 -704 133
131114: -726 -484 -705 214
131115: -726 -484 -706 295
131135: -726 -486 -726 459
131142: -727 -559 -652 298
131144: -727 -559 -654 460
131155: -727 -560 -665 623
131157: -727 -561 -667 57
131160: -727 -561 -670 300
131162: -727 -561 -672 462
131164: -727 -561 -674 624
131171: -727 -562 -681 463
131176: -727 -563 -686 140
131180: -727 -563 -690 464
131182: -727 -563 -692 626
131320: -729 -723 -668 156
131382: -2 -82
131384: -2 -91
131385: -2 -83
131400: -2 -84 -172
132153: -94 -110
132154: -94 -272
132167: -94 -255 -101
132170: -94 -255 -191
132214: -94 -113 -119
132220: -94 -115 -137
132222: -94 -115 -499
132225: -94 -116 -580
132229: -95 -335
132230: -95 -119
132231: -95 -362
132232: -95 -338
132233: -95 -122
132240: -95 -335 -95
132247: -95 -336 -200
132249: -95 -337 -110
132252: -95 -337 -281
132266: -95 -340 -142
132267: -95 -340 -524
132269: -95 -341 -146
132271: -95 -341 -152
132277: -95 -342 -686
132284: -95 -119 -95
132288: -95 -121 -110
132294: -95 -123 -128
132297: -95 -124 -137
132299: -95 -124 -500
132300: -95 -125 -146
132302: -95 -125 -581
132303: -95 -126 -155
132306: -96 -416
132307: -96 -128
132308: -96 -452
132309: -96 -420
132324: -96 -417 -209
132329: -96 -418 -290
132333: -96 -419 -122
132334: -96 -419 -371
132343: -96 -421 -142
132344: -96 -421 -533
132346: -96 -422 -146
132349: -96 -422 -614
132353: -96 -423 -162
132365: -96 -130 -110
132374: -96 -133 -137
132375: -96 -133 -497
132376: -96 -133 -501
132378: -96 -134 -578
132380: -96 -135 -155
132383: -97 -497
132384: -97 -137
132385: -97 -542
132386: -97 -502
132394: -97 -497 -97
132398: -97 -498 -101
132401: -97 -498 -218
132406: -97 -499 -299
132410: -97 -500 -122
132411: -97 -500 -380
132423: -97 -503 -146
132426: -97 -503 -623
132431: -97 -504 -704
132442: -97 -139 -110
132445: -97 -140 -119
132447: -97 -140 -340
132454: -97 -143 -146
132460: -98 -578
132461: -98 -146
132462: -98 -632
132463: -98 -584
132478: -98 -579 -227
132488: -98 -581 -389
132492: -98 -582 -132
132493: -98 -582 -470
132507: -98 -585 -162
132519: -98 -148 -110
132522: -98 -149 -119
132523: -98 -149 -335
132525: -98 -150 -128
132529: -98 -151 -497
132537: -99 -659
132538: -99 -155
132539: -99 -722
132540: -99 -666
132548: -99 -659 -99
132560: -99 -661 -317
132564: -99 -662 -122
132565: -99 -662 -398
132569: -99 -663 -132
132570: -99 -663 -479
132592: -99 -155 -99
132596: -99 -157 -110
132599: -99 -158 -119
132601: -99 -158 -342
132602: -99 -159 -128
132605: -99 -160 -137
132608: -99 -161 -146
132610: -99 -161 -585
132634: -181 -22 -192
132636: -181 -22 -193
132678: -181 -167 -343
132685: -181 -170 -228
132688: -181 -171 -237
132769: -184 -192
132771: -184 -265
132793: -184 -266 -201
132795: -184 -266 -203
132798: -184 -267 -210
132800: -184 -267 -213
132803: -184 -268 -219
132805: -184 -268 -223
132808: -184 -269 -228
132813: -184 -270 -237
132815: -184 -270 -243
132820: -184 -190 -22
132821: -184 -191 -174
132826: -184 -192 -184
132830: -184 -194 -201
132831: -184 -194 -345
132833: -184 -195 -210
132834: -184 -195 -426
132835: -184 -195 -427
132836: -184 -196 -219
132837: -184 -196 -507
132839: -184 -197 -228
132841: -184 -197 -589
132842: -184 -198 -237
132844: -184 -198 -670
132845: -185 -345
132846: -185 -201
132847: -185 -363
132848: -185 -347
132878: -185 -348 -444
132880: -185 -349 -219
132883: -185 -349 -525
132887: -185 -350 -233
132888: -185 -350 -606
132890: -185 -351 -237
132892: -185 -351 -243
132893: -185 -351 -687
132898: -185 -200 -174
132900: -185 -200 -104
132904: -185 -202 -192
132906: -185 -202 -266
132910: -185 -204 -210
132911: -185 -204 -426
132913: -185 -205 -219
132914: -185 -205 -507
132916: -185 -206 -228
132918: -185 -206 -590
132919: -185 -207 -237
132922: -186 -426
132923: -186 -210
132924: -186 -453
132925: -186 -429
132932: -186 -425 -174
132942: -186 -427 -192
132947: -186 -428 -201
132949: -186 -428 -203
132950: -186 -428 -372
132960: -186 -430 -534
132965: -186 -431 -615
132975: -186 -209 -174
132977: -186 -209 -105
132981: -186 -211 -192
132983: -186 -211 -267
132985: -186 -212 -345
132986: -186 -212 -348
132990: -186 -214 -219
132991: -186 -214 -507
132992: -186 -214 -510
132994: -186 -215 -588
132999: -187 -507
133000: -187 -219
133001: -187 -543
133002: -187 -511
133003: -187 -223
133009: -187 -506 -174
133021: -187 -508 -193
133024: -187 -509 -201
133027: -187 -509 -381
133029: -187 -510 -210
133031: -187 -510 -213
133032: -187 -510 -462
133039: -187 -512 -228
133041: -187 -512 -233
133042: -187 -512 -624
133046: -187 -513 -243
133047: -187 -513 -705
133052: -187 -218 -174
133054: -187 -218 -106
133058: -187 -220 -192
133060: -187 -220 -268
133061: -187 -221 -201
133062: -187 -221 -345
133066: -187 -222 -430
133070: -187 -224 -228
133073: -187 -225 -237
133074: -187 -225 -669
133075: -187 -225 -673
133076: -188 -588
133077: -188 -228
133078: -188 -633
133079: -188 -593
133092: -188 -588 -188
133108: -188 -591 -213
133109: -188 -591 -471
133113: -188 -592 -223
133114: -188 -592 -552
133121: -188 -594 -237
133123: -188 -594 -243
133124: -188 -594 -714
133129: -188 -227 -174
133131: -188 -227 -107
133135: -188 -229 -192
133137: -188 -229 -269
133141: -188 -231 -210
133146: -188 -232 -512
133150: -188 -234 -237
133151: -188 -234 -669
133153: -189 -669
133154: -189 -237
133155: -189 -723
133156: -189 -675
133157: -189 -243
133169: -189 -669 -189
133175: -189 -670 -193
133181: -189 -671 -399
133186: -189 -672 -480
133188: -189 -673 -219
133190: -189 -673 -223
133191: -189 -673 -561
133193: -189 -674 -228
133195: -189 -674 -233
133206: -189 -236 -174
133208: -189 -236 -108
133212: -189 -238 -192
133214: -189 -238 -270
133220: -189 -240 -432
133221: -189 -241 -219
133224: -189 -242 -228
133233: -271 -28
133307: -272 -112
133310: -272 -110
133334: -272 -113 -284
133337: -272 -114 -292
133339: -272 -114 -294
133344: -272 -115 -304
133345: -272 -115 -499
133349: -272 -116 -314
133350: -272 -116 -580
133354: -272 -117 -324
133355: -272 -117 -661
133363: -272 -255 -265
133365: -272 -255 -191
133461: -275 -355
133462: -275 -283
133463: -275 -364
133464: -275 -356
133466: -275 -352 -247
133479: -275 -354 -202
133482: -275 -355 -275
133491: -275 -357 -292
133493: -275 -357 -294
133494: -275 -357 -445
133496: -275 -358 -301
133498: -275 -358 -304
133499: -275 -358 -526
133501: -275 -359 -310
133503: -275 -359 -314
133506: -275 -360 -319
133508: -275 -360 -324
133509: -275 -360 -688
133516: -275 -281 -113
133522: -275 -283 -275
133527: -275 -285 -436
133528: -275 -285 -437
133529: -275 -286 -301
133530: -275 -286 -517
133531: -275 -286 -518
133532: -275 -287 -310
133533: -275 -287 -598
133534: -275 -287 -599
133536: -275 -288 -679
133538: -276 -436
133539: -276 -292
133540: -276 -454
133541: -276 -438
133542: -276 -294
133543: -276 -433 -247
133556: -276 -435 -211
133563: -276 -437 -283
133576: -276 -439 -535
133578: -276 -440 -310
133580: -276 -440 -314
133581: -276 -440 -616
133585: -276 -441 -324
133593: -276 -290 -114
133601: -276 -293 -355
133607: -276 -295 -517
133609: -276 -296 -310
133610: -276 -296 -598
133611: -276 -296 -600
133612: -276 -297 -319
133615: -277 -517
133616: -277 -301
133617: -277 -544
133618: -277 -520
133633: -277 -516 -220
133640: -277 -518 -283
133642: -277 -518 -284
133645: -277 -519 -292
133647: -277 -519 -294
133655: -277 -521 -310
133657: -277 -521 -314
133660: -277 -522 -319
133662: -277 -522 -324
133665: -277 -298 -247
133670: -277 -299 -115
133677: -277 -302 -283
133681: -277 -303 -436
133686: -277 -305 -310
133687: -277 -305 -598
133689: -277 -306 -319
133690: -277 -306 -679
133692: -278 -598
133693: -278 -310
133694: -278 -634
133695: -278 -602
133697: -278 -595 -247
133710: -278 -597 -229
133713: -278 -598 -278
133717: -278 -599 -283
133719: -278 -599 -284
133722: -278 -600 -292
133727: -278 -601 -301
133729: -278 -601 -304
133730: -278 -601 -553
133739: -278 -603 -324
133747: -278 -308 -116
133753: -278 -310 -278
133755: -278 -311 -355
133756: -278 -311 -359
133759: -278 -312 -440
133760: -278 -313 -301
133762: -278 -313 -521
133766: -278 -315 -319
133767: -278 -315 -679
133769: -279 -679
133770: -279 -319
133771: -279 -724
133772: -279 -684
133787: -279 -678 -238
133790: -279 -679 -279
133796: -279 -680 -284
133799: -279 -681 -292
133801: -279 -681 -294
133802: -279 -681 -481
133806: -279 -682 -304
133809: -279 -683 -310
133811: -279 -683 -314
133824: -279 -317 -117
133831: -279 -320 -283
133834: -279 -321 -292
133838: -279 -322 -517
133840: -279 -323 -310
133842: -279 -323 -603
133847: -361 -329
133876: -361 -42 -374
133878: -361 -42 -375
133902: -361 -327 -347
133903: -361 -327 -203
133904: -361 -327 -199
133910: -361 -329 -361
133917: -361 -332 -392
133923: -362 -122
133924: -362 -338
133926: -362 -119
133928: -362 -118 -329
133949: -362 -122 -362
133963: -362 -125 -392
133965: -362 -125 -395
133970: -362 -126 -405
133987: -362 -338 -362
133997: -362 -342 -401
134000: -363 -203
134001: -363 -347
134003: -363 -201
134005: -363 -199 -329
134010: -363 -200 -338
134012: -363 -200 -335
134013: -363 -200 -104
134020: -363 -202 -356
134023: -363 -202 -266
134029: -363 -203 -203
134030: -363 -204 -374
134032: -363 -204 -375
134035: -363 -205 -383
134037: -363 -205 -385
134038: -363 -205 -509
134042: -363 -206 -395
134043: -363 -206 -590
134059: -363 -346 -356
134060: -363 -346 -284
134064: -363 -347 -363
134077: -364 -284
134078: -364 -356
134080: -364 -283
134087: -364 -281 -338
134089: -364 -281 -335
134090: -364 -281 -113
134110: -364 -285 -437
134117: -364 -287 -392
134130: -364 -353 -338
134141: -364 -356 -364
134145: -364 -358 -383
134147: -364 -358 -526
134154: -366 -446
134155: -366 -374
134157: -366 -447
134180: -366 -446 -366
134183: -366 -446 -446
134206: -366 -370 -42
134207: -366 -371 -338
134211: -366 -372 -203
134214: -366 -373 -284
134215: -366 -373 -285
134227: -366 -377 -609
134231: -367 -527
134232: -367 -383
134233: -367 -545
134234: -367 -529
134235: -367 -385
134236: -367 -523 -329
134244: -367 -524 -140
134249: -367 -525 -221
134274: -367 -530 -626
134278: -367 -531 -405
134281: -367 -379 -329
134287: -367 -381 -347
134290: -367 -382 -356
134297: -367 -384 -446
134308: -368 -608
134309: -368 -392
134310: -368 -635
134311: -368 -611
134328: -368 -607 -356
134355: -368 -612 -405
134358: -368 -388 -329
134363: -368 -389 -125
134364: -368 -390 -347
134365: -368 -390 -203
134366: -368 -390 -206
134367: -368 -391 -356
134375: -368 -393 -449
134384: -368 -396 -692
134463: -451 -411
134497: -451 -52 -465
134499: -451 -52 -466
134517: -451 -407 -127
134523: -451 -409 -289
134532: -451 -412 -532
134538: -451 -414 -694
134539: -452 -132
134540: -452 -420
134542: -452 -128
134544: -452 -127 -411
134570: -452 -132 -452
134589: -452 -415 -411
134616: -453 -213
134617: -453 -429
134618: -453 -186
134619: -453 -210
134620: -453 -426
134621: -453 -208 -411
134628: -453 -209 -416
134629: -453 -209 -105
134636: -453 -211 -438
134638: -453 -211 -436
134639: -453 -211 -267
134643: -453 -212 -446
134647: -453 -213 -453
134650: -453 -213 -213
134651: -453 -214 -465
134653: -453 -214 -466
134656: -453 -215 -474
134658: -453 -215 -476
134659: -453 -215 -591
134661: -453 -216 -483
134663: -453 -216 -486
134678: -453 -428 -447
134684: -453 -430 -465
134690: -453 -432 -483
134693: -454 -294
134694: -454 -438
134696: -454 -292
134706: -454 -290 -114
134720: -454 -293 -446
134733: -454 -296 -474
134749: -454 -435 -429
134755: -454 -437 -447
134756: -454 -437 -375
134761: -454 -439 -465
134762: -454 -439 -537
134763: -454 -439 -535
134766: -454 -440 -616
134767: -454 -441 -483
134847: -457 -537
134848: -457 -465
134850: -457 -538
134852: -457 -532 -411
134899: -457 -460 -52
134900: -457 -461 -420
134904: -457 -462 -213
134909: -457 -464 -447
134924: -458 -618
134925: -458 -474
134926: -458 -636
134927: -458 -620
134942: -458 -615 -231
134944: -458 -616 -438
134947: -458 -616 -312
134951: -458 -617 -446
134959: -458 -619 -465
134969: -458 -621 -483
134972: -458 -621 -717
134978: -458 -470 -132
134979: -458 -470 -134
134983: -458 -472 -438
134988: -458 -473 -377
135001: -459 -699
135002: -459 -483
135003: -459 -726
135004: -459 -702
135016: -459 -696 -429
135028: -459 -698 -446
135029: -459 -698 -402
135055: -459 -479 -132
135060: -459 -481 -438
135062: -459 -481 -297
135079: -541 -493
135118: -541 -62 -556
135120: -541 -62 -557
135137: -541 -490 -520
135148: -541 -493 -541
135155: -542 -142
135156: -542 -502
135157: -542 -97
135158: -542 -137
135160: -542 -136 -493
135182: -542 -140 -527
135185: -542 -141 -538
135187: -542 -141 -537
135202: -542 -144 -567
135203: -542 -144 -664
135213: -542 -498 -218
135217: -542 -500 -529
135232: -543 -223
135233: -543 -511
135235: -543 -219
135242: -543 -218 -502
135244: -543 -218 -497
135245: -543 -218 -106
135252: -543 -220 -520
135254: -543 -220 -517
135255: -543 -220 -268
135257: -543 -221 -529
135259: -543 -221 -527
135260: -543 -221 -349
135274: -543 -224 -557
135275: -543 -224 -592
135277: -543 -225 -565
135279: -543 -225 -567
135303: -543 -512 -556
135304: -543 -512 -628
135306: -543 -513 -565
135308: -543 -513 -705
135309: -544 -304
135310: -544 -520
135312: -544 -301
135313: -544 -517
135319: -544 -299 -502
135321: -544 -299 -497
135322: -544 -299 -115
135342: -544 -303 -439
135356: -544 -306 -567
135371: -544 -518 -529
135373: -544 -518 -382
135379: -544 -520 -544
135380: -544 -521 -556
135381: -544 -521 -628
135382: -544 -521 -625
135386: -545 -385
135387: -545 -529
135389: -545 -383
135401: -545 -381 -511
135403: -545 -381 -507
135409: -545 -382 -286
135418: -545 -384 -537
135429: -545 -386 -610
135441: -545 -524 -140
135442: -545 -525 -511
135443: -545 -525 -223
135444: -545 -525 -221
135445: -545 -526 -520
135457: -545 -530 -556
135458: -545 -530 -628
135459: -545 -530 -626
135540: -548 -628
135541: -548 -556
135542: -548 -637
135543: -548 -629
135576: -548 -628 -548
135588: -548 -630 -718
135592: -548 -550 -62
135593: -548 -551 -502
135599: -548 -553 -520
135605: -548 -555 -538
135606: -548 -555 -466
135610: -548 -556 -548
135617: -549 -709
135618: -549 -565
135619: -549 -727
135620: -549 -711
135621: -549 -567
135622: -549 -703 -493
135645: -549 -707 -403
135653: -549 -709 -549
135660: -549 -710 -646
135672: -549 -560 -144
135674: -549 -561 -223
135676: -549 -562 -520
135678: -549 -562 -306
135683: -549 -564 -466
135687: -549 -565 -549
135695: -631 -575
135739: -631 -72 -647
135741: -631 -72 -648
135751: -631 -570 -233
135753: -631 -571 -602
135767: -631 -575 -631
135771: -632 -152
135772: -632 -584
135774: -632 -146
135776: -632 -145 -575
135798: -632 -149 -608
135808: -632 -151 -628
135812: -632 -152 -632
135819: -632 -153 -665
135829: -632 -579 -227
135833: -632 -581 -611
135839: -632 -583 -629
135844: -632 -584 -632
135846: -632 -585 -719
135848: -633 -233
135849: -633 -593
135850: -633 -188
135851: -633 -228
135852: -633 -588
135858: -633 -227 -584
135860: -633 -227 -578
135861: -633 -227 -107
135870: -633 -229 -598
135871: -633 -229 -269
135875: -633 -230 -608
135876: -633 -230 -350
135880: -633 -231 -618
135881: -633 -231 -431
135889: -633 -233 -633
135892: -633 -233 -233
135893: -633 -234 -647
135895: -633 -234 -648
135898: -633 -586 -575
135913: -633 -591 -620
135915: -633 -591 -471
135918: -633 -592 -552
135922: -633 -594 -647
135923: -633 -594 -719
135925: -634 -314
135926: -634 -602
135928: -634 -310
135929: -634 -598
135937: -634 -308 -578
135938: -634 -308 -116
135978: -634 -596 -584
135979: -634 -596 -152
135987: -634 -599 -611
135989: -634 -599 -391
135992: -634 -600 -472
135993: -634 -601 -629
135999: -634 -603 -647
136002: -635 -395
136003: -635 -611
136005: -635 -392
136006: -635 -608
136007: -635 -388 -575
136020: -635 -390 -206
136025: -635 -391 -287
136052: -635 -604 -575
136055: -635 -605 -584
136057: -635 -605 -149
136058: -635 -606 -593
136061: -635 -607 -602
136063: -635 -607 -311
136069: -635 -609 -473
136072: -635 -610 -554
136075: -635 -611 -635
136077: -635 -612 -719
136079: -636 -476
136080: -636 -620
136081: -636 -458
136082: -636 -474
136084: -636 -469 -575
136089: -636 -470 -584
136099: -636 -472 -602
136117: -636 -475 -539
136132: -636 -614 -584
136137: -636 -615 -231
136138: -636 -616 -602
136140: -636 -616 -312
136152: -636 -620 -636
136154: -636 -621 -719
136155: -636 -621 -717
136159: -637 -556
136233: -639 -719
136234: -639 -647
136236: -639 -720
136274: -639 -719 -639
136277: -639 -719 -719
136285: -639 -640 -72
136286: -639 -641 -584
136287: -639 -641 -152
136292: -639 -643 -602
136301: -639 -646 -629
136302: -639 -646 -557
136311: -721 -657
136335: -721 -77 -693
136337: -721 -77 -689
136369: -721 -652 -684
136386: -721 -657 -721
136387: -722 -162
136388: -722 -666
136390: -722 -155
136392: -722 -154 -657
136419: -722 -159 -699
136433: -722 -162 -722
136450: -722 -662 -405
136458: -722 -665 -720
136460: -722 -665 -641
136463: -722 -666 -722
136464: -723 -243
136465: -723 -675
136466: -723 -189
136467: -723 -237
136468: -723 -669
136469: -723 -235 -657
136474: -723 -236 -666
136475: -723 -236 -660
136476: -723 -236 -659
136477: -723 -236 -108
136487: -723 -238 -270
136489: -723 -239 -693
136491: -723 -239 -689
136492: -723 -239 -351
136494: -723 -240 -702
136496: -723 -240 -699
136499: -723 -241 -711
136501: -723 -241 -709
136517: -723 -668 -666
136526: -723 -671 -693
136527: -723 -671 -405
136529: -723 -672 -702
136530: -723 -672 -486
136534: -723 -673 -561
136540: -723 -675 -723
136541: -724 -324
136542: -724 -684
136544: -724 -319
136545: -724 -679
136551: -724 -317 -666
136553: -724 -317 -659
136594: -724 -677 -666
136595: -724 -677 -162
136599: -724 -678 -238
136603: -724 -680 -693
136604: -724 -680 -405
136607: -724 -681 -486
136608: -724 -681 -481
136609: -724 -682 -711
136610: -724 -682 -567
136611: -724 -682 -562
136618: -725 -405
136619: -725 -693
136621: -725 -401
136638: -725 -400 -684
136667: -725 -405 -405
136670: -725 -685 -77
136671: -725 -686 -666
136691: -725 -692 -644
136695: -726 -486
136696: -726 -702
136698: -726 -483
136715: -726 -481 -684
136718: -726 -481 -297
136722: -726 -482 -689
136723: -726 -482 -378
136732: -726 -484 -709
136733: -726 -484 -540
136744: -726 -486 -486
136749: -726 -695 -162
136754: -726 -697 -684
136756: -726 -697 -321
136759: -726 -698 -402
136768: -726 -701 -645
136772: -727 -567
136773: -727 -711
136775: -727 -565
136776: -727 -709
136777: -727 -559 -657
136787: -727 -561 -675
136792: -727 -562 -684
136799: -727 -563 -689
136815: -727 -566 -630
136818: -727 -567 -727
136825: -727 -704 -666
136827: -727 -704 -160
136828: -727 -705 -675
136831: -727 -706 -684
136843: -727 -710 -720
136844: -727 -710 -648
136845: -727 -710 -646
136926: 2
136927: 12
136928: 22
136929: 28
136930: 42
136931: 52
136932: 62
136933: 72