5 4
UNSAT
8: -2 -3
9: -2 -4
10: -2 -5
11: -2 -6
12: -2 -7
13: -2 -8
14: -2 -9
52: -12 -13
53: -12 -14
54: -12 -15
55: -12 -16
56: -12 -17
57: -12 -18
95: -22 -23
96: -22 -24
97: -22 -25
98: -22 -26
99: -22 -27
114: -28 -32
137: -32 -33
138: -32 -34
139: -32 -35
140: -32 -36
152: -37 -42
153: -37 -43
154: -37 -44
155: -37 -45
215: -51 -52
218: -52 -53
219: -52 -54
253: -60 -62
257: -62 -63
291: -69 -72
332: 73 74 75 76 77 78 79 80 81
378: -92 -93
380: -92 -95
382: -92 -97
383: -92 -98
384: -92 -99
386: -93 -95
387: -93 -96
388: -93 -97
389: -93 -98
390: -93 -99
396: -95 -96
397: -95 -97
398: -95 -98
399: -95 -99
400: -96 -97
401: -96 -98
402: -96 -99
403: -97 -98
404: -97 -99
405: -98 -99
406: 91 92 93 94 95 96 97 98 99
407: -100 -101
408: -100 -102
410: -100 -104
412: -100 -106
414: -100 -108
415: -101 -102
417: -101 -104
418: -101 -105
419: -101 -106
420: -101 -107
421: -101 -108
423: -102 -104
424: -102 -105
425: -102 -106
426: -102 -107
427: -102 -108
433: -104 -105
434: -104 -106
435: -104 -107
436: -104 -108
437: -105 -106
438: -105 -107
439: -105 -108
440: -106 -107
441: -106 -108
442: -107 -108
443: 100 101 102 103 104 105 106 107 108
452: -110 -111
455: -110 -114
456: -110 -115
457: -110 -116
458: -110 -117
461: -111 -114
462: -111 -115
463: -111 -116
464: -111 -117
470: -113 -114
471: -113 -115
472: -113 -116
473: -113 -117
474: -114 -115
475: -114 -116
476: -114 -117
477: -115 -116
478: -115 -117
479: -116 -117
480: 109 110 111 112 113 114 115 116 117
481: -118 -119
482: -118 -120
484: -118 -122
485: -118 -123
486: -118 -124
487: -118 -125
488: -118 -126
489: -119 -120
491: -119 -122
492: -119 -123
493: -119 -124
494: -119 -125
495: -119 -126
497: -120 -122
498: -120 -123
499: -120 -124
501: -120 -126
507: -122 -123
508: -122 -124
509: -122 -125
510: -122 -126
511: -123 -124
512: -123 -125
513: -123 -126
514: -124 -125
515: -124 -126
516: -125 -126
517: 118 119 120 121 122 123 124 125 126
518: -127 -128
519: -127 -129
521: -127 -131
522: -127 -132
523: -127 -133
524: -127 -134
525: -127 -135
526: -128 -129
528: -128 -131
529: -128 -132
530: -128 -133
531: -128 -134
532: -128 -135
534: -129 -131
535: -129 -132
536: -129 -133
537: -129 -134
538: -129 -135
544: -131 -132
545: -131 -133
546: -131 -134
547: -131 -135
548: -132 -133
549: -132 -134
550: -132 -135
551: -133 -134
552: -133 -135
553: -134 -135
554: 127 128 129 130 131 132 133 134 135
555: -136 -137
556: -136 -138
558: -136 -140
559: -136 -141
560: -136 -142
561: -136 -143
562: -136 -144
563: -137 -138
565: -137 -140
566: -137 -141
567: -137 -142
568: -137 -143
569: -137 -144
571: -138 -140
572: -138 -141
573: -138 -142
574: -138 -143
575: -138 -144
581: -140 -141
582: -140 -142
583: -140 -143
584: -140 -144
585: -141 -142
586: -141 -143
587: -141 -144
588: -142 -143
589: -142 -144
590: -143 -144
591: 136 137 138 139 140 141 142 143 144
592: -145 -146
593: -145 -147
595: -145 -149
596: -145 -150
597: -145 -151
598: -145 -152
599: -145 -153
600: -146 -147
602: -146 -149
603: -146 -150
604: -146 -151
605: -146 -152
606: -146 -153
608: -147 -149
609: -147 -150
610: -147 -151
611: -147 -152
612: -147 -153
618: -149 -150
619: -149 -151
620: -149 -152
621: -149 -153
622: -150 -151
623: -150 -152
624: -150 -153
625: -151 -152
626: -151 -153
627: -152 -153
628: 145 146 147 148 149 150 151 152 153
629: -154 -155
630: -154 -156
632: -154 -158
633: -154 -159
634: -154 -160
635: -154 -161
636: -154 -162
637: -155 -156
639: -155 -158
640: -155 -159
641: -155 -160
642: -155 -161
643: -155 -162
645: -156 -158
646: -156 -159
647: -156 -160
648: -156 -161
649: -156 -162
655: -158 -159
656: -158 -160
657: -158 -161
658: -158 -162
659: -159 -160
660: -159 -161
661: -159 -162
662: -160 -161
663: -160 -162
664: -161 -162
665: 154 155 156 157 158 159 160 161 162
682: -165 -167
683: -165 -168
684: -165 -169
685: -165 -170
686: -165 -171
692: -167 -168
693: -167 -169
694: -167 -170
695: -167 -171
696: -168 -169
697: -168 -170
698: -168 -171
699: -169 -170
700: -169 -171
701: -170 -171
702: 163 164 165 166 167 168 169 170 171
703: -172 -173
711: -173 -174
712: -173 -175
714: -173 -177
715: -173 -178
716: -173 -179
717: -173 -180
718: -174 -175
719: -174 -176
720: -174 -177
721: -174 -178
722: -174 -179
723: -174 -180
724: -175 -176
725: -175 -177
726: -175 -178
727: -175 -179
728: -175 -180
729: -176 -177
730: -176 -178
731: -176 -179
732: -176 -180
733: -177 -178
734: -177 -179
735: -177 -180
736: -178 -179
737: -178 -180
738: -179 -180
739: 172 173 174 175 176 177 178 179 180
741: -181 -183
742: -181 -184
743: -181 -185
744: -181 -186
745: -181 -187
746: -181 -188
747: -181 -189
755: -183 -184
756: -183 -185
757: -183 -186
758: -183 -187
759: -183 -188
760: -183 -189
761: -184 -185
762: -184 -186
763: -184 -187
764: -184 -188
765: -184 -189
766: -185 -186
767: -185 -187
768: -185 -188
769: -185 -189
770: -186 -187
771: -186 -188
772: -186 -189
773: -187 -188
774: -187 -189
775: -188 -189
776: 181 182 183 184 185 186 187 188 189
777: -190 -191
778: -190 -192
779: -190 -193
780: -190 -194
781: -190 -195
782: -190 -196
783: -190 -197
784: -190 -198
785: -191 -192
786: -191 -193
787: -191 -194
788: -191 -195
789: -191 -196
790: -191 -197
791: -191 -198
792: -192 -193
793: -192 -194
794: -192 -195
795: -192 -196
796: -192 -197
797: -192 -198
798: -193 -194
799: -193 -195
800: -193 -196
801: -193 -197
802: -193 -198
803: -194 -195
804: -194 -196
805: -194 -197
806: -194 -198
807: -195 -196
808: -195 -197
809: -195 -198
810: -196 -197
811: -196 -198
812: -197 -198
813: 190 191 192 193 194 195 196 197 198
814: -199 -200
815: -199 -201
816: -199 -202
817: -199 -203
818: -199 -204
819: -199 -205
820: -199 -206
821: -199 -207
822: -200 -201
823: -200 -202
824: -200 -203
825: -200 -204
826: -200 -205
827: -200 -206
828: -200 -207
829: -201 -202
830: -201 -203
831: -201 -204
832: -201 -205
833: -201 -206
834: -201 -207
835: -202 -203
836: -202 -204
837: -202 -205
838: -202 -206
839: -202 -207
840: -203 -204
841: -203 -205
842: -203 -206
843: -203 -207
844: -204 -205
845: -204 -206
846: -204 -207
847: -205 -206
848: -205 -207
849: -206 -207
850: 199 200 201 202 203 204 205 206 207
851: -208 -209
852: -208 -210
853: -208 -211
854: -208 -212
855: -208 -213
856: -208 -214
857: -208 -215
858: -208 -216
859: -209 -210
860: -209 -211
861: -209 -212
862: -209 -213
863: -209 -214
864: -209 -215
865: -209 -216
866: -210 -211
867: -210 -212
868: -210 -213
869: -210 -214
870: -210 -215
871: -210 -216
872: -211 -212
873: -211 -213
874: -211 -214
875: -211 -215
876: -211 -216
877: -212 -213
878: -212 -214
879: -212 -215
880: -212 -216
881: -213 -214
882: -213 -215
883: -213 -216
884: -214 -215
885: -214 -216
886: -215 -216
887: 208 209 210 211 212 213 214 215 216
888: -217 -218
889: -217 -219
890: -217 -220
891: -217 -221
892: -217 -222
893: -217 -223
894: -217 -224
895: -217 -225
896: -218 -219
897: -218 -220
898: -218 -221
899: -218 -222
900: -218 -223
901: -218 -224
902: -218 -225
903: -219 -220
904: -219 -221
905: -219 -222
906: -219 -223
907: -219 -224
908: -219 -225
909: -220 -221
910: -220 -222
911: -220 -223
912: -220 -224
913: -220 -225
914: -221 -222
915: -221 -223
916: -221 -224
917: -221 -225
918: -222 -223
919: -222 -224
920: -222 -225
921: -223 -224
922: -223 -225
923: -224 -225
924: 217 218 219 220 221 222 223 224 225
925: -226 -227
926: -226 -228
927: -226 -229
928: -226 -230
929: -226 -231
930: -226 -232
931: -226 -233
932: -226 -234
933: -227 -228
934: -227 -229
935: -227 -230
936: -227 -231
937: -227 -232
938: -227 -233
939: -227 -234
940: -228 -229
941: -228 -230
942: -228 -231
943: -228 -232
944: -228 -233
945: -228 -234
946: -229 -230
947: -229 -231
948: -229 -232
949: -229 -233
950: -229 -234
951: -230 -231
952: -230 -232
953: -230 -233
954: -230 -234
955: -231 -232
956: -231 -233
957: -231 -234
958: -232 -233
959: -232 -234
960: -233 -234
961: 226 227 228 229 230 231 232 233 234
962: -235 -236
963: -235 -237
964: -235 -238
965: -235 -239
966: -235 -240
967: -235 -241
968: -235 -242
969: -235 -243
970: -236 -237
971: -236 -238
972: -236 -239
973: -236 -240
974: -236 -241
975: -236 -242
976: -236 -243
977: -237 -238
978: -237 -239
979: -237 -240
980: -237 -241
981: -237 -242
982: -237 -243
983: -238 -239
984: -238 -240
985: -238 -241
986: -238 -242
987: -238 -243
988: -239 -240
989: -239 -241
990: -239 -242
991: -239 -243
992: -240 -241
993: -240 -242
994: -240 -243
995: -241 -242
997: -242 -243
998: 235 236 237 238 239 240 241 242 243
1008: -245 -247
1009: -245 -248
1010: -245 -249
1012: -245 -251
1013: -245 -252
1020: -247 -248
1021: -247 -249
1022: -247 -250
1023: -247 -251
1024: -247 -252
1025: -248 -249
1026: -248 -250
1027: -248 -251
1028: -248 -252
1029: -249 -250
1030: -249 -251
1031: -249 -252
1032: -250 -251
1033: -250 -252
1034: -251 -252
1035: 244 245 246 247 248 249 250 251 252
1045: -254 -256
1047: -254 -258
1050: -254 -261
1058: -256 -258
1059: -256 -259
1060: -256 -260
1061: -256 -261
1066: -258 -259
1067: -258 -260
1068: -258 -261
1069: -259 -260
1070: -259 -261
1071: -260 -261
1072: 253 254 255 256 257 258 259 260 261
1073: -262 -263
1074: -262 -264
1075: -262 -265
1076: -262 -266
1077: -262 -267
1078: -262 -268
1079: -262 -269
1080: -262 -270
1081: -263 -264
1082: -263 -265
1083: -263 -266
1084: -263 -267
1085: -263 -268
1086: -263 -269
1087: -263 -270
1088: -264 -265
1089: -264 -266
1090: -264 -267
1091: -264 -268
1092: -264 -269
1093: -264 -270
1094: -265 -266
1095: -265 -267
1096: -265 -268
1097: -265 -269
1098: -265 -270
1099: -266 -267
1100: -266 -268
1101: -266 -269
1102: -266 -270
1103: -267 -268
1104: -267 -269
1105: -267 -270
1106: -268 -269
1107: -268 -270
1108: -269 -270
1109: 262 263 264 265 266 267 268 269 270
1110: -271 -272
1112: -271 -274
1113: -271 -275
1114: -271 -276
1115: -271 -277
1116: -271 -278
1117: -271 -279
1119: -272 -274
1120: -272 -275
1121: -272 -276
1122: -272 -277
1123: -272 -278
1124: -272 -279
1131: -274 -275
1132: -274 -276
1133: -274 -277
1134: -274 -278
1135: -274 -279
1136: -275 -276
1137: -275 -277
1138: -275 -278
1139: -275 -279
1140: -276 -277
1141: -276 -278
1142: -276 -279
1143: -277 -278
1144: -277 -279
1145: -278 -279
1146: 271 272 273 274 275 276 277 278 279
1147: -280 -281
1148: -280 -282
1149: -280 -283
1150: -280 -284
1151: -280 -285
1152: -280 -286
1153: -280 -287
1154: -280 -288
1155: -281 -282
1156: -281 -283
1157: -281 -284
1158: -281 -285
1159: -281 -286
1160: -281 -287
1161: -281 -288
1162: -282 -283
1163: -282 -284
1164: -282 -285
1165: -282 -286
1166: -282 -287
1167: -282 -288
1168: -283 -284
1169: -283 -285
1170: -283 -286
1171: -283 -287
1172: -283 -288
1173: -284 -285
1174: -284 -286
1175: -284 -287
1176: -284 -288
1177: -285 -286
1178: -285 -287
1179: -285 -288
1180: -286 -287
1181: -286 -288
1182: -287 -288
1183: 280 281 282 283 284 285 286 287 288
1184: -289 -290
1185: -289 -291
1186: -289 -292
1187: -289 -293
1188: -289 -294
1189: -289 -295
1190: -289 -296
1191: -289 -297
1192: -290 -291
1193: -290 -292
1194: -290 -293
1195: -290 -294
1196: -290 -295
1197: -290 -296
1198: -290 -297
1199: -291 -292
1200: -291 -293
1201: -291 -294
1202: -291 -295
1203: -291 -296
1204: -291 -297
1205: -292 -293
1206: -292 -294
1207: -292 -295
1208: -292 -296
1209: -292 -297
1210: -293 -294
1211: -293 -295
1212: -293 -296
1213: -293 -297
1214: -294 -295
1215: -294 -296
1216: -294 -297
1217: -295 -296
1218: -295 -297
1219: -296 -297
1220: 289 290 291 292 293 294 295 296 297
1221: -298 -299
1222: -298 -300
1223: -298 -301
1224: -298 -302
1225: -298 -303
1226: -298 -304
1227: -298 -305
1228: -298 -306
1229: -299 -300
1230: -299 -301
1231: -299 -302
1232: -299 -303
1233: -299 -304
1234: -299 -305
1235: -299 -306
1236: -300 -301
1237: -300 -302
1238: -300 -303
1239: -300 -304
1240: -300 -305
1241: -300 -306
1242: -301 -302
1243: -301 -303
1244: -301 -304
1245: -301 -305
1246: -301 -306
1247: -302 -303
1248: -302 -304
1249: -302 -305
1250: -302 -306
1251: -303 -304
1252: -303 -305
1253: -303 -306
1254: -304 -305
1255: -304 -306
1256: -305 -306
1257: 298 299 300 301 302 303 304 305 306
1258: -307 -308
1259: -307 -309
1260: -307 -310
1261: -307 -311
1262: -307 -312
1263: -307 -313
1264: -307 -314
1265: -307 -315
1266: -308 -309
1267: -308 -310
1268: -308 -311
1269: -308 -312
1270: -308 -313
1271: -308 -314
1272: -308 -315
1273: -309 -310
1274: -309 -311
1275: -309 -312
1276: -309 -313
1277: -309 -314
1278: -309 -315
1279: -310 -311
1280: -310 -312
1281: -310 -313
1282: -310 -314
1283: -310 -315
1284: -311 -312
1285: -311 -313
1286: -311 -314
1287: -311 -315
1288: -312 -313
1289: -312 -314
1290: -312 -315
1291: -313 -314
1292: -313 -315
1293: -314 -315
1294: 307 308 309 310 311 312 313 314 315
1295: -316 -317
1296: -316 -318
1297: -316 -319
1298: -316 -320
1299: -316 -321
1300: -316 -322
1301: -316 -323
1302: -316 -324
1303: -317 -318
1304: -317 -319
1305: -317 -320
1306: -317 -321
1307: -317 -322
1308: -317 -323
1309: -317 -324
1310: -318 -319
1311: -318 -320
1312: -318 -321
1313: -318 -322
1314: -318 -323
1315: -318 -324
1316: -319 -320
1317: -319 -321
1318: -319 -322
1319: -319 -323
1320: -319 -324
1321: -320 -321
1322: -320 -322
1323: -320 -323
1324: -320 -324
1325: -321 -322
1326: -321 -323
1327: -321 -324
1328: -322 -323
1329: -322 -324
1330: -323 -324
1331: 316 317 318 319 320 321 322 323 324
1348: -327 -329
1349: -327 -330
1350: -327 -331
1351: -327 -332
1352: -327 -333
1358: -329 -330
1359: -329 -331
1360: -329 -332
1361: -329 -333
1362: -330 -331
1363: -330 -332
1364: -330 -333
1365: -331 -332
1366: -331 -333
1367: -332 -333
1368: 325 326 327 328 329 330 331 332 333
1406: -343 -344
1407: -343 -345
1409: -343 -347
1410: -343 -348
1412: -343 -350
1413: -343 -351
1416: -344 -347
1417: -344 -348
1418: -344 -349
1419: -344 -350
1420: -344 -351
1422: -345 -347
1423: -345 -348
1426: -345 -351
1433: -347 -349
1434: -347 -350
1435: -347 -351
1436: -348 -349
1437: -348 -350
1438: -348 -351
1439: -349 -350
1440: -349 -351
1442: 343 344 345 346 347 348 349 350 351
1446: -352 -356
1451: -353 -354
1453: -353 -356
1454: -353 -357
1455: -353 -358
1456: -353 -359
1457: -353 -360
1459: -354 -356
1460: -354 -357
1461: -354 -358
1462: -354 -359
1463: -354 -360
1469: -356 -357
1470: -356 -358
1471: -356 -359
1472: -356 -360
1473: -357 -358
1474: -357 -359
1475: -357 -360
1476: -358 -359
1477: -358 -360
1478: -359 -360
1479: 352 353 354 355 356 357 358 359 360
1488: -362 -363
1490: -362 -365
1491: -362 -366
1492: -362 -367
1493: -362 -368
1494: -362 -369
1496: -363 -365
1497: -363 -366
1498: -363 -367
1499: -363 -368
1500: -363 -369
1506: -365 -366
1508: -365 -368
1509: -365 -369
1510: -366 -367
1511: -366 -368
1512: -366 -369
1513: -367 -368
1514: -367 -369
1515: -368 -369
1516: 361 362 363 364 365 366 367 368 369
1517: -370 -371
1518: -370 -372
1520: -370 -374
1521: -370 -375
1522: -370 -376
1523: -370 -377
1524: -370 -378
1525: -371 -372
1527: -371 -374
1528: -371 -375
1529: -371 -376
1530: -371 -377
1531: -371 -378
1533: -372 -374
1534: -372 -375
1535: -372 -376
1536: -372 -377
1537: -372 -378
1543: -374 -375
1545: -374 -377
1546: -374 -378
1549: -375 -378
1550: -376 -377
1551: -376 -378
1552: -377 -378
1553: 370 371 372 373 374 375 376 377 378
1554: -379 -380
1555: -379 -381
1557: -379 -383
1558: -379 -384
1559: -379 -385
1560: -379 -386
1561: -379 -387
1562: -380 -381
1564: -380 -383
1565: -380 -384
1566: -380 -385
1567: -380 -386
1568: -380 -387
1570: -381 -383
1571: -381 -384
1572: -381 -385
1573: -381 -386
1574: -381 -387
1583: -383 -387
1586: -384 -387
1588: -385 -387
1589: -386 -387
1590: 379 380 381 382 383 384 385 386 387
1591: -388 -389
1592: -388 -390
1594: -388 -392
1595: -388 -393
1596: -388 -394
1597: -388 -395
1598: -388 -396
1599: -389 -390
1601: -389 -392
1602: -389 -393
1603: -389 -394
1604: -389 -395
1605: -389 -396
1607: -390 -392
1608: -390 -393
1609: -390 -394
1610: -390 -395
1617: -392 -393
1619: -392 -395
1620: -392 -396
1621: -393 -394
1622: -393 -395
1623: -393 -396
1624: -394 -395
1625: -394 -396
1626: -395 -396
1627: 388 389 390 391 392 393 394 395 396
1628: -397 -398
1629: -397 -399
1631: -397 -401
1632: -397 -402
1633: -397 -403
1634: -397 -404
1635: -397 -405
1636: -398 -399
1638: -398 -401
1639: -398 -402
1640: -398 -403
1641: -398 -404
1642: -398 -405
1644: -399 -401
1645: -399 -402
1646: -399 -403
1647: -399 -404
1648: -399 -405
1655: -401 -403
1656: -401 -404
1657: -401 -405
1658: -402 -403
1659: -402 -404
1661: -403 -404
1662: -403 -405
1663: -404 -405
1664: 397 398 399 400 401 402 403 404 405
1673: -407 -408
1674: -407 -409
1675: -407 -410
1676: -407 -411
1677: -407 -412
1678: -407 -413
1680: -408 -409
1681: -408 -410
1682: -408 -411
1683: -408 -412
1684: -408 -413
1686: -409 -410
1687: -409 -411
1688: -409 -412
1689: -409 -413
1691: -410 -411
1692: -410 -412
1693: -410 -413
1695: -411 -412
1696: -411 -413
1698: -412 -413
1701: 406 407 408 409 410 411 412 413 414
1702: -415 -416
1703: -415 -417
1704: -415 -418
1705: -415 -419
1706: -415 -420
1707: -415 -421
1708: -415 -422
1709: -415 -423
1713: -416 -420
1714: -416 -421
1716: -416 -423
1717: -417 -418
1718: -417 -419
1719: -417 -420
1721: -417 -422
1722: -417 -423
1723: -418 -419
1725: -418 -421
1726: -418 -422
1727: -418 -423
1731: -419 -423
1734: -420 -423
1735: -421 -422
1736: -421 -423
1737: -422 -423
1738: 415 416 417 418 419 420 421 422 423
1739: -424 -425
1740: -424 -426
1741: -424 -427
1742: -424 -428
1743: -424 -429
1745: -424 -431
1746: -424 -432
1747: -425 -426
1748: -425 -427
1750: -425 -429
1752: -425 -431
1753: -425 -432
1754: -426 -427
1755: -426 -428
1756: -426 -429
1757: -426 -430
1758: -426 -431
1759: -426 -432
1761: -427 -429
1762: -427 -430
1763: -427 -431
1764: -427 -432
1765: -428 -429
1766: -428 -430
1767: -428 -431
1771: -429 -432
1772: -430 -431
1773: -430 -432
1774: -431 -432
1775: 424 425 426 427 428 429 430 431 432
1776: -433 -434
1777: -433 -435
1778: -433 -436
1779: -433 -437
1780: -433 -438
1781: -433 -439
1782: -433 -440
1783: -433 -441
1784: -434 -435
1785: -434 -436
1786: -434 -437
1787: -434 -438
1788: -434 -439
1789: -434 -440
1790: -434 -441
1792: -435 -437
1793: -435 -438
1794: -435 -439
1795: -435 -440
1796: -435 -441
1797: -436 -437
1798: -436 -438
1799: -436 -439
1801: -436 -441
1802: -437 -438
1803: -437 -439
1804: -437 -440
1805: -437 -441
1806: -438 -439
1808: -438 -441
1809: -439 -440
1810: -439 -441
1811: -440 -441
1812: 433 434 435 436 437 438 439 440 441
1813: -442 -443
1814: -442 -444
1815: -442 -445
1816: -442 -446
1817: -442 -447
1818: -442 -448
1819: -442 -449
1820: -442 -450
1821: -443 -444
1822: -443 -445
1823: -443 -446
1824: -443 -447
1825: -443 -448
1826: -443 -449
1827: -443 -450
1828: -444 -445
1829: -444 -446
1830: -444 -447
1831: -444 -448
1832: -444 -449
1833: -444 -450
1834: -445 -446
1835: -445 -447
1836: -445 -448
1837: -445 -449
1838: -445 -450
1839: -446 -447
1843: -447 -448
1844: -447 -449
1845: -447 -450
1847: -448 -450
1848: -449 -450
1849: 442 443 444 445 446 447 448 449 450
1850: -451 -452
1851: -451 -453
1852: -451 -454
1853: -451 -455
1855: -451 -457
1856: -451 -458
1858: -452 -453
1859: -452 -454
1861: -452 -456
1863: -452 -458
1865: -453 -454
1866: -453 -455
1867: -453 -456
1868: -453 -457
1869: -453 -458
1871: -454 -455
1872: -454 -456
1873: -454 -457
1874: -454 -458
1876: -455 -456
1878: -455 -458
1881: -456 -458
1883: -457 -458
1886: 451 452 453 454 455 456 457 458 459
1887: -460 -461
1888: -460 -462
1889: -460 -463
1890: -460 -464
1891: -460 -465
1892: -460 -466
1893: -460 -467
1894: -460 -468
1895: -461 -462
1896: -461 -463
1898: -461 -465
1899: -461 -466
1901: -461 -468
1902: -462 -463
1903: -462 -464
1904: -462 -465
1905: -462 -466
1907: -462 -468
1908: -463 -464
1909: -463 -465
1910: -463 -466
1911: -463 -467
1912: -463 -468
1914: -464 -466
1916: -464 -468
1917: -465 -466
1918: -465 -467
1919: -465 -468
1920: -466 -467
1921: -466 -468
1922: -467 -468
1923: 460 461 462 463 464 465 466 467 468
1924: -469 -470
1925: -469 -471
1926: -469 -472
1927: -469 -473
1928: -469 -474
1929: -469 -475
1930: -469 -476
1931: -469 -477
1932: -470 -471
1933: -470 -472
1934: -470 -473
1935: -470 -474
1937: -470 -476
1938: -470 -477
1939: -471 -472
1944: -471 -477
1945: -472 -473
1946: -472 -474
1947: -472 -475
1948: -472 -476
1949: -472 -477
1950: -473 -474
1951: -473 -475
1953: -473 -477
1954: -474 -475
1955: -474 -476
1956: -474 -477
1958: -475 -477
1960: 469 470 471 472 473 474 475 476 477
1961: -478 -479
1962: -478 -480
1963: -478 -481
1964: -478 -482
1965: -478 -483
1966: -478 -484
1967: -478 -485
1968: -478 -486
1969: -479 -480
1970: -479 -481
1971: -479 -482
1972: -479 -483
1973: -479 -484
1974: -479 -485
1975: -479 -486
1976: -480 -481
1977: -480 -482
1978: -480 -483
1979: -480 -484
1980: -480 -485
1981: -480 -486
1982: -481 -482
1983: -481 -483
1984: -481 -484
1986: -481 -486
1987: -482 -483
1989: -482 -485
1990: -482 -486
1991: -483 -484
1992: -483 -485
1993: -483 -486
1995: -484 -486
1997: 478 479 480 481 482 483 484 485 486
2006: -488 -489
2007: -488 -490
2008: -488 -491
2010: -488 -493
2011: -488 -494
2012: -488 -495
2013: -489 -490
2014: -489 -491
2016: -489 -493
2017: -489 -494
2018: -489 -495
2019: -490 -491
2021: -490 -493
2022: -490 -494
2023: -490 -495
2025: -491 -493
2026: -491 -494
2027: -491 -495
2031: -493 -494
2032: -493 -495
2033: -494 -495
2034: 487 488 489 490 491 492 493 494 495
2035: -496 -497
2036: -496 -498
2037: -496 -499
2038: -496 -500
2039: -496 -501
2040: -496 -502
2041: -496 -503
2042: -496 -504
2044: -497 -499
2046: -497 -501
2047: -497 -502
2048: -497 -503
2050: -498 -499
2052: -498 -501
2054: -498 -503
2055: -498 -504
2056: -499 -500
2057: -499 -501
2058: -499 -502
2059: -499 -503
2060: -499 -504
2062: -500 -502
2065: -501 -502
2066: -501 -503
2067: -501 -504
2068: -502 -503
2069: -502 -504
2070: -503 -504
2071: 496 497 498 499 500 501 502 503 504
2072: -505 -506
2073: -505 -507
2074: -505 -508
2075: -505 -509
2076: -505 -510
2077: -505 -511
2078: -505 -512
2079: -505 -513
2080: -506 -507
2081: -506 -508
2082: -506 -509
2083: -506 -510
2084: -506 -511
2086: -506 -513
2087: -507 -508
2088: -507 -509
2089: -507 -510
2090: -507 -511
2091: -507 -512
2092: -507 -513
2094: -508 -510
2095: -508 -511
2096: -508 -512
2097: -508 -513
2098: -509 -510
2101: -509 -513
2102: -510 -511
2103: -510 -512
2104: -510 -513
2105: -511 -512
2106: -511 -513
2107: -512 -513
2108: 505 506 507 508 509 510 511 512 513
2109: -514 -515
2110: -514 -516
2111: -514 -517
2112: -514 -518
2113: -514 -519
2114: -514 -520
2115: -514 -521
2116: -514 -522
2117: -515 -516
2118: -515 -517
2119: -515 -518
2120: -515 -519
2121: -515 -520
2122: -515 -521
2123: -515 -522
2125: -516 -518
2126: -516 -519
2127: -516 -520
2128: -516 -521
2129: -516 -522
2130: -517 -518
2131: -517 -519
2132: -517 -520
2133: -517 -521
2134: -517 -522
2135: -518 -519
2136: -518 -520
2137: -518 -521
2138: -518 -522
2139: -519 -520
2140: -519 -521
2141: -519 -522
2142: -520 -521
2143: -520 -522
2144: -521 -522
2145: 514 515 516 517 518 519 520 521 522
2146: -523 -524
2147: -523 -525
2148: -523 -526
2149: -523 -527
2150: -523 -528
2151: -523 -529
2152: -523 -530
2153: -523 -531
2154: -524 -525
2155: -524 -526
2156: -524 -527
2157: -524 -528
2158: -524 -529
2159: -524 -530
2160: -524 -531
2161: -525 -526
2162: -525 -527
2163: -525 -528
2164: -525 -529
2165: -525 -530
2167: -526 -527
2168: -526 -528
2169: -526 -529
2170: -526 -530
2171: -526 -531
2172: -527 -528
2173: -527 -529
2174: -527 -530
2175: -527 -531
2176: -528 -529
2177: -528 -530
2178: -528 -531
2179: -529 -530
2180: -529 -531
2181: -530 -531
2182: 523 524 525 526 527 528 529 530 531
2183: -532 -533
2184: -532 -534
2185: -532 -535
2186: -532 -536
2187: -532 -537
2188: -532 -538
2190: -532 -540
2191: -533 -534
2192: -533 -535
2193: -533 -536
2194: -533 -537
2195: -533 -538
2196: -533 -539
2197: -533 -540
2199: -534 -536
2200: -534 -537
2201: -534 -538
2204: -535 -536
2205: -535 -537
2206: -535 -538
2207: -535 -539
2209: -536 -537
2210: -536 -538
2211: -536 -539
2213: -537 -538
2214: -537 -539
2215: -537 -540
2216: -538 -539
2217: -538 -540
2219: 532 533 534 535 536 537 538 539 540
2220: -541 -542
2221: -541 -543
2222: -541 -544
2223: -541 -545
2226: -541 -548
2227: -541 -549
2228: -542 -543
2229: -542 -544
2230: -542 -545
2232: -542 -547
2233: -542 -548
2234: -542 -549
2235: -543 -544
2236: -543 -545
2238: -543 -547
2239: -543 -548
2240: -543 -549
2241: -544 -545
2243: -544 -547
2244: -544 -548
2245: -544 -549
2247: -545 -547
2254: -547 -549
2255: -548 -549
2256: 541 542 543 544 545 546 547 548 549
2257: -550 -551
2258: -550 -552
2259: -550 -553
2260: -550 -554
2261: -550 -555
2262: -550 -556
2263: -550 -557
2264: -550 -558
2265: -551 -552
2266: -551 -553
2267: -551 -554
2268: -551 -555
2269: -551 -556
2270: -551 -557
2271: -551 -558
2272: -552 -553
2273: -552 -554
2274: -552 -555
2275: -552 -556
2276: -552 -557
2277: -552 -558
2278: -553 -554
2279: -553 -555
2280: -553 -556
2281: -553 -557
2282: -553 -558
2283: -554 -555
2284: -554 -556
2285: -554 -557
2286: -554 -558
2287: -555 -556
2288: -555 -557
2289: -555 -558
2290: -556 -557
2293: 550 551 552 553 554 555 556 557 558
2294: -559 -560
2295: -559 -561
2296: -559 -562
2297: -559 -563
2298: -559 -564
2299: -559 -565
2300: -559 -566
2301: -559 -567
2302: -560 -561
2303: -560 -562
2304: -560 -563
2305: -560 -564
2306: -560 -565
2308: -560 -567
2309: -561 -562
2310: -561 -563
2311: -561 -564
2312: -561 -565
2314: -561 -567
2315: -562 -563
2316: -562 -564
2317: -562 -565
2318: -562 -566
2319: -562 -567
2320: -563 -564
2321: -563 -565
2322: -563 -566
2324: -564 -565
2325: -564 -566
2330: 559 560 561 562 563 564 565 566 567
2339: -569 -570
2340: -569 -571
2341: -569 -572
2342: -569 -573
2344: -569 -575
2345: -569 -576
2346: -570 -571
2347: -570 -572
2348: -570 -573
2350: -570 -575
2351: -570 -576
2352: -571 -572
2353: -571 -573
2355: -571 -575
2356: -571 -576
2357: -572 -573
2359: -572 -575
2360: -572 -576
2362: -573 -575
2363: -573 -576
2366: -575 -576
2367: 568 569 570 571 572 573 574 575 576
2368: -577 -578
2369: -577 -579
2370: -577 -580
2371: -577 -581
2372: -577 -582
2373: -577 -583
2374: -577 -584
2375: -577 -585
2376: -578 -579
2377: -578 -580
2383: -579 -580
2385: -579 -582
2386: -579 -583
2387: -579 -584
2388: -579 -585
2390: -580 -582
2391: -580 -583
2392: -580 -584
2393: -580 -585
2394: -581 -582
2395: -581 -583
2398: -582 -583
2399: -582 -584
2401: -583 -584
2402: -583 -585
2403: -584 -585
2404: 577 578 579 580 581 582 583 584 585
2405: -586 -587
2406: -586 -588
2407: -586 -589
2408: -586 -590
2409: -586 -591
2410: -586 -592
2411: -586 -593
2412: -586 -594
2414: -587 -589
2416: -587 -591
2417: -587 -592
2418: -587 -593
2419: -587 -594
2421: -588 -590
2423: -588 -592
2425: -588 -594
2426: -589 -590
2427: -589 -591
2428: -589 -592
2429: -589 -593
2430: -589 -594
2433: -590 -593
2434: -590 -594
2437: -591 -594
2438: -592 -593
2439: -592 -594
2440: -593 -594
2441: 586 587 588 589 590 591 592 593 594
2442: -595 -596
2443: -595 -597
2444: -595 -598
2445: -595 -599
2446: -595 -600
2448: -595 -602
2449: -595 -603
2450: -596 -597
2451: -596 -598
2452: -596 -599
2453: -596 -600
2454: -596 -601
2455: -596 -602
2456: -596 -603
2457: -597 -598
2458: -597 -599
2459: -597 -600
2461: -597 -602
2462: -597 -603
2463: -598 -599
2464: -598 -600
2465: -598 -601
2466: -598 -602
2467: -598 -603
2468: -599 -600
2470: -599 -602
2471: -599 -603
2472: -600 -601
2474: -600 -603
2477: -602 -603
2478: 595 596 597 598 599 600 601 602 603
2479: -604 -605
2480: -604 -606
2481: -604 -607
2482: -604 -608
2483: -604 -609
2484: -604 -610
2485: -604 -611
2486: -604 -612
2487: -605 -606
2488: -605 -607
2489: -605 -608
2490: -605 -609
2491: -605 -610
2492: -605 -611
2493: -605 -612
2494: -606 -607
2496: -606 -609
2497: -606 -610
2498: -606 -611
2499: -606 -612
2500: -607 -608
2501: -607 -609
2502: -607 -610
2503: -607 -611
2504: -607 -612
2506: -608 -610
2507: -608 -611
2508: -608 -612
2509: -609 -610
2510: -609 -611
2511: -609 -612
2512: -610 -611
2513: -610 -612
2514: -611 -612
2515: 604 605 606 607 608 609 610 611 612
2516: -613 -614
2517: -613 -615
2518: -613 -616
2519: -613 -617
2520: -613 -618
2521: -613 -619
2522: -613 -620
2523: -613 -621
2524: -614 -615
2525: -614 -616
2526: -614 -617
2527: -614 -618
2528: -614 -619
2529: -614 -620
2530: -614 -621
2532: -615 -617
2533: -615 -618
2534: -615 -619
2535: -615 -620
2536: -615 -621
2537: -616 -617
2538: -616 -618
2539: -616 -619
2540: -616 -620
2541: -616 -621
2542: -617 -618
2543: -617 -619
2544: -617 -620
2545: -617 -621
2546: -618 -619
2549: -619 -620
2550: -619 -621
2552: 613 614 615 616 617 618 619 620 621
2553: -622 -623
2554: -622 -624
2555: -622 -625
2556: -622 -626
2557: -622 -627
2558: -622 -628
2559: -622 -629
2560: -622 -630
2561: -623 -624
2562: -623 -625
2563: -623 -626
2564: -623 -627
2565: -623 -628
2566: -623 -629
2567: -623 -630
2568: -624 -625
2569: -624 -626
2570: -624 -627
2571: -624 -628
2572: -624 -629
2574: -625 -626
2575: -625 -627
2576: -625 -628
2577: -625 -629
2578: -625 -630
2580: -626 -628
2581: -626 -629
2582: -626 -630
2583: -627 -628
2584: -627 -629
2586: -628 -629
2587: -628 -630
2589: 622 623 624 625 626 627 628 629 630
2590: -631 -632
2591: -631 -633
2592: -631 -634
2593: -631 -635
2594: -631 -636
2596: -631 -638
2597: -631 -639
2598: -632 -633
2599: -632 -634
2600: -632 -635
2601: -632 -636
2603: -632 -638
2604: -632 -639
2605: -633 -634
2606: -633 -635
2607: -633 -636
2609: -633 -638
2610: -633 -639
2611: -634 -635
2612: -634 -636
2614: -634 -638
2615: -634 -639
2621: -636 -638
2626: 631 632 633 634 635 636 637 638 639
2627: -640 -641
2628: -640 -642
2629: -640 -643
2630: -640 -644
2631: -640 -645
2632: -640 -646
2633: -640 -647
2634: -640 -648
2635: -641 -642
2636: -641 -643
2637: -641 -644
2638: -641 -645
2639: -641 -646
2642: -642 -643
2644: -642 -645
2645: -642 -646
2646: -642 -647
2647: -642 -648
2648: -643 -644
2649: -643 -645
2650: -643 -646
2651: -643 -647
2652: -643 -648
2653: -644 -645
2654: -644 -646
2655: -644 -647
2656: -644 -648
2657: -645 -646
2658: -645 -647
2661: -646 -648
2663: 640 641 642 643 644 645 646 647 648
2672: -650 -651
2673: -650 -652
2674: -650 -653
2675: -650 -654
2676: -650 -655
2678: -650 -657
2679: -651 -652
2680: -651 -653
2681: -651 -654
2682: -651 -655
2684: -651 -657
2685: -652 -653
2686: -652 -654
2687: -652 -655
2689: -652 -657
2690: -653 -654
2691: -653 -655
2693: -653 -657
2694: -654 -655
2696: -654 -657
2698: -655 -657
2700: 649 650 651 652 653 654 655 656 657
2701: -658 -659
2702: -658 -660
2703: -658 -661
2705: -658 -663
2706: -658 -664
2707: -658 -665
2708: -658 -666
2709: -659 -660
2710: -659 -661
2714: -659 -665
2715: -659 -666
2716: -660 -661
2719: -660 -664
2720: -660 -665
2721: -660 -666
2722: -661 -662
2723: -661 -663
2724: -661 -664
2725: -661 -665
2726: -661 -666
2732: -663 -665
2733: -663 -666
2734: -664 -665
2735: -664 -666
2736: -665 -666
2737: 658 659 660 661 662 663 664 665 666
2738: -667 -668
2739: -667 -669
2740: -667 -670
2741: -667 -671
2742: -667 -672
2743: -667 -673
2744: -667 -674
2745: -667 -675
2746: -668 -669
2747: -668 -670
2748: -668 -671
2749: -668 -672
2750: -668 -673
2751: -668 -674
2752: -668 -675
2753: -669 -670
2754: -669 -671
2755: -669 -672
2757: -669 -674
2758: -669 -675
2759: -670 -671
2760: -670 -672
2761: -670 -673
2762: -670 -674
2763: -670 -675
2766: -671 -674
2767: -671 -675
2768: -672 -673
2769: -672 -674
2770: -672 -675
2771: -673 -674
2772: -673 -675
2773: -674 -675
2774: 667 668 669 670 671 672 673 674 675
2775: -676 -677
2776: -676 -678
2777: -676 -679
2778: -676 -680
2779: -676 -681
2780: -676 -682
2781: -676 -683
2782: -676 -684
2783: -677 -678
2784: -677 -679
2785: -677 -680
2786: -677 -681
2787: -677 -682
2788: -677 -683
2789: -677 -684
2790: -678 -679
2791: -678 -680
2792: -678 -681
2793: -678 -682
2794: -678 -683
2795: -678 -684
2796: -679 -680
2797: -679 -681
2798: -679 -682
2799: -679 -683
2800: -679 -684
2801: -680 -681
2802: -680 -682
2803: -680 -683
2804: -680 -684
2805: -681 -682
2806: -681 -683
2807: -681 -684
2808: -682 -683
2809: -682 -684
2810: -683 -684
2811: 676 677 678 679 680 681 682 683 684
2812: -685 -686
2813: -685 -687
2814: -685 -688
2815: -685 -689
2816: -685 -690
2817: -685 -691
2818: -685 -692
2819: -685 -693
2820: -686 -687
2821: -686 -688
2822: -686 -689
2823: -686 -690
2824: -686 -691
2825: -686 -692
2826: -686 -693
2827: -687 -688
2828: -687 -689
2830: -687 -691
2831: -687 -692
2832: -687 -693
2833: -688 -689
2834: -688 -690
2835: -688 -691
2836: -688 -692
2837: -688 -693
2838: -689 -690
2839: -689 -691
2840: -689 -692
2841: -689 -693
2842: -690 -691
2843: -690 -692
2845: -691 -692
2848: 685 686 687 688 689 690 691 692 693
2849: -694 -695
2850: -694 -696
2851: -694 -697
2852: -694 -698
2853: -694 -699
2854: -694 -700
2855: -694 -701
2856: -694 -702
2857: -695 -696
2858: -695 -697
2859: -695 -698
2860: -695 -699
2861: -695 -700
2862: -695 -701
2863: -695 -702
2864: -696 -697
2865: -696 -698
2866: -696 -699
2867: -696 -700
2868: -696 -701
2869: -696 -702
2871: -697 -699
2872: -697 -700
2873: -697 -701
2874: -697 -702
2875: -698 -699
2877: -698 -701
2878: -698 -702
2879: -699 -700
2880: -699 -701
2883: -700 -702
2884: -701 -702
2885: 694 695 696 697 698 699 700 701 702
2886: -703 -704
2887: -703 -705
2888: -703 -706
2889: -703 -707
2890: -703 -708
2891: -703 -709
2892: -703 -710
2893: -703 -711
2894: -704 -705
2895: -704 -706
2896: -704 -707
2897: -704 -708
2898: -704 -709
2899: -704 -710
2901: -705 -706
2902: -705 -707
2903: -705 -708
2904: -705 -709
2905: -705 -710
2906: -705 -711
2907: -706 -707
2908: -706 -708
2909: -706 -709
2910: -706 -710
2911: -706 -711
2912: -707 -708
2914: -707 -710
2915: -707 -711
2917: -708 -710
2920: -709 -711
2921: -710 -711
2922: 703 704 705 706 707 708 709 710 711
2923: -712 -713
2924: -712 -714
2925: -712 -715
2926: -712 -716
2927: -712 -717
2928: -712 -718
2929: -712 -719
2930: -712 -720
2931: -713 -714
2932: -713 -715
2933: -713 -716
2934: -713 -717
2935: -713 -718
2936: -713 -719
2937: -713 -720
2938: -714 -715
2939: -714 -716
2940: -714 -717
2941: -714 -718
2942: -714 -719
2943: -714 -720
2944: -715 -716
2945: -715 -717
2946: -715 -718
2947: -715 -719
2948: -715 -720
2951: -716 -719
2952: -716 -720
2953: -717 -718
2954: -717 -719
2955: -717 -720
2956: -718 -719
2957: -718 -720
2958: -719 -720
2959: 712 713 714 715 716 717 718 719 720
2960: -721 -722
2961: -721 -723
2962: -721 -724
2964: -721 -726
2965: -721 -727
2967: -721 -729
2968: -722 -723
2969: -722 -724
2970: -722 -725
2971: -722 -726
2974: -722 -729
2975: -723 -724
2976: -723 -725
2977: -723 -726
2978: -723 -727
2980: -723 -729
2981: -724 -725
2982: -724 -726
2983: -724 -727
2985: -724 -729
2986: -725 -726
2987: -725 -727
2989: -725 -729
2990: -726 -727
2992: -726 -729
2994: -727 -729
2996: 721 722 723 724 725 726 727 728 729
3099: -2 -84 -22 28
3970: -85 -253 -2 91
3980: -85 -254 -12 100
3990: -85 -255 -22 109
4000: -85 -256 -32 118
4005: -85 -257 -37 82
4020: -85 -258 -52 136
4030: -85 -259 -62 145
4040: -85 -260 -72 154
4046: -85 -261 -78 127
4648: -165 -184 -32 199
4653: -165 -185 -37 163
4668: -165 -186 -52 217
4678: -165 -187 -62 226
4688: -165 -188 -72 235
4694: -165 -189 -78 208
4699: -166 -262 -2 172
4780: -167 -343 -2 172
4790: -167 -344 -12 181
4800: -167 -345 -22 190
4815: -167 -347 -37 163
4830: -167 -348 -52 217
4840: -167 -349 -62 226
4850: -167 -350 -72 235
4856: -167 -351 -78 208
4861: -168 -424 -2 172
4871: -168 -425 -12 181
4881: -168 -426 -22 190
4891: -168 -427 -32 199
4896: -168 -428 -37 163
4911: -168 -429 -52 217
4921: -168 -430 -62 226
4931: -168 -431 -72 235
4937: -168 -432 -78 208
4942: -169 -505 -2 172
4952: -169 -506 -12 181
4962: -169 -507 -22 190
4972: -169 -508 -32 199
4977: -169 -509 -37 163
4992: -169 -510 -52 217
5002: -169 -511 -62 226
5012: -169 -512 -72 235
5018: -169 -513 -78 208
5023: -170 -586 -2 172
5033: -170 -587 -12 181
5043: -170 -588 -22 190
5053: -170 -589 -32 199
5058: -170 -590 -37 163
5073: -170 -591 -52 217
5083: -170 -592 -62 226
5093: -170 -593 -72 235
5099: -170 -594 -78 208
5104: -171 -667 -2 172
5114: -171 -668 -12 181
5124: -171 -669 -22 190
5134: -171 -670 -32 199
5139: -171 -671 -37 163
5154: -171 -672 -52 217
5164: -171 -673 -62 226
5174: -171 -674 -72 235
5180: -171 -675 -78 208
5276: -245 -110 -12 262
5286: -245 -111 -22 271
5301: -245 -113 -37 244
5316: -245 -114 -52 298
5326: -245 -115 -62 307
5336: -245 -116 -72 316
5342: -245 -117 -78 289
5428: -247 -271 -2 253
5438: -247 -272 -12 262
5463: -247 -275 -37 244
5478: -247 -276 -52 298
5488: -247 -277 -62 307
5498: -247 -278 -72 316
5504: -247 -279 -78 289
5509: -248 -352 -2 253
5519: -248 -353 -12 262
5529: -248 -354 -22 271
5544: -248 -356 -37 244
5559: -248 -357 -52 298
5569: -248 -358 -62 307
5579: -248 -359 -72 316
5585: -248 -360 -78 289
5590: -249 -433 -2 253
5600: -249 -434 -12 262
5610: -249 -435 -22 271
5620: -249 -436 -32 280
5625: -249 -437 -37 244
5640: -249 -438 -52 298
5650: -249 -439 -62 307
5660: -249 -440 -72 316
5666: -249 -441 -78 289
5671: -250 -514 -2 253
5681: -250 -515 -12 262
5691: -250 -516 -22 271
5701: -250 -517 -32 280
5706: -250 -518 -37 244
5721: -250 -519 -52 298
5731: -250 -520 -62 307
5741: -250 -521 -72 316
5747: -250 -522 -78 289
5752: -251 -595 -2 253
5762: -251 -596 -12 262
5772: -251 -597 -22 271
5782: -251 -598 -32 280
5787: -251 -599 -37 244
5802: -251 -600 -52 298
5812: -251 -601 -62 307
5822: -251 -602 -72 316
5828: -251 -603 -78 289
5833: -252 -676 -2 253
5843: -252 -677 -12 262
5853: -252 -678 -22 271
5863: -252 -679 -32 280
5868: -252 -680 -37 244
5883: -252 -681 -52 298
5893: -252 -682 -62 307
5903: -252 -683 -72 316
5909: -252 -684 -78 289
6076: -327 -199 -2 334
6086: -327 -200 -12 343
6096: -327 -201 -22 352
6106: -327 -202 -32 361
6111: -327 -203 -37 325
6126: -327 -204 -52 379
6136: -327 -205 -62 388
6146: -327 -206 -72 397
6152: -327 -207 -78 370
6248: -329 -362 -12 343
6258: -329 -363 -22 352
6273: -329 -365 -37 325
6288: -329 -366 -52 379
6298: -329 -367 -62 388
6308: -329 -368 -72 397
6314: -329 -369 -78 370
6319: -330 -442 -2 334
6329: -330 -443 -12 343
6339: -330 -444 -22 352
6349: -330 -445 -32 361
6354: -330 -446 -37 325
6369: -330 -447 -52 379
6379: -330 -448 -62 388
6389: -330 -449 -72 397
6395: -330 -450 -78 370
6400: -331 -523 -2 334
6410: -331 -524 -12 343
6420: -331 -525 -22 352
6430: -331 -526 -32 361
6435: -331 -527 -37 325
6450: -331 -528 -52 379
6460: -331 -529 -62 388
6470: -331 -530 -72 397
6476: -331 -531 -78 370
6481: -332 -604 -2 334
6491: -332 -605 -12 343
6501: -332 -606 -22 352
6511: -332 -607 -32 361
6516: -332 -608 -37 325
6531: -332 -609 -52 379
6541: -332 -610 -62 388
6551: -332 -611 -72 397
6557: -332 -612 -78 370
6562: -333 -685 -2 334
6572: -333 -686 -12 343
6582: -333 -687 -22 352
6592: -333 -688 -32 361
6597: -333 -689 -37 325
6612: -333 -690 -52 379
6622: -333 -691 -62 388
6632: -333 -692 -72 397
6638: -333 -693 -78 370
6724: -407 -127 -2 415
6734: -407 -128 -12 424
6744: -407 -129 -22 433
6759: -407 -131 -37 406
6774: -407 -132 -52 460
6784: -407 -133 -62 469
6794: -407 -134 -72 478
6800: -407 -135 -78 451
6805: -408 -208 -2 415
6815: -408 -209 -12 424
6825: -408 -210 -22 433
6835: -408 -211 -32 442
6840: -408 -212 -37 406
6855: -408 -213 -52 460
6865: -408 -214 -62 469
6875: -408 -215 -72 478
6881: -408 -216 -78 451
6886: -409 -289 -2 415
6896: -409 -290 -12 424
6906: -409 -291 -22 433
6916: -409 -292 -32 442
6921: -409 -293 -37 406
6936: -409 -294 -52 460
6946: -409 -295 -62 469
6956: -409 -296 -72 478
6962: -409 -297 -78 451
6967: -410 -370 -2 415
6977: -410 -371 -12 424
6987: -410 -372 -22 433
7002: -410 -374 -37 406
7017: -410 -375 -52 460
7027: -410 -376 -62 469
7037: -410 -377 -72 478
7043: -410 -378 -78 451
7058: -411 -452 -12 424
7068: -411 -453 -22 433
7078: -411 -454 -32 442
7083: -411 -455 -37 406
7108: -411 -457 -62 469
7118: -411 -458 -72 478
7129: -412 -532 -2 415
7139: -412 -533 -12 424
7149: -412 -534 -22 433
7159: -412 -535 -32 442
7164: -412 -536 -37 406
7179: -412 -537 -52 460
7189: -412 -538 -62 469
7199: -412 -539 -72 478
7205: -412 -540 -78 451
7210: -413 -613 -2 415
7220: -413 -614 -12 424
7230: -413 -615 -22 433
7240: -413 -616 -32 442
7245: -413 -617 -37 406
7260: -413 -618 -52 460
7270: -413 -619 -62 469
7280: -413 -620 -72 478
7286: -413 -621 -78 451
7453: -488 -136 -2 496
7463: -488 -137 -12 505
7473: -488 -138 -22 514
7488: -488 -140 -37 487
7503: -488 -141 -52 541
7513: -488 -142 -62 550
7523: -488 -143 -72 559
7529: -488 -144 -78 532
7534: -489 -217 -2 496
7544: -489 -218 -12 505
7554: -489 -219 -22 514
7564: -489 -220 -32 523
7569: -489 -221 -37 487
7584: -489 -222 -52 541
7594: -489 -223 -62 550
7604: -489 -224 -72 559
7610: -489 -225 -78 532
7615: -490 -298 -2 496
7625: -490 -299 -12 505
7635: -490 -300 -22 514
7645: -490 -301 -32 523
7650: -490 -302 -37 487
7665: -490 -303 -52 541
7675: -490 -304 -62 550
7685: -490 -305 -72 559
7691: -490 -306 -78 532
7696: -491 -379 -2 496
7706: -491 -380 -12 505
7716: -491 -381 -22 514
7731: -491 -383 -37 487
7746: -491 -384 -52 541
7756: -491 -385 -62 550
7766: -491 -386 -72 559
7772: -491 -387 -78 532
7868: -493 -542 -12 505
7878: -493 -543 -22 514
7888: -493 -544 -32 523
7893: -493 -545 -37 487
7928: -493 -548 -72 559
7934: -493 -549 -78 532
7939: -494 -622 -2 496
7949: -494 -623 -12 505
7959: -494 -624 -22 514
7969: -494 -625 -32 523
7974: -494 -626 -37 487
7989: -494 -627 -52 541
7999: -494 -628 -62 550
8009: -494 -629 -72 559
8015: -494 -630 -78 532
8020: -495 -703 -2 496
8030: -495 -704 -12 505
8040: -495 -705 -22 514
8050: -495 -706 -32 523
8055: -495 -707 -37 487
8070: -495 -708 -52 541
8080: -495 -709 -62 550
8090: -495 -710 -72 559
8096: -495 -711 -78 532
8182: -569 -145 -2 577
8192: -569 -146 -12 586
8202: -569 -147 -22 595
8217: -569 -149 -37 568
8232: -569 -150 -52 622
8242: -569 -151 -62 631
8252: -569 -152 -72 640
8258: -569 -153 -78 613
8263: -570 -226 -2 577
8273: -570 -227 -12 586
8283: -570 -228 -22 595
8293: -570 -229 -32 604
8298: -570 -230 -37 568
8313: -570 -231 -52 622
8323: -570 -232 -62 631
8333: -570 -233 -72 640
8339: -570 -234 -78 613
8344: -571 -307 -2 577
8354: -571 -308 -12 586
8364: -571 -309 -22 595
8374: -571 -310 -32 604
8379: -571 -311 -37 568
8394: -571 -312 -52 622
8404: -571 -313 -62 631
8414: -571 -314 -72 640
8420: -571 -315 -78 613
8425: -572 -388 -2 577
8435: -572 -389 -12 586
8445: -572 -390 -22 595
8460: -572 -392 -37 568
8475: -572 -393 -52 622
8485: -572 -394 -62 631
8495: -572 -395 -72 640
8501: -572 -396 -78 613
8506: -573 -469 -2 577
8516: -573 -470 -12 586
8526: -573 -471 -22 595
8536: -573 -472 -32 604
8541: -573 -473 -37 568
8556: -573 -474 -52 622
8566: -573 -475 -62 631
8576: -573 -476 -72 640
8582: -573 -477 -78 613
8678: -575 -632 -12 586
8688: -575 -633 -22 595
8698: -575 -634 -32 604
8703: -575 -635 -37 568
8718: -575 -636 -52 622
8738: -575 -638 -72 640
8744: -575 -639 -78 613
8749: -576 -712 -2 577
8759: -576 -713 -12 586
8769: -576 -714 -22 595
8779: -576 -715 -32 604
8784: -576 -716 -37 568
8799: -576 -717 -52 622
8809: -576 -718 -62 631
8819: -576 -719 -72 640
8825: -576 -720 -78 613
8911: -650 -154 -2 658
8921: -650 -155 -12 667
8931: -650 -156 -22 676
8946: -650 -158 -37 649
8961: -650 -159 -52 703
8971: -650 -160 -62 712
8981: -650 -161 -72 721
8987: -650 -162 -78 694
8992: -651 -235 -2 658
9002: -651 -236 -12 667
9012: -651 -237 -22 676
9022: -651 -238 -32 685
9027: -651 -239 -37 649
9042: -651 -240 -52 703
9052: -651 -241 -62 712
9062: -651 -242 -72 721
9068: -651 -243 -78 694
9073: -652 -316 -2 658
9083: -652 -317 -12 667
9093: -652 -318 -22 676
9103: -652 -319 -32 685
9108: -652 -320 -37 649
9123: -652 -321 -52 703
9133: -652 -322 -62 712
9143: -652 -323 -72 721
9149: -652 -324 -78 694
9154: -653 -397 -2 658
9164: -653 -398 -12 667
9174: -653 -399 -22 676
9189: -653 -401 -37 649
9204: -653 -402 -52 703
9214: -653 -403 -62 712
9224: -653 -404 -72 721
9230: -653 -405 -78 694
9235: -654 -478 -2 658
9245: -654 -479 -12 667
9255: -654 -480 -22 676
9265: -654 -481 -32 685
9270: -654 -482 -37 649
9285: -654 -483 -52 703
9295: -654 -484 -62 712
9305: -654 -485 -72 721
9311: -654 -486 -78 694
9316: -655 -559 -2 658
9326: -655 -560 -12 667
9336: -655 -561 -22 676
9346: -655 -562 -32 685
9351: -655 -563 -37 649
9366: -655 -564 -52 703
9376: -655 -565 -62 712
9386: -655 -566 -72 721
9392: -655 -567 -78 694
9478: -657 -721 -2 658
9488: -657 -722 -12 667
9498: -657 -723 -22 676
9508: -657 -724 -32 685
9513: -657 -725 -37 649
9528: -657 -726 -52 703
9538: -657 -727 -62 712
9739: -12 -165 -101 11
9740: -12 -165 -102 20
9742: -12 -165 -104 38
9743: -12 -165 -105 47
9744: -12 -165 -106 56
9745: -12 -165 -107 65
9746: -12 -165 -108 74
9757: -12 -167 -119 11
9758: -12 -167 -120 20
9760: -12 -167 -122 38
9761: -12 -167 -123 47
9762: -12 -167 -124 56
9763: -12 -167 -125 65
9764: -12 -167 -126 74
9766: -12 -168 -128 11
9767: -12 -168 -129 20
9769: -12 -168 -131 38
9770: -12 -168 -132 47
9771: -12 -168 -133 56
9772: -12 -168 -134 65
9773: -12 -168 -135 74
9775: -12 -169 -137 11
9776: -12 -169 -138 20
9778: -12 -169 -140 38
9779: -12 -169 -141 47
9780: -12 -169 -142 56
9781: -12 -169 -143 65
9782: -12 -169 -144 74
9784: -12 -170 -146 11
9785: -12 -170 -147 20
9787: -12 -170 -149 38
9788: -12 -170 -150 47
9789: -12 -170 -151 56
9790: -12 -170 -152 65
9791: -12 -170 -153 74
9793: -12 -171 -155 11
9794: -12 -171 -156 20
9796: -12 -171 -158 38
9797: -12 -171 -159 47
9798: -12 -171 -160 56
9799: -12 -171 -161 65
9800: -12 -171 -162 74
10379: -92 -92 -93 101
10381: -92 -92 -95 119
10382: -92 -92 -96 128
10383: -92 -92 -97 137
10385: -92 -92 -99 155
10404: -92 -95 -118 83
10422: -92 -97 -136 83
10460: -93 -173 -93 101
10481: -93 -175 -114 128
10490: -93 -176 -123 128
10492: -93 -176 -125 146
10507: -93 -178 -140 119
10508: -93 -178 -141 128
10511: -93 -178 -144 155
10513: -93 -179 -146 92
10517: -93 -179 -150 128
10518: -93 -179 -151 137
10519: -93 -179 -152 146
10522: -93 -180 -155 92
10527: -93 -180 -160 137
10528: -93 -180 -161 146
10529: -93 -180 -162 155
10639: -95 -337 -110 92
10640: -95 -337 -111 101
10643: -95 -337 -114 128
10644: -95 -337 -115 137
10645: -95 -337 -116 146
10646: -95 -337 -117 155
10695: -96 -415 -85 110
10706: -96 -416 -96 128
10714: -96 -417 -104 119
10721: -96 -418 -111 101
10725: -96 -418 -115 137
10727: -96 -418 -117 155
10728: -96 -419 -118 83
10730: -96 -419 -120 101
10735: -96 -419 -125 146
10737: -96 -420 -127 83
10744: -96 -420 -134 146
10746: -96 -421 -136 83
10747: -96 -421 -137 92
10753: -96 -421 -143 146
10755: -96 -422 -145 83
10756: -96 -422 -146 92
10757: -96 -422 -147 101
10759: -96 -422 -149 119
10761: -96 -422 -151 137
10762: -96 -422 -152 146
10763: -96 -422 -153 155
10765: -96 -423 -155 92
10766: -96 -423 -156 101
10768: -96 -423 -158 119
10770: -96 -423 -160 137
10771: -96 -423 -161 146
10776: -97 -496 -85 110
10802: -97 -499 -111 101
10808: -97 -499 -117 155
10814: -97 -500 -123 128
10818: -97 -501 -127 83
10819: -97 -501 -128 92
10822: -97 -501 -131 119
10827: -97 -502 -136 83
10831: -97 -502 -140 119
10836: -97 -503 -145 83
10838: -97 -503 -147 101
10841: -97 -503 -150 128
10845: -97 -504 -154 83
10846: -97 -504 -155 92
10847: -97 -504 -156 101
10849: -97 -504 -158 119
10852: -97 -504 -161 146
10857: -98 -577 -85 110
10876: -98 -579 -104 119
10883: -98 -580 -111 101
10889: -98 -580 -117 155
10892: -98 -581 -120 101
10895: -98 -581 -123 128
10899: -98 -582 -127 83
10900: -98 -582 -128 92
10901: -98 -582 -129 101
10903: -98 -582 -131 119
10904: -98 -582 -132 128
10907: -98 -582 -135 155
10908: -98 -583 -136 83
10909: -98 -583 -137 92
10910: -98 -583 -138 101
10912: -98 -583 -140 119
10913: -98 -583 -141 128
10914: -98 -583 -142 137
10917: -98 -584 -145 83
10928: -98 -585 -156 101
10930: -98 -585 -158 119
10931: -98 -585 -159 128
10932: -98 -585 -160 137
10938: -99 -658 -85 110
10952: -99 -659 -99 155
10964: -99 -661 -111 101
10967: -99 -661 -114 128
10969: -99 -661 -116 146
10971: -99 -662 -118 83
10980: -99 -663 -127 83
10984: -99 -663 -131 119
10987: -99 -663 -134 146
10989: -99 -664 -136 83
10995: -99 -664 -142 137
10996: -99 -664 -143 146
10999: -99 -665 -146 92
11000: -99 -665 -147 101
11002: -99 -665 -149 119
11003: -99 -665 -150 128
11004: -99 -665 -151 137
11007: -99 -666 -154 83
11043: -172 -22 -109 164
11117: -173 -102 -102 182
11133: -173 -104 -118 164
11138: -173 -104 -123 209
11139: -173 -104 -124 218
11140: -173 -104 -125 227
11141: -173 -104 -126 236
11142: -173 -105 -127 164
11144: -173 -105 -129 182
11146: -173 -105 -131 200
11148: -173 -105 -133 218
11149: -173 -105 -134 227
11150: -173 -105 -135 236
11151: -173 -106 -136 164
11153: -173 -106 -138 182
11155: -173 -106 -140 200
11158: -173 -106 -143 227
11160: -173 -107 -145 164
11162: -173 -107 -147 182
11164: -173 -107 -149 200
11169: -173 -108 -154 164
11171: -173 -108 -156 182
11173: -173 -108 -158 200
11174: -173 -108 -159 209
11176: -173 -108 -161 227
11181: -174 -181 -85 191
11207: -174 -184 -111 182
11215: -174 -185 -119 173
11216: -174 -185 -120 182
11218: -174 -185 -122 200
11220: -174 -185 -124 218
11227: -174 -186 -131 200
11230: -174 -186 -134 227
11234: -174 -187 -138 182
11236: -174 -187 -140 200
11237: -174 -187 -141 209
11239: -174 -187 -143 227
11240: -174 -187 -144 236
11242: -174 -188 -146 173
11243: -174 -188 -147 182
11245: -174 -188 -149 200
11254: -174 -189 -158 200
11257: -174 -189 -161 227
11262: -175 -262 -85 191
11269: -175 -263 -92 173
11274: -175 -263 -97 218
11275: -175 -263 -98 227
11278: -175 -264 -101 173
11281: -175 -264 -104 200
11282: -175 -264 -105 209
11283: -175 -264 -106 218
11291: -175 -265 -114 209
11292: -175 -265 -115 218
11293: -175 -265 -116 227
11294: -175 -265 -117 236
11295: -175 -266 -118 164
11297: -175 -266 -120 182
11299: -175 -266 -122 200
11300: -175 -266 -123 209
11303: -175 -266 -126 236
11304: -175 -267 -127 164
11313: -175 -268 -136 164
11322: -175 -269 -145 164
11327: -175 -269 -150 209
11331: -175 -270 -154 164
11338: -175 -270 -161 227
11343: -176 -343 -85 191
11357: -176 -344 -99 236
11385: -176 -348 -127 164
11390: -176 -348 -132 209
11392: -176 -348 -134 227
11393: -176 -348 -135 236
11394: -176 -349 -136 164
11395: -176 -349 -137 173
11396: -176 -349 -138 182
11399: -176 -349 -141 209
11401: -176 -349 -143 227
11402: -176 -349 -144 236
11403: -176 -350 -145 164
11404: -176 -350 -146 173
11405: -176 -350 -147 182
11407: -176 -350 -149 200
11408: -176 -350 -150 209
11409: -176 -350 -151 218
11411: -176 -350 -153 236
11412: -176 -351 -154 164
11414: -176 -351 -156 182
11418: -176 -351 -160 218
11419: -176 -351 -161 227
11424: -177 -424 -85 191
11450: -177 -427 -111 182
11475: -177 -430 -136 164
11493: -177 -432 -154 164
11498: -177 -432 -159 209
11499: -177 -432 -160 218
11500: -177 -432 -161 227
11505: -178 -505 -85 191
11522: -178 -507 -102 182
11538: -178 -509 -118 164
11540: -178 -509 -120 182
11547: -178 -510 -127 164
11552: -178 -510 -132 209
11555: -178 -510 -135 236
11560: -178 -511 -140 200
11561: -178 -511 -141 209
11565: -178 -512 -145 164
11571: -178 -512 -151 218
11574: -178 -513 -154 164
11578: -178 -513 -158 200
11586: -179 -586 -85 191
11596: -179 -587 -95 200
11597: -179 -587 -96 209
11598: -179 -587 -97 218
11600: -179 -587 -99 236
11601: -179 -588 -100 164
11606: -179 -588 -105 209
11609: -179 -588 -108 236
11612: -179 -589 -111 182
11615: -179 -589 -114 209
11616: -179 -589 -115 218
11618: -179 -589 -117 236
11619: -179 -590 -118 164
11623: -179 -590 -122 200
11628: -179 -591 -127 164
11634: -179 -591 -133 218
11636: -179 -591 -135 236
11637: -179 -592 -136 164
11638: -179 -592 -137 173
11639: -179 -592 -138 182
11641: -179 -592 -140 200
11642: -179 -592 -141 209
11643: -179 -592 -142 218
11644: -179 -592 -143 227
11645: -179 -592 -144 236
11647: -179 -593 -146 173
11648: -179 -593 -147 182
11650: -179 -593 -149 200
11651: -179 -593 -150 209
11652: -179 -593 -151 218
11653: -179 -593 -152 227
11654: -179 -593 -153 236
11655: -179 -594 -154 164
11656: -179 -594 -155 173
11657: -179 -594 -156 182
11659: -179 -594 -158 200
11661: -179 -594 -160 218
11663: -179 -594 -162 236
11667: -180 -667 -85 191
11677: -180 -668 -95 200
11681: -180 -668 -99 236
11687: -180 -669 -105 209
11692: -180 -670 -110 173
11693: -180 -670 -111 182
11698: -180 -670 -116 227
11699: -180 -670 -117 236
11700: -180 -671 -118 164
11709: -180 -672 -127 164
11710: -180 -672 -128 173
11713: -180 -672 -131 200
11718: -180 -673 -136 164
11727: -180 -674 -145 164
11728: -180 -674 -146 173
11732: -180 -674 -150 209
11733: -180 -674 -151 218
11734: -180 -674 -152 227
11844: -254 -111 -100 245
11873: -254 -114 -129 263
11875: -254 -114 -131 281
11878: -254 -114 -134 308
11882: -254 -115 -138 263
11884: -254 -115 -140 281
11885: -254 -115 -141 290
11887: -254 -115 -143 308
11888: -254 -115 -144 317
11891: -254 -116 -147 263
11895: -254 -116 -151 299
11897: -254 -116 -153 317
11900: -254 -117 -156 263
11902: -254 -117 -158 281
11904: -254 -117 -160 299
11905: -254 -117 -161 308
12024: -256 -275 -118 245
12034: -256 -276 -128 254
12035: -256 -276 -129 263
12037: -256 -276 -131 281
12038: -256 -276 -132 290
12039: -256 -276 -133 299
12040: -256 -276 -134 308
12041: -256 -276 -135 317
12043: -256 -277 -137 254
12044: -256 -277 -138 263
12046: -256 -277 -140 281
12047: -256 -277 -141 290
12048: -256 -277 -142 299
12049: -256 -277 -143 308
12050: -256 -277 -144 317
12051: -256 -278 -145 245
12052: -256 -278 -146 254
12053: -256 -278 -147 263
12055: -256 -278 -149 281
12056: -256 -278 -150 290
12057: -256 -278 -151 299
12058: -256 -278 -152 308
12059: -256 -278 -153 317
12061: -256 -279 -155 254
12062: -256 -279 -156 263
12064: -256 -279 -158 281
12065: -256 -279 -159 290
12066: -256 -279 -160 299
12067: -256 -279 -161 308
12068: -256 -279 -162 317
12153: -258 -433 -85 272
12160: -258 -434 -92 254
12161: -258 -434 -93 263
12163: -258 -434 -95 281
12164: -258 -434 -96 290
12165: -258 -434 -97 299
12167: -258 -434 -99 317
12169: -258 -435 -101 254
12170: -258 -435 -102 263
12172: -258 -435 -104 281
12173: -258 -435 -105 290
12175: -258 -435 -107 308
12176: -258 -435 -108 317
12178: -258 -436 -110 254
12179: -258 -436 -111 263
12182: -258 -436 -114 290
12183: -258 -436 -115 299
12184: -258 -436 -116 308
12185: -258 -436 -117 317
12188: -258 -437 -120 263
12190: -258 -437 -122 281
12191: -258 -437 -123 290
12193: -258 -437 -125 308
12194: -258 -437 -126 317
12196: -258 -438 -128 254
12197: -258 -438 -129 263
12199: -258 -438 -131 281
12200: -258 -438 -132 290
12201: -258 -438 -133 299
12202: -258 -438 -134 308
12203: -258 -438 -135 317
12204: -258 -439 -136 245
12214: -258 -440 -146 254
12215: -258 -440 -147 263
12217: -258 -440 -149 281
12218: -258 -440 -150 290
12219: -258 -440 -151 299
12220: -258 -440 -152 308
12221: -258 -440 -153 317
12223: -258 -441 -155 254
12224: -258 -441 -156 263
12226: -258 -441 -158 281
12227: -258 -441 -159 290
12228: -258 -441 -160 299
12229: -258 -441 -161 308
12230: -258 -441 -162 317
12234: -259 -514 -85 272
12244: -259 -515 -95 281
12245: -259 -515 -96 290
12246: -259 -515 -97 299
12247: -259 -515 -98 308
12248: -259 -515 -99 317
12250: -259 -516 -101 254
12251: -259 -516 -102 263
12253: -259 -516 -104 281
12254: -259 -516 -105 290
12255: -259 -516 -106 299
12257: -259 -516 -108 317
12259: -259 -517 -110 254
12263: -259 -517 -114 290
12264: -259 -517 -115 299
12265: -259 -517 -116 308
12266: -259 -517 -117 317
12268: -259 -518 -119 254
12269: -259 -518 -120 263
12271: -259 -518 -122 281
12272: -259 -518 -123 290
12273: -259 -518 -124 299
12275: -259 -518 -126 317
12276: -259 -519 -127 245
12277: -259 -519 -128 254
12278: -259 -519 -129 263
12280: -259 -519 -131 281
12281: -259 -519 -132 290
12282: -259 -519 -133 299
12283: -259 -519 -134 308
12284: -259 -519 -135 317
12286: -259 -520 -137 254
12287: -259 -520 -138 263
12289: -259 -520 -140 281
12290: -259 -520 -141 290
12291: -259 -520 -142 299
12294: -259 -521 -145 245
12304: -259 -522 -155 254
12305: -259 -522 -156 263
12307: -259 -522 -158 281
12308: -259 -522 -159 290
12309: -259 -522 -160 299
12310: -259 -522 -161 308
12315: -260 -595 -85 272
12322: -260 -596 -92 254
12323: -260 -596 -93 263
12325: -260 -596 -95 281
12326: -260 -596 -96 290
12327: -260 -596 -97 299
12328: -260 -596 -98 308
12329: -260 -596 -99 317
12331: -260 -597 -101 254
12332: -260 -597 -102 263
12334: -260 -597 -104 281
12335: -260 -597 -105 290
12336: -260 -597 -106 299
12337: -260 -597 -107 308
12340: -260 -598 -110 254
12341: -260 -598 -111 263
12344: -260 -598 -114 290
12345: -260 -598 -115 299
12346: -260 -598 -116 308
12347: -260 -598 -117 317
12349: -260 -599 -119 254
12350: -260 -599 -120 263
12352: -260 -599 -122 281
12353: -260 -599 -123 290
12354: -260 -599 -124 299
12355: -260 -599 -125 308
12358: -260 -600 -128 254
12359: -260 -600 -129 263
12361: -260 -600 -131 281
12362: -260 -600 -132 290
12363: -260 -600 -133 299
12364: -260 -600 -134 308
12365: -260 -600 -135 317
12367: -260 -601 -137 254
12368: -260 -601 -138 263
12370: -260 -601 -140 281
12371: -260 -601 -141 290
12372: -260 -601 -142 299
12373: -260 -601 -143 308
12374: -260 -601 -144 317
12376: -260 -602 -146 254
12380: -260 -602 -150 290
12382: -260 -602 -152 308
12384: -260 -603 -154 245
12396: -261 -676 -85 272
12403: -261 -677 -92 254
12404: -261 -677 -93 263
12406: -261 -677 -95 281
12407: -261 -677 -96 290
12408: -261 -677 -97 299
12409: -261 -677 -98 308
12410: -261 -677 -99 317
12412: -261 -678 -101 254
12413: -261 -678 -102 263
12415: -261 -678 -104 281
12416: -261 -678 -105 290
12417: -261 -678 -106 299
12418: -261 -678 -107 308
12419: -261 -678 -108 317
12421: -261 -679 -110 254
12422: -261 -679 -111 263
12425: -261 -679 -114 290
12426: -261 -679 -115 299
12427: -261 -679 -116 308
12428: -261 -679 -117 317
12430: -261 -680 -119 254
12431: -261 -680 -120 263
12433: -261 -680 -122 281
12435: -261 -680 -124 299
12436: -261 -680 -125 308
12437: -261 -680 -126 317
12438: -261 -681 -127 245
12439: -261 -681 -128 254
12440: -261 -681 -129 263
12448: -261 -682 -137 254
12449: -261 -682 -138 263
12451: -261 -682 -140 281
12452: -261 -682 -141 290
12453: -261 -682 -142 299
12454: -261 -682 -143 308
12455: -261 -682 -144 317
12457: -261 -683 -146 254
12458: -261 -683 -147 263
12460: -261 -683 -149 281
12461: -261 -683 -150 290
12462: -261 -683 -151 299
12463: -261 -683 -152 308
12464: -261 -683 -153 317
12469: -261 -684 -158 281
12720: -337 -280 -85 353
12727: -337 -281 -92 335
12728: -337 -281 -93 344
12730: -337 -281 -95 362
12731: -337 -281 -96 371
12732: -337 -281 -97 380
12733: -337 -281 -98 389
12734: -337 -281 -99 398
12735: -337 -282 -100 326
12736: -337 -282 -101 335
12737: -337 -282 -102 344
12739: -337 -282 -104 362
12740: -337 -282 -105 371
12741: -337 -282 -106 380
12742: -337 -282 -107 389
12743: -337 -282 -108 398
12745: -337 -283 -110 335
12746: -337 -283 -111 344
12749: -337 -283 -114 371
12750: -337 -283 -115 380
12751: -337 -283 -116 389
12752: -337 -283 -117 398
12753: -337 -284 -118 326
12754: -337 -284 -119 335
12755: -337 -284 -120 344
12757: -337 -284 -122 362
12758: -337 -284 -123 371
12759: -337 -284 -124 380
12760: -337 -284 -125 389
12761: -337 -284 -126 398
12762: -337 -285 -127 326
12763: -337 -285 -128 335
12764: -337 -285 -129 344
12766: -337 -285 -131 362
12767: -337 -285 -132 371
12768: -337 -285 -133 380
12769: -337 -285 -134 389
12770: -337 -285 -135 398
12771: -337 -286 -136 326
12772: -337 -286 -137 335
12773: -337 -286 -138 344
12775: -337 -286 -140 362
12776: -337 -286 -141 371
12777: -337 -286 -142 380
12778: -337 -286 -143 389
12779: -337 -286 -144 398
12780: -337 -287 -145 326
12781: -337 -287 -146 335
12782: -337 -287 -147 344
12784: -337 -287 -149 362
12785: -337 -287 -150 371
12786: -337 -287 -151 380
12787: -337 -287 -152 389
12788: -337 -287 -153 398
12789: -337 -288 -154 326
12790: -337 -288 -155 335
12791: -337 -288 -156 344
12793: -337 -288 -158 362
12794: -337 -288 -159 371
12795: -337 -288 -160 380
12796: -337 -288 -161 389
12797: -337 -288 -162 398
13257: -415 -52 -136 407
13258: -415 -52 -137 416
13259: -415 -52 -138 425
13261: -415 -52 -140 443
13262: -415 -52 -141 452
13263: -415 -52 -142 461
13264: -415 -52 -143 470
13265: -415 -52 -144 479
13299: -416 -128 -97 461
13320: -416 -131 -118 407
13334: -416 -132 -132 452
13338: -416 -133 -136 407
13347: -416 -134 -145 407
13349: -416 -134 -147 425
13352: -416 -134 -150 452
13362: -416 -135 -160 461
13368: -417 -208 -85 434
13375: -417 -209 -92 416
13378: -417 -209 -95 443
13379: -417 -209 -96 452
13380: -417 -209 -97 461
13387: -417 -210 -104 443
13394: -417 -211 -111 425
13397: -417 -211 -114 452
13399: -417 -211 -116 470
13400: -417 -211 -117 479
13402: -417 -212 -119 416
13414: -417 -213 -131 443
13416: -417 -213 -133 461
13417: -417 -213 -134 470
13449: -418 -289 -85 434
13464: -418 -291 -100 407
13465: -418 -291 -101 416
13468: -418 -291 -104 443
13469: -418 -291 -105 452
13470: -418 -291 -106 461
13472: -418 -291 -108 479
13479: -418 -292 -115 461
13481: -418 -292 -117 479
13484: -418 -293 -120 425
13491: -418 -294 -127 407
13493: -418 -294 -129 425
13505: -418 -295 -141 452
13507: -418 -295 -143 470
13509: -418 -296 -145 407
13510: -418 -296 -146 416
13518: -418 -297 -154 407
13519: -418 -297 -155 416
13530: -419 -370 -85 434
13551: -419 -372 -106 461
13580: -419 -375 -135 479
13583: -419 -376 -138 425
13604: -419 -378 -159 452
13611: -420 -451 -85 434
13627: -420 -453 -101 416
13628: -420 -453 -102 425
13630: -420 -453 -104 443
13632: -420 -453 -106 461
13633: -420 -453 -107 470
13634: -420 -453 -108 479
13640: -420 -454 -114 452
13641: -420 -454 -115 461
13662: -420 -457 -136 407
13666: -420 -457 -140 443
13671: -420 -458 -145 407
13675: -420 -458 -149 443
13677: -420 -458 -151 461
13678: -420 -458 -152 470
13692: -421 -532 -85 434
13702: -421 -533 -95 443
13704: -421 -533 -97 461
13721: -421 -535 -114 452
13725: -421 -536 -118 407
13727: -421 -536 -120 425
13734: -421 -537 -127 407
13735: -421 -537 -128 416
13736: -421 -537 -129 425
13743: -421 -538 -136 407
13773: -422 -613 -85 434
13789: -422 -615 -101 416
13802: -422 -616 -114 452
13804: -422 -616 -116 470
13815: -422 -618 -127 407
13824: -422 -619 -136 407
13826: -422 -619 -138 425
13832: -422 -619 -144 479
13840: -422 -620 -152 470
13842: -422 -621 -154 407
13854: -423 -694 -85 434
13866: -423 -695 -97 461
13870: -423 -696 -101 416
13874: -423 -696 -105 452
13879: -423 -697 -110 416
13880: -423 -697 -111 425
13884: -423 -697 -115 461
13896: -423 -699 -127 407
13914: -423 -701 -145 407
13915: -423 -701 -146 416
13916: -423 -701 -147 425
13918: -423 -701 -149 443
13919: -423 -701 -150 452
13920: -423 -701 -151 461
13922: -423 -701 -153 479
13923: -423 -702 -154 407
13924: -423 -702 -155 416
13930: -423 -702 -161 470
13995: -496 -62 -145 488
13996: -496 -62 -146 497
13997: -496 -62 -147 506
13999: -496 -62 -149 524
14000: -496 -62 -150 533
14001: -496 -62 -151 542
14002: -496 -62 -152 551
14003: -496 -62 -153 560
14035: -497 -138 -104 524
14037: -497 -138 -106 542
14049: -497 -140 -118 488
14058: -497 -141 -127 488
14062: -497 -141 -131 524
14073: -497 -142 -142 542
14076: -497 -143 -145 488
14081: -497 -143 -150 533
14085: -497 -144 -154 488
14089: -497 -144 -158 524
14091: -497 -144 -160 542
14097: -498 -217 -85 515
14107: -498 -218 -95 524
14108: -498 -218 -96 533
14109: -498 -218 -97 542
14110: -498 -218 -98 551
14127: -498 -220 -115 542
14128: -498 -220 -116 551
14132: -498 -221 -120 506
14135: -498 -221 -123 533
14136: -498 -221 -124 542
14168: -498 -225 -156 506
14170: -498 -225 -158 524
14178: -499 -298 -85 515
14188: -499 -299 -95 524
14193: -499 -300 -100 488
14194: -499 -300 -101 497
14195: -499 -300 -102 506
14197: -499 -300 -104 524
14198: -499 -300 -105 533
14200: -499 -300 -107 551
14201: -499 -300 -108 560
14207: -499 -301 -114 533
14209: -499 -301 -116 551
14210: -499 -301 -117 560
14212: -499 -302 -119 497
14213: -499 -302 -120 506
14220: -499 -303 -127 488
14221: -499 -303 -128 497
14224: -499 -303 -131 524
14229: -499 -304 -136 488
14238: -499 -305 -145 488
14239: -499 -305 -146 497
14240: -499 -305 -147 506
14243: -499 -305 -150 533
14244: -499 -305 -151 542
14248: -499 -306 -155 497
14253: -499 -306 -160 542
14254: -499 -306 -161 551
14259: -500 -379 -85 515
14271: -500 -380 -97 542
14281: -500 -381 -107 551
14332: -500 -387 -158 524
14340: -501 -460 -85 515
14359: -501 -462 -104 524
14365: -501 -463 -110 497
14370: -501 -463 -115 542
14386: -501 -465 -131 524
14409: -501 -468 -154 488
14413: -501 -468 -158 524
14415: -501 -468 -160 542
14436: -502 -543 -100 488
14437: -502 -543 -101 497
14438: -502 -543 -102 506
14440: -502 -543 -104 524
14441: -502 -543 -105 533
14443: -502 -543 -107 551
14444: -502 -543 -108 560
14450: -502 -544 -114 533
14451: -502 -544 -115 542
14452: -502 -544 -116 551
14453: -502 -544 -117 560
14455: -502 -545 -119 497
14456: -502 -545 -120 506
14458: -502 -545 -122 524
14459: -502 -545 -123 533
14461: -502 -545 -125 551
14481: -502 -548 -145 488
14483: -502 -548 -147 506
14487: -502 -548 -151 542
14490: -502 -549 -154 488
14491: -502 -549 -155 497
14502: -503 -622 -85 515
14532: -503 -625 -115 542
14535: -503 -626 -118 488
14544: -503 -627 -127 488
14553: -503 -628 -136 488
14554: -503 -628 -137 497
14555: -503 -628 -138 506
14583: -504 -703 -85 515
14599: -504 -705 -101 497
14603: -504 -705 -105 533
14605: -504 -705 -107 551
14606: -504 -705 -108 560
14608: -504 -706 -110 497
14611: -504 -706 -113 524
14613: -504 -706 -115 542
14614: -504 -706 -116 551
14617: -504 -707 -119 497
14625: -504 -708 -127 488
14634: -504 -709 -136 488
14643: -504 -710 -145 488
14647: -504 -710 -149 524
14652: -504 -711 -154 488
14733: -577 -72 -154 569
14734: -577 -72 -155 578
14735: -577 -72 -156 587
14737: -577 -72 -158 605
14738: -577 -72 -159 614
14739: -577 -72 -160 623
14740: -577 -72 -161 632
14741: -577 -72 -162 641
14759: -578 -146 -99 641
14778: -578 -149 -118 569
14783: -578 -149 -123 614
14794: -578 -150 -134 632
14795: -578 -150 -135 641
14796: -578 -151 -136 569
14804: -578 -151 -144 641
14812: -578 -152 -152 632
14814: -578 -153 -154 569
14826: -579 -226 -85 596
14836: -579 -227 -95 605
14837: -579 -227 -96 614
14852: -579 -229 -111 587
14857: -579 -229 -116 632
14858: -579 -229 -117 641
14860: -579 -230 -119 578
14870: -579 -231 -129 587
14874: -579 -231 -133 623
14875: -579 -231 -134 632
14887: -579 -233 -146 578
14896: -579 -234 -155 578
14907: -580 -307 -85 596
14914: -580 -308 -92 578
14917: -580 -308 -95 605
14921: -580 -308 -99 641
14922: -580 -309 -100 569
14923: -580 -309 -101 578
14924: -580 -309 -102 587
14926: -580 -309 -104 605
14927: -580 -309 -105 614
14933: -580 -310 -111 587
14937: -580 -310 -115 623
14938: -580 -310 -116 632
14940: -580 -311 -118 569
14948: -580 -311 -126 641
14949: -580 -312 -127 569
14950: -580 -312 -128 578
14951: -580 -312 -129 587
14953: -580 -312 -131 605
14956: -580 -312 -134 632
14957: -580 -312 -135 641
14958: -580 -313 -136 569
14959: -580 -313 -137 578
14967: -580 -314 -145 569
14969: -580 -314 -147 587
14976: -580 -315 -154 569
14977: -580 -315 -155 578
14983: -580 -315 -161 632
14984: -580 -315 -162 641
14988: -581 -388 -85 596
15007: -581 -390 -104 605
15011: -581 -390 -108 641
15048: -581 -395 -145 569
15052: -581 -395 -149 605
15053: -581 -395 -150 614
15064: -581 -396 -161 632
15069: -582 -469 -85 596
15091: -582 -471 -107 632
15100: -582 -472 -116 632
15107: -582 -473 -123 614
15119: -582 -474 -135 641
15129: -582 -476 -145 569
15138: -582 -477 -154 569
15144: -582 -477 -160 623
15150: -583 -550 -85 596
15158: -583 -551 -93 587
15160: -583 -551 -95 605
15163: -583 -551 -98 632
15192: -583 -555 -127 569
15193: -583 -555 -128 578
15194: -583 -555 -129 587
15196: -583 -555 -131 605
15197: -583 -555 -132 614
15199: -583 -555 -134 632
15200: -583 -555 -135 641
15201: -583 -556 -136 569
15202: -583 -556 -137 578
15210: -583 -557 -145 569
15231: -584 -631 -85 596
15246: -584 -633 -100 569
15247: -584 -633 -101 578
15248: -584 -633 -102 587
15250: -584 -633 -104 605
15252: -584 -633 -106 623
15254: -584 -633 -108 641
15262: -584 -634 -116 632
15273: -584 -636 -127 569
15278: -584 -636 -132 614
15280: -584 -636 -134 632
15281: -584 -636 -135 641
15300: -584 -639 -154 569
15302: -584 -639 -156 587
15312: -585 -712 -85 596
15327: -585 -714 -100 569
15341: -585 -715 -114 614
15343: -585 -715 -116 632
15346: -585 -716 -119 578
15354: -585 -717 -127 569
15362: -585 -717 -135 641
15363: -585 -718 -136 569
15372: -585 -719 -145 569
15373: -585 -719 -146 578
15380: -585 -719 -153 641
15381: -585 -720 -154 569
15383: -585 -720 -156 587
15435: -658 -78 -127 650
15436: -658 -78 -128 659
15437: -658 -78 -129 668
15439: -658 -78 -131 686
15440: -658 -78 -132 695
15441: -658 -78 -133 704
15442: -658 -78 -134 713
15443: -658 -78 -135 722
15485: -659 -155 -96 695
15493: -659 -156 -104 686
15497: -659 -156 -108 722
15507: -659 -158 -118 650
15516: -659 -159 -127 650
15525: -659 -160 -136 650
15529: -659 -160 -140 686
15530: -659 -160 -141 695
15534: -659 -161 -145 650
15540: -659 -161 -151 704
15542: -659 -161 -153 722
15555: -660 -235 -85 677
15565: -660 -236 -95 686
15567: -660 -236 -97 704
15569: -660 -236 -99 722
15584: -660 -238 -114 695
15587: -660 -238 -117 722
15595: -660 -239 -125 713
15596: -660 -239 -126 722
15601: -660 -240 -131 686
15605: -660 -240 -135 722
15614: -660 -241 -144 722
15636: -661 -316 -85 677
15647: -661 -317 -96 695
15648: -661 -317 -97 704
15651: -661 -318 -100 650
15652: -661 -318 -101 659
15653: -661 -318 -102 668
15655: -661 -318 -104 686
15656: -661 -318 -105 695
15657: -661 -318 -106 704
15665: -661 -319 -114 695
15666: -661 -319 -115 704
15669: -661 -320 -118 650
15679: -661 -321 -128 659
15680: -661 -321 -129 668
15682: -661 -321 -131 686
15686: -661 -321 -135 722
15687: -661 -322 -136 650
15688: -661 -322 -137 659
15693: -661 -322 -142 704
15695: -661 -322 -144 722
15696: -661 -323 -145 650
15697: -661 -323 -146 659
15705: -661 -324 -154 650
15717: -662 -397 -85 677
15731: -662 -398 -99 722
15736: -662 -399 -104 686
15755: -662 -401 -123 695
15761: -662 -402 -129 668
15781: -662 -404 -149 686
15786: -662 -405 -154 650
15798: -663 -478 -85 677
15805: -663 -479 -92 659
15823: -663 -481 -110 659
15830: -663 -481 -117 722
15831: -663 -482 -118 650
15835: -663 -482 -122 686
15842: -663 -483 -129 668
15857: -663 -484 -144 722
15867: -663 -486 -154 650
15868: -663 -486 -155 659
15869: -663 -486 -156 668
15873: -663 -486 -160 704
15879: -664 -559 -85 677
15889: -664 -560 -95 686
15890: -664 -560 -96 695
15895: -664 -561 -101 659
15898: -664 -561 -104 686
15900: -664 -561 -106 704
15904: -664 -562 -110 659
15905: -664 -562 -111 668
15908: -664 -562 -114 695
15909: -664 -562 -115 704
15911: -664 -562 -117 722
15912: -664 -563 -118 650
15918: -664 -563 -124 704
15921: -664 -564 -127 650
15928: -664 -564 -134 713
15929: -664 -564 -135 722
15931: -664 -565 -137 659
15936: -664 -565 -142 704
15948: -664 -567 -154 650
15960: -665 -640 -85 677
15975: -665 -642 -100 650
16003: -665 -645 -128 659
16011: -665 -646 -136 650
16012: -665 -646 -137 659
16019: -665 -646 -144 722
16029: -665 -648 -154 650
16031: -665 -648 -156 668
16056: -666 -723 -100 650
16057: -666 -723 -101 659
16058: -666 -723 -102 668
16060: -666 -723 -104 686
16061: -666 -723 -105 695
16063: -666 -723 -107 713
16064: -666 -723 -108 722
16067: -666 -724 -111 668
16071: -666 -724 -115 704
16074: -666 -725 -118 650
16078: -666 -725 -122 686
16082: -666 -725 -126 722
16083: -666 -726 -127 650
16084: -666 -726 -128 659
16087: -666 -726 -131 686
16090: -666 -726 -134 713
16091: -666 -726 -135 722
16092: -666 -727 -136 650
16094: -666 -727 -138 668
16097: -666 -727 -141 695
16371: -22 -245 -172 3
16373: -22 -245 -174 21
16376: -22 -245 -177 48
16377: -22 -245 -178 57
16378: -22 -245 -179 66
16379: -22 -245 -180 75
16389: -22 -247 -190 3
16391: -22 -247 -192 21
16392: -22 -247 -193 30
16393: -22 -247 -194 39
16394: -22 -247 -195 48
16395: -22 -247 -196 57
16396: -22 -247 -197 66
16397: -22 -247 -198 75
16398: -22 -248 -199 3
16400: -22 -248 -201 21
16401: -22 -248 -202 30
16402: -22 -248 -203 39
16403: -22 -248 -204 48
16404: -22 -248 -205 57
16405: -22 -248 -206 66
16406: -22 -248 -207 75
16407: -22 -249 -208 3
16409: -22 -249 -210 21
16410: -22 -249 -211 30
16411: -22 -249 -212 39
16412: -22 -249 -213 48
16413: -22 -249 -214 57
16414: -22 -249 -215 66
16415: -22 -249 -216 75
16416: -22 -250 -217 3
16418: -22 -250 -219 21
16419: -22 -250 -220 30
16420: -22 -250 -221 39
16421: -22 -250 -222 48
16422: -22 -250 -223 57
16423: -22 -250 -224 66
16424: -22 -250 -225 75
16425: -22 -251 -226 3
16427: -22 -251 -228 21
16428: -22 -251 -229 30
16429: -22 -251 -230 39
16430: -22 -251 -231 48
16431: -22 -251 -232 57
16432: -22 -251 -233 66
16433: -22 -251 -234 75
16434: -22 -252 -235 3
16436: -22 -252 -237 21
16437: -22 -252 -238 30
16438: -22 -252 -239 39
16439: -22 -252 -240 48
16440: -22 -252 -241 57
16441: -22 -252 -242 66
16442: -22 -252 -243 75
16866: -100 -12 -181 84
16868: -100 -12 -183 102
16869: -100 -12 -184 111
16871: -100 -12 -186 129
16872: -100 -12 -187 138
16873: -100 -12 -188 147
16874: -100 -12 -189 156
16969: -101 -95 -203 120
16974: -101 -96 -208 84
16975: -101 -96 -209 93
16978: -101 -96 -212 120
16980: -101 -96 -214 138
16982: -101 -96 -216 156
16983: -101 -97 -217 84
16984: -101 -97 -218 93
16991: -101 -97 -225 156
16992: -101 -98 -226 84
16993: -101 -98 -227 93
16994: -101 -98 -228 102
16995: -101 -98 -229 111
16998: -101 -98 -232 138
16999: -101 -98 -233 147
17000: -101 -98 -234 156
17001: -101 -99 -235 84
17002: -101 -99 -236 93
17006: -101 -99 -240 129
17007: -101 -99 -241 138
17008: -101 -99 -242 147
17009: -101 -99 -243 156
17043: -102 -175 -196 138
17045: -102 -175 -198 156
17055: -102 -177 -208 84
17073: -102 -179 -226 84
17074: -102 -179 -227 93
17078: -102 -179 -231 129
17082: -102 -180 -235 84
17199: -104 -337 -190 84
17200: -104 -337 -191 93
17201: -104 -337 -192 102
17202: -104 -337 -193 111
17203: -104 -337 -194 120
17204: -104 -337 -195 129
17205: -104 -337 -196 138
17206: -104 -337 -197 147
17207: -104 -337 -198 156
17257: -105 -415 -167 120
17258: -105 -415 -168 129
17260: -105 -415 -170 147
17261: -105 -415 -171 156
17268: -105 -416 -178 138
17269: -105 -416 -179 147
17270: -105 -416 -180 156
17271: -105 -417 -181 84
17280: -105 -418 -190 84
17281: -105 -418 -191 93
17288: -105 -418 -198 156
17289: -105 -419 -199 84
17293: -105 -419 -203 120
17296: -105 -419 -206 147
17298: -105 -420 -208 84
17307: -105 -421 -217 84
17308: -105 -421 -218 93
17317: -105 -422 -227 93
17325: -105 -423 -235 84
17326: -105 -423 -236 93
17327: -105 -423 -237 102
17330: -105 -423 -240 129
17338: -106 -496 -167 120
17339: -106 -496 -168 129
17340: -106 -496 -169 138
17342: -106 -496 -171 156
17348: -106 -497 -177 129
17361: -106 -499 -190 84
17362: -106 -499 -191 93
17370: -106 -500 -199 84
17379: -106 -501 -208 84
17380: -106 -501 -209 93
17381: -106 -501 -210 102
17386: -106 -501 -215 147
17388: -106 -502 -217 84
17397: -106 -503 -226 84
17399: -106 -503 -228 102
17419: -107 -577 -167 120
17420: -107 -577 -168 129
17421: -107 -577 -169 138
17422: -107 -577 -170 147
17429: -107 -578 -177 129
17430: -107 -578 -178 138
17431: -107 -578 -179 147
17433: -107 -579 -181 84
17442: -107 -580 -190 84
17443: -107 -580 -191 93
17469: -107 -583 -217 84
17470: -107 -583 -218 93
17500: -108 -658 -167 120
17502: -108 -658 -169 138
17503: -108 -658 -170 147
17504: -108 -658 -171 156
17507: -108 -659 -174 102
17514: -108 -660 -181 84
17523: -108 -661 -190 84
17524: -108 -661 -191 93
17532: -108 -662 -199 84
17534: -108 -662 -201 102
17539: -108 -662 -206 147
17541: -108 -663 -208 84
17557: -108 -664 -224 147
17558: -108 -664 -225 156
17561: -108 -665 -228 102
17568: -108 -666 -235 84
17576: -108 -666 -243 156
17605: -181 -22 -191 174
17606: -181 -22 -192 183
17607: -181 -22 -193 192
17608: -181 -22 -194 201
17609: -181 -22 -195 210
17610: -181 -22 -196 219
17611: -181 -22 -197 228
17612: -181 -22 -198 237
17760: -183 -183 -184 192
17824: -184 -262 -167 201
17825: -184 -262 -168 210
17826: -184 -262 -169 219
17827: -184 -262 -170 228
17828: -184 -262 -171 237
17834: -184 -263 -177 210
17835: -184 -263 -178 219
17836: -184 -263 -179 228
17841: -184 -264 -184 192
17856: -184 -266 -199 165
17860: -184 -266 -203 201
17861: -184 -266 -204 210
17862: -184 -266 -205 219
17863: -184 -266 -206 228
17864: -184 -266 -207 237
17865: -184 -267 -208 165
17867: -184 -267 -210 183
17870: -184 -267 -213 210
17876: -184 -268 -219 183
17878: -184 -268 -221 201
17882: -184 -268 -225 237
17883: -184 -269 -226 165
17888: -184 -269 -231 210
17889: -184 -269 -232 219
17891: -184 -269 -234 237
17892: -184 -270 -235 165
17894: -184 -270 -237 183
17896: -184 -270 -239 201
17906: -185 -343 -168 210
17907: -185 -343 -169 219
17908: -185 -343 -170 228
17909: -185 -343 -171 237
17912: -185 -344 -174 183
17917: -185 -344 -179 228
17923: -185 -345 -185 201
17946: -185 -348 -208 165
17947: -185 -348 -209 174
17949: -185 -348 -211 192
17953: -185 -348 -215 228
17955: -185 -349 -217 165
17956: -185 -349 -218 174
17958: -185 -349 -220 192
17964: -185 -350 -226 165
17965: -185 -350 -227 174
17967: -185 -350 -229 192
17972: -185 -350 -234 237
17973: -185 -351 -235 165
17974: -185 -351 -236 174
17988: -186 -424 -169 219
17993: -186 -425 -174 183
18009: -186 -427 -190 165
18024: -186 -428 -205 219
18027: -186 -429 -208 165
18039: -186 -430 -220 192
18042: -186 -430 -223 219
18054: -186 -432 -235 165
18055: -186 -432 -236 174
18062: -186 -432 -243 237
18065: -187 -505 -165 183
18067: -187 -505 -167 201
18070: -187 -505 -170 228
18071: -187 -505 -171 237
18075: -187 -506 -175 192
18076: -187 -506 -176 201
18092: -187 -508 -192 183
18097: -187 -508 -197 228
18098: -187 -508 -198 237
18099: -187 -509 -199 165
18101: -187 -509 -201 183
18102: -187 -509 -202 192
18103: -187 -509 -203 201
18104: -187 -509 -204 210
18108: -187 -510 -208 165
18110: -187 -510 -210 183
18111: -187 -510 -211 192
18112: -187 -510 -212 201
18115: -187 -510 -215 228
18116: -187 -510 -216 237
18117: -187 -511 -217 165
18126: -187 -512 -226 165
18136: -187 -513 -236 174
18139: -187 -513 -239 201
18146: -188 -586 -165 183
18148: -188 -586 -167 201
18149: -188 -586 -168 210
18150: -188 -586 -169 219
18152: -188 -586 -171 237
18156: -188 -587 -175 192
18169: -188 -588 -188 228
18171: -188 -589 -190 165
18182: -188 -590 -201 183
18183: -188 -590 -202 192
18185: -188 -590 -204 210
18186: -188 -590 -205 219
18195: -188 -591 -214 219
18198: -188 -592 -217 165
18200: -188 -592 -219 183
18201: -188 -592 -220 192
18202: -188 -592 -221 201
18203: -188 -592 -222 210
18204: -188 -592 -223 219
18206: -188 -592 -225 237
18220: -188 -594 -239 201
18221: -188 -594 -240 210
18222: -188 -594 -241 219
18224: -188 -594 -243 237
18230: -189 -667 -168 210
18231: -189 -667 -169 219
18240: -189 -668 -178 219
18241: -189 -668 -179 228
18251: -189 -669 -189 237
18252: -189 -670 -190 165
18254: -189 -670 -192 183
18255: -189 -670 -193 192
18256: -189 -670 -194 201
18257: -189 -670 -195 210
18261: -189 -671 -199 165
18272: -189 -672 -210 183
18273: -189 -672 -211 192
18280: -189 -673 -218 174
18288: -189 -674 -226 165
18289: -189 -674 -227 174
18294: -189 -674 -232 219
18342: -262 -32 -199 246
18343: -262 -32 -200 255
18344: -262 -32 -201 264
18345: -262 -32 -202 273
18346: -262 -32 -203 282
18347: -262 -32 -204 291
18348: -262 -32 -205 300
18349: -262 -32 -206 309
18350: -262 -32 -207 318
18398: -263 -110 -174 264
18399: -263 -110 -175 273
18401: -263 -110 -177 291
18402: -263 -110 -178 300
18403: -263 -110 -179 309
18405: -263 -111 -181 246
18408: -263 -111 -184 273
18424: -263 -113 -200 255
18432: -263 -114 -208 246
18433: -263 -114 -209 255
18434: -263 -114 -210 264
18435: -263 -114 -211 273
18436: -263 -114 -212 282
18437: -263 -114 -213 291
18438: -263 -114 -214 300
18439: -263 -114 -215 309
18440: -263 -114 -216 318
18441: -263 -115 -217 246
18442: -263 -115 -218 255
18443: -263 -115 -219 264
18444: -263 -115 -220 273
18445: -263 -115 -221 282
18446: -263 -115 -222 291
18448: -263 -115 -224 309
18449: -263 -115 -225 318
18450: -263 -116 -226 246
18451: -263 -116 -227 255
18452: -263 -116 -228 264
18453: -263 -116 -229 273
18454: -263 -116 -230 282
18455: -263 -116 -231 291
18456: -263 -116 -232 300
18457: -263 -116 -233 309
18458: -263 -116 -234 318
18459: -263 -117 -235 246
18460: -263 -117 -236 255
18461: -263 -117 -237 264
18462: -263 -117 -238 273
18463: -263 -117 -239 282
18464: -263 -117 -240 291
18465: -263 -117 -241 300
18466: -263 -117 -242 309
18467: -263 -117 -243 318
18482: -264 -191 -177 291
18485: -264 -191 -180 318
18498: -264 -193 -193 273
18511: -264 -194 -206 309
18513: -264 -195 -208 246
18514: -264 -195 -209 255
18516: -264 -195 -211 273
18521: -264 -195 -216 318
18522: -264 -196 -217 246
18523: -264 -196 -218 255
18525: -264 -196 -220 273
18526: -264 -196 -221 282
18527: -264 -196 -222 291
18529: -264 -196 -224 309
18530: -264 -196 -225 318
18531: -264 -197 -226 246
18532: -264 -197 -227 255
18534: -264 -197 -229 273
18535: -264 -197 -230 282
18536: -264 -197 -231 291
18537: -264 -197 -232 300
18539: -264 -197 -234 318
18540: -264 -198 -235 246
18541: -264 -198 -236 255
18543: -264 -198 -238 273
18544: -264 -198 -239 282
18545: -264 -198 -240 291
18546: -264 -198 -241 300
18547: -264 -198 -242 309
18560: -265 -272 -174 264
18561: -265 -272 -175 273
18562: -265 -272 -176 282
18563: -265 -272 -177 291
18564: -265 -272 -178 300
18565: -265 -272 -179 309
18566: -265 -272 -180 318
18585: -265 -275 -199 246
18586: -265 -275 -200 255
18588: -265 -275 -202 273
18593: -265 -275 -207 318
18594: -265 -276 -208 246
18596: -265 -276 -210 264
18597: -265 -276 -211 273
18598: -265 -276 -212 282
18599: -265 -276 -213 291
18600: -265 -276 -214 300
18601: -265 -276 -215 309
18602: -265 -276 -216 318
18603: -265 -277 -217 246
18604: -265 -277 -218 255
18605: -265 -277 -219 264
18606: -265 -277 -220 273
18607: -265 -277 -221 282
18608: -265 -277 -222 291
18609: -265 -277 -223 300
18610: -265 -277 -224 309
18611: -265 -277 -225 318
18612: -265 -278 -226 246
18613: -265 -278 -227 255
18614: -265 -278 -228 264
18615: -265 -278 -229 273
18616: -265 -278 -230 282
18617: -265 -278 -231 291
18618: -265 -278 -232 300
18619: -265 -278 -233 309
18620: -265 -278 -234 318
18621: -265 -279 -235 246
18622: -265 -279 -236 255
18623: -265 -279 -237 264
18624: -265 -279 -238 273
18625: -265 -279 -239 282
18626: -265 -279 -240 291
18627: -265 -279 -241 300
18628: -265 -279 -242 309
18629: -265 -279 -243 318
18641: -266 -353 -174 264
18642: -266 -353 -175 273
18643: -266 -353 -176 282
18644: -266 -353 -177 291
18645: -266 -353 -178 300
18646: -266 -353 -179 309
18647: -266 -353 -180 318
18648: -266 -354 -181 246
18650: -266 -354 -183 264
18652: -266 -354 -185 282
18653: -266 -354 -186 291
18654: -266 -354 -187 300
18655: -266 -354 -188 309
18656: -266 -354 -189 318
18668: -266 -356 -201 264
18669: -266 -356 -202 273
18671: -266 -356 -204 291
18672: -266 -356 -205 300
18673: -266 -356 -206 309
18674: -266 -356 -207 318
18675: -266 -357 -208 246
18676: -266 -357 -209 255
18677: -266 -357 -210 264
18678: -266 -357 -211 273
18679: -266 -357 -212 282
18681: -266 -357 -214 300
18682: -266 -357 -215 309
18683: -266 -357 -216 318
18684: -266 -358 -217 246
18685: -266 -358 -218 255
18686: -266 -358 -219 264
18687: -266 -358 -220 273
18688: -266 -358 -221 282
18689: -266 -358 -222 291
18690: -266 -358 -223 300
18691: -266 -358 -224 309
18692: -266 -358 -225 318
18693: -266 -359 -226 246
18694: -266 -359 -227 255
18695: -266 -359 -228 264
18696: -266 -359 -229 273
18697: -266 -359 -230 282
18698: -266 -359 -231 291
18699: -266 -359 -232 300
18700: -266 -359 -233 309
18701: -266 -359 -234 318
18702: -266 -360 -235 246
18703: -266 -360 -236 255
18704: -266 -360 -237 264
18705: -266 -360 -238 273
18706: -266 -360 -239 282
18708: -266 -360 -241 300
18709: -266 -360 -242 309
18710: -266 -360 -243 318
18715: -267 -433 -167 282
18716: -267 -433 -168 291
18718: -267 -433 -170 309
18719: -267 -433 -171 318
18722: -267 -434 -174 264
18725: -267 -434 -177 291
18732: -267 -435 -184 273
18738: -267 -436 -190 246
18747: -267 -437 -199 246
18748: -267 -437 -200 255
18750: -267 -437 -202 273
18752: -267 -437 -204 291
18765: -267 -439 -217 246
18766: -267 -439 -218 255
18770: -267 -439 -222 291
18774: -267 -440 -226 246
18775: -267 -440 -227 255
18778: -267 -440 -230 282
18779: -267 -440 -231 291
18783: -267 -441 -235 246
18784: -267 -441 -236 255
18786: -267 -441 -238 273
18787: -267 -441 -239 282
18794: -268 -514 -165 264
18796: -268 -514 -167 282
18797: -268 -514 -168 291
18798: -268 -514 -169 300
18800: -268 -514 -171 318
18803: -268 -515 -174 264
18805: -268 -515 -176 282
18807: -268 -515 -178 300
18808: -268 -515 -179 309
18817: -268 -516 -188 309
18819: -268 -517 -190 246
18820: -268 -517 -191 255
18825: -268 -517 -196 300
18828: -268 -518 -199 246
18829: -268 -518 -200 255
18835: -268 -518 -206 309
18836: -268 -518 -207 318
18837: -268 -519 -208 246
18838: -268 -519 -209 255
18840: -268 -519 -211 273
18841: -268 -519 -212 282
18843: -268 -519 -214 300
18844: -268 -519 -215 309
18849: -268 -520 -220 273
18850: -268 -520 -221 282
18851: -268 -520 -222 291
18852: -268 -520 -223 300
18853: -268 -520 -224 309
18855: -268 -521 -226 246
18856: -268 -521 -227 255
18858: -268 -521 -229 273
18859: -268 -521 -230 282
18861: -268 -521 -232 300
18863: -268 -521 -234 318
18864: -268 -522 -235 246
18865: -268 -522 -236 255
18866: -268 -522 -237 264
18870: -268 -522 -241 300
18871: -268 -522 -242 309
18875: -269 -595 -165 264
18877: -269 -595 -167 282
18878: -269 -595 -168 291
18879: -269 -595 -169 300
18880: -269 -595 -170 309
18884: -269 -596 -174 264
18886: -269 -596 -176 282
18887: -269 -596 -177 291
18888: -269 -596 -178 300
18889: -269 -596 -179 309
18900: -269 -598 -190 246
18901: -269 -598 -191 255
18907: -269 -598 -197 309
18909: -269 -599 -199 246
18910: -269 -599 -200 255
18912: -269 -599 -202 273
18914: -269 -599 -204 291
18918: -269 -600 -208 246
18919: -269 -600 -209 255
18921: -269 -600 -211 273
18925: -269 -600 -215 309
18926: -269 -600 -216 318
18927: -269 -601 -217 246
18928: -269 -601 -218 255
18929: -269 -601 -219 264
18930: -269 -601 -220 273
18931: -269 -601 -221 282
18932: -269 -601 -222 291
18933: -269 -601 -223 300
18934: -269 -601 -224 309
18935: -269 -601 -225 318
18939: -269 -602 -229 273
18940: -269 -602 -230 282
18941: -269 -602 -231 291
18942: -269 -602 -232 300
18945: -269 -603 -235 246
18946: -269 -603 -236 255
18952: -269 -603 -242 309
18956: -270 -676 -165 264
18958: -270 -676 -167 282
18960: -270 -676 -169 300
18961: -270 -676 -170 309
18962: -270 -676 -171 318
18965: -270 -677 -174 264
18967: -270 -677 -176 282
18968: -270 -677 -177 291
18969: -270 -677 -178 300
18970: -270 -677 -179 309
18971: -270 -677 -180 318
18980: -270 -678 -189 318
18981: -270 -679 -190 246
18982: -270 -679 -191 255
18983: -270 -679 -192 264
18987: -270 -679 -196 300
18989: -270 -679 -198 318
18990: -270 -680 -199 246
18991: -270 -680 -200 255
18998: -270 -680 -207 318
18999: -270 -681 -208 246
19000: -270 -681 -209 255
19002: -270 -681 -211 273
19003: -270 -681 -212 282
19007: -270 -681 -216 318
19008: -270 -682 -217 246
19009: -270 -682 -218 255
19016: -270 -682 -225 318
19017: -270 -683 -226 246
19018: -270 -683 -227 255
19020: -270 -683 -229 273
19021: -270 -683 -230 282
19022: -270 -683 -231 291
19028: -270 -684 -237 264
19030: -270 -684 -239 282
19032: -270 -684 -241 300
19037: -343 -37 -165 345
19040: -343 -37 -168 372
19041: -343 -37 -169 381
19042: -343 -37 -170 390
19043: -343 -37 -171 399
19120: -344 -118 -167 363
19126: -344 -119 -173 336
19136: -344 -120 -183 345
19138: -344 -120 -185 363
19159: -344 -122 -206 390
19161: -344 -123 -208 327
19162: -344 -123 -209 336
19163: -344 -123 -210 345
19165: -344 -123 -212 363
19170: -344 -124 -217 327
19171: -344 -124 -218 336
19172: -344 -124 -219 345
19179: -344 -125 -226 327
19180: -344 -125 -227 336
19181: -344 -125 -228 345
19188: -344 -126 -235 327
19189: -344 -126 -236 336
19191: -344 -126 -238 354
19210: -345 -200 -176 363
19212: -345 -200 -178 381
19224: -345 -202 -190 327
19237: -345 -203 -203 363
19242: -345 -204 -208 327
19251: -345 -205 -217 327
19252: -345 -205 -218 336
19260: -345 -206 -226 327
19269: -345 -207 -235 327
19270: -345 -207 -236 336
19272: -345 -207 -238 354
19396: -347 -365 -200 336
19405: -347 -366 -209 336
19408: -347 -366 -212 363
19413: -347 -367 -217 327
19414: -347 -367 -218 336
19417: -347 -367 -221 363
19422: -347 -368 -226 327
19423: -347 -368 -227 336
19426: -347 -368 -230 363
19430: -347 -368 -234 399
19431: -347 -369 -235 327
19432: -347 -369 -236 336
19438: -347 -369 -242 390
19444: -348 -442 -167 363
19445: -348 -442 -168 372
19447: -348 -442 -170 390
19465: -348 -444 -188 390
19477: -348 -446 -200 336
19482: -348 -446 -205 381
19486: -348 -447 -209 336
19493: -348 -447 -216 399
19494: -348 -448 -217 327
19495: -348 -448 -218 336
19503: -348 -449 -226 327
19504: -348 -449 -227 336
19505: -348 -449 -228 345
19509: -348 -449 -232 381
19512: -348 -450 -235 327
19513: -348 -450 -236 336
19516: -348 -450 -239 363
19517: -348 -450 -240 372
19518: -348 -450 -241 381
19525: -349 -523 -167 363
19527: -349 -523 -169 381
19532: -349 -524 -174 345
19534: -349 -524 -176 363
19550: -349 -526 -192 345
19553: -349 -526 -195 372
19556: -349 -526 -198 399
19558: -349 -527 -200 336
19566: -349 -528 -208 327
19567: -349 -528 -209 336
19568: -349 -528 -210 345
19573: -349 -528 -215 390
19576: -349 -529 -218 336
19584: -349 -530 -226 327
19587: -349 -530 -229 354
19593: -349 -531 -235 327
19594: -349 -531 -236 336
19596: -349 -531 -238 354
19597: -349 -531 -239 363
19600: -349 -531 -242 390
19606: -350 -604 -167 363
19609: -350 -604 -170 390
19610: -350 -604 -171 399
19613: -350 -605 -174 345
19615: -350 -605 -176 363
19631: -350 -607 -192 345
19635: -350 -607 -196 381
19639: -350 -608 -200 336
19640: -350 -608 -201 345
19648: -350 -609 -209 336
19655: -350 -609 -216 399
19656: -350 -610 -217 327
19657: -350 -610 -218 336
19660: -350 -610 -221 363
19663: -350 -610 -224 390
19664: -350 -610 -225 399
19665: -350 -611 -226 327
19666: -350 -611 -227 336
19672: -350 -611 -233 390
19674: -350 -612 -235 327
19687: -351 -685 -167 363
19689: -351 -685 -169 381
19690: -351 -685 -170 390
19691: -351 -685 -171 399
19694: -351 -686 -174 345
19696: -351 -686 -176 363
19698: -351 -686 -178 381
19712: -351 -688 -192 345
19713: -351 -688 -193 354
19720: -351 -689 -200 336
19721: -351 -689 -201 345
19728: -351 -690 -208 327
19729: -351 -690 -209 336
19730: -351 -690 -210 345
19732: -351 -690 -212 363
19734: -351 -690 -214 381
19736: -351 -690 -216 399
19738: -351 -691 -218 336
19742: -351 -691 -222 372
19746: -351 -692 -226 327
19747: -351 -692 -227 336
19748: -351 -692 -228 345
19750: -351 -692 -230 363
19751: -351 -692 -231 372
19752: -351 -692 -232 381
19753: -351 -692 -233 390
19754: -351 -692 -234 399
19756: -351 -693 -236 336
19818: -424 -52 -217 408
19819: -424 -52 -218 417
19820: -424 -52 -219 426
19821: -424 -52 -220 435
19822: -424 -52 -221 444
19823: -424 -52 -222 453
19824: -424 -52 -223 462
19825: -424 -52 -224 471
19826: -424 -52 -225 480
19850: -425 -127 -168 453
19857: -425 -128 -175 435
19863: -425 -129 -181 408
19882: -425 -131 -200 417
19889: -425 -131 -207 480
19892: -425 -132 -210 426
19899: -425 -133 -217 408
19909: -425 -134 -227 417
19910: -425 -134 -228 426
19911: -425 -134 -229 435
19912: -425 -134 -230 444
19913: -425 -134 -231 453
19916: -425 -134 -234 480
19918: -425 -135 -236 417
19919: -425 -135 -237 426
19920: -425 -135 -238 435
19921: -425 -135 -239 444
19923: -425 -135 -241 462
19953: -426 -211 -190 408
19958: -426 -211 -195 453
19961: -426 -211 -198 480
19963: -426 -212 -200 417
19976: -426 -213 -213 453
19981: -426 -214 -218 417
19983: -426 -214 -220 435
19990: -426 -215 -227 417
19992: -426 -215 -229 435
20009: -427 -289 -165 426
20011: -427 -289 -167 444
20012: -427 -289 -168 453
20013: -427 -289 -169 462
20014: -427 -289 -170 471
20015: -427 -289 -171 480
20018: -427 -290 -174 426
20019: -427 -290 -175 435
20023: -427 -290 -179 471
20025: -427 -291 -181 408
20027: -427 -291 -183 426
20028: -427 -291 -184 435
20031: -427 -291 -187 462
20032: -427 -291 -188 471
20033: -427 -291 -189 480
20036: -427 -292 -192 426
20037: -427 -292 -193 435
20040: -427 -292 -196 462
20043: -427 -293 -199 408
20054: -427 -294 -210 426
20061: -427 -295 -217 408
20062: -427 -295 -218 417
20063: -427 -295 -219 426
20065: -427 -295 -221 444
20072: -427 -296 -228 426
20073: -427 -296 -229 435
20074: -427 -296 -230 444
20092: -428 -370 -167 444
20094: -428 -370 -169 462
20095: -428 -370 -170 471
20099: -428 -371 -174 426
20124: -428 -374 -199 408
20175: -429 -451 -169 462
20252: -430 -532 -165 426
20254: -430 -532 -167 444
20255: -430 -532 -168 453
20256: -430 -532 -169 462
20258: -430 -532 -171 480
20264: -430 -533 -177 453
20271: -430 -534 -184 435
20276: -430 -534 -189 480
20278: -430 -535 -191 417
20279: -430 -535 -192 426
20285: -430 -535 -198 480
20296: -430 -537 -209 417
20297: -430 -537 -210 426
20298: -430 -537 -211 435
20299: -430 -537 -212 444
20302: -430 -537 -215 471
20305: -430 -538 -218 417
20306: -430 -538 -219 426
20307: -430 -538 -220 435
20313: -430 -539 -226 408
20315: -430 -539 -228 426
20323: -430 -540 -236 417
20325: -430 -540 -238 435
20333: -431 -613 -165 426
20336: -431 -613 -168 453
20337: -431 -613 -169 462
20339: -431 -613 -171 480
20342: -431 -614 -174 426
20347: -431 -614 -179 471
20351: -431 -615 -183 426
20359: -431 -616 -191 417
20362: -431 -616 -194 444
20365: -431 -616 -197 471
20376: -431 -618 -208 408
20377: -431 -618 -209 417
20378: -431 -618 -210 426
20379: -431 -618 -211 435
20386: -431 -619 -218 417
20388: -431 -619 -220 435
20395: -431 -620 -227 417
20401: -431 -620 -233 471
20403: -431 -621 -235 408
20417: -432 -694 -168 453
20418: -432 -694 -169 462
20420: -432 -694 -171 480
20440: -432 -697 -191 417
20441: -432 -697 -192 426
20446: -432 -697 -197 471
20448: -432 -698 -199 408
20460: -432 -699 -211 435
20475: -432 -701 -226 408
20476: -432 -701 -227 417
20485: -432 -702 -236 417
20556: -505 -62 -226 489
20557: -505 -62 -227 498
20558: -505 -62 -228 507
20559: -505 -62 -229 516
20560: -505 -62 -230 525
20561: -505 -62 -231 534
20562: -505 -62 -232 543
20563: -505 -62 -233 552
20564: -505 -62 -234 561
20580: -506 -136 -169 543
20586: -506 -137 -175 516
20591: -506 -137 -180 561
20592: -506 -138 -181 489
20594: -506 -138 -183 507
20610: -506 -140 -199 489
20611: -506 -140 -200 498
20617: -506 -140 -206 552
20618: -506 -140 -207 561
20620: -506 -141 -209 498
20622: -506 -141 -211 516
20627: -506 -141 -216 561
20629: -506 -142 -218 498
20638: -506 -143 -227 498
20639: -506 -143 -228 507
20641: -506 -143 -230 525
20643: -506 -143 -232 543
20646: -506 -144 -235 489
20647: -506 -144 -236 498
20649: -506 -144 -238 516
20650: -506 -144 -239 525
20651: -506 -144 -240 534
20662: -507 -217 -170 552
20671: -507 -218 -179 552
20680: -507 -219 -188 552
20682: -507 -220 -190 489
20692: -507 -221 -200 498
20694: -507 -221 -202 516
20700: -507 -222 -208 489
20704: -507 -222 -212 525
20707: -507 -222 -215 552
20708: -507 -222 -216 561
20718: -507 -224 -226 489
20719: -507 -224 -227 498
20721: -507 -224 -229 516
20727: -507 -225 -235 489
20728: -507 -225 -236 498
20730: -507 -225 -238 516
20738: -508 -298 -165 507
20740: -508 -298 -167 525
20741: -508 -298 -168 534
20742: -508 -298 -169 543
20743: -508 -298 -170 552
20744: -508 -298 -171 561
20747: -508 -299 -174 507
20748: -508 -299 -175 516
20754: -508 -300 -181 489
20757: -508 -300 -184 516
20758: -508 -300 -185 525
20761: -508 -300 -188 552
20762: -508 -300 -189 561
20764: -508 -301 -191 498
20765: -508 -301 -192 507
20766: -508 -301 -193 516
20769: -508 -301 -196 543
20772: -508 -302 -199 489
20774: -508 -302 -201 507
20775: -508 -302 -202 516
20784: -508 -303 -211 516
20791: -508 -304 -218 498
20793: -508 -304 -220 516
20794: -508 -304 -221 525
20799: -508 -305 -226 489
20800: -508 -305 -227 498
20802: -508 -305 -229 516
20803: -508 -305 -230 525
20811: -508 -306 -238 516
20812: -508 -306 -239 525
20814: -508 -306 -241 543
20821: -509 -379 -167 525
20822: -509 -379 -168 534
20824: -509 -379 -170 552
20825: -509 -379 -171 561
20833: -509 -380 -179 552
20864: -509 -384 -210 507
20900: -510 -460 -165 507
20902: -510 -460 -167 525
20903: -510 -460 -168 534
20905: -510 -460 -170 552
20906: -510 -460 -171 561
20914: -510 -461 -179 552
20926: -510 -463 -191 498
20929: -510 -463 -194 525
20933: -510 -463 -198 561
20934: -510 -464 -199 489
20961: -510 -467 -226 489
20970: -510 -468 -235 489
20971: -510 -468 -236 498
20974: -510 -468 -239 525
20975: -510 -468 -240 534
20986: -511 -541 -170 552
20990: -511 -542 -174 507
21010: -511 -544 -194 525
21017: -511 -545 -201 507
21018: -511 -545 -202 516
21019: -511 -545 -203 525
21020: -511 -545 -204 534
21021: -511 -545 -205 543
21022: -511 -545 -206 552
21042: -511 -548 -226 489
21052: -511 -549 -236 498
21062: -512 -622 -165 507
21064: -512 -622 -167 525
21065: -512 -622 -168 534
21066: -512 -622 -169 543
21067: -512 -622 -170 552
21068: -512 -622 -171 561
21071: -512 -623 -174 507
21076: -512 -623 -179 552
21080: -512 -624 -183 507
21085: -512 -624 -188 552
21087: -512 -625 -190 489
21088: -512 -625 -191 498
21107: -512 -627 -210 507
21109: -512 -627 -212 525
21110: -512 -627 -213 534
21114: -512 -628 -217 489
21115: -512 -628 -218 498
21121: -512 -628 -224 552
21122: -512 -628 -225 561
21123: -512 -629 -226 489
21124: -512 -629 -227 498
21126: -512 -629 -229 516
21132: -512 -630 -235 489
21134: -512 -630 -237 507
21143: -513 -703 -165 507
21145: -513 -703 -167 525
21146: -513 -703 -168 534
21147: -513 -703 -169 543
21148: -513 -703 -170 552
21149: -513 -703 -171 561
21152: -513 -704 -174 507
21153: -513 -704 -175 516
21154: -513 -704 -176 525
21161: -513 -705 -183 507
21162: -513 -705 -184 516
21163: -513 -705 -185 525
21164: -513 -705 -186 534
21166: -513 -705 -188 552
21167: -513 -705 -189 561
21169: -513 -706 -191 498
21170: -513 -706 -192 507
21176: -513 -706 -198 561
21182: -513 -707 -204 534
21185: -513 -707 -207 561
21186: -513 -708 -208 489
21188: -513 -708 -210 507
21196: -513 -709 -218 498
21205: -513 -710 -227 498
21206: -513 -710 -228 507
21207: -513 -710 -229 516
21208: -513 -710 -230 525
21209: -513 -710 -231 534
21214: -513 -711 -236 498
21215: -513 -711 -237 507
21221: -513 -711 -243 561
21294: -586 -72 -235 570
21295: -586 -72 -236 579
21296: -586 -72 -237 588
21297: -586 -72 -238 597
21298: -586 -72 -239 606
21299: -586 -72 -240 615
21300: -586 -72 -241 624
21301: -586 -72 -242 633
21302: -586 -72 -243 642
21310: -587 -145 -170 633
21321: -587 -147 -181 570
21323: -587 -147 -183 588
21339: -587 -149 -199 570
21340: -587 -149 -200 579
21348: -587 -150 -208 570
21350: -587 -150 -210 588
21351: -587 -150 -211 597
21352: -587 -150 -212 606
21358: -587 -151 -218 579
21364: -587 -151 -224 633
21405: -588 -228 -184 597
21411: -588 -229 -190 570
21416: -588 -229 -195 615
21417: -588 -229 -196 624
21420: -588 -230 -199 570
21421: -588 -230 -200 579
21429: -588 -231 -208 570
21430: -588 -231 -209 579
21454: -588 -233 -233 633
21459: -588 -234 -238 597
21467: -589 -307 -165 588
21469: -589 -307 -167 606
21470: -589 -307 -168 615
21471: -589 -307 -169 624
21472: -589 -307 -170 633
21473: -589 -307 -171 642
21476: -589 -308 -174 588
21477: -589 -308 -175 597
21478: -589 -308 -176 606
21483: -589 -309 -181 570
21487: -589 -309 -185 606
21488: -589 -309 -186 615
21489: -589 -309 -187 624
21493: -589 -310 -191 579
21494: -589 -310 -192 588
21498: -589 -310 -196 624
21501: -589 -311 -199 570
21503: -589 -311 -201 588
21504: -589 -311 -202 597
21506: -589 -311 -204 615
21513: -589 -312 -211 597
21514: -589 -312 -212 606
21518: -589 -312 -216 642
21521: -589 -313 -219 588
21531: -589 -314 -229 597
21532: -589 -314 -230 606
21537: -589 -315 -235 570
21540: -589 -315 -238 597
21541: -589 -315 -239 606
21545: -589 -315 -243 642
21548: -590 -388 -165 588
21550: -590 -388 -167 606
21551: -590 -388 -168 615
21552: -590 -388 -169 624
21554: -590 -388 -171 642
21559: -590 -389 -176 606
21562: -590 -389 -179 633
21566: -590 -390 -183 588
21595: -590 -393 -212 606
21611: -590 -395 -228 588
21618: -590 -396 -235 570
21622: -590 -396 -239 606
21631: -591 -469 -167 606
21632: -591 -469 -168 615
21634: -591 -469 -170 633
21644: -591 -470 -180 642
21647: -591 -471 -183 588
21651: -591 -471 -187 624
21652: -591 -471 -188 633
21654: -591 -472 -190 570
21655: -591 -472 -191 579
21656: -591 -472 -192 588
21658: -591 -472 -194 606
21664: -591 -473 -200 579
21677: -591 -474 -213 615
21681: -591 -475 -217 570
21691: -591 -476 -227 579
21700: -591 -477 -236 579
21712: -592 -550 -167 606
21713: -592 -550 -168 615
21714: -592 -550 -169 624
21716: -592 -550 -171 642
21726: -592 -552 -181 570
21736: -592 -553 -191 579
21740: -592 -553 -195 615
21744: -592 -554 -199 570
21746: -592 -554 -201 588
21753: -592 -555 -208 570
21754: -592 -555 -209 579
21759: -592 -555 -214 624
21760: -592 -555 -215 633
21763: -592 -556 -218 579
21780: -592 -558 -235 570
21826: -593 -635 -200 579
21829: -593 -635 -203 606
21832: -593 -635 -206 633
21836: -593 -636 -210 588
21861: -593 -639 -235 570
21872: -594 -712 -165 588
21876: -594 -712 -169 624
21877: -594 -712 -170 633
21878: -594 -712 -171 642
21885: -594 -713 -178 624
21886: -594 -713 -179 633
21898: -594 -715 -191 579
21907: -594 -716 -200 579
21910: -594 -716 -203 606
21915: -594 -717 -208 570
21916: -594 -717 -209 579
21919: -594 -717 -212 606
21925: -594 -718 -218 579
21927: -594 -718 -220 597
21928: -594 -718 -221 606
21933: -594 -719 -226 570
21934: -594 -719 -227 579
21935: -594 -719 -228 588
21936: -594 -719 -229 597
21937: -594 -719 -230 606
21938: -594 -719 -231 615
21941: -594 -719 -234 642
21942: -594 -720 -235 570
21996: -667 -78 -208 651
21997: -667 -78 -209 660
21998: -667 -78 -210 669
21999: -667 -78 -211 678
22000: -667 -78 -212 687
22001: -667 -78 -213 696
22002: -667 -78 -214 705
22003: -667 -78 -215 714
22004: -667 -78 -216 723
22040: -668 -154 -171 723
22049: -668 -155 -180 723
22050: -668 -156 -181 651
22052: -668 -156 -183 669
22069: -668 -158 -200 660
22071: -668 -158 -202 678
22086: -668 -160 -217 651
22087: -668 -160 -218 660
22095: -668 -161 -226 651
22096: -668 -161 -227 660
22099: -668 -161 -230 687
22125: -669 -236 -175 678
22126: -669 -236 -176 687
22127: -669 -236 -177 696
22128: -669 -236 -178 705
22129: -669 -236 -179 714
22130: -669 -236 -180 723
22140: -669 -238 -190 651
22150: -669 -239 -200 660
22152: -669 -239 -202 678
22159: -669 -240 -209 660
22161: -669 -240 -211 678
22162: -669 -240 -212 687
22167: -669 -241 -217 651
22168: -669 -241 -218 660
22170: -669 -241 -220 678
22171: -669 -241 -221 687
22172: -669 -241 -222 696
22174: -669 -241 -224 714
22176: -669 -242 -226 651
22180: -669 -242 -230 687
22193: -669 -243 -243 723
22196: -670 -316 -165 669
22198: -670 -316 -167 687
22199: -670 -316 -168 696
22200: -670 -316 -169 705
22201: -670 -316 -170 714
22202: -670 -316 -171 723
22205: -670 -317 -174 669
22206: -670 -317 -175 678
22207: -670 -317 -176 687
22210: -670 -317 -179 714
22211: -670 -317 -180 723
22212: -670 -318 -181 651
22214: -670 -318 -183 669
22215: -670 -318 -184 678
22216: -670 -318 -185 687
22217: -670 -318 -186 696
22219: -670 -318 -188 714
22221: -670 -319 -190 651
22222: -670 -319 -191 660
22224: -670 -319 -193 678
22226: -670 -319 -195 696
22227: -670 -319 -196 705
22230: -670 -320 -199 651
22233: -670 -320 -202 678
22236: -670 -320 -205 705
22239: -670 -321 -208 651
22241: -670 -321 -210 669
22242: -670 -321 -211 678
22243: -670 -321 -212 687
22246: -670 -321 -215 714
22251: -670 -322 -220 678
22252: -670 -322 -221 687
22256: -670 -322 -225 723
22260: -670 -323 -229 678
22269: -670 -324 -238 678
22270: -670 -324 -239 687
22279: -671 -397 -167 687
22281: -671 -397 -169 705
22282: -671 -397 -170 714
22292: -671 -398 -180 723
22313: -671 -401 -201 669
22329: -671 -403 -217 651
22340: -671 -404 -228 669
22341: -671 -404 -229 678
22358: -672 -478 -165 669
22361: -672 -478 -168 696
22363: -672 -478 -170 714
22364: -672 -478 -171 723
22372: -672 -479 -179 714
22376: -672 -480 -183 669
22378: -672 -480 -185 687
22384: -672 -481 -191 660
22386: -672 -481 -193 678
22410: -672 -484 -217 651
22420: -672 -485 -227 660
22423: -672 -485 -230 687
22425: -672 -485 -232 705
22428: -672 -486 -235 651
22429: -672 -486 -236 660
22430: -672 -486 -237 669
22431: -672 -486 -238 678
22434: -672 -486 -241 705
22441: -673 -559 -167 687
22442: -673 -559 -168 696
22443: -673 -559 -169 705
22444: -673 -559 -170 714
22445: -673 -559 -171 723
22461: -673 -561 -187 705
22462: -673 -561 -188 714
22465: -673 -562 -191 660
22466: -673 -562 -192 669
22475: -673 -563 -201 669
22476: -673 -563 -202 678
22480: -673 -563 -206 714
22483: -673 -564 -209 660
22484: -673 -564 -210 669
22486: -673 -564 -212 687
22488: -673 -564 -214 705
22489: -673 -564 -215 714
22492: -673 -565 -218 660
22493: -673 -565 -219 669
22497: -673 -565 -223 705
22500: -673 -566 -226 651
22512: -673 -567 -238 678
22523: -674 -640 -168 696
22524: -674 -640 -169 705
22525: -674 -640 -170 714
22526: -674 -640 -171 723
22547: -674 -643 -192 669
22555: -674 -644 -200 660
22563: -674 -645 -208 651
22572: -674 -646 -217 651
22573: -674 -646 -218 660
22582: -674 -647 -227 660
22590: -674 -648 -235 651
22603: -675 -721 -167 687
22607: -675 -721 -171 723
22616: -675 -722 -180 723
22626: -675 -724 -190 651
22632: -675 -724 -196 705
22644: -675 -726 -208 651
22645: -675 -726 -209 660
22653: -675 -727 -217 651
22654: -675 -727 -218 660
22656: -675 -727 -220 678
22661: -675 -727 -225 723
23022: -32 -327 -262 4
23023: -32 -327 -263 13
23025: -32 -327 -265 31
23026: -32 -327 -266 40
23027: -32 -327 -267 49
23028: -32 -327 -268 58
23029: -32 -327 -269 67
23030: -32 -327 -270 76
23040: -32 -329 -280 4
23041: -32 -329 -281 13
23043: -32 -329 -283 31
23044: -32 -329 -284 40
23045: -32 -329 -285 49
23046: -32 -329 -286 58
23047: -32 -329 -287 67
23048: -32 -329 -288 76
23049: -32 -330 -289 4
23050: -32 -330 -290 13
23052: -32 -330 -292 31
23053: -32 -330 -293 40
23054: -32 -330 -294 49
23055: -32 -330 -295 58
23056: -32 -330 -296 67
23057: -32 -330 -297 76
23058: -32 -331 -298 4
23059: -32 -331 -299 13
23061: -32 -331 -301 31
23062: -32 -331 -302 40
23063: -32 -331 -303 49
23064: -32 -331 -304 58
23065: -32 -331 -305 67
23066: -32 -331 -306 76
23067: -32 -332 -307 4
23068: -32 -332 -308 13
23070: -32 -332 -310 31
23071: -32 -332 -311 40
23072: -32 -332 -312 49
23073: -32 -332 -313 58
23074: -32 -332 -314 67
23075: -32 -332 -315 76
23076: -32 -333 -316 4
23077: -32 -333 -317 13
23079: -32 -333 -319 31
23080: -32 -333 -320 40
23081: -32 -333 -321 49
23082: -32 -333 -322 58
23083: -32 -333 -323 67
23084: -32 -333 -324 76
23527: -110 -95 -281 94
23537: -110 -96 -291 103
23540: -110 -96 -294 130
23541: -110 -96 -295 139
23545: -110 -97 -299 94
23546: -110 -97 -300 103
23555: -110 -98 -309 103
23563: -110 -99 -317 94
23568: -110 -99 -322 139
23570: -110 -99 -324 157
23586: -111 -173 -259 139
23591: -111 -174 -264 103
23594: -111 -174 -267 130
23601: -111 -175 -274 112
23606: -111 -175 -279 157
23620: -111 -177 -293 121
23635: -111 -179 -308 94
23636: -111 -179 -309 103
23637: -111 -179 -310 112
23641: -111 -179 -314 148
23644: -111 -180 -317 94
23645: -111 -180 -318 103
23763: -113 -337 -274 112
23765: -113 -337 -276 130
23767: -113 -337 -278 148
23768: -113 -337 -279 157
23817: -114 -415 -247 112
23820: -114 -415 -250 139
23821: -114 -415 -251 148
23822: -114 -415 -252 157
23828: -114 -416 -258 130
23849: -114 -418 -279 157
23861: -114 -420 -291 103
23862: -114 -420 -292 112
23869: -114 -421 -299 94
23870: -114 -421 -300 103
23871: -114 -421 -301 112
23874: -114 -421 -304 139
23879: -114 -422 -309 103
23880: -114 -422 -310 112
23887: -114 -423 -317 94
23888: -114 -423 -318 103
23898: -115 -496 -247 112
23899: -115 -496 -248 121
23900: -115 -496 -249 130
23901: -115 -496 -250 139
23902: -115 -496 -251 148
23903: -115 -496 -252 157
23910: -115 -497 -259 139
23911: -115 -497 -260 148
23912: -115 -497 -261 157
23914: -115 -498 -263 94
23927: -115 -499 -276 130
23928: -115 -499 -277 139
23932: -115 -500 -281 94
23933: -115 -500 -282 103
23941: -115 -501 -290 94
23942: -115 -501 -291 103
23943: -115 -501 -292 112
23950: -115 -502 -299 94
23952: -115 -502 -301 112
23960: -115 -503 -309 103
23969: -115 -504 -318 103
23973: -115 -504 -322 139
23979: -116 -577 -247 112
23980: -116 -577 -248 121
23981: -116 -577 -249 130
23982: -116 -577 -250 139
23983: -116 -577 -251 148
23984: -116 -577 -252 157
23992: -116 -578 -260 148
23996: -116 -579 -264 103
24004: -116 -580 -272 94
24009: -116 -580 -277 139
24011: -116 -580 -279 157
24013: -116 -581 -281 94
24014: -116 -581 -282 103
24017: -116 -581 -285 130
24023: -116 -582 -291 103
24025: -116 -582 -293 121
24026: -116 -582 -294 130
24027: -116 -582 -295 139
24028: -116 -582 -296 148
24031: -116 -583 -299 94
24032: -116 -583 -300 103
24034: -116 -583 -302 121
24035: -116 -583 -303 130
24036: -116 -583 -304 139
24037: -116 -583 -305 148
24042: -116 -584 -310 112
24043: -116 -584 -311 121
24044: -116 -584 -312 130
24049: -116 -585 -317 94
24050: -116 -585 -318 103
24051: -116 -585 -319 112
24056: -116 -585 -324 157
24060: -117 -658 -247 112
24061: -117 -658 -248 121
24062: -117 -658 -249 130
24064: -117 -658 -251 148
24071: -117 -659 -258 130
24072: -117 -659 -259 139
24074: -117 -659 -261 157
24078: -117 -660 -265 112
24079: -117 -660 -266 121
24098: -117 -662 -285 130
24100: -117 -662 -287 148
24103: -117 -663 -290 94
24104: -117 -663 -291 103
24105: -117 -663 -292 112
24107: -117 -663 -294 130
24112: -117 -664 -299 94
24113: -117 -664 -300 103
24114: -117 -664 -301 112
24116: -117 -664 -303 130
24119: -117 -664 -306 157
24121: -117 -665 -308 94
24122: -117 -665 -309 103
24123: -117 -665 -310 112
24125: -117 -665 -312 130
24126: -117 -665 -313 139
24128: -117 -665 -315 157
24131: -117 -666 -318 103
24165: -190 -22 -271 166
24166: -190 -22 -272 175
24168: -190 -22 -274 193
24169: -190 -22 -275 202
24170: -190 -22 -276 211
24171: -190 -22 -277 220
24172: -190 -22 -278 229
24173: -190 -22 -279 238
24222: -191 -100 -247 193
24226: -191 -100 -251 229
24227: -191 -100 -252 238
24233: -191 -101 -258 211
24234: -191 -101 -259 220
24235: -191 -101 -260 229
24236: -191 -101 -261 238
24237: -191 -102 -262 166
24238: -191 -102 -263 175
24239: -191 -102 -264 184
24241: -191 -102 -266 202
24242: -191 -102 -267 211
24256: -191 -104 -281 175
24259: -191 -104 -284 202
24260: -191 -104 -285 211
24261: -191 -104 -286 220
24262: -191 -104 -287 229
24264: -191 -105 -289 166
24265: -191 -105 -290 175
24266: -191 -105 -291 184
24270: -191 -105 -295 220
24272: -191 -105 -297 238
24273: -191 -106 -298 166
24274: -191 -106 -299 175
24275: -191 -106 -300 184
24278: -191 -106 -303 211
24282: -191 -107 -307 166
24283: -191 -107 -308 175
24284: -191 -107 -309 184
24286: -191 -107 -311 202
24287: -191 -107 -312 211
24288: -191 -107 -313 220
24291: -191 -108 -316 166
24292: -191 -108 -317 175
24293: -191 -108 -318 184
24297: -191 -108 -322 220
24298: -191 -108 -323 229
24333: -192 -184 -277 220
24336: -192 -185 -280 166
24338: -192 -185 -282 184
24339: -192 -185 -283 193
24341: -192 -185 -285 211
24342: -192 -185 -286 220
24344: -192 -185 -288 238
24345: -192 -186 -289 166
24346: -192 -186 -290 175
24347: -192 -186 -291 184
24348: -192 -186 -292 193
24351: -192 -186 -295 220
24354: -192 -187 -298 166
24355: -192 -187 -299 175
24356: -192 -187 -300 184
24357: -192 -187 -301 193
24359: -192 -187 -303 211
24360: -192 -187 -304 220
24361: -192 -187 -305 229
24362: -192 -187 -306 238
24363: -192 -188 -307 166
24364: -192 -188 -308 175
24365: -192 -188 -309 184
24366: -192 -188 -310 193
24367: -192 -188 -311 202
24368: -192 -188 -312 211
24371: -192 -188 -315 238
24372: -192 -189 -316 166
24373: -192 -189 -317 175
24374: -192 -189 -318 184
24375: -192 -189 -319 193
24377: -192 -189 -321 211
24386: -193 -262 -249 211
24387: -193 -262 -250 220
24388: -193 -262 -251 229
24389: -193 -262 -252 238
24395: -193 -263 -258 211
24397: -193 -263 -260 229
24398: -193 -263 -261 238
24415: -193 -265 -278 229
24417: -193 -266 -280 166
24418: -193 -266 -281 175
24419: -193 -266 -282 184
24422: -193 -266 -285 211
24425: -193 -266 -288 238
24426: -193 -267 -289 166
24428: -193 -267 -291 184
24435: -193 -268 -298 166
24436: -193 -268 -299 175
24437: -193 -268 -300 184
24442: -193 -268 -305 229
24444: -193 -269 -307 166
24445: -193 -269 -308 175
24446: -193 -269 -309 184
24453: -193 -270 -316 166
24455: -193 -270 -318 184
24466: -194 -343 -248 202
24467: -194 -343 -249 211
24468: -194 -343 -250 220
24469: -194 -343 -251 229
24470: -194 -343 -252 238
24476: -194 -344 -258 211
24477: -194 -344 -259 220
24478: -194 -344 -260 229
24479: -194 -344 -261 238
24480: -194 -345 -262 166
24484: -194 -345 -266 202
24499: -194 -347 -281 175
24547: -195 -424 -248 202
24548: -195 -424 -249 211
24549: -195 -424 -250 220
24550: -195 -424 -251 229
24551: -195 -424 -252 238
24557: -195 -425 -258 211
24558: -195 -425 -259 220
24559: -195 -425 -260 229
24561: -195 -426 -262 166
24570: -195 -427 -271 166
24573: -195 -427 -274 193
24576: -195 -427 -277 220
24579: -195 -428 -280 166
24582: -195 -428 -283 193
24587: -195 -428 -288 238
24588: -195 -429 -289 166
24589: -195 -429 -290 175
24593: -195 -429 -294 211
24596: -195 -429 -297 238
24597: -195 -430 -298 166
24598: -195 -430 -299 175
24599: -195 -430 -300 184
24601: -195 -430 -302 202
24605: -195 -430 -306 238
24608: -195 -431 -309 184
24614: -195 -431 -315 238
24615: -195 -432 -316 166
24616: -195 -432 -317 175
24617: -195 -432 -318 184
24618: -195 -432 -319 193
24628: -196 -505 -248 202
24629: -196 -505 -249 211
24630: -196 -505 -250 220
24631: -196 -505 -251 229
24632: -196 -505 -252 238
24636: -196 -506 -256 193
24639: -196 -506 -259 220
24641: -196 -506 -261 238
24654: -196 -508 -274 193
24658: -196 -508 -278 229
24660: -196 -509 -280 166
24661: -196 -509 -281 175
24662: -196 -509 -282 184
24663: -196 -509 -283 193
24664: -196 -509 -284 202
24665: -196 -509 -285 211
24668: -196 -509 -288 238
24669: -196 -510 -289 166
24671: -196 -510 -291 184
24672: -196 -510 -292 193
24675: -196 -510 -295 220
24676: -196 -510 -296 229
24681: -196 -511 -301 193
24683: -196 -511 -303 211
24687: -196 -512 -307 166
24689: -196 -512 -309 184
24692: -196 -512 -312 211
24696: -196 -513 -316 166
24697: -196 -513 -317 175
24698: -196 -513 -318 184
24702: -196 -513 -322 220
24709: -197 -586 -248 202
24710: -197 -586 -249 211
24711: -197 -586 -250 220
24712: -197 -586 -251 229
24713: -197 -586 -252 238
24717: -197 -587 -256 193
24721: -197 -587 -260 229
24722: -197 -587 -261 238
24723: -197 -588 -262 166
24724: -197 -588 -263 175
24735: -197 -589 -274 193
24737: -197 -589 -276 211
24738: -197 -589 -277 220
24739: -197 -589 -278 229
24744: -197 -590 -283 193
24747: -197 -590 -286 220
24749: -197 -590 -288 238
24752: -197 -591 -291 184
24753: -197 -591 -292 193
24754: -197 -591 -293 202
24759: -197 -592 -298 166
24760: -197 -592 -299 175
24761: -197 -592 -300 184
24762: -197 -592 -301 193
24764: -197 -592 -303 211
24771: -197 -593 -310 193
24777: -197 -594 -316 166
24779: -197 -594 -318 184
24790: -198 -667 -248 202
24791: -198 -667 -249 211
24792: -198 -667 -250 220
24793: -198 -667 -251 229
24794: -198 -667 -252 238
24798: -198 -668 -256 193
24801: -198 -668 -259 220
24803: -198 -668 -261 238
24804: -198 -669 -262 166
24805: -198 -669 -263 175
24806: -198 -669 -264 184
24807: -198 -669 -265 193
24808: -198 -669 -266 202
24810: -198 -669 -268 220
24811: -198 -669 -269 229
24816: -198 -670 -274 193
24824: -198 -671 -282 184
24825: -198 -671 -283 193
24827: -198 -671 -285 211
24828: -198 -671 -286 220
24829: -198 -671 -287 229
24833: -198 -672 -291 184
24834: -198 -672 -292 193
24840: -198 -673 -298 166
24841: -198 -673 -299 175
24842: -198 -673 -300 184
24844: -198 -673 -302 202
24849: -198 -674 -307 166
24851: -198 -674 -309 184
24855: -198 -674 -313 220
24858: -198 -675 -316 166
24859: -198 -675 -317 175
24865: -198 -675 -323 229
24866: -198 -675 -324 238
24904: -271 -32 -281 256
24905: -271 -32 -282 265
24907: -271 -32 -284 283
24908: -271 -32 -285 292
24909: -271 -32 -286 301
24910: -271 -32 -287 310
24911: -271 -32 -288 319
24962: -272 -110 -258 292
24963: -272 -110 -259 301
24965: -272 -110 -261 319
24966: -272 -111 -262 247
24968: -272 -111 -264 265
24969: -272 -111 -265 274
24971: -272 -111 -267 292
24972: -272 -111 -268 301
24974: -272 -111 -270 319
24993: -272 -114 -289 247
24995: -272 -114 -291 265
24996: -272 -114 -292 274
24997: -272 -114 -293 283
24998: -272 -114 -294 292
24999: -272 -114 -295 301
25000: -272 -114 -296 310
25001: -272 -114 -297 319
25002: -272 -115 -298 247
25004: -272 -115 -300 265
25005: -272 -115 -301 274
25006: -272 -115 -302 283
25007: -272 -115 -303 292
25008: -272 -115 -304 301
25009: -272 -115 -305 310
25010: -272 -115 -306 319
25011: -272 -116 -307 247
25013: -272 -116 -309 265
25014: -272 -116 -310 274
25015: -272 -116 -311 283
25016: -272 -116 -312 292
25017: -272 -116 -313 301
25018: -272 -116 -314 310
25019: -272 -116 -315 319
25020: -272 -117 -316 247
25022: -272 -117 -318 265
25024: -272 -117 -320 283
25025: -272 -117 -321 292
25026: -272 -117 -322 301
25027: -272 -117 -323 310
25028: -272 -117 -324 319
25138: -274 -274 -272 256
25141: -274 -274 -275 283
25143: -274 -274 -277 301
25145: -274 -274 -279 319
25206: -275 -353 -259 301
25207: -275 -353 -260 310
25212: -275 -354 -265 274
25214: -275 -354 -267 292
25236: -275 -357 -289 247
25237: -275 -357 -290 256
25238: -275 -357 -291 265
25239: -275 -357 -292 274
25242: -275 -357 -295 301
25245: -275 -358 -298 247
25246: -275 -358 -299 256
25247: -275 -358 -300 265
25250: -275 -358 -303 292
25251: -275 -358 -304 301
25252: -275 -358 -305 310
25254: -275 -359 -307 247
25255: -275 -359 -308 256
25256: -275 -359 -309 265
25257: -275 -359 -310 274
25259: -275 -359 -312 292
25262: -275 -359 -315 319
25263: -275 -360 -316 247
25264: -275 -360 -317 256
25265: -275 -360 -318 265
25266: -275 -360 -319 274
25273: -276 -433 -245 256
25275: -276 -433 -247 274
25276: -276 -433 -248 283
25278: -276 -433 -250 301
25279: -276 -433 -251 310
25280: -276 -433 -252 319
25284: -276 -434 -256 274
25287: -276 -434 -259 301
25288: -276 -434 -260 310
25289: -276 -434 -261 319
25290: -276 -435 -262 247
25291: -276 -435 -263 256
25292: -276 -435 -264 265
25293: -276 -435 -265 274
25294: -276 -435 -266 283
25296: -276 -435 -268 301
25308: -276 -437 -280 247
25309: -276 -437 -281 256
25310: -276 -437 -282 265
25311: -276 -437 -283 274
25312: -276 -437 -284 283
25314: -276 -437 -286 301
25317: -276 -438 -289 247
25326: -276 -439 -298 247
25327: -276 -439 -299 256
25328: -276 -439 -300 265
25329: -276 -439 -301 274
25330: -276 -439 -302 283
25333: -276 -439 -305 310
25334: -276 -439 -306 319
25335: -276 -440 -307 247
25336: -276 -440 -308 256
25337: -276 -440 -309 265
25338: -276 -440 -310 274
25339: -276 -440 -311 283
25341: -276 -440 -313 301
25342: -276 -440 -314 310
25343: -276 -440 -315 319
25344: -276 -441 -316 247
25345: -276 -441 -317 256
25346: -276 -441 -318 265
25347: -276 -441 -319 274
25348: -276 -441 -320 283
25350: -276 -441 -322 301
25351: -276 -441 -323 310
25352: -276 -441 -324 319
25356: -277 -514 -247 274
25357: -277 -514 -248 283
25358: -277 -514 -249 292
25360: -277 -514 -251 310
25361: -277 -514 -252 319
25365: -277 -515 -256 274
25367: -277 -515 -258 292
25369: -277 -515 -260 310
25370: -277 -515 -261 319
25371: -277 -516 -262 247
25372: -277 -516 -263 256
25373: -277 -516 -264 265
25374: -277 -516 -265 274
25375: -277 -516 -266 283
25379: -277 -516 -270 319
25389: -277 -518 -280 247
25390: -277 -518 -281 256
25391: -277 -518 -282 265
25394: -277 -518 -285 292
25396: -277 -518 -287 310
25397: -277 -518 -288 319
25398: -277 -519 -289 247
25399: -277 -519 -290 256
25400: -277 -519 -291 265
25401: -277 -519 -292 274
25402: -277 -519 -293 283
25403: -277 -519 -294 292
25405: -277 -519 -296 310
25406: -277 -519 -297 319
25416: -277 -521 -307 247
25417: -277 -521 -308 256
25418: -277 -521 -309 265
25419: -277 -521 -310 274
25420: -277 -521 -311 283
25421: -277 -521 -312 292
25423: -277 -521 -314 310
25424: -277 -521 -315 319
25425: -277 -522 -316 247
25426: -277 -522 -317 256
25427: -277 -522 -318 265
25428: -277 -522 -319 274
25429: -277 -522 -320 283
25430: -277 -522 -321 292
25432: -277 -522 -323 310
25433: -277 -522 -324 319
25437: -278 -595 -247 274
25438: -278 -595 -248 283
25439: -278 -595 -249 292
25440: -278 -595 -250 301
25442: -278 -595 -252 319
25444: -278 -596 -254 256
25446: -278 -596 -256 274
25448: -278 -596 -258 292
25449: -278 -596 -259 301
25451: -278 -596 -261 319
25452: -278 -597 -262 247
25453: -278 -597 -263 256
25454: -278 -597 -264 265
25455: -278 -597 -265 274
25456: -278 -597 -266 283
25457: -278 -597 -267 292
25458: -278 -597 -268 301
25470: -278 -599 -280 247
25471: -278 -599 -281 256
25472: -278 -599 -282 265
25473: -278 -599 -283 274
25474: -278 -599 -284 283
25475: -278 -599 -285 292
25476: -278 -599 -286 301
25478: -278 -599 -288 319
25479: -278 -600 -289 247
25480: -278 -600 -290 256
25481: -278 -600 -291 265
25482: -278 -600 -292 274
25483: -278 -600 -293 283
25484: -278 -600 -294 292
25487: -278 -600 -297 319
25488: -278 -601 -298 247
25489: -278 -601 -299 256
25490: -278 -601 -300 265
25491: -278 -601 -301 274
25492: -278 -601 -302 283
25493: -278 -601 -303 292
25494: -278 -601 -304 301
25496: -278 -601 -306 319
25497: -278 -602 -307 247
25506: -278 -603 -316 247
25507: -278 -603 -317 256
25508: -278 -603 -318 265
25509: -278 -603 -319 274
25510: -278 -603 -320 283
25511: -278 -603 -321 292
25512: -278 -603 -322 301
25514: -278 -603 -324 319
25518: -279 -676 -247 274
25519: -279 -676 -248 283
25520: -279 -676 -249 292
25521: -279 -676 -250 301
25522: -279 -676 -251 310
25527: -279 -677 -256 274
25529: -279 -677 -258 292
25530: -279 -677 -259 301
25531: -279 -677 -260 310
25533: -279 -678 -262 247
25534: -279 -678 -263 256
25536: -279 -678 -265 274
25539: -279 -678 -268 301
25550: -279 -679 -279 319
25551: -279 -680 -280 247
25552: -279 -680 -281 256
25553: -279 -680 -282 265
25554: -279 -680 -283 274
25555: -279 -680 -284 283
25556: -279 -680 -285 292
25560: -279 -681 -289 247
25561: -279 -681 -290 256
25562: -279 -681 -291 265
25563: -279 -681 -292 274
25564: -279 -681 -293 283
25565: -279 -681 -294 292
25569: -279 -682 -298 247
25570: -279 -682 -299 256
25571: -279 -682 -300 265
25572: -279 -682 -301 274
25573: -279 -682 -302 283
25574: -279 -682 -303 292
25576: -279 -682 -305 310
25578: -279 -683 -307 247
25579: -279 -683 -308 256
25580: -279 -683 -309 265
25581: -279 -683 -310 274
25582: -279 -683 -311 283
25583: -279 -683 -312 292
25584: -279 -683 -313 301
25599: -352 -37 -247 355
25601: -352 -37 -249 373
25604: -352 -37 -252 400
25683: -353 -118 -250 382
25684: -353 -118 -251 391
25692: -353 -119 -259 382
25694: -353 -119 -261 400
25698: -353 -120 -265 355
25699: -353 -120 -266 364
25713: -353 -122 -280 328
25724: -353 -123 -291 346
25725: -353 -123 -292 355
25733: -353 -124 -300 346
25735: -353 -124 -302 364
25739: -353 -124 -306 400
25751: -353 -126 -318 346
25753: -353 -126 -320 364
25761: -354 -199 -247 355
25763: -354 -199 -249 373
25764: -354 -199 -250 382
25765: -354 -199 -251 391
25770: -354 -200 -256 355
25772: -354 -200 -258 373
25773: -354 -200 -259 382
25774: -354 -200 -260 391
25775: -354 -200 -261 400
25780: -354 -201 -266 364
25783: -354 -201 -269 391
25789: -354 -202 -275 364
25790: -354 -202 -276 373
25799: -354 -203 -285 373
25803: -354 -204 -289 328
25805: -354 -204 -291 346
25809: -354 -204 -295 382
25810: -354 -204 -296 391
25812: -354 -205 -298 328
25814: -354 -205 -300 346
25816: -354 -205 -302 364
25821: -354 -206 -307 328
25823: -354 -206 -309 346
25825: -354 -206 -311 364
25827: -354 -206 -313 382
25830: -354 -207 -316 328
25832: -354 -207 -318 346
25834: -354 -207 -320 364
25835: -354 -207 -321 373
25836: -354 -207 -322 382
25932: -356 -362 -256 355
25934: -356 -362 -258 373
25935: -356 -362 -259 382
25937: -356 -362 -261 400
25938: -356 -363 -262 328
25942: -356 -363 -266 364
25943: -356 -363 -267 373
25965: -356 -366 -289 328
25967: -356 -366 -291 346
25969: -356 -366 -293 364
25974: -356 -367 -298 328
25976: -356 -367 -300 346
25982: -356 -367 -306 400
25983: -356 -368 -307 328
25987: -356 -368 -311 364
25992: -356 -369 -316 328
25994: -356 -369 -318 346
25995: -356 -369 -319 355
25996: -356 -369 -320 364
25997: -356 -369 -321 373
26000: -356 -369 -324 400
26005: -357 -442 -248 364
26006: -357 -442 -249 373
26013: -357 -443 -256 355
26015: -357 -443 -258 373
26018: -357 -443 -261 400
26021: -357 -444 -264 346
26022: -357 -444 -265 355
26023: -357 -444 -266 364
26024: -357 -444 -267 373
26031: -357 -445 -274 355
26033: -357 -445 -276 373
26034: -357 -445 -277 382
26035: -357 -445 -278 391
26036: -357 -445 -279 400
26039: -357 -446 -282 346
26041: -357 -446 -284 364
26042: -357 -446 -285 373
26049: -357 -447 -292 355
26054: -357 -447 -297 400
26055: -357 -448 -298 328
26057: -357 -448 -300 346
26064: -357 -449 -307 328
26066: -357 -449 -309 346
26067: -357 -449 -310 355
26068: -357 -449 -311 364
26069: -357 -449 -312 373
26072: -357 -449 -315 400
26073: -357 -450 -316 328
26075: -357 -450 -318 346
26076: -357 -450 -319 355
26078: -357 -450 -321 373
26079: -357 -450 -322 382
26080: -357 -450 -323 391
26081: -357 -450 -324 400
26086: -358 -523 -248 364
26087: -358 -523 -249 373
26090: -358 -523 -252 400
26094: -358 -524 -256 355
26096: -358 -524 -258 373
26097: -358 -524 -259 382
26098: -358 -524 -260 391
26100: -358 -525 -262 328
26103: -358 -525 -265 355
26105: -358 -525 -267 373
26106: -358 -525 -268 382
26108: -358 -525 -270 400
26112: -358 -526 -274 355
26113: -358 -526 -275 364
26115: -358 -526 -277 382
26120: -358 -527 -282 346
26122: -358 -527 -284 364
26124: -358 -527 -286 382
26127: -358 -528 -289 328
26129: -358 -528 -291 346
26130: -358 -528 -292 355
26133: -358 -528 -295 382
26134: -358 -528 -296 391
26135: -358 -528 -297 400
26139: -358 -529 -301 355
26142: -358 -529 -304 382
26145: -358 -530 -307 328
26149: -358 -530 -311 364
26150: -358 -530 -312 373
26151: -358 -530 -313 382
26154: -358 -531 -316 328
26156: -358 -531 -318 346
26160: -358 -531 -322 382
26161: -358 -531 -323 391
26162: -358 -531 -324 400
26167: -359 -604 -248 364
26177: -359 -605 -258 373
26180: -359 -605 -261 400
26181: -359 -606 -262 328
26183: -359 -606 -264 346
26184: -359 -606 -265 355
26185: -359 -606 -266 364
26186: -359 -606 -267 373
26188: -359 -606 -269 391
26190: -359 -607 -271 328
26193: -359 -607 -274 355
26197: -359 -607 -278 391
26201: -359 -608 -282 346
26203: -359 -608 -284 364
26205: -359 -608 -286 382
26206: -359 -608 -287 391
26208: -359 -609 -289 328
26210: -359 -609 -291 346
26211: -359 -609 -292 355
26215: -359 -609 -296 391
26217: -359 -610 -298 328
26219: -359 -610 -300 346
26220: -359 -610 -301 355
26221: -359 -610 -302 364
26224: -359 -610 -305 391
26225: -359 -610 -306 400
26229: -359 -611 -310 355
26230: -359 -611 -311 364
26231: -359 -611 -312 373
26234: -359 -611 -315 400
26235: -359 -612 -316 328
26237: -359 -612 -318 346
26239: -359 -612 -320 364
26242: -359 -612 -323 391
26248: -360 -685 -248 364
26249: -360 -685 -249 373
26250: -360 -685 -250 382
26256: -360 -686 -256 355
26258: -360 -686 -258 373
26261: -360 -686 -261 400
26262: -360 -687 -262 328
26265: -360 -687 -265 355
26266: -360 -687 -266 364
26269: -360 -687 -269 391
26270: -360 -687 -270 400
26278: -360 -688 -278 391
26282: -360 -689 -282 346
26286: -360 -689 -286 382
26288: -360 -689 -288 400
26289: -360 -690 -289 328
26291: -360 -690 -291 346
26297: -360 -690 -297 400
26298: -360 -691 -298 328
26300: -360 -691 -300 346
26306: -360 -691 -306 400
26307: -360 -692 -307 328
26309: -360 -692 -309 346
26310: -360 -692 -310 355
26311: -360 -692 -311 364
26312: -360 -692 -312 373
26313: -360 -692 -313 382
26315: -360 -692 -315 400
26319: -360 -693 -319 355
26323: -360 -693 -323 391
26379: -433 -52 -298 409
26380: -433 -52 -299 418
26381: -433 -52 -300 427
26382: -433 -52 -301 436
26383: -433 -52 -302 445
26384: -433 -52 -303 454
26385: -433 -52 -304 463
26386: -433 -52 -305 472
26387: -433 -52 -306 481
26407: -434 -127 -245 418
26409: -434 -127 -247 436
26410: -434 -127 -248 445
26411: -434 -127 -249 454
26412: -434 -127 -250 463
26413: -434 -127 -251 472
26416: -434 -128 -254 418
26418: -434 -128 -256 436
26421: -434 -128 -259 463
26422: -434 -128 -260 472
26424: -434 -129 -262 409
26425: -434 -129 -263 418
26428: -434 -129 -266 445
26430: -434 -129 -268 463
26443: -434 -131 -281 418
26444: -434 -131 -282 427
26445: -434 -131 -283 436
26446: -434 -131 -284 445
26447: -434 -131 -285 454
26448: -434 -131 -286 463
26449: -434 -131 -287 472
26450: -434 -131 -288 481
26452: -434 -132 -290 418
26453: -434 -132 -291 427
26460: -434 -133 -298 409
26461: -434 -133 -299 418
26463: -434 -133 -301 436
26464: -434 -133 -302 445
26469: -434 -134 -307 409
26472: -434 -134 -310 436
26473: -434 -134 -311 445
26474: -434 -134 -312 454
26476: -434 -134 -314 472
26477: -434 -134 -315 481
26478: -434 -135 -316 409
26479: -434 -135 -317 418
26481: -434 -135 -319 436
26482: -434 -135 -320 445
26484: -434 -135 -322 463
26486: -434 -135 -324 481
26488: -435 -208 -245 418
26490: -435 -208 -247 436
26491: -435 -208 -248 445
26493: -435 -208 -250 463
26494: -435 -208 -251 472
26495: -435 -208 -252 481
26497: -435 -209 -254 418
26499: -435 -209 -256 436
26502: -435 -209 -259 463
26503: -435 -209 -260 472
26504: -435 -209 -261 481
26505: -435 -210 -262 409
26506: -435 -210 -263 418
26508: -435 -210 -265 436
26509: -435 -210 -266 445
26517: -435 -211 -274 436
26519: -435 -211 -276 454
26525: -435 -212 -282 427
26526: -435 -212 -283 436
26527: -435 -212 -284 445
26532: -435 -213 -289 409
26534: -435 -213 -291 427
26541: -435 -214 -298 409
26543: -435 -214 -300 427
26545: -435 -214 -302 445
26546: -435 -214 -303 454
26550: -435 -215 -307 409
26552: -435 -215 -309 427
26554: -435 -215 -311 445
26559: -435 -216 -316 409
26561: -435 -216 -318 427
26572: -436 -289 -248 445
26576: -436 -289 -252 481
26582: -436 -290 -258 454
26583: -436 -290 -259 463
26585: -436 -290 -261 481
26586: -436 -291 -262 409
26587: -436 -291 -263 418
26590: -436 -291 -266 445
26594: -436 -291 -270 481
26604: -436 -293 -280 409
26606: -436 -293 -282 427
26609: -436 -293 -285 454
26622: -436 -295 -298 409
26623: -436 -295 -299 418
26624: -436 -295 -300 427
26631: -436 -296 -307 409
26632: -436 -296 -308 418
26633: -436 -296 -309 427
26640: -436 -297 -316 409
26642: -436 -297 -318 427
26653: -437 -370 -248 445
26655: -437 -370 -250 463
26656: -437 -370 -251 472
26657: -437 -370 -252 481
26661: -437 -371 -256 436
26663: -437 -371 -258 454
26665: -437 -371 -260 472
26671: -437 -372 -266 445
26689: -437 -374 -284 445
26693: -437 -374 -288 481
26712: -437 -377 -307 409
26734: -438 -451 -248 445
26736: -438 -451 -250 463
26742: -438 -452 -256 436
26744: -438 -452 -258 454
26746: -438 -452 -260 472
26747: -438 -452 -261 481
26750: -438 -453 -264 427
26752: -438 -453 -266 445
26754: -438 -453 -268 463
26765: -438 -454 -279 481
26768: -438 -455 -282 427
26769: -438 -455 -283 436
26784: -438 -457 -298 409
26794: -438 -458 -308 418
26795: -438 -458 -309 427
26796: -438 -458 -310 436
26797: -438 -458 -311 445
26799: -438 -458 -313 463
26801: -438 -458 -315 481
26814: -439 -532 -247 436
26816: -439 -532 -249 454
26817: -439 -532 -250 463
26818: -439 -532 -251 472
26819: -439 -532 -252 481
26823: -439 -533 -256 436
26825: -439 -533 -258 454
26826: -439 -533 -259 463
26827: -439 -533 -260 472
26828: -439 -533 -261 481
26829: -439 -534 -262 409
26831: -439 -534 -264 427
26833: -439 -534 -266 445
26836: -439 -534 -269 472
26837: -439 -534 -270 481
26839: -439 -535 -272 418
26841: -439 -535 -274 436
26843: -439 -535 -276 454
26844: -439 -535 -277 463
26845: -439 -535 -278 472
26846: -439 -535 -279 481
26850: -439 -536 -283 436
26851: -439 -536 -284 445
26853: -439 -536 -286 463
26856: -439 -537 -289 409
26857: -439 -537 -290 418
26858: -439 -537 -291 427
26859: -439 -537 -292 436
26860: -439 -537 -293 445
26863: -439 -537 -296 472
26865: -439 -538 -298 409
26867: -439 -538 -300 427
26869: -439 -538 -302 445
26874: -439 -539 -307 409
26875: -439 -539 -308 418
26876: -439 -539 -309 427
26882: -439 -539 -315 481
26883: -439 -540 -316 409
26884: -439 -540 -317 418
26885: -439 -540 -318 427
26886: -439 -540 -319 436
26887: -439 -540 -320 445
26889: -439 -540 -322 463
26890: -439 -540 -323 472
26895: -440 -613 -247 436
26896: -440 -613 -248 445
26897: -440 -613 -249 454
26898: -440 -613 -250 463
26899: -440 -613 -251 472
26900: -440 -613 -252 481
26904: -440 -614 -256 436
26907: -440 -614 -259 463
26908: -440 -614 -260 472
26910: -440 -615 -262 409
26911: -440 -615 -263 418
26913: -440 -615 -265 436
26916: -440 -615 -268 463
26917: -440 -615 -269 472
26919: -440 -616 -271 409
26922: -440 -616 -274 436
26924: -440 -616 -276 454
26926: -440 -616 -278 472
26927: -440 -616 -279 481
26929: -440 -617 -281 418
26930: -440 -617 -282 427
26931: -440 -617 -283 436
26935: -440 -617 -287 472
26937: -440 -618 -289 409
26938: -440 -618 -290 418
26939: -440 -618 -291 427
26944: -440 -618 -296 472
26946: -440 -619 -298 409
26947: -440 -619 -299 418
26948: -440 -619 -300 427
26949: -440 -619 -301 436
26950: -440 -619 -302 445
26953: -440 -619 -305 472
26954: -440 -619 -306 481
26955: -440 -620 -307 409
26956: -440 -620 -308 418
26957: -440 -620 -309 427
26959: -440 -620 -311 445
26962: -440 -620 -314 472
26963: -440 -620 -315 481
26964: -440 -621 -316 409
26965: -440 -621 -317 418
26966: -440 -621 -318 427
26967: -440 -621 -319 436
26976: -441 -694 -247 436
26977: -441 -694 -248 445
26978: -441 -694 -249 454
26979: -441 -694 -250 463
26981: -441 -694 -252 481
26985: -441 -695 -256 436
26987: -441 -695 -258 454
26988: -441 -695 -259 463
26989: -441 -695 -260 472
26992: -441 -696 -263 418
26993: -441 -696 -264 427
26994: -441 -696 -265 436
26995: -441 -696 -266 445
26997: -441 -696 -268 463
27000: -441 -697 -271 409
27001: -441 -697 -272 418
27003: -441 -697 -274 436
27008: -441 -697 -279 481
27011: -441 -698 -282 427
27012: -441 -698 -283 436
27013: -441 -698 -284 445
27018: -441 -699 -289 409
27036: -441 -701 -307 409
27038: -441 -701 -309 427
27045: -441 -702 -316 409
27047: -441 -702 -318 427
27117: -514 -62 -307 490
27118: -514 -62 -308 499
27119: -514 -62 -309 508
27120: -514 -62 -310 517
27121: -514 -62 -311 526
27122: -514 -62 -312 535
27123: -514 -62 -313 544
27124: -514 -62 -314 553
27125: -514 -62 -315 562
27136: -515 -136 -245 499
27138: -515 -136 -247 517
27139: -515 -136 -248 526
27141: -515 -136 -250 544
27142: -515 -136 -251 553
27143: -515 -136 -252 562
27145: -515 -137 -254 499
27147: -515 -137 -256 517
27150: -515 -137 -259 544
27153: -515 -138 -262 490
27155: -515 -138 -264 508
27172: -515 -140 -281 499
27173: -515 -140 -282 508
27174: -515 -140 -283 517
27178: -515 -140 -287 553
27180: -515 -141 -289 490
27181: -515 -141 -290 499
27183: -515 -141 -292 517
27184: -515 -141 -293 526
27185: -515 -141 -294 535
27187: -515 -141 -296 553
27189: -515 -142 -298 490
27190: -515 -142 -299 499
27191: -515 -142 -300 508
27198: -515 -143 -307 490
27199: -515 -143 -308 499
27200: -515 -143 -309 508
27202: -515 -143 -311 526
27207: -515 -144 -316 490
27210: -515 -144 -319 517
27211: -515 -144 -320 526
27213: -515 -144 -322 544
27215: -515 -144 -324 562
27219: -516 -217 -247 517
27220: -516 -217 -248 526
27221: -516 -217 -249 535
27223: -516 -217 -251 553
27224: -516 -217 -252 562
27226: -516 -218 -254 499
27230: -516 -218 -258 535
27232: -516 -218 -260 553
27233: -516 -218 -261 562
27238: -516 -219 -266 526
27239: -516 -219 -267 535
27246: -516 -220 -274 517
27248: -516 -220 -276 535
27249: -516 -220 -277 544
27250: -516 -220 -278 553
27251: -516 -220 -279 562
27253: -516 -221 -281 499
27254: -516 -221 -282 508
27255: -516 -221 -283 517
27261: -516 -222 -289 490
27263: -516 -222 -291 508
27264: -516 -222 -292 517
27271: -516 -223 -299 499
27279: -516 -224 -307 490
27281: -516 -224 -309 508
27282: -516 -224 -310 517
27283: -516 -224 -311 526
27287: -516 -224 -315 562
27288: -516 -225 -316 490
27290: -516 -225 -318 508
27301: -517 -298 -248 526
27304: -517 -298 -251 553
27312: -517 -299 -259 544
27313: -517 -299 -260 553
27315: -517 -300 -262 490
27316: -517 -300 -263 499
27319: -517 -300 -266 526
27332: -517 -301 -279 562
27333: -517 -302 -280 490
27342: -517 -303 -289 490
27360: -517 -305 -307 490
27362: -517 -305 -309 508
27369: -517 -306 -316 490
27371: -517 -306 -318 508
27382: -518 -379 -248 526
27383: -518 -379 -249 535
27385: -518 -379 -251 553
27386: -518 -379 -252 562
27390: -518 -380 -256 517
27393: -518 -380 -259 544
27396: -518 -381 -262 490
27400: -518 -381 -266 526
27402: -518 -381 -268 544
27418: -518 -383 -284 526
27419: -518 -383 -285 535
27425: -518 -384 -291 508
27426: -518 -384 -292 517
27433: -518 -385 -299 499
27450: -518 -387 -316 490
27451: -518 -387 -317 499
27452: -518 -387 -318 508
27453: -518 -387 -319 517
27462: -519 -460 -247 517
27463: -519 -460 -248 526
27464: -519 -460 -249 535
27465: -519 -460 -250 544
27466: -519 -460 -251 553
27469: -519 -461 -254 499
27471: -519 -461 -256 517
27473: -519 -461 -258 535
27475: -519 -461 -260 553
27476: -519 -461 -261 562
27477: -519 -462 -262 490
27478: -519 -462 -263 499
27479: -519 -462 -264 508
27480: -519 -462 -265 517
27481: -519 -462 -266 526
27485: -519 -462 -270 562
27486: -519 -463 -271 490
27489: -519 -463 -274 517
27491: -519 -463 -276 535
27492: -519 -463 -277 544
27494: -519 -463 -279 562
27495: -519 -464 -280 490
27498: -519 -464 -283 517
27500: -519 -464 -285 535
27501: -519 -464 -286 544
27505: -519 -465 -290 499
27506: -519 -465 -291 508
27508: -519 -465 -293 526
27513: -519 -466 -298 490
27522: -519 -467 -307 490
27531: -519 -468 -316 490
27532: -519 -468 -317 499
27533: -519 -468 -318 508
27535: -519 -468 -320 526
27538: -519 -468 -323 553
27547: -520 -541 -251 553
27552: -520 -542 -256 517
27555: -520 -542 -259 544
27556: -520 -542 -260 553
27557: -520 -542 -261 562
27558: -520 -543 -262 490
27559: -520 -543 -263 499
27560: -520 -543 -264 508
27561: -520 -543 -265 517
27562: -520 -543 -266 526
27564: -520 -543 -268 544
27565: -520 -543 -269 553
27577: -520 -545 -281 499
27578: -520 -545 -282 508
27579: -520 -545 -283 517
27580: -520 -545 -284 526
27583: -520 -545 -287 553
27603: -520 -548 -307 490
27605: -520 -548 -309 508
27606: -520 -548 -310 517
27609: -520 -548 -313 544
27613: -520 -549 -317 499
27614: -520 -549 -318 508
27615: -520 -549 -319 517
27616: -520 -549 -320 526
27617: -520 -549 -321 535
27619: -520 -549 -323 553
27620: -520 -549 -324 562
27622: -521 -622 -245 499
27624: -521 -622 -247 517
27625: -521 -622 -248 526
27627: -521 -622 -250 544
27628: -521 -622 -251 553
27629: -521 -622 -252 562
27633: -521 -623 -256 517
27635: -521 -623 -258 535
27637: -521 -623 -260 553
27638: -521 -623 -261 562
27640: -521 -624 -263 499
27641: -521 -624 -264 508
27642: -521 -624 -265 517
27643: -521 -624 -266 526
27644: -521 -624 -267 535
27648: -521 -625 -271 490
27651: -521 -625 -274 517
27652: -521 -625 -275 526
27653: -521 -625 -276 535
27654: -521 -625 -277 544
27655: -521 -625 -278 553
27660: -521 -626 -283 517
27664: -521 -626 -287 553
27666: -521 -627 -289 490
27667: -521 -627 -290 499
27668: -521 -627 -291 508
27673: -521 -627 -296 553
27675: -521 -628 -298 490
27676: -521 -628 -299 499
27677: -521 -628 -300 508
27682: -521 -628 -305 553
27684: -521 -629 -307 490
27685: -521 -629 -308 499
27688: -521 -629 -311 526
27691: -521 -629 -314 553
27693: -521 -630 -316 490
27695: -521 -630 -318 508
27705: -522 -703 -247 517
27706: -522 -703 -248 526
27708: -522 -703 -250 544
27709: -522 -703 -251 553
27710: -522 -703 -252 562
27712: -522 -704 -254 499
27714: -522 -704 -256 517
27718: -522 -704 -260 553
27719: -522 -704 -261 562
27720: -522 -705 -262 490
27724: -522 -705 -266 526
27726: -522 -705 -268 544
27728: -522 -705 -270 562
27729: -522 -706 -271 490
27732: -522 -706 -274 517
27733: -522 -706 -275 526
27734: -522 -706 -276 535
27735: -522 -706 -277 544
27736: -522 -706 -278 553
27737: -522 -706 -279 562
27739: -522 -707 -281 499
27741: -522 -707 -283 517
27742: -522 -707 -284 526
27743: -522 -707 -285 535
27744: -522 -707 -286 544
27747: -522 -708 -289 490
27749: -522 -708 -291 508
27755: -522 -708 -297 562
27756: -522 -709 -298 490
27758: -522 -709 -300 508
27759: -522 -709 -301 517
27765: -522 -710 -307 490
27767: -522 -710 -309 508
27768: -522 -710 -310 517
27770: -522 -710 -312 535
27772: -522 -710 -314 553
27774: -522 -711 -316 490
27775: -522 -711 -317 499
27782: -522 -711 -324 562
27855: -595 -72 -316 571
27856: -595 -72 -317 580
27857: -595 -72 -318 589
27858: -595 -72 -319 598
27859: -595 -72 -320 607
27860: -595 -72 -321 616
27861: -595 -72 -322 625
27862: -595 -72 -323 634
27863: -595 -72 -324 643
27867: -596 -145 -247 598
27868: -596 -145 -248 607
27869: -596 -145 -249 616
27871: -596 -145 -251 634
27872: -596 -145 -252 643
27874: -596 -146 -254 580
27876: -596 -146 -256 598
27878: -596 -146 -258 616
27881: -596 -146 -261 643
27882: -596 -147 -262 571
27883: -596 -147 -263 580
27885: -596 -147 -265 598
27901: -596 -149 -281 580
27902: -596 -149 -282 589
27903: -596 -149 -283 598
27904: -596 -149 -284 607
27907: -596 -149 -287 634
27908: -596 -149 -288 643
27909: -596 -150 -289 571
27910: -596 -150 -290 580
27911: -596 -150 -291 589
27912: -596 -150 -292 598
27913: -596 -150 -293 607
27916: -596 -150 -296 634
27918: -596 -151 -298 571
27919: -596 -151 -299 580
27920: -596 -151 -300 589
27921: -596 -151 -301 598
27922: -596 -151 -302 607
27925: -596 -151 -305 634
27927: -596 -152 -307 571
27928: -596 -152 -308 580
27929: -596 -152 -309 589
27936: -596 -153 -316 571
27937: -596 -153 -317 580
27939: -596 -153 -319 598
27940: -596 -153 -320 607
27942: -596 -153 -322 625
27948: -597 -226 -247 598
27949: -597 -226 -248 607
27950: -597 -226 -249 616
27951: -597 -226 -250 625
27953: -597 -226 -252 643
27957: -597 -227 -256 598
27959: -597 -227 -258 616
27960: -597 -227 -259 625
27962: -597 -227 -261 643
27965: -597 -228 -264 589
27967: -597 -228 -266 607
27968: -597 -228 -267 616
27977: -597 -229 -276 616
27979: -597 -229 -278 634
27982: -597 -230 -281 580
27983: -597 -230 -282 589
27984: -597 -230 -283 598
27988: -597 -230 -287 634
27990: -597 -231 -289 571
27992: -597 -231 -291 589
27993: -597 -231 -292 598
27996: -597 -231 -295 625
27999: -597 -232 -298 571
28001: -597 -232 -300 589
28003: -597 -232 -302 607
28006: -597 -232 -305 634
28008: -597 -233 -307 571
28010: -597 -233 -309 589
28017: -597 -234 -316 571
28019: -597 -234 -318 589
28024: -597 -234 -323 634
28031: -598 -307 -249 616
28041: -598 -308 -259 625
28042: -598 -308 -260 634
28044: -598 -309 -262 571
28045: -598 -309 -263 580
28048: -598 -309 -266 607
28049: -598 -309 -267 616
28051: -598 -309 -269 634
28062: -598 -311 -280 571
28064: -598 -311 -282 589
28068: -598 -311 -286 625
28069: -598 -311 -287 634
28070: -598 -311 -288 643
28071: -598 -312 -289 571
28072: -598 -312 -290 580
28073: -598 -312 -291 589
28078: -598 -312 -296 634
28080: -598 -313 -298 571
28081: -598 -313 -299 580
28082: -598 -313 -300 589
28087: -598 -313 -305 634
28088: -598 -313 -306 643
28096: -598 -314 -314 634
28098: -598 -315 -316 571
28099: -598 -315 -317 580
28100: -598 -315 -318 589
28104: -598 -315 -322 625
28110: -599 -388 -247 598
28111: -599 -388 -248 607
28112: -599 -388 -249 616
28113: -599 -388 -250 625
28115: -599 -388 -252 643
28119: -599 -389 -256 598
28122: -599 -389 -259 625
28123: -599 -389 -260 634
28126: -599 -390 -263 580
28128: -599 -390 -265 598
28145: -599 -392 -282 589
28151: -599 -392 -288 643
28152: -599 -393 -289 571
28161: -599 -394 -298 571
28164: -599 -394 -301 598
28170: -599 -395 -307 571
28174: -599 -395 -311 607
28175: -599 -395 -312 616
28191: -600 -469 -247 598
28192: -600 -469 -248 607
28193: -600 -469 -249 616
28194: -600 -469 -250 625
28195: -600 -469 -251 634
28196: -600 -469 -252 643
28198: -600 -470 -254 580
28200: -600 -470 -256 598
28202: -600 -470 -258 616
28205: -600 -470 -261 643
28209: -600 -471 -265 598
28211: -600 -471 -267 616
28218: -600 -472 -274 598
28220: -600 -472 -276 616
28221: -600 -472 -277 625
28222: -600 -472 -278 634
28223: -600 -472 -279 643
28225: -600 -473 -281 580
28227: -600 -473 -283 598
28228: -600 -473 -284 607
28230: -600 -473 -286 625
28231: -600 -473 -287 634
28233: -600 -474 -289 571
28234: -600 -474 -290 580
28236: -600 -474 -292 598
28237: -600 -474 -293 607
28242: -600 -475 -298 571
28244: -600 -475 -300 589
28246: -600 -475 -302 607
28252: -600 -476 -308 580
28253: -600 -476 -309 589
28254: -600 -476 -310 598
28255: -600 -476 -311 607
28256: -600 -476 -312 616
28260: -600 -477 -316 571
28261: -600 -477 -317 580
28263: -600 -477 -319 598
28264: -600 -477 -320 607
28267: -600 -477 -323 634
28268: -600 -477 -324 643
28270: -601 -550 -245 580
28272: -601 -550 -247 598
28273: -601 -550 -248 607
28275: -601 -550 -250 625
28276: -601 -550 -251 634
28277: -601 -550 -252 643
28279: -601 -551 -254 580
28281: -601 -551 -256 598
28283: -601 -551 -258 616
28284: -601 -551 -259 625
28285: -601 -551 -260 634
28286: -601 -551 -261 643
28287: -601 -552 -262 571
28294: -601 -552 -269 634
28296: -601 -553 -271 571
28297: -601 -553 -272 580
28299: -601 -553 -274 598
28301: -601 -553 -276 616
28302: -601 -553 -277 625
28303: -601 -553 -278 634
28304: -601 -553 -279 643
28308: -601 -554 -283 598
28311: -601 -554 -286 625
28313: -601 -554 -288 643
28314: -601 -555 -289 571
28315: -601 -555 -290 580
28316: -601 -555 -291 589
28318: -601 -555 -293 607
28321: -601 -555 -296 634
28323: -601 -556 -298 571
28324: -601 -556 -299 580
28325: -601 -556 -300 589
28331: -601 -556 -306 643
28332: -601 -557 -307 571
28334: -601 -557 -309 589
28341: -601 -558 -316 571
28342: -601 -558 -317 580
28344: -601 -558 -319 598
28353: -602 -631 -247 598
28357: -602 -631 -251 634
28360: -602 -632 -254 580
28362: -602 -632 -256 598
28364: -602 -632 -258 616
28366: -602 -632 -260 634
28368: -602 -633 -262 571
28369: -602 -633 -263 580
28370: -602 -633 -264 589
28371: -602 -633 -265 598
28373: -602 -633 -267 616
28374: -602 -633 -268 625
28375: -602 -633 -269 634
28376: -602 -633 -270 643
28387: -602 -635 -281 580
28388: -602 -635 -282 589
28389: -602 -635 -283 598
28390: -602 -635 -284 607
28391: -602 -635 -285 616
28394: -602 -635 -288 643
28395: -602 -636 -289 571
28396: -602 -636 -290 580
28397: -602 -636 -291 589
28398: -602 -636 -292 598
28399: -602 -636 -293 607
28422: -602 -639 -316 571
28429: -602 -639 -323 634
28434: -603 -712 -247 598
28436: -603 -712 -249 616
28438: -603 -712 -251 634
28439: -603 -712 -252 643
28443: -603 -713 -256 598
28446: -603 -713 -259 625
28448: -603 -713 -261 643
28451: -603 -714 -264 589
28452: -603 -714 -265 598
28453: -603 -714 -266 607
28457: -603 -714 -270 643
28459: -603 -715 -272 580
28461: -603 -715 -274 598
28464: -603 -715 -277 625
28465: -603 -715 -278 634
28466: -603 -715 -279 643
28473: -603 -716 -286 625
28475: -603 -716 -288 643
28476: -603 -717 -289 571
28479: -603 -717 -292 598
28482: -603 -717 -295 625
28483: -603 -717 -296 634
28494: -603 -719 -307 571
28495: -603 -719 -308 580
28496: -603 -719 -309 589
28497: -603 -719 -310 598
28499: -603 -719 -312 616
28503: -603 -720 -316 571
28505: -603 -720 -318 589
28557: -676 -78 -289 652
28558: -676 -78 -290 661
28559: -676 -78 -291 670
28560: -676 -78 -292 679
28561: -676 -78 -293 688
28562: -676 -78 -294 697
28563: -676 -78 -295 706
28564: -676 -78 -296 715
28565: -676 -78 -297 724
28594: -677 -154 -245 661
28596: -677 -154 -247 679
28597: -677 -154 -248 688
28598: -677 -154 -249 697
28599: -677 -154 -250 706
28601: -677 -154 -252 724
28603: -677 -155 -254 661
28605: -677 -155 -256 679
28607: -677 -155 -258 697
28611: -677 -156 -262 652
28619: -677 -156 -270 724
28630: -677 -158 -281 661
28631: -677 -158 -282 670
28632: -677 -158 -283 679
28634: -677 -158 -285 697
28636: -677 -158 -287 715
28637: -677 -158 -288 724
28640: -677 -159 -291 670
28641: -677 -159 -292 679
28642: -677 -159 -293 688
28643: -677 -159 -294 697
28645: -677 -159 -296 715
28646: -677 -159 -297 724
28647: -677 -160 -298 652
28648: -677 -160 -299 661
28649: -677 -160 -300 670
28650: -677 -160 -301 679
28651: -677 -160 -302 688
28653: -677 -160 -304 706
28654: -677 -160 -305 715
28655: -677 -160 -306 724
28656: -677 -161 -307 652
28657: -677 -161 -308 661
28659: -677 -161 -310 679
28660: -677 -161 -311 688
28661: -677 -161 -312 697
28663: -677 -161 -314 715
28664: -677 -161 -315 724
28665: -677 -162 -316 652
28666: -677 -162 -317 661
28667: -677 -162 -318 670
28677: -678 -235 -247 679
28678: -678 -235 -248 688
28679: -678 -235 -249 697
28680: -678 -235 -250 706
28681: -678 -235 -251 715
28688: -678 -236 -258 697
28689: -678 -236 -259 706
28690: -678 -236 -260 715
28696: -678 -237 -266 688
28697: -678 -237 -267 697
28704: -678 -238 -274 679
28708: -678 -238 -278 715
28709: -678 -238 -279 724
28712: -678 -239 -282 670
28713: -678 -239 -283 679
28714: -678 -239 -284 688
28719: -678 -240 -289 652
28721: -678 -240 -291 670
28725: -678 -240 -295 706
28728: -678 -241 -298 652
28730: -678 -241 -300 670
28731: -678 -241 -301 679
28735: -678 -241 -305 715
28737: -678 -242 -307 652
28738: -678 -242 -308 661
28739: -678 -242 -309 670
28742: -678 -242 -312 697
28748: -678 -243 -318 670
28759: -679 -316 -248 688
28760: -679 -316 -249 697
28769: -679 -317 -258 697
28771: -679 -317 -260 715
28772: -679 -317 -261 724
28773: -679 -318 -262 652
28774: -679 -318 -263 661
28778: -679 -318 -267 697
28781: -679 -318 -270 724
28791: -679 -320 -280 652
28793: -679 -320 -282 670
28800: -679 -321 -289 652
28801: -679 -321 -290 661
28802: -679 -321 -291 670
28804: -679 -321 -293 688
28806: -679 -321 -295 706
28807: -679 -321 -296 715
28808: -679 -321 -297 724
28809: -679 -322 -298 652
28810: -679 -322 -299 661
28811: -679 -322 -300 670
28817: -679 -322 -306 724
28818: -679 -323 -307 652
28820: -679 -323 -309 670
28823: -679 -323 -312 697
28826: -679 -323 -315 724
28835: -679 -324 -324 724
28840: -680 -397 -248 688
28841: -680 -397 -249 697
28842: -680 -397 -250 706
28843: -680 -397 -251 715
28848: -680 -398 -256 679
28850: -680 -398 -258 697
28852: -680 -398 -260 715
28853: -680 -398 -261 724
28854: -680 -399 -262 652
28857: -680 -399 -265 679
28858: -680 -399 -266 688
28872: -680 -401 -280 652
28877: -680 -401 -285 697
28879: -680 -401 -287 715
28881: -680 -402 -289 652
28882: -680 -402 -290 661
28890: -680 -403 -298 652
28891: -680 -403 -299 661
28894: -680 -403 -302 688
28899: -680 -404 -307 652
28902: -680 -404 -310 679
28903: -680 -404 -311 688
28909: -680 -405 -317 661
28920: -681 -478 -247 679
28921: -681 -478 -248 688
28922: -681 -478 -249 697
28923: -681 -478 -250 706
28925: -681 -478 -252 724
28927: -681 -479 -254 661
28929: -681 -479 -256 679
28931: -681 -479 -258 697
28932: -681 -479 -259 706
28933: -681 -479 -260 715
28935: -681 -480 -262 652
28937: -681 -480 -264 670
28938: -681 -480 -265 679
28939: -681 -480 -266 688
28941: -681 -480 -268 706
28942: -681 -480 -269 715
28945: -681 -481 -272 661
28947: -681 -481 -274 679
28949: -681 -481 -276 697
28950: -681 -481 -277 706
28951: -681 -481 -278 715
28952: -681 -481 -279 724
28956: -681 -482 -283 679
28957: -681 -482 -284 688
28958: -681 -482 -285 697
28960: -681 -482 -287 715
28962: -681 -483 -289 652
28963: -681 -483 -290 661
28966: -681 -483 -293 688
28971: -681 -484 -298 652
28972: -681 -484 -299 661
28973: -681 -484 -300 670
28974: -681 -484 -301 679
28981: -681 -485 -308 661
28989: -681 -486 -316 652
28991: -681 -486 -318 670
28992: -681 -486 -319 679
28995: -681 -486 -322 706
29002: -682 -559 -248 688
29003: -682 -559 -249 697
29004: -682 -559 -250 706
29006: -682 -559 -252 724
29010: -682 -560 -256 679
29012: -682 -560 -258 697
29013: -682 -560 -259 706
29016: -682 -561 -262 652
29019: -682 -561 -265 679
29022: -682 -561 -268 706
29025: -682 -562 -271 652
29028: -682 -562 -274 679
29029: -682 -562 -275 688
29030: -682 -562 -276 697
29031: -682 -562 -277 706
29032: -682 -562 -278 715
29033: -682 -562 -279 724
29035: -682 -563 -281 661
29036: -682 -563 -282 670
29037: -682 -563 -283 679
29040: -682 -563 -286 706
29041: -682 -563 -287 715
29042: -682 -563 -288 724
29043: -682 -564 -289 652
29044: -682 -564 -290 661
29045: -682 -564 -291 670
29046: -682 -564 -292 679
29047: -682 -564 -293 688
29049: -682 -564 -295 706
29053: -682 -565 -299 661
29054: -682 -565 -300 670
29055: -682 -565 -301 679
29058: -682 -565 -304 706
29061: -682 -566 -307 652
29063: -682 -566 -309 670
29070: -682 -567 -316 652
29082: -683 -640 -247 679
29083: -683 -640 -248 688
29084: -683 -640 -249 697
29085: -683 -640 -250 706
29086: -683 -640 -251 715
29091: -683 -641 -256 679
29095: -683 -641 -260 715
29096: -683 -641 -261 724
29097: -683 -642 -262 652
29099: -683 -642 -264 670
29100: -683 -642 -265 679
29107: -683 -643 -272 661
29109: -683 -643 -274 679
29112: -683 -643 -277 706
29113: -683 -643 -278 715
29115: -683 -644 -280 652
29118: -683 -644 -283 679
29124: -683 -645 -289 652
29133: -683 -646 -298 652
29134: -683 -646 -299 661
29135: -683 -646 -300 670
29137: -683 -646 -302 688
29141: -683 -646 -306 724
29143: -683 -647 -308 661
29146: -683 -647 -311 688
29153: -683 -648 -318 670
29163: -684 -721 -247 679
29165: -684 -721 -249 697
29168: -684 -721 -252 724
29170: -684 -722 -254 661
29172: -684 -722 -256 679
29174: -684 -722 -258 697
29175: -684 -722 -259 706
29177: -684 -722 -261 724
29178: -684 -723 -262 652
29179: -684 -723 -263 661
29180: -684 -723 -264 670
29181: -684 -723 -265 679
29182: -684 -723 -266 688
29183: -684 -723 -267 697
29185: -684 -723 -269 715
29197: -684 -725 -281 661
29198: -684 -725 -282 670
29199: -684 -725 -283 679
29200: -684 -725 -284 688
29201: -684 -725 -285 697
29202: -684 -725 -286 706
29203: -684 -725 -287 715
29205: -684 -726 -289 652
29207: -684 -726 -291 670
29209: -684 -726 -293 688
29214: -684 -727 -298 652
29215: -684 -727 -299 661
29216: -684 -727 -300 670
29217: -684 -727 -301 679
29218: -684 -727 -302 688
29219: -684 -727 -303 697
29220: -684 -727 -304 706
29250: -37 -2 -334 5
29251: -37 -2 -335 14
29252: -37 -2 -336 23
29254: -37 -2 -338 41
29255: -37 -2 -339 50
29256: -37 -2 -340 59
29257: -37 -2 -341 68
29258: -37 -2 -342 77
29988: -118 -12 -343 86
29989: -118 -12 -344 95
29990: -118 -12 -345 104
29992: -118 -12 -347 122
29993: -118 -12 -348 131
29994: -118 -12 -349 140
29995: -118 -12 -350 149
29996: -118 -12 -351 158
30070: -119 -93 -344 95
30096: -119 -96 -370 86
30097: -119 -96 -371 95
30101: -119 -96 -375 131
30104: -119 -96 -378 158
30106: -119 -97 -380 95
30110: -119 -97 -384 131
30111: -119 -97 -385 140
30114: -119 -98 -388 86
30115: -119 -98 -389 95
30119: -119 -98 -393 131
30120: -119 -98 -394 140
30121: -119 -98 -395 149
30122: -119 -98 -396 158
30124: -119 -99 -398 95
30129: -119 -99 -403 140
30130: -119 -99 -404 149
30131: -119 -99 -405 158
30144: -120 -173 -337 113
30151: -120 -174 -344 95
30154: -120 -174 -347 122
30156: -120 -174 -349 140
30160: -120 -175 -353 95
30166: -120 -175 -359 149
30173: -120 -176 -366 131
30176: -120 -176 -369 158
30178: -120 -177 -371 95
30195: -120 -179 -388 86
30196: -120 -179 -389 95
30200: -120 -179 -393 131
30202: -120 -179 -395 149
30204: -120 -180 -397 86
30210: -120 -180 -403 140
30322: -122 -337 -353 95
30323: -122 -337 -354 104
30326: -122 -337 -357 131
30327: -122 -337 -358 140
30328: -122 -337 -359 149
30329: -122 -337 -360 158
30379: -123 -415 -329 122
30380: -123 -415 -330 131
30381: -123 -415 -331 140
30383: -123 -415 -333 158
30387: -123 -416 -337 113
30460: -124 -496 -329 122
30461: -124 -496 -330 131
30463: -124 -496 -332 149
30464: -124 -496 -333 158
30468: -124 -497 -337 113
30475: -124 -498 -344 95
30520: -124 -503 -389 95
30539: -125 -577 -327 104
30541: -125 -577 -329 122
30542: -125 -577 -330 131
30543: -125 -577 -331 140
30545: -125 -577 -333 158
30549: -125 -578 -337 113
30591: -125 -583 -379 86
30622: -126 -658 -329 122
30623: -126 -658 -330 131
30624: -126 -658 -331 140
30625: -126 -658 -332 149
30630: -126 -659 -337 113
30652: -126 -661 -359 149
30663: -126 -663 -370 86
30664: -126 -663 -371 95
30690: -126 -666 -397 86
30691: -126 -666 -398 95
30694: -126 -666 -401 122
30695: -126 -666 -402 131
30696: -126 -666 -403 140
30726: -199 -22 -352 167
30727: -199 -22 -353 176
30730: -199 -22 -356 203
30731: -199 -22 -357 212
30732: -199 -22 -358 221
30733: -199 -22 -359 230
30734: -199 -22 -360 239
30784: -200 -100 -329 203
30785: -200 -100 -330 212
30786: -200 -100 -331 221
30787: -200 -100 -332 230
30788: -200 -100 -333 239
30792: -200 -101 -337 194
30799: -200 -102 -344 176
30817: -200 -104 -362 176
30820: -200 -104 -365 203
30821: -200 -104 -366 212
30822: -200 -104 -367 221
30823: -200 -104 -368 230
30824: -200 -104 -369 239
30825: -200 -105 -370 167
30826: -200 -105 -371 176
30827: -200 -105 -372 185
30829: -200 -105 -374 203
30830: -200 -105 -375 212
30831: -200 -105 -376 221
30832: -200 -105 -377 230
30833: -200 -105 -378 239
30834: -200 -106 -379 167
30835: -200 -106 -380 176
30836: -200 -106 -381 185
30838: -200 -106 -383 203
30839: -200 -106 -384 212
30840: -200 -106 -385 221
30841: -200 -106 -386 230
30842: -200 -106 -387 239
30843: -200 -107 -388 167
30844: -200 -107 -389 176
30845: -200 -107 -390 185
30847: -200 -107 -392 203
30848: -200 -107 -393 212
30849: -200 -107 -394 221
30850: -200 -107 -395 230
30851: -200 -107 -396 239
30852: -200 -108 -397 167
30853: -200 -108 -398 176
30854: -200 -108 -399 185
30856: -200 -108 -401 203
30857: -200 -108 -402 212
30858: -200 -108 -403 221
30859: -200 -108 -404 230
30860: -200 -108 -405 239
30889: -201 -184 -353 176
30890: -201 -184 -354 185
30892: -201 -184 -356 203
30893: -201 -184 -357 212
30894: -201 -184 -358 221
30895: -201 -184 -359 230
30896: -201 -184 -360 239
30906: -201 -186 -370 167
30914: -201 -186 -378 239
30916: -201 -187 -380 176
30924: -201 -188 -388 167
30926: -201 -188 -390 185
30931: -201 -188 -395 230
30933: -201 -189 -397 167
30939: -201 -189 -403 221
30940: -201 -189 -404 230
30954: -202 -263 -337 194
30970: -202 -265 -353 176
30971: -202 -265 -354 185
30973: -202 -265 -356 203
30974: -202 -265 -357 212
30977: -202 -265 -360 239
30979: -202 -266 -362 176
30982: -202 -266 -365 203
30985: -202 -266 -368 230
30986: -202 -266 -369 239
30987: -202 -267 -370 167
30989: -202 -267 -372 185
30991: -202 -267 -374 203
30993: -202 -267 -376 221
30994: -202 -267 -377 230
30995: -202 -267 -378 239
30996: -202 -268 -379 167
30997: -202 -268 -380 176
30998: -202 -268 -381 185
31000: -202 -268 -383 203
31001: -202 -268 -384 212
31003: -202 -268 -386 230
31004: -202 -268 -387 239
31005: -202 -269 -388 167
31006: -202 -269 -389 176
31007: -202 -269 -390 185
31009: -202 -269 -392 203
31010: -202 -269 -393 212
31013: -202 -269 -396 239
31014: -202 -270 -397 167
31015: -202 -270 -398 176
31016: -202 -270 -399 185
31018: -202 -270 -401 203
31020: -202 -270 -403 221
31021: -202 -270 -404 230
31022: -202 -270 -405 239
31028: -203 -343 -330 212
31031: -203 -343 -333 239
31043: -203 -345 -345 185
31077: -203 -349 -379 167
31097: -203 -351 -399 185
31106: -204 -424 -327 185
31108: -204 -424 -329 203
31109: -204 -424 -330 212
31110: -204 -424 -331 221
31111: -204 -424 -332 230
31116: -204 -425 -337 194
31135: -204 -427 -356 203
31145: -204 -428 -366 212
31158: -204 -430 -379 167
31159: -204 -430 -380 176
31168: -204 -431 -389 176
31176: -204 -432 -397 167
31177: -204 -432 -398 176
31178: -204 -432 -399 185
31183: -204 -432 -404 230
31187: -205 -505 -327 185
31189: -205 -505 -329 203
31191: -205 -505 -331 221
31192: -205 -505 -332 230
31193: -205 -505 -333 239
31197: -205 -506 -337 194
31213: -205 -508 -353 176
31214: -205 -508 -354 185
31216: -205 -508 -356 203
31226: -205 -509 -366 212
31230: -205 -510 -370 167
31231: -205 -510 -371 176
31232: -205 -510 -372 185
31234: -205 -510 -374 203
31237: -205 -510 -377 230
31252: -205 -512 -392 203
31255: -205 -512 -395 230
31256: -205 -512 -396 239
31259: -205 -513 -399 185
31268: -206 -586 -327 185
31270: -206 -586 -329 203
31271: -206 -586 -330 212
31272: -206 -586 -331 221
31273: -206 -586 -332 230
31274: -206 -586 -333 239
31278: -206 -587 -337 194
31297: -206 -589 -356 203
31310: -206 -590 -369 239
31313: -206 -591 -372 185
31319: -206 -591 -378 239
31320: -206 -592 -379 167
31321: -206 -592 -380 176
31327: -206 -592 -386 230
31329: -206 -593 -388 167
31338: -206 -594 -397 167
31339: -206 -594 -398 176
31342: -206 -594 -401 203
31349: -207 -667 -327 185
31351: -207 -667 -329 203
31352: -207 -667 -330 212
31353: -207 -667 -331 221
31354: -207 -667 -332 230
31355: -207 -667 -333 239
31359: -207 -668 -337 194
31365: -207 -669 -343 167
31366: -207 -669 -344 176
31369: -207 -669 -347 203
31370: -207 -669 -348 212
31371: -207 -669 -349 221
31373: -207 -669 -351 239
31376: -207 -670 -354 185
31378: -207 -670 -356 203
31379: -207 -670 -357 212
31380: -207 -670 -358 221
31387: -207 -671 -365 203
31389: -207 -671 -367 221
31390: -207 -671 -368 230
31391: -207 -671 -369 239
31392: -207 -672 -370 167
31393: -207 -672 -371 176
31401: -207 -673 -379 167
31406: -207 -673 -384 212
31411: -207 -674 -389 176
31412: -207 -674 -390 185
31465: -280 -32 -362 257
31466: -280 -32 -363 266
31468: -280 -32 -365 284
31469: -280 -32 -366 293
31470: -280 -32 -367 302
31471: -280 -32 -368 311
31472: -280 -32 -369 320
31521: -281 -110 -337 275
31527: -281 -111 -343 248
31531: -281 -111 -347 284
31554: -281 -114 -370 248
31556: -281 -114 -372 266
31558: -281 -114 -374 284
31559: -281 -114 -375 293
31560: -281 -114 -376 302
31561: -281 -114 -377 311
31562: -281 -114 -378 320
31563: -281 -115 -379 248
31564: -281 -115 -380 257
31565: -281 -115 -381 266
31567: -281 -115 -383 284
31569: -281 -115 -385 302
31570: -281 -115 -386 311
31572: -281 -116 -388 248
31574: -281 -116 -390 266
31576: -281 -116 -392 284
31581: -281 -117 -397 248
31583: -281 -117 -399 266
31585: -281 -117 -401 284
31586: -281 -117 -402 293
31587: -281 -117 -403 302
31589: -281 -117 -405 320
31594: -282 -190 -329 284
31602: -282 -191 -337 275
31608: -282 -192 -343 248
31609: -282 -192 -344 257
31610: -282 -192 -345 266
31613: -282 -192 -348 293
31615: -282 -192 -350 311
31616: -282 -192 -351 320
31619: -282 -193 -354 266
31621: -282 -193 -356 284
31622: -282 -193 -357 293
31623: -282 -193 -358 302
31624: -282 -193 -359 311
31625: -282 -193 -360 320
31627: -282 -194 -362 257
31631: -282 -194 -366 293
31634: -282 -194 -369 320
31635: -282 -195 -370 248
31636: -282 -195 -371 257
31637: -282 -195 -372 266
31640: -282 -195 -375 293
31642: -282 -195 -377 311
31643: -282 -195 -378 320
31644: -282 -196 -379 248
31645: -282 -196 -380 257
31646: -282 -196 -381 266
31649: -282 -196 -384 293
31650: -282 -196 -385 302
31651: -282 -196 -386 311
31652: -282 -196 -387 320
31653: -282 -197 -388 248
31654: -282 -197 -389 257
31658: -282 -197 -393 293
31659: -282 -197 -394 302
31661: -282 -197 -396 320
31662: -282 -198 -397 248
31663: -282 -198 -398 257
31670: -282 -198 -405 320
31683: -283 -272 -337 275
31706: -283 -274 -360 320
31716: -283 -276 -370 248
31717: -283 -276 -371 257
31718: -283 -276 -372 266
31720: -283 -276 -374 284
31721: -283 -276 -375 293
31722: -283 -276 -376 302
31723: -283 -276 -377 311
31724: -283 -276 -378 320
31725: -283 -277 -379 248
31726: -283 -277 -380 257
31727: -283 -277 -381 266
31729: -283 -277 -383 284
31730: -283 -277 -384 293
31731: -283 -277 -385 302
31732: -283 -277 -386 311
31733: -283 -277 -387 320
31734: -283 -278 -388 248
31735: -283 -278 -389 257
31736: -283 -278 -390 266
31738: -283 -278 -392 284
31739: -283 -278 -393 293
31740: -283 -278 -394 302
31741: -283 -278 -395 311
31743: -283 -279 -397 248
31744: -283 -279 -398 257
31745: -283 -279 -399 266
31747: -283 -279 -401 284
31748: -283 -279 -402 293
31749: -283 -279 -403 302
31750: -283 -279 -404 311
31751: -283 -279 -405 320
31771: -284 -354 -344 257
31776: -284 -354 -349 302
31777: -284 -354 -350 311
31778: -284 -354 -351 320
31797: -284 -357 -370 248
31798: -284 -357 -371 257
31806: -284 -358 -379 248
31808: -284 -358 -381 266
31811: -284 -358 -384 293
31814: -284 -358 -387 320
31815: -284 -359 -388 248
31816: -284 -359 -389 257
31831: -284 -360 -404 311
31838: -285 -433 -330 293
31839: -285 -433 -331 302
31840: -285 -433 -332 311
31841: -285 -433 -333 320
31845: -285 -434 -337 275
31858: -285 -435 -350 311
31859: -285 -435 -351 320
31864: -285 -436 -356 284
31876: -285 -437 -368 311
31887: -285 -439 -379 248
31891: -285 -439 -383 284
31896: -285 -440 -388 248
31900: -285 -440 -392 284
31905: -285 -441 -397 248
31906: -285 -441 -398 257
31909: -285 -441 -401 284
31910: -285 -441 -402 293
31916: -286 -514 -327 266
31919: -286 -514 -330 293
31920: -286 -514 -331 302
31921: -286 -514 -332 311
31922: -286 -514 -333 320
31926: -286 -515 -337 275
31937: -286 -516 -348 293
31938: -286 -516 -349 302
31940: -286 -516 -351 320
31947: -286 -517 -358 302
31949: -286 -517 -360 320
31958: -286 -518 -369 320
31959: -286 -519 -370 248
31960: -286 -519 -371 257
31965: -286 -519 -376 302
31966: -286 -519 -377 311
31978: -286 -521 -389 257
31981: -286 -521 -392 284
31985: -286 -521 -396 320
31986: -286 -522 -397 248
31997: -287 -595 -327 266
32000: -287 -595 -330 293
32001: -287 -595 -331 302
32002: -287 -595 -332 311
32003: -287 -595 -333 320
32007: -287 -596 -337 275
32019: -287 -597 -349 302
32020: -287 -597 -350 311
32024: -287 -598 -354 266
32026: -287 -598 -356 284
32027: -287 -598 -357 293
32030: -287 -598 -360 320
32035: -287 -599 -365 284
32037: -287 -599 -367 302
32038: -287 -599 -368 311
32041: -287 -600 -371 257
32047: -287 -600 -377 311
32049: -287 -601 -379 248
32050: -287 -601 -380 257
32054: -287 -601 -384 293
32055: -287 -601 -385 302
32057: -287 -601 -387 320
32058: -287 -602 -388 248
32064: -287 -602 -394 302
32067: -287 -603 -397 248
32068: -287 -603 -398 257
32071: -287 -603 -401 284
32074: -287 -603 -404 311
32078: -288 -676 -327 266
32081: -288 -676 -330 293
32082: -288 -676 -331 302
32083: -288 -676 -332 311
32084: -288 -676 -333 320
32088: -288 -677 -337 275
32094: -288 -678 -343 248
32099: -288 -678 -348 293
32101: -288 -678 -350 311
32102: -288 -678 -351 320
32107: -288 -679 -356 284
32110: -288 -679 -359 311
32111: -288 -679 -360 320
32121: -288 -681 -370 248
32122: -288 -681 -371 257
32125: -288 -681 -374 284
32126: -288 -681 -375 293
32130: -288 -682 -379 248
32131: -288 -682 -380 257
32136: -288 -682 -385 302
32139: -288 -683 -388 248
32140: -288 -683 -389 257
32143: -288 -683 -392 284
32144: -288 -683 -393 293
32145: -288 -683 -394 302
32240: -362 -118 -327 347
32243: -362 -118 -330 374
32244: -362 -118 -331 383
32245: -362 -118 -332 392
32246: -362 -118 -333 401
32250: -362 -119 -337 356
32256: -362 -120 -343 329
32275: -362 -122 -362 338
32291: -362 -123 -378 401
32296: -362 -124 -383 365
32297: -362 -124 -384 374
32298: -362 -124 -385 383
32305: -362 -125 -392 365
32308: -362 -125 -395 392
32310: -362 -126 -397 329
32314: -362 -126 -401 365
32315: -362 -126 -402 374
32317: -362 -126 -404 392
32324: -363 -199 -330 374
32325: -363 -199 -331 383
32326: -363 -199 -332 392
32327: -363 -199 -333 401
32331: -363 -200 -337 356
32347: -363 -202 -353 338
32357: -363 -203 -363 347
32365: -363 -204 -371 338
32368: -363 -204 -374 365
32371: -363 -204 -377 392
32373: -363 -205 -379 329
32377: -363 -205 -383 365
32378: -363 -205 -384 374
32379: -363 -205 -385 383
32381: -363 -205 -387 401
32386: -363 -206 -392 365
32391: -363 -207 -397 329
32395: -363 -207 -401 365
32396: -363 -207 -402 374
32397: -363 -207 -403 383
32518: -365 -365 -362 338
32527: -365 -366 -371 338
32566: -366 -442 -329 365
32568: -366 -442 -331 383
32570: -366 -442 -333 401
32574: -366 -443 -337 356
32584: -366 -444 -347 365
32586: -366 -444 -349 383
32617: -366 -448 -380 338
32618: -366 -448 -381 347
32622: -366 -448 -385 383
32624: -366 -448 -387 401
32625: -366 -449 -388 329
32626: -366 -449 -389 338
32627: -366 -449 -390 347
32629: -366 -449 -392 365
32632: -366 -449 -395 392
32638: -366 -450 -401 365
32640: -366 -450 -403 383
32647: -367 -523 -329 365
32648: -367 -523 -330 374
32650: -367 -523 -332 392
32651: -367 -523 -333 401
32655: -367 -524 -337 356
32706: -367 -530 -388 329
32707: -367 -530 -389 338
32708: -367 -530 -390 347
32710: -367 -530 -392 365
32715: -367 -531 -397 329
32717: -367 -531 -399 347
32719: -367 -531 -401 365
32728: -368 -604 -329 365
32729: -368 -604 -330 374
32730: -368 -604 -331 383
32732: -368 -604 -333 401
32736: -368 -605 -337 356
32753: -368 -607 -354 347
32756: -368 -607 -357 374
32779: -368 -610 -380 338
32780: -368 -610 -381 347
32782: -368 -610 -383 365
32787: -368 -611 -388 329
32797: -368 -612 -398 338
32801: -368 -612 -402 374
32809: -369 -685 -329 365
32810: -369 -685 -330 374
32823: -369 -687 -343 329
32834: -369 -688 -354 347
32851: -369 -690 -371 338
32852: -369 -690 -372 347
32854: -369 -690 -374 365
32855: -369 -690 -375 374
32859: -369 -691 -379 329
32865: -369 -691 -385 383
32869: -369 -692 -389 338
32872: -369 -692 -392 365
32873: -369 -692 -393 374
32874: -369 -692 -394 383
32877: -369 -693 -397 329
32940: -442 -52 -379 410
32941: -442 -52 -380 419
32942: -442 -52 -381 428
32944: -442 -52 -383 446
32945: -442 -52 -384 455
32947: -442 -52 -386 473
32948: -442 -52 -387 482
32969: -443 -127 -327 428
32971: -443 -127 -329 446
32972: -443 -127 -330 455
32973: -443 -127 -331 464
32974: -443 -127 -332 473
32975: -443 -127 -333 482
32979: -443 -128 -337 437
32985: -443 -129 -343 410
32989: -443 -129 -347 446
33007: -443 -131 -365 446
33008: -443 -131 -366 455
33013: -443 -132 -371 419
33017: -443 -132 -375 455
33021: -443 -133 -379 410
33022: -443 -133 -380 419
33030: -443 -134 -388 410
33031: -443 -134 -389 419
33032: -443 -134 -390 428
33038: -443 -134 -396 482
33041: -443 -135 -399 428
33043: -443 -135 -401 446
33045: -443 -135 -403 464
33050: -444 -208 -327 428
33052: -444 -208 -329 446
33055: -444 -208 -332 473
33056: -444 -208 -333 482
33060: -444 -209 -337 437
33080: -444 -211 -357 455
33131: -445 -289 -327 428
33133: -445 -289 -329 446
33135: -445 -289 -331 464
33136: -445 -289 -332 473
33137: -445 -289 -333 482
33141: -445 -290 -337 437
33148: -445 -291 -344 419
33162: -445 -292 -358 464
33167: -445 -293 -363 428
33170: -445 -293 -366 455
33178: -445 -294 -374 446
33188: -445 -295 -384 455
33201: -445 -297 -397 410
33217: -446 -370 -332 473
33222: -446 -371 -337 437
33228: -446 -372 -343 410
33234: -446 -372 -349 464
33254: -446 -374 -369 482
33260: -446 -375 -375 455
33273: -446 -377 -388 410
33296: -447 -451 -330 455
33303: -447 -452 -337 437
33323: -447 -454 -357 455
33325: -447 -454 -359 473
33341: -447 -456 -375 455
33345: -447 -457 -379 410
33347: -447 -457 -381 428
33354: -447 -458 -388 410
33355: -447 -458 -389 419
33376: -448 -532 -329 446
33377: -448 -532 -330 455
33384: -448 -533 -337 437
33413: -448 -536 -366 455
33418: -448 -537 -371 419
33424: -448 -537 -377 473
33426: -448 -538 -379 410
33432: -448 -538 -385 464
33440: -448 -539 -393 455
33444: -448 -540 -397 410
33455: -449 -613 -327 428
33457: -449 -613 -329 446
33465: -449 -614 -337 437
33484: -449 -616 -356 446
33485: -449 -616 -357 455
33493: -449 -617 -365 446
33516: -449 -620 -388 410
33538: -450 -694 -329 446
33539: -450 -694 -330 455
33540: -450 -694 -331 464
33546: -450 -695 -337 437
33559: -450 -696 -350 473
33560: -450 -696 -351 482
33583: -450 -699 -374 446
33595: -450 -700 -386 473
33597: -450 -701 -388 410
33678: -523 -62 -388 491
33679: -523 -62 -389 500
33680: -523 -62 -390 509
33682: -523 -62 -392 527
33683: -523 -62 -393 536
33684: -523 -62 -394 545
33685: -523 -62 -395 554
33686: -523 -62 -396 563
33698: -524 -136 -327 509
33700: -524 -136 -329 527
33701: -524 -136 -330 536
33702: -524 -136 -331 545
33703: -524 -136 -332 554
33704: -524 -136 -333 563
33708: -524 -137 -337 518
33715: -524 -138 -344 500
33718: -524 -138 -347 527
33736: -524 -140 -365 527
33737: -524 -140 -366 536
33742: -524 -141 -371 500
33743: -524 -141 -372 509
33745: -524 -141 -374 527
33750: -524 -142 -379 491
33759: -524 -143 -388 491
33767: -524 -143 -396 563
33769: -524 -144 -398 500
33770: -524 -144 -399 509
33781: -525 -217 -329 527
33782: -525 -217 -330 536
33784: -525 -217 -332 554
33785: -525 -217 -333 563
33789: -525 -218 -337 518
33796: -525 -219 -344 500
33810: -525 -220 -358 545
33817: -525 -221 -365 527
33818: -525 -221 -366 536
33821: -525 -221 -369 563
33860: -526 -298 -327 509
33862: -526 -298 -329 527
33863: -526 -298 -330 536
33865: -526 -298 -332 554
33866: -526 -298 -333 563
33870: -526 -299 -337 518
33877: -526 -300 -344 500
33893: -526 -301 -360 563
33896: -526 -302 -363 509
33902: -526 -302 -369 563
33951: -527 -380 -337 518
33962: -527 -381 -348 536
33963: -527 -381 -349 545
33984: -527 -384 -370 491
33999: -527 -385 -385 545
34011: -527 -387 -397 491
34018: -527 -387 -404 554
34024: -528 -460 -329 527
34025: -528 -460 -330 536
34028: -528 -460 -333 563
34032: -528 -461 -337 518
34044: -528 -462 -349 545
34092: -528 -468 -397 491
34105: -529 -541 -329 527
34106: -529 -541 -330 536
34107: -529 -541 -331 545
34113: -529 -542 -337 518
34119: -529 -543 -343 491
34120: -529 -543 -344 500
34124: -529 -543 -348 536
34126: -529 -543 -350 554
34132: -529 -544 -356 527
34134: -529 -544 -358 545
34164: -529 -548 -388 491
34177: -529 -549 -401 527
34178: -529 -549 -402 536
34180: -529 -549 -404 554
34186: -530 -622 -329 527
34188: -530 -622 -331 545
34190: -530 -622 -333 563
34194: -530 -623 -337 518
34207: -530 -624 -350 554
34214: -530 -625 -357 536
34215: -530 -625 -358 545
34219: -530 -626 -362 500
34225: -530 -626 -368 554
34236: -530 -628 -379 491
34237: -530 -628 -380 500
34244: -530 -628 -387 563
34245: -530 -629 -388 491
34252: -530 -629 -395 554
34254: -530 -630 -397 491
34256: -530 -630 -399 509
34265: -531 -703 -327 509
34267: -531 -703 -329 527
34268: -531 -703 -330 536
34269: -531 -703 -331 545
34271: -531 -703 -333 563
34275: -531 -704 -337 518
34296: -531 -706 -358 545
34303: -531 -707 -365 527
34308: -531 -708 -370 491
34325: -531 -709 -387 563
34416: -604 -72 -397 572
34417: -604 -72 -398 581
34418: -604 -72 -399 590
34420: -604 -72 -401 608
34421: -604 -72 -402 617
34423: -604 -72 -404 635
34424: -604 -72 -405 644
34427: -605 -145 -327 590
34429: -605 -145 -329 608
34430: -605 -145 -330 617
34431: -605 -145 -331 626
34432: -605 -145 -332 635
34433: -605 -145 -333 644
34437: -605 -146 -337 599
34443: -605 -147 -343 572
34447: -605 -147 -347 608
34448: -605 -147 -348 617
34470: -605 -150 -370 572
34471: -605 -150 -371 581
34472: -605 -150 -372 590
34477: -605 -150 -377 635
34481: -605 -151 -381 590
34488: -605 -152 -388 572
34495: -605 -152 -395 635
34510: -606 -226 -329 608
34511: -606 -226 -330 617
34512: -606 -226 -331 626
34518: -606 -227 -337 599
34535: -606 -229 -354 590
34540: -606 -229 -359 635
34546: -606 -230 -365 608
34550: -606 -230 -369 644
34560: -606 -232 -379 572
34570: -606 -233 -389 581
34589: -607 -307 -327 590
34591: -607 -307 -329 608
34592: -607 -307 -330 617
34593: -607 -307 -331 626
34595: -607 -307 -333 644
34599: -607 -308 -337 599
34605: -607 -309 -343 572
34606: -607 -309 -344 581
34621: -607 -310 -359 635
34622: -607 -310 -360 644
34625: -607 -311 -363 590
34673: -608 -388 -330 617
34676: -608 -388 -333 644
34686: -608 -390 -343 572
34692: -608 -390 -349 626
34713: -608 -393 -370 572
34715: -608 -393 -372 590
34722: -608 -394 -379 572
34738: -608 -395 -395 635
34755: -609 -469 -331 626
34757: -609 -469 -333 644
34761: -609 -470 -337 599
34781: -609 -472 -357 617
34789: -609 -473 -365 608
34822: -609 -477 -398 581
34826: -609 -477 -402 617
34834: -610 -550 -329 608
34836: -610 -550 -331 626
34842: -610 -551 -337 599
34848: -610 -552 -343 572
34853: -610 -552 -348 617
34856: -610 -552 -351 644
34872: -610 -554 -367 626
34875: -610 -555 -370 572
34890: -610 -556 -385 626
34899: -610 -557 -394 626
34904: -610 -558 -399 590
34907: -610 -558 -402 617
34918: -611 -631 -332 635
34919: -611 -631 -333 644
34923: -611 -632 -337 599
34934: -611 -633 -348 617
34940: -611 -634 -354 590
34943: -611 -634 -357 617
34945: -611 -634 -359 635
34957: -611 -636 -371 581
34964: -611 -636 -378 644
34983: -611 -639 -397 572
34985: -611 -639 -399 590
34996: -612 -712 -329 608
35004: -612 -713 -337 599
35012: -612 -714 -345 590
35016: -612 -714 -349 626
35032: -612 -716 -365 608
35035: -612 -716 -368 635
35036: -612 -716 -369 644
35060: -612 -719 -393 617
35062: -612 -719 -395 635
35064: -612 -720 -397 572
35118: -685 -78 -370 653
35120: -685 -78 -372 671
35122: -685 -78 -374 689
35124: -685 -78 -376 707
35125: -685 -78 -377 716
35126: -685 -78 -378 725
35156: -686 -154 -327 671
35158: -686 -154 -329 689
35159: -686 -154 -330 698
35160: -686 -154 -331 707
35161: -686 -154 -332 716
35162: -686 -154 -333 725
35166: -686 -155 -337 680
35173: -686 -156 -344 662
35176: -686 -156 -347 689
35177: -686 -156 -348 698
35191: -686 -158 -362 662
35195: -686 -158 -366 698
35197: -686 -158 -368 716
35199: -686 -159 -370 653
35200: -686 -159 -371 662
35203: -686 -159 -374 689
35204: -686 -159 -375 698
35206: -686 -159 -377 716
35208: -686 -160 -379 653
35209: -686 -160 -380 662
35210: -686 -160 -381 671
35217: -686 -161 -388 653
35218: -686 -161 -389 662
35224: -686 -161 -395 716
35226: -686 -162 -397 653
35239: -687 -235 -329 689
35240: -687 -235 -330 698
35241: -687 -235 -331 707
35242: -687 -235 -332 716
35247: -687 -236 -337 680
35267: -687 -238 -357 698
35275: -687 -239 -365 689
35278: -687 -239 -368 716
35279: -687 -239 -369 725
35307: -687 -243 -397 653
35318: -688 -316 -327 671
35320: -688 -316 -329 689
35321: -688 -316 -330 698
35322: -688 -316 -331 707
35323: -688 -316 -332 716
35328: -688 -317 -337 680
35335: -688 -318 -344 662
35349: -688 -319 -358 707
35354: -688 -320 -363 671
35358: -688 -320 -367 707
35369: -688 -321 -378 725
35370: -688 -322 -379 653
35374: -688 -322 -383 689
35392: -688 -324 -401 689
35402: -689 -397 -330 698
35415: -689 -399 -343 653
35422: -689 -399 -350 716
35423: -689 -399 -351 725
35451: -689 -403 -379 653
35459: -689 -403 -387 725
35460: -689 -404 -388 653
35461: -689 -404 -389 662
35477: -689 -405 -405 725
35482: -690 -478 -329 689
35483: -690 -478 -330 698
35490: -690 -479 -337 680
35500: -690 -480 -347 689
35509: -690 -481 -356 689
35522: -690 -482 -369 725
35532: -690 -484 -379 653
35556: -690 -486 -403 707
35563: -691 -559 -329 689
35565: -691 -559 -331 707
35566: -691 -559 -332 716
35571: -691 -560 -337 680
35590: -691 -562 -356 689
35591: -691 -562 -357 698
35592: -691 -562 -358 707
35594: -691 -562 -360 725
35599: -691 -563 -365 689
35605: -691 -564 -371 662
35608: -691 -564 -374 689
35622: -691 -566 -388 653
35626: -691 -566 -392 689
35642: -692 -640 -327 671
35644: -692 -640 -329 689
35645: -692 -640 -330 698
35646: -692 -640 -331 707
35647: -692 -640 -332 716
35652: -692 -641 -337 680
35671: -692 -643 -356 689
35672: -692 -643 -357 698
35673: -692 -643 -358 707
35674: -692 -643 -359 716
35683: -692 -644 -368 716
35691: -692 -645 -376 707
35694: -692 -646 -379 653
35696: -692 -646 -381 671
35703: -692 -647 -388 653
35729: -693 -721 -333 725
35733: -693 -722 -337 680
35739: -693 -723 -343 653
35750: -693 -724 -354 671
35755: -693 -724 -359 716
35756: -693 -724 -360 725
35766: -693 -726 -370 653
35776: -693 -727 -380 662
36297: -52 -488 -415 6
36298: -52 -488 -416 15
36299: -52 -488 -417 24
36300: -52 -488 -418 33
36301: -52 -488 -419 42
36302: -52 -488 -420 51
36303: -52 -488 -421 60
36304: -52 -488 -422 69
36306: -52 -489 -424 6
36307: -52 -489 -425 15
36308: -52 -489 -426 24
36309: -52 -489 -427 33
36310: -52 -489 -428 42
36311: -52 -489 -429 51
36312: -52 -489 -430 60
36313: -52 -489 -431 69
36315: -52 -490 -433 6
36316: -52 -490 -434 15
36317: -52 -490 -435 24
36318: -52 -490 -436 33
36319: -52 -490 -437 42
36320: -52 -490 -438 51
36321: -52 -490 -439 60
36322: -52 -490 -440 69
36324: -52 -491 -442 6
36325: -52 -491 -443 15
36326: -52 -491 -444 24
36327: -52 -491 -445 33
36328: -52 -491 -446 42
36329: -52 -491 -447 51
36330: -52 -491 -448 60
36331: -52 -491 -449 69
36342: -52 -493 -460 6
36343: -52 -493 -461 15
36344: -52 -493 -462 24
36345: -52 -493 -463 33
36346: -52 -493 -464 42
36348: -52 -493 -466 60
36349: -52 -493 -467 69
36351: -52 -494 -469 6
36352: -52 -494 -470 15
36353: -52 -494 -471 24
36354: -52 -494 -472 33
36355: -52 -494 -473 42
36356: -52 -494 -474 51
36357: -52 -494 -475 60
36358: -52 -494 -476 69
36360: -52 -495 -478 6
36361: -52 -495 -479 15
36362: -52 -495 -480 24
36363: -52 -495 -481 33
36364: -52 -495 -482 42
36365: -52 -495 -483 51
36366: -52 -495 -484 60
36367: -52 -495 -485 69
36549: -127 -12 -424 87
36550: -127 -12 -425 96
36551: -127 -12 -426 105
36552: -127 -12 -427 114
36553: -127 -12 -428 123
36554: -127 -12 -429 132
36555: -127 -12 -430 141
36556: -127 -12 -431 150
36557: -127 -12 -432 159
36648: -128 -95 -442 87
36649: -128 -95 -443 96
36650: -128 -95 -444 105
36652: -128 -95 -446 123
36653: -128 -95 -447 132
36654: -128 -95 -448 141
36655: -128 -95 -449 150
36656: -128 -95 -450 159
36666: -128 -97 -460 87
36667: -128 -97 -461 96
36668: -128 -97 -462 105
36672: -128 -97 -466 141
36674: -128 -97 -468 159
36676: -128 -98 -470 96
36685: -128 -99 -479 96
36689: -128 -99 -483 132
36692: -128 -99 -486 159
36702: -129 -173 -415 87
36704: -129 -173 -417 105
36705: -129 -173 -418 114
36706: -129 -173 -419 123
36707: -129 -173 -420 132
36708: -129 -173 -421 141
36709: -129 -173 -422 150
36710: -129 -173 -423 159
36714: -129 -174 -427 114
36716: -129 -174 -429 132
36718: -129 -174 -431 150
36720: -129 -175 -433 87
36726: -129 -175 -439 141
36728: -129 -175 -441 159
36735: -129 -176 -448 141
36749: -129 -178 -462 105
36751: -129 -178 -464 123
36752: -129 -178 -465 132
36756: -129 -179 -469 87
36761: -129 -179 -474 132
36762: -129 -179 -475 141
36765: -129 -180 -478 87
36767: -129 -180 -480 105
36768: -129 -180 -481 114
36769: -129 -180 -482 123
36770: -129 -180 -483 132
36772: -129 -180 -485 150
36882: -131 -337 -433 87
36883: -131 -337 -434 96
36884: -131 -337 -435 105
36885: -131 -337 -436 114
36886: -131 -337 -437 123
36887: -131 -337 -438 132
36888: -131 -337 -439 141
36889: -131 -337 -440 150
36890: -131 -337 -441 159
36946: -132 -416 -416 96
36970: -132 -418 -440 150
37019: -133 -496 -408 105
37056: -133 -500 -445 114
37086: -133 -503 -475 141
37100: -134 -577 -408 105
37102: -134 -577 -410 123
37103: -134 -577 -411 132
37104: -134 -577 -412 141
37105: -134 -577 -413 150
37116: -134 -579 -424 87
37121: -134 -579 -429 132
37125: -134 -580 -433 87
37126: -134 -580 -434 96
37130: -134 -580 -438 132
37131: -134 -580 -439 141
37132: -134 -580 -440 150
37137: -134 -581 -445 114
37146: -134 -582 -454 114
37149: -134 -582 -457 141
37152: -134 -583 -460 87
37155: -134 -583 -463 114
37160: -134 -583 -468 159
37161: -134 -584 -469 87
37170: -134 -585 -478 87
37173: -134 -585 -481 114
37177: -134 -585 -485 150
37182: -135 -658 -409 114
37184: -135 -658 -411 132
37185: -135 -658 -412 141
37186: -135 -658 -413 150
37206: -135 -661 -433 87
37208: -135 -661 -435 105
37211: -135 -661 -438 132
37212: -135 -661 -439 141
37214: -135 -661 -441 159
37215: -135 -662 -442 87
37223: -135 -662 -450 159
37235: -135 -664 -462 105
37242: -135 -665 -469 87
37244: -135 -665 -471 105
37245: -135 -665 -472 114
37250: -135 -665 -477 159
37251: -135 -666 -478 87
37259: -135 -666 -486 159
37287: -208 -22 -433 168
37288: -208 -22 -434 177
37289: -208 -22 -435 186
37290: -208 -22 -436 195
37291: -208 -22 -437 204
37292: -208 -22 -438 213
37293: -208 -22 -439 222
37294: -208 -22 -440 231
37295: -208 -22 -441 240
37342: -209 -100 -407 177
37343: -209 -100 -408 186
37344: -209 -100 -409 195
37345: -209 -100 -410 204
37346: -209 -100 -411 213
37347: -209 -100 -412 222
37348: -209 -100 -413 231
37353: -209 -101 -418 195
37359: -209 -102 -424 168
37377: -209 -104 -442 168
37378: -209 -104 -443 177
37380: -209 -104 -445 195
37381: -209 -104 -446 204
37382: -209 -104 -447 213
37385: -209 -104 -450 240
37386: -209 -105 -451 168
37387: -209 -105 -452 177
37391: -209 -105 -456 213
37393: -209 -105 -458 231
37395: -209 -106 -460 168
37397: -209 -106 -462 186
37398: -209 -106 -463 195
37404: -209 -107 -469 168
37405: -209 -107 -470 177
37407: -209 -107 -472 195
37408: -209 -107 -473 204
37409: -209 -107 -474 213
37413: -209 -108 -478 168
37416: -209 -108 -481 195
37417: -209 -108 -482 204
37418: -209 -108 -483 213
37419: -209 -108 -484 222
37421: -209 -108 -486 240
37423: -210 -181 -407 177
37424: -210 -181 -408 186
37426: -210 -181 -410 204
37428: -210 -181 -412 222
37449: -210 -184 -433 168
37451: -210 -184 -435 186
37452: -210 -184 -436 195
37453: -210 -184 -437 204
37458: -210 -185 -442 168
37459: -210 -185 -443 177
37460: -210 -185 -444 186
37461: -210 -185 -445 195
37462: -210 -185 -446 204
37464: -210 -185 -448 222
37465: -210 -185 -449 231
37466: -210 -185 -450 240
37476: -210 -187 -460 168
37477: -210 -187 -461 177
37478: -210 -187 -462 186
37479: -210 -187 -463 195
37481: -210 -187 -465 213
37482: -210 -187 -466 222
37483: -210 -187 -467 231
37484: -210 -187 -468 240
37486: -210 -188 -470 177
37487: -210 -188 -471 186
37488: -210 -188 -472 195
37490: -210 -188 -474 213
37494: -210 -189 -478 168
37496: -210 -189 -480 186
37502: -210 -189 -486 240
37504: -211 -262 -407 177
37505: -211 -262 -408 186
37506: -211 -262 -409 195
37507: -211 -262 -410 204
37508: -211 -262 -411 213
37509: -211 -262 -412 222
37510: -211 -262 -413 231
37520: -211 -263 -423 240
37521: -211 -264 -424 168
37522: -211 -264 -425 177
37523: -211 -264 -426 186
37524: -211 -264 -427 195
37526: -211 -264 -429 213
37527: -211 -264 -430 222
37529: -211 -264 -432 240
37530: -211 -265 -433 168
37531: -211 -265 -434 177
37535: -211 -265 -438 213
37536: -211 -265 -439 222
37538: -211 -265 -441 240
37539: -211 -266 -442 168
37542: -211 -266 -445 195
37543: -211 -266 -446 204
37544: -211 -266 -447 213
37545: -211 -266 -448 222
37547: -211 -266 -450 240
37567: -211 -269 -470 177
37583: -211 -270 -486 240
37588: -212 -343 -410 204
37598: -212 -344 -420 213
37624: -212 -347 -446 204
37643: -212 -349 -465 213
37646: -212 -349 -468 240
37653: -212 -350 -475 222
37664: -212 -351 -486 240
37668: -213 -424 -409 195
37694: -213 -427 -435 186
37702: -213 -428 -443 177
37719: -213 -430 -460 168
37738: -213 -432 -479 177
37744: -213 -432 -485 231
37747: -214 -505 -407 177
37749: -214 -505 -409 195
37750: -214 -505 -410 204
37751: -214 -505 -411 213
37752: -214 -505 -412 222
37753: -214 -505 -413 231
37779: -214 -508 -439 222
37791: -214 -510 -451 168
37828: -215 -586 -407 177
37829: -215 -586 -408 186
37830: -215 -586 -409 195
37831: -215 -586 -410 204
37832: -215 -586 -411 213
37833: -215 -586 -412 222
37847: -215 -588 -426 186
37862: -215 -589 -441 240
37874: -215 -591 -453 186
37891: -215 -593 -470 177
37912: -216 -667 -410 204
37913: -216 -667 -411 213
37929: -216 -669 -427 195
37935: -216 -670 -433 168
37940: -216 -670 -438 213
37942: -216 -670 -440 231
37950: -216 -671 -448 222
37972: -216 -674 -470 177
38025: -289 -32 -442 249
38026: -289 -32 -443 258
38027: -289 -32 -444 267
38028: -289 -32 -445 276
38029: -289 -32 -446 285
38030: -289 -32 -447 294
38031: -289 -32 -448 303
38032: -289 -32 -449 312
38033: -289 -32 -450 321
38088: -290 -111 -424 249
38089: -290 -111 -425 258
38090: -290 -111 -426 267
38091: -290 -111 -427 276
38092: -290 -111 -428 285
38094: -290 -111 -430 303
38096: -290 -111 -432 321
38114: -290 -113 -450 321
38121: -290 -114 -457 303
38124: -290 -115 -460 249
38126: -290 -115 -462 267
38128: -290 -115 -464 285
38129: -290 -115 -465 294
38131: -290 -115 -467 312
38132: -290 -115 -468 321
38134: -290 -116 -470 258
38136: -290 -116 -472 276
38137: -290 -116 -473 285
38140: -290 -116 -476 312
38141: -290 -116 -477 321
38142: -290 -117 -478 249
38144: -290 -117 -480 267
38145: -290 -117 -481 276
38146: -290 -117 -482 285
38147: -290 -117 -483 294
38148: -290 -117 -484 303
38149: -290 -117 -485 312
38150: -290 -117 -486 321
38152: -291 -190 -407 258
38153: -291 -190 -408 267
38154: -291 -190 -409 276
38155: -291 -190 -410 285
38156: -291 -190 -411 294
38157: -291 -190 -412 303
38158: -291 -190 -413 312
38160: -291 -191 -415 249
38161: -291 -191 -416 258
38162: -291 -191 -417 267
38163: -291 -191 -418 276
38164: -291 -191 -419 285
38165: -291 -191 -420 294
38166: -291 -191 -421 303
38167: -291 -191 -422 312
38168: -291 -191 -423 321
38171: -291 -192 -426 267
38174: -291 -192 -429 294
38176: -291 -192 -431 312
38177: -291 -192 -432 321
38178: -291 -193 -433 249
38180: -291 -193 -435 267
38181: -291 -193 -436 276
38182: -291 -193 -437 285
38184: -291 -193 -439 303
38185: -291 -193 -440 312
38186: -291 -193 -441 321
38187: -291 -194 -442 249
38188: -291 -194 -443 258
38189: -291 -194 -444 267
38190: -291 -194 -445 276
38192: -291 -194 -447 294
38193: -291 -194 -448 303
38194: -291 -194 -449 312
38195: -291 -194 -450 321
38200: -291 -195 -455 285
38201: -291 -195 -456 294
38202: -291 -195 -457 303
38205: -291 -196 -460 249
38206: -291 -196 -461 258
38207: -291 -196 -462 267
38208: -291 -196 -463 276
38209: -291 -196 -464 285
38210: -291 -196 -465 294
38212: -291 -196 -467 312
38213: -291 -196 -468 321
38214: -291 -197 -469 249
38215: -291 -197 -470 258
38216: -291 -197 -471 267
38217: -291 -197 -472 276
38218: -291 -197 -473 285
38219: -291 -197 -474 294
38220: -291 -197 -475 303
38221: -291 -197 -476 312
38222: -291 -197 -477 321
38223: -291 -198 -478 249
38224: -291 -198 -479 258
38225: -291 -198 -480 267
38226: -291 -198 -481 276
38229: -291 -198 -484 303
38231: -291 -198 -486 321
38233: -292 -271 -407 258
38234: -292 -271 -408 267
38235: -292 -271 -409 276
38239: -292 -271 -413 312
38241: -292 -272 -415 249
38244: -292 -272 -418 276
38249: -292 -272 -423 321
38268: -292 -275 -442 249
38271: -292 -275 -445 276
38276: -292 -275 -450 321
38286: -292 -277 -460 249
38287: -292 -277 -461 258
38289: -292 -277 -463 276
38290: -292 -277 -464 285
38291: -292 -277 -465 294
38292: -292 -277 -466 303
38294: -292 -277 -468 321
38295: -292 -278 -469 249
38296: -292 -278 -470 258
38297: -292 -278 -471 267
38298: -292 -278 -472 276
38299: -292 -278 -473 285
38300: -292 -278 -474 294
38301: -292 -278 -475 303
38302: -292 -278 -476 312
38303: -292 -278 -477 321
38304: -292 -279 -478 249
38305: -292 -279 -479 258
38306: -292 -279 -480 267
38307: -292 -279 -481 276
38309: -292 -279 -483 294
38310: -292 -279 -484 303
38311: -292 -279 -485 312
38312: -292 -279 -486 321
38322: -293 -353 -415 249
38324: -293 -353 -417 267
38325: -293 -353 -418 276
38326: -293 -353 -419 285
38332: -293 -354 -425 258
38334: -293 -354 -427 276
38337: -293 -354 -430 303
38338: -293 -354 -431 312
38339: -293 -354 -432 321
38349: -293 -356 -442 249
38357: -293 -356 -450 321
38361: -293 -357 -454 276
38362: -293 -357 -455 285
38367: -293 -358 -460 249
38369: -293 -358 -462 267
38370: -293 -358 -463 276
38376: -293 -359 -469 249
38378: -293 -359 -471 267
38379: -293 -359 -472 276
38381: -293 -359 -474 294
38385: -293 -360 -478 249
38386: -293 -360 -479 258
38393: -293 -360 -486 321
38401: -294 -433 -413 312
38407: -294 -434 -419 285
38409: -294 -434 -421 303
38410: -294 -434 -422 312
38411: -294 -434 -423 321
38424: -294 -436 -436 276
38448: -294 -439 -460 249
38469: -294 -441 -481 276
38476: -295 -514 -407 258
38477: -295 -514 -408 267
38478: -295 -514 -409 276
38479: -295 -514 -410 285
38480: -295 -514 -411 294
38482: -295 -514 -413 312
38494: -295 -516 -425 258
38508: -295 -517 -439 303
38512: -295 -518 -443 258
38522: -295 -519 -453 267
38527: -295 -519 -458 312
38538: -295 -521 -469 249
38543: -295 -521 -474 294
38554: -295 -522 -485 312
38558: -296 -595 -408 267
38561: -296 -595 -411 294
38562: -296 -595 -412 303
38570: -296 -596 -420 294
38572: -296 -596 -422 312
38580: -296 -597 -430 303
38581: -296 -597 -431 312
38582: -296 -597 -432 321
38610: -296 -601 -460 249
38611: -296 -601 -461 258
38612: -296 -601 -462 267
38613: -296 -601 -463 276
38615: -296 -601 -465 294
38616: -296 -601 -466 303
38617: -296 -601 -467 312
38618: -296 -601 -468 321
38628: -296 -603 -478 249
38629: -296 -603 -479 258
38632: -296 -603 -482 285
38638: -297 -676 -407 258
38639: -297 -676 -408 267
38643: -297 -676 -412 303
38660: -297 -678 -429 294
38663: -297 -678 -432 321
38665: -297 -679 -434 258
38672: -297 -679 -441 321
38679: -297 -680 -448 303
38702: -297 -683 -471 267
38705: -297 -683 -474 294
38706: -297 -683 -475 303
38707: -297 -683 -476 312
38708: -297 -683 -477 321
38719: -370 -37 -407 339
38720: -370 -37 -408 348
38721: -370 -37 -409 357
38722: -370 -37 -410 366
38723: -370 -37 -411 375
38724: -370 -37 -412 384
38725: -370 -37 -413 393
38800: -371 -118 -407 339
38801: -371 -118 -408 348
38802: -371 -118 -409 357
38803: -371 -118 -410 366
38804: -371 -118 -411 375
38805: -371 -118 -412 384
38806: -371 -118 -413 393
38814: -371 -119 -421 384
38815: -371 -119 -422 393
38816: -371 -119 -423 402
38818: -371 -120 -425 339
38820: -371 -120 -427 357
38821: -371 -120 -428 366
38822: -371 -120 -429 375
38823: -371 -120 -430 384
38824: -371 -120 -431 393
38836: -371 -122 -443 339
38843: -371 -122 -450 402
38847: -371 -123 -454 357
38874: -371 -126 -481 357
38879: -371 -126 -486 402
38881: -372 -199 -407 339
38883: -372 -199 -409 357
38884: -372 -199 -410 366
38885: -372 -199 -411 375
38886: -372 -199 -412 384
38887: -372 -199 -413 393
38889: -372 -200 -415 330
38890: -372 -200 -416 339
38891: -372 -200 -417 348
38892: -372 -200 -418 357
38893: -372 -200 -419 366
38894: -372 -200 -420 375
38900: -372 -201 -426 348
38907: -372 -202 -433 330
38908: -372 -202 -434 339
38909: -372 -202 -435 348
38915: -372 -202 -441 402
38926: -372 -204 -452 339
38938: -372 -205 -464 366
38943: -372 -206 -469 330
38948: -372 -206 -474 375
38955: -372 -207 -481 357
38956: -372 -207 -482 366
38960: -372 -207 -486 402
39064: -374 -363 -428 366
39068: -374 -363 -432 402
39105: -374 -368 -469 330
39132: -375 -443 -415 330
39147: -375 -444 -430 384
39151: -375 -445 -434 339
39163: -375 -446 -446 366
39177: -375 -448 -460 330
39196: -375 -450 -479 339
39198: -375 -450 -481 357
39205: -376 -523 -407 339
39207: -376 -523 -409 357
39213: -376 -524 -415 330
39218: -376 -524 -420 375
39236: -376 -526 -438 375
39249: -376 -528 -451 330
39267: -376 -530 -469 330
39272: -376 -530 -474 375
39277: -376 -531 -479 339
39286: -377 -604 -407 339
39289: -377 -604 -410 366
39301: -377 -605 -422 393
39317: -377 -607 -438 375
39319: -377 -607 -440 393
39328: -377 -608 -449 393
39340: -377 -610 -461 339
39342: -377 -610 -463 357
39357: -377 -612 -478 330
39369: -378 -685 -409 357
39371: -378 -685 -411 375
39397: -378 -688 -437 366
39399: -378 -688 -439 384
39400: -378 -688 -440 393
39420: -378 -691 -460 330
39430: -378 -692 -470 339
39432: -378 -692 -472 357
39443: -378 -693 -483 375
39502: -451 -52 -461 420
39503: -451 -52 -462 429
39504: -451 -52 -463 438
39505: -451 -52 -464 447
39506: -451 -52 -465 456
39507: -451 -52 -466 465
39508: -451 -52 -467 474
39509: -451 -52 -468 483
39530: -452 -127 -408 429
39532: -452 -127 -410 447
39533: -452 -127 -411 456
39535: -452 -127 -413 474
39548: -452 -129 -426 429
39549: -452 -129 -427 438
39551: -452 -129 -429 456
39569: -452 -131 -447 456
39582: -452 -133 -460 411
39584: -452 -133 -462 429
39585: -452 -133 -463 438
39586: -452 -133 -464 447
39587: -452 -133 -465 456
39593: -452 -134 -471 429
39594: -452 -134 -472 438
39595: -452 -134 -473 447
39598: -452 -134 -476 474
39599: -452 -134 -477 483
39605: -452 -135 -483 456
39612: -453 -208 -409 438
39614: -453 -208 -411 456
39616: -453 -208 -413 474
39618: -453 -209 -415 411
39621: -453 -209 -418 438
39623: -453 -209 -420 456
39624: -453 -209 -421 465
39625: -453 -209 -422 474
39626: -453 -209 -423 483
39636: -453 -211 -433 411
39640: -453 -211 -437 447
39641: -453 -211 -438 456
39644: -453 -211 -441 483
39648: -453 -212 -445 438
39650: -453 -212 -447 456
39663: -453 -214 -460 411
39667: -453 -214 -464 447
39668: -453 -214 -465 456
39672: -453 -215 -469 411
39676: -453 -215 -473 447
39681: -453 -216 -478 411
39685: -453 -216 -482 447
39688: -453 -216 -485 474
39692: -454 -289 -408 429
39694: -454 -289 -410 447
39695: -454 -289 -411 456
39696: -454 -289 -412 465
39710: -454 -291 -426 429
39727: -454 -293 -443 420
39730: -454 -293 -446 447
39731: -454 -293 -447 456
39733: -454 -293 -449 474
39773: -455 -370 -408 429
39778: -455 -370 -413 474
39796: -455 -372 -431 474
39820: -455 -375 -455 447
39837: -455 -377 -472 438
39854: -456 -451 -408 429
39880: -456 -454 -434 420
39888: -456 -455 -442 411
39897: -456 -456 -451 411
39899: -456 -456 -453 429
39901: -456 -456 -455 447
39935: -457 -532 -408 429
39940: -457 -532 -413 474
39964: -457 -535 -437 447
40024: -458 -614 -416 420
40025: -458 -614 -417 429
40026: -458 -614 -418 438
40042: -458 -616 -434 420
40047: -458 -616 -439 465
40049: -458 -616 -441 483
40071: -458 -619 -463 438
40086: -458 -621 -478 411
40087: -458 -621 -479 420
40090: -458 -621 -482 447
40239: -532 -62 -469 492
40240: -532 -62 -470 501
40241: -532 -62 -471 510
40242: -532 -62 -472 519
40243: -532 -62 -473 528
40244: -532 -62 -474 537
40245: -532 -62 -475 546
40246: -532 -62 -476 555
40247: -532 -62 -477 564
40258: -533 -136 -407 501
40259: -533 -136 -408 510
40260: -533 -136 -409 519
40261: -533 -136 -410 528
40262: -533 -136 -411 537
40263: -533 -136 -412 546
40264: -533 -136 -413 555
40278: -533 -138 -427 519
40297: -533 -140 -446 528
40305: -533 -141 -454 519
40329: -533 -144 -478 492
40330: -533 -144 -479 501
40331: -533 -144 -480 510
40332: -533 -144 -481 519
40334: -533 -144 -483 537
40335: -533 -144 -484 546
40337: -533 -144 -486 564
40342: -534 -217 -410 528
40344: -534 -217 -412 546
40347: -534 -218 -415 492
40349: -534 -218 -417 510
40350: -534 -218 -418 519
40351: -534 -218 -419 528
40352: -534 -218 -420 537
40353: -534 -218 -421 546
40354: -534 -218 -422 555
40355: -534 -218 -423 564
40357: -534 -219 -425 501
40362: -534 -219 -430 546
40365: -534 -220 -433 492
40366: -534 -220 -434 501
40371: -534 -220 -439 546
40376: -534 -221 -444 510
40377: -534 -221 -445 519
40420: -535 -298 -407 501
40421: -535 -298 -408 510
40422: -535 -298 -409 519
40423: -535 -298 -410 528
40424: -535 -298 -411 537
40425: -535 -298 -412 546
40426: -535 -298 -413 555
40428: -535 -299 -415 492
40437: -535 -300 -424 492
40438: -535 -300 -425 501
40439: -535 -300 -426 510
40440: -535 -300 -427 519
40441: -535 -300 -428 528
40442: -535 -300 -429 537
40443: -535 -300 -430 546
40444: -535 -300 -431 555
40445: -535 -300 -432 564
40447: -535 -301 -434 501
40448: -535 -301 -435 510
40455: -535 -302 -442 492
40457: -535 -302 -444 510
40458: -535 -302 -445 519
40460: -535 -302 -447 537
40461: -535 -302 -448 546
40463: -535 -302 -450 564
40476: -535 -304 -463 519
40485: -535 -305 -472 519
40490: -535 -305 -477 564
40491: -535 -306 -478 492
40492: -535 -306 -479 501
40501: -536 -379 -407 501
40504: -536 -379 -410 528
40505: -536 -379 -411 537
40512: -536 -380 -418 519
40513: -536 -380 -419 528
40515: -536 -380 -421 546
40524: -536 -381 -430 546
40526: -536 -381 -432 564
40563: -536 -386 -469 492
40565: -536 -386 -471 510
40566: -536 -386 -472 519
40568: -536 -386 -474 537
40569: -536 -386 -475 546
40572: -536 -387 -478 492
40587: -537 -460 -412 546
40599: -537 -462 -424 492
40602: -537 -462 -427 519
40609: -537 -463 -434 501
40616: -537 -463 -441 564
40617: -537 -464 -442 492
40618: -537 -464 -443 501
40620: -537 -464 -445 519
40625: -537 -464 -450 564
40641: -537 -466 -466 546
40644: -537 -467 -469 492
40645: -537 -467 -470 501
40647: -537 -467 -472 519
40650: -537 -467 -475 546
40656: -537 -468 -481 519
40664: -538 -541 -408 510
40668: -538 -541 -412 546
40674: -538 -542 -418 519
40677: -538 -542 -421 546
40680: -538 -543 -424 492
40683: -538 -543 -427 519
40685: -538 -543 -429 537
40686: -538 -543 -430 546
40688: -538 -543 -432 564
40689: -538 -544 -433 492
40691: -538 -544 -435 510
40695: -538 -544 -439 546
40698: -538 -545 -442 492
40699: -538 -545 -443 501
40700: -538 -545 -444 510
40701: -538 -545 -445 519
40702: -538 -545 -446 528
40704: -538 -545 -448 546
40705: -538 -545 -449 555
40725: -538 -548 -469 492
40728: -538 -548 -472 519
40746: -539 -622 -409 519
40748: -539 -622 -411 537
40759: -539 -623 -422 555
40768: -539 -624 -431 555
40776: -539 -625 -439 546
40777: -539 -625 -440 555
40778: -539 -625 -441 564
40786: -539 -626 -449 555
40797: -539 -628 -460 492
40801: -539 -628 -464 528
40802: -539 -628 -465 537
40804: -539 -628 -467 555
40825: -540 -703 -407 501
40828: -540 -703 -410 528
40829: -540 -703 -411 537
40848: -540 -705 -430 546
40867: -540 -707 -449 555
40868: -540 -707 -450 564
40881: -540 -709 -463 519
40887: -540 -710 -469 492
40892: -540 -710 -474 537
40977: -613 -72 -478 573
40978: -613 -72 -479 582
40979: -613 -72 -480 591
40980: -613 -72 -481 600
40981: -613 -72 -482 609
40982: -613 -72 -483 618
40983: -613 -72 -484 627
40984: -613 -72 -485 636
40985: -613 -72 -486 645
40987: -614 -145 -407 582
40988: -614 -145 -408 591
40989: -614 -145 -409 600
40990: -614 -145 -410 609
40991: -614 -145 -411 618
40992: -614 -145 -412 627
40993: -614 -145 -413 636
41036: -614 -150 -456 618
41065: -614 -153 -485 636
41068: -615 -226 -407 582
41070: -615 -226 -409 600
41071: -615 -226 -410 609
41072: -615 -226 -411 618
41074: -615 -226 -413 636
41078: -615 -227 -417 591
41079: -615 -227 -418 600
41082: -615 -227 -421 627
41083: -615 -227 -422 636
41084: -615 -227 -423 645
41087: -615 -228 -426 591
41088: -615 -228 -427 600
41104: -615 -230 -443 582
41149: -616 -307 -407 582
41150: -616 -307 -408 591
41151: -616 -307 -409 600
41152: -616 -307 -410 609
41153: -616 -307 -411 618
41154: -616 -307 -412 627
41155: -616 -307 -413 636
41160: -616 -308 -418 600
41162: -616 -308 -420 618
41167: -616 -309 -425 582
41169: -616 -309 -427 600
41171: -616 -309 -429 618
41172: -616 -309 -430 627
41173: -616 -309 -431 636
41174: -616 -309 -432 645
41175: -616 -310 -433 573
41176: -616 -310 -434 582
41177: -616 -310 -435 591
41180: -616 -310 -438 618
41183: -616 -310 -441 645
41184: -616 -311 -442 573
41186: -616 -311 -444 591
41189: -616 -311 -447 618
41190: -616 -311 -448 627
41192: -616 -311 -450 645
41195: -616 -312 -453 591
41211: -616 -314 -469 573
41226: -616 -315 -484 627
41227: -616 -315 -485 636
41233: -617 -388 -410 609
41234: -617 -388 -411 618
41292: -617 -395 -469 573
41297: -617 -395 -474 618
41305: -617 -396 -482 609
41313: -618 -469 -409 600
41380: -618 -476 -476 636
41396: -619 -550 -411 618
41406: -619 -551 -421 627
41407: -619 -551 -422 636
41418: -619 -553 -433 573
41423: -619 -553 -438 618
41438: -619 -555 -453 591
41468: -619 -558 -483 618
41483: -620 -632 -417 591
41488: -620 -632 -422 636
41493: -620 -633 -427 600
41494: -620 -633 -428 609
41495: -620 -633 -429 618
41497: -620 -633 -431 636
41498: -620 -633 -432 645
41506: -620 -634 -440 636
41509: -620 -635 -443 582
41511: -620 -635 -445 600
41556: -621 -712 -409 600
41570: -621 -713 -423 645
41577: -621 -714 -430 627
41621: -621 -719 -474 618
41624: -621 -719 -477 645
41679: -694 -78 -451 654
41681: -694 -78 -453 672
41682: -694 -78 -454 681
41683: -694 -78 -455 690
41684: -694 -78 -456 699
41685: -694 -78 -457 708
41686: -694 -78 -458 717
41716: -695 -154 -407 663
41717: -695 -154 -408 672
41718: -695 -154 -409 681
41719: -695 -154 -410 690
41721: -695 -154 -412 708
41722: -695 -154 -413 717
41736: -695 -156 -427 681
41759: -695 -158 -450 726
41769: -695 -160 -460 654
41777: -695 -160 -468 726
41798: -696 -235 -408 672
41799: -696 -235 -409 681
41800: -696 -235 -410 690
41802: -696 -235 -412 708
41805: -696 -236 -415 654
41808: -696 -236 -418 681
41810: -696 -236 -420 699
41811: -696 -236 -421 708
41813: -696 -236 -423 726
41820: -696 -237 -430 708
41825: -696 -238 -435 672
41829: -696 -238 -439 708
41840: -696 -239 -450 726
41861: -696 -242 -471 672
41878: -697 -316 -407 663
41879: -697 -316 -408 672
41880: -697 -316 -409 681
41881: -697 -316 -410 690
41882: -697 -316 -411 699
41883: -697 -316 -412 708
41896: -697 -318 -425 663
41897: -697 -318 -426 672
41898: -697 -318 -427 681
41901: -697 -318 -430 708
41907: -697 -319 -436 681
41918: -697 -320 -447 699
41920: -697 -320 -449 717
41937: -697 -322 -466 708
41939: -697 -322 -468 726
41959: -698 -397 -407 663
41961: -698 -397 -409 681
41962: -698 -397 -410 690
41965: -698 -397 -413 717
41972: -698 -398 -420 699
41973: -698 -398 -421 708
41979: -698 -399 -427 681
41982: -698 -399 -430 708
42040: -699 -478 -407 663
42043: -699 -478 -410 690
42048: -699 -479 -415 654
42121: -700 -559 -407 663
42123: -700 -559 -409 681
42152: -700 -562 -438 699
42206: -701 -640 -411 699
42222: -701 -642 -427 681
42249: -701 -645 -454 681
42297: -702 -722 -421 708
42300: -702 -723 -424 654
42305: -702 -723 -429 699
42308: -702 -723 -432 726
42311: -702 -724 -435 672
42317: -702 -724 -441 726
42939: -62 -569 -496 7
42940: -62 -569 -497 16
42941: -62 -569 -498 25
42942: -62 -569 -499 34
42943: -62 -569 -500 43
42945: -62 -569 -502 61
42946: -62 -569 -503 70
42947: -62 -569 -504 79
42948: -62 -570 -505 7
42949: -62 -570 -506 16
42950: -62 -570 -507 25
42951: -62 -570 -508 34
42952: -62 -570 -509 43
42954: -62 -570 -511 61
42955: -62 -570 -512 70
42956: -62 -570 -513 79
42957: -62 -571 -514 7
42958: -62 -571 -515 16
42959: -62 -571 -516 25
42960: -62 -571 -517 34
42961: -62 -571 -518 43
42963: -62 -571 -520 61
42964: -62 -571 -521 70
42965: -62 -571 -522 79
42966: -62 -572 -523 7
42967: -62 -572 -524 16
42968: -62 -572 -525 25
42969: -62 -572 -526 34
42970: -62 -572 -527 43
42972: -62 -572 -529 61
42973: -62 -572 -530 70
42974: -62 -572 -531 79
42975: -62 -573 -532 7
42976: -62 -573 -533 16
42977: -62 -573 -534 25
42978: -62 -573 -535 34
42979: -62 -573 -536 43
42981: -62 -573 -538 61
42982: -62 -573 -539 70
42983: -62 -573 -540 79
42993: -62 -575 -550 7
42994: -62 -575 -551 16
42995: -62 -575 -552 25
42996: -62 -575 -553 34
42997: -62 -575 -554 43
42999: -62 -575 -556 61
43000: -62 -575 -557 70
43001: -62 -575 -558 79
43002: -62 -576 -559 7
43003: -62 -576 -560 16
43004: -62 -576 -561 25
43005: -62 -576 -562 34
43006: -62 -576 -563 43
43008: -62 -576 -565 61
43009: -62 -576 -566 70
43010: -62 -576 -567 79
43110: -136 -12 -505 88
43111: -136 -12 -506 97
43112: -136 -12 -507 106
43113: -136 -12 -508 115
43114: -136 -12 -509 124
43115: -136 -12 -510 133
43116: -136 -12 -511 142
43117: -136 -12 -512 151
43118: -136 -12 -513 160
43191: -137 -93 -505 88
43192: -137 -93 -506 97
43197: -137 -93 -511 142
43198: -137 -93 -512 151
43199: -137 -93 -513 160
43209: -137 -95 -523 88
43210: -137 -95 -524 97
43211: -137 -95 -525 106
43212: -137 -95 -526 115
43213: -137 -95 -527 124
43214: -137 -95 -528 133
43215: -137 -95 -529 142
43216: -137 -95 -530 151
43217: -137 -95 -531 160
43218: -137 -96 -532 88
43219: -137 -96 -533 97
43221: -137 -96 -535 115
43223: -137 -96 -537 133
43224: -137 -96 -538 142
43225: -137 -96 -539 151
43236: -137 -98 -550 88
43237: -137 -98 -551 97
43238: -137 -98 -552 106
43242: -137 -98 -556 142
43243: -137 -98 -557 151
43245: -137 -99 -559 88
43247: -137 -99 -561 106
43250: -137 -99 -564 133
43263: -138 -173 -496 88
43265: -138 -173 -498 106
43266: -138 -173 -499 115
43267: -138 -173 -500 124
43268: -138 -173 -501 133
43269: -138 -173 -502 142
43270: -138 -173 -503 151
43271: -138 -173 -504 160
43273: -138 -174 -506 97
43277: -138 -174 -510 133
43278: -138 -174 -511 142
43281: -138 -175 -514 88
43287: -138 -175 -520 142
43288: -138 -175 -521 151
43291: -138 -176 -524 97
43299: -138 -177 -532 88
43300: -138 -177 -533 97
43301: -138 -177 -534 106
43302: -138 -177 -535 115
43303: -138 -177 -536 124
43305: -138 -177 -538 142
43306: -138 -177 -539 151
43307: -138 -177 -540 160
43317: -138 -179 -550 88
43318: -138 -179 -551 97
43319: -138 -179 -552 106
43320: -138 -179 -553 115
43321: -138 -179 -554 124
43322: -138 -179 -555 133
43323: -138 -179 -556 142
43326: -138 -180 -559 88
43327: -138 -180 -560 97
43328: -138 -180 -561 106
43329: -138 -180 -562 115
43331: -138 -180 -564 133
43332: -138 -180 -565 142
43334: -138 -180 -567 160
43443: -140 -337 -514 88
43444: -140 -337 -515 97
43445: -140 -337 -516 106
43446: -140 -337 -517 115
43447: -140 -337 -518 124
43448: -140 -337 -519 133
43449: -140 -337 -520 142
43450: -140 -337 -521 151
43451: -140 -337 -522 160
43499: -141 -415 -489 106
43500: -141 -415 -490 115
43503: -141 -415 -493 142
43504: -141 -415 -494 151
43505: -141 -415 -495 160
43506: -141 -416 -496 88
43520: -141 -417 -510 133
43521: -141 -417 -511 142
43523: -141 -417 -513 160
43529: -141 -418 -519 133
43530: -141 -418 -520 142
43531: -141 -418 -521 151
43532: -141 -418 -522 160
43533: -141 -419 -523 88
43534: -141 -419 -524 97
43538: -141 -419 -528 133
43542: -141 -420 -532 88
43566: -141 -422 -556 142
43569: -141 -423 -559 88
43571: -141 -423 -561 106
43572: -141 -423 -562 115
43573: -141 -423 -563 124
43574: -141 -423 -564 133
43575: -141 -423 -565 142
43581: -142 -496 -490 115
43596: -142 -498 -505 88
43612: -142 -499 -521 151
43642: -142 -503 -551 97
43652: -142 -504 -561 106
43662: -143 -577 -490 115
43674: -143 -578 -502 142
43681: -143 -579 -509 124
43683: -143 -579 -511 142
43693: -143 -580 -521 151
43741: -144 -658 -488 97
43742: -144 -658 -489 106
43743: -144 -658 -490 115
43744: -144 -658 -491 124
43746: -144 -658 -493 142
43747: -144 -658 -494 151
43748: -144 -658 -495 160
43758: -144 -660 -505 88
43760: -144 -660 -507 106
43763: -144 -660 -510 133
43767: -144 -661 -514 88
43768: -144 -661 -515 97
43773: -144 -661 -520 142
43775: -144 -661 -522 160
43776: -144 -662 -523 88
43777: -144 -662 -524 97
43778: -144 -662 -525 106
43779: -144 -662 -526 115
43781: -144 -662 -528 133
43782: -144 -662 -529 142
43787: -144 -663 -534 106
43788: -144 -663 -535 115
43789: -144 -663 -536 124
43803: -144 -665 -550 88
43808: -144 -665 -555 133
43809: -144 -665 -556 142
43812: -144 -666 -559 88
43819: -144 -666 -566 151
43848: -217 -22 -514 169
43849: -217 -22 -515 178
43850: -217 -22 -516 187
43851: -217 -22 -517 196
43852: -217 -22 -518 205
43853: -217 -22 -519 214
43854: -217 -22 -520 223
43855: -217 -22 -521 232
43856: -217 -22 -522 241
43903: -218 -100 -488 178
43904: -218 -100 -489 187
43905: -218 -100 -490 196
43906: -218 -100 -491 205
43908: -218 -100 -493 223
43909: -218 -100 -494 232
43910: -218 -100 -495 241
43911: -218 -101 -496 169
43912: -218 -101 -497 178
43914: -218 -101 -499 196
43915: -218 -101 -500 205
43917: -218 -101 -502 223
43918: -218 -101 -503 232
43919: -218 -101 -504 241
43920: -218 -102 -505 169
43921: -218 -102 -506 178
43938: -218 -104 -523 169
43939: -218 -104 -524 178
43941: -218 -104 -526 196
43942: -218 -104 -527 205
43943: -218 -104 -528 214
43944: -218 -104 -529 223
43945: -218 -104 -530 232
43946: -218 -104 -531 241
43947: -218 -105 -532 169
43948: -218 -105 -533 178
43950: -218 -105 -535 196
43952: -218 -105 -537 214
43953: -218 -105 -538 223
43954: -218 -105 -539 232
43956: -218 -106 -541 169
43958: -218 -106 -543 187
43959: -218 -106 -544 196
43965: -218 -107 -550 169
43967: -218 -107 -552 187
43970: -218 -107 -555 214
43971: -218 -107 -556 223
43974: -218 -108 -559 169
43975: -218 -108 -560 178
43976: -218 -108 -561 187
43977: -218 -108 -562 196
43978: -218 -108 -563 205
43979: -218 -108 -564 214
43980: -218 -108 -565 223
43981: -218 -108 -566 232
43982: -218 -108 -567 241
43984: -219 -181 -488 178
43985: -219 -181 -489 187
43987: -219 -181 -491 205
43989: -219 -181 -493 223
43990: -219 -181 -494 232
43991: -219 -181 -495 241
44010: -219 -184 -514 169
44011: -219 -184 -515 178
44012: -219 -184 -516 187
44013: -219 -184 -517 196
44014: -219 -184 -518 205
44016: -219 -184 -520 223
44017: -219 -184 -521 232
44018: -219 -184 -522 241
44019: -219 -185 -523 169
44020: -219 -185 -524 178
44023: -219 -185 -527 205
44030: -219 -186 -534 187
44046: -219 -188 -550 169
44048: -219 -188 -552 187
44049: -219 -188 -553 196
44050: -219 -188 -554 205
44051: -219 -188 -555 214
44052: -219 -188 -556 223
44053: -219 -188 -557 232
44057: -219 -189 -561 187
44065: -220 -262 -488 178
44066: -220 -262 -489 187
44067: -220 -262 -490 196
44068: -220 -262 -491 205
44070: -220 -262 -493 223
44071: -220 -262 -494 232
44072: -220 -262 -495 241
44073: -220 -263 -496 169
44078: -220 -263 -501 214
44082: -220 -264 -505 169
44083: -220 -264 -506 178
44085: -220 -264 -508 196
44086: -220 -264 -509 205
44087: -220 -264 -510 214
44088: -220 -264 -511 223
44089: -220 -264 -512 232
44090: -220 -264 -513 241
44091: -220 -265 -514 169
44093: -220 -265 -516 187
44095: -220 -265 -518 205
44097: -220 -265 -520 223
44098: -220 -265 -521 232
44099: -220 -265 -522 241
44100: -220 -266 -523 169
44101: -220 -266 -524 178
44102: -220 -266 -525 187
44103: -220 -266 -526 196
44104: -220 -266 -527 205
44106: -220 -266 -529 223
44108: -220 -266 -531 241
44115: -220 -267 -538 223
44118: -220 -268 -541 169
44126: -220 -268 -549 241
44131: -220 -269 -554 205
44138: -220 -270 -561 187
44143: -220 -270 -566 232
44149: -221 -343 -491 205
44158: -221 -344 -500 205
44162: -221 -344 -504 241
44224: -221 -351 -566 232
44232: -222 -424 -493 223
44233: -222 -424 -494 232
44264: -222 -428 -525 187
44276: -222 -429 -537 214
44299: -222 -432 -560 178
44308: -223 -505 -488 178
44310: -223 -505 -490 196
44311: -223 -505 -491 205
44314: -223 -505 -494 232
44315: -223 -505 -495 241
44318: -223 -506 -498 187
44324: -223 -506 -504 241
44327: -223 -507 -507 187
44334: -223 -508 -514 169
44344: -223 -509 -524 178
44356: -223 -510 -536 205
44370: -223 -512 -550 169
44389: -224 -586 -488 178
44390: -224 -586 -489 187
44391: -224 -586 -490 196
44392: -224 -586 -491 205
44394: -224 -586 -493 223
44395: -224 -586 -494 232
44396: -224 -586 -495 241
44422: -224 -589 -521 232
44443: -224 -592 -542 178
44463: -224 -594 -562 196
44471: -225 -667 -489 187
44473: -225 -667 -491 205
44477: -225 -667 -495 241
44478: -225 -668 -496 169
44479: -225 -668 -497 178
44481: -225 -668 -499 196
44482: -225 -668 -500 205
44484: -225 -668 -502 223
44485: -225 -668 -503 232
44486: -225 -668 -504 241
44497: -225 -670 -515 178
44499: -225 -670 -517 196
44500: -225 -670 -518 205
44501: -225 -670 -519 214
44506: -225 -671 -524 178
44586: -298 -32 -523 250
44587: -298 -32 -524 259
44588: -298 -32 -525 268
44589: -298 -32 -526 277
44590: -298 -32 -527 286
44591: -298 -32 -528 295
44592: -298 -32 -529 304
44593: -298 -32 -530 313
44594: -298 -32 -531 322
44647: -299 -110 -503 313
44650: -299 -111 -506 259
44651: -299 -111 -507 268
44653: -299 -111 -509 286
44654: -299 -111 -510 295
44656: -299 -111 -512 313
44676: -299 -114 -532 250
44678: -299 -114 -534 268
44679: -299 -114 -535 277
44681: -299 -114 -537 295
44683: -299 -114 -539 313
44694: -299 -116 -550 250
44695: -299 -116 -551 259
44697: -299 -116 -553 277
44698: -299 -116 -554 286
44699: -299 -116 -555 295
44701: -299 -116 -557 313
44703: -299 -117 -559 250
44704: -299 -117 -560 259
44705: -299 -117 -561 268
44706: -299 -117 -562 277
44707: -299 -117 -563 286
44708: -299 -117 -564 295
44709: -299 -117 -565 304
44710: -299 -117 -566 313
44711: -299 -117 -567 322
44713: -300 -190 -488 259
44714: -300 -190 -489 268
44715: -300 -190 -490 277
44716: -300 -190 -491 286
44718: -300 -190 -493 304
44719: -300 -190 -494 313
44720: -300 -190 -495 322
44721: -300 -191 -496 250
44722: -300 -191 -497 259
44723: -300 -191 -498 268
44724: -300 -191 -499 277
44726: -300 -191 -501 295
44727: -300 -191 -502 304
44729: -300 -191 -504 322
44732: -300 -192 -507 268
44735: -300 -192 -510 295
44736: -300 -192 -511 304
44737: -300 -192 -512 313
44738: -300 -192 -513 322
44739: -300 -193 -514 250
44743: -300 -193 -518 286
44745: -300 -193 -520 304
44747: -300 -193 -522 322
44749: -300 -194 -524 259
44754: -300 -194 -529 304
44755: -300 -194 -530 313
44756: -300 -194 -531 322
44757: -300 -195 -532 250
44759: -300 -195 -534 268
44760: -300 -195 -535 277
44762: -300 -195 -537 295
44763: -300 -195 -538 304
44765: -300 -195 -540 322
44766: -300 -196 -541 250
44767: -300 -196 -542 259
44768: -300 -196 -543 268
44772: -300 -196 -547 304
44773: -300 -196 -548 313
44774: -300 -196 -549 322
44775: -300 -197 -550 250
44776: -300 -197 -551 259
44777: -300 -197 -552 268
44778: -300 -197 -553 277
44779: -300 -197 -554 286
44780: -300 -197 -555 295
44781: -300 -197 -556 304
44782: -300 -197 -557 313
44783: -300 -197 -558 322
44784: -300 -198 -559 250
44786: -300 -198 -561 268
44787: -300 -198 -562 277
44788: -300 -198 -563 286
44789: -300 -198 -564 295
44791: -300 -198 -566 313
44794: -301 -271 -488 259
44795: -301 -271 -489 268
44796: -301 -271 -490 277
44802: -301 -272 -496 250
44803: -301 -272 -497 259
44804: -301 -272 -498 268
44805: -301 -272 -499 277
44806: -301 -272 -500 286
44807: -301 -272 -501 295
44808: -301 -272 -502 304
44809: -301 -272 -503 313
44810: -301 -272 -504 322
44829: -301 -275 -523 250
44830: -301 -275 -524 259
44831: -301 -275 -525 268
44832: -301 -275 -526 277
44833: -301 -275 -527 286
44834: -301 -275 -528 295
44835: -301 -275 -529 304
44836: -301 -275 -530 313
44837: -301 -275 -531 322
44838: -301 -276 -532 250
44840: -301 -276 -534 268
44841: -301 -276 -535 277
44845: -301 -276 -539 313
44856: -301 -278 -550 250
44857: -301 -278 -551 259
44859: -301 -278 -553 277
44861: -301 -278 -555 295
44862: -301 -278 -556 304
44863: -301 -278 -557 313
44864: -301 -278 -558 322
44865: -301 -279 -559 250
44866: -301 -279 -560 259
44867: -301 -279 -561 268
44868: -301 -279 -562 277
44869: -301 -279 -563 286
44870: -301 -279 -564 295
44871: -301 -279 -565 304
44872: -301 -279 -566 313
44873: -301 -279 -567 322
44885: -302 -353 -498 268
44887: -302 -353 -500 286
44899: -302 -354 -512 313
44900: -302 -354 -513 322
44910: -302 -356 -523 250
44915: -302 -356 -528 295
44919: -302 -357 -532 250
44920: -302 -357 -533 259
44922: -302 -357 -535 277
44924: -302 -357 -537 295
44930: -302 -358 -543 268
44932: -302 -358 -545 286
44934: -302 -358 -547 304
44951: -302 -360 -564 295
44956: -303 -433 -488 259
44957: -303 -433 -489 268
44961: -303 -433 -493 304
44992: -303 -437 -524 259
45028: -303 -441 -560 259
45031: -303 -441 -563 286
45032: -303 -441 -564 295
45033: -303 -441 -565 304
45034: -303 -441 -566 313
45035: -303 -441 -567 322
45039: -304 -514 -490 277
45040: -304 -514 -491 286
45044: -304 -514 -495 322
45057: -304 -516 -508 277
45066: -304 -517 -517 277
45081: -304 -519 -532 250
45082: -304 -519 -533 259
45084: -304 -519 -535 277
45099: -304 -521 -550 250
45102: -304 -521 -553 277
45108: -304 -522 -559 250
45111: -304 -522 -562 277
45118: -305 -595 -488 259
45119: -305 -595 -489 268
45120: -305 -595 -490 277
45121: -305 -595 -491 286
45123: -305 -595 -493 304
45129: -305 -596 -499 277
45134: -305 -596 -504 322
45151: -305 -598 -521 313
45162: -305 -600 -532 250
45189: -305 -603 -559 250
45197: -305 -603 -567 322
45199: -306 -676 -488 259
45201: -306 -676 -490 277
45202: -306 -676 -491 286
45204: -306 -676 -493 304
45206: -306 -676 -495 322
45207: -306 -677 -496 250
45211: -306 -677 -500 286
45213: -306 -677 -502 304
45214: -306 -677 -503 313
45215: -306 -677 -504 322
45219: -306 -678 -508 277
45223: -306 -678 -512 313
45225: -306 -679 -514 250
45230: -306 -679 -519 295
45232: -306 -679 -521 313
45233: -306 -679 -522 322
45234: -306 -680 -523 250
45235: -306 -680 -524 259
45243: -306 -681 -532 250
45244: -306 -681 -533 259
45251: -306 -681 -540 322
45263: -306 -683 -552 268
45278: -306 -684 -567 322
45280: -379 -37 -488 340
45281: -379 -37 -489 349
45282: -379 -37 -490 358
45283: -379 -37 -491 367
45285: -379 -37 -493 385
45286: -379 -37 -494 394
45287: -379 -37 -495 403
45361: -380 -118 -488 340
45362: -380 -118 -489 349
45363: -380 -118 -490 358
45366: -380 -118 -493 385
45367: -380 -118 -494 394
45375: -380 -119 -502 385
45376: -380 -119 -503 394
45379: -380 -120 -506 340
45386: -380 -120 -513 403
45397: -380 -122 -524 340
45405: -380 -123 -532 331
45406: -380 -123 -533 340
45408: -380 -123 -535 358
45414: -380 -124 -541 331
45417: -380 -124 -544 358
45433: -380 -126 -560 340
45435: -380 -126 -562 358
45442: -381 -199 -488 340
45444: -381 -199 -490 358
45445: -381 -199 -491 367
45447: -381 -199 -493 385
45448: -381 -199 -494 394
45450: -381 -200 -496 331
45453: -381 -200 -499 358
45456: -381 -200 -502 385
45457: -381 -200 -503 394
45458: -381 -200 -504 403
45469: -381 -202 -515 340
45474: -381 -202 -520 385
45487: -381 -204 -533 340
45490: -381 -204 -536 367
45505: -381 -206 -551 340
45508: -381 -206 -554 367
45516: -381 -207 -562 358
45517: -381 -207 -563 367
45615: -383 -362 -499 358
45621: -383 -363 -505 331
45628: -383 -363 -512 394
45669: -383 -368 -553 358
45685: -384 -442 -488 340
45697: -384 -443 -500 367
45703: -384 -444 -506 340
45716: -384 -445 -519 376
45726: -384 -446 -529 385
45738: -384 -448 -541 331
45748: -384 -449 -551 340
45757: -384 -450 -560 340
45761: -384 -450 -564 376
45773: -385 -523 -495 403
45805: -385 -527 -527 367
45811: -385 -528 -533 340
45813: -385 -528 -535 358
45822: -385 -529 -544 358
45828: -385 -530 -550 331
45850: -386 -604 -491 367
45862: -386 -605 -503 394
45865: -386 -606 -506 340
45879: -386 -607 -520 385
45880: -386 -607 -521 394
45906: -386 -610 -547 385
45918: -386 -612 -559 331
45931: -387 -685 -491 367
45934: -387 -685 -494 394
45939: -387 -686 -499 358
45959: -387 -688 -519 376
45962: -387 -688 -522 403
45993: -387 -692 -553 358
45998: -387 -692 -558 403
46062: -460 -52 -541 412
46064: -460 -52 -543 430
46065: -460 -52 -544 439
46066: -460 -52 -545 448
46068: -460 -52 -547 466
46069: -460 -52 -548 475
46070: -460 -52 -549 484
46090: -461 -127 -488 421
46091: -461 -127 -489 430
46092: -461 -127 -490 439
46093: -461 -127 -491 448
46095: -461 -127 -493 466
46096: -461 -127 -494 475
46097: -461 -127 -495 484
46108: -461 -129 -506 421
46114: -461 -129 -512 475
46128: -461 -131 -526 439
46134: -461 -132 -532 412
46171: -462 -208 -488 421
46172: -462 -208 -489 430
46173: -462 -208 -490 439
46174: -462 -208 -491 448
46176: -462 -208 -493 466
46177: -462 -208 -494 475
46178: -462 -208 -495 484
46179: -462 -209 -496 412
46184: -462 -209 -501 457
46185: -462 -209 -502 466
46189: -462 -210 -506 421
46203: -462 -211 -520 466
46252: -463 -289 -488 421
46253: -463 -289 -489 430
46254: -463 -289 -490 439
46255: -463 -289 -491 448
46258: -463 -289 -494 475
46259: -463 -289 -495 484
46262: -463 -290 -498 430
46263: -463 -290 -499 439
46265: -463 -290 -501 457
46267: -463 -290 -503 475
46270: -463 -291 -506 421
46272: -463 -291 -508 439
46274: -463 -291 -510 457
46277: -463 -291 -513 484
46284: -463 -292 -520 466
46292: -463 -293 -528 457
46293: -463 -293 -529 466
46330: -463 -297 -566 475
46333: -464 -370 -488 421
46336: -464 -370 -491 448
46340: -464 -370 -495 484
46348: -464 -371 -503 475
46353: -464 -372 -508 439
46436: -465 -453 -510 457
46445: -465 -454 -519 457
46446: -465 -454 -520 466
46454: -465 -455 -528 457
46497: -466 -532 -490 439
46498: -466 -532 -491 448
46503: -466 -533 -496 412
46544: -466 -537 -537 457
46550: -466 -538 -543 430
46566: -466 -540 -559 412
46608: -467 -616 -520 466
46611: -467 -617 -523 412
46638: -467 -620 -550 412
46662: -468 -694 -493 466
46674: -468 -696 -505 412
46677: -468 -696 -508 439
46692: -468 -698 -523 412
46713: -468 -700 -544 439
46717: -468 -700 -548 475
46718: -468 -700 -549 484
46802: -541 -62 -552 511
46803: -541 -62 -553 520
46804: -541 -62 -554 529
46805: -541 -62 -555 538
46806: -541 -62 -556 547
46807: -541 -62 -557 556
46808: -541 -62 -558 565
46820: -542 -136 -489 511
46821: -542 -136 -490 520
46822: -542 -136 -491 529
46824: -542 -136 -493 547
46825: -542 -136 -494 556
46826: -542 -136 -495 565
46843: -542 -138 -512 556
46856: -542 -140 -525 511
46861: -542 -140 -530 556
46863: -542 -141 -532 493
46865: -542 -141 -534 511
46866: -542 -141 -535 520
46867: -542 -141 -536 529
46869: -542 -141 -538 547
46871: -542 -141 -540 565
46885: -542 -143 -554 529
46888: -542 -143 -557 556
46890: -542 -144 -559 493
46892: -542 -144 -561 511
46893: -542 -144 -562 520
46894: -542 -144 -563 529
46895: -542 -144 -564 538
46896: -542 -144 -565 547
46897: -542 -144 -566 556
46898: -542 -144 -567 565
46902: -543 -217 -490 520
46903: -543 -217 -491 529
46905: -543 -217 -493 547
46908: -543 -218 -496 493
46911: -543 -218 -499 520
46912: -543 -218 -500 529
46913: -543 -218 -501 538
46915: -543 -218 -503 556
46916: -543 -218 -504 565
46926: -543 -220 -514 493
46930: -543 -220 -518 529
46931: -543 -220 -519 538
46932: -543 -220 -520 547
46933: -543 -220 -521 556
46935: -543 -221 -523 493
46940: -543 -221 -528 538
46941: -543 -221 -529 547
46942: -543 -221 -530 556
46944: -543 -222 -532 493
46948: -543 -222 -536 529
46950: -543 -222 -538 547
46955: -543 -223 -543 511
46965: -543 -224 -553 520
46966: -543 -224 -554 529
46968: -543 -224 -556 547
46969: -543 -224 -557 556
46971: -543 -225 -559 493
46974: -543 -225 -562 520
46975: -543 -225 -563 529
46977: -543 -225 -565 547
46979: -543 -225 -567 565
46982: -544 -298 -489 511
46984: -544 -298 -491 529
46986: -544 -298 -493 547
46987: -544 -298 -494 556
46988: -544 -298 -495 565
46989: -544 -299 -496 493
46993: -544 -299 -500 529
46995: -544 -299 -502 547
46996: -544 -299 -503 556
46998: -544 -300 -505 493
47000: -544 -300 -507 511
47002: -544 -300 -509 529
47004: -544 -300 -511 547
47006: -544 -300 -513 565
47008: -544 -301 -515 502
47016: -544 -302 -523 493
47017: -544 -302 -524 502
47022: -544 -302 -529 547
47029: -544 -303 -536 529
47030: -544 -303 -537 538
47031: -544 -303 -538 547
47032: -544 -303 -539 556
47043: -544 -305 -550 493
47045: -544 -305 -552 511
47049: -544 -305 -556 547
47052: -544 -306 -559 493
47054: -544 -306 -561 511
47058: -544 -306 -565 547
47060: -544 -306 -567 565
47064: -545 -379 -490 520
47069: -545 -379 -495 565
47076: -545 -380 -502 547
47079: -545 -381 -505 493
47081: -545 -381 -507 511
47085: -545 -381 -511 547
47086: -545 -381 -512 556
47087: -545 -381 -513 565
47106: -545 -384 -532 493
47112: -545 -384 -538 547
47119: -545 -385 -545 529
47124: -545 -386 -550 493
47133: -545 -387 -559 493
47139: -545 -387 -565 547
47224: -547 -541 -488 502
47251: -547 -544 -515 502
47277: -547 -547 -541 493
47279: -547 -547 -543 511
47280: -547 -547 -544 520
47328: -548 -624 -511 547
47337: -548 -625 -520 547
47346: -548 -626 -529 547
47365: -548 -628 -548 556
47377: -548 -630 -560 502
47389: -549 -703 -491 529
47391: -549 -703 -493 547
47398: -549 -704 -500 529
47400: -549 -704 -502 547
47409: -549 -705 -511 547
47416: -549 -706 -518 529
47417: -549 -706 -519 538
47418: -549 -706 -520 547
47422: -549 -707 -524 502
47430: -549 -708 -532 493
47431: -549 -708 -533 502
47448: -549 -710 -550 493
47464: -549 -711 -566 556
47538: -622 -72 -559 574
47539: -622 -72 -560 583
47540: -622 -72 -561 592
47541: -622 -72 -562 601
47542: -622 -72 -563 610
47543: -622 -72 -564 619
47544: -622 -72 -565 628
47545: -622 -72 -566 637
47546: -622 -72 -567 646
47548: -623 -145 -488 583
47549: -623 -145 -489 592
47550: -623 -145 -490 601
47551: -623 -145 -491 610
47553: -623 -145 -493 628
47554: -623 -145 -494 637
47555: -623 -145 -495 646
47559: -623 -146 -499 601
47563: -623 -146 -503 637
47565: -623 -147 -505 574
47566: -623 -147 -506 583
47568: -623 -147 -508 601
47569: -623 -147 -509 610
47571: -623 -147 -511 628
47572: -623 -147 -512 637
47583: -623 -149 -523 574
47584: -623 -149 -524 583
47586: -623 -149 -526 601
47588: -623 -149 -528 619
47589: -623 -149 -529 628
47604: -623 -151 -544 601
47629: -624 -226 -488 583
47630: -624 -226 -489 592
47631: -624 -226 -490 601
47634: -624 -226 -493 628
47635: -624 -226 -494 637
47636: -624 -226 -495 646
47637: -624 -227 -496 574
47639: -624 -227 -498 592
47640: -624 -227 -499 601
47642: -624 -227 -501 619
47643: -624 -227 -502 628
47645: -624 -227 -504 646
47647: -624 -228 -506 583
47653: -624 -228 -512 637
47655: -624 -229 -514 574
47657: -624 -229 -516 592
47659: -624 -229 -518 610
47660: -624 -229 -519 619
47662: -624 -229 -521 637
47665: -624 -230 -524 583
47673: -624 -231 -532 574
47676: -624 -231 -535 601
47696: -624 -233 -555 619
47710: -625 -307 -488 583
47711: -625 -307 -489 592
47712: -625 -307 -490 601
47713: -625 -307 -491 610
47715: -625 -307 -493 628
47716: -625 -307 -494 637
47717: -625 -307 -495 646
47718: -625 -308 -496 574
47720: -625 -308 -498 592
47721: -625 -308 -499 601
47722: -625 -308 -500 610
47724: -625 -308 -502 628
47725: -625 -308 -503 637
47726: -625 -308 -504 646
47727: -625 -309 -505 574
47728: -625 -309 -506 583
47730: -625 -309 -508 601
47731: -625 -309 -509 610
47733: -625 -309 -511 628
47734: -625 -309 -512 637
47735: -625 -309 -513 646
47737: -625 -310 -515 583
47738: -625 -310 -516 592
47739: -625 -310 -517 601
47743: -625 -310 -521 637
47746: -625 -311 -524 583
47747: -625 -311 -525 592
47748: -625 -311 -526 601
47751: -625 -311 -529 628
47752: -625 -311 -530 637
47753: -625 -311 -531 646
47754: -625 -312 -532 574
47756: -625 -312 -534 592
47757: -625 -312 -535 601
47758: -625 -312 -536 610
47759: -625 -312 -537 619
47760: -625 -312 -538 628
47761: -625 -312 -539 637
47762: -625 -312 -540 646
47766: -625 -313 -544 601
47775: -625 -314 -553 601
47777: -625 -314 -555 619
47784: -625 -315 -562 601
47791: -626 -388 -488 583
47792: -626 -388 -489 592
47793: -626 -388 -490 601
47796: -626 -388 -493 628
47798: -626 -388 -495 646
47833: -626 -392 -530 637
47835: -626 -393 -532 574
47838: -626 -393 -535 601
47839: -626 -393 -536 610
47840: -626 -393 -537 619
47841: -626 -393 -538 628
47853: -626 -395 -550 574
47858: -626 -395 -555 619
47865: -626 -396 -562 601
47866: -626 -396 -563 610
47873: -627 -469 -489 592
47874: -627 -469 -490 601
47875: -627 -469 -491 610
47877: -627 -469 -493 628
47885: -627 -470 -501 619
47905: -627 -472 -521 637
47943: -627 -477 -559 574
47944: -627 -477 -560 583
47949: -627 -477 -565 628
47954: -628 -550 -489 592
47955: -628 -550 -490 601
47961: -628 -551 -496 574
47963: -628 -551 -498 592
47966: -628 -551 -501 619
47973: -628 -552 -508 601
47979: -628 -553 -514 574
47980: -628 -553 -515 583
47981: -628 -553 -516 592
47984: -628 -553 -519 619
47988: -628 -554 -523 574
47991: -628 -554 -526 601
47997: -628 -555 -532 574
47998: -628 -555 -533 583
48001: -628 -555 -536 610
48004: -628 -555 -539 637
48022: -628 -557 -557 637
48024: -628 -558 -559 574
48040: -629 -631 -494 637
48049: -629 -632 -503 637
48054: -629 -633 -508 601
48058: -629 -633 -512 637
48062: -629 -634 -516 592
48064: -629 -634 -518 610
48066: -629 -634 -520 628
48068: -629 -634 -522 646
48070: -629 -635 -524 583
48105: -629 -639 -559 574
48107: -629 -639 -561 592
48110: -629 -639 -564 619
48116: -630 -712 -489 592
48117: -630 -712 -490 601
48126: -630 -713 -499 601
48140: -630 -714 -513 646
48148: -630 -715 -521 637
48149: -630 -715 -522 646
48240: -703 -78 -532 655
48241: -703 -78 -533 664
48242: -703 -78 -534 673
48243: -703 -78 -535 682
48244: -703 -78 -536 691
48245: -703 -78 -537 700
48246: -703 -78 -538 709
48247: -703 -78 -539 718
48248: -703 -78 -540 727
48277: -704 -154 -488 664
48278: -704 -154 -489 673
48279: -704 -154 -490 682
48280: -704 -154 -491 691
48282: -704 -154 -493 709
48283: -704 -154 -494 718
48284: -704 -154 -495 727
48291: -704 -155 -502 709
48312: -704 -158 -523 655
48313: -704 -158 -524 664
48315: -704 -158 -526 682
48333: -704 -160 -544 682
48340: -704 -161 -551 664
48359: -705 -235 -489 673
48360: -705 -235 -490 682
48365: -705 -235 -495 727
48366: -705 -236 -496 655
48369: -705 -236 -499 682
48370: -705 -236 -500 691
48372: -705 -236 -502 709
48373: -705 -236 -503 718
48374: -705 -236 -504 727
48377: -705 -237 -507 673
48384: -705 -238 -514 655
48386: -705 -238 -516 673
48390: -705 -238 -520 709
48391: -705 -238 -521 718
48394: -705 -239 -524 664
48420: -705 -242 -550 655
48439: -706 -316 -488 664
48440: -706 -316 -489 673
48441: -706 -316 -490 682
48442: -706 -316 -491 691
48444: -706 -316 -493 709
48445: -706 -316 -494 718
48446: -706 -316 -495 727
48450: -706 -317 -499 682
48453: -706 -317 -502 709
48457: -706 -318 -506 664
48459: -706 -318 -508 682
48462: -706 -318 -511 709
48463: -706 -318 -512 718
48464: -706 -318 -513 727
48467: -706 -319 -516 673
48470: -706 -319 -519 700
48471: -706 -319 -520 709
48474: -706 -320 -523 655
48477: -706 -320 -526 682
48478: -706 -320 -527 691
48479: -706 -320 -528 700
48483: -706 -321 -532 655
48493: -706 -322 -542 664
48495: -706 -322 -544 682
48496: -706 -322 -545 691
48498: -706 -322 -547 709
48500: -706 -322 -549 727
48520: -707 -397 -488 664
48522: -707 -397 -490 682
48523: -707 -397 -491 691
48536: -707 -398 -504 727
48568: -707 -402 -536 691
48626: -708 -480 -513 727
48641: -708 -482 -528 700
48677: -708 -486 -564 700
48707: -709 -561 -513 727
48744: -709 -566 -550 655
48761: -709 -567 -567 727
48765: -710 -640 -490 682
48780: -710 -642 -505 655
48824: -710 -646 -549 727
48852: -711 -722 -496 655
48860: -711 -722 -504 727
48866: -711 -723 -510 700
48873: -711 -724 -517 682
48878: -711 -724 -522 727
48880: -711 -725 -524 664
49581: -72 -650 -577 8
49582: -72 -650 -578 17
49583: -72 -650 -579 26
49584: -72 -650 -580 35
49585: -72 -650 -581 44
49586: -72 -650 -582 53
49588: -72 -650 -584 71
49589: -72 -650 -585 80
49590: -72 -651 -586 8
49591: -72 -651 -587 17
49592: -72 -651 -588 26
49593: -72 -651 -589 35
49594: -72 -651 -590 44
49595: -72 -651 -591 53
49597: -72 -651 -593 71
49598: -72 -651 -594 80
49599: -72 -652 -595 8
49600: -72 -652 -596 17
49601: -72 -652 -597 26
49602: -72 -652 -598 35
49603: -72 -652 -599 44
49604: -72 -652 -600 53
49606: -72 -652 -602 71
49607: -72 -652 -603 80
49608: -72 -653 -604 8
49609: -72 -653 -605 17
49610: -72 -653 -606 26
49611: -72 -653 -607 35
49612: -72 -653 -608 44
49613: -72 -653 -609 53
49615: -72 -653 -611 71
49616: -72 -653 -612 80
49617: -72 -654 -613 8
49618: -72 -654 -614 17
49619: -72 -654 -615 26
49620: -72 -654 -616 35
49621: -72 -654 -617 44
49622: -72 -654 -618 53
49624: -72 -654 -620 71
49625: -72 -654 -621 80
49626: -72 -655 -622 8
49627: -72 -655 -623 17
49628: -72 -655 -624 26
49629: -72 -655 -625 35
49630: -72 -655 -626 44
49631: -72 -655 -627 53
49633: -72 -655 -629 71
49634: -72 -655 -630 80
49644: -72 -657 -640 8
49645: -72 -657 -641 17
49646: -72 -657 -642 26
49647: -72 -657 -643 35
49648: -72 -657 -644 44
49649: -72 -657 -645 53
49651: -72 -657 -647 71
49652: -72 -657 -648 80
49671: -145 -12 -586 89
49672: -145 -12 -587 98
49673: -145 -12 -588 107
49674: -145 -12 -589 116
49675: -145 -12 -590 125
49676: -145 -12 -591 134
49677: -145 -12 -592 143
49678: -145 -12 -593 152
49679: -145 -12 -594 161
49752: -146 -93 -586 89
49770: -146 -95 -604 89
49771: -146 -95 -605 98
49772: -146 -95 -606 107
49776: -146 -95 -610 143
49778: -146 -95 -612 161
49779: -146 -96 -613 89
49784: -146 -96 -618 134
49785: -146 -96 -619 143
49789: -146 -97 -623 98
49794: -146 -97 -628 143
49796: -146 -97 -630 161
49806: -146 -99 -640 89
49807: -146 -99 -641 98
49808: -146 -99 -642 107
49812: -146 -99 -646 143
49814: -146 -99 -648 161
49824: -147 -173 -577 89
49826: -147 -173 -579 107
49827: -147 -173 -580 116
49828: -147 -173 -581 125
49829: -147 -173 -582 134
49830: -147 -173 -583 143
49831: -147 -173 -584 152
49832: -147 -173 -585 161
49833: -147 -174 -586 89
49838: -147 -174 -591 134
49840: -147 -174 -593 152
49841: -147 -174 -594 161
49842: -147 -175 -595 89
49843: -147 -175 -596 98
49845: -147 -175 -598 116
49858: -147 -176 -611 152
49860: -147 -177 -613 89
49864: -147 -177 -617 125
49866: -147 -177 -619 143
49870: -147 -178 -623 98
49871: -147 -178 -624 107
49873: -147 -178 -626 125
49879: -147 -179 -632 98
49890: -147 -180 -643 116
49891: -147 -180 -644 125
49892: -147 -180 -645 134
50004: -149 -337 -595 89
50005: -149 -337 -596 98
50006: -149 -337 -597 107
50007: -149 -337 -598 116
50008: -149 -337 -599 125
50009: -149 -337 -600 134
50010: -149 -337 -601 143
50011: -149 -337 -602 152
50012: -149 -337 -603 161
50060: -150 -415 -570 107
50063: -150 -415 -573 134
50065: -150 -415 -575 152
50066: -150 -415 -576 161
50073: -150 -416 -583 143
50079: -150 -417 -589 116
50083: -150 -417 -593 152
50085: -150 -418 -595 89
50090: -150 -418 -600 134
50091: -150 -418 -601 143
50092: -150 -418 -602 152
50101: -150 -419 -611 152
50102: -150 -419 -612 161
50103: -150 -420 -613 89
50112: -150 -421 -622 89
50113: -150 -421 -623 98
50117: -150 -421 -627 134
50130: -150 -423 -640 89
50135: -150 -423 -645 134
50142: -151 -496 -571 116
50143: -151 -496 -572 125
50146: -151 -496 -575 152
50160: -151 -498 -589 116
50163: -151 -498 -592 143
50166: -151 -499 -595 89
50167: -151 -499 -596 98
50168: -151 -499 -597 107
50172: -151 -499 -601 143
50173: -151 -499 -602 152
50174: -151 -499 -603 161
50175: -151 -500 -604 89
50181: -151 -500 -610 143
50184: -151 -501 -613 89
50186: -151 -501 -615 107
50190: -151 -501 -619 143
50193: -151 -502 -622 89
50196: -151 -502 -625 116
50197: -151 -502 -626 125
50199: -151 -502 -628 143
50200: -151 -502 -629 152
50203: -151 -503 -632 98
50204: -151 -503 -633 107
50211: -151 -504 -640 89
50212: -151 -504 -641 98
50213: -151 -504 -642 107
50217: -151 -504 -646 143
50223: -152 -577 -571 116
50230: -152 -578 -578 98
50238: -152 -579 -586 89
50252: -152 -580 -600 134
50292: -152 -585 -640 89
50302: -153 -658 -569 98
50308: -153 -658 -575 152
50409: -226 -22 -595 170
50410: -226 -22 -596 179
50411: -226 -22 -597 188
50412: -226 -22 -598 197
50413: -226 -22 -599 206
50414: -226 -22 -600 215
50415: -226 -22 -601 224
50416: -226 -22 -602 233
50417: -226 -22 -603 242
50464: -227 -100 -569 179
50465: -227 -100 -570 188
50466: -227 -100 -571 197
50467: -227 -100 -572 206
50468: -227 -100 -573 215
50470: -227 -100 -575 233
50471: -227 -100 -576 242
50472: -227 -101 -577 170
50475: -227 -101 -580 197
50477: -227 -101 -582 215
50480: -227 -101 -585 242
50481: -227 -102 -586 170
50482: -227 -102 -587 179
50484: -227 -102 -589 197
50487: -227 -102 -592 224
50499: -227 -104 -604 170
50500: -227 -104 -605 179
50502: -227 -104 -607 197
50505: -227 -104 -610 224
50506: -227 -104 -611 233
50507: -227 -104 -612 242
50508: -227 -105 -613 170
50509: -227 -105 -614 179
50510: -227 -105 -615 188
50511: -227 -105 -616 197
50512: -227 -105 -617 206
50513: -227 -105 -618 215
50514: -227 -105 -619 224
50515: -227 -105 -620 233
50516: -227 -105 -621 242
50517: -227 -106 -622 170
50519: -227 -106 -624 188
50520: -227 -106 -625 197
50522: -227 -106 -627 215
50524: -227 -106 -629 233
50526: -227 -107 -631 170
50527: -227 -107 -632 179
50529: -227 -107 -634 197
50530: -227 -107 -635 206
50531: -227 -107 -636 215
50533: -227 -107 -638 233
50535: -227 -108 -640 170
50537: -227 -108 -642 188
50538: -227 -108 -643 197
50541: -227 -108 -646 224
50545: -228 -181 -569 179
50546: -228 -181 -570 188
50547: -228 -181 -571 197
50548: -228 -181 -572 206
50549: -228 -181 -573 215
50551: -228 -181 -575 233
50552: -228 -181 -576 242
50571: -228 -184 -595 170
50572: -228 -184 -596 179
50573: -228 -184 -597 188
50574: -228 -184 -598 197
50575: -228 -184 -599 206
50576: -228 -184 -600 215
50582: -228 -185 -606 188
50587: -228 -185 -611 233
50591: -228 -186 -615 188
50604: -228 -187 -628 224
50607: -228 -188 -631 170
50626: -229 -262 -569 179
50627: -229 -262 -570 188
50628: -229 -262 -571 197
50629: -229 -262 -572 206
50630: -229 -262 -573 215
50632: -229 -262 -575 233
50633: -229 -262 -576 242
50634: -229 -263 -577 170
50636: -229 -263 -579 188
50640: -229 -263 -583 224
50643: -229 -264 -586 170
50644: -229 -264 -587 179
50646: -229 -264 -589 197
50648: -229 -264 -591 215
50650: -229 -264 -593 233
50651: -229 -264 -594 242
50652: -229 -265 -595 170
50654: -229 -265 -597 188
50657: -229 -265 -600 215
50658: -229 -265 -601 224
50661: -229 -266 -604 170
50664: -229 -266 -607 197
50665: -229 -266 -608 206
50666: -229 -266 -609 215
50667: -229 -266 -610 224
50668: -229 -266 -611 233
50669: -229 -266 -612 242
50672: -229 -267 -615 188
50676: -229 -267 -619 224
50681: -229 -268 -624 188
50682: -229 -268 -625 197
50686: -229 -268 -629 233
50701: -229 -270 -644 206
50707: -230 -343 -569 179
50713: -230 -343 -575 233
50714: -230 -343 -576 242
50722: -230 -344 -584 233
50747: -230 -347 -609 215
50748: -230 -347 -610 224
50749: -230 -347 -611 233
50755: -230 -348 -617 206
50760: -230 -349 -622 170
50771: -230 -350 -633 188
50802: -231 -425 -583 224
50819: -231 -427 -600 215
50824: -231 -428 -605 179
50831: -231 -428 -612 242
50833: -231 -429 -614 179
50836: -231 -429 -617 206
50873: -232 -505 -573 215
50875: -232 -505 -575 233
50879: -232 -506 -579 188
50886: -232 -507 -586 170
50905: -232 -509 -605 179
50914: -232 -510 -614 179
50946: -232 -513 -646 224
50950: -233 -586 -569 179
50952: -233 -586 -571 197
50953: -233 -586 -572 206
50954: -233 -586 -573 215
50969: -233 -588 -588 188
50997: -233 -591 -616 197
51021: -233 -594 -640 170
51031: -234 -667 -569 179
51033: -234 -667 -571 197
51034: -234 -667 -572 206
51035: -234 -667 -573 215
51037: -234 -667 -575 233
51038: -234 -667 -576 242
51041: -234 -668 -579 188
51049: -234 -669 -587 179
51051: -234 -669 -589 197
51052: -234 -669 -590 206
51055: -234 -669 -593 233
51056: -234 -669 -594 242
51057: -234 -670 -595 170
51065: -234 -670 -603 242
51147: -307 -32 -604 251
51148: -307 -32 -605 260
51149: -307 -32 -606 269
51150: -307 -32 -607 278
51151: -307 -32 -608 287
51152: -307 -32 -609 296
51153: -307 -32 -610 305
51154: -307 -32 -611 314
51155: -307 -32 -612 323
51201: -308 -110 -577 251
51204: -308 -110 -580 278
51208: -308 -110 -584 314
51210: -308 -111 -586 251
51211: -308 -111 -587 260
51214: -308 -111 -590 287
51218: -308 -111 -594 323
51237: -308 -114 -613 251
51240: -308 -114 -616 278
51241: -308 -114 -617 287
51245: -308 -114 -621 323
51246: -308 -115 -622 251
51248: -308 -115 -624 269
51249: -308 -115 -625 278
51252: -308 -115 -628 305
51253: -308 -115 -629 314
51254: -308 -115 -630 323
51256: -308 -116 -632 260
51257: -308 -116 -633 269
51258: -308 -116 -634 278
51259: -308 -116 -635 287
51262: -308 -116 -638 314
51263: -308 -116 -639 323
51264: -308 -117 -640 251
51267: -308 -117 -643 278
51268: -308 -117 -644 287
51272: -308 -117 -648 323
51274: -309 -190 -569 260
51275: -309 -190 -570 269
51276: -309 -190 -571 278
51277: -309 -190 -572 287
51278: -309 -190 -573 296
51280: -309 -190 -575 314
51281: -309 -190 -576 323
51282: -309 -191 -577 251
51283: -309 -191 -578 260
51284: -309 -191 -579 269
51285: -309 -191 -580 278
51286: -309 -191 -581 287
51287: -309 -191 -582 296
51288: -309 -191 -583 305
51289: -309 -191 -584 314
51290: -309 -191 -585 323
51292: -309 -192 -587 260
51297: -309 -192 -592 305
51298: -309 -192 -593 314
51300: -309 -193 -595 251
51301: -309 -193 -596 260
51302: -309 -193 -597 269
51303: -309 -193 -598 278
51304: -309 -193 -599 287
51306: -309 -193 -601 305
51308: -309 -193 -603 323
51316: -309 -194 -611 314
51318: -309 -195 -613 251
51320: -309 -195 -615 269
51321: -309 -195 -616 278
51322: -309 -195 -617 287
51323: -309 -195 -618 296
51324: -309 -195 -619 305
51326: -309 -195 -621 323
51327: -309 -196 -622 251
51328: -309 -196 -623 260
51329: -309 -196 -624 269
51330: -309 -196 -625 278
51331: -309 -196 -626 287
51332: -309 -196 -627 296
51333: -309 -196 -628 305
51334: -309 -196 -629 314
51335: -309 -196 -630 323
51345: -309 -198 -640 251
51346: -309 -198 -641 260
51348: -309 -198 -643 278
51350: -309 -198 -645 296
51351: -309 -198 -646 305
51357: -310 -271 -571 278
51365: -310 -272 -579 269
51366: -310 -272 -580 278
51367: -310 -272 -581 287
51368: -310 -272 -582 296
51369: -310 -272 -583 305
51390: -310 -275 -604 251
51391: -310 -275 -605 260
51392: -310 -275 -606 269
51393: -310 -275 -607 278
51394: -310 -275 -608 287
51395: -310 -275 -609 296
51396: -310 -275 -610 305
51397: -310 -275 -611 314
51398: -310 -275 -612 323
51399: -310 -276 -613 251
51400: -310 -276 -614 260
51401: -310 -276 -615 269
51402: -310 -276 -616 278
51403: -310 -276 -617 287
51404: -310 -276 -618 296
51405: -310 -276 -619 305
51406: -310 -276 -620 314
51407: -310 -276 -621 323
51408: -310 -277 -622 251
51409: -310 -277 -623 260
51410: -310 -277 -624 269
51414: -310 -277 -628 305
51416: -310 -277 -630 323
51426: -310 -279 -640 251
51427: -310 -279 -641 260
51428: -310 -279 -642 269
51429: -310 -279 -643 278
51430: -310 -279 -644 287
51431: -310 -279 -645 296
51432: -310 -279 -646 305
51433: -310 -279 -647 314
51434: -310 -279 -648 323
51446: -311 -353 -579 269
51448: -311 -353 -581 287
51458: -311 -354 -591 296
51461: -311 -354 -594 323
51471: -311 -356 -604 251
51472: -311 -356 -605 260
51473: -311 -356 -606 269
51474: -311 -356 -607 278
51476: -311 -356 -609 296
51477: -311 -356 -610 305
51478: -311 -356 -611 314
51479: -311 -356 -612 323
51480: -311 -357 -613 251
51481: -311 -357 -614 260
51485: -311 -357 -618 296
51486: -311 -357 -619 305
51487: -311 -357 -620 314
51489: -311 -358 -622 251
51490: -311 -358 -623 260
51493: -311 -358 -626 287
51495: -311 -358 -628 305
51496: -311 -358 -629 314
51499: -311 -359 -632 260
51500: -311 -359 -633 269
51501: -311 -359 -634 278
51502: -311 -359 -635 287
51503: -311 -359 -636 296
51505: -311 -359 -638 314
51506: -311 -359 -639 323
51507: -311 -360 -640 251
51508: -311 -360 -641 260
51509: -311 -360 -642 269
51510: -311 -360 -643 278
51511: -311 -360 -644 287
51512: -311 -360 -645 296
51514: -311 -360 -647 314
51515: -311 -360 -648 323
51518: -312 -433 -570 269
51519: -312 -433 -571 278
51520: -312 -433 -572 287
51530: -312 -434 -582 296
51535: -312 -435 -587 260
51537: -312 -435 -589 278
51541: -312 -435 -593 314
51542: -312 -435 -594 323
51555: -312 -437 -607 278
51570: -312 -439 -622 251
51571: -312 -439 -623 260
51588: -312 -441 -640 251
51589: -312 -441 -641 260
51591: -312 -441 -643 278
51594: -312 -441 -646 305
51598: -313 -514 -569 260
51599: -313 -514 -570 269
51604: -313 -514 -575 314
51612: -313 -515 -583 305
51614: -313 -515 -585 323
51644: -313 -519 -615 269
51648: -313 -519 -619 305
51656: -313 -520 -627 296
51675: -313 -522 -646 305
51679: -314 -595 -569 260
51680: -314 -595 -570 269
51683: -314 -595 -573 296
51686: -314 -595 -576 323
51696: -314 -597 -586 251
51697: -314 -597 -587 260
51708: -314 -598 -598 278
51733: -314 -601 -623 260
51735: -314 -601 -625 278
51750: -314 -603 -640 251
51760: -315 -676 -569 260
51761: -315 -676 -570 269
51762: -315 -676 -571 278
51763: -315 -676 -572 287
51764: -315 -676 -573 296
51766: -315 -676 -575 314
51767: -315 -676 -576 323
51770: -315 -677 -579 269
51773: -315 -677 -582 296
51775: -315 -677 -584 314
51776: -315 -677 -585 323
51787: -315 -679 -596 260
51788: -315 -679 -597 269
51794: -315 -679 -603 323
51798: -315 -680 -607 278
51800: -315 -680 -609 296
51804: -315 -681 -613 251
51807: -315 -681 -616 278
51821: -315 -682 -630 323
51824: -315 -683 -633 269
51827: -315 -683 -636 296
51839: -315 -684 -648 323
51841: -388 -37 -569 341
51842: -388 -37 -570 350
51843: -388 -37 -571 359
51844: -388 -37 -572 368
51845: -388 -37 -573 377
51847: -388 -37 -575 395
51848: -388 -37 -576 404
51922: -389 -118 -569 341
51923: -389 -118 -570 350
51924: -389 -118 -571 359
51925: -389 -118 -572 368
51926: -389 -118 -573 377
51928: -389 -118 -575 395
51929: -389 -118 -576 404
51938: -389 -119 -585 404
51939: -389 -120 -586 332
51944: -389 -120 -591 377
51946: -389 -120 -593 395
51957: -389 -122 -604 332
51958: -389 -122 -605 341
51987: -389 -125 -634 359
52003: -390 -199 -569 341
52005: -390 -199 -571 359
52006: -390 -199 -572 368
52007: -390 -199 -573 377
52009: -390 -199 -575 395
52011: -390 -200 -577 332
52013: -390 -200 -579 350
52014: -390 -200 -580 359
52017: -390 -200 -583 386
52018: -390 -200 -584 395
52030: -390 -202 -596 341
52034: -390 -202 -600 377
52035: -390 -202 -601 386
52036: -390 -202 -602 395
52048: -390 -204 -614 341
52050: -390 -204 -616 359
52057: -390 -205 -623 341
52059: -390 -205 -625 359
52077: -390 -207 -643 359
52078: -390 -207 -644 368
52179: -392 -362 -583 386
52182: -392 -363 -586 332
52224: -392 -367 -628 386
52240: -392 -369 -644 368
52246: -393 -442 -569 341
52250: -393 -442 -573 377
52257: -393 -443 -580 359
52263: -393 -444 -586 332
52266: -393 -444 -589 359
52279: -393 -445 -602 395
52286: -393 -446 -609 377
52299: -393 -448 -622 332
52321: -393 -450 -644 368
52323: -393 -450 -646 386
52327: -394 -523 -569 341
52329: -394 -523 -571 359
52334: -394 -523 -576 404
52344: -394 -525 -586 332
52354: -394 -526 -596 341
52359: -394 -526 -601 386
52372: -394 -528 -614 341
52374: -394 -528 -616 359
52377: -394 -528 -619 386
52379: -394 -528 -621 404
52389: -394 -530 -631 332
52409: -395 -604 -570 350
52410: -395 -604 -571 359
52411: -395 -604 -572 368
52412: -395 -604 -573 377
52415: -395 -604 -576 404
52416: -395 -605 -577 332
52419: -395 -605 -580 359
52421: -395 -605 -582 377
52422: -395 -605 -583 386
52424: -395 -605 -585 404
52434: -395 -607 -595 332
52435: -395 -607 -596 341
52438: -395 -607 -599 368
52440: -395 -607 -601 386
52442: -395 -607 -603 404
52447: -395 -608 -608 368
52452: -395 -609 -613 332
52453: -395 -609 -614 341
52455: -395 -609 -616 359
52456: -395 -609 -617 368
52461: -395 -610 -622 332
52462: -395 -610 -623 341
52464: -395 -610 -625 359
52465: -395 -610 -626 368
52466: -395 -610 -627 377
52469: -395 -610 -630 404
52479: -395 -612 -640 332
52483: -395 -612 -644 368
52485: -395 -612 -646 386
52489: -396 -685 -569 341
52495: -396 -685 -575 395
52500: -396 -686 -580 359
52504: -396 -686 -584 395
52515: -396 -688 -595 332
52516: -396 -688 -596 341
52522: -396 -688 -602 395
52523: -396 -688 -603 404
52525: -396 -689 -605 341
52532: -396 -689 -612 404
52533: -396 -690 -613 332
52552: -396 -692 -632 341
52623: -469 -52 -622 413
52624: -469 -52 -623 422
52625: -469 -52 -624 431
52626: -469 -52 -625 440
52627: -469 -52 -626 449
52628: -469 -52 -627 458
52629: -469 -52 -628 467
52630: -469 -52 -629 476
52631: -469 -52 -630 485
52651: -470 -127 -569 422
52652: -470 -127 -570 431
52653: -470 -127 -571 440
52654: -470 -127 -572 449
52655: -470 -127 -573 458
52657: -470 -127 -575 476
52658: -470 -127 -576 485
52662: -470 -128 -580 440
52666: -470 -128 -584 476
52686: -470 -131 -604 413
52687: -470 -131 -605 422
52689: -470 -131 -607 440
52693: -470 -131 -611 476
52694: -470 -131 -612 485
52725: -470 -135 -643 440
52728: -470 -135 -646 467
52733: -471 -208 -570 431
52734: -471 -208 -571 440
52735: -471 -208 -572 449
52736: -471 -208 -573 458
52738: -471 -208 -575 476
52739: -471 -208 -576 485
52743: -471 -209 -580 440
52745: -471 -209 -582 458
52760: -471 -211 -597 431
52770: -471 -212 -607 440
52776: -471 -213 -613 413
52789: -471 -214 -626 449
52805: -471 -216 -642 431
52813: -472 -289 -569 422
52815: -472 -289 -571 440
52816: -472 -289 -572 449
52817: -472 -289 -573 458
52819: -472 -289 -575 476
52820: -472 -289 -576 485
52821: -472 -290 -577 413
52824: -472 -290 -580 440
52827: -472 -290 -583 467
52828: -472 -290 -584 476
52831: -472 -291 -587 422
52832: -472 -291 -588 431
52833: -472 -291 -589 440
52835: -472 -291 -591 458
52838: -472 -291 -594 485
52841: -472 -292 -597 431
52842: -472 -292 -598 440
52846: -472 -292 -602 476
52854: -472 -293 -610 467
52857: -472 -294 -613 413
52876: -472 -296 -632 422
52897: -473 -370 -572 449
52900: -473 -370 -575 476
52909: -473 -371 -584 476
52961: -473 -377 -636 458
52990: -474 -452 -584 476
52992: -474 -453 -586 413
53004: -474 -454 -598 440
53011: -474 -455 -605 422
53103: -475 -537 -616 440
53106: -475 -537 -619 467
53127: -475 -540 -640 413
53173: -476 -617 -605 422
53178: -476 -617 -610 467
53186: -476 -618 -618 458
53208: -476 -621 -640 413
53225: -477 -694 -576 485
53230: -477 -695 -581 449
53278: -477 -700 -629 476
53285: -477 -701 -636 458
53361: -550 -62 -631 494
53363: -550 -62 -633 512
53364: -550 -62 -634 521
53365: -550 -62 -635 530
53366: -550 -62 -636 539
53368: -550 -62 -638 557
53380: -551 -136 -569 503
53381: -551 -136 -570 512
53382: -551 -136 -571 521
53383: -551 -136 -572 530
53384: -551 -136 -573 539
53387: -551 -136 -576 566
53390: -551 -137 -579 512
53391: -551 -137 -580 521
53393: -551 -137 -582 539
53394: -551 -137 -583 548
53395: -551 -137 -584 557
53430: -551 -141 -619 548
53431: -551 -141 -620 557
53451: -551 -144 -640 494
53454: -551 -144 -643 521
53461: -552 -217 -569 503
53462: -552 -217 -570 512
53463: -552 -217 -571 521
53464: -552 -217 -572 530
53465: -552 -217 -573 539
53468: -552 -217 -576 566
53469: -552 -218 -577 494
53472: -552 -218 -580 521
53476: -552 -218 -584 557
53478: -552 -219 -586 494
53481: -552 -219 -589 521
53485: -552 -219 -593 557
53498: -552 -221 -606 512
53503: -552 -221 -611 557
53542: -553 -298 -569 503
53543: -553 -298 -570 512
53544: -553 -298 -571 521
53545: -553 -298 -572 530
53546: -553 -298 -573 539
53548: -553 -298 -575 557
53549: -553 -298 -576 566
53550: -553 -299 -577 494
53553: -553 -299 -580 521
53557: -553 -299 -584 557
53562: -553 -300 -589 521
53565: -553 -300 -592 548
53567: -553 -300 -594 566
53568: -553 -301 -595 494
53569: -553 -301 -596 503
53570: -553 -301 -597 512
53571: -553 -301 -598 521
53576: -553 -301 -603 566
53583: -553 -302 -610 548
53587: -553 -303 -614 503
53590: -553 -303 -617 530
53598: -553 -304 -625 521
53602: -553 -304 -629 557
53616: -553 -306 -643 521
53617: -553 -306 -644 530
53623: -554 -379 -569 503
53624: -554 -379 -570 512
53625: -554 -379 -571 521
53627: -554 -379 -573 539
53630: -554 -379 -576 566
53665: -554 -383 -611 557
53666: -554 -383 -612 566
53694: -554 -387 -640 494
53697: -554 -387 -643 521
53710: -555 -460 -575 557
53745: -555 -464 -610 548
53769: -555 -467 -634 521
53775: -555 -468 -640 494
53778: -555 -468 -643 521
53781: -555 -468 -646 548
53795: -556 -542 -579 512
53802: -556 -543 -586 494
53808: -556 -543 -592 548
53811: -556 -544 -595 494
53814: -556 -544 -598 521
53817: -556 -544 -601 548
53820: -556 -545 -604 494
53821: -556 -545 -605 503
53822: -556 -545 -606 512
53823: -556 -545 -607 521
53824: -556 -545 -608 530
53826: -556 -545 -610 548
53827: -556 -545 -611 557
53828: -556 -545 -612 566
53868: -557 -622 -571 521
53874: -557 -623 -577 494
53955: -558 -704 -577 494
53980: -558 -706 -602 557
54100: -631 -72 -641 584
54101: -631 -72 -642 593
54102: -631 -72 -643 602
54103: -631 -72 -644 611
54105: -631 -72 -646 629
54107: -631 -72 -648 647
54110: -632 -145 -570 593
54112: -632 -145 -572 611
54113: -632 -145 -573 620
54115: -632 -145 -575 638
54150: -632 -149 -610 629
54161: -632 -150 -621 647
54169: -632 -151 -629 638
54190: -633 -226 -569 584
54192: -633 -226 -571 602
54193: -633 -226 -572 611
54194: -633 -226 -573 620
54198: -633 -227 -577 575
54201: -633 -227 -580 602
54202: -633 -227 -581 611
54203: -633 -227 -582 620
54204: -633 -227 -583 629
54205: -633 -227 -584 638
54221: -633 -229 -600 620
54222: -633 -229 -601 629
54223: -633 -229 -602 638
54229: -633 -230 -608 611
54230: -633 -230 -609 620
54231: -633 -230 -610 629
54232: -633 -230 -611 638
54234: -633 -231 -613 575
54238: -633 -231 -617 611
54239: -633 -231 -618 620
54241: -633 -231 -620 638
54247: -633 -232 -626 611
54261: -633 -234 -640 575
54272: -634 -307 -570 593
54274: -634 -307 -572 611
54275: -634 -307 -573 620
54283: -634 -308 -581 611
54285: -634 -308 -583 629
54287: -634 -308 -585 647
54289: -634 -309 -587 584
54290: -634 -309 -588 593
54292: -634 -309 -590 611
54295: -634 -309 -593 638
54306: -634 -311 -604 575
54310: -634 -311 -608 611
54312: -634 -311 -610 629
54313: -634 -311 -611 638
54315: -634 -312 -613 575
54317: -634 -312 -615 593
54320: -634 -312 -618 620
54322: -634 -312 -620 638
54342: -634 -315 -640 575
54349: -634 -315 -647 638
54350: -634 -315 -648 647
54353: -635 -388 -570 593
54356: -635 -388 -573 620
54376: -635 -390 -593 638
54418: -635 -395 -635 611
54430: -635 -396 -647 638
54439: -636 -469 -575 638
54443: -636 -470 -579 593
54457: -636 -471 -593 638
54461: -636 -472 -597 593
54463: -636 -472 -599 611
54466: -636 -472 -602 638
54475: -636 -473 -611 638
54500: -636 -476 -636 620
54504: -636 -477 -640 575
54506: -636 -477 -642 593
54510: -636 -477 -646 629
54658: -638 -638 -632 584
54676: -639 -712 -569 584
54677: -639 -712 -570 593
54678: -639 -712 -571 602
54679: -639 -712 -572 611
54680: -639 -712 -573 620
54721: -639 -717 -614 584
54722: -639 -717 -615 593
54732: -639 -718 -625 602
54736: -639 -718 -629 638
54746: -639 -719 -639 647
54801: -712 -78 -613 656
54802: -712 -78 -614 665
54803: -712 -78 -615 674
54804: -712 -78 -616 683
54805: -712 -78 -617 692
54806: -712 -78 -618 701
54807: -712 -78 -619 710
54808: -712 -78 -620 719
54809: -712 -78 -621 728
54838: -713 -154 -569 665
54839: -713 -154 -570 674
54840: -713 -154 -571 683
54841: -713 -154 -572 692
54842: -713 -154 -573 701
54844: -713 -154 -575 719
54845: -713 -154 -576 728
54849: -713 -155 -580 683
54851: -713 -155 -582 701
54853: -713 -155 -584 719
54855: -713 -156 -586 656
54858: -713 -156 -589 683
54875: -713 -158 -606 674
54876: -713 -158 -607 683
54877: -713 -158 -608 692
54879: -713 -158 -610 710
54880: -713 -158 -611 719
54881: -713 -158 -612 728
54883: -713 -159 -614 665
54888: -713 -159 -619 710
54891: -713 -160 -622 656
54892: -713 -160 -623 665
54910: -713 -162 -641 665
54920: -714 -235 -570 674
54921: -714 -235 -571 683
54922: -714 -235 -572 692
54925: -714 -235 -575 719
54926: -714 -235 -576 728
54927: -714 -236 -577 656
54928: -714 -236 -578 665
54929: -714 -236 -579 674
54930: -714 -236 -580 683
54931: -714 -236 -581 692
54933: -714 -236 -583 710
54934: -714 -236 -584 719
54935: -714 -236 -585 728
54943: -714 -237 -593 719
54944: -714 -237 -594 728
54945: -714 -238 -595 656
54946: -714 -238 -596 665
54947: -714 -238 -597 674
54951: -714 -238 -601 710
54953: -714 -238 -603 728
54956: -714 -239 -606 674
54957: -714 -239 -607 683
54960: -714 -239 -610 710
54961: -714 -239 -611 719
54965: -714 -240 -615 674
54973: -714 -241 -623 665
54983: -714 -242 -633 674
54992: -714 -243 -642 674
54994: -714 -243 -644 692
55000: -715 -316 -569 665
55001: -715 -316 -570 674
55002: -715 -316 -571 683
55003: -715 -316 -572 692
55004: -715 -316 -573 701
55006: -715 -316 -575 719
55007: -715 -316 -576 728
55010: -715 -317 -579 674
55011: -715 -317 -580 683
55017: -715 -318 -586 656
55018: -715 -318 -587 665
55019: -715 -318 -588 674
55020: -715 -318 -589 683
55021: -715 -318 -590 692
55022: -715 -318 -591 701
55023: -715 -318 -592 710
55024: -715 -318 -593 719
55025: -715 -318 -594 728
55027: -715 -319 -596 665
55028: -715 -319 -597 674
55029: -715 -319 -598 683
55031: -715 -319 -600 701
55034: -715 -319 -603 728
55035: -715 -320 -604 656
55036: -715 -320 -605 665
55038: -715 -320 -607 683
55040: -715 -320 -609 701
55042: -715 -320 -611 719
55043: -715 -320 -612 728
55044: -715 -321 -613 656
55047: -715 -321 -616 683
55052: -715 -321 -621 728
55056: -715 -322 -625 683
55066: -715 -323 -635 692
55074: -715 -324 -643 683
55098: -716 -399 -586 656
55100: -716 -399 -588 674
55101: -716 -399 -589 683
55102: -716 -399 -590 692
55104: -716 -399 -592 710
55105: -716 -399 -593 719
55106: -716 -399 -594 728
55125: -716 -402 -613 656
55127: -716 -402 -615 674
55128: -716 -402 -616 683
55129: -716 -402 -617 692
55132: -716 -402 -620 719
55133: -716 -402 -621 728
55136: -716 -403 -624 674
55141: -716 -403 -629 719
55162: -717 -478 -569 665
55163: -717 -478 -570 674
55165: -717 -478 -572 692
55168: -717 -478 -575 719
55169: -717 -478 -576 728
55173: -717 -479 -580 683
55184: -717 -480 -591 701
55187: -717 -480 -594 728
55193: -717 -481 -600 701
55203: -717 -482 -610 710
55238: -717 -486 -645 701
55243: -718 -559 -569 665
55244: -718 -559 -570 674
55247: -718 -559 -573 701
55257: -718 -560 -583 710
55259: -718 -560 -585 728
55277: -718 -562 -603 728
55278: -718 -563 -604 656
55284: -718 -563 -610 710
55288: -718 -564 -614 665
55290: -718 -564 -616 683
55320: -718 -567 -646 710
55347: -719 -642 -592 710
55349: -719 -642 -594 728
55365: -719 -644 -610 710
55371: -719 -645 -616 683
55376: -719 -645 -621 728
55377: -719 -646 -622 656
55380: -719 -646 -625 683
55381: -719 -646 -626 692
55382: -719 -646 -627 701
55403: -719 -648 -648 728
55412: -720 -721 -576 728
55415: -720 -722 -579 674
55422: -720 -723 -586 656
55423: -720 -723 -587 665
55427: -720 -723 -591 701
55429: -720 -723 -593 719
55430: -720 -723 -594 728
55431: -720 -724 -595 656
55432: -720 -724 -596 665
55434: -720 -724 -598 683
55435: -720 -724 -599 692
55439: -720 -724 -603 728
55441: -720 -725 -605 665
55446: -720 -725 -610 710
55449: -720 -726 -613 656
55458: -720 -727 -622 656
55899: -78 -407 -658 9
55900: -78 -407 -659 18
55901: -78 -407 -660 27
55902: -78 -407 -661 36
55903: -78 -407 -662 45
55904: -78 -407 -663 54
55905: -78 -407 -664 63
55907: -78 -407 -666 81
55908: -78 -408 -667 9
55909: -78 -408 -668 18
55910: -78 -408 -669 27
55911: -78 -408 -670 36
55912: -78 -408 -671 45
55913: -78 -408 -672 54
55914: -78 -408 -673 63
55916: -78 -408 -675 81
55917: -78 -409 -676 9
55918: -78 -409 -677 18
55919: -78 -409 -678 27
55920: -78 -409 -679 36
55921: -78 -409 -680 45
55922: -78 -409 -681 54
55923: -78 -409 -682 63
55925: -78 -409 -684 81
55926: -78 -410 -685 9
55927: -78 -410 -686 18
55928: -78 -410 -687 27
55929: -78 -410 -688 36
55930: -78 -410 -689 45
55931: -78 -410 -690 54
55932: -78 -410 -691 63
55934: -78 -410 -693 81
55935: -78 -411 -694 9
55936: -78 -411 -695 18
55937: -78 -411 -696 27
55938: -78 -411 -697 36
55939: -78 -411 -698 45
55940: -78 -411 -699 54
55941: -78 -411 -700 63
55943: -78 -411 -702 81
55944: -78 -412 -703 9
55945: -78 -412 -704 18
55946: -78 -412 -705 27
55947: -78 -412 -706 36
55948: -78 -412 -707 45
55949: -78 -412 -708 54
55950: -78 -412 -709 63
55952: -78 -412 -711 81
55953: -78 -413 -712 9
55954: -78 -413 -713 18
55955: -78 -413 -714 27
55956: -78 -413 -715 36
55957: -78 -413 -716 45
55958: -78 -413 -717 54
55959: -78 -413 -718 63
55961: -78 -413 -720 81
56232: -154 -12 -667 90
56233: -154 -12 -668 99
56234: -154 -12 -669 108
56235: -154 -12 -670 117
56236: -154 -12 -671 126
56237: -154 -12 -672 135
56238: -154 -12 -673 144
56239: -154 -12 -674 153
56240: -154 -12 -675 162
56313: -155 -93 -667 90
56321: -155 -93 -675 162
56331: -155 -95 -685 90
56332: -155 -95 -686 99
56333: -155 -95 -687 108
56334: -155 -95 -688 117
56335: -155 -95 -689 126
56336: -155 -95 -690 135
56338: -155 -95 -692 153
56340: -155 -96 -694 90
56342: -155 -96 -696 108
56345: -155 -96 -699 135
56349: -155 -97 -703 90
56350: -155 -97 -704 99
56351: -155 -97 -705 108
56352: -155 -97 -706 117
56353: -155 -97 -707 126
56355: -155 -97 -709 144
56357: -155 -97 -711 162
56358: -155 -98 -712 90
56359: -155 -98 -713 99
56361: -155 -98 -715 117
56363: -155 -98 -717 135
56364: -155 -98 -718 144
56365: -155 -98 -719 153
56366: -155 -98 -720 162
56385: -156 -173 -658 90
56387: -156 -173 -660 108
56388: -156 -173 -661 117
56389: -156 -173 -662 126
56391: -156 -173 -664 144
56392: -156 -173 -665 153
56393: -156 -173 -666 162
56394: -156 -174 -667 90
56396: -156 -174 -669 108
56397: -156 -174 -670 117
56399: -156 -174 -672 135
56403: -156 -175 -676 90
56406: -156 -175 -679 117
56408: -156 -175 -681 135
56417: -156 -176 -690 135
56425: -156 -177 -698 126
56430: -156 -178 -703 90
56431: -156 -178 -704 99
56433: -156 -178 -706 117
56439: -156 -179 -712 90
56440: -156 -179 -713 99
56441: -156 -179 -714 108
56443: -156 -179 -716 126
56444: -156 -179 -717 135
56445: -156 -179 -718 144
56447: -156 -179 -720 162
56565: -158 -337 -676 90
56566: -158 -337 -677 99
56567: -158 -337 -678 108
56568: -158 -337 -679 117
56569: -158 -337 -680 126
56570: -158 -337 -681 135
56571: -158 -337 -682 144
56572: -158 -337 -683 153
56573: -158 -337 -684 162
56622: -159 -415 -652 117
56642: -159 -417 -672 135
56647: -159 -418 -677 99
56649: -159 -418 -679 117
56650: -159 -418 -680 126
56658: -159 -419 -688 117
56702: -160 -496 -651 108
56703: -160 -496 -652 117
56704: -160 -496 -653 126
56705: -160 -496 -654 135
56706: -160 -496 -655 144
56708: -160 -496 -657 162
56718: -160 -498 -667 90
56721: -160 -498 -670 117
56727: -160 -499 -676 90
56728: -160 -499 -677 99
56732: -160 -499 -681 135
56733: -160 -499 -682 144
56734: -160 -499 -683 153
56735: -160 -499 -684 162
56736: -160 -500 -685 90
56739: -160 -500 -688 117
56741: -160 -500 -690 135
56742: -160 -500 -691 144
56743: -160 -500 -692 153
56745: -160 -501 -694 90
56747: -160 -501 -696 108
56749: -160 -501 -698 126
56750: -160 -501 -699 135
56752: -160 -501 -701 153
56754: -160 -502 -703 90
56757: -160 -502 -706 117
56759: -160 -502 -708 135
56763: -160 -503 -712 90
56769: -160 -503 -718 144
56772: -160 -504 -721 90
56784: -161 -577 -652 117
56785: -161 -577 -653 126
56786: -161 -577 -654 135
56789: -161 -577 -657 162
56801: -161 -579 -669 108
56802: -161 -579 -670 117
56807: -161 -579 -675 162
56808: -161 -580 -676 90
56809: -161 -580 -677 99
56813: -161 -580 -681 135
56815: -161 -580 -683 153
56816: -161 -580 -684 162
56817: -161 -581 -685 90
56818: -161 -581 -686 99
56819: -161 -581 -687 108
56820: -161 -581 -688 117
56824: -161 -581 -692 153
56825: -161 -581 -693 162
56826: -161 -582 -694 90
56828: -161 -582 -696 108
56829: -161 -582 -697 117
56835: -161 -583 -703 90
56837: -161 -583 -705 108
56838: -161 -583 -706 117
56842: -161 -583 -710 153
56843: -161 -583 -711 162
56844: -161 -584 -712 90
56854: -161 -585 -722 99
56864: -162 -658 -651 108
56865: -162 -658 -652 117
56872: -162 -659 -659 99
56895: -162 -661 -682 144
56899: -162 -662 -686 99
56970: -235 -22 -676 171
56971: -235 -22 -677 180
56972: -235 -22 -678 189
56973: -235 -22 -679 198
56974: -235 -22 -680 207
56975: -235 -22 -681 216
56976: -235 -22 -682 225
56977: -235 -22 -683 234
56978: -235 -22 -684 243
57025: -236 -100 -650 180
57026: -236 -100 -651 189
57027: -236 -100 -652 198
57028: -236 -100 -653 207
57029: -236 -100 -654 216
57030: -236 -100 -655 225
57032: -236 -100 -657 243
57033: -236 -101 -658 171
57038: -236 -101 -663 216
57042: -236 -102 -667 171
57044: -236 -102 -669 189
57045: -236 -102 -670 198
57060: -236 -104 -685 171
57062: -236 -104 -687 189
57063: -236 -104 -688 198
57065: -236 -104 -690 216
57067: -236 -104 -692 234
57068: -236 -104 -693 243
57069: -236 -105 -694 171
57071: -236 -105 -696 189
57072: -236 -105 -697 198
57075: -236 -105 -700 225
57078: -236 -106 -703 171
57079: -236 -106 -704 180
57081: -236 -106 -706 198
57082: -236 -106 -707 207
57083: -236 -106 -708 216
57084: -236 -106 -709 225
57085: -236 -106 -710 234
57086: -236 -106 -711 243
57087: -236 -107 -712 171
57088: -236 -107 -713 180
57090: -236 -107 -715 198
57094: -236 -107 -719 234
57095: -236 -107 -720 243
57099: -236 -108 -724 198
57107: -237 -181 -651 189
57132: -237 -184 -676 171
57133: -237 -184 -677 180
57134: -237 -184 -678 189
57135: -237 -184 -679 198
57140: -237 -184 -684 243
57143: -237 -185 -687 189
57146: -237 -185 -690 216
57147: -237 -185 -691 225
57152: -237 -186 -696 189
57163: -237 -187 -707 207
57173: -237 -188 -717 216
57187: -238 -262 -650 180
57188: -238 -262 -651 189
57189: -238 -262 -652 198
57190: -238 -262 -653 207
57191: -238 -262 -654 216
57192: -238 -262 -655 225
57194: -238 -262 -657 243
57195: -238 -263 -658 171
57198: -238 -263 -661 198
57202: -238 -263 -665 234
57203: -238 -263 -666 243
57204: -238 -264 -667 171
57205: -238 -264 -668 180
57207: -238 -264 -670 198
57208: -238 -264 -671 207
57209: -238 -264 -672 216
57210: -238 -264 -673 225
57211: -238 -264 -674 234
57212: -238 -264 -675 243
57213: -238 -265 -676 171
57214: -238 -265 -677 180
57216: -238 -265 -679 198
57217: -238 -265 -680 207
57218: -238 -265 -681 216
57219: -238 -265 -682 225
57220: -238 -265 -683 234
57221: -238 -265 -684 243
57222: -238 -266 -685 171
57224: -238 -266 -687 189
57225: -238 -266 -688 198
57227: -238 -266 -690 216
57228: -238 -266 -691 225
57229: -238 -266 -692 234
57230: -238 -266 -693 243
57233: -238 -267 -696 189
57235: -238 -267 -698 207
57251: -238 -269 -714 189
57253: -238 -269 -716 207
57255: -238 -269 -718 225
57257: -238 -269 -720 243
57260: -238 -270 -723 189
57275: -239 -343 -657 243
57284: -239 -344 -666 243
57306: -239 -347 -688 198
57320: -239 -348 -702 243
57349: -240 -424 -650 180
57350: -240 -424 -651 189
57351: -240 -424 -652 198
57353: -240 -424 -654 216
57354: -240 -424 -655 225
57356: -240 -424 -657 243
57388: -240 -428 -689 207
57438: -241 -506 -658 171
57446: -241 -506 -666 243
57458: -241 -508 -678 189
57470: -241 -509 -690 216
57481: -241 -510 -701 234
57499: -241 -512 -719 234
57511: -242 -586 -650 180
57513: -242 -586 -652 198
57514: -242 -586 -653 207
57515: -242 -586 -654 216
57516: -242 -586 -655 225
57518: -242 -586 -657 243
57551: -242 -590 -690 216
57565: -242 -592 -704 180
57600: -243 -668 -658 171
57602: -243 -668 -660 189
57605: -243 -668 -663 216
57607: -243 -668 -665 234
57611: -243 -669 -669 189
57618: -243 -670 -676 171
57623: -243 -670 -681 216
57625: -243 -670 -683 234
57630: -243 -671 -688 198
57636: -243 -672 -694 171
57657: -243 -674 -715 198
57660: -243 -674 -718 225
57708: -316 -32 -685 252
57709: -316 -32 -686 261
57710: -316 -32 -687 270
57711: -316 -32 -688 279
57712: -316 -32 -689 288
57713: -316 -32 -690 297
57714: -316 -32 -691 306
57715: -316 -32 -692 315
57716: -316 -32 -693 324
57765: -317 -110 -661 279
57768: -317 -110 -664 306
57771: -317 -111 -667 252
57773: -317 -111 -669 270
57774: -317 -111 -670 279
57776: -317 -111 -672 297
57778: -317 -111 -674 315
57791: -317 -113 -687 270
57796: -317 -113 -692 315
57798: -317 -114 -694 252
57799: -317 -114 -695 261
57800: -317 -114 -696 270
57801: -317 -114 -697 279
57802: -317 -114 -698 288
57803: -317 -114 -699 297
57805: -317 -114 -701 315
57807: -317 -115 -703 252
57810: -317 -115 -706 279
57811: -317 -115 -707 288
57813: -317 -115 -709 306
57815: -317 -115 -711 324
57816: -317 -116 -712 252
57817: -317 -116 -713 261
57818: -317 -116 -714 270
57819: -317 -116 -715 279
57820: -317 -116 -716 288
57823: -317 -116 -719 315
57826: -317 -117 -722 261
57835: -318 -190 -650 261
57836: -318 -190 -651 270
57837: -318 -190 -652 279
57838: -318 -190 -653 288
57839: -318 -190 -654 297
57840: -318 -190 -655 306
57842: -318 -190 -657 324
57843: -318 -191 -658 252
57844: -318 -191 -659 261
57845: -318 -191 -660 270
57846: -318 -191 -661 279
57847: -318 -191 -662 288
57848: -318 -191 -663 297
57849: -318 -191 -664 306
57850: -318 -191 -665 315
57851: -318 -191 -666 324
57852: -318 -192 -667 252
57855: -318 -192 -670 279
57856: -318 -192 -671 288
57857: -318 -192 -672 297
57858: -318 -192 -673 306
57859: -318 -192 -674 315
57861: -318 -193 -676 252
57864: -318 -193 -679 279
57865: -318 -193 -680 288
57866: -318 -193 -681 297
57867: -318 -193 -682 306
57868: -318 -193 -683 315
57869: -318 -193 -684 324
57871: -318 -194 -686 261
57875: -318 -194 -690 297
57876: -318 -194 -691 306
57877: -318 -194 -692 315
57878: -318 -194 -693 324
57879: -318 -195 -694 252
57880: -318 -195 -695 261
57881: -318 -195 -696 270
57882: -318 -195 -697 279
57884: -318 -195 -699 297
57885: -318 -195 -700 306
57886: -318 -195 -701 315
57887: -318 -195 -702 324
57888: -318 -196 -703 252
57890: -318 -196 -705 270
57891: -318 -196 -706 279
57893: -318 -196 -708 297
57894: -318 -196 -709 306
57895: -318 -196 -710 315
57896: -318 -196 -711 324
57899: -318 -197 -714 270
57900: -318 -197 -715 279
57901: -318 -197 -716 288
57903: -318 -197 -718 306
57904: -318 -197 -719 315
57914: -318 -198 -729 324
57916: -319 -271 -650 261
57917: -319 -271 -651 270
57918: -319 -271 -652 279
57920: -319 -271 -654 297
57921: -319 -271 -655 306
57923: -319 -271 -657 324
57924: -319 -272 -658 252
57925: -319 -272 -659 261
57927: -319 -272 -661 279
57928: -319 -272 -662 288
57929: -319 -272 -663 297
57930: -319 -272 -664 306
57931: -319 -272 -665 315
57932: -319 -272 -666 324
57951: -319 -275 -685 252
57952: -319 -275 -686 261
57954: -319 -275 -688 279
57955: -319 -275 -689 288
57956: -319 -275 -690 297
57957: -319 -275 -691 306
57958: -319 -275 -692 315
57959: -319 -275 -693 324
57960: -319 -276 -694 252
57961: -319 -276 -695 261
57962: -319 -276 -696 270
57963: -319 -276 -697 279
57964: -319 -276 -698 288
57965: -319 -276 -699 297
57966: -319 -276 -700 306
57967: -319 -276 -701 315
57968: -319 -276 -702 324
57969: -319 -277 -703 252
57970: -319 -277 -704 261
57971: -319 -277 -705 270
57972: -319 -277 -706 279
57973: -319 -277 -707 288
57974: -319 -277 -708 297
57975: -319 -277 -709 306
57976: -319 -277 -710 315
57977: -319 -277 -711 324
57978: -319 -278 -712 252
57979: -319 -278 -713 261
57980: -319 -278 -714 270
57981: -319 -278 -715 279
57983: -319 -278 -717 297
57984: -319 -278 -718 306
57985: -319 -278 -719 315
57986: -319 -278 -720 324
58005: -320 -353 -658 252
58007: -320 -353 -660 270
58008: -320 -353 -661 279
58009: -320 -353 -662 288
58010: -320 -353 -663 297
58011: -320 -353 -664 306
58014: -320 -354 -667 252
58015: -320 -354 -668 261
58019: -320 -354 -672 297
58020: -320 -354 -673 306
58039: -320 -356 -692 315
58041: -320 -357 -694 252
58042: -320 -357 -695 261
58044: -320 -357 -697 279
58045: -320 -357 -698 288
58049: -320 -357 -702 324
58050: -320 -358 -703 252
58053: -320 -358 -706 279
58059: -320 -359 -712 252
58060: -320 -359 -713 261
58063: -320 -359 -716 288
58067: -320 -359 -720 324
58070: -320 -360 -723 270
58078: -321 -433 -650 261
58080: -321 -433 -652 279
58081: -321 -433 -653 288
58089: -321 -434 -661 279
58090: -321 -434 -662 288
58098: -321 -435 -670 279
58100: -321 -435 -672 297
58131: -321 -439 -703 252
58134: -321 -439 -706 279
58139: -321 -439 -711 324
58141: -321 -440 -713 261
58151: -321 -441 -723 270
58159: -322 -514 -650 261
58160: -322 -514 -651 270
58161: -322 -514 -652 279
58162: -322 -514 -653 288
58164: -322 -514 -655 306
58166: -322 -514 -657 324
58168: -322 -515 -659 261
58173: -322 -515 -664 306
58177: -322 -516 -668 261
58189: -322 -517 -680 288
58191: -322 -517 -682 306
58193: -322 -517 -684 324
58201: -322 -518 -692 315
58209: -322 -519 -700 306
58210: -322 -519 -701 315
58217: -322 -520 -708 297
58221: -322 -521 -712 252
58240: -323 -595 -650 261
58241: -323 -595 -651 270
58243: -323 -595 -653 288
58244: -323 -595 -654 297
58245: -323 -595 -655 306
58247: -323 -595 -657 324
58254: -323 -596 -664 306
58276: -323 -599 -686 261
58298: -323 -601 -708 297
58299: -323 -601 -709 306
58300: -323 -601 -710 315
58301: -323 -601 -711 324
58302: -323 -602 -712 252
58307: -323 -602 -717 297
58322: -324 -676 -651 270
58325: -324 -676 -654 297
58334: -324 -677 -663 297
58365: -324 -681 -694 252
58377: -324 -682 -706 279
58383: -324 -683 -712 252
58385: -324 -683 -714 270
58386: -324 -683 -715 279
58402: -397 -37 -650 342
58403: -397 -37 -651 351
58404: -397 -37 -652 360
58405: -397 -37 -653 369
58406: -397 -37 -654 378
58407: -397 -37 -655 387
58409: -397 -37 -657 405
58483: -398 -118 -650 342
58484: -398 -118 -651 351
58485: -398 -118 -652 360
58486: -398 -118 -653 369
58487: -398 -118 -654 378
58488: -398 -118 -655 387
58490: -398 -118 -657 405
58507: -398 -120 -674 396
58519: -398 -122 -686 342
58557: -398 -126 -724 360
58564: -399 -199 -650 342
58565: -399 -199 -651 351
58567: -399 -199 -653 369
58569: -399 -199 -655 387
58571: -399 -199 -657 405
58572: -399 -200 -658 333
58578: -399 -200 -664 387
58584: -399 -201 -670 360
58598: -399 -202 -684 405
58612: -399 -204 -698 369
58618: -399 -205 -704 342
58620: -399 -205 -706 360
58624: -399 -205 -710 396
58735: -401 -362 -659 342
58747: -401 -363 -671 369
58792: -401 -368 -716 369
58809: -402 -442 -652 360
58816: -402 -443 -659 342
58823: -402 -443 -666 405
58830: -402 -444 -673 387
58838: -402 -445 -681 378
58860: -402 -448 -703 333
58869: -402 -449 -712 333
58872: -402 -449 -715 360
58881: -402 -450 -724 360
58905: -403 -525 -667 333
58911: -403 -525 -673 387
58916: -403 -526 -678 351
58918: -403 -526 -680 369
58920: -403 -526 -682 387
58922: -403 -526 -684 405
58934: -403 -528 -696 351
58936: -403 -528 -698 369
58939: -403 -528 -701 396
58950: -403 -530 -712 333
58961: -403 -531 -723 351
58969: -404 -604 -650 342
58976: -404 -604 -657 405
58985: -404 -605 -666 405
58999: -404 -607 -680 369
59003: -404 -607 -684 405
59005: -404 -608 -686 342
59010: -404 -608 -691 387
59011: -404 -608 -692 396
59016: -404 -609 -697 360
59023: -404 -610 -704 342
59025: -404 -610 -706 360
59040: -404 -612 -721 333
59070: -405 -687 -670 360
59089: -405 -689 -689 369
59094: -405 -690 -694 333
59106: -405 -691 -706 360
59112: -405 -692 -712 333
59113: -405 -692 -713 342
59115: -405 -692 -715 360
59118: -405 -692 -718 387
59184: -478 -52 -703 414
59185: -478 -52 -704 423
59186: -478 -52 -705 432
59187: -478 -52 -706 441
59188: -478 -52 -707 450
59189: -478 -52 -708 459
59190: -478 -52 -709 468
59191: -478 -52 -710 477
59192: -478 -52 -711 486
59212: -479 -127 -650 423
59213: -479 -127 -651 432
59214: -479 -127 -652 441
59215: -479 -127 -653 450
59216: -479 -127 -654 459
59217: -479 -127 -655 468
59219: -479 -127 -657 486
59225: -479 -128 -663 459
59230: -479 -129 -668 423
59235: -479 -129 -673 468
59248: -479 -131 -686 423
59249: -479 -131 -687 432
59250: -479 -131 -688 441
59251: -479 -131 -689 450
59252: -479 -131 -690 459
59254: -479 -131 -692 477
59255: -479 -131 -693 486
59268: -479 -133 -706 441
59274: -479 -134 -712 414
59275: -479 -134 -713 423
59277: -479 -134 -715 441
59284: -479 -135 -722 423
59293: -480 -208 -650 423
59294: -480 -208 -651 432
59295: -480 -208 -652 441
59296: -480 -208 -653 450
59297: -480 -208 -654 459
59301: -480 -209 -658 414
59303: -480 -209 -660 432
59304: -480 -209 -661 441
59306: -480 -209 -663 459
59308: -480 -209 -665 477
59309: -480 -209 -666 486
59315: -480 -210 -672 459
59321: -480 -211 -678 432
59324: -480 -211 -681 459
59327: -480 -211 -684 486
59329: -480 -212 -686 423
59374: -481 -289 -650 423
59375: -481 -289 -651 432
59376: -481 -289 -652 441
59377: -481 -289 -653 450
59378: -481 -289 -654 459
59381: -481 -289 -657 486
59382: -481 -290 -658 414
59385: -481 -290 -661 441
59386: -481 -290 -662 450
59388: -481 -290 -664 468
59389: -481 -290 -665 477
59390: -481 -290 -666 486
59391: -481 -291 -667 414
59392: -481 -291 -668 423
59394: -481 -291 -670 441
59395: -481 -291 -671 450
59396: -481 -291 -672 459
59403: -481 -292 -679 441
59405: -481 -292 -681 459
59408: -481 -292 -684 486
59409: -481 -293 -685 414
59410: -481 -293 -686 423
59411: -481 -293 -687 432
59412: -481 -293 -688 441
59413: -481 -293 -689 450
59414: -481 -293 -690 459
59417: -481 -293 -693 486
59428: -481 -295 -704 423
59429: -481 -295 -705 432
59430: -481 -295 -706 441
59432: -481 -295 -708 459
59435: -481 -295 -711 486
59437: -481 -296 -713 423
59438: -481 -296 -714 432
59439: -481 -296 -715 441
59443: -481 -296 -719 477
59448: -481 -297 -724 441
59455: -482 -370 -650 423
59456: -482 -370 -651 432
59457: -482 -370 -652 441
59462: -482 -370 -657 486
59467: -482 -371 -662 450
59475: -482 -372 -670 441
59493: -482 -374 -688 441
59508: -482 -376 -703 414
59509: -482 -376 -704 423
59510: -482 -376 -705 432
59511: -482 -376 -706 441
59512: -482 -376 -707 450
59513: -482 -376 -708 459
59514: -482 -376 -709 468
59516: -482 -376 -711 486
59517: -482 -377 -712 414
59520: -482 -377 -715 441
59525: -482 -377 -720 486
59540: -483 -451 -654 459
59549: -483 -452 -663 459
59553: -483 -453 -667 414
59554: -483 -453 -668 423
59555: -483 -453 -669 432
59556: -483 -453 -670 441
59557: -483 -453 -671 450
59558: -483 -453 -672 459
59559: -483 -453 -673 468
59562: -483 -454 -676 414
59564: -483 -454 -678 432
59565: -483 -454 -679 441
59589: -483 -457 -703 414
59598: -483 -458 -712 414
59618: -484 -532 -651 432
59619: -484 -532 -652 441
59622: -484 -532 -655 468
59631: -484 -533 -664 468
59639: -484 -534 -672 459
59640: -484 -534 -673 468
59648: -484 -535 -681 459
59649: -484 -535 -682 468
59689: -484 -540 -722 423
59700: -485 -613 -652 441
59729: -485 -616 -681 459
59733: -485 -617 -685 414
59736: -485 -617 -688 441
59738: -485 -617 -690 459
59740: -485 -617 -692 477
59749: -485 -618 -701 477
59779: -486 -694 -650 423
59782: -486 -694 -653 450
59783: -486 -694 -654 459
59805: -486 -697 -676 414
59812: -486 -697 -683 477
59821: -486 -698 -692 477
59828: -486 -699 -699 459
59835: -486 -700 -706 441
59837: -486 -700 -708 459
59841: -486 -701 -712 414
59843: -486 -701 -714 432
59844: -486 -701 -715 441
59846: -486 -701 -717 459
59922: -559 -62 -712 495
59923: -559 -62 -713 504
59924: -559 -62 -714 513
59925: -559 -62 -715 522
59926: -559 -62 -716 531
59927: -559 -62 -717 540
59928: -559 -62 -718 549
59929: -559 -62 -719 558
59930: -559 -62 -720 567
59941: -560 -136 -650 504
59942: -560 -136 -651 513
59943: -560 -136 -652 522
59944: -560 -136 -653 531
59945: -560 -136 -654 540
59946: -560 -136 -655 549
59948: -560 -136 -657 567
59949: -560 -137 -658 495
59977: -560 -140 -686 504
59979: -560 -140 -688 522
59991: -560 -141 -700 549
59993: -560 -141 -702 567
60012: -560 -144 -721 495
60022: -561 -217 -650 504
60023: -561 -217 -651 513
60024: -561 -217 -652 522
60025: -561 -217 -653 531
60027: -561 -217 -655 549
60029: -561 -217 -657 567
60033: -561 -218 -661 522
60041: -561 -219 -669 513
60047: -561 -219 -675 567
60048: -561 -220 -676 495
60056: -561 -220 -684 567
60060: -561 -221 -688 522
60093: -561 -225 -721 495
60103: -562 -298 -650 504
60104: -562 -298 -651 513
60105: -562 -298 -652 522
60106: -562 -298 -653 531
60107: -562 -298 -654 540
60108: -562 -298 -655 549
60110: -562 -298 -657 567
60112: -562 -299 -659 504
60114: -562 -299 -661 522
60119: -562 -299 -666 567
60121: -562 -300 -668 504
60123: -562 -300 -670 522
60125: -562 -300 -672 540
60126: -562 -300 -673 549
60127: -562 -300 -674 558
60128: -562 -300 -675 567
60132: -562 -301 -679 522
60136: -562 -301 -683 558
60137: -562 -301 -684 567
60138: -562 -302 -685 495
60141: -562 -302 -688 522
60143: -562 -302 -690 540
60147: -562 -303 -694 495
60158: -562 -304 -705 513
60159: -562 -304 -706 522
60165: -562 -305 -712 495
60168: -562 -305 -715 522
60176: -562 -306 -723 513
60184: -563 -379 -650 504
60186: -563 -379 -652 522
60187: -563 -379 -653 531
60207: -563 -381 -673 549
60261: -563 -387 -727 549
60296: -564 -463 -681 540
60300: -564 -464 -685 495
60330: -564 -467 -715 522
60335: -564 -467 -720 567
60354: -565 -542 -658 495
60356: -565 -542 -660 513
60358: -565 -542 -662 531
60360: -565 -542 -664 549
60362: -565 -542 -666 567
60363: -565 -543 -667 495
60366: -565 -543 -670 522
60371: -565 -543 -675 567
60376: -565 -544 -680 531
60378: -565 -544 -682 549
60384: -565 -545 -688 522
60441: -566 -623 -664 549
60456: -566 -625 -679 522
60457: -566 -625 -680 531
60458: -566 -625 -681 540
60546: -567 -707 -688 522
60552: -567 -708 -694 495
60572: -567 -710 -714 513
60660: -640 -72 -721 576
60661: -640 -72 -722 585
60662: -640 -72 -723 594
60663: -640 -72 -724 603
60664: -640 -72 -725 612
60665: -640 -72 -726 621
60668: -640 -72 -729 648
60670: -641 -145 -650 585
60671: -641 -145 -651 594
60672: -641 -145 -652 603
60673: -641 -145 -653 612
60674: -641 -145 -654 621
60675: -641 -145 -655 630
60706: -641 -149 -686 585
60712: -641 -149 -692 639
60752: -642 -226 -651 594
60753: -642 -226 -652 603
60754: -642 -226 -653 612
60755: -642 -226 -654 621
60759: -642 -227 -658 576
60760: -642 -227 -659 585
60762: -642 -227 -661 603
60765: -642 -227 -664 630
60767: -642 -227 -666 648
60769: -642 -228 -668 585
60770: -642 -228 -669 594
60782: -642 -229 -681 621
60785: -642 -229 -684 648
60787: -642 -230 -686 585
60815: -642 -233 -714 594
60832: -643 -307 -650 585
60833: -643 -307 -651 594
60834: -643 -307 -652 603
60835: -643 -307 -653 612
60836: -643 -307 -654 621
60837: -643 -307 -655 630
60845: -643 -308 -663 621
60847: -643 -308 -665 639
60848: -643 -308 -666 648
60850: -643 -309 -668 585
60852: -643 -309 -670 603
60861: -643 -310 -679 603
60863: -643 -310 -681 621
60866: -643 -310 -684 648
60869: -643 -311 -687 594
60872: -643 -311 -690 621
60875: -643 -311 -693 648
60877: -643 -312 -695 585
60894: -643 -314 -712 576
60913: -644 -388 -650 585
60916: -644 -388 -653 612
60917: -644 -388 -654 621
60918: -644 -388 -655 630
60933: -644 -390 -670 603
60975: -644 -395 -712 576
60997: -645 -469 -653 612
61082: -646 -550 -657 648
61092: -646 -552 -667 576
61101: -646 -553 -676 576
61102: -646 -553 -677 585
61115: -646 -554 -690 621
61119: -646 -555 -694 576
61121: -646 -555 -696 594
61122: -646 -555 -697 603
61123: -646 -555 -698 612
61124: -646 -555 -699 621
61125: -646 -555 -700 630
61127: -646 -555 -702 648
61131: -646 -556 -706 603
61149: -646 -558 -724 603
61173: -647 -633 -667 576
61175: -647 -633 -669 594
61177: -647 -633 -671 612
61178: -647 -633 -672 621
61179: -647 -633 -673 630
61181: -647 -633 -675 648
61184: -647 -634 -678 594
61189: -647 -634 -683 639
61192: -647 -635 -686 585
61245: -648 -713 -658 576
61292: -648 -718 -705 594
61306: -648 -719 -719 639
61363: -721 -78 -695 666
61364: -721 -78 -696 675
61365: -721 -78 -697 684
61366: -721 -78 -698 693
61368: -721 -78 -700 711
61370: -721 -78 -702 729
61400: -722 -154 -651 675
61402: -722 -154 -653 693
61403: -722 -154 -654 702
61404: -722 -154 -655 711
61406: -722 -154 -657 729
61418: -722 -156 -669 675
61424: -722 -156 -675 729
61434: -722 -158 -685 657
61437: -722 -158 -688 684
61438: -722 -158 -689 693
61442: -722 -158 -693 729
61452: -722 -160 -703 657
61454: -722 -160 -705 675
61457: -722 -160 -708 702
61458: -722 -160 -709 711
61459: -722 -160 -710 720
61460: -722 -160 -711 729
61482: -723 -235 -652 684
61483: -723 -235 -653 693
61484: -723 -235 -654 702
61485: -723 -235 -655 711
61488: -723 -236 -658 657
61491: -723 -236 -661 684
61492: -723 -236 -662 693
61493: -723 -236 -663 702
61495: -723 -236 -665 720
61496: -723 -236 -666 729
61507: -723 -238 -677 666
61513: -723 -238 -683 720
61515: -723 -239 -685 657
61518: -723 -239 -688 684
61519: -723 -239 -689 693
61521: -723 -239 -691 711
61522: -723 -239 -692 720
61523: -723 -239 -693 729
61524: -723 -240 -694 657
61527: -723 -240 -697 684
61529: -723 -240 -699 702
61532: -723 -240 -702 729
61533: -723 -241 -703 657
61536: -723 -241 -706 684
61537: -723 -241 -707 693
61540: -723 -241 -710 720
61541: -723 -241 -711 729
61542: -723 -242 -712 657
61549: -723 -242 -719 720
61562: -724 -316 -651 675
61564: -724 -316 -653 693
61565: -724 -316 -654 702
61566: -724 -316 -655 711
61569: -724 -317 -658 657
61574: -724 -317 -663 702
61576: -724 -317 -665 720
61577: -724 -317 -666 729
61580: -724 -318 -669 675
61584: -724 -318 -673 711
61585: -724 -318 -674 720
61586: -724 -318 -675 729
61597: -724 -320 -686 666
61600: -724 -320 -689 693
61602: -724 -320 -691 711
61603: -724 -320 -692 720
61604: -724 -320 -693 729
61607: -724 -321 -696 675
61608: -724 -321 -697 684
61609: -724 -321 -698 693
61611: -724 -321 -700 711
61612: -724 -321 -701 720
61613: -724 -321 -702 729
61614: -724 -322 -703 657
61616: -724 -322 -705 675
61622: -724 -322 -711 729
61662: -725 -399 -670 684
61664: -725 -399 -672 702
61717: -725 -405 -725 693
61724: -726 -478 -651 675
61728: -726 -478 -655 711
61750: -726 -481 -677 666
61753: -726 -481 -680 693
61799: -726 -486 -726 702
61811: -727 -559 -657 729
61836: -727 -562 -682 711
61837: -727 -562 -683 720
61838: -727 -562 -684 729
61848: -727 -564 -694 657
61853: -727 -564 -699 702
61966: -729 -721 -650 666
62038: -729 -729 -722 666
62383: -37 -2 -86 41
62384: -37 -2 -87 50
62385: -37 -2 -88 59
62386: -37 -2 -89 68
62387: -37 -2 -90 77
62967: -100 -85 -256 30
62969: -100 -85 -258 48
62970: -100 -85 -259 57
62971: -100 -85 -260 66
62972: -100 -85 -261 75
63127: -118 -85 -254 14
63131: -118 -85 -258 50
63132: -118 -85 -259 59
63133: -118 -85 -260 68
63134: -118 -85 -261 77
63208: -127 -85 -254 15
63210: -127 -85 -256 33
63212: -127 -85 -258 51
63213: -127 -85 -259 60
63214: -127 -85 -260 69
63289: -136 -85 -254 16
63291: -136 -85 -256 34
63294: -136 -85 -259 61
63295: -136 -85 -260 70
63296: -136 -85 -261 79
63370: -145 -85 -254 17
63372: -145 -85 -256 35
63374: -145 -85 -258 53
63376: -145 -85 -260 71
63377: -145 -85 -261 80
63451: -154 -85 -254 18
63453: -154 -85 -256 36
63455: -154 -85 -258 54
63456: -154 -85 -259 63
63458: -154 -85 -261 81
63664: -172 -171 -674 65
63702: -181 -167 -343 3
63707: -181 -167 -348 48
63708: -181 -167 -349 57
63709: -181 -167 -350 66
63710: -181 -167 -351 75
63714: -181 -168 -427 30
63717: -181 -168 -430 57
63718: -181 -168 -431 66
63719: -181 -168 -432 75
63723: -181 -169 -508 30
63725: -181 -169 -510 48
63732: -181 -170 -589 30
63734: -181 -170 -591 48
63735: -181 -170 -592 57
63736: -181 -170 -593 66
63737: -181 -170 -594 75
63741: -181 -171 -670 30
63743: -181 -171 -672 48
63744: -181 -171 -673 57
63745: -181 -171 -674 66
63793: -190 -168 -425 13
63795: -190 -168 -427 31
63798: -190 -168 -430 58
63799: -190 -168 -431 67
63800: -190 -168 -432 76
63801: -190 -169 -505 4
63802: -190 -169 -506 13
63804: -190 -169 -508 31
63806: -190 -169 -510 49
63807: -190 -169 -511 58
63808: -190 -169 -512 67
63809: -190 -169 -513 76
63811: -190 -170 -587 13
63813: -190 -170 -589 31
63815: -190 -170 -591 49
63816: -190 -170 -592 58
63818: -190 -170 -594 76
63820: -190 -171 -668 13
63822: -190 -171 -670 31
63824: -190 -171 -672 49
63825: -190 -171 -673 58
63826: -190 -171 -674 67
63827: -190 -171 -675 76
63874: -199 -168 -425 14
63879: -199 -168 -430 59
63880: -199 -168 -431 68
63881: -199 -168 -432 77
63883: -199 -169 -506 14
63884: -199 -169 -507 23
63887: -199 -169 -510 50
63889: -199 -169 -512 68
63890: -199 -169 -513 77
63892: -199 -170 -587 14
63893: -199 -170 -588 23
63896: -199 -170 -591 50
63897: -199 -170 -592 59
63899: -199 -170 -594 77
63901: -199 -171 -668 14
63905: -199 -171 -672 50
63906: -199 -171 -673 59
63907: -199 -171 -674 68
63908: -199 -171 -675 77
63932: -208 -165 -186 51
63933: -208 -165 -187 60
63934: -208 -165 -188 69
63946: -208 -167 -344 15
63950: -208 -167 -348 51
63951: -208 -167 -349 60
63952: -208 -167 -350 69
63955: -208 -168 -425 15
63957: -208 -168 -427 33
63960: -208 -168 -430 60
63961: -208 -168 -431 69
63963: -208 -169 -505 6
63964: -208 -169 -506 15
63965: -208 -169 -507 24
63966: -208 -169 -508 33
63968: -208 -169 -510 51
63969: -208 -169 -511 60
63970: -208 -169 -512 69
63973: -208 -170 -587 15
63974: -208 -170 -588 24
63975: -208 -170 -589 33
63977: -208 -170 -591 51
63978: -208 -170 -592 60
63979: -208 -170 -593 69
63988: -208 -171 -674 69
64011: -217 -165 -184 34
64014: -217 -165 -187 61
64016: -217 -165 -189 79
64026: -217 -167 -343 7
64027: -217 -167 -344 16
64032: -217 -167 -349 61
64033: -217 -167 -350 70
64034: -217 -167 -351 79
64045: -217 -169 -506 16
64047: -217 -169 -508 34
64051: -217 -169 -512 70
64054: -217 -170 -587 16
64055: -217 -170 -588 25
64056: -217 -170 -589 34
64059: -217 -170 -592 61
64061: -217 -170 -594 79
64063: -217 -171 -668 16
64064: -217 -171 -669 25
64065: -217 -171 -670 34
64068: -217 -171 -673 61
64069: -217 -171 -674 70
64070: -217 -171 -675 79
64094: -226 -165 -186 53
64096: -226 -165 -188 71
64097: -226 -165 -189 80
64108: -226 -167 -344 17
64112: -226 -167 -348 53
64114: -226 -167 -350 71
64115: -226 -167 -351 80
64117: -226 -168 -425 17
64119: -226 -168 -427 35
64123: -226 -168 -431 71
64124: -226 -168 -432 80
64135: -226 -170 -587 17
64136: -226 -170 -588 26
64137: -226 -170 -589 35
64142: -226 -170 -594 80
64144: -226 -171 -668 17
64145: -226 -171 -669 26
64146: -226 -171 -670 35
64148: -226 -171 -672 53
64150: -226 -171 -674 71
64175: -235 -165 -186 54
64176: -235 -165 -187 63
64178: -235 -165 -189 81
64189: -235 -167 -344 18
64193: -235 -167 -348 54
64194: -235 -167 -349 63
64196: -235 -167 -351 81
64198: -235 -168 -425 18
64200: -235 -168 -427 36
64203: -235 -168 -430 63
64205: -235 -168 -432 81
64207: -235 -169 -506 18
64208: -235 -169 -507 27
64209: -235 -169 -508 36
64211: -235 -169 -510 54
64214: -235 -169 -513 81
64225: -235 -171 -668 18
64227: -235 -171 -670 36
64229: -235 -171 -672 54
64230: -235 -171 -673 63
64232: -235 -171 -675 81
64427: -262 -247 -276 48
64428: -262 -247 -277 57
64429: -262 -247 -278 66
64430: -262 -247 -279 75
64442: -262 -249 -435 21
64443: -262 -249 -436 30
64445: -262 -249 -438 48
64447: -262 -249 -440 66
64448: -262 -249 -441 75
64451: -262 -250 -516 21
64452: -262 -250 -517 30
64453: -262 -250 -518 39
64454: -262 -250 -519 48
64455: -262 -250 -520 57
64456: -262 -250 -521 66
64457: -262 -250 -522 75
64460: -262 -251 -597 21
64461: -262 -251 -598 30
64462: -262 -251 -599 39
64463: -262 -251 -600 48
64464: -262 -251 -601 57
64465: -262 -251 -602 66
64466: -262 -251 -603 75
64469: -262 -252 -678 21
64470: -262 -252 -679 30
64471: -262 -252 -680 39
64472: -262 -252 -681 48
64474: -262 -252 -683 66
64475: -262 -252 -684 75
64503: -271 -247 -271 4
64517: -271 -248 -357 49
64522: -271 -249 -434 13
64526: -271 -249 -438 49
64527: -271 -249 -439 58
64528: -271 -249 -440 67
64529: -271 -249 -441 76
64531: -271 -250 -515 13
64535: -271 -250 -519 49
64536: -271 -250 -520 58
64537: -271 -250 -521 67
64538: -271 -250 -522 76
64540: -271 -251 -596 13
64543: -271 -251 -599 40
64544: -271 -251 -600 49
64549: -271 -252 -677 13
64555: -271 -252 -683 67
64556: -271 -252 -684 76
64603: -280 -249 -434 14
64608: -280 -249 -439 59
64609: -280 -249 -440 68
64610: -280 -249 -441 77
64611: -280 -250 -514 5
64612: -280 -250 -515 14
64613: -280 -250 -516 23
64616: -280 -250 -519 50
64617: -280 -250 -520 59
64618: -280 -250 -521 68
64619: -280 -250 -522 77
64621: -280 -251 -596 14
64627: -280 -251 -602 68
64628: -280 -251 -603 77
64630: -280 -252 -677 14
64631: -280 -252 -678 23
64635: -280 -252 -682 59
64636: -280 -252 -683 68
64637: -280 -252 -684 77
64654: -289 -245 -116 69
64666: -289 -247 -272 15
64670: -289 -247 -276 51
64671: -289 -247 -277 60
64672: -289 -247 -278 69
64676: -289 -248 -354 24
64679: -289 -248 -357 51
64680: -289 -248 -358 60
64681: -289 -248 -359 69
64684: -289 -249 -434 15
64685: -289 -249 -435 24
64686: -289 -249 -436 33
64688: -289 -249 -438 51
64689: -289 -249 -439 60
64690: -289 -249 -440 69
64692: -289 -250 -514 6
64693: -289 -250 -515 15
64694: -289 -250 -516 24
64695: -289 -250 -517 33
64697: -289 -250 -519 51
64698: -289 -250 -520 60
64701: -289 -251 -595 6
64702: -289 -251 -596 15
64703: -289 -251 -597 24
64704: -289 -251 -598 33
64706: -289 -251 -600 51
64708: -289 -251 -602 69
64711: -289 -252 -677 15
64712: -289 -252 -678 24
64713: -289 -252 -679 33
64715: -289 -252 -681 51
64716: -289 -252 -682 60
64717: -289 -252 -683 69
64734: -298 -245 -115 61
64735: -298 -245 -116 70
64736: -298 -245 -117 79
64747: -298 -247 -272 16
64752: -298 -247 -277 61
64753: -298 -247 -278 70
64754: -298 -247 -279 79
64756: -298 -248 -353 16
64757: -298 -248 -354 25
64761: -298 -248 -358 61
64762: -298 -248 -359 70
64763: -298 -248 -360 79
64765: -298 -249 -434 16
64766: -298 -249 -435 25
64767: -298 -249 -436 34
64770: -298 -249 -439 61
64771: -298 -249 -440 70
64772: -298 -249 -441 79
64774: -298 -250 -515 16
64777: -298 -250 -518 43
64779: -298 -250 -520 61
64780: -298 -250 -521 70
64781: -298 -250 -522 79
64783: -298 -251 -596 16
64784: -298 -251 -597 25
64785: -298 -251 -598 34
64786: -298 -251 -599 43
64788: -298 -251 -601 61
64789: -298 -251 -602 70
64790: -298 -251 -603 79
64792: -298 -252 -677 16
64794: -298 -252 -679 34
64795: -298 -252 -680 43
64797: -298 -252 -682 61
64798: -298 -252 -683 70
64799: -298 -252 -684 79
64828: -307 -247 -272 17
64832: -307 -247 -276 53
64834: -307 -247 -278 71
64835: -307 -247 -279 80
64837: -307 -248 -353 17
64841: -307 -248 -357 53
64843: -307 -248 -359 71
64844: -307 -248 -360 80
64846: -307 -249 -434 17
64848: -307 -249 -436 35
64850: -307 -249 -438 53
64852: -307 -249 -440 71
64853: -307 -249 -441 80
64854: -307 -250 -514 8
64855: -307 -250 -515 17
64856: -307 -250 -516 26
64857: -307 -250 -517 35
64859: -307 -250 -519 53
64861: -307 -250 -521 71
64862: -307 -250 -522 80
64873: -307 -252 -677 17
64875: -307 -252 -679 35
64876: -307 -252 -680 44
64877: -307 -252 -681 53
64879: -307 -252 -683 71
64880: -307 -252 -684 80
64892: -316 -245 -111 27
64909: -316 -247 -272 18
64913: -316 -247 -276 54
64914: -316 -247 -277 63
64916: -316 -247 -279 81
64919: -316 -248 -354 27
64922: -316 -248 -357 54
64923: -316 -248 -358 63
64925: -316 -248 -360 81
64927: -316 -249 -434 18
64928: -316 -249 -435 27
64929: -316 -249 -436 36
64931: -316 -249 -438 54
64932: -316 -249 -439 63
64934: -316 -249 -441 81
64936: -316 -250 -515 18
64937: -316 -250 -516 27
64938: -316 -250 -517 36
64940: -316 -250 -519 54
64941: -316 -250 -520 63
64943: -316 -250 -522 81
64945: -316 -251 -596 18
64946: -316 -251 -597 27
64947: -316 -251 -598 36
64949: -316 -251 -600 54
64950: -316 -251 -601 63
64954: -316 -252 -677 18
64958: -316 -252 -681 54
64959: -316 -252 -682 63
64962: -325 -325 -37 1
65165: -343 -329 -366 48
65184: -343 -331 -529 57
65192: -343 -332 -609 48
65194: -343 -332 -611 66
65202: -343 -333 -691 57
65203: -343 -333 -692 66
65204: -343 -333 -693 75
65409: -370 -329 -367 60
65422: -370 -331 -524 15
65427: -370 -331 -529 60
65435: -370 -332 -609 51
65437: -370 -332 -611 69
65440: -370 -333 -686 15
65472: -379 -327 -205 61
65473: -379 -327 -206 70
65474: -379 -327 -207 79
65490: -379 -329 -367 61
65491: -379 -329 -368 70
65492: -379 -329 -369 79
65494: -379 -330 -443 16
65495: -379 -330 -444 25
65499: -379 -330 -448 61
65518: -379 -332 -611 70
65521: -379 -333 -686 16
65548: -388 -327 -200 17
65555: -388 -327 -207 80
65566: -388 -329 -362 17
65570: -388 -329 -366 53
65572: -388 -329 -368 71
65573: -388 -329 -369 80
65575: -388 -330 -443 17
65584: -388 -331 -524 17
65590: -388 -331 -530 71
65591: -388 -331 -531 80
65602: -388 -333 -686 17
65604: -388 -333 -688 35
65647: -397 -329 -362 18
65648: -397 -329 -363 27
65651: -397 -329 -366 54
65652: -397 -329 -367 63
65654: -397 -329 -369 81
65665: -397 -331 -524 18
65674: -397 -332 -605 18
65678: -397 -332 -609 54
65679: -397 -332 -610 63
65681: -397 -332 -612 81
65801: -415 -409 -291 20
65809: -415 -410 -371 11
65883: -424 -409 -292 30
65888: -424 -409 -297 75
65894: -424 -410 -375 48
65912: -424 -412 -537 48
65950: -433 -407 -134 67
65951: -433 -407 -135 76
65952: -433 -408 -208 4
65955: -433 -408 -211 31
65961: -433 -409 -289 4
65962: -433 -409 -290 13
65965: -433 -409 -293 40
65967: -433 -409 -295 58
65968: -433 -409 -296 67
65970: -433 -410 -370 4
65975: -433 -410 -375 49
65976: -433 -410 -376 58
65978: -433 -410 -378 76
65985: -433 -411 -457 58
65986: -433 -411 -458 67
65997: -433 -413 -613 4
65998: -433 -413 -614 13
66000: -433 -413 -616 31
66001: -433 -413 -617 40
66003: -433 -413 -619 58
66004: -433 -413 -620 67
66005: -433 -413 -621 76
66034: -442 -408 -209 14
66042: -442 -409 -289 5
66047: -442 -409 -294 50
66050: -442 -409 -297 77
66061: -442 -411 -452 14
66062: -442 -411 -453 23
66067: -442 -411 -458 68
66069: -442 -412 -532 5
66074: -442 -412 -537 50
66075: -442 -412 -538 59
66114: -451 -408 -208 6
66115: -451 -408 -209 15
66120: -451 -408 -214 60
66124: -451 -409 -290 15
66126: -451 -409 -292 33
66129: -451 -409 -295 60
66130: -451 -409 -296 69
66133: -451 -410 -371 15
66141: -451 -411 -451 6
66196: -460 -408 -209 16
66207: -460 -409 -292 34
66213: -460 -410 -370 7
66219: -460 -410 -376 61
66225: -460 -411 -454 34
66274: -469 -407 -134 71
66275: -469 -407 -135 80
66277: -469 -408 -209 17
66283: -469 -408 -215 71
66285: -469 -409 -289 8
66293: -469 -409 -297 80
66294: -469 -410 -370 8
66299: -469 -410 -375 53
66301: -469 -410 -377 71
66302: -469 -410 -378 80
66315: -469 -412 -535 35
66356: -478 -407 -135 81
66357: -478 -408 -208 9
66358: -478 -408 -209 18
66366: -478 -409 -289 9
66375: -478 -410 -370 9
66377: -478 -410 -372 27
66380: -478 -410 -375 54
66381: -478 -410 -376 63
66383: -478 -410 -378 81
66387: -478 -411 -454 36
66398: -478 -412 -537 54
66405: -478 -413 -616 36
66407: -478 -413 -618 54
66597: -505 -488 -142 57
66609: -505 -490 -298 3
66611: -505 -490 -300 21
66654: -505 -495 -703 3
66656: -505 -495 -705 21
66680: -514 -488 -144 76
66681: -514 -489 -217 4
66684: -514 -489 -220 31
66689: -514 -489 -225 76
66690: -514 -490 -298 4
66699: -514 -491 -379 4
66707: -514 -491 -387 76
66720: -514 -493 -544 31
66726: -514 -494 -622 4
66735: -514 -495 -703 4
66736: -514 -495 -704 13
66738: -514 -495 -706 31
66741: -514 -495 -709 58
66743: -514 -495 -711 76
66763: -523 -489 -218 14
66770: -523 -489 -225 77
66771: -523 -490 -298 5
66777: -523 -490 -304 59
66780: -523 -491 -379 5
66806: -523 -493 -549 77
66807: -523 -494 -622 5
66817: -523 -495 -704 14
66822: -523 -495 -709 59
66844: -532 -489 -218 15
66852: -532 -490 -298 6
66855: -532 -490 -301 33
66858: -532 -490 -304 60
66859: -532 -490 -305 69
66861: -532 -491 -379 6
66902: -532 -495 -708 51
66904: -532 -495 -710 69
66917: -541 -488 -138 25
66925: -541 -489 -218 16
66933: -541 -490 -298 7
66934: -541 -490 -299 16
66940: -541 -490 -305 70
66941: -541 -490 -306 79
66942: -541 -491 -379 7
66944: -541 -491 -381 25
66960: -541 -493 -541 7
66969: -541 -494 -622 7
66972: -541 -494 -625 34
66976: -541 -494 -629 70
66980: -541 -495 -705 25
66981: -541 -495 -706 34
66986: -541 -495 -711 79
67003: -550 -488 -143 71
67004: -550 -488 -144 80
67006: -550 -489 -218 17
67008: -550 -489 -220 35
67015: -550 -490 -299 17
67022: -550 -490 -306 80
67023: -550 -491 -379 8
67024: -550 -491 -380 17
67025: -550 -491 -381 26
67078: -559 -488 -137 18
67085: -559 -488 -144 81
67086: -559 -489 -217 9
67087: -559 -489 -218 18
67094: -559 -489 -225 81
67095: -559 -490 -298 9
67096: -559 -490 -299 18
67100: -559 -490 -303 54
67101: -559 -490 -304 63
67124: -559 -493 -543 27
67130: -559 -493 -549 81
67259: -577 -571 -309 20
67260: -577 -571 -310 29
67273: -577 -572 -395 65
67280: -577 -573 -474 47
67325: -586 -569 -150 48
67328: -586 -569 -153 75
67335: -586 -570 -232 57
67337: -586 -570 -234 75
67338: -586 -571 -307 3
67341: -586 -571 -310 30
67343: -586 -571 -312 48
67344: -586 -571 -313 57
67346: -586 -571 -315 75
67347: -586 -572 -388 3
67352: -586 -572 -393 48
67354: -586 -572 -395 66
67356: -586 -573 -469 3
67359: -586 -573 -472 30
67361: -586 -573 -474 48
67363: -586 -573 -476 66
67383: -586 -576 -712 3
67391: -586 -576 -720 75
67401: -595 -569 -145 4
67410: -595 -570 -226 4
67413: -595 -570 -229 31
67416: -595 -570 -232 58
67418: -595 -570 -234 76
67422: -595 -571 -310 31
67428: -595 -572 -388 4
67433: -595 -572 -393 49
67437: -595 -573 -469 4
67440: -595 -573 -472 31
67442: -595 -573 -474 49
67458: -595 -575 -634 31
67464: -595 -576 -712 4
67492: -604 -570 -227 14
67505: -604 -571 -312 50
67506: -604 -571 -313 59
67507: -604 -571 -314 68
67508: -604 -571 -315 77
67525: -604 -573 -476 68
67545: -604 -576 -712 5
67552: -604 -576 -719 68
67569: -613 -569 -151 60
67572: -613 -570 -226 6
67573: -613 -570 -227 15
67581: -613 -571 -307 6
67597: -613 -572 -395 69
67619: -613 -575 -633 24
67628: -613 -576 -714 24
67631: -613 -576 -717 51
67633: -613 -576 -719 69
67646: -622 -569 -147 25
67650: -622 -569 -151 61
67654: -622 -570 -227 16
67656: -622 -570 -229 34
67662: -622 -571 -307 7
67664: -622 -571 -309 25
67679: -622 -572 -396 79
67683: -622 -573 -472 34
67743: -631 -571 -307 8
67746: -631 -571 -310 35
67748: -631 -571 -312 53
67751: -631 -571 -315 80
67779: -631 -575 -631 8
67788: -631 -576 -712 8
67795: -631 -576 -719 71
67808: -640 -569 -147 27
67811: -640 -569 -150 54
67812: -640 -569 -151 63
67818: -640 -570 -229 36
67826: -640 -571 -309 27
67827: -640 -571 -310 36
67829: -640 -571 -312 54
67830: -640 -571 -313 63
67832: -640 -571 -315 81
67838: -640 -572 -393 54
67839: -640 -572 -394 63
67841: -640 -572 -396 81
67842: -640 -573 -469 9
67847: -640 -573 -474 54
67862: -640 -575 -633 27
67863: -640 -575 -634 36
67865: -640 -575 -636 54
67978: -658 -651 -236 11
67985: -658 -651 -243 74
67996: -658 -653 -398 11
68012: -658 -654 -486 74
68019: -658 -655 -565 56
68021: -658 -655 -567 74
68055: -667 -650 -160 57
68063: -667 -651 -240 48
68065: -667 -651 -242 66
68067: -667 -652 -316 3
68072: -667 -652 -321 48
68074: -667 -652 -323 66
68076: -667 -653 -397 3
68091: -667 -654 -484 57
68093: -667 -654 -486 75
68096: -667 -655 -561 21
68117: -667 -657 -726 48
68136: -676 -650 -160 58
68139: -676 -651 -235 4
68142: -676 -651 -238 31
68148: -676 -652 -316 4
68149: -676 -652 -317 13
68157: -676 -653 -397 4
68162: -676 -653 -402 49
68163: -676 -653 -403 58
68164: -676 -653 -404 67
68172: -676 -654 -484 58
68175: -676 -655 -559 4
68176: -676 -655 -560 13
68178: -676 -655 -562 31
68182: -676 -655 -566 67
68198: -676 -657 -726 49
68199: -676 -657 -727 58
68220: -685 -651 -235 5
68221: -685 -651 -236 14
68226: -685 -651 -241 59
68227: -685 -651 -242 68
68235: -685 -652 -322 59
68236: -685 -652 -323 68
68279: -685 -657 -726 50
68280: -685 -657 -727 59
68299: -694 -650 -161 69
68302: -694 -651 -236 15
68310: -694 -652 -316 6
68311: -694 -652 -317 15
68312: -694 -652 -318 24
68313: -694 -652 -319 33
68315: -694 -652 -321 51
68316: -694 -652 -322 60
68317: -694 -652 -323 69
68340: -694 -655 -562 33
68379: -703 -650 -160 61
68382: -703 -651 -235 7
68383: -703 -651 -236 16
68385: -703 -651 -238 34
68388: -703 -651 -241 61
68391: -703 -652 -316 7
68393: -703 -652 -318 25
68394: -703 -652 -319 34
68398: -703 -652 -323 70
68400: -703 -653 -397 7
68406: -703 -653 -403 61
68408: -703 -653 -405 79
68415: -703 -654 -484 61
68417: -703 -654 -486 79
68463: -712 -651 -235 8
68464: -712 -651 -236 17
68472: -712 -652 -316 8
68473: -712 -652 -317 17
68477: -712 -652 -321 53
68481: -712 -653 -397 8
68488: -712 -653 -404 71
68489: -712 -653 -405 80
68490: -712 -654 -478 8
68497: -712 -654 -485 71
68522: -712 -657 -726 53
68545: -721 -651 -236 18
68553: -721 -652 -316 9
68559: -721 -652 -322 63
68598: -721 -657 -721 9
68625: -2 -12 -163 82
68626: -2 -12 -164 91
68627: -2 -12 -165 100
68628: -2 -12 -166 109
68629: -2 -12 -167 118
68630: -2 -12 -168 127
68631: -2 -12 -169 136
68632: -2 -12 -170 145
68633: -2 -12 -171 154
69456: -92 -95 -337 110
69537: -101 -95 -337 111
69547: -101 -96 -419 120
69551: -101 -96 -423 156
69555: -101 -97 -499 111
69560: -101 -97 -504 156
69564: -101 -98 -580 111
69565: -101 -98 -581 120
69572: -101 -99 -660 102
69573: -101 -99 -661 111
69577: -101 -99 -665 147
69589: -110 -92 -92 94
69618: -110 -95 -337 112
69648: -110 -98 -583 139
69654: -110 -99 -661 112
69656: -110 -99 -663 130
69658: -110 -99 -665 148
69682: -119 -93 -176 122
69699: -119 -95 -337 113
69717: -119 -97 -499 113
69719: -119 -97 -501 131
69726: -119 -98 -580 113
69735: -119 -99 -661 113
69739: -119 -99 -665 149
69751: -128 -92 -92 96
69780: -128 -95 -337 114
69804: -128 -98 -577 87
69807: -128 -98 -580 114
69809: -128 -98 -582 132
69816: -128 -99 -661 114
69832: -137 -92 -92 97
69861: -137 -95 -337 115
69873: -137 -96 -421 142
69885: -137 -98 -577 88
69888: -137 -98 -580 115
69897: -137 -99 -661 115
69900: -137 -99 -664 142
69928: -146 -93 -179 152
69942: -146 -95 -337 116
69960: -146 -97 -499 116
69962: -146 -97 -501 134
69964: -146 -97 -503 152
69965: -146 -97 -504 161
69975: -146 -99 -658 89
69978: -146 -99 -661 116
69980: -146 -99 -663 134
69981: -146 -99 -664 143
69983: -146 -99 -666 161
70010: -155 -93 -180 162
70023: -155 -95 -337 117
70041: -155 -97 -499 117
70043: -155 -97 -501 135
70050: -155 -98 -580 117
70053: -155 -98 -583 144
70155: -173 -173 -100 83
70156: -173 -173 -101 92
70159: -173 -173 -104 119
70160: -173 -173 -105 128
70161: -173 -173 -106 137
70162: -173 -173 -107 146
70163: -173 -173 -108 155
70339: -191 -175 -266 121
70355: -191 -177 -426 103
70356: -191 -177 -427 112
70361: -191 -177 -432 157
70364: -191 -178 -507 103
70365: -191 -178 -508 112
70367: -191 -178 -510 130
70373: -191 -179 -588 103
70374: -191 -179 -589 112
70377: -191 -179 -592 139
70382: -191 -180 -669 103
70383: -191 -180 -670 112
70387: -191 -180 -674 148
70392: -200 -172 -22 113
70413: -200 -174 -187 140
70417: -200 -175 -263 95
70419: -200 -175 -265 113
70421: -200 -175 -267 131
70422: -200 -175 -268 140
70423: -200 -175 -269 149
70424: -200 -175 -270 158
70426: -200 -176 -344 95
70427: -200 -176 -345 104
70429: -200 -176 -347 122
70430: -200 -176 -348 131
70431: -200 -176 -349 140
70432: -200 -176 -350 149
70433: -200 -176 -351 158
70435: -200 -177 -425 95
70436: -200 -177 -426 104
70437: -200 -177 -427 113
70438: -200 -177 -428 122
70439: -200 -177 -429 131
70440: -200 -177 -430 140
70441: -200 -177 -431 149
70442: -200 -177 -432 158
70444: -200 -178 -506 95
70446: -200 -178 -508 113
70447: -200 -178 -509 122
70448: -200 -178 -510 131
70449: -200 -178 -511 140
70450: -200 -178 -512 149
70451: -200 -178 -513 158
70452: -200 -179 -586 86
70453: -200 -179 -587 95
70454: -200 -179 -588 104
70455: -200 -179 -589 113
70456: -200 -179 -590 122
70457: -200 -179 -591 131
70458: -200 -179 -592 140
70459: -200 -179 -593 149
70460: -200 -179 -594 158
70461: -200 -180 -667 86
70462: -200 -180 -668 95
70463: -200 -180 -669 104
70464: -200 -180 -670 113
70468: -200 -180 -674 149
70488: -209 -174 -181 87
70494: -209 -174 -187 141
70495: -209 -174 -188 150
70496: -209 -174 -189 159
70497: -209 -175 -262 87
70498: -209 -175 -263 96
70499: -209 -175 -264 105
70500: -209 -175 -265 114
70501: -209 -175 -266 123
70503: -209 -175 -268 141
70510: -209 -176 -347 123
70512: -209 -176 -349 141
70515: -209 -177 -424 87
70518: -209 -177 -427 114
70523: -209 -177 -432 159
70524: -209 -178 -505 87
70526: -209 -178 -507 105
70527: -209 -178 -508 114
70528: -209 -178 -509 123
70529: -209 -178 -510 132
70530: -209 -178 -511 141
70531: -209 -178 -512 150
70532: -209 -178 -513 159
70533: -209 -179 -586 87
70534: -209 -179 -587 96
70535: -209 -179 -588 105
70536: -209 -179 -589 114
70537: -209 -179 -590 123
70538: -209 -179 -591 132
70539: -209 -179 -592 141
70540: -209 -179 -593 150
70542: -209 -180 -667 87
70550: -209 -180 -675 159
70569: -218 -174 -181 88
70573: -218 -174 -185 124
70574: -218 -174 -186 133
70576: -218 -174 -188 151
70577: -218 -174 -189 160
70578: -218 -175 -262 88
70579: -218 -175 -263 97
70580: -218 -175 -264 106
70581: -218 -175 -265 115
70582: -218 -175 -266 124
70585: -218 -175 -269 151
70586: -218 -175 -270 160
70587: -218 -176 -343 88
70591: -218 -176 -347 124
70593: -218 -176 -349 142
70604: -218 -177 -432 160
70608: -218 -178 -508 115
70611: -218 -178 -511 142
70612: -218 -178 -512 151
70613: -218 -178 -513 160
70614: -218 -179 -586 88
70615: -218 -179 -587 97
70616: -218 -179 -588 106
70617: -218 -179 -589 115
70618: -218 -179 -590 124
70619: -218 -179 -591 133
70620: -218 -179 -592 142
70621: -218 -179 -593 151
70622: -218 -179 -594 160
70624: -218 -180 -668 97
70626: -218 -180 -670 115
70627: -218 -180 -671 124
70628: -218 -180 -672 133
70629: -218 -180 -673 142
70630: -218 -180 -674 151
70650: -227 -174 -181 89
70656: -227 -174 -187 143
70659: -227 -175 -262 89
70660: -227 -175 -263 98
70661: -227 -175 -264 107
70662: -227 -175 -265 116
70663: -227 -175 -266 125
70664: -227 -175 -267 134
70667: -227 -175 -270 161
70668: -227 -176 -343 89
70669: -227 -176 -344 98
70674: -227 -176 -349 143
70678: -227 -177 -425 98
70680: -227 -177 -427 116
70681: -227 -177 -428 125
70682: -227 -177 -429 134
70685: -227 -177 -432 161
70686: -227 -178 -505 89
70688: -227 -178 -507 107
70689: -227 -178 -508 116
70690: -227 -178 -509 125
70691: -227 -178 -510 134
70692: -227 -178 -511 143
70693: -227 -178 -512 152
70694: -227 -178 -513 161
70695: -227 -179 -586 89
70698: -227 -179 -589 116
70699: -227 -179 -590 125
70701: -227 -179 -592 143
70703: -227 -179 -594 161
70705: -227 -180 -668 98
70707: -227 -180 -670 116
70708: -227 -180 -671 125
70709: -227 -180 -672 134
70711: -227 -180 -674 152
70712: -227 -180 -675 161
70716: -236 -172 -22 117
70731: -236 -174 -181 90
70735: -236 -174 -185 126
70736: -236 -174 -186 135
70737: -236 -174 -187 144
70738: -236 -174 -188 153
70740: -236 -175 -262 90
70741: -236 -175 -263 99
70742: -236 -175 -264 108
70743: -236 -175 -265 117
70744: -236 -175 -266 126
70745: -236 -175 -267 135
70746: -236 -175 -268 144
70747: -236 -175 -269 153
70749: -236 -176 -343 90
70759: -236 -177 -425 99
70761: -236 -177 -427 117
70766: -236 -177 -432 162
70767: -236 -178 -505 90
70770: -236 -178 -508 117
70771: -236 -178 -509 126
70772: -236 -178 -510 135
70773: -236 -178 -511 144
70775: -236 -178 -513 162
70776: -236 -179 -586 90
70777: -236 -179 -587 99
70778: -236 -179 -588 108
70780: -236 -179 -590 126
70781: -236 -179 -591 135
70782: -236 -179 -592 144
70783: -236 -179 -593 153
70785: -236 -180 -667 90
70788: -236 -180 -670 117
70827: -245 -256 -277 136
70828: -245 -256 -278 145
70829: -245 -256 -279 154
70839: -245 -258 -433 82
70847: -245 -258 -441 154
70849: -245 -259 -515 91
70851: -245 -259 -517 109
70852: -245 -259 -518 118
70853: -245 -259 -519 127
70856: -245 -259 -522 154
70863: -245 -260 -601 136
70868: -245 -261 -678 100
70888: -254 -254 -113 119
70889: -254 -254 -114 128
70890: -254 -254 -115 137
70891: -254 -254 -116 146
70892: -254 -254 -117 155
70987: -263 -256 -275 120
70988: -263 -256 -276 129
70989: -263 -256 -277 138
70990: -263 -256 -278 147
70991: -263 -256 -279 156
71002: -263 -258 -434 93
71003: -263 -258 -435 102
71004: -263 -258 -436 111
71005: -263 -258 -437 120
71008: -263 -258 -440 147
71009: -263 -258 -441 156
71010: -263 -259 -514 84
71012: -263 -259 -516 102
71013: -263 -259 -517 111
71014: -263 -259 -518 120
71016: -263 -259 -520 138
71018: -263 -259 -522 156
71019: -263 -260 -595 84
71020: -263 -260 -596 93
71021: -263 -260 -597 102
71022: -263 -260 -598 111
71023: -263 -260 -599 120
71026: -263 -260 -602 147
71028: -263 -261 -676 84
71029: -263 -261 -677 93
71030: -263 -261 -678 102
71031: -263 -261 -679 111
71032: -263 -261 -680 120
71034: -263 -261 -682 138
71035: -263 -261 -683 147
71065: -272 -256 -272 94
71083: -272 -258 -434 94
71085: -272 -258 -436 112
71086: -272 -258 -437 121
71090: -272 -258 -441 157
71092: -272 -259 -515 94
71094: -272 -259 -517 112
71095: -272 -259 -518 121
71096: -272 -259 -519 130
71099: -272 -259 -522 157
71101: -272 -260 -596 94
71103: -272 -260 -598 112
71110: -272 -261 -677 94
71112: -272 -261 -679 112
71115: -272 -261 -682 139
71116: -272 -261 -683 148
71117: -272 -261 -684 157
71149: -281 -256 -275 122
71150: -281 -256 -276 131
71151: -281 -256 -277 140
71152: -281 -256 -278 149
71153: -281 -256 -279 158
71163: -281 -258 -433 86
71164: -281 -258 -434 95
71165: -281 -258 -435 104
71166: -281 -258 -436 113
71167: -281 -258 -437 122
71168: -281 -258 -438 131
71170: -281 -258 -440 149
71171: -281 -258 -441 158
71172: -281 -259 -514 86
71173: -281 -259 -515 95
71174: -281 -259 -516 104
71175: -281 -259 -517 113
71176: -281 -259 -518 122
71177: -281 -259 -519 131
71178: -281 -259 -520 140
71180: -281 -259 -522 158
71181: -281 -260 -595 86
71182: -281 -260 -596 95
71183: -281 -260 -597 104
71184: -281 -260 -598 113
71185: -281 -260 -599 122
71186: -281 -260 -600 131
71187: -281 -260 -601 140
71188: -281 -260 -602 149
71190: -281 -261 -676 86
71191: -281 -261 -677 95
71192: -281 -261 -678 104
71193: -281 -261 -679 113
71194: -281 -261 -680 122
71196: -281 -261 -682 140
71197: -281 -261 -683 149
71198: -281 -261 -684 158
71232: -290 -256 -277 141
71233: -290 -256 -278 150
71234: -290 -256 -279 159
71246: -290 -258 -435 105
71248: -290 -258 -437 123
71249: -290 -258 -438 132
71251: -290 -258 -440 150
71252: -290 -258 -441 159
71254: -290 -259 -515 96
71255: -290 -259 -516 105
71256: -290 -259 -517 114
71257: -290 -259 -518 123
71258: -290 -259 -519 132
71261: -290 -259 -522 159
71262: -290 -260 -595 87
71263: -290 -260 -596 96
71264: -290 -260 -597 105
71265: -290 -260 -598 114
71266: -290 -260 -599 123
71267: -290 -260 -600 132
71269: -290 -260 -602 150
71271: -290 -261 -676 87
71272: -290 -261 -677 96
71273: -290 -261 -678 105
71274: -290 -261 -679 114
71275: -290 -261 -680 123
71277: -290 -261 -682 141
71278: -290 -261 -683 150
71279: -290 -261 -684 159
71312: -299 -256 -276 133
71314: -299 -256 -278 151
71315: -299 -256 -279 160
71325: -299 -258 -433 88
71326: -299 -258 -434 97
71327: -299 -258 -435 106
71328: -299 -258 -436 115
71329: -299 -258 -437 124
71330: -299 -258 -438 133
71332: -299 -258 -440 151
71333: -299 -258 -441 160
71334: -299 -259 -514 88
71336: -299 -259 -516 106
71338: -299 -259 -518 124
71339: -299 -259 -519 133
71342: -299 -259 -522 160
71343: -299 -260 -595 88
71344: -299 -260 -596 97
71345: -299 -260 -597 106
71346: -299 -260 -598 115
71347: -299 -260 -599 124
71348: -299 -260 -600 133
71350: -299 -260 -602 151
71352: -299 -261 -676 88
71354: -299 -261 -678 106
71355: -299 -261 -679 115
71356: -299 -261 -680 124
71358: -299 -261 -682 142
71359: -299 -261 -683 151
71393: -308 -256 -276 134
71394: -308 -256 -277 143
71396: -308 -256 -279 161
71406: -308 -258 -433 89
71407: -308 -258 -434 98
71408: -308 -258 -435 107
71409: -308 -258 -436 116
71410: -308 -258 -437 125
71411: -308 -258 -438 134
71413: -308 -258 -440 152
71414: -308 -258 -441 161
71415: -308 -259 -514 89
71416: -308 -259 -515 98
71417: -308 -259 -516 107
71418: -308 -259 -517 116
71419: -308 -259 -518 125
71420: -308 -259 -519 134
71421: -308 -259 -520 143
71423: -308 -259 -522 161
71424: -308 -260 -595 89
71426: -308 -260 -597 107
71428: -308 -260 -599 125
71429: -308 -260 -600 134
71430: -308 -260 -601 143
71431: -308 -260 -602 152
71432: -308 -260 -603 161
71433: -308 -261 -676 89
71434: -308 -261 -677 98
71435: -308 -261 -678 107
71436: -308 -261 -679 116
71437: -308 -261 -680 125
71439: -308 -261 -682 143
71440: -308 -261 -683 152
71441: -308 -261 -684 161
71474: -317 -256 -276 135
71475: -317 -256 -277 144
71476: -317 -256 -278 153
71487: -317 -258 -433 90
71488: -317 -258 -434 99
71489: -317 -258 -435 108
71490: -317 -258 -436 117
71491: -317 -258 -437 126
71494: -317 -258 -440 153
71495: -317 -258 -441 162
71496: -317 -259 -514 90
71497: -317 -259 -515 99
71498: -317 -259 -516 108
71499: -317 -259 -517 117
71500: -317 -259 -518 126
71504: -317 -259 -522 162
71505: -317 -260 -595 90
71506: -317 -260 -596 99
71507: -317 -260 -597 108
71508: -317 -260 -598 117
71509: -317 -260 -599 126
71510: -317 -260 -600 135
71512: -317 -260 -602 153
71514: -317 -261 -676 90
71516: -317 -261 -678 108
71517: -317 -261 -679 117
71518: -317 -261 -680 126
71520: -317 -261 -682 144
71521: -317 -261 -683 153
71522: -317 -261 -684 162
71712: -344 -337 -280 84
71713: -344 -337 -281 93
71714: -344 -337 -282 102
71715: -344 -337 -283 111
71716: -344 -337 -284 120
71717: -344 -337 -285 129
71718: -344 -337 -286 138
71719: -344 -337 -287 147
71720: -344 -337 -288 156
71794: -353 -337 -281 94
71795: -353 -337 -282 103
71796: -353 -337 -283 112
71797: -353 -337 -284 121
71798: -353 -337 -285 130
71800: -353 -337 -287 148
71801: -353 -337 -288 157
71875: -362 -337 -281 95
71876: -362 -337 -282 104
71877: -362 -337 -283 113
71878: -362 -337 -284 122
71879: -362 -337 -285 131
71880: -362 -337 -286 140
71881: -362 -337 -287 149
71882: -362 -337 -288 158
71955: -371 -337 -280 87
71956: -371 -337 -281 96
71957: -371 -337 -282 105
71958: -371 -337 -283 114
71959: -371 -337 -284 123
71960: -371 -337 -285 132
71961: -371 -337 -286 141
71962: -371 -337 -287 150
71963: -371 -337 -288 159
72036: -380 -337 -280 88
72037: -380 -337 -281 97
72038: -380 -337 -282 106
72039: -380 -337 -283 115
72040: -380 -337 -284 124
72041: -380 -337 -285 133
72042: -380 -337 -286 142
72043: -380 -337 -287 151
72044: -380 -337 -288 160
72117: -389 -337 -280 89
72118: -389 -337 -281 98
72119: -389 -337 -282 107
72120: -389 -337 -283 116
72121: -389 -337 -284 125
72122: -389 -337 -285 134
72123: -389 -337 -286 143
72124: -389 -337 -287 152
72125: -389 -337 -288 161
72198: -398 -337 -280 90
72199: -398 -337 -281 99
72200: -398 -337 -282 108
72201: -398 -337 -283 117
72202: -398 -337 -284 126
72203: -398 -337 -285 135
72204: -398 -337 -286 144
72205: -398 -337 -287 153
72206: -398 -337 -288 162
72258: -407 -415 -52 136
72270: -407 -417 -208 82
72273: -407 -417 -211 109
72279: -407 -418 -289 82
72281: -407 -418 -291 100
72283: -407 -418 -293 118
72286: -407 -418 -296 145
72306: -407 -421 -532 82
72307: -407 -421 -533 91
72308: -407 -421 -534 100
72319: -407 -422 -617 118
72324: -407 -423 -694 82
72328: -407 -423 -698 118
72330: -407 -423 -700 136
72342: -416 -416 -127 83
72344: -416 -416 -129 101
72346: -416 -416 -131 119
72347: -416 -416 -132 128
72348: -416 -416 -133 137
72349: -416 -416 -134 146
72350: -416 -416 -135 155
72420: -425 -415 -52 138
72434: -425 -417 -210 102
72441: -425 -418 -289 84
72443: -425 -418 -291 102
72447: -425 -418 -295 138
72450: -425 -419 -370 84
72469: -425 -421 -533 93
72474: -425 -421 -538 138
72479: -425 -422 -615 102
72486: -425 -423 -694 84
72488: -425 -423 -696 102
72489: -425 -423 -697 111
72494: -425 -423 -702 156
72501: -434 -415 -52 139
72514: -434 -417 -209 94
72516: -434 -417 -211 112
72532: -434 -419 -371 94
72533: -434 -419 -372 103
72543: -434 -420 -454 112
72550: -434 -421 -533 94
72551: -434 -421 -534 103
72554: -434 -421 -537 130
72559: -434 -422 -614 94
72561: -434 -422 -616 112
72574: -434 -423 -701 148
72575: -434 -423 -702 157
72582: -443 -415 -52 140
72595: -443 -417 -209 95
72599: -443 -417 -213 131
72603: -443 -418 -289 86
72605: -443 -418 -291 104
72606: -443 -418 -292 113
72608: -443 -418 -294 131
72609: -443 -418 -295 140
72612: -443 -419 -370 86
72623: -443 -420 -453 104
72625: -443 -420 -455 122
72627: -443 -420 -457 140
72628: -443 -420 -458 149
72630: -443 -421 -532 86
72640: -443 -422 -614 95
72663: -452 -415 -52 141
72684: -452 -418 -289 87
72703: -452 -420 -452 96
72721: -452 -422 -614 96
72744: -461 -415 -52 142
72766: -461 -418 -290 97
72767: -461 -418 -291 106
72785: -461 -420 -453 106
72786: -461 -420 -454 115
72790: -461 -420 -458 151
72797: -461 -421 -537 133
72802: -461 -422 -614 97
72825: -470 -415 -52 143
72838: -470 -417 -209 98
72848: -470 -418 -291 107
72855: -470 -419 -370 89
72866: -470 -420 -453 107
72878: -470 -421 -537 134
72889: -470 -422 -620 152
72906: -479 -415 -52 144
72921: -479 -417 -211 117
72928: -479 -418 -290 99
72929: -479 -418 -291 108
72933: -479 -418 -295 144
72972: -479 -423 -694 90
72988: -488 -496 -62 145
73000: -488 -498 -218 91
73008: -488 -499 -298 82
73010: -488 -499 -300 100
73012: -488 -499 -302 118
73016: -488 -499 -306 154
73026: -488 -501 -460 82
73028: -488 -501 -462 100
73029: -488 -501 -463 109
73030: -488 -501 -464 118
73033: -488 -501 -467 145
73045: -488 -503 -623 91
73047: -488 -503 -625 109
73050: -488 -503 -628 136
73054: -488 -504 -704 91
73055: -488 -504 -705 100
73056: -488 -504 -706 109
73071: -497 -497 -136 83
73072: -497 -497 -137 92
73073: -497 -497 -138 101
73075: -497 -497 -140 119
73076: -497 -497 -141 128
73078: -497 -497 -143 146
73079: -497 -497 -144 155
73150: -506 -496 -62 147
73163: -506 -498 -219 102
73170: -506 -499 -298 84
73171: -506 -499 -299 93
73172: -506 -499 -300 102
73178: -506 -499 -306 156
73179: -506 -500 -379 84
73190: -506 -501 -462 102
73199: -506 -502 -543 102
73216: -506 -504 -704 93
73217: -506 -504 -705 102
73218: -506 -504 -706 111
73219: -506 -504 -707 120
73223: -506 -504 -711 156
73231: -515 -496 -62 148
73243: -515 -498 -218 94
73270: -515 -501 -461 94
73271: -515 -501 -462 103
73274: -515 -501 -465 130
73281: -515 -502 -544 112
73288: -515 -503 -623 94
73293: -515 -503 -628 139
73312: -524 -496 -62 149
73323: -524 -498 -217 86
73332: -524 -499 -298 86
73333: -524 -499 -299 95
73334: -524 -499 -300 104
73337: -524 -499 -303 131
73338: -524 -499 -304 140
73341: -524 -500 -379 86
73345: -524 -500 -383 122
73358: -524 -501 -468 158
73362: -524 -502 -544 113
73367: -524 -502 -549 158
73374: -524 -503 -628 140
73385: -524 -504 -711 158
73393: -533 -496 -62 150
73414: -533 -499 -299 96
73415: -533 -499 -300 105
73442: -533 -502 -543 105
73444: -533 -502 -545 123
73458: -533 -504 -703 87
73474: -542 -496 -62 151
73489: -542 -498 -221 124
73491: -542 -498 -223 142
73494: -542 -499 -298 88
73496: -542 -499 -300 106
73497: -542 -499 -301 115
73555: -551 -496 -62 152
73566: -551 -498 -217 89
73570: -551 -498 -221 125
73576: -551 -499 -299 98
73577: -551 -499 -300 107
73578: -551 -499 -301 116
73605: -551 -502 -544 116
73606: -551 -502 -545 125
73618: -551 -503 -629 152
73628: -551 -504 -711 161
73636: -560 -496 -62 153
73647: -560 -498 -217 90
73657: -560 -499 -299 99
73677: -560 -501 -463 117
73685: -560 -502 -543 108
73692: -560 -503 -622 90
73704: -560 -504 -706 117
73718: -569 -577 -72 154
73729: -569 -579 -227 91
73731: -569 -579 -229 109
73737: -569 -580 -307 82
73739: -569 -580 -309 100
73740: -569 -580 -310 109
73741: -569 -580 -311 118
73744: -569 -580 -314 145
73747: -569 -581 -389 91
73755: -569 -582 -469 82
73756: -569 -582 -470 91
73758: -569 -582 -472 109
73763: -569 -582 -477 154
73764: -569 -583 -550 82
73767: -569 -583 -553 109
73768: -569 -583 -554 118
73785: -569 -585 -715 109
73800: -578 -578 -145 83
73801: -578 -578 -146 92
73802: -578 -578 -147 101
73804: -578 -578 -149 119
73805: -578 -578 -150 128
73806: -578 -578 -151 137
73807: -578 -578 -152 146
73808: -578 -578 -153 155
73880: -587 -577 -72 156
73892: -587 -579 -228 102
73899: -587 -580 -307 84
73901: -587 -580 -309 102
73903: -587 -580 -311 120
73904: -587 -580 -312 129
73910: -587 -581 -390 102
73951: -587 -585 -719 147
73961: -596 -577 -72 157
73972: -596 -579 -227 94
73973: -596 -579 -228 103
73990: -596 -581 -389 94
73999: -596 -582 -470 94
74003: -596 -582 -474 130
74004: -596 -582 -475 139
74006: -596 -582 -477 157
74008: -596 -583 -551 94
74009: -596 -583 -552 103
74012: -596 -583 -555 130
74026: -596 -585 -713 94
74027: -596 -585 -714 103
74032: -596 -585 -719 148
74042: -605 -577 -72 158
74052: -605 -579 -226 86
74053: -605 -579 -227 95
74055: -605 -579 -229 113
74061: -605 -580 -307 86
74062: -605 -580 -308 95
74063: -605 -580 -309 104
74064: -605 -580 -310 113
74068: -605 -580 -314 149
74082: -605 -582 -472 113
74089: -605 -583 -551 95
74091: -605 -583 -553 113
74092: -605 -583 -554 122
74093: -605 -583 -555 131
74096: -605 -583 -558 158
74099: -605 -584 -633 104
74100: -605 -584 -634 113
74101: -605 -584 -635 122
74102: -605 -584 -636 131
74104: -605 -584 -638 149
74105: -605 -584 -639 158
74109: -605 -585 -715 113
74110: -605 -585 -716 122
74112: -605 -585 -718 140
74113: -605 -585 -719 149
74123: -614 -577 -72 159
74134: -614 -579 -227 96
74136: -614 -579 -229 114
74144: -614 -580 -309 105
74153: -614 -581 -390 105
74170: -614 -583 -551 96
74186: -614 -584 -639 159
74191: -614 -585 -716 123
74204: -623 -577 -72 160
74215: -623 -579 -227 97
74218: -623 -579 -230 124
74223: -623 -580 -307 88
74225: -623 -580 -309 106
74250: -623 -583 -550 88
74256: -623 -583 -556 142
74275: -623 -585 -719 151
74285: -632 -577 -72 161
74296: -632 -579 -227 98
74298: -632 -579 -229 116
74302: -632 -579 -233 152
74306: -632 -580 -309 107
74309: -632 -580 -312 134
74332: -632 -583 -551 98
74366: -641 -577 -72 162
74379: -641 -579 -229 117
74380: -641 -579 -230 126
74387: -641 -580 -309 108
74388: -641 -580 -310 117
74413: -641 -583 -551 99
74423: -641 -584 -633 108
74444: -650 -658 -78 127
74457: -650 -660 -235 82
74458: -650 -660 -236 91
74466: -650 -661 -316 82
74467: -650 -661 -317 91
74468: -650 -661 -318 100
74470: -650 -661 -320 118
74474: -650 -661 -324 154
74476: -650 -662 -398 91
74484: -650 -663 -478 82
74492: -650 -663 -486 154
74494: -650 -664 -560 91
74496: -650 -664 -562 109
74497: -650 -664 -563 118
74498: -650 -664 -564 127
74502: -650 -665 -640 82
74505: -650 -665 -643 109
74506: -650 -665 -644 118
74513: -650 -666 -723 100
74516: -650 -666 -726 127
74529: -659 -659 -154 83
74530: -659 -659 -155 92
74531: -659 -659 -156 101
74533: -659 -659 -158 119
74534: -659 -659 -159 128
74535: -659 -659 -160 137
74536: -659 -659 -161 146
74606: -668 -658 -78 129
74619: -668 -660 -235 84
74621: -668 -660 -237 102
74628: -668 -661 -316 84
74630: -668 -661 -318 102
74631: -668 -661 -319 111
74632: -668 -661 -320 120
74634: -668 -661 -322 138
74638: -668 -662 -398 93
74639: -668 -662 -399 102
74644: -668 -662 -404 147
74648: -668 -663 -480 102
74657: -668 -664 -561 102
74658: -668 -664 -562 111
74665: -668 -665 -641 93
74666: -668 -665 -642 102
74667: -668 -665 -643 111
74670: -668 -665 -646 138
74671: -668 -665 -647 147
74687: -677 -658 -78 130
74701: -677 -660 -236 94
74711: -677 -661 -318 103
74720: -677 -662 -399 103
74724: -677 -662 -403 139
74726: -677 -662 -405 157
74728: -677 -663 -479 94
74738: -677 -664 -561 103
74744: -677 -664 -567 157
74746: -677 -665 -641 94
74748: -677 -665 -643 112
74749: -677 -665 -644 121
74750: -677 -665 -645 130
74751: -677 -665 -646 139
74752: -677 -665 -647 148
74757: -677 -666 -724 112
74759: -677 -666 -726 130
74760: -677 -666 -727 139
74768: -686 -658 -78 131
74781: -686 -660 -235 86
74782: -686 -660 -236 95
74784: -686 -660 -238 113
74788: -686 -660 -242 149
74790: -686 -661 -316 86
74792: -686 -661 -318 104
74793: -686 -661 -319 113
74794: -686 -661 -320 122
74797: -686 -661 -323 149
74798: -686 -661 -324 158
74799: -686 -662 -397 86
74810: -686 -663 -480 104
74812: -686 -663 -482 122
74815: -686 -663 -485 149
74816: -686 -663 -486 158
74818: -686 -664 -560 95
74821: -686 -664 -563 122
74826: -686 -665 -640 86
74828: -686 -665 -642 104
74829: -686 -665 -643 113
74830: -686 -665 -644 122
74831: -686 -665 -645 131
74832: -686 -665 -646 140
74837: -686 -666 -723 104
74838: -686 -666 -724 113
74841: -686 -666 -727 140
74849: -695 -658 -78 132
74862: -695 -660 -235 87
74865: -695 -660 -238 114
74866: -695 -660 -239 123
74872: -695 -661 -317 96
74873: -695 -661 -318 105
74909: -695 -665 -642 105
74910: -695 -665 -643 114
74918: -695 -666 -723 105
74930: -704 -658 -78 133
74953: -704 -661 -317 97
74954: -704 -661 -318 106
74959: -704 -661 -323 151
74972: -704 -663 -480 106
74973: -704 -663 -481 115
74980: -704 -664 -560 97
74981: -704 -664 -561 106
74982: -704 -664 -562 115
74984: -704 -664 -564 133
74985: -704 -664 -565 142
74986: -704 -664 -566 151
74991: -704 -665 -643 115
74999: -704 -666 -723 106
75001: -704 -666 -725 124
75011: -713 -658 -78 134
75033: -713 -661 -316 89
75035: -713 -661 -318 107
75064: -713 -664 -563 125
75065: -713 -664 -564 134
75071: -713 -665 -642 107
75072: -713 -665 -643 116
75073: -713 -665 -644 125
75076: -713 -665 -647 152
75081: -713 -666 -724 116
75092: -722 -658 -78 135
75106: -722 -660 -236 99
75114: -722 -661 -316 90
75132: -722 -663 -478 90
75142: -722 -664 -560 99
75149: -722 -664 -567 162
75150: -722 -665 -640 90
75152: -722 -665 -642 108
75276: -12 -22 -244 164
75277: -12 -22 -245 173
75279: -12 -22 -247 191
75280: -12 -22 -248 200
75281: -12 -22 -249 209
75282: -12 -22 -250 218
75283: -12 -22 -251 227
75284: -12 -22 -252 236
75980: -93 -100 -12 182
76017: -93 -104 -337 191
76033: -93 -106 -497 173
76079: -102 -102 -174 183
76080: -102 -102 -175 192
76081: -102 -102 -176 201
76082: -102 -102 -177 210
76083: -102 -102 -178 219
76084: -102 -102 -179 228
76154: -111 -101 -96 211
76156: -111 -101 -98 229
76157: -111 -101 -99 238
76179: -111 -104 -337 193
76185: -111 -105 -415 166
76186: -111 -105 -416 175
76188: -111 -105 -418 193
76190: -111 -105 -420 211
76192: -111 -105 -422 229
76193: -111 -105 -423 238
76195: -111 -106 -497 175
76197: -111 -106 -499 193
76199: -111 -106 -501 211
76202: -111 -106 -504 238
76204: -111 -107 -578 175
76205: -111 -107 -579 184
76206: -111 -107 -580 193
76208: -111 -107 -582 211
76210: -111 -107 -584 229
76211: -111 -107 -585 238
76213: -111 -108 -659 175
76215: -111 -108 -661 193
76217: -111 -108 -663 211
76218: -111 -108 -664 220
76219: -111 -108 -665 229
76223: -120 -100 -12 185
76238: -120 -101 -99 239
76260: -120 -104 -337 194
76304: -129 -100 -12 186
76341: -129 -104 -337 195
76380: -129 -108 -664 222
76385: -138 -100 -12 187
76397: -138 -101 -96 214
76422: -138 -104 -337 196
76444: -138 -106 -503 232
76466: -147 -100 -12 188
76478: -147 -101 -96 215
76479: -147 -101 -97 224
76503: -147 -104 -337 197
76517: -147 -105 -423 242
76547: -156 -100 -12 189
76584: -156 -104 -337 198
76672: -165 -186 -425 172
76674: -165 -186 -427 190
76675: -165 -186 -428 199
76679: -165 -186 -432 235
76681: -165 -187 -506 172
76683: -165 -187 -508 190
76684: -165 -187 -509 199
76690: -165 -188 -587 172
76692: -165 -188 -589 190
76693: -165 -188 -590 199
76701: -165 -189 -670 190
76705: -165 -189 -674 226
76710: -174 -181 -22 191
76727: -174 -183 -183 182
76734: -174 -184 -262 164
76735: -174 -184 -263 173
76749: -174 -185 -349 218
76766: -174 -187 -510 209
76776: -174 -188 -592 218
76889: -192 -183 -183 184
76896: -192 -184 -262 166
76897: -192 -184 -263 175
76912: -192 -185 -350 229
76913: -192 -185 -351 238
76924: -192 -187 -506 175
76930: -192 -187 -512 229
76932: -192 -188 -586 166
76938: -192 -188 -592 220
76946: -192 -189 -672 211
76947: -192 -189 -673 220
76953: -201 -181 -22 194
76978: -201 -184 -263 176
76981: -201 -184 -266 203
76985: -201 -184 -270 239
77008: -201 -187 -509 203
77012: -201 -187 -513 239
77019: -201 -188 -592 221
77034: -210 -181 -22 195
77059: -210 -184 -263 177
77062: -210 -184 -266 204
77086: -210 -187 -506 177
77090: -210 -187 -510 213
77092: -210 -187 -512 231
77093: -210 -187 -513 240
77102: -210 -188 -594 240
77104: -210 -189 -668 177
77106: -210 -189 -670 195
77115: -219 -181 -22 196
77140: -219 -184 -263 178
77145: -219 -184 -268 223
77154: -219 -185 -349 223
77156: -219 -185 -351 241
77175: -219 -188 -586 169
77179: -219 -188 -590 205
77180: -219 -188 -591 214
77196: -228 -181 -22 197
77213: -228 -183 -183 188
77220: -228 -184 -262 170
77221: -228 -184 -263 179
77224: -228 -184 -266 206
77225: -228 -184 -267 215
77227: -228 -184 -269 233
77228: -228 -184 -270 242
77236: -228 -185 -350 233
77248: -228 -187 -506 179
77250: -228 -187 -508 197
77252: -228 -187 -510 215
77254: -228 -187 -512 233
77255: -228 -187 -513 242
77270: -228 -189 -672 215
77277: -237 -181 -22 198
77294: -237 -183 -183 189
77308: -237 -184 -269 234
77341: -237 -188 -590 207
77531: -264 -263 -114 210
77532: -264 -263 -115 219
77533: -264 -263 -116 228
77535: -264 -264 -190 165
77536: -264 -264 -191 174
77539: -264 -264 -194 201
77540: -264 -264 -195 210
77541: -264 -264 -196 219
77542: -264 -264 -197 228
77543: -264 -264 -198 237
77580: -264 -269 -595 165
77683: -282 -262 -32 203
77689: -282 -263 -110 176
77690: -282 -263 -111 185
77693: -282 -263 -114 212
77694: -282 -263 -115 221
77695: -282 -263 -116 230
77696: -282 -263 -117 239
77711: -282 -265 -276 212
77712: -282 -265 -277 221
77713: -282 -265 -278 230
77714: -282 -265 -279 239
77717: -282 -266 -354 185
77720: -282 -266 -357 212
77721: -282 -266 -358 221
77722: -282 -266 -359 230
77723: -282 -266 -360 239
77724: -282 -267 -433 167
77725: -282 -267 -434 176
77732: -282 -267 -441 239
77733: -282 -268 -514 167
77734: -282 -268 -515 176
77737: -282 -268 -518 203
77743: -282 -269 -596 176
77745: -282 -269 -598 194
77746: -282 -269 -599 203
77748: -282 -269 -601 221
77749: -282 -269 -602 230
77750: -282 -269 -603 239
77751: -282 -270 -676 167
77752: -282 -270 -677 176
77758: -282 -270 -683 230
77764: -291 -262 -32 204
77770: -291 -263 -110 177
77771: -291 -263 -111 186
77773: -291 -263 -113 204
77774: -291 -263 -114 213
77775: -291 -263 -115 222
77776: -291 -263 -116 231
77777: -291 -263 -117 240
77787: -291 -265 -271 168
77788: -291 -265 -272 177
77791: -291 -265 -275 204
77793: -291 -265 -277 222
77794: -291 -265 -278 231
77795: -291 -265 -279 240
77797: -291 -266 -353 177
77798: -291 -266 -354 186
77800: -291 -266 -356 204
77802: -291 -266 -358 222
77803: -291 -266 -359 231
77804: -291 -266 -360 240
77809: -291 -267 -437 204
77813: -291 -267 -441 240
77814: -291 -268 -514 168
77815: -291 -268 -515 177
77819: -291 -268 -519 213
77820: -291 -268 -520 222
77821: -291 -268 -521 231
77823: -291 -269 -595 168
77824: -291 -269 -596 177
77826: -291 -269 -598 195
77829: -291 -269 -601 222
77830: -291 -269 -602 231
77831: -291 -269 -603 240
77832: -291 -270 -676 168
77833: -291 -270 -677 177
77835: -291 -270 -679 195
77838: -291 -270 -682 222
77840: -291 -270 -684 240
77845: -300 -262 -32 205
77851: -300 -263 -110 178
77854: -300 -263 -113 205
77855: -300 -263 -114 214
77856: -300 -263 -115 223
77857: -300 -263 -116 232
77858: -300 -263 -117 241
77869: -300 -265 -272 178
77873: -300 -265 -276 214
77876: -300 -265 -279 241
77878: -300 -266 -353 178
77879: -300 -266 -354 187
77881: -300 -266 -356 205
77882: -300 -266 -357 214
77884: -300 -266 -359 232
77885: -300 -266 -360 241
77886: -300 -267 -433 169
77887: -300 -267 -434 178
77891: -300 -267 -438 214
77892: -300 -267 -439 223
77894: -300 -267 -441 241
77895: -300 -268 -514 169
77896: -300 -268 -515 178
77897: -300 -268 -516 187
77898: -300 -268 -517 196
77900: -300 -268 -519 214
77902: -300 -268 -521 232
77903: -300 -268 -522 241
77904: -300 -269 -595 169
77905: -300 -269 -596 178
77907: -300 -269 -598 196
77908: -300 -269 -599 205
77910: -300 -269 -601 223
77911: -300 -269 -602 232
77912: -300 -269 -603 241
77913: -300 -270 -676 169
77914: -300 -270 -677 178
77916: -300 -270 -679 196
77917: -300 -270 -680 205
77918: -300 -270 -681 214
77919: -300 -270 -682 223
77920: -300 -270 -683 232
77921: -300 -270 -684 241
77926: -309 -262 -32 206
77932: -309 -263 -110 179
77936: -309 -263 -114 215
77937: -309 -263 -115 224
77939: -309 -263 -117 242
77950: -309 -265 -272 179
77953: -309 -265 -275 206
77954: -309 -265 -276 215
77955: -309 -265 -277 224
77956: -309 -265 -278 233
77957: -309 -265 -279 242
77959: -309 -266 -353 179
77960: -309 -266 -354 188
77962: -309 -266 -356 206
77963: -309 -266 -357 215
77964: -309 -266 -358 224
77966: -309 -266 -360 242
77967: -309 -267 -433 170
77968: -309 -267 -434 179
77969: -309 -267 -435 188
77970: -309 -267 -436 197
77971: -309 -267 -437 206
77972: -309 -267 -438 215
77975: -309 -267 -441 242
77976: -309 -268 -514 170
77977: -309 -268 -515 179
77978: -309 -268 -516 188
77979: -309 -268 -517 197
77980: -309 -268 -518 206
77981: -309 -268 -519 215
77982: -309 -268 -520 224
77983: -309 -268 -521 233
77984: -309 -268 -522 242
77985: -309 -269 -595 170
77986: -309 -269 -596 179
77990: -309 -269 -600 215
77991: -309 -269 -601 224
77992: -309 -269 -602 233
77994: -309 -270 -676 170
77995: -309 -270 -677 179
77997: -309 -270 -679 197
77999: -309 -270 -681 215
78001: -309 -270 -683 233
78002: -309 -270 -684 242
78007: -318 -262 -32 207
78013: -318 -263 -110 180
78016: -318 -263 -113 207
78017: -318 -263 -114 216
78018: -318 -263 -115 225
78019: -318 -263 -116 234
78020: -318 -263 -117 243
78031: -318 -265 -272 180
78035: -318 -265 -276 216
78036: -318 -265 -277 225
78037: -318 -265 -278 234
78040: -318 -266 -353 180
78041: -318 -266 -354 189
78043: -318 -266 -356 207
78044: -318 -266 -357 216
78045: -318 -266 -358 225
78046: -318 -266 -359 234
78049: -318 -267 -434 180
78050: -318 -267 -435 189
78052: -318 -267 -437 207
78053: -318 -267 -438 216
78057: -318 -268 -514 171
78058: -318 -268 -515 180
78059: -318 -268 -516 189
78060: -318 -268 -517 198
78061: -318 -268 -518 207
78062: -318 -268 -519 216
78063: -318 -268 -520 225
78064: -318 -268 -521 234
78065: -318 -268 -522 243
78066: -318 -269 -595 171
78067: -318 -269 -596 180
78069: -318 -269 -598 198
78071: -318 -269 -600 216
78073: -318 -269 -602 234
78075: -318 -270 -676 171
78077: -318 -270 -678 189
78080: -318 -270 -681 216
78084: -327 -343 -37 163
78093: -327 -344 -118 163
78097: -327 -344 -122 199
78100: -327 -344 -125 226
78126: -327 -347 -367 217
78128: -327 -347 -369 235
78129: -327 -348 -442 163
78130: -327 -348 -443 172
78131: -327 -348 -444 181
78132: -327 -348 -445 190
78133: -327 -348 -446 199
78138: -327 -349 -523 163
78139: -327 -349 -524 172
78140: -327 -349 -525 181
78143: -327 -349 -528 208
78145: -327 -349 -530 226
78146: -327 -349 -531 235
78147: -327 -350 -604 163
78148: -327 -350 -605 172
78150: -327 -350 -607 190
78152: -327 -350 -609 208
78153: -327 -350 -610 217
78156: -327 -351 -685 163
78159: -327 -351 -688 190
78160: -327 -351 -689 199
78162: -327 -351 -691 217
78163: -327 -351 -692 226
78246: -345 -343 -37 165
78264: -345 -345 -199 165
78265: -345 -345 -200 174
78267: -345 -345 -202 192
78269: -345 -345 -204 210
78271: -345 -345 -206 228
78272: -345 -345 -207 237
78327: -354 -343 -37 166
78336: -354 -344 -118 166
78372: -354 -348 -442 166
78375: -354 -348 -445 193
78379: -354 -348 -449 229
78381: -354 -349 -523 166
78384: -354 -349 -526 193
78385: -354 -349 -527 202
78386: -354 -349 -528 211
78388: -354 -349 -530 229
78390: -354 -350 -604 166
78391: -354 -350 -605 175
78392: -354 -350 -606 184
78393: -354 -350 -607 193
78394: -354 -350 -608 202
78395: -354 -350 -609 211
78396: -354 -350 -610 220
78399: -354 -351 -685 166
78405: -354 -351 -691 220
78406: -354 -351 -692 229
78408: -363 -343 -37 167
78455: -363 -348 -444 185
78457: -363 -348 -446 203
78472: -363 -350 -605 176
78475: -363 -350 -608 203
78484: -363 -351 -689 203
78489: -372 -343 -37 168
78498: -372 -344 -118 168
78535: -372 -348 -443 177
78537: -372 -348 -445 195
78563: -372 -351 -687 186
78567: -372 -351 -691 222
78568: -372 -351 -692 231
78570: -381 -343 -37 169
78579: -381 -344 -118 169
78612: -381 -347 -367 223
78623: -381 -348 -450 241
78624: -381 -349 -523 169
78643: -381 -351 -686 178
78644: -381 -351 -687 187
78651: -390 -343 -37 170
78660: -390 -344 -118 170
78705: -390 -349 -523 170
78707: -390 -349 -525 188
78708: -390 -349 -526 197
78710: -390 -349 -528 215
78732: -399 -343 -37 171
78741: -399 -344 -118 171
78774: -399 -347 -367 225
78775: -399 -347 -368 234
78778: -399 -348 -443 180
78786: -399 -349 -523 171
78789: -399 -349 -526 198
78803: -399 -350 -612 243
78807: -399 -351 -688 198
78811: -399 -351 -692 234
78819: -408 -424 -52 217
78822: -408 -425 -127 163
78823: -408 -425 -128 172
78829: -408 -425 -134 226
78830: -408 -425 -135 235
78832: -408 -426 -209 172
78840: -408 -427 -289 163
78841: -408 -427 -290 172
78842: -408 -427 -291 181
78843: -408 -427 -292 190
78844: -408 -427 -293 199
78845: -408 -427 -294 208
78846: -408 -427 -295 217
78847: -408 -427 -296 226
78848: -408 -427 -297 235
78849: -408 -428 -370 163
78867: -408 -430 -532 163
78876: -408 -431 -613 163
78877: -408 -431 -614 172
78878: -408 -431 -615 181
78879: -408 -431 -616 190
78880: -408 -431 -617 199
78881: -408 -431 -618 208
78882: -408 -431 -619 217
78883: -408 -431 -620 226
78900: -417 -424 -52 218
78903: -417 -425 -127 164
78904: -417 -425 -128 173
78910: -417 -425 -134 227
78921: -417 -427 -289 164
78930: -417 -428 -370 164
78935: -417 -428 -375 209
78948: -417 -430 -532 164
78957: -417 -431 -613 164
78967: -417 -432 -695 173
78993: -426 -426 -208 165
78994: -426 -426 -209 174
78995: -426 -426 -210 183
78996: -426 -426 -211 192
78997: -426 -426 -212 201
78999: -426 -426 -214 219
79000: -426 -426 -215 228
79001: -426 -426 -216 237
79062: -435 -424 -52 220
79065: -435 -425 -127 166
79069: -435 -425 -131 202
79083: -435 -427 -289 166
79084: -435 -427 -290 175
79085: -435 -427 -291 184
79086: -435 -427 -292 193
79087: -435 -427 -293 202
79090: -435 -427 -296 229
79108: -435 -429 -458 229
79115: -435 -430 -537 211
79117: -435 -430 -539 229
79119: -435 -431 -613 166
79121: -435 -431 -615 184
79122: -435 -431 -616 193
79123: -435 -431 -617 202
79124: -435 -431 -618 211
79126: -435 -431 -620 229
79127: -435 -431 -621 238
79131: -435 -432 -697 193
79143: -444 -424 -52 221
79146: -444 -425 -127 167
79164: -444 -427 -289 167
79167: -444 -427 -292 194
79200: -444 -431 -613 167
79201: -444 -431 -614 176
79224: -453 -424 -52 222
79228: -453 -425 -128 177
79234: -453 -425 -134 231
79235: -453 -425 -135 240
79245: -453 -427 -289 168
79246: -453 -427 -290 177
79247: -453 -427 -291 186
79265: -453 -429 -453 186
79289: -453 -431 -621 240
79305: -462 -424 -52 223
79308: -462 -425 -127 169
79315: -462 -425 -134 232
79326: -462 -427 -289 169
79361: -462 -430 -540 241
79386: -471 -424 -52 224
79389: -471 -425 -127 170
79390: -471 -425 -128 179
79396: -471 -425 -134 233
79397: -471 -425 -135 242
79407: -471 -427 -289 170
79408: -471 -427 -290 179
79434: -471 -430 -532 170
79442: -471 -430 -540 242
79443: -471 -431 -613 170
79446: -471 -431 -616 197
79467: -480 -424 -52 225
79470: -480 -425 -127 171
79488: -480 -427 -289 171
79490: -480 -427 -291 189
79495: -480 -427 -296 234
79549: -489 -505 -62 226
79551: -489 -506 -136 163
79555: -489 -506 -140 199
79559: -489 -506 -144 235
79569: -489 -508 -298 163
79570: -489 -508 -299 172
79571: -489 -508 -300 181
79572: -489 -508 -301 190
79576: -489 -508 -305 226
79577: -489 -508 -306 235
79578: -489 -509 -379 163
79587: -489 -510 -460 163
79589: -489 -510 -462 181
79608: -489 -512 -625 190
79614: -489 -513 -703 163
79616: -489 -513 -705 181
79617: -489 -513 -706 190
79621: -489 -513 -710 226
79630: -498 -505 -62 227
79632: -498 -506 -136 164
79642: -498 -507 -218 173
79650: -498 -508 -298 164
79659: -498 -509 -379 164
79660: -498 -509 -380 173
79664: -498 -509 -384 209
79665: -498 -509 -385 218
79670: -498 -510 -462 182
79677: -498 -511 -541 164
79686: -498 -512 -622 164
79688: -498 -512 -624 182
79692: -498 -512 -628 218
79695: -498 -513 -703 164
79697: -498 -513 -705 182
79698: -498 -513 -706 191
79713: -507 -506 -136 165
79722: -507 -507 -217 165
79723: -507 -507 -218 174
79724: -507 -507 -219 183
79725: -507 -507 -220 192
79726: -507 -507 -221 201
79727: -507 -507 -222 210
79728: -507 -507 -223 219
79729: -507 -507 -224 228
79730: -507 -507 -225 237
79792: -516 -505 -62 229
79794: -516 -506 -136 166
79812: -516 -508 -298 166
79815: -516 -508 -301 193
79816: -516 -508 -302 202
79820: -516 -508 -306 238
79833: -516 -510 -463 193
79846: -516 -511 -548 229
79848: -516 -512 -622 166
79849: -516 -512 -623 175
79850: -516 -512 -624 184
79851: -516 -512 -625 193
79853: -516 -512 -627 211
79854: -516 -512 -628 220
79856: -516 -512 -630 238
79857: -516 -513 -703 166
79858: -516 -513 -704 175
79859: -516 -513 -705 184
79860: -516 -513 -706 193
79861: -516 -513 -707 202
79862: -516 -513 -708 211
79863: -516 -513 -709 220
79865: -516 -513 -711 238
79873: -525 -505 -62 230
79875: -525 -506 -136 167
79879: -525 -506 -140 203
79893: -525 -508 -298 167
79895: -525 -508 -300 185
79901: -525 -508 -306 239
79919: -525 -510 -468 239
79920: -525 -511 -541 167
79923: -525 -511 -544 194
79931: -525 -512 -624 185
79938: -525 -513 -703 167
79940: -525 -513 -705 185
79941: -525 -513 -706 194
79945: -525 -513 -710 230
79954: -534 -505 -62 231
79956: -534 -506 -136 168
79964: -534 -506 -144 240
79974: -534 -508 -298 168
79976: -534 -508 -300 186
80001: -534 -511 -541 168
80012: -534 -512 -624 186
80014: -534 -512 -626 204
80019: -534 -513 -703 168
80020: -534 -513 -704 177
80026: -534 -513 -710 231
80035: -543 -505 -62 232
80041: -543 -506 -140 205
80042: -543 -506 -141 214
80055: -543 -508 -298 169
80056: -543 -508 -299 178
80057: -543 -508 -300 187
80058: -543 -508 -301 196
80061: -543 -508 -304 223
80062: -543 -508 -305 232
80076: -543 -510 -463 196
80097: -543 -512 -628 223
80101: -543 -513 -704 178
80102: -543 -513 -705 187
80103: -543 -513 -706 196
80106: -543 -513 -709 223
80107: -543 -513 -710 232
80116: -552 -505 -62 233
80118: -552 -506 -136 170
80137: -552 -508 -299 179
80139: -552 -508 -301 197
80145: -552 -509 -379 170
80157: -552 -510 -463 197
80162: -552 -510 -468 242
80171: -552 -511 -549 242
80197: -561 -505 -62 234
80199: -561 -506 -136 171
80217: -561 -508 -298 171
80218: -561 -508 -299 180
80223: -561 -508 -304 225
80239: -561 -510 -464 207
80243: -561 -510 -468 243
80244: -561 -511 -541 171
80255: -561 -512 -624 189
80258: -561 -512 -627 216
80263: -561 -513 -704 180
80265: -561 -513 -706 198
80266: -561 -513 -707 207
80279: -570 -586 -72 235
80280: -570 -587 -145 163
80285: -570 -587 -150 208
80298: -570 -589 -307 163
80299: -570 -589 -308 172
80300: -570 -589 -309 181
80302: -570 -589 -311 199
80303: -570 -589 -312 208
80305: -570 -589 -314 226
80306: -570 -589 -315 235
80307: -570 -590 -388 163
80312: -570 -590 -393 208
80316: -570 -591 -469 163
80319: -570 -591 -472 190
80324: -570 -591 -477 235
80334: -570 -593 -631 163
80343: -570 -594 -712 163
80345: -570 -594 -714 181
80346: -570 -594 -715 190
80360: -579 -586 -72 236
80361: -579 -587 -145 164
80397: -579 -591 -469 164
80419: -579 -593 -635 200
80424: -579 -594 -712 164
80426: -579 -594 -714 182
80451: -588 -588 -226 165
80452: -588 -588 -227 174
80453: -588 -588 -228 183
80454: -588 -588 -229 192
80455: -588 -588 -230 201
80456: -588 -588 -231 210
80457: -588 -588 -232 219
80459: -588 -588 -234 237
80522: -597 -586 -72 238
80523: -597 -587 -145 166
80524: -597 -587 -146 175
80541: -597 -589 -307 166
80542: -597 -589 -308 175
80543: -597 -589 -309 184
80544: -597 -589 -310 193
80545: -597 -589 -311 202
80546: -597 -589 -312 211
80547: -597 -589 -313 220
80549: -597 -589 -315 238
80550: -597 -590 -388 166
80552: -597 -590 -390 184
80561: -597 -591 -471 184
80569: -597 -592 -551 175
80570: -597 -592 -552 184
80572: -597 -592 -554 202
80573: -597 -592 -555 211
80574: -597 -592 -556 220
80576: -597 -592 -558 238
80586: -597 -594 -712 166
80603: -606 -586 -72 239
80604: -606 -587 -145 167
80622: -606 -589 -307 167
80625: -606 -589 -310 194
80626: -606 -589 -311 203
80640: -606 -591 -469 167
80644: -606 -591 -473 203
80645: -606 -591 -474 212
80646: -606 -591 -475 221
80663: -606 -593 -636 212
80667: -606 -594 -712 167
80670: -606 -594 -715 194
80671: -606 -594 -716 203
80672: -606 -594 -717 212
80674: -606 -594 -719 230
80675: -606 -594 -720 239
80684: -615 -586 -72 240
80685: -615 -587 -145 168
80703: -615 -589 -307 168
80706: -615 -589 -310 195
80707: -615 -589 -311 204
80743: -615 -593 -635 204
80765: -624 -586 -72 241
80766: -624 -587 -145 169
80776: -624 -588 -227 178
80784: -624 -589 -307 169
80802: -624 -591 -469 169
80810: -624 -591 -477 241
80817: -624 -592 -556 223
80832: -624 -594 -715 196
80846: -633 -586 -72 242
80865: -633 -589 -307 170
80872: -633 -589 -314 233
80891: -633 -591 -477 242
80892: -633 -592 -550 170
80894: -633 -592 -552 188
80896: -633 -592 -554 206
80917: -633 -594 -719 233
80927: -642 -586 -72 243
80928: -642 -587 -145 171
80986: -642 -593 -635 207
81005: -651 -667 -78 208
81009: -651 -668 -154 163
81010: -651 -668 -155 172
81011: -651 -668 -156 181
81013: -651 -668 -158 199
81015: -651 -668 -160 217
81017: -651 -668 -162 235
81027: -651 -670 -316 163
81028: -651 -670 -317 172
81030: -651 -670 -319 190
81033: -651 -670 -322 217
81035: -651 -670 -324 235
81036: -651 -671 -397 163
81042: -651 -671 -403 217
81045: -651 -672 -478 163
81048: -651 -672 -481 190
81053: -651 -672 -486 235
81054: -651 -673 -559 163
81056: -651 -673 -561 181
81057: -651 -673 -562 190
81058: -651 -673 -563 199
81059: -651 -673 -564 208
81062: -651 -673 -567 235
81072: -651 -675 -721 163
81086: -660 -667 -78 209
81090: -660 -668 -154 164
81096: -660 -668 -160 218
81108: -660 -670 -316 164
81110: -660 -670 -318 182
81112: -660 -670 -320 200
81126: -660 -672 -478 164
81134: -660 -672 -486 236
81135: -660 -673 -559 164
81150: -660 -674 -646 218
81180: -669 -669 -235 165
81181: -669 -669 -236 174
81182: -669 -669 -237 183
81183: -669 -669 -238 192
81184: -669 -669 -239 201
81185: -669 -669 -240 210
81186: -669 -669 -241 219
81187: -669 -669 -242 228
81248: -678 -667 -78 211
81252: -678 -668 -154 166
81254: -678 -668 -156 184
81256: -678 -668 -158 202
81258: -678 -668 -160 220
81259: -678 -668 -161 229
81270: -678 -670 -316 166
81271: -678 -670 -317 175
81272: -678 -670 -318 184
81273: -678 -670 -319 193
81274: -678 -670 -320 202
81276: -678 -670 -322 220
81288: -678 -672 -478 166
81290: -678 -672 -480 184
81291: -678 -672 -481 193
81292: -678 -672 -482 202
81293: -678 -672 -483 211
81294: -678 -672 -484 220
81296: -678 -672 -486 238
81297: -678 -673 -559 166
81298: -678 -673 -560 175
81315: -678 -675 -721 166
81329: -687 -667 -78 212
81333: -687 -668 -154 167
81337: -687 -668 -158 203
81351: -687 -670 -316 167
81352: -687 -670 -317 176
81354: -687 -670 -319 194
81357: -687 -670 -322 221
81378: -687 -673 -559 167
81379: -687 -673 -560 176
81380: -687 -673 -561 185
81381: -687 -673 -562 194
81382: -687 -673 -563 203
81383: -687 -673 -564 212
81384: -687 -673 -565 221
81385: -687 -673 -566 230
81386: -687 -673 -567 239
81387: -687 -674 -640 167
81391: -687 -674 -644 203
81393: -687 -674 -646 221
81394: -687 -674 -647 230
81410: -696 -667 -78 213
81414: -696 -668 -154 168
81420: -696 -668 -160 222
81432: -696 -670 -316 168
81435: -696 -670 -319 195
81438: -696 -670 -322 222
81453: -696 -672 -481 195
81459: -696 -673 -559 168
81471: -696 -674 -643 195
81481: -696 -675 -725 204
81491: -705 -667 -78 214
81495: -705 -668 -154 169
81496: -705 -668 -155 178
81499: -705 -668 -158 205
81501: -705 -668 -160 223
81502: -705 -668 -161 232
81513: -705 -670 -316 169
81515: -705 -670 -318 187
81516: -705 -670 -319 196
81520: -705 -670 -323 232
81531: -705 -672 -478 169
81533: -705 -672 -480 187
81539: -705 -672 -486 241
81540: -705 -673 -559 169
81545: -705 -673 -564 214
81572: -714 -667 -78 215
81576: -714 -668 -154 170
81580: -714 -668 -158 206
81582: -714 -668 -160 224
81594: -714 -670 -316 170
81595: -714 -670 -317 179
81600: -714 -670 -322 224
81615: -714 -672 -481 197
81620: -714 -672 -486 242
81621: -714 -673 -559 170
81653: -723 -667 -78 216
81661: -723 -668 -158 207
81675: -723 -670 -316 171
81676: -723 -670 -317 180
81677: -723 -670 -318 189
81681: -723 -670 -322 225
81701: -723 -672 -486 243
81703: -723 -673 -560 180
81710: -723 -673 -567 243
81711: -723 -674 -640 171
81717: -723 -674 -646 225
81928: -22 -32 -326 255
81929: -22 -32 -327 264
81931: -22 -32 -329 282
81932: -22 -32 -330 291
81933: -22 -32 -331 300
81934: -22 -32 -332 309
81935: -22 -32 -333 318
82460: -85 -109 -12 262
82469: -85 -110 -93 262
82472: -85 -110 -96 289
82473: -85 -110 -97 298
82474: -85 -110 -98 307
82475: -85 -110 -99 316
82477: -85 -111 -173 253
82478: -85 -111 -174 262
82479: -85 -111 -175 271
82480: -85 -111 -176 280
82481: -85 -111 -177 289
82482: -85 -111 -178 298
82483: -85 -111 -179 307
82484: -85 -111 -180 316
82497: -85 -113 -337 271
82503: -85 -114 -415 244
82504: -85 -114 -416 253
82505: -85 -114 -417 262
82506: -85 -114 -418 271
82507: -85 -114 -419 280
82508: -85 -114 -420 289
82509: -85 -114 -421 298
82510: -85 -114 -422 307
82511: -85 -114 -423 316
82512: -85 -115 -496 244
82513: -85 -115 -497 253
82514: -85 -115 -498 262
82515: -85 -115 -499 271
82516: -85 -115 -500 280
82517: -85 -115 -501 289
82518: -85 -115 -502 298
82519: -85 -115 -503 307
82520: -85 -115 -504 316
82521: -85 -116 -577 244
82522: -85 -116 -578 253
82523: -85 -116 -579 262
82524: -85 -116 -580 271
82525: -85 -116 -581 280
82526: -85 -116 -582 289
82527: -85 -116 -583 298
82528: -85 -116 -584 307
82529: -85 -116 -585 316
82530: -85 -117 -658 244
82531: -85 -117 -659 253
82532: -85 -117 -660 262
82533: -85 -117 -661 271
82534: -85 -117 -662 280
82535: -85 -117 -663 289
82536: -85 -117 -664 298
82537: -85 -117 -665 307
82538: -85 -117 -666 316
83271: -175 -190 -22 272
83309: -175 -194 -348 290
83313: -175 -195 -424 245
83317: -175 -195 -428 281
83318: -175 -195 -429 290
83319: -175 -195 -430 299
83320: -175 -195 -431 308
83321: -175 -195 -432 317
83326: -175 -196 -509 281
83327: -175 -196 -510 290
83329: -175 -196 -512 308
83331: -175 -197 -586 245
83335: -175 -197 -590 281
83337: -175 -197 -592 299
83352: -184 -190 -22 273
83362: -184 -191 -104 282
83363: -184 -191 -105 291
83365: -184 -191 -107 309
83370: -184 -192 -184 273
83376: -184 -193 -262 246
83397: -184 -195 -427 273
83408: -184 -196 -510 291
83412: -184 -197 -586 246
83418: -184 -197 -592 300
83424: -184 -198 -670 273
83433: -193 -190 -22 274
83457: -193 -193 -262 247
83458: -193 -193 -263 256
83459: -193 -193 -264 265
83460: -193 -193 -265 274
83461: -193 -193 -266 283
83463: -193 -193 -268 301
83464: -193 -193 -269 310
83465: -193 -193 -270 319
83514: -202 -190 -22 275
83521: -202 -191 -101 257
83527: -202 -191 -107 311
83528: -202 -191 -108 320
83535: -202 -192 -187 302
83537: -202 -192 -189 320
83542: -202 -193 -266 284
83547: -202 -194 -343 248
83556: -202 -195 -424 248
83561: -202 -195 -429 293
83568: -202 -196 -508 275
83570: -202 -196 -510 293
83574: -202 -197 -586 248
83595: -211 -190 -22 276
83602: -211 -191 -101 258
83603: -211 -191 -102 267
83605: -211 -191 -104 285
83606: -211 -191 -105 294
83608: -211 -191 -107 312
83614: -211 -192 -185 285
83628: -211 -194 -343 249
83629: -211 -194 -344 258
83650: -211 -196 -509 285
83651: -211 -196 -510 294
83655: -211 -197 -586 249
83659: -211 -197 -590 285
83664: -211 -198 -667 249
83665: -211 -198 -668 258
83666: -211 -198 -669 267
83668: -211 -198 -671 285
83670: -211 -198 -673 303
83672: -211 -198 -675 321
83676: -220 -190 -22 277
83687: -220 -191 -105 295
83688: -220 -191 -106 304
83689: -220 -191 -107 313
83695: -220 -192 -185 286
83721: -220 -195 -427 277
83722: -220 -195 -428 286
83726: -220 -195 -432 322
83736: -220 -197 -586 250
83739: -220 -197 -589 277
83741: -220 -197 -591 295
83744: -220 -197 -594 322
83747: -220 -198 -669 268
83757: -229 -190 -22 278
83763: -229 -191 -100 251
83764: -229 -191 -101 260
83768: -229 -191 -105 296
83769: -229 -191 -106 305
83770: -229 -191 -107 314
83771: -229 -191 -108 323
83777: -229 -192 -186 296
83778: -229 -192 -187 305
83799: -229 -195 -424 251
83803: -229 -195 -428 287
83809: -229 -196 -506 260
83811: -229 -196 -508 278
83812: -229 -196 -509 287
83813: -229 -196 -510 296
83815: -229 -196 -512 314
83817: -229 -197 -586 251
83827: -229 -198 -668 260
83828: -229 -198 -669 269
83838: -238 -190 -22 279
83845: -238 -191 -101 261
83848: -238 -191 -104 288
83851: -238 -191 -107 315
83852: -238 -191 -108 324
83857: -238 -192 -185 288
83873: -238 -194 -345 270
83880: -238 -195 -424 252
83884: -238 -195 -428 288
83887: -238 -195 -431 315
83892: -238 -196 -508 279
83898: -238 -197 -586 252
83902: -238 -197 -590 288
83904: -238 -197 -592 306
83907: -238 -198 -667 252
83913: -238 -198 -673 306
83930: -247 -272 -114 289
83931: -247 -272 -115 298
83946: -247 -274 -274 271
83961: -247 -276 -433 244
83962: -247 -276 -434 253
83963: -247 -276 -435 262
83965: -247 -276 -437 280
83968: -247 -276 -440 307
83969: -247 -276 -441 316
83975: -247 -277 -519 289
83979: -247 -278 -595 244
83985: -247 -278 -601 298
83986: -247 -278 -602 307
83987: -247 -278 -603 316
83988: -247 -279 -676 244
83990: -247 -279 -678 262
83994: -247 -279 -682 298
83995: -247 -279 -683 307
84027: -256 -274 -274 272
84042: -256 -276 -433 245
84043: -256 -276 -434 254
84044: -256 -276 -435 263
84045: -256 -276 -436 272
84046: -256 -276 -437 281
84048: -256 -276 -439 299
84049: -256 -276 -440 308
84050: -256 -276 -441 317
84051: -256 -277 -514 245
84052: -256 -277 -515 254
84053: -256 -277 -516 263
84054: -256 -277 -517 272
84055: -256 -277 -518 281
84056: -256 -277 -519 290
84058: -256 -277 -521 308
84059: -256 -277 -522 317
84060: -256 -278 -595 245
84061: -256 -278 -596 254
84062: -256 -278 -597 263
84064: -256 -278 -599 281
84065: -256 -278 -600 290
84066: -256 -278 -601 299
84068: -256 -278 -603 317
84071: -256 -279 -678 263
84073: -256 -279 -680 281
84074: -256 -279 -681 290
84075: -256 -279 -682 299
84076: -256 -279 -683 308
84082: -265 -271 -32 282
84089: -265 -272 -111 264
84092: -265 -272 -114 291
84093: -265 -272 -115 300
84094: -265 -272 -116 309
84095: -265 -272 -117 318
84119: -265 -275 -357 291
84120: -265 -275 -358 300
84121: -265 -275 -359 309
84122: -265 -275 -360 318
84123: -265 -276 -433 246
84125: -265 -276 -435 264
84127: -265 -276 -437 282
84129: -265 -276 -439 300
84130: -265 -276 -440 309
84131: -265 -276 -441 318
84132: -265 -277 -514 246
84133: -265 -277 -515 255
84136: -265 -277 -518 282
84137: -265 -277 -519 291
84140: -265 -277 -522 318
84141: -265 -278 -595 246
84145: -265 -278 -599 282
84146: -265 -278 -600 291
84147: -265 -278 -601 300
84149: -265 -278 -603 318
84150: -265 -279 -676 246
84154: -265 -279 -680 282
84155: -265 -279 -681 291
84156: -265 -279 -682 300
84157: -265 -279 -683 309
84163: -274 -271 -32 283
84244: -283 -271 -32 284
84285: -283 -276 -433 248
84286: -283 -276 -434 257
84287: -283 -276 -435 266
84291: -283 -276 -439 302
84292: -283 -276 -440 311
84293: -283 -276 -441 320
84294: -283 -277 -514 248
84295: -283 -277 -515 257
84296: -283 -277 -516 266
84298: -283 -277 -518 284
84299: -283 -277 -519 293
84301: -283 -277 -521 311
84302: -283 -277 -522 320
84303: -283 -278 -595 248
84304: -283 -278 -596 257
84305: -283 -278 -597 266
84308: -283 -278 -600 293
84309: -283 -278 -601 302
84311: -283 -278 -603 320
84312: -283 -279 -676 248
84313: -283 -279 -677 257
84314: -283 -279 -678 266
84317: -283 -279 -681 293
84318: -283 -279 -682 302
84319: -283 -279 -683 311
84325: -292 -271 -32 285
84332: -292 -272 -111 267
84335: -292 -272 -114 294
84336: -292 -272 -115 303
84337: -292 -272 -116 312
84338: -292 -272 -117 321
84363: -292 -275 -358 303
84375: -292 -277 -514 249
84376: -292 -277 -515 258
84379: -292 -277 -518 285
84380: -292 -277 -519 294
84382: -292 -277 -521 312
84383: -292 -277 -522 321
84384: -292 -278 -595 249
84385: -292 -278 -596 258
84386: -292 -278 -597 267
84388: -292 -278 -599 285
84390: -292 -278 -601 303
84392: -292 -278 -603 321
84393: -292 -279 -676 249
84394: -292 -279 -677 258
84395: -292 -279 -678 267
84397: -292 -279 -680 285
84400: -292 -279 -683 312
84406: -301 -271 -32 286
84416: -301 -272 -114 295
84419: -301 -272 -117 322
84432: -301 -274 -274 277
84440: -301 -275 -354 268
84444: -301 -275 -358 304
84451: -301 -276 -437 286
84453: -301 -276 -439 304
84455: -301 -276 -441 322
84465: -301 -278 -595 250
84469: -301 -278 -599 286
84471: -301 -278 -601 304
84474: -301 -279 -676 250
84475: -301 -279 -677 259
84476: -301 -279 -678 268
84478: -301 -279 -680 286
84479: -301 -279 -681 295
84480: -301 -279 -682 304
84487: -310 -271 -32 287
84494: -310 -272 -111 269
84497: -310 -272 -114 296
84498: -310 -272 -115 305
84499: -310 -272 -116 314
84500: -310 -272 -117 323
84524: -310 -275 -357 296
84525: -310 -275 -358 305
84528: -310 -276 -433 251
84529: -310 -276 -434 260
84530: -310 -276 -435 269
84532: -310 -276 -437 287
84534: -310 -276 -439 305
84536: -310 -276 -441 323
84538: -310 -277 -515 260
84539: -310 -277 -516 269
84541: -310 -277 -518 287
84542: -310 -277 -519 296
84545: -310 -277 -522 323
84555: -310 -279 -676 251
84556: -310 -279 -677 260
84559: -310 -279 -680 287
84560: -310 -279 -681 296
84561: -310 -279 -682 305
84568: -319 -271 -32 288
84579: -319 -272 -115 306
84580: -319 -272 -116 315
84581: -319 -272 -117 324
84594: -319 -274 -274 279
84609: -319 -276 -433 252
84610: -319 -276 -434 261
84611: -319 -276 -435 270
84613: -319 -276 -437 288
84615: -319 -276 -439 306
84617: -319 -276 -441 324
84618: -319 -277 -514 252
84619: -319 -277 -515 261
84620: -319 -277 -516 270
84622: -319 -277 -518 288
84623: -319 -277 -519 297
84629: -319 -278 -597 270
84631: -319 -278 -599 288
84632: -319 -278 -600 297
84633: -319 -278 -601 306
84726: -337 -352 -37 245
84735: -337 -353 -118 245
84736: -337 -353 -119 254
84737: -337 -353 -120 263
84739: -337 -353 -122 281
84740: -337 -353 -123 290
84741: -337 -353 -124 299
84742: -337 -353 -125 308
84743: -337 -353 -126 317
84744: -337 -354 -199 245
84745: -337 -354 -200 254
84746: -337 -354 -201 263
84747: -337 -354 -202 272
84748: -337 -354 -203 281
84749: -337 -354 -204 290
84750: -337 -354 -205 299
84751: -337 -354 -206 308
84752: -337 -354 -207 317
84763: -337 -356 -362 254
84767: -337 -356 -366 290
84768: -337 -356 -367 299
84769: -337 -356 -368 308
84770: -337 -356 -369 317
84771: -337 -357 -442 245
84772: -337 -357 -443 254
84773: -337 -357 -444 263
84774: -337 -357 -445 272
84775: -337 -357 -446 281
84776: -337 -357 -447 290
84777: -337 -357 -448 299
84778: -337 -357 -449 308
84779: -337 -357 -450 317
84780: -337 -358 -523 245
84781: -337 -358 -524 254
84782: -337 -358 -525 263
84783: -337 -358 -526 272
84784: -337 -358 -527 281
84785: -337 -358 -528 290
84786: -337 -358 -529 299
84787: -337 -358 -530 308
84788: -337 -358 -531 317
84789: -337 -359 -604 245
84790: -337 -359 -605 254
84791: -337 -359 -606 263
84792: -337 -359 -607 272
84793: -337 -359 -608 281
84794: -337 -359 -609 290
84795: -337 -359 -610 299
84796: -337 -359 -611 308
84797: -337 -359 -612 317
84798: -337 -360 -685 245
84799: -337 -360 -686 254
84800: -337 -360 -687 263
84801: -337 -360 -688 272
84802: -337 -360 -689 281
84803: -337 -360 -690 290
84804: -337 -360 -691 299
84805: -337 -360 -692 308
84806: -337 -360 -693 317
85380: -409 -433 -52 298
85383: -409 -434 -127 244
85387: -409 -434 -131 280
85390: -409 -434 -134 307
85391: -409 -434 -135 316
85392: -409 -435 -208 244
85393: -409 -435 -209 253
85394: -409 -435 -210 262
85395: -409 -435 -211 271
85408: -409 -436 -296 307
85410: -409 -437 -370 244
85411: -409 -437 -371 253
85420: -409 -438 -452 253
85421: -409 -438 -453 262
85428: -409 -439 -532 244
85430: -409 -439 -534 262
85431: -409 -439 -535 271
85433: -409 -439 -537 289
85436: -409 -439 -540 316
85437: -409 -440 -613 244
85438: -409 -440 -614 253
85440: -409 -440 -616 271
85447: -409 -441 -695 253
85448: -409 -441 -696 262
85449: -409 -441 -697 271
85461: -418 -433 -52 299
85464: -418 -434 -127 245
85468: -418 -434 -131 281
85473: -418 -435 -208 245
85474: -418 -435 -209 254
85498: -418 -437 -377 308
85504: -418 -438 -455 281
85507: -418 -438 -458 308
85509: -418 -439 -532 245
85510: -418 -439 -533 254
85511: -418 -439 -534 263
85512: -418 -439 -535 272
85513: -418 -439 -536 281
85514: -418 -439 -537 290
85516: -418 -439 -539 308
85521: -418 -440 -616 272
85530: -418 -441 -697 272
85542: -427 -433 -52 300
85545: -427 -434 -127 246
85546: -427 -434 -128 255
85547: -427 -434 -129 264
85549: -427 -434 -131 282
85550: -427 -434 -132 291
85551: -427 -434 -133 300
85552: -427 -434 -134 309
85553: -427 -434 -135 318
85554: -427 -435 -208 246
85555: -427 -435 -209 255
85556: -427 -435 -210 264
85557: -427 -435 -211 273
85558: -427 -435 -212 282
85573: -427 -437 -371 255
85585: -427 -438 -455 282
85588: -427 -438 -458 309
85590: -427 -439 -532 246
85593: -427 -439 -535 273
85595: -427 -439 -537 291
85600: -427 -440 -614 255
85601: -427 -440 -615 264
85602: -427 -440 -616 273
85604: -427 -440 -618 291
85609: -427 -441 -695 255
85611: -427 -441 -697 273
85623: -436 -433 -52 301
85635: -436 -435 -208 247
85644: -436 -436 -289 247
85645: -436 -436 -290 256
85646: -436 -436 -291 265
85647: -436 -436 -292 274
85648: -436 -436 -293 283
85650: -436 -436 -295 301
85651: -436 -436 -296 310
85652: -436 -436 -297 319
85704: -445 -433 -52 302
85707: -445 -434 -127 248
85708: -445 -434 -128 257
85714: -445 -434 -134 311
85716: -445 -435 -208 248
85724: -445 -435 -216 320
85734: -445 -437 -370 248
85744: -445 -438 -452 257
85750: -445 -438 -458 311
85752: -445 -439 -532 248
85753: -445 -439 -533 257
85756: -445 -439 -536 284
85758: -445 -439 -538 302
85759: -445 -439 -539 311
85760: -445 -439 -540 320
85761: -445 -440 -613 248
85765: -445 -440 -617 284
85767: -445 -440 -619 302
85770: -445 -441 -694 248
85772: -445 -441 -696 266
85777: -445 -441 -701 311
85785: -454 -433 -52 303
85788: -454 -434 -127 249
85790: -454 -434 -129 267
85797: -454 -435 -208 249
85798: -454 -435 -209 258
85852: -454 -441 -695 258
85866: -463 -433 -52 304
85869: -463 -434 -127 250
85870: -463 -434 -128 259
85876: -463 -434 -134 313
85877: -463 -434 -135 322
85878: -463 -435 -208 250
85879: -463 -435 -209 259
85887: -463 -436 -289 250
85906: -463 -438 -452 259
85907: -463 -438 -453 268
85909: -463 -438 -455 286
85912: -463 -438 -458 313
85919: -463 -439 -537 295
85926: -463 -440 -616 277
85933: -463 -441 -695 259
85947: -472 -433 -52 305
85950: -472 -434 -127 251
85951: -472 -434 -128 260
85957: -472 -434 -134 314
85958: -472 -434 -135 323
85959: -472 -435 -208 251
85960: -472 -435 -209 260
85963: -472 -435 -212 287
85983: -472 -437 -376 305
85986: -472 -438 -451 251
85990: -472 -438 -455 287
85998: -472 -439 -535 278
86000: -472 -439 -537 296
86005: -472 -440 -614 260
86011: -472 -440 -620 314
86014: -472 -441 -695 260
86016: -472 -441 -697 278
86028: -481 -433 -52 306
86031: -481 -434 -127 252
86032: -481 -434 -128 261
86038: -481 -434 -134 315
86040: -481 -435 -208 252
86044: -481 -435 -212 288
86071: -481 -438 -455 288
86085: -481 -440 -613 252
86110: -490 -514 -62 307
86112: -490 -515 -136 244
86114: -490 -515 -138 262
86116: -490 -515 -140 280
86117: -490 -515 -141 289
86118: -490 -515 -142 298
86119: -490 -515 -143 307
86120: -490 -515 -144 316
86121: -490 -516 -217 244
86122: -490 -516 -218 253
86123: -490 -516 -219 262
86125: -490 -516 -221 280
86139: -490 -518 -379 244
86140: -490 -518 -380 253
86141: -490 -518 -381 262
86146: -490 -518 -386 307
86150: -490 -519 -462 262
86151: -490 -519 -463 271
86152: -490 -519 -464 280
86154: -490 -519 -466 298
86155: -490 -519 -467 307
86157: -490 -520 -541 244
86158: -490 -520 -542 253
86159: -490 -520 -543 262
86161: -490 -520 -545 280
86164: -490 -520 -548 307
86166: -490 -521 -622 244
86168: -490 -521 -624 262
86169: -490 -521 -625 271
86173: -490 -521 -629 307
86175: -490 -522 -703 244
86178: -490 -522 -706 271
86182: -490 -522 -710 307
86191: -499 -514 -62 308
86193: -499 -515 -136 245
86194: -499 -515 -137 254
86197: -499 -515 -140 281
86198: -499 -515 -141 290
86199: -499 -515 -142 299
86200: -499 -515 -143 308
86201: -499 -515 -144 317
86202: -499 -516 -217 245
86203: -499 -516 -218 254
86212: -499 -517 -299 254
86224: -499 -518 -383 281
86232: -499 -519 -463 272
86242: -499 -520 -545 281
86246: -499 -520 -549 317
86248: -499 -521 -623 254
86249: -499 -521 -624 263
86250: -499 -521 -625 272
86251: -499 -521 -626 281
86252: -499 -521 -627 290
86253: -499 -521 -628 299
86254: -499 -521 -629 308
86255: -499 -521 -630 317
86256: -499 -522 -703 245
86257: -499 -522 -704 254
86259: -499 -522 -706 272
86272: -508 -514 -62 309
86274: -508 -515 -136 246
86278: -508 -515 -140 282
86282: -508 -515 -144 318
86283: -508 -516 -217 246
86284: -508 -516 -218 255
86285: -508 -516 -219 264
86288: -508 -516 -222 291
86291: -508 -516 -225 318
86301: -508 -518 -379 246
86321: -508 -520 -543 264
86323: -508 -520 -545 282
86326: -508 -520 -548 309
86327: -508 -520 -549 318
86328: -508 -521 -622 246
86329: -508 -521 -623 255
86331: -508 -521 -625 273
86337: -508 -522 -703 246
86338: -508 -522 -704 255
86340: -508 -522 -706 273
86341: -508 -522 -707 282
86344: -508 -522 -710 309
86355: -517 -515 -136 247
86364: -517 -516 -217 247
86365: -517 -516 -218 256
86373: -517 -517 -298 247
86374: -517 -517 -299 256
86375: -517 -517 -300 265
86377: -517 -517 -302 283
86378: -517 -517 -303 292
86380: -517 -517 -305 310
86381: -517 -517 -306 319
86434: -526 -514 -62 311
86436: -526 -515 -136 248
86437: -526 -515 -137 257
86440: -526 -515 -140 284
86444: -526 -515 -144 320
86445: -526 -516 -217 248
86446: -526 -516 -218 257
86452: -526 -516 -224 311
86453: -526 -516 -225 320
86472: -526 -519 -460 248
86474: -526 -519 -462 266
86476: -526 -519 -464 284
86479: -526 -519 -467 311
86480: -526 -519 -468 320
86489: -526 -520 -549 320
86492: -526 -521 -624 266
86493: -526 -521 -625 275
86494: -526 -521 -626 284
86497: -526 -521 -629 311
86498: -526 -521 -630 320
86499: -526 -522 -703 248
86500: -526 -522 -704 257
86501: -526 -522 -705 266
86503: -526 -522 -707 284
86506: -526 -522 -710 311
86507: -526 -522 -711 320
86515: -535 -514 -62 312
86517: -535 -515 -136 249
86526: -535 -516 -217 249
86527: -535 -516 -218 258
86545: -535 -518 -380 258
86566: -535 -520 -545 285
86596: -544 -514 -62 313
86598: -544 -515 -136 250
86602: -544 -515 -140 286
86607: -544 -516 -217 250
86610: -544 -516 -220 277
86620: -544 -517 -302 286
86626: -544 -518 -380 259
86642: -544 -519 -468 322
86655: -544 -521 -625 277
86661: -544 -522 -703 250
86677: -553 -514 -62 314
86679: -553 -515 -136 251
86683: -553 -515 -140 287
86688: -553 -516 -217 251
86689: -553 -516 -218 260
86696: -553 -516 -225 323
86718: -553 -519 -463 278
86728: -553 -520 -545 287
86742: -553 -522 -703 251
86758: -562 -514 -62 315
86760: -562 -515 -136 252
86764: -562 -515 -140 288
86769: -562 -516 -217 252
86777: -562 -516 -225 324
86798: -562 -519 -462 270
86800: -562 -519 -464 288
86803: -562 -519 -467 315
86804: -562 -519 -468 324
86820: -562 -521 -628 306
86823: -562 -522 -703 252
86828: -562 -522 -708 297
86840: -571 -595 -72 316
86841: -571 -596 -145 244
86842: -571 -596 -146 253
86843: -571 -596 -147 262
86845: -571 -596 -149 280
86846: -571 -596 -150 289
86847: -571 -596 -151 298
86850: -571 -597 -226 244
86851: -571 -597 -227 253
86852: -571 -597 -228 262
86853: -571 -597 -229 271
86855: -571 -597 -231 289
86858: -571 -597 -234 316
86868: -571 -599 -388 244
86869: -571 -599 -389 253
86870: -571 -599 -390 262
86875: -571 -599 -395 307
86877: -571 -600 -469 244
86878: -571 -600 -470 253
86880: -571 -600 -472 271
86881: -571 -600 -473 280
86882: -571 -600 -474 289
86884: -571 -600 -476 307
86885: -571 -600 -477 316
86890: -571 -601 -554 280
86897: -571 -602 -633 262
86905: -571 -603 -713 253
86906: -571 -603 -714 262
86907: -571 -603 -715 271
86910: -571 -603 -718 298
86911: -571 -603 -719 307
86921: -580 -595 -72 317
86922: -580 -596 -145 245
86926: -580 -596 -149 281
86927: -580 -596 -150 290
86931: -580 -597 -226 245
86932: -580 -597 -227 254
86942: -580 -598 -309 263
86961: -580 -600 -472 272
86963: -580 -600 -474 290
86977: -580 -602 -632 254
86978: -580 -602 -633 263
86981: -580 -602 -636 290
86984: -580 -602 -639 317
86985: -580 -603 -712 245
86986: -580 -603 -713 254
86987: -580 -603 -714 263
86988: -580 -603 -715 272
86989: -580 -603 -716 281
86990: -580 -603 -717 290
86991: -580 -603 -718 299
86992: -580 -603 -719 308
86993: -580 -603 -720 317
87002: -589 -595 -72 318
87003: -589 -596 -145 246
87004: -589 -596 -146 255
87005: -589 -596 -147 264
87007: -589 -596 -149 282
87008: -589 -596 -150 291
87009: -589 -596 -151 300
87012: -589 -597 -226 246
87013: -589 -597 -227 255
87016: -589 -597 -230 282
87017: -589 -597 -231 291
87020: -589 -597 -234 318
87030: -589 -599 -388 246
87037: -589 -599 -395 309
87039: -589 -600 -469 246
87041: -589 -600 -471 264
87042: -589 -600 -472 273
87047: -589 -600 -477 318
87049: -589 -601 -551 255
87050: -589 -601 -552 264
87051: -589 -601 -553 273
87052: -589 -601 -554 282
87053: -589 -601 -555 291
87054: -589 -601 -556 300
87057: -589 -602 -631 246
87061: -589 -602 -635 282
87062: -589 -602 -636 291
87065: -589 -602 -639 318
87066: -589 -603 -712 246
87069: -589 -603 -715 273
87071: -589 -603 -717 291
87093: -598 -597 -226 247
87102: -598 -598 -307 247
87103: -598 -598 -308 256
87104: -598 -598 -309 265
87105: -598 -598 -310 274
87106: -598 -598 -311 283
87107: -598 -598 -312 292
87108: -598 -598 -313 301
87109: -598 -598 -314 310
87110: -598 -598 -315 319
87164: -607 -595 -72 320
87165: -607 -596 -145 248
87166: -607 -596 -146 257
87170: -607 -596 -150 293
87171: -607 -596 -151 302
87174: -607 -597 -226 248
87175: -607 -597 -227 257
87177: -607 -597 -229 275
87179: -607 -597 -231 293
87180: -607 -597 -232 302
87193: -607 -599 -389 257
87201: -607 -600 -469 248
87202: -607 -600 -470 257
87203: -607 -600 -471 266
87204: -607 -600 -472 275
87205: -607 -600 -473 284
87206: -607 -600 -474 293
87207: -607 -600 -475 302
87208: -607 -600 -476 311
87209: -607 -600 -477 320
87210: -607 -601 -550 248
87214: -607 -601 -554 284
87216: -607 -601 -556 302
87218: -607 -601 -558 320
87230: -607 -603 -714 266
87233: -607 -603 -717 293
87234: -607 -603 -718 302
87236: -607 -603 -720 320
87245: -616 -595 -72 321
87246: -616 -596 -145 249
87250: -616 -596 -149 285
87251: -616 -596 -150 294
87252: -616 -596 -151 303
87255: -616 -597 -226 249
87273: -616 -599 -388 249
87281: -616 -599 -396 321
87291: -616 -601 -550 249
87292: -616 -601 -551 258
87293: -616 -601 -552 267
87294: -616 -601 -553 276
87295: -616 -601 -554 285
87297: -616 -601 -556 303
87298: -616 -601 -557 312
87299: -616 -601 -558 321
87308: -616 -602 -639 321
87309: -616 -603 -712 249
87316: -616 -603 -719 312
87317: -616 -603 -720 321
87326: -625 -595 -72 322
87327: -625 -596 -145 250
87331: -625 -596 -149 286
87332: -625 -596 -150 295
87333: -625 -596 -151 304
87336: -625 -597 -226 250
87337: -625 -597 -227 259
87342: -625 -597 -232 304
87363: -625 -600 -469 250
87366: -625 -600 -472 277
87371: -625 -600 -477 322
87386: -625 -602 -636 295
87392: -625 -603 -714 268
87396: -625 -603 -718 304
87407: -634 -595 -72 323
87408: -634 -596 -145 251
87412: -634 -596 -149 287
87414: -634 -596 -151 305
87417: -634 -597 -226 251
87418: -634 -597 -227 260
87420: -634 -597 -229 278
87447: -634 -600 -472 278
87452: -634 -600 -477 323
87458: -634 -601 -555 296
87465: -634 -602 -634 278
87471: -634 -603 -712 251
87472: -634 -603 -713 260
87488: -643 -595 -72 324
87489: -643 -596 -145 252
87493: -643 -596 -149 288
87494: -643 -596 -150 297
87495: -643 -596 -151 306
87498: -643 -597 -226 252
87499: -643 -597 -227 261
87522: -643 -599 -394 306
87523: -643 -599 -395 315
87524: -643 -599 -396 324
87529: -643 -600 -473 288
87532: -643 -600 -476 315
87547: -643 -602 -635 288
87554: -643 -603 -714 270
87558: -643 -603 -718 306
87566: -652 -676 -78 289
87570: -652 -677 -154 244
87571: -652 -677 -155 253
87572: -652 -677 -156 262
87574: -652 -677 -158 280
87575: -652 -677 -159 289
87576: -652 -677 -160 298
87577: -652 -677 -161 307
87578: -652 -677 -162 316
87579: -652 -678 -235 244
87580: -652 -678 -236 253
87581: -652 -678 -237 262
87582: -652 -678 -238 271
87583: -652 -678 -239 280
87584: -652 -678 -240 289
87598: -652 -680 -398 253
87601: -652 -680 -401 280
87605: -652 -680 -405 316
87606: -652 -681 -478 244
87608: -652 -681 -480 262
87609: -652 -681 -481 271
87610: -652 -681 -482 280
87612: -652 -681 -484 298
87613: -652 -681 -485 307
87614: -652 -681 -486 316
87615: -652 -682 -559 244
87618: -652 -682 -562 271
87620: -652 -682 -564 289
87623: -652 -682 -567 316
87626: -652 -683 -642 262
87633: -652 -684 -721 244
87634: -652 -684 -722 253
87635: -652 -684 -723 262
87638: -652 -684 -726 289
87639: -652 -684 -727 298
87647: -661 -676 -78 290
87651: -661 -677 -154 245
87652: -661 -677 -155 254
87653: -661 -677 -156 263
87655: -661 -677 -158 281
87656: -661 -677 -159 290
87657: -661 -677 -160 299
87658: -661 -677 -161 308
87659: -661 -677 -162 317
87660: -661 -678 -235 245
87661: -661 -678 -236 254
87678: -661 -680 -397 245
87690: -661 -681 -481 272
87691: -661 -681 -482 281
87693: -661 -681 -484 299
87695: -661 -681 -486 317
87696: -661 -682 -559 245
87699: -661 -682 -562 272
87700: -661 -682 -563 281
87705: -661 -683 -640 245
87707: -661 -683 -642 263
87708: -661 -683 -643 272
87720: -661 -684 -727 299
87728: -670 -676 -78 291
87732: -670 -677 -154 246
87738: -670 -677 -160 300
87739: -670 -677 -161 309
87741: -670 -678 -235 246
87742: -670 -678 -236 255
87744: -670 -678 -238 273
87745: -670 -678 -239 282
87750: -670 -679 -316 246
87760: -670 -680 -398 255
87761: -670 -680 -399 264
87763: -670 -680 -401 282
87764: -670 -680 -402 291
87766: -670 -680 -404 309
87768: -670 -681 -478 246
87769: -670 -681 -479 255
87771: -670 -681 -481 273
87773: -670 -681 -483 291
87774: -670 -681 -484 300
87775: -670 -681 -485 309
87776: -670 -681 -486 318
87777: -670 -682 -559 246
87778: -670 -682 -560 255
87779: -670 -682 -561 264
87780: -670 -682 -562 273
87781: -670 -682 -563 282
87782: -670 -682 -564 291
87783: -670 -682 -565 300
87784: -670 -682 -566 309
87786: -670 -683 -640 246
87787: -670 -683 -641 255
87788: -670 -683 -642 264
87789: -670 -683 -643 273
87791: -670 -683 -645 291
87792: -670 -683 -646 300
87796: -670 -684 -722 255
87799: -670 -684 -725 282
87800: -670 -684 -726 291
87801: -670 -684 -727 300
87813: -679 -677 -154 247
87831: -679 -679 -316 247
87832: -679 -679 -317 256
87833: -679 -679 -318 265
87834: -679 -679 -319 274
87835: -679 -679 -320 283
87836: -679 -679 -321 292
87837: -679 -679 -322 301
87838: -679 -679 -323 310
87839: -679 -679 -324 319
87890: -688 -676 -78 293
87894: -688 -677 -154 248
87895: -688 -677 -155 257
87900: -688 -677 -160 302
87901: -688 -677 -161 311
87903: -688 -678 -235 248
87910: -688 -678 -242 311
87921: -688 -680 -397 248
87930: -688 -681 -478 248
87931: -688 -681 -479 257
87932: -688 -681 -480 266
87934: -688 -681 -482 284
87935: -688 -681 -483 293
87936: -688 -681 -484 302
87937: -688 -681 -485 311
87938: -688 -681 -486 320
87939: -688 -682 -559 248
87940: -688 -682 -560 257
87941: -688 -682 -561 266
87942: -688 -682 -562 275
87943: -688 -682 -563 284
87944: -688 -682 -564 293
87945: -688 -682 -565 302
87946: -688 -682 -566 311
87947: -688 -682 -567 320
87948: -688 -683 -640 248
87951: -688 -683 -643 275
87954: -688 -683 -646 302
87963: -688 -684 -727 302
87971: -697 -676 -78 294
87975: -697 -677 -154 249
87981: -697 -677 -160 303
87984: -697 -678 -235 249
88011: -697 -681 -478 249
88020: -697 -682 -559 249
88029: -697 -683 -640 249
88036: -697 -683 -647 312
88037: -697 -683 -648 321
88042: -697 -684 -725 285
88044: -697 -684 -727 303
88052: -706 -676 -78 295
88056: -706 -677 -154 250
88062: -706 -677 -160 304
88063: -706 -677 -161 313
88065: -706 -678 -235 250
88072: -706 -678 -242 313
88092: -706 -681 -478 250
88095: -706 -681 -481 277
88100: -706 -681 -486 322
88101: -706 -682 -559 250
88105: -706 -682 -563 286
88107: -706 -682 -565 304
88111: -706 -683 -641 259
88114: -706 -683 -644 286
88123: -706 -684 -725 286
88133: -715 -676 -78 296
88137: -715 -677 -154 251
88138: -715 -677 -155 260
88143: -715 -677 -160 305
88144: -715 -677 -161 314
88146: -715 -678 -235 251
88147: -715 -678 -236 260
88176: -715 -681 -481 278
88179: -715 -681 -484 305
88180: -715 -681 -485 314
88182: -715 -682 -559 251
88187: -715 -682 -564 296
88191: -715 -683 -640 251
88193: -715 -683 -642 269
88195: -715 -683 -644 287
88204: -715 -684 -725 287
88206: -715 -684 -727 305
88214: -724 -676 -78 297
88218: -724 -677 -154 252
88225: -724 -677 -161 315
88227: -724 -678 -235 252
88228: -724 -678 -236 261
88257: -724 -681 -481 279
88262: -724 -681 -486 324
88263: -724 -682 -559 252
88264: -724 -682 -560 261
88265: -724 -682 -561 270
88266: -724 -682 -562 279
88267: -724 -682 -563 288
88268: -724 -682 -564 297
88271: -724 -682 -567 324
88272: -724 -683 -640 252
88278: -724 -683 -646 306
88280: -724 -683 -648 324
88534: -32 -37 -2 337
89102: -95 -118 -12 344
89120: -95 -120 -174 344
89125: -95 -120 -179 389
89139: -95 -122 -337 353
89145: -95 -123 -415 326
89148: -95 -123 -418 353
89149: -95 -123 -419 362
89150: -95 -123 -420 371
89151: -95 -123 -421 380
89153: -95 -123 -423 398
89163: -95 -125 -577 326
89166: -95 -125 -580 353
89169: -95 -125 -583 380
89171: -95 -125 -585 398
89172: -95 -126 -658 326
89174: -95 -126 -660 344
89175: -95 -126 -661 353
89177: -95 -126 -663 371
89179: -95 -126 -665 389
89180: -95 -126 -666 398
89183: -104 -118 -12 345
89195: -104 -119 -96 372
89196: -104 -119 -97 381
89198: -104 -119 -99 399
89201: -104 -120 -174 345
89202: -104 -120 -175 354
89206: -104 -120 -179 390
89226: -104 -123 -415 327
89235: -104 -124 -496 327
89238: -104 -124 -499 354
89253: -104 -126 -658 327
89255: -104 -126 -660 345
89256: -104 -126 -661 354
89261: -104 -126 -666 399
89264: -113 -118 -12 346
89301: -113 -122 -337 355
89307: -113 -123 -415 328
89334: -113 -126 -658 328
89382: -122 -122 -337 356
89426: -131 -118 -12 348
89440: -131 -119 -98 393
89441: -131 -119 -99 402
89444: -131 -120 -174 348
89447: -131 -120 -177 375
89449: -131 -120 -179 393
89450: -131 -120 -180 402
89469: -131 -123 -415 330
89483: -131 -124 -501 375
89507: -140 -118 -12 349
89525: -140 -120 -174 349
89531: -140 -120 -180 403
89550: -140 -123 -415 331
89559: -140 -124 -496 331
89565: -140 -124 -502 385
89577: -140 -126 -658 331
89588: -149 -118 -12 350
89600: -149 -119 -96 377
89601: -149 -119 -97 386
89606: -149 -120 -174 350
89609: -149 -120 -177 377
89611: -149 -120 -179 395
89640: -149 -124 -496 332
89649: -149 -125 -577 332
89655: -149 -125 -583 386
89660: -149 -126 -660 350
89669: -158 -118 -12 351
89682: -158 -119 -97 387
89683: -158 -119 -98 396
89687: -158 -120 -174 351
89688: -158 -120 -175 360
89689: -158 -120 -176 369
89721: -158 -124 -496 333
89739: -158 -126 -658 333
89741: -158 -126 -660 351
89744: -158 -126 -663 378
89745: -158 -126 -664 387
89746: -158 -126 -665 396
89758: -167 -200 -101 334
89759: -167 -200 -102 343
89761: -167 -200 -104 361
89762: -167 -200 -105 370
89763: -167 -200 -106 379
89764: -167 -200 -107 388
89765: -167 -200 -108 397
89771: -167 -201 -186 370
89772: -167 -201 -187 379
89773: -167 -201 -188 388
89774: -167 -201 -189 397
89776: -167 -202 -263 334
89777: -167 -202 -264 343
89779: -167 -202 -266 361
89781: -167 -202 -268 379
89793: -167 -204 -424 325
89794: -167 -204 -425 334
89795: -167 -204 -426 343
89796: -167 -204 -427 352
89797: -167 -204 -428 361
89798: -167 -204 -429 370
89799: -167 -204 -430 379
89800: -167 -204 -431 388
89801: -167 -204 -432 397
89802: -167 -205 -505 325
89803: -167 -205 -506 334
89804: -167 -205 -507 343
89805: -167 -205 -508 352
89806: -167 -205 -509 361
89807: -167 -205 -510 370
89808: -167 -205 -511 379
89809: -167 -205 -512 388
89810: -167 -205 -513 397
89811: -167 -206 -586 325
89812: -167 -206 -587 334
89813: -167 -206 -588 343
89814: -167 -206 -589 352
89815: -167 -206 -590 361
89816: -167 -206 -591 370
89817: -167 -206 -592 379
89818: -167 -206 -593 388
89819: -167 -206 -594 397
89820: -167 -207 -667 325
89821: -167 -207 -668 334
89822: -167 -207 -669 343
89823: -167 -207 -670 352
89824: -167 -207 -671 361
89825: -167 -207 -672 370
89826: -167 -207 -673 379
89827: -167 -207 -674 388
89828: -167 -207 -675 397
89832: -176 -199 -22 353
89838: -176 -200 -100 326
89839: -176 -200 -101 335
89842: -176 -200 -104 362
89843: -176 -200 -105 371
89844: -176 -200 -106 380
89845: -176 -200 -107 389
89846: -176 -200 -108 398
89850: -176 -201 -184 353
89854: -176 -201 -188 389
89857: -176 -202 -263 335
89859: -176 -202 -265 353
89860: -176 -202 -266 362
89861: -176 -202 -267 371
89863: -176 -202 -269 389
89864: -176 -202 -270 398
89882: -176 -204 -432 398
89883: -176 -205 -505 326
89886: -176 -205 -508 353
89892: -176 -206 -586 326
89898: -176 -206 -592 380
89901: -176 -207 -667 326
89908: -176 -207 -674 389
89913: -185 -199 -22 354
89923: -185 -200 -104 363
89924: -185 -200 -105 372
89925: -185 -200 -106 381
89926: -185 -200 -107 390
89927: -185 -200 -108 399
89940: -185 -202 -265 354
89941: -185 -202 -266 363
89942: -185 -202 -267 372
89957: -185 -204 -426 345
89964: -185 -205 -505 327
89973: -185 -206 -586 327
89977: -185 -206 -590 363
89979: -185 -206 -592 381
89982: -185 -207 -667 327
89983: -185 -207 -668 336
89985: -185 -207 -670 354
89987: -185 -207 -672 372
89989: -185 -207 -674 390
89990: -185 -207 -675 399
89994: -194 -199 -22 355
90000: -194 -200 -100 328
90002: -194 -200 -102 346
90004: -194 -200 -104 364
90006: -194 -200 -106 382
90007: -194 -200 -107 391
90014: -194 -201 -186 373
90021: -194 -202 -265 355
90039: -194 -204 -427 355
90045: -194 -205 -505 328
90048: -194 -205 -508 355
90050: -194 -205 -510 373
90054: -194 -206 -586 328
90060: -194 -206 -592 382
90063: -194 -207 -667 328
90065: -194 -207 -669 346
90070: -194 -207 -674 391
90081: -203 -200 -100 329
90108: -203 -203 -343 329
90109: -203 -203 -344 338
90113: -203 -203 -348 374
90116: -203 -203 -351 401
90156: -212 -199 -22 357
90162: -212 -200 -100 330
90166: -212 -200 -104 366
90168: -212 -200 -106 384
90170: -212 -200 -108 402
90174: -212 -201 -184 357
90179: -212 -201 -189 402
90183: -212 -202 -265 357
90184: -212 -202 -266 366
90185: -212 -202 -267 375
90207: -212 -205 -505 330
90216: -212 -206 -586 330
90229: -212 -207 -671 366
90237: -221 -199 -22 358
90243: -221 -200 -100 331
90247: -221 -200 -104 367
90248: -221 -200 -105 376
90257: -221 -201 -186 376
90260: -221 -201 -189 403
90264: -221 -202 -265 358
90268: -221 -202 -269 394
90283: -221 -204 -428 367
90288: -221 -205 -505 331
90297: -221 -206 -586 331
90306: -221 -207 -667 331
90318: -230 -199 -22 359
90324: -230 -200 -100 332
90325: -230 -200 -101 341
90328: -230 -200 -104 368
90332: -230 -200 -108 404
90345: -230 -202 -265 359
90349: -230 -202 -269 395
90366: -230 -204 -430 386
90369: -230 -205 -505 332
90378: -230 -206 -586 332
90384: -230 -206 -592 386
90386: -230 -206 -594 404
90387: -230 -207 -667 332
90399: -239 -199 -22 360
90405: -239 -200 -100 333
90409: -239 -200 -104 369
90420: -239 -201 -187 387
90421: -239 -201 -188 396
90459: -239 -206 -586 333
90462: -239 -206 -589 360
90464: -239 -206 -591 378
90467: -239 -206 -594 405
90481: -248 -280 -32 361
90487: -248 -281 -110 334
90488: -248 -281 -111 343
90491: -248 -281 -114 370
90492: -248 -281 -115 379
90493: -248 -281 -116 388
90494: -248 -281 -117 397
90495: -248 -282 -190 325
90497: -248 -282 -192 343
90498: -248 -282 -193 352
90499: -248 -282 -194 361
90500: -248 -282 -195 370
90501: -248 -282 -196 379
90502: -248 -282 -197 388
90503: -248 -282 -198 397
90505: -248 -283 -272 334
90509: -248 -283 -276 370
90510: -248 -283 -277 379
90511: -248 -283 -278 388
90512: -248 -283 -279 397
90522: -248 -285 -433 325
90523: -248 -285 -434 334
90524: -248 -285 -435 343
90525: -248 -285 -436 352
90526: -248 -285 -437 361
90527: -248 -285 -438 370
90528: -248 -285 -439 379
90529: -248 -285 -440 388
90530: -248 -285 -441 397
90531: -248 -286 -514 325
90532: -248 -286 -515 334
90533: -248 -286 -516 343
90534: -248 -286 -517 352
90535: -248 -286 -518 361
90536: -248 -286 -519 370
90538: -248 -286 -521 388
90539: -248 -286 -522 397
90540: -248 -287 -595 325
90541: -248 -287 -596 334
90542: -248 -287 -597 343
90543: -248 -287 -598 352
90544: -248 -287 -599 361
90545: -248 -287 -600 370
90546: -248 -287 -601 379
90547: -248 -287 -602 388
90548: -248 -287 -603 397
90549: -248 -288 -676 325
90550: -248 -288 -677 334
90551: -248 -288 -678 343
90552: -248 -288 -679 352
90553: -248 -288 -680 361
90554: -248 -288 -681 370
90555: -248 -288 -682 379
90556: -248 -288 -683 388
90557: -248 -288 -684 397
90643: -266 -280 -32 363
90650: -266 -281 -111 345
90653: -266 -281 -114 372
90654: -266 -281 -115 381
90655: -266 -281 -116 390
90656: -266 -281 -117 399
90659: -266 -282 -192 345
90660: -266 -282 -193 354
90662: -266 -282 -195 372
90663: -266 -282 -196 381
90664: -266 -282 -197 390
90665: -266 -282 -198 399
90671: -266 -283 -276 372
90672: -266 -283 -277 381
90673: -266 -283 -278 390
90674: -266 -283 -279 399
90684: -266 -285 -433 327
90686: -266 -285 -435 345
90687: -266 -285 -436 354
90688: -266 -285 -437 363
90689: -266 -285 -438 372
90690: -266 -285 -439 381
90692: -266 -285 -441 399
90693: -266 -286 -514 327
90696: -266 -286 -517 354
90697: -266 -286 -518 363
90699: -266 -286 -520 381
90702: -266 -287 -595 327
90703: -266 -287 -596 336
90704: -266 -287 -597 345
90705: -266 -287 -598 354
90706: -266 -287 -599 363
90708: -266 -287 -601 381
90709: -266 -287 -602 390
90710: -266 -287 -603 399
90711: -266 -288 -676 327
90712: -266 -288 -677 336
90713: -266 -288 -678 345
90714: -266 -288 -679 354
90715: -266 -288 -680 363
90718: -266 -288 -683 390
90724: -275 -280 -32 364
90731: -275 -281 -111 346
90734: -275 -281 -114 373
90735: -275 -281 -115 382
90736: -275 -281 -116 391
90737: -275 -281 -117 400
90751: -275 -283 -275 364
90765: -275 -285 -433 328
90767: -275 -285 -435 346
90768: -275 -285 -436 355
90769: -275 -285 -437 364
90771: -275 -285 -439 382
90772: -275 -285 -440 391
90773: -275 -285 -441 400
90774: -275 -286 -514 328
90777: -275 -286 -517 355
90779: -275 -286 -519 373
90782: -275 -286 -522 400
90783: -275 -287 -595 328
90786: -275 -287 -598 355
90788: -275 -287 -600 373
90789: -275 -287 -601 382
90790: -275 -287 -602 391
90791: -275 -287 -603 400
90794: -275 -288 -678 346
90795: -275 -288 -679 355
90797: -275 -288 -681 373
90799: -275 -288 -683 391
90800: -275 -288 -684 400
90839: -284 -284 -354 347
90842: -284 -284 -357 374
90843: -284 -284 -358 383
90844: -284 -284 -359 392
90845: -284 -284 -360 401
90886: -293 -280 -32 366
90893: -293 -281 -111 348
90896: -293 -281 -114 375
90902: -293 -282 -192 348
90903: -293 -282 -193 357
90915: -293 -283 -277 384
90916: -293 -283 -278 393
90917: -293 -283 -279 402
90936: -293 -286 -514 330
90939: -293 -286 -517 357
90940: -293 -286 -518 366
90941: -293 -286 -519 375
90945: -293 -287 -595 330
90948: -293 -287 -598 357
90951: -293 -287 -601 384
90954: -293 -288 -676 330
90956: -293 -288 -678 348
90957: -293 -288 -679 357
90967: -302 -280 -32 367
90973: -302 -281 -110 340
90978: -302 -281 -115 385
90979: -302 -281 -116 394
90983: -302 -282 -192 349
90984: -302 -282 -193 358
90988: -302 -282 -197 394
90995: -302 -283 -276 376
90998: -302 -283 -279 403
91008: -302 -285 -433 331
91011: -302 -285 -436 358
91014: -302 -285 -439 385
91017: -302 -286 -514 331
91020: -302 -286 -517 358
91024: -302 -286 -521 394
91026: -302 -287 -595 331
91029: -302 -287 -598 358
91030: -302 -287 -599 367
91031: -302 -287 -600 376
91032: -302 -287 -601 385
91034: -302 -287 -603 403
91035: -302 -288 -676 331
91037: -302 -288 -678 349
91038: -302 -288 -679 358
91048: -311 -280 -32 368
91059: -311 -281 -115 386
91060: -311 -281 -116 395
91061: -311 -281 -117 404
91065: -311 -282 -193 359
91068: -311 -282 -196 386
91076: -311 -283 -276 377
91077: -311 -283 -277 386
91079: -311 -283 -279 404
91089: -311 -285 -433 332
91092: -311 -285 -436 359
91097: -311 -285 -441 404
91101: -311 -286 -517 359
91105: -311 -286 -521 395
91116: -311 -288 -676 332
91117: -311 -288 -677 341
91119: -311 -288 -679 359
91122: -311 -288 -682 386
91123: -311 -288 -683 395
91129: -320 -280 -32 369
91139: -320 -281 -114 378
91141: -320 -281 -116 396
91142: -320 -281 -117 405
91143: -320 -282 -190 333
91145: -320 -282 -192 351
91146: -320 -282 -193 360
91147: -320 -282 -194 369
91148: -320 -282 -195 378
91149: -320 -282 -196 387
91150: -320 -282 -197 396
91151: -320 -282 -198 405
91157: -320 -283 -276 378
91158: -320 -283 -277 387
91159: -320 -283 -278 396
91184: -320 -286 -519 378
91186: -320 -286 -521 396
91188: -320 -287 -595 333
91191: -320 -287 -598 360
91192: -320 -287 -599 369
91203: -320 -288 -682 387
91204: -320 -288 -683 396
91215: -329 -362 -118 325
91246: -329 -365 -365 361
91253: -329 -366 -444 343
91254: -329 -366 -445 352
91259: -329 -366 -450 397
91262: -329 -367 -525 343
91265: -329 -367 -528 370
91268: -329 -367 -531 397
91272: -329 -368 -607 352
91278: -329 -369 -685 325
91280: -329 -369 -687 343
91281: -329 -369 -688 352
91285: -329 -369 -692 388
91408: -347 -365 -365 363
91416: -347 -366 -445 354
91420: -347 -366 -449 390
91421: -347 -366 -450 399
91424: -347 -367 -525 345
91434: -347 -368 -607 354
91437: -347 -368 -610 381
91446: -347 -369 -691 381
91447: -347 -369 -692 390
91458: -356 -362 -118 328
91489: -356 -365 -365 364
91494: -356 -366 -442 328
91500: -356 -366 -448 382
91502: -356 -366 -450 400
91512: -356 -368 -604 328
91515: -356 -368 -607 355
91518: -356 -368 -610 382
91528: -356 -369 -692 391
91620: -374 -362 -118 330
91635: -374 -363 -205 384
91636: -374 -363 -206 393
91682: -374 -368 -612 402
91701: -383 -362 -118 331
91717: -383 -363 -206 394
91718: -383 -363 -207 403
91755: -383 -368 -604 331
91760: -383 -368 -609 376
91771: -383 -369 -692 394
91782: -392 -362 -118 332
91797: -392 -363 -205 386
91830: -392 -367 -526 359
91850: -392 -369 -690 377
91863: -401 -362 -118 333
91922: -401 -368 -609 378
91944: -410 -443 -127 325
91945: -410 -443 -128 334
91946: -410 -443 -129 343
91948: -410 -443 -131 361
91949: -410 -443 -132 370
91950: -410 -443 -133 379
91951: -410 -443 -134 388
91952: -410 -443 -135 397
91953: -410 -444 -208 325
91957: -410 -444 -212 361
91962: -410 -445 -289 325
91965: -410 -445 -292 352
91966: -410 -445 -293 361
91968: -410 -445 -295 379
91969: -410 -445 -296 388
91980: -410 -447 -451 325
91983: -410 -447 -454 352
91987: -410 -447 -458 388
91989: -410 -448 -532 325
91990: -410 -448 -533 334
91992: -410 -448 -535 352
91993: -410 -448 -536 361
91994: -410 -448 -537 370
91999: -410 -449 -614 334
92002: -410 -449 -617 361
92003: -410 -449 -618 370
92004: -410 -449 -619 379
92007: -410 -450 -694 325
92008: -410 -450 -695 334
92010: -410 -450 -697 352
92011: -410 -450 -698 361
92022: -419 -442 -52 380
92025: -419 -443 -127 326
92032: -419 -443 -134 389
92034: -419 -444 -208 326
92038: -419 -444 -212 362
92043: -419 -445 -289 326
92052: -419 -446 -370 326
92064: -419 -447 -454 353
92088: -419 -450 -694 326
92095: -419 -450 -701 389
92124: -428 -445 -289 327
92156: -428 -448 -537 372
92161: -428 -449 -614 336
92184: -437 -442 -52 382
92187: -437 -443 -127 328
92189: -437 -443 -129 346
92195: -437 -443 -135 400
92196: -437 -444 -208 328
92205: -437 -445 -289 328
92207: -437 -445 -291 346
92237: -437 -448 -537 373
92268: -446 -443 -127 329
92295: -446 -446 -370 329
92296: -446 -446 -371 338
92297: -446 -446 -372 347
92299: -446 -446 -374 365
92301: -446 -446 -376 383
92302: -446 -446 -377 392
92303: -446 -446 -378 401
92346: -455 -442 -52 384
92349: -455 -443 -127 330
92358: -455 -444 -208 330
92367: -455 -445 -289 330
92389: -455 -447 -455 366
92399: -455 -448 -537 375
92427: -464 -442 -52 385
92430: -464 -443 -127 331
92443: -464 -444 -212 367
92448: -464 -445 -289 331
92454: -464 -445 -295 385
92468: -464 -447 -453 349
92475: -464 -448 -532 331
92511: -473 -443 -127 332
92520: -473 -444 -208 332
92529: -473 -445 -289 332
92566: -473 -449 -614 341
92572: -473 -449 -620 395
92573: -473 -449 -621 404
92589: -482 -442 -52 387
92592: -482 -443 -127 333
92600: -482 -443 -135 405
92605: -482 -444 -212 369
92610: -482 -445 -289 333
92646: -482 -449 -613 333
92656: -482 -450 -695 342
92671: -491 -523 -62 388
92673: -491 -524 -136 325
92674: -491 -524 -137 334
92675: -491 -524 -138 343
92677: -491 -524 -140 361
92678: -491 -524 -141 370
92679: -491 -524 -142 379
92681: -491 -524 -144 397
92682: -491 -525 -217 325
92686: -491 -525 -221 361
92689: -491 -525 -224 388
92691: -491 -526 -298 325
92692: -491 -526 -299 334
92694: -491 -526 -301 352
92695: -491 -526 -302 361
92697: -491 -526 -304 379
92698: -491 -526 -305 388
92699: -491 -526 -306 397
92709: -491 -528 -460 325
92710: -491 -528 -461 334
92711: -491 -528 -462 343
92712: -491 -528 -463 352
92713: -491 -528 -464 361
92716: -491 -528 -467 388
92721: -491 -529 -544 352
92727: -491 -530 -622 325
92729: -491 -530 -624 343
92730: -491 -530 -625 352
92731: -491 -530 -626 361
92732: -491 -530 -627 370
92733: -491 -530 -628 379
92734: -491 -530 -629 388
92735: -491 -530 -630 397
92736: -491 -531 -703 325
92737: -491 -531 -704 334
92738: -491 -531 -705 343
92739: -491 -531 -706 352
92740: -491 -531 -707 361
92741: -491 -531 -708 370
92742: -491 -531 -709 379
92743: -491 -531 -710 388
92744: -491 -531 -711 397
92752: -500 -523 -62 389
92754: -500 -524 -136 326
92756: -500 -524 -138 344
92759: -500 -524 -141 371
92762: -500 -524 -144 398
92763: -500 -525 -217 326
92772: -500 -526 -298 326
92793: -500 -528 -463 353
92799: -500 -529 -541 326
92801: -500 -529 -543 344
92840: -509 -524 -141 372
92844: -509 -525 -217 327
92847: -509 -525 -220 354
92853: -509 -526 -298 327
92875: -509 -528 -464 363
92914: -518 -523 -62 391
92916: -518 -524 -136 328
92918: -518 -524 -138 346
92920: -518 -524 -140 364
92921: -518 -524 -141 373
92924: -518 -524 -144 400
92934: -518 -526 -298 328
92936: -518 -526 -300 346
92952: -518 -528 -460 328
92955: -518 -528 -463 355
92960: -518 -528 -468 400
92974: -518 -530 -626 364
92976: -518 -530 -628 382
92986: -518 -531 -710 391
93006: -527 -525 -217 329
93024: -527 -527 -379 329
93025: -527 -527 -380 338
93026: -527 -527 -381 347
93028: -527 -527 -383 365
93031: -527 -527 -386 392
93032: -527 -527 -387 401
93076: -536 -523 -62 393
93078: -536 -524 -136 330
93087: -536 -525 -217 330
93096: -536 -526 -298 330
93125: -536 -529 -543 348
93147: -536 -531 -709 384
93157: -545 -523 -62 394
93159: -545 -524 -136 331
93168: -545 -525 -217 331
93176: -545 -525 -225 403
93177: -545 -526 -298 331
93208: -545 -529 -545 367
93228: -545 -531 -709 385
93238: -554 -523 -62 395
93240: -554 -524 -136 332
93242: -554 -524 -138 350
93249: -554 -525 -217 332
93258: -554 -526 -298 332
93287: -554 -529 -543 350
93293: -554 -529 -549 404
93310: -554 -531 -710 395
93319: -563 -523 -62 396
93321: -563 -524 -136 333
93323: -563 -524 -138 351
93329: -563 -524 -144 405
93330: -563 -525 -217 333
93339: -563 -526 -298 333
93358: -563 -528 -461 342
93402: -572 -605 -145 325
93403: -572 -605 -146 334
93404: -572 -605 -147 343
93406: -572 -605 -149 361
93407: -572 -605 -150 370
93408: -572 -605 -151 379
93409: -572 -605 -152 388
93411: -572 -606 -226 325
93415: -572 -606 -230 361
93419: -572 -606 -234 397
93420: -572 -607 -307 325
93422: -572 -607 -309 343
93423: -572 -607 -310 352
93424: -572 -607 -311 361
93425: -572 -607 -312 370
93427: -572 -607 -314 388
93436: -572 -608 -395 388
93438: -572 -609 -469 325
93439: -572 -609 -470 334
93440: -572 -609 -471 343
93441: -572 -609 -472 352
93442: -572 -609 -473 361
93443: -572 -609 -474 370
93446: -572 -609 -477 397
93447: -572 -610 -550 325
93448: -572 -610 -551 334
93449: -572 -610 -552 343
93450: -572 -610 -553 352
93451: -572 -610 -554 361
93452: -572 -610 -555 370
93453: -572 -610 -556 379
93454: -572 -610 -557 388
93455: -572 -610 -558 397
93458: -572 -611 -633 343
93459: -572 -611 -634 352
93461: -572 -611 -636 370
93464: -572 -611 -639 397
93466: -572 -612 -713 334
93468: -572 -612 -715 352
93472: -572 -612 -719 388
93482: -581 -604 -72 398
93483: -581 -605 -145 326
93501: -581 -607 -307 326
93505: -581 -607 -311 362
93520: -581 -609 -470 335
93540: -581 -611 -634 353
93569: -590 -605 -150 372
93575: -590 -606 -228 345
93582: -590 -607 -307 327
93613: -590 -610 -554 363
93644: -599 -604 -72 400
93645: -599 -605 -145 328
93647: -599 -605 -147 346
93649: -599 -605 -149 364
93650: -599 -605 -150 373
93651: -599 -605 -151 382
93652: -599 -605 -152 391
93654: -599 -606 -226 328
93658: -599 -606 -230 364
93663: -599 -607 -307 328
93666: -599 -607 -310 355
93667: -599 -607 -311 364
93681: -599 -609 -469 328
93684: -599 -609 -472 355
93693: -599 -610 -553 355
93695: -599 -610 -555 373
93697: -599 -610 -557 391
93699: -599 -611 -631 328
93704: -599 -611 -636 373
93712: -599 -612 -716 364
93715: -599 -612 -719 391
93725: -608 -604 -72 401
93753: -608 -608 -388 329
93754: -608 -608 -389 338
93755: -608 -608 -390 347
93757: -608 -608 -392 365
93758: -608 -608 -393 374
93759: -608 -608 -394 383
93760: -608 -608 -395 392
93761: -608 -608 -396 401
93806: -617 -604 -72 402
93807: -617 -605 -145 330
93811: -617 -605 -149 366
93816: -617 -606 -226 330
93825: -617 -607 -307 330
93870: -617 -612 -712 330
93887: -626 -604 -72 403
93888: -626 -605 -145 331
93906: -626 -607 -307 331
93910: -626 -607 -311 367
93968: -635 -604 -72 404
93969: -635 -605 -145 332
93973: -635 -605 -149 368
93982: -635 -606 -230 368
93987: -635 -607 -307 332
93991: -635 -607 -311 368
94039: -635 -612 -719 395
94049: -644 -604 -72 405
94050: -644 -605 -145 333
94062: -644 -606 -229 360
94068: -644 -607 -307 333
94073: -644 -607 -312 378
94131: -653 -686 -154 325
94132: -653 -686 -155 334
94133: -653 -686 -156 343
94135: -653 -686 -158 361
94137: -653 -686 -160 379
94138: -653 -686 -161 388
94139: -653 -686 -162 397
94140: -653 -687 -235 325
94144: -653 -687 -239 361
94145: -653 -687 -240 370
94146: -653 -687 -241 379
94147: -653 -687 -242 388
94149: -653 -688 -316 325
94151: -653 -688 -318 343
94153: -653 -688 -320 361
94154: -653 -688 -321 370
94156: -653 -688 -323 388
94157: -653 -688 -324 397
94167: -653 -690 -478 325
94169: -653 -690 -480 343
94175: -653 -690 -486 397
94176: -653 -691 -559 325
94177: -653 -691 -560 334
94178: -653 -691 -561 343
94179: -653 -691 -562 352
94180: -653 -691 -563 361
94184: -653 -691 -567 397
94185: -653 -692 -640 325
94186: -653 -692 -641 334
94187: -653 -692 -642 343
94188: -653 -692 -643 352
94189: -653 -692 -644 361
94194: -653 -693 -721 325
94208: -662 -685 -78 371
94212: -662 -686 -154 326
94214: -662 -686 -156 344
94217: -662 -686 -159 371
94219: -662 -686 -161 389
94230: -662 -688 -316 326
94233: -662 -688 -319 353
94258: -662 -691 -560 335
94268: -662 -692 -642 344
94272: -662 -692 -646 380
94275: -662 -693 -721 326
94278: -662 -693 -724 353
94302: -671 -687 -235 327
94305: -671 -687 -238 354
94311: -671 -688 -316 327
94315: -671 -688 -320 363
94370: -680 -685 -78 373
94374: -680 -686 -154 328
94376: -680 -686 -156 346
94378: -680 -686 -158 364
94382: -680 -686 -162 400
94383: -680 -687 -235 328
94392: -680 -688 -316 328
94394: -680 -688 -318 346
94482: -689 -689 -397 329
94483: -689 -689 -398 338
94484: -689 -689 -399 347
94486: -689 -689 -401 365
94488: -689 -689 -403 383
94489: -689 -689 -404 392
94490: -689 -689 -405 401
94532: -698 -685 -78 375
94536: -698 -686 -154 330
94554: -698 -688 -316 330
94601: -698 -693 -723 348
94613: -707 -685 -78 376
94617: -707 -686 -154 331
94635: -707 -688 -316 331
94639: -707 -688 -320 367
94653: -707 -690 -478 331
94662: -707 -691 -559 331
94694: -716 -685 -78 377
94702: -716 -686 -158 368
94704: -716 -686 -160 386
94716: -716 -688 -316 332
94758: -716 -692 -646 386
94775: -725 -685 -78 378
94779: -725 -686 -154 333
94786: -725 -686 -161 396
94794: -725 -687 -241 387
94797: -725 -688 -316 333
94833: -725 -692 -640 333
95554: -78 -52 -488 423
95555: -78 -52 -489 432
95556: -78 -52 -490 441
95557: -78 -52 -491 450
95559: -78 -52 -493 468
95560: -78 -52 -494 477
95561: -78 -52 -495 486
95663: -96 -127 -12 425
95675: -96 -128 -96 452
95680: -96 -129 -173 416
95685: -96 -129 -178 461
95687: -96 -129 -180 479
95700: -96 -131 -337 434
95715: -96 -133 -496 407
95724: -96 -134 -577 407
95725: -96 -134 -578 416
95726: -96 -134 -579 425
95727: -96 -134 -580 434
95728: -96 -134 -581 443
95733: -96 -135 -658 407
95738: -96 -135 -663 452
95744: -105 -127 -12 426
95757: -105 -128 -97 462
95759: -105 -128 -99 480
95762: -105 -129 -174 426
95781: -105 -131 -337 435
95799: -105 -133 -499 435
95805: -105 -134 -577 408
95808: -105 -134 -580 435
95809: -105 -134 -581 444
95814: -105 -135 -658 408
95821: -105 -135 -665 471
95825: -114 -127 -12 427
95838: -114 -128 -97 463
95839: -114 -128 -98 472
95840: -114 -128 -99 481
95842: -114 -129 -173 418
95843: -114 -129 -174 427
95862: -114 -131 -337 436
95877: -114 -133 -496 409
95878: -114 -133 -497 418
95886: -114 -134 -577 409
95887: -114 -134 -578 418
95888: -114 -134 -579 427
95889: -114 -134 -580 436
95890: -114 -134 -581 445
95892: -114 -134 -583 463
95893: -114 -134 -584 472
95894: -114 -134 -585 481
95895: -114 -135 -658 409
95896: -114 -135 -659 418
95897: -114 -135 -660 427
95898: -114 -135 -661 436
95902: -114 -135 -665 472
95906: -123 -127 -12 428
95926: -123 -129 -176 446
95943: -123 -131 -337 437
95958: -123 -133 -496 410
95967: -123 -134 -577 410
96030: -132 -132 -415 411
96032: -132 -132 -417 429
96033: -132 -132 -418 438
96034: -132 -132 -419 447
96036: -132 -132 -421 465
96038: -132 -132 -423 483
96068: -141 -127 -12 430
96085: -141 -129 -173 421
96105: -141 -131 -337 439
96120: -141 -133 -496 412
96130: -141 -134 -578 421
96134: -141 -134 -582 457
96138: -141 -135 -658 412
96144: -141 -135 -664 466
96149: -150 -127 -12 431
96164: -150 -128 -99 485
96166: -150 -129 -173 422
96167: -150 -129 -174 431
96172: -150 -129 -179 476
96186: -150 -131 -337 440
96210: -150 -134 -577 413
96216: -150 -134 -583 467
96223: -150 -135 -662 449
96226: -150 -135 -665 476
96230: -159 -127 -12 432
96244: -159 -128 -98 477
96247: -159 -129 -173 423
96250: -159 -129 -176 450
96267: -159 -131 -337 441
96283: -159 -133 -497 423
96290: -159 -133 -504 486
96291: -159 -134 -577 414
96300: -159 -135 -658 414
96312: -168 -208 -22 433
96319: -168 -209 -101 415
96320: -168 -209 -102 424
96322: -168 -209 -104 442
96323: -168 -209 -105 451
96324: -168 -209 -106 460
96325: -168 -209 -107 469
96326: -168 -209 -108 478
96331: -168 -210 -185 442
96333: -168 -210 -187 460
96335: -168 -210 -189 478
96336: -168 -211 -262 406
96337: -168 -211 -263 415
96338: -168 -211 -264 424
96339: -168 -211 -265 433
96340: -168 -211 -266 442
96341: -168 -211 -267 451
96342: -168 -211 -268 460
96343: -168 -211 -269 469
96345: -168 -212 -343 406
96346: -168 -212 -344 415
96347: -168 -212 -345 424
96349: -168 -212 -347 442
96351: -168 -212 -349 460
96352: -168 -212 -350 469
96353: -168 -212 -351 478
96363: -168 -214 -505 406
96364: -168 -214 -506 415
96365: -168 -214 -507 424
96366: -168 -214 -508 433
96368: -168 -214 -510 451
96369: -168 -214 -511 460
96372: -168 -215 -586 406
96373: -168 -215 -587 415
96374: -168 -215 -588 424
96375: -168 -215 -589 433
96376: -168 -215 -590 442
96377: -168 -215 -591 451
96378: -168 -215 -592 460
96381: -168 -216 -667 406
96382: -168 -216 -668 415
96383: -168 -216 -669 424
96384: -168 -216 -670 433
96388: -168 -216 -674 469
96389: -168 -216 -675 478
96393: -177 -208 -22 434
96399: -177 -209 -100 407
96411: -177 -210 -184 434
96417: -177 -211 -262 407
96418: -177 -211 -263 416
96420: -177 -211 -265 434
96421: -177 -211 -266 443
96423: -177 -211 -268 461
96453: -177 -215 -586 407
96462: -177 -216 -667 407
96465: -177 -216 -670 434
96469: -177 -216 -674 470
96474: -186 -208 -22 435
96480: -186 -209 -100 408
96481: -186 -209 -101 417
96485: -186 -209 -105 453
96487: -186 -209 -107 471
96488: -186 -209 -108 480
96494: -186 -210 -186 453
96498: -186 -211 -262 408
96500: -186 -211 -264 426
96502: -186 -211 -266 444
96503: -186 -211 -267 453
96507: -186 -212 -343 408
96508: -186 -212 -344 417
96511: -186 -212 -347 444
96513: -186 -212 -349 462
96525: -186 -214 -505 408
96527: -186 -214 -507 426
96534: -186 -215 -586 408
96543: -186 -216 -667 408
96545: -186 -216 -669 426
96555: -195 -208 -22 436
96561: -195 -209 -100 409
96562: -195 -209 -101 418
96563: -195 -209 -102 427
96565: -195 -209 -104 445
96566: -195 -209 -105 454
96567: -195 -209 -106 463
96568: -195 -209 -107 472
96569: -195 -209 -108 481
96573: -195 -210 -184 436
96579: -195 -211 -262 409
96582: -195 -211 -265 436
96583: -195 -211 -266 445
96588: -195 -212 -343 409
96606: -195 -214 -505 409
96615: -195 -215 -586 409
96620: -195 -215 -591 454
96621: -195 -215 -592 463
96622: -195 -215 -593 472
96624: -195 -216 -667 409
96626: -195 -216 -669 427
96636: -204 -208 -22 437
96642: -204 -209 -100 410
96643: -204 -209 -101 419
96644: -204 -209 -102 428
96646: -204 -209 -104 446
96647: -204 -209 -105 455
96649: -204 -209 -107 473
96660: -204 -211 -262 410
96662: -204 -211 -264 428
96664: -204 -211 -266 446
96687: -204 -214 -505 410
96705: -204 -216 -667 410
96759: -213 -213 -424 411
96760: -213 -213 -425 420
96762: -213 -213 -427 438
96763: -213 -213 -428 447
96766: -213 -213 -431 474
96798: -222 -208 -22 439
96804: -222 -209 -100 412
96806: -222 -209 -102 430
96817: -222 -210 -185 448
96824: -222 -211 -264 430
96825: -222 -211 -265 439
96828: -222 -211 -268 466
96869: -222 -216 -669 430
96879: -231 -208 -22 440
96885: -231 -209 -100 413
96890: -231 -209 -105 458
96894: -231 -210 -181 413
96906: -231 -211 -265 440
96912: -231 -212 -343 413
96930: -231 -214 -505 413
96960: -240 -208 -22 441
96966: -240 -209 -100 414
96967: -240 -209 -101 423
96968: -240 -209 -102 432
96970: -240 -209 -104 450
96971: -240 -209 -105 459
96975: -240 -210 -181 414
96978: -240 -210 -184 441
96979: -240 -210 -185 450
96981: -240 -210 -187 468
96982: -240 -210 -188 477
96984: -240 -211 -262 414
96986: -240 -211 -264 432
96987: -240 -211 -265 441
96988: -240 -211 -266 450
96989: -240 -211 -267 459
96993: -240 -212 -343 414
97001: -240 -212 -351 486
97011: -240 -214 -505 414
97020: -240 -215 -586 414
97029: -240 -216 -667 414
97042: -249 -289 -32 442
97048: -249 -290 -110 415
97049: -249 -290 -111 424
97051: -249 -290 -113 442
97052: -249 -290 -114 451
97053: -249 -290 -115 460
97054: -249 -290 -116 469
97055: -249 -290 -117 478
97056: -249 -291 -190 406
97058: -249 -291 -192 424
97059: -249 -291 -193 433
97060: -249 -291 -194 442
97061: -249 -291 -195 451
97062: -249 -291 -196 460
97063: -249 -291 -197 469
97064: -249 -291 -198 478
97065: -249 -292 -271 406
97071: -249 -292 -277 460
97072: -249 -292 -278 469
97075: -249 -293 -353 415
97078: -249 -293 -356 442
97079: -249 -293 -357 451
97080: -249 -293 -358 460
97081: -249 -293 -359 469
97082: -249 -293 -360 478
97092: -249 -295 -514 406
97093: -249 -295 -515 415
97094: -249 -295 -516 424
97095: -249 -295 -517 433
97096: -249 -295 -518 442
97097: -249 -295 -519 451
97098: -249 -295 -520 460
97099: -249 -295 -521 469
97100: -249 -295 -522 478
97101: -249 -296 -595 406
97102: -249 -296 -596 415
97103: -249 -296 -597 424
97104: -249 -296 -598 433
97105: -249 -296 -599 442
97106: -249 -296 -600 451
97107: -249 -296 -601 460
97108: -249 -296 -602 469
97110: -249 -297 -676 406
97111: -249 -297 -677 415
97112: -249 -297 -678 424
97113: -249 -297 -679 433
97114: -249 -297 -680 442
97115: -249 -297 -681 451
97116: -249 -297 -682 460
97117: -249 -297 -683 469
97118: -249 -297 -684 478
97123: -258 -289 -32 443
97129: -258 -290 -110 416
97130: -258 -290 -111 425
97132: -258 -290 -113 443
97133: -258 -290 -114 452
97134: -258 -290 -115 461
97135: -258 -290 -116 470
97136: -258 -290 -117 479
97137: -258 -291 -190 407
97138: -258 -291 -191 416
97139: -258 -291 -192 425
97140: -258 -291 -193 434
97141: -258 -291 -194 443
97142: -258 -291 -195 452
97144: -258 -291 -197 470
97145: -258 -291 -198 479
97150: -258 -292 -275 443
97152: -258 -292 -277 461
97153: -258 -292 -278 470
97154: -258 -292 -279 479
97157: -258 -293 -354 425
97159: -258 -293 -356 443
97162: -258 -293 -359 470
97173: -258 -295 -514 407
97174: -258 -295 -515 416
97175: -258 -295 -516 425
97177: -258 -295 -518 443
97178: -258 -295 -519 452
97179: -258 -295 -520 461
97180: -258 -295 -521 470
97181: -258 -295 -522 479
97182: -258 -296 -595 407
97183: -258 -296 -596 416
97185: -258 -296 -598 434
97188: -258 -296 -601 461
97191: -258 -297 -676 407
97192: -258 -297 -677 416
97193: -258 -297 -678 425
97194: -258 -297 -679 434
97195: -258 -297 -680 443
97196: -258 -297 -681 452
97197: -258 -297 -682 461
97198: -258 -297 -683 470
97199: -258 -297 -684 479
97204: -267 -289 -32 444
97210: -267 -290 -110 417
97211: -267 -290 -111 426
97214: -267 -290 -114 453
97216: -267 -290 -116 471
97218: -267 -291 -190 408
97219: -267 -291 -191 417
97220: -267 -291 -192 426
97222: -267 -291 -194 444
97224: -267 -291 -196 462
97226: -267 -291 -198 480
97228: -267 -292 -272 417
97234: -267 -292 -278 471
97235: -267 -292 -279 480
97238: -267 -293 -354 426
97240: -267 -293 -356 444
97241: -267 -293 -357 453
97242: -267 -293 -358 462
97243: -267 -293 -359 471
97254: -267 -295 -514 408
97263: -267 -296 -595 408
97264: -267 -296 -596 417
97272: -267 -297 -676 408
97276: -267 -297 -680 444
97285: -276 -289 -32 445
97292: -276 -290 -111 427
97295: -276 -290 -114 454
97296: -276 -290 -115 463
97297: -276 -290 -116 472
97298: -276 -290 -117 481
97299: -276 -291 -190 409
97300: -276 -291 -191 418
97301: -276 -291 -192 427
97303: -276 -291 -194 445
97304: -276 -291 -195 454
97305: -276 -291 -196 463
97306: -276 -291 -197 472
97307: -276 -291 -198 481
97318: -276 -293 -353 418
97319: -276 -293 -354 427
97321: -276 -293 -356 445
97322: -276 -293 -357 454
97323: -276 -293 -358 463
97324: -276 -293 -359 472
97325: -276 -293 -360 481
97335: -276 -295 -514 409
97336: -276 -295 -515 418
97337: -276 -295 -516 427
97338: -276 -295 -517 436
97340: -276 -295 -519 454
97342: -276 -295 -521 472
97343: -276 -295 -522 481
97344: -276 -296 -595 409
97345: -276 -296 -596 418
97346: -276 -296 -597 427
97347: -276 -296 -598 436
97348: -276 -296 -599 445
97349: -276 -296 -600 454
97350: -276 -296 -601 463
97351: -276 -296 -602 472
97352: -276 -296 -603 481
97353: -276 -297 -676 409
97357: -276 -297 -680 445
97358: -276 -297 -681 454
97359: -276 -297 -682 463
97366: -285 -289 -32 446
97372: -285 -290 -110 419
97378: -285 -290 -116 473
97379: -285 -290 -117 482
97380: -285 -291 -190 410
97381: -285 -291 -191 419
97383: -285 -291 -193 437
97384: -285 -291 -194 446
97385: -285 -291 -195 455
97386: -285 -291 -196 464
97396: -285 -292 -278 473
97397: -285 -292 -279 482
97402: -285 -293 -356 446
97404: -285 -293 -358 464
97406: -285 -293 -360 482
97420: -285 -295 -518 446
97425: -285 -296 -595 410
97429: -285 -296 -599 446
97434: -285 -297 -676 410
97437: -285 -297 -679 437
97488: -294 -294 -433 411
97489: -294 -294 -434 420
97490: -294 -294 -435 429
97491: -294 -294 -436 438
97492: -294 -294 -437 447
97493: -294 -294 -438 456
97494: -294 -294 -439 465
97495: -294 -294 -440 474
97496: -294 -294 -441 483
97528: -303 -289 -32 448
97539: -303 -290 -115 466
97541: -303 -290 -117 484
97542: -303 -291 -190 412
97548: -303 -291 -196 466
97565: -303 -293 -357 457
97566: -303 -293 -358 466
97587: -303 -296 -595 412
97588: -303 -296 -596 421
97609: -312 -289 -32 449
97621: -312 -290 -116 476
97623: -312 -291 -190 413
97624: -312 -291 -191 422
97627: -312 -291 -194 449
97631: -312 -291 -198 485
97638: -312 -292 -277 467
97640: -312 -292 -279 485
97646: -312 -293 -357 458
97648: -312 -293 -359 476
97668: -312 -296 -595 413
97677: -312 -297 -676 413
97684: -312 -297 -683 476
97690: -321 -289 -32 450
97696: -321 -290 -110 423
97697: -321 -290 -111 432
97700: -321 -290 -114 459
97701: -321 -290 -115 468
97702: -321 -290 -116 477
97704: -321 -291 -190 414
97705: -321 -291 -191 423
97708: -321 -291 -194 450
97709: -321 -291 -195 459
97710: -321 -291 -196 468
97714: -321 -292 -272 423
97717: -321 -292 -275 450
97719: -321 -292 -277 468
97720: -321 -292 -278 477
97723: -321 -293 -353 423
97727: -321 -293 -357 459
97728: -321 -293 -358 468
97729: -321 -293 -359 477
97743: -321 -295 -517 441
97749: -321 -296 -595 414
97755: -321 -296 -601 468
97758: -321 -297 -676 414
97762: -321 -297 -680 450
97765: -321 -297 -683 477
97767: -330 -370 -37 406
97776: -330 -371 -118 406
97781: -330 -371 -123 451
97784: -330 -371 -126 478
97785: -330 -372 -199 406
97786: -330 -372 -200 415
97790: -330 -372 -204 451
97821: -330 -376 -523 406
97822: -330 -376 -524 415
97824: -330 -376 -526 433
97826: -330 -376 -528 451
97829: -330 -376 -531 478
97830: -330 -377 -604 406
97831: -330 -377 -605 415
97832: -330 -377 -606 424
97833: -330 -377 -607 433
97834: -330 -377 -608 442
97835: -330 -377 -609 451
97836: -330 -377 -610 460
97839: -330 -378 -685 406
97841: -330 -378 -687 424
97842: -330 -378 -688 433
97843: -330 -378 -689 442
97845: -330 -378 -691 460
97846: -330 -378 -692 469
97929: -348 -370 -37 408
97938: -348 -371 -118 408
97947: -348 -372 -199 408
97948: -348 -372 -200 417
97950: -348 -372 -202 435
97953: -348 -372 -205 462
97988: -348 -376 -528 453
97995: -348 -377 -607 435
97996: -348 -377 -608 444
98004: -348 -378 -688 435
98006: -348 -378 -690 453
98010: -357 -370 -37 409
98019: -357 -371 -118 409
98028: -357 -372 -199 409
98029: -357 -372 -200 418
98031: -357 -372 -202 436
98048: -357 -374 -363 427
98054: -357 -374 -369 481
98065: -357 -376 -524 418
98067: -357 -376 -526 436
98068: -357 -376 -527 445
98069: -357 -376 -528 454
98073: -357 -377 -604 409
98074: -357 -377 -605 418
98077: -357 -377 -608 445
98083: -357 -378 -686 418
98085: -357 -378 -688 436
98086: -357 -378 -689 445
98091: -366 -370 -37 410
98100: -366 -371 -118 410
98106: -366 -371 -124 464
98108: -366 -371 -126 482
98109: -366 -372 -199 410
98110: -366 -372 -200 419
98112: -366 -372 -202 437
98113: -366 -372 -203 446
98114: -366 -372 -204 455
98115: -366 -372 -205 464
98116: -366 -372 -206 473
98117: -366 -372 -207 482
98157: -366 -377 -607 437
98160: -366 -377 -610 464
98163: -366 -378 -685 410
98164: -366 -378 -686 419
98170: -366 -378 -692 473
98218: -375 -375 -443 420
98219: -375 -375 -444 429
98220: -375 -375 -445 438
98221: -375 -375 -446 447
98222: -375 -375 -447 456
98223: -375 -375 -448 465
98224: -375 -375 -449 474
98225: -375 -375 -450 483
98253: -384 -370 -37 412
98334: -393 -370 -37 413
98343: -393 -371 -118 413
98345: -393 -371 -120 431
98350: -393 -371 -125 476
98352: -393 -372 -199 413
98353: -393 -372 -200 422
98355: -393 -372 -202 440
98398: -393 -377 -605 422
98415: -402 -370 -37 414
98424: -402 -371 -118 414
98425: -402 -371 -119 423
98426: -402 -371 -120 432
98433: -402 -372 -199 414
98434: -402 -372 -200 423
98436: -402 -372 -202 441
98439: -402 -372 -205 468
98470: -402 -376 -524 423
98483: -402 -377 -609 459
98505: -411 -452 -127 406
98513: -411 -452 -135 478
98514: -411 -453 -208 406
98521: -411 -453 -215 469
98525: -411 -454 -291 424
98546: -411 -456 -456 451
98554: -411 -457 -536 442
98559: -411 -458 -613 406
98583: -420 -451 -52 461
98586: -420 -452 -127 407
98598: -420 -453 -211 434
98599: -420 -453 -212 443
98601: -420 -453 -214 461
98603: -420 -453 -216 479
98604: -420 -454 -289 407
98627: -420 -456 -456 452
98664: -429 -451 -52 462
98685: -429 -454 -289 408
98708: -429 -456 -456 453
98756: -438 -452 -135 481
98758: -438 -453 -209 418
98765: -438 -453 -216 481
98777: -438 -455 -372 427
98781: -438 -455 -376 463
98783: -438 -455 -378 481
98789: -438 -456 -456 454
98797: -438 -457 -536 445
98804: -438 -458 -615 427
98805: -438 -458 -616 436
98806: -438 -458 -617 445
98826: -447 -451 -52 464
98838: -447 -453 -208 410
98845: -447 -453 -215 473
98846: -447 -453 -216 482
98870: -447 -456 -456 455
98886: -447 -458 -616 437
98991: -465 -452 -127 412
99004: -465 -453 -212 448
99008: -465 -453 -216 484
99009: -465 -454 -289 412
99032: -465 -456 -456 457
99069: -474 -451 -52 467
99072: -474 -452 -127 413
99080: -474 -452 -135 485
99084: -474 -453 -211 440
99085: -474 -453 -212 449
99088: -474 -453 -215 476
99106: -474 -455 -377 476
99150: -483 -451 -52 468
99166: -483 -453 -212 450
99170: -483 -453 -216 486
99171: -483 -454 -289 414
99313: -501 -532 -62 470
99315: -501 -533 -136 407
99316: -501 -533 -137 416
99325: -501 -534 -218 416
99327: -501 -534 -220 434
99333: -501 -535 -298 407
99335: -501 -535 -300 425
99348: -501 -536 -385 461
99362: -501 -538 -543 425
99377: -501 -539 -630 479
99378: -501 -540 -703 407
99394: -510 -532 -62 471
99396: -510 -533 -136 408
99401: -510 -533 -141 453
99405: -510 -534 -217 408
99406: -510 -534 -218 417
99412: -510 -534 -224 471
99414: -510 -535 -298 408
99416: -510 -535 -300 426
99423: -510 -536 -379 408
99450: -510 -539 -622 408
99459: -510 -540 -703 408
99475: -519 -532 -62 472
99477: -519 -533 -136 409
99487: -519 -534 -218 418
99491: -519 -534 -222 454
99495: -519 -535 -298 409
99497: -519 -535 -300 427
99504: -519 -536 -379 409
99524: -519 -538 -543 427
99536: -519 -539 -627 454
99537: -519 -539 -628 463
99541: -519 -540 -704 418
99545: -519 -540 -708 454
99556: -528 -532 -62 473
99558: -528 -533 -136 410
99566: -528 -533 -144 482
99567: -528 -534 -217 410
99568: -528 -534 -218 419
99570: -528 -534 -220 437
99576: -528 -535 -298 410
99580: -528 -535 -302 446
99584: -528 -535 -306 482
99585: -528 -536 -379 410
99606: -528 -538 -544 437
99612: -528 -539 -622 410
99621: -528 -540 -703 410
99624: -528 -540 -706 437
99628: -528 -540 -710 473
99673: -537 -536 -386 474
99675: -537 -537 -460 411
99676: -537 -537 -461 420
99677: -537 -537 -462 429
99678: -537 -537 -463 438
99679: -537 -537 -464 447
99680: -537 -537 -465 456
99682: -537 -537 -467 474
99683: -537 -537 -468 483
99799: -555 -532 -62 476
99801: -555 -533 -136 413
99810: -555 -534 -217 413
99811: -555 -534 -218 422
99819: -555 -535 -298 413
99820: -555 -535 -299 422
99821: -555 -535 -300 431
99828: -555 -536 -379 413
99850: -555 -538 -545 449
99861: -555 -539 -628 467
99864: -555 -540 -703 413
99871: -555 -540 -710 476
99880: -564 -532 -62 477
99882: -564 -533 -136 414
99887: -564 -533 -141 459
99890: -564 -533 -144 486
99891: -564 -534 -217 414
99892: -564 -534 -218 423
99893: -564 -534 -219 432
99900: -564 -535 -298 414
99901: -564 -535 -299 423
99902: -564 -535 -300 432
99906: -564 -535 -304 468
99909: -564 -536 -379 414
99910: -564 -536 -380 423
99916: -564 -536 -386 477
99917: -564 -536 -387 486
99929: -564 -538 -543 432
99931: -564 -538 -545 450
99937: -564 -539 -623 423
99943: -564 -539 -629 477
99945: -564 -540 -703 414
99946: -564 -540 -704 423
99948: -564 -540 -706 441
99952: -564 -540 -710 477
99953: -564 -540 -711 486
99962: -573 -613 -72 478
99963: -573 -614 -145 406
99967: -573 -614 -149 442
99968: -573 -614 -150 451
99969: -573 -614 -151 460
99972: -573 -615 -226 406
99973: -573 -615 -227 415
99975: -573 -615 -229 433
99981: -573 -616 -307 406
99982: -573 -616 -308 415
99983: -573 -616 -309 424
99985: -573 -616 -311 442
99986: -573 -616 -312 451
99988: -573 -616 -314 469
99990: -573 -617 -388 406
99997: -573 -617 -395 469
100008: -573 -619 -550 406
100011: -573 -619 -553 433
100020: -573 -620 -634 433
100031: -573 -621 -717 451
100033: -573 -621 -719 469
100043: -582 -613 -72 479
100044: -582 -614 -145 407
100045: -582 -614 -146 416
100050: -582 -614 -151 461
100053: -582 -615 -226 407
100054: -582 -615 -227 416
100056: -582 -615 -229 434
100061: -582 -615 -234 479
100062: -582 -616 -307 407
100063: -582 -616 -308 416
100080: -582 -618 -469 407
100109: -582 -621 -714 425
100110: -582 -621 -715 434
100114: -582 -621 -719 470
100124: -591 -613 -72 480
100125: -591 -614 -145 408
100134: -591 -615 -226 408
100135: -591 -615 -227 417
100137: -591 -615 -229 435
100138: -591 -615 -230 444
100143: -591 -616 -307 408
100145: -591 -616 -309 426
100146: -591 -616 -310 435
100147: -591 -616 -311 444
100150: -591 -616 -314 471
100151: -591 -616 -315 480
100152: -591 -617 -388 408
100153: -591 -617 -389 417
100175: -591 -619 -555 453
100182: -591 -620 -634 435
100191: -591 -621 -715 435
100193: -591 -621 -717 453
100195: -591 -621 -719 471
100205: -600 -613 -72 481
100206: -600 -614 -145 409
100207: -600 -614 -146 418
100210: -600 -614 -149 445
100211: -600 -614 -150 454
100215: -600 -615 -226 409
100216: -600 -615 -227 418
100218: -600 -615 -229 436
100224: -600 -616 -307 409
100225: -600 -616 -308 418
100226: -600 -616 -309 427
100227: -600 -616 -310 436
100228: -600 -616 -311 445
100233: -600 -617 -388 409
100240: -600 -617 -395 472
100251: -600 -619 -550 409
100254: -600 -619 -553 436
100256: -600 -619 -555 454
100263: -600 -620 -634 436
100272: -600 -621 -715 436
100286: -609 -613 -72 482
100287: -609 -614 -145 410
100296: -609 -615 -226 410
100299: -609 -615 -229 437
100300: -609 -615 -230 446
100305: -609 -616 -307 410
100307: -609 -616 -309 428
100308: -609 -616 -310 437
100313: -609 -616 -315 482
100332: -609 -619 -550 410
100334: -609 -619 -552 428
100344: -609 -620 -634 437
100357: -609 -621 -719 473
100404: -618 -618 -469 411
100405: -618 -618 -470 420
100406: -618 -618 -471 429
100407: -618 -618 -472 438
100408: -618 -618 -473 447
100409: -618 -618 -474 456
100410: -618 -618 -475 465
100411: -618 -618 -476 474
100412: -618 -618 -477 483
100448: -627 -613 -72 484
100449: -627 -614 -145 412
100458: -627 -615 -226 412
100467: -627 -616 -307 412
100500: -627 -619 -556 466
100519: -627 -621 -719 475
100529: -636 -613 -72 485
100530: -636 -614 -145 413
100534: -636 -614 -149 449
100539: -636 -615 -226 413
100542: -636 -615 -229 440
100548: -636 -616 -307 413
100549: -636 -616 -308 422
100551: -636 -616 -310 440
100552: -636 -616 -311 449
100553: -636 -616 -312 458
100564: -636 -617 -395 476
100589: -636 -620 -636 458
100600: -636 -621 -719 476
100610: -645 -613 -72 486
100611: -645 -614 -145 414
100620: -645 -615 -226 414
100621: -645 -615 -227 423
100629: -645 -616 -307 414
100630: -645 -616 -308 423
100631: -645 -616 -309 432
100632: -645 -616 -310 441
100634: -645 -616 -312 459
100645: -645 -617 -395 477
100664: -645 -619 -558 486
100665: -645 -620 -631 414
100666: -645 -620 -632 423
100668: -645 -620 -634 441
100669: -645 -620 -635 450
100688: -654 -694 -78 451
100692: -654 -695 -154 406
100701: -654 -696 -235 406
100702: -654 -696 -236 415
100710: -654 -697 -316 406
100712: -654 -697 -318 424
100714: -654 -697 -320 442
100719: -654 -698 -397 406
100720: -654 -698 -398 415
100746: -654 -701 -640 406
100747: -654 -701 -641 415
100769: -663 -694 -78 452
100773: -663 -695 -154 407
100782: -663 -696 -235 407
100783: -663 -696 -236 416
100788: -663 -696 -241 461
100791: -663 -697 -316 407
100793: -663 -697 -318 425
100795: -663 -697 -320 443
100850: -672 -694 -78 453
100854: -672 -695 -154 408
100860: -672 -695 -160 462
100864: -672 -696 -236 417
100868: -672 -696 -240 453
100869: -672 -696 -241 462
100872: -672 -697 -316 408
100874: -672 -697 -318 426
100875: -672 -697 -319 435
100876: -672 -697 -320 444
100881: -672 -698 -397 408
100883: -672 -698 -399 426
100908: -672 -701 -640 408
100910: -672 -701 -642 426
100913: -672 -701 -645 453
100914: -672 -701 -646 462
100931: -681 -694 -78 454
100935: -681 -695 -154 409
100939: -681 -695 -158 445
100941: -681 -695 -160 463
100944: -681 -696 -235 409
100945: -681 -696 -236 418
100949: -681 -696 -240 454
100953: -681 -697 -316 409
100954: -681 -697 -317 418
100955: -681 -697 -318 427
100957: -681 -697 -320 445
100959: -681 -697 -322 463
100960: -681 -697 -323 472
100962: -681 -698 -397 409
100964: -681 -698 -399 427
100980: -681 -700 -559 409
100984: -681 -700 -563 445
100985: -681 -700 -564 454
100989: -681 -701 -640 409
100990: -681 -701 -641 418
100992: -681 -701 -643 436
100993: -681 -701 -644 445
101000: -681 -702 -723 427
101012: -690 -694 -78 455
101016: -690 -695 -154 410
101025: -690 -696 -235 410
101030: -690 -696 -240 455
101034: -690 -697 -316 410
101037: -690 -697 -319 437
101085: -690 -702 -727 464
101133: -699 -699 -478 411
101134: -699 -699 -479 420
101135: -699 -699 -480 429
101136: -699 -699 -481 438
101141: -699 -699 -486 483
101174: -708 -694 -78 457
101178: -708 -695 -154 412
101187: -708 -696 -235 412
101188: -708 -696 -236 421
101196: -708 -697 -316 412
101223: -708 -700 -559 412
101255: -717 -694 -78 458
101259: -717 -695 -154 413
101269: -717 -696 -236 422
101319: -717 -701 -646 467
101336: -726 -694 -78 459
101340: -726 -695 -154 414
101342: -726 -695 -156 432
101344: -726 -695 -158 450
101346: -726 -695 -160 468
101347: -726 -695 -161 477
101349: -726 -696 -235 414
101350: -726 -696 -236 423
101351: -726 -696 -237 432
101352: -726 -696 -238 441
101355: -726 -696 -241 468
101358: -726 -697 -316 414
101359: -726 -697 -317 423
101360: -726 -697 -318 432
101362: -726 -697 -320 450
101363: -726 -697 -321 459
101367: -726 -698 -397 414
101408: -726 -702 -726 459
101881: -52 -62 -569 501
101882: -52 -62 -570 510
101883: -52 -62 -571 519
101884: -52 -62 -572 528
101885: -52 -62 -573 537
101887: -52 -62 -575 555
101888: -52 -62 -576 564
102224: -97 -136 -12 506
102241: -97 -138 -173 497
102245: -97 -138 -177 533
102247: -97 -138 -179 551
102261: -97 -140 -337 515
102267: -97 -141 -415 488
102273: -97 -141 -421 542
102285: -97 -143 -577 488
102286: -97 -143 -578 497
102287: -97 -143 -579 506
102295: -97 -144 -659 497
102300: -97 -144 -664 542
102305: -106 -136 -12 507
102322: -106 -138 -173 498
102323: -106 -138 -174 507
102326: -106 -138 -177 534
102328: -106 -138 -179 552
102342: -106 -140 -337 516
102348: -106 -141 -415 489
102352: -106 -141 -419 525
102366: -106 -143 -577 489
102378: -106 -144 -661 516
102386: -115 -136 -12 508
102398: -115 -137 -96 535
102400: -115 -137 -98 553
102401: -115 -137 -99 562
102403: -115 -138 -173 499
102404: -115 -138 -174 508
102405: -115 -138 -175 517
102406: -115 -138 -176 526
102408: -115 -138 -178 544
102423: -115 -140 -337 517
102429: -115 -141 -415 490
102432: -115 -141 -418 517
102433: -115 -141 -419 526
102445: -115 -142 -503 553
102447: -115 -143 -577 490
102453: -115 -143 -583 544
102456: -115 -144 -658 490
102457: -115 -144 -659 499
102458: -115 -144 -660 508
102460: -115 -144 -662 526
102463: -115 -144 -665 553
102467: -124 -136 -12 509
102486: -124 -138 -175 518
102490: -124 -138 -179 554
102504: -124 -140 -337 518
102510: -124 -141 -415 491
102514: -124 -141 -419 527
102537: -124 -144 -658 491
102548: -133 -136 -12 510
102562: -133 -137 -98 555
102565: -133 -138 -173 501
102585: -133 -140 -337 519
102591: -133 -141 -415 492
102615: -133 -143 -583 546
102618: -133 -144 -658 492
102624: -133 -144 -664 546
102681: -142 -142 -496 493
102683: -142 -142 -498 511
102684: -142 -142 -499 520
102685: -142 -142 -500 529
102688: -142 -142 -503 556
102710: -151 -136 -12 512
102722: -151 -137 -96 539
102727: -151 -138 -173 503
102728: -151 -138 -174 512
102747: -151 -140 -337 521
102753: -151 -141 -415 494
102755: -151 -141 -417 512
102756: -151 -141 -418 521
102757: -151 -141 -419 530
102758: -151 -141 -420 539
102759: -151 -141 -421 548
102783: -151 -144 -661 521
102784: -151 -144 -662 530
102787: -151 -144 -665 557
102788: -151 -144 -666 566
102791: -160 -136 -12 513
102803: -160 -137 -96 540
102808: -160 -138 -173 504
102815: -160 -138 -180 567
102828: -160 -140 -337 522
102837: -160 -141 -418 522
102842: -160 -141 -423 567
102861: -160 -144 -658 495
102873: -169 -217 -22 514
102879: -169 -218 -100 487
102880: -169 -218 -101 496
102881: -169 -218 -102 505
102883: -169 -218 -104 523
102884: -169 -218 -105 532
102885: -169 -218 -106 541
102886: -169 -218 -107 550
102887: -169 -218 -108 559
102888: -169 -219 -181 487
102892: -169 -219 -185 523
102896: -169 -219 -189 559
102897: -169 -220 -262 487
102898: -169 -220 -263 496
102899: -169 -220 -264 505
102900: -169 -220 -265 514
102901: -169 -220 -266 523
102903: -169 -220 -268 541
102904: -169 -220 -269 550
102905: -169 -220 -270 559
102906: -169 -221 -343 487
102908: -169 -221 -345 505
102912: -169 -221 -349 541
102913: -169 -221 -350 550
102914: -169 -221 -351 559
102915: -169 -222 -424 487
102916: -169 -222 -425 496
102917: -169 -222 -426 505
102919: -169 -222 -428 523
102920: -169 -222 -429 532
102921: -169 -222 -430 541
102923: -169 -222 -432 559
102933: -169 -224 -586 487
102936: -169 -224 -589 514
102937: -169 -224 -590 523
102939: -169 -224 -592 541
102941: -169 -224 -594 559
102942: -169 -225 -667 487
102943: -169 -225 -668 496
102944: -169 -225 -669 505
102945: -169 -225 -670 514
102946: -169 -225 -671 523
102947: -169 -225 -672 532
102948: -169 -225 -673 541
102949: -169 -225 -674 550
102950: -169 -225 -675 559
102954: -178 -217 -22 515
102960: -178 -218 -100 488
102965: -178 -218 -105 533
102966: -178 -218 -106 542
102968: -178 -218 -108 560
102972: -178 -219 -184 515
102974: -178 -219 -186 533
102976: -178 -219 -188 551
102978: -178 -220 -262 488
102979: -178 -220 -263 497
102981: -178 -220 -265 515
102982: -178 -220 -266 524
102985: -178 -220 -269 551
102988: -178 -221 -344 497
103004: -178 -222 -432 560
103014: -178 -224 -586 488
103023: -178 -225 -667 488
103024: -178 -225 -668 497
103035: -187 -217 -22 516
103041: -187 -218 -100 489
103042: -187 -218 -101 498
103043: -187 -218 -102 507
103045: -187 -218 -104 525
103046: -187 -218 -105 534
103048: -187 -218 -107 552
103049: -187 -218 -108 561
103059: -187 -220 -262 489
103061: -187 -220 -264 507
103063: -187 -220 -266 525
103067: -187 -220 -270 561
103069: -187 -221 -344 498
103072: -187 -221 -347 525
103073: -187 -221 -348 534
103075: -187 -221 -350 552
103076: -187 -221 -351 561
103077: -187 -222 -424 489
103079: -187 -222 -426 507
103095: -187 -224 -586 489
103097: -187 -224 -588 507
103104: -187 -225 -667 489
103106: -187 -225 -669 507
103116: -196 -217 -22 517
103122: -196 -218 -100 490
103126: -196 -218 -104 526
103128: -196 -218 -106 544
103129: -196 -218 -107 553
103130: -196 -218 -108 562
103134: -196 -219 -184 517
103140: -196 -220 -262 490
103141: -196 -220 -263 499
103143: -196 -220 -265 517
103144: -196 -220 -266 526
103148: -196 -220 -270 562
103158: -196 -222 -424 490
103176: -196 -224 -586 490
103182: -196 -224 -592 544
103187: -196 -225 -669 508
103188: -196 -225 -670 517
103197: -205 -217 -22 518
103203: -205 -218 -100 491
103204: -205 -218 -101 500
103221: -205 -220 -262 491
103223: -205 -220 -264 509
103225: -205 -220 -266 527
103243: -205 -222 -428 527
103272: -205 -225 -673 545
103278: -214 -217 -22 519
103284: -214 -218 -100 492
103286: -214 -218 -102 510
103288: -214 -218 -104 528
103289: -214 -218 -105 537
103290: -214 -218 -106 546
103292: -214 -218 -108 564
103300: -214 -219 -188 555
103302: -214 -220 -262 492
103303: -214 -220 -263 501
103304: -214 -220 -264 510
103305: -214 -220 -265 519
103306: -214 -220 -266 528
103307: -214 -220 -267 537
103308: -214 -220 -268 546
103338: -214 -224 -586 492
103347: -214 -225 -667 492
103348: -214 -225 -668 501
103350: -214 -225 -670 519
103354: -214 -225 -674 555
103410: -223 -223 -505 493
103411: -223 -223 -506 502
103413: -223 -223 -508 520
103414: -223 -223 -509 529
103415: -223 -223 -510 538
103416: -223 -223 -511 547
103417: -223 -223 -512 556
103418: -223 -223 -513 565
103428: -223 -225 -667 493
103440: -232 -217 -22 521
103446: -232 -218 -100 494
103450: -232 -218 -104 530
103454: -232 -218 -108 566
103464: -232 -220 -262 494
103467: -232 -220 -265 521
103500: -232 -224 -586 494
103511: -232 -225 -669 512
103521: -241 -217 -22 522
103527: -241 -218 -100 495
103531: -241 -218 -104 531
103533: -241 -218 -106 549
103535: -241 -218 -108 567
103541: -241 -219 -186 540
103545: -241 -220 -262 495
103547: -241 -220 -264 513
103549: -241 -220 -266 531
103553: -241 -220 -270 567
103565: -241 -222 -426 513
103581: -241 -224 -586 495
103603: -250 -298 -32 523
103609: -250 -299 -110 496
103610: -250 -299 -111 505
103613: -250 -299 -114 532
103614: -250 -299 -115 541
103615: -250 -299 -116 550
103616: -250 -299 -117 559
103617: -250 -300 -190 487
103618: -250 -300 -191 496
103619: -250 -300 -192 505
103620: -250 -300 -193 514
103621: -250 -300 -194 523
103622: -250 -300 -195 532
103623: -250 -300 -196 541
103624: -250 -300 -197 550
103625: -250 -300 -198 559
103630: -250 -301 -275 523
103631: -250 -301 -276 532
103633: -250 -301 -278 550
103634: -250 -301 -279 559
103636: -250 -302 -353 496
103637: -250 -302 -354 505
103639: -250 -302 -356 523
103640: -250 -302 -357 532
103641: -250 -302 -358 541
103642: -250 -302 -359 550
103643: -250 -302 -360 559
103644: -250 -303 -433 487
103645: -250 -303 -434 496
103646: -250 -303 -435 505
103648: -250 -303 -437 523
103650: -250 -303 -439 541
103652: -250 -303 -441 559
103662: -250 -305 -595 487
103663: -250 -305 -596 496
103664: -250 -305 -597 505
103665: -250 -305 -598 514
103667: -250 -305 -600 532
103668: -250 -305 -601 541
103671: -250 -306 -676 487
103672: -250 -306 -677 496
103673: -250 -306 -678 505
103674: -250 -306 -679 514
103675: -250 -306 -680 523
103676: -250 -306 -681 532
103677: -250 -306 -682 541
103678: -250 -306 -683 550
103679: -250 -306 -684 559
103684: -259 -298 -32 524
103690: -259 -299 -110 497
103691: -259 -299 -111 506
103694: -259 -299 -114 533
103696: -259 -299 -116 551
103697: -259 -299 -117 560
103698: -259 -300 -190 488
103699: -259 -300 -191 497
103700: -259 -300 -192 506
103701: -259 -300 -193 515
103702: -259 -300 -194 524
103703: -259 -300 -195 533
103704: -259 -300 -196 542
103706: -259 -300 -198 560
103712: -259 -301 -276 533
103714: -259 -301 -278 551
103715: -259 -301 -279 560
103717: -259 -302 -353 497
103723: -259 -302 -359 551
103724: -259 -302 -360 560
103725: -259 -303 -433 488
103726: -259 -303 -434 497
103727: -259 -303 -435 506
103728: -259 -303 -436 515
103729: -259 -303 -437 524
103732: -259 -303 -440 551
103733: -259 -303 -441 560
103743: -259 -305 -595 488
103744: -259 -305 -596 497
103747: -259 -305 -599 524
103749: -259 -305 -601 542
103750: -259 -305 -602 551
103751: -259 -305 -603 560
103752: -259 -306 -676 488
103753: -259 -306 -677 497
103755: -259 -306 -679 515
103756: -259 -306 -680 524
103765: -268 -298 -32 525
103772: -268 -299 -111 507
103776: -268 -299 -115 543
103778: -268 -299 -117 561
103779: -268 -300 -190 489
103780: -268 -300 -191 498
103781: -268 -300 -192 507
103783: -268 -300 -194 525
103784: -268 -300 -195 534
103786: -268 -300 -197 552
103787: -268 -300 -198 561
103789: -268 -301 -272 498
103792: -268 -301 -275 525
103796: -268 -301 -279 561
103799: -268 -302 -354 507
103801: -268 -302 -356 525
103804: -268 -302 -359 552
103806: -268 -303 -433 489
103814: -268 -303 -441 561
103824: -268 -305 -595 489
103826: -268 -305 -597 507
103830: -268 -305 -601 543
103833: -268 -306 -676 489
103834: -268 -306 -677 498
103840: -268 -306 -683 552
103841: -268 -306 -684 561
103846: -277 -298 -32 526
103853: -277 -299 -111 508
103856: -277 -299 -114 535
103857: -277 -299 -115 544
103858: -277 -299 -116 553
103859: -277 -299 -117 562
103860: -277 -300 -190 490
103861: -277 -300 -191 499
103862: -277 -300 -192 508
103863: -277 -300 -193 517
103864: -277 -300 -194 526
103865: -277 -300 -195 535
103866: -277 -300 -196 544
103867: -277 -300 -197 553
103868: -277 -300 -198 562
103875: -277 -301 -277 544
103879: -277 -302 -353 499
103880: -277 -302 -354 508
103883: -277 -302 -357 535
103884: -277 -302 -358 544
103886: -277 -302 -360 562
103887: -277 -303 -433 490
103888: -277 -303 -434 499
103891: -277 -303 -437 526
103893: -277 -303 -439 544
103895: -277 -303 -441 562
103905: -277 -305 -595 490
103907: -277 -305 -597 508
103908: -277 -305 -598 517
103911: -277 -305 -601 544
103913: -277 -305 -603 562
103914: -277 -306 -676 490
103915: -277 -306 -677 499
103916: -277 -306 -678 508
103918: -277 -306 -680 526
103919: -277 -306 -681 535
103921: -277 -306 -683 553
103927: -286 -298 -32 527
103933: -286 -299 -110 500
103937: -286 -299 -114 536
103938: -286 -299 -115 545
103939: -286 -299 -116 554
103940: -286 -299 -117 563
103941: -286 -300 -190 491
103942: -286 -300 -191 500
103943: -286 -300 -192 509
103944: -286 -300 -193 518
103945: -286 -300 -194 527
103947: -286 -300 -196 545
103949: -286 -300 -198 563
103968: -286 -303 -433 491
103986: -286 -305 -595 491
104008: -295 -298 -32 528
104014: -295 -299 -110 501
104015: -295 -299 -111 510
104018: -295 -299 -114 537
104019: -295 -299 -115 546
104020: -295 -299 -116 555
104021: -295 -299 -117 564
104022: -295 -300 -190 492
104023: -295 -300 -191 501
104025: -295 -300 -193 519
104026: -295 -300 -194 528
104028: -295 -300 -196 546
104029: -295 -300 -197 555
104031: -295 -301 -271 492
104035: -295 -301 -275 528
104039: -295 -301 -279 564
104042: -295 -302 -354 510
104045: -295 -302 -357 537
104046: -295 -302 -358 546
104050: -295 -303 -434 501
104057: -295 -303 -441 564
104076: -295 -306 -676 492
104077: -295 -306 -677 501
104079: -295 -306 -679 519
104080: -295 -306 -680 528
104139: -304 -304 -514 493
104140: -304 -304 -515 502
104141: -304 -304 -516 511
104142: -304 -304 -517 520
104143: -304 -304 -518 529
104144: -304 -304 -519 538
104145: -304 -304 -520 547
104146: -304 -304 -521 556
104147: -304 -304 -522 565
104170: -313 -298 -32 530
104180: -313 -299 -114 539
104182: -313 -299 -116 557
104184: -313 -300 -190 494
104185: -313 -300 -191 503
104191: -313 -300 -197 557
104194: -313 -301 -272 503
104201: -313 -301 -279 566
104206: -313 -302 -356 530
104208: -313 -302 -358 548
104227: -313 -304 -521 557
104238: -313 -306 -676 494
104244: -313 -306 -682 548
104246: -313 -306 -684 566
104251: -322 -298 -32 531
104263: -322 -299 -116 558
104264: -322 -299 -117 567
104265: -322 -300 -190 495
104266: -322 -300 -191 504
104272: -322 -300 -197 558
104273: -322 -300 -198 567
104279: -322 -301 -276 540
104281: -322 -301 -278 558
104319: -322 -306 -676 495
104321: -322 -306 -678 513
104324: -322 -306 -681 540
104327: -322 -306 -684 567
104328: -331 -379 -37 487
104337: -331 -380 -118 487
104345: -331 -380 -126 559
104346: -331 -381 -199 487
104347: -331 -381 -200 496
104352: -331 -381 -205 541
104365: -331 -383 -362 496
104368: -331 -383 -365 523
104371: -331 -383 -368 550
104373: -331 -384 -442 487
104374: -331 -384 -443 496
104375: -331 -384 -444 505
104376: -331 -384 -445 514
104377: -331 -384 -446 523
104378: -331 -384 -447 532
104379: -331 -384 -448 541
104380: -331 -384 -449 550
104391: -331 -386 -604 487
104392: -331 -386 -605 496
104393: -331 -386 -606 505
104394: -331 -386 -607 514
104395: -331 -386 -608 523
104396: -331 -386 -609 532
104397: -331 -386 -610 541
104400: -331 -387 -685 487
104401: -331 -387 -686 496
104402: -331 -387 -687 505
104403: -331 -387 -688 514
104404: -331 -387 -689 523
104490: -349 -379 -37 489
104499: -349 -380 -118 489
104501: -349 -380 -120 507
104508: -349 -381 -199 489
104509: -349 -381 -200 498
104516: -349 -381 -207 561
104538: -349 -384 -445 516
104559: -349 -386 -610 543
104565: -349 -387 -688 516
104566: -349 -387 -689 525
104571: -358 -379 -37 490
104580: -358 -380 -118 490
104582: -358 -380 -120 508
104585: -358 -380 -123 535
104588: -358 -380 -126 562
104589: -358 -381 -199 490
104590: -358 -381 -200 499
104609: -358 -383 -363 508
104614: -358 -383 -368 553
104615: -358 -383 -369 562
104616: -358 -384 -442 490
104617: -358 -384 -443 499
104620: -358 -384 -446 526
104638: -358 -386 -608 526
104640: -358 -386 -610 544
104642: -358 -386 -612 562
104643: -358 -387 -685 490
104644: -358 -387 -686 499
104646: -358 -387 -688 517
104652: -367 -379 -37 491
104661: -367 -380 -118 491
104663: -367 -380 -120 509
104665: -367 -380 -122 527
104670: -367 -381 -199 491
104673: -367 -381 -202 518
104674: -367 -381 -203 527
104677: -367 -381 -206 554
104697: -367 -384 -442 491
104718: -367 -386 -607 518
104727: -367 -387 -688 518
104728: -367 -387 -689 527
104731: -367 -387 -692 554
104733: -376 -379 -37 492
104742: -376 -380 -118 492
104747: -376 -380 -123 537
104749: -376 -380 -125 555
104751: -376 -381 -199 492
104752: -376 -381 -200 501
104756: -376 -381 -204 537
104759: -376 -381 -207 564
104771: -376 -383 -363 510
104799: -376 -386 -607 519
104868: -385 -385 -523 493
104869: -385 -385 -524 502
104870: -385 -385 -525 511
104871: -385 -385 -526 520
104873: -385 -385 -528 538
104874: -385 -385 -529 547
104875: -385 -385 -530 556
104876: -385 -385 -531 565
104895: -394 -379 -37 494
104904: -394 -380 -118 494
104913: -394 -381 -199 494
104916: -394 -381 -202 521
104921: -394 -381 -207 566
104943: -394 -384 -445 521
104974: -394 -387 -692 557
104976: -403 -379 -37 495
104985: -403 -380 -118 495
104994: -403 -381 -199 495
104995: -403 -381 -200 504
105029: -403 -384 -450 567
105039: -403 -386 -604 495
105045: -403 -386 -610 549
105063: -412 -460 -52 541
105066: -412 -461 -127 487
105075: -412 -462 -208 487
105076: -412 -462 -209 496
105078: -412 -462 -211 514
105084: -412 -463 -289 487
105086: -412 -463 -291 505
105087: -412 -463 -292 514
105091: -412 -463 -296 550
105092: -412 -463 -297 559
105093: -412 -464 -370 487
105104: -412 -465 -453 505
105144: -421 -460 -52 542
105147: -421 -461 -127 488
105156: -421 -462 -208 488
105157: -421 -462 -209 497
105160: -421 -462 -212 524
105165: -421 -463 -289 488
105166: -421 -463 -290 497
105169: -421 -463 -293 524
105190: -421 -465 -458 551
105225: -430 -460 -52 543
105228: -430 -461 -127 489
105230: -430 -461 -129 507
105237: -430 -462 -208 489
105238: -430 -462 -209 498
105239: -430 -462 -210 507
105241: -430 -462 -212 525
105244: -430 -462 -215 552
105246: -430 -463 -289 489
105247: -430 -463 -290 498
105249: -430 -463 -292 516
105250: -430 -463 -293 525
105255: -430 -464 -370 489
105267: -430 -465 -454 516
105293: -430 -468 -696 507
105295: -430 -468 -698 525
105298: -430 -468 -701 552
105306: -439 -460 -52 544
105309: -439 -461 -127 490
105310: -439 -461 -128 499
105317: -439 -461 -135 562
105318: -439 -462 -208 490
105319: -439 -462 -209 499
105324: -439 -462 -214 544
105327: -439 -463 -289 490
105329: -439 -463 -291 508
105331: -439 -463 -293 526
105332: -439 -463 -294 535
105334: -439 -463 -296 553
105335: -439 -463 -297 562
105336: -439 -464 -370 490
105343: -439 -464 -377 553
105363: -439 -467 -613 490
105364: -439 -467 -614 499
105369: -439 -467 -619 544
105370: -439 -467 -620 553
105375: -439 -468 -697 517
105387: -448 -460 -52 545
105390: -448 -461 -127 491
105394: -448 -461 -131 527
105399: -448 -462 -208 491
105408: -448 -463 -289 491
105410: -448 -463 -291 509
105412: -448 -463 -293 527
105468: -457 -460 -52 546
105471: -457 -461 -127 492
105480: -457 -462 -208 492
105481: -457 -462 -209 501
105489: -457 -463 -289 492
105490: -457 -463 -290 501
105491: -457 -463 -291 510
105503: -457 -464 -375 537
105513: -457 -465 -457 546
105530: -457 -467 -618 537
105597: -466 -466 -532 493
105598: -466 -466 -533 502
105600: -466 -466 -535 520
105603: -466 -466 -538 547
105630: -475 -460 -52 548
105633: -475 -461 -127 494
105642: -475 -462 -208 494
105671: -475 -465 -453 512
105687: -475 -467 -613 494
105711: -484 -460 -52 549
105714: -484 -461 -127 495
105723: -484 -462 -208 495
105732: -484 -463 -289 495
105752: -484 -465 -453 513
105779: -484 -468 -696 513
105795: -493 -542 -136 487
105804: -493 -543 -217 487
105805: -493 -543 -218 496
105865: -493 -549 -710 550
105885: -502 -543 -217 488
105886: -502 -543 -218 497
105888: -502 -543 -220 515
105889: -502 -543 -221 524
105890: -502 -543 -222 533
105892: -502 -543 -224 551
105893: -502 -543 -225 560
105899: -502 -544 -303 533
105903: -502 -545 -379 488
105908: -502 -545 -384 533
105910: -502 -545 -386 551
105911: -502 -545 -387 560
105940: -502 -549 -704 497
105966: -511 -543 -217 489
106024: -511 -549 -707 525
106036: -520 -541 -62 553
106038: -520 -542 -136 490
106046: -520 -542 -144 562
106048: -520 -543 -218 499
106066: -520 -545 -380 499
106067: -520 -545 -381 508
106073: -520 -545 -387 562
106089: -520 -547 -547 544
106094: -520 -548 -624 508
106096: -520 -548 -626 526
106102: -520 -549 -704 499
106105: -520 -549 -707 526
106119: -529 -542 -136 491
106129: -529 -543 -218 500
106131: -529 -543 -220 518
106132: -529 -543 -221 527
106133: -529 -543 -222 536
106139: -529 -544 -300 509
106170: -529 -547 -547 545
106183: -529 -549 -704 500
106198: -538 -541 -62 555
106200: -538 -542 -136 492
106209: -538 -543 -217 492
106210: -538 -543 -218 501
106212: -538 -543 -220 519
106213: -538 -543 -221 528
106218: -538 -544 -298 492
106222: -538 -544 -302 528
106251: -538 -547 -547 546
106256: -538 -548 -624 510
106265: -538 -549 -705 510
106266: -538 -549 -706 519
106268: -538 -549 -708 537
106326: -547 -547 -541 493
106329: -547 -547 -544 520
106362: -556 -542 -136 494
106366: -556 -542 -140 530
106370: -556 -542 -144 566
106371: -556 -543 -217 494
106372: -556 -543 -218 503
106378: -556 -543 -224 557
106381: -556 -544 -299 503
106389: -556 -545 -379 494
106390: -556 -545 -380 503
106391: -556 -545 -381 512
106396: -556 -545 -386 557
106397: -556 -545 -387 566
106428: -556 -549 -706 521
106448: -565 -542 -141 540
106452: -565 -543 -217 495
106453: -565 -543 -218 504
106461: -565 -544 -298 495
106471: -565 -545 -380 504
106604: -583 -622 -72 560
106605: -583 -623 -145 488
106606: -583 -623 -146 497
106609: -583 -623 -149 524
106615: -583 -624 -227 497
106623: -583 -625 -307 488
106625: -583 -625 -309 506
106626: -583 -625 -310 515
106627: -583 -625 -311 524
106632: -583 -626 -388 488
106639: -583 -626 -395 551
106668: -583 -630 -712 488
106675: -583 -630 -719 551
106685: -592 -622 -72 561
106686: -592 -623 -145 489
106687: -592 -623 -146 498
106690: -592 -623 -149 525
106695: -592 -624 -226 489
106696: -592 -624 -227 498
106698: -592 -624 -229 516
106703: -592 -624 -234 561
106704: -592 -625 -307 489
106706: -592 -625 -309 507
106722: -592 -627 -469 489
106749: -592 -630 -712 489
106766: -601 -622 -72 562
106767: -601 -623 -145 490
106769: -601 -623 -147 508
106775: -601 -623 -153 562
106776: -601 -624 -226 490
106777: -601 -624 -227 499
106780: -601 -624 -230 526
106785: -601 -625 -307 490
106786: -601 -625 -308 499
106787: -601 -625 -309 508
106788: -601 -625 -310 517
106823: -601 -629 -633 508
106826: -601 -629 -636 535
106830: -601 -630 -712 490
106836: -601 -630 -718 544
106847: -610 -622 -72 563
106848: -610 -623 -145 491
106852: -610 -623 -149 527
106857: -610 -624 -226 491
106866: -610 -625 -307 491
106870: -610 -625 -311 527
106874: -610 -625 -315 563
106884: -610 -627 -469 491
106905: -610 -629 -634 518
106907: -610 -629 -636 536
106911: -610 -630 -712 491
106913: -610 -630 -714 509
106928: -619 -622 -72 564
106929: -619 -623 -145 492
106930: -619 -623 -146 501
106933: -619 -623 -149 528
106935: -619 -623 -151 546
106938: -619 -624 -226 492
106939: -619 -624 -227 501
106941: -619 -624 -229 519
106945: -619 -624 -233 555
106947: -619 -625 -307 492
106949: -619 -625 -309 510
106954: -619 -625 -314 555
106956: -619 -626 -388 492
106963: -619 -626 -395 555
106964: -619 -626 -396 564
106973: -619 -627 -477 564
106984: -619 -629 -632 501
106985: -619 -629 -633 510
106986: -619 -629 -634 519
106994: -619 -630 -714 510
107055: -628 -628 -550 493
107056: -628 -628 -551 502
107057: -628 -628 -552 511
107058: -628 -628 -553 520
107059: -628 -628 -554 529
107060: -628 -628 -555 538
107061: -628 -628 -556 547
107063: -628 -628 -558 565
107171: -646 -622 -72 567
107172: -646 -623 -145 495
107176: -646 -623 -149 531
107178: -646 -623 -151 549
107181: -646 -624 -226 495
107182: -646 -624 -227 504
107186: -646 -624 -231 540
107190: -646 -625 -307 495
107192: -646 -625 -309 513
107193: -646 -625 -310 522
107194: -646 -625 -311 531
107198: -646 -625 -315 567
107199: -646 -626 -388 495
107249: -655 -703 -78 532
107253: -655 -704 -154 487
107262: -655 -705 -235 487
107263: -655 -705 -236 496
107271: -655 -706 -316 487
107272: -655 -706 -317 496
107273: -655 -706 -318 505
107277: -655 -706 -322 541
107280: -655 -707 -397 487
107287: -655 -707 -404 550
107297: -655 -708 -486 559
107307: -655 -710 -640 487
107308: -655 -710 -641 496
107310: -655 -710 -643 514
107311: -655 -710 -644 523
107330: -664 -703 -78 533
107334: -664 -704 -154 488
107335: -664 -704 -155 497
107338: -664 -704 -158 524
107339: -664 -704 -159 533
107343: -664 -705 -235 488
107344: -664 -705 -236 497
107347: -664 -705 -239 524
107352: -664 -706 -316 488
107354: -664 -706 -318 506
107357: -664 -706 -321 533
107363: -664 -707 -399 506
107372: -664 -708 -480 506
107388: -664 -710 -640 488
107391: -664 -710 -643 515
107394: -664 -710 -646 542
107411: -673 -703 -78 534
107415: -673 -704 -154 489
107425: -673 -705 -236 498
107433: -673 -706 -316 489
107435: -673 -706 -318 507
107436: -673 -706 -319 516
107442: -673 -707 -397 489
107456: -673 -708 -483 534
107459: -673 -708 -486 561
107469: -673 -710 -640 489
107482: -673 -711 -725 525
107483: -673 -711 -726 534
107492: -682 -703 -78 535
107496: -682 -704 -154 490
107497: -682 -704 -155 499
107500: -682 -704 -158 526
107502: -682 -704 -160 544
107503: -682 -704 -161 553
107505: -682 -705 -235 490
107506: -682 -705 -236 499
107514: -682 -706 -316 490
107516: -682 -706 -318 508
107518: -682 -706 -320 526
107523: -682 -707 -397 490
107531: -682 -707 -405 562
107534: -682 -708 -480 508
107535: -682 -708 -481 517
107536: -682 -708 -482 526
107540: -682 -708 -486 562
107553: -682 -710 -643 517
107556: -682 -710 -646 544
107562: -682 -711 -724 517
107573: -691 -703 -78 536
107577: -691 -704 -154 491
107586: -691 -705 -235 491
107587: -691 -705 -236 500
107595: -691 -706 -316 491
107597: -691 -706 -318 509
107654: -700 -703 -78 537
107658: -700 -704 -154 492
107667: -700 -705 -235 492
107668: -700 -705 -236 501
107676: -700 -706 -316 492
107679: -700 -706 -319 519
107690: -700 -707 -402 537
107692: -700 -707 -404 555
107697: -700 -708 -481 519
107722: -700 -711 -722 501
107723: -700 -711 -723 510
107724: -700 -711 -724 519
107725: -700 -711 -725 528
107784: -709 -709 -559 493
107785: -709 -709 -560 502
107786: -709 -709 -561 511
107787: -709 -709 -562 520
107788: -709 -709 -563 529
107789: -709 -709 -564 538
107790: -709 -709 -565 547
107816: -718 -703 -78 539
107825: -718 -704 -159 539
107838: -718 -706 -316 494
107858: -718 -708 -480 512
107897: -727 -703 -78 540
107901: -727 -704 -154 495
107910: -727 -705 -235 495
107919: -727 -706 -316 495
107923: -727 -706 -320 531
107926: -727 -706 -323 558
107955: -727 -710 -640 495
107961: -727 -710 -646 549
107970: -727 -711 -727 549
108532: -62 -72 -650 583
108533: -62 -72 -651 592
108534: -62 -72 -652 601
108535: -62 -72 -653 610
108536: -62 -72 -654 619
108537: -62 -72 -655 628
108539: -62 -72 -657 646
108785: -98 -145 -12 587
108822: -98 -149 -337 596
108828: -98 -150 -415 569
108840: -98 -151 -499 596
108844: -98 -151 -503 632
108862: -98 -153 -665 632
108866: -107 -145 -12 588
108884: -107 -147 -174 588
108903: -107 -149 -337 597
108909: -107 -150 -415 570
108912: -107 -150 -418 597
108913: -107 -150 -419 606
108918: -107 -151 -496 570
108920: -107 -151 -498 588
108921: -107 -151 -499 597
108923: -107 -151 -501 615
108925: -107 -151 -503 633
108937: -107 -153 -659 579
108939: -107 -153 -661 597
108947: -116 -145 -12 589
108956: -116 -146 -93 589
108958: -116 -146 -95 607
108959: -116 -146 -96 616
108960: -116 -146 -97 625
108962: -116 -146 -99 643
108964: -116 -147 -173 580
108965: -116 -147 -174 589
108967: -116 -147 -176 607
108970: -116 -147 -179 634
108984: -116 -149 -337 598
108990: -116 -150 -415 571
108992: -116 -150 -417 589
108993: -116 -150 -418 598
108994: -116 -150 -419 607
108996: -116 -150 -421 625
108998: -116 -150 -423 643
109002: -116 -151 -499 598
109003: -116 -151 -500 607
109006: -116 -151 -503 634
109017: -116 -153 -658 571
109025: -116 -153 -666 643
109028: -125 -145 -12 590
109051: -125 -147 -179 635
109065: -125 -149 -337 599
109071: -125 -150 -415 572
109074: -125 -150 -418 599
109083: -125 -151 -499 599
109109: -134 -145 -12 591
109126: -134 -147 -173 582
109130: -134 -147 -177 618
109132: -134 -147 -179 636
109146: -134 -149 -337 600
109164: -134 -151 -499 600
109166: -134 -151 -501 618
109168: -134 -151 -503 636
109169: -134 -151 -504 645
109190: -143 -145 -12 592
109205: -143 -146 -99 646
109207: -143 -147 -173 583
109213: -143 -147 -179 637
109227: -143 -149 -337 601
109233: -143 -150 -415 574
109240: -143 -150 -422 637
109241: -143 -150 -423 646
109242: -143 -151 -496 574
109247: -143 -151 -501 619
109249: -143 -151 -503 637
109262: -143 -153 -660 592
109332: -152 -152 -577 575
109333: -152 -152 -578 584
109335: -152 -152 -580 602
109336: -152 -152 -581 611
109337: -152 -152 -582 620
109340: -152 -152 -585 647
109352: -161 -145 -12 594
109369: -161 -147 -173 585
109389: -161 -149 -337 603
109395: -161 -150 -415 576
109398: -161 -150 -418 603
109403: -161 -150 -423 648
109434: -170 -226 -22 595
109441: -170 -227 -101 577
109442: -170 -227 -102 586
109444: -170 -227 -104 604
109445: -170 -227 -105 613
109446: -170 -227 -106 622
109447: -170 -227 -107 631
109448: -170 -227 -108 640
109449: -170 -228 -181 568
109452: -170 -228 -184 595
109453: -170 -228 -185 604
109454: -170 -228 -186 613
109458: -170 -229 -262 568
109459: -170 -229 -263 577
109460: -170 -229 -264 586
109461: -170 -229 -265 595
109462: -170 -229 -266 604
109463: -170 -229 -267 613
109465: -170 -229 -269 631
109466: -170 -229 -270 640
109467: -170 -230 -343 568
109468: -170 -230 -344 577
109469: -170 -230 -345 586
109471: -170 -230 -347 604
109472: -170 -230 -348 613
109473: -170 -230 -349 622
109474: -170 -230 -350 631
109475: -170 -230 -351 640
109476: -170 -231 -424 568
109477: -170 -231 -425 577
109478: -170 -231 -426 586
109479: -170 -231 -427 595
109480: -170 -231 -428 604
109481: -170 -231 -429 613
109482: -170 -231 -430 622
109483: -170 -231 -431 631
109484: -170 -231 -432 640
109485: -170 -232 -505 568
109486: -170 -232 -506 577
109487: -170 -232 -507 586
109488: -170 -232 -508 595
109489: -170 -232 -509 604
109490: -170 -232 -510 613
109491: -170 -232 -511 622
109492: -170 -232 -512 631
109493: -170 -232 -513 640
109503: -170 -234 -667 568
109505: -170 -234 -669 586
109506: -170 -234 -670 595
109510: -170 -234 -674 631
109515: -179 -226 -22 596
109521: -179 -227 -100 569
109522: -179 -227 -101 578
109525: -179 -227 -104 605
109526: -179 -227 -105 614
109527: -179 -227 -106 623
109529: -179 -227 -108 641
109530: -179 -228 -181 569
109533: -179 -228 -184 596
109534: -179 -228 -185 605
109539: -179 -229 -262 569
109540: -179 -229 -263 578
109541: -179 -229 -264 587
109542: -179 -229 -265 596
109543: -179 -229 -266 605
109544: -179 -229 -267 614
109557: -179 -231 -424 569
109558: -179 -231 -425 578
109559: -179 -231 -426 587
109565: -179 -231 -432 641
109566: -179 -232 -505 569
109569: -179 -232 -508 596
109596: -188 -226 -22 597
109602: -188 -227 -100 570
109604: -188 -227 -102 588
109606: -188 -227 -104 606
109607: -188 -227 -105 615
109609: -188 -227 -107 633
109620: -188 -229 -262 570
109622: -188 -229 -264 588
109624: -188 -229 -266 606
109627: -188 -229 -269 633
109628: -188 -229 -270 642
109629: -188 -230 -343 570
109636: -188 -230 -350 633
109637: -188 -230 -351 642
109642: -188 -231 -428 606
109647: -188 -232 -505 570
109665: -188 -234 -667 570
109667: -188 -234 -669 588
109677: -197 -226 -22 598
109683: -197 -227 -100 571
109684: -197 -227 -101 580
109687: -197 -227 -104 607
109688: -197 -227 -105 616
109691: -197 -227 -108 643
109697: -197 -228 -186 616
109698: -197 -228 -187 625
109701: -197 -229 -262 571
109704: -197 -229 -265 598
109705: -197 -229 -266 607
109706: -197 -229 -267 616
109707: -197 -229 -268 625
109710: -197 -230 -343 571
109712: -197 -230 -345 589
109716: -197 -230 -349 625
109718: -197 -230 -351 643
109725: -197 -231 -430 625
109728: -197 -232 -505 571
109731: -197 -232 -508 598
109746: -197 -234 -667 571
109748: -197 -234 -669 589
109749: -197 -234 -670 598
109758: -206 -226 -22 599
109764: -206 -227 -100 572
109765: -206 -227 -101 581
109766: -206 -227 -102 590
109768: -206 -227 -104 608
109769: -206 -227 -105 617
109771: -206 -227 -107 635
109778: -206 -228 -186 617
109781: -206 -228 -189 644
109782: -206 -229 -262 572
109784: -206 -229 -264 590
109786: -206 -229 -266 608
109812: -206 -232 -508 599
109827: -206 -234 -667 572
109829: -206 -234 -669 590
109839: -215 -226 -22 600
109845: -215 -227 -100 573
109846: -215 -227 -101 582
109849: -215 -227 -104 609
109850: -215 -227 -105 618
109852: -215 -227 -107 636
109853: -215 -227 -108 645
109865: -215 -229 -264 591
109866: -215 -229 -265 600
109869: -215 -229 -268 627
109893: -215 -232 -508 600
109920: -224 -226 -22 601
109926: -224 -227 -100 574
109927: -224 -227 -101 583
109928: -224 -227 -102 592
109930: -224 -227 -104 610
109931: -224 -227 -105 619
109932: -224 -227 -106 628
109933: -224 -227 -107 637
109934: -224 -227 -108 646
109935: -224 -228 -181 574
109944: -224 -229 -262 574
109946: -224 -229 -264 592
109947: -224 -229 -265 601
109962: -224 -231 -424 574
109971: -224 -232 -505 574
109991: -224 -234 -669 592
109992: -224 -234 -670 601
110061: -233 -233 -586 575
110062: -233 -233 -587 584
110064: -233 -233 -589 602
110065: -233 -233 -590 611
110066: -233 -233 -591 620
110069: -233 -233 -594 647
110082: -242 -226 -22 603
110088: -242 -227 -100 576
110090: -242 -227 -102 594
110093: -242 -227 -105 621
110095: -242 -227 -107 639
110101: -242 -228 -185 612
110103: -242 -228 -187 630
110108: -242 -229 -264 594
110109: -242 -229 -265 603
110164: -251 -307 -32 604
110170: -251 -308 -110 577
110171: -251 -308 -111 586
110173: -251 -308 -113 604
110174: -251 -308 -114 613
110175: -251 -308 -115 622
110176: -251 -308 -116 631
110177: -251 -308 -117 640
110178: -251 -309 -190 568
110180: -251 -309 -192 586
110181: -251 -309 -193 595
110182: -251 -309 -194 604
110183: -251 -309 -195 613
110184: -251 -309 -196 622
110185: -251 -309 -197 631
110186: -251 -309 -198 640
110187: -251 -310 -271 568
110188: -251 -310 -272 577
110192: -251 -310 -276 613
110193: -251 -310 -277 622
110195: -251 -310 -279 640
110197: -251 -311 -353 577
110198: -251 -311 -354 586
110200: -251 -311 -356 604
110201: -251 -311 -357 613
110202: -251 -311 -358 622
110203: -251 -311 -359 631
110204: -251 -311 -360 640
110205: -251 -312 -433 568
110206: -251 -312 -434 577
110207: -251 -312 -435 586
110208: -251 -312 -436 595
110209: -251 -312 -437 604
110210: -251 -312 -438 613
110211: -251 -312 -439 622
110212: -251 -312 -440 631
110213: -251 -312 -441 640
110214: -251 -313 -514 568
110215: -251 -313 -515 577
110216: -251 -313 -516 586
110217: -251 -313 -517 595
110219: -251 -313 -519 613
110220: -251 -313 -520 622
110222: -251 -313 -522 640
110232: -251 -315 -676 568
110233: -251 -315 -677 577
110234: -251 -315 -678 586
110235: -251 -315 -679 595
110236: -251 -315 -680 604
110237: -251 -315 -681 613
110238: -251 -315 -682 622
110239: -251 -315 -683 631
110245: -260 -307 -32 605
110251: -260 -308 -110 578
110252: -260 -308 -111 587
110255: -260 -308 -114 614
110256: -260 -308 -115 623
110258: -260 -308 -117 641
110259: -260 -309 -190 569
110260: -260 -309 -191 578
110261: -260 -309 -192 587
110262: -260 -309 -193 596
110263: -260 -309 -194 605
110264: -260 -309 -195 614
110265: -260 -309 -196 623
110266: -260 -309 -197 632
110273: -260 -310 -276 614
110274: -260 -310 -277 623
110276: -260 -310 -279 641
110278: -260 -311 -353 578
110281: -260 -311 -356 605
110282: -260 -311 -357 614
110286: -260 -312 -433 569
110287: -260 -312 -434 578
110288: -260 -312 -435 587
110289: -260 -312 -436 596
110290: -260 -312 -437 605
110294: -260 -312 -441 641
110295: -260 -313 -514 569
110296: -260 -313 -515 578
110298: -260 -313 -517 596
110299: -260 -313 -518 605
110300: -260 -313 -519 614
110302: -260 -313 -521 632
110313: -260 -315 -676 569
110314: -260 -315 -677 578
110316: -260 -315 -679 596
110317: -260 -315 -680 605
110318: -260 -315 -681 614
110320: -260 -315 -683 632
110321: -260 -315 -684 641
110326: -269 -307 -32 606
110333: -269 -308 -111 588
110337: -269 -308 -115 624
110338: -269 -308 -116 633
110339: -269 -308 -117 642
110340: -269 -309 -190 570
110341: -269 -309 -191 579
110342: -269 -309 -192 588
110344: -269 -309 -194 606
110346: -269 -309 -196 624
110348: -269 -309 -198 642
110353: -269 -310 -275 606
110354: -269 -310 -276 615
110357: -269 -310 -279 642
110360: -269 -311 -354 588
110362: -269 -311 -356 606
110364: -269 -311 -358 624
110365: -269 -311 -359 633
110368: -269 -312 -434 579
110373: -269 -312 -439 624
110376: -269 -313 -514 570
110378: -269 -313 -516 588
110394: -269 -315 -676 570
110407: -278 -307 -32 607
110413: -278 -308 -110 580
110414: -278 -308 -111 589
110417: -278 -308 -114 616
110418: -278 -308 -115 625
110419: -278 -308 -116 634
110420: -278 -308 -117 643
110421: -278 -309 -190 571
110422: -278 -309 -191 580
110423: -278 -309 -192 589
110424: -278 -309 -193 598
110425: -278 -309 -194 607
110426: -278 -309 -195 616
110428: -278 -309 -197 634
110429: -278 -309 -198 643
110441: -278 -311 -354 589
110443: -278 -311 -356 607
110444: -278 -311 -357 616
110445: -278 -311 -358 625
110446: -278 -311 -359 634
110447: -278 -311 -360 643
110448: -278 -312 -433 571
110449: -278 -312 -434 580
110450: -278 -312 -435 589
110451: -278 -312 -436 598
110452: -278 -312 -437 607
110453: -278 -312 -438 616
110454: -278 -312 -439 625
110455: -278 -312 -440 634
110456: -278 -312 -441 643
110457: -278 -313 -514 571
110471: -278 -314 -600 616
110474: -278 -314 -603 643
110475: -278 -315 -676 571
110476: -278 -315 -677 580
110478: -278 -315 -679 598
110480: -278 -315 -681 616
110481: -278 -315 -682 625
110482: -278 -315 -683 634
110488: -287 -307 -32 608
110494: -287 -308 -110 581
110498: -287 -308 -114 617
110502: -287 -309 -190 572
110503: -287 -309 -191 581
110504: -287 -309 -192 590
110505: -287 -309 -193 599
110506: -287 -309 -194 608
110507: -287 -309 -195 617
110509: -287 -309 -197 635
110510: -287 -309 -198 644
110525: -287 -311 -357 617
110538: -287 -313 -514 572
110543: -287 -313 -519 617
110557: -287 -315 -677 581
110560: -287 -315 -680 608
110569: -296 -307 -32 609
110575: -296 -308 -110 582
110576: -296 -308 -111 591
110583: -296 -309 -190 573
110584: -296 -309 -191 582
110585: -296 -309 -192 591
110593: -296 -310 -272 582
110596: -296 -310 -275 609
110607: -296 -311 -358 627
110614: -296 -312 -437 609
110619: -296 -313 -514 573
110624: -296 -313 -519 618
110637: -296 -315 -676 573
110644: -296 -315 -683 636
110650: -305 -307 -32 610
110657: -305 -308 -111 592
110660: -305 -308 -114 619
110662: -305 -308 -116 637
110663: -305 -308 -117 646
110664: -305 -309 -190 574
110665: -305 -309 -191 583
110666: -305 -309 -192 592
110668: -305 -309 -194 610
110672: -305 -309 -198 646
110674: -305 -310 -272 583
110677: -305 -310 -275 610
110678: -305 -310 -276 619
110681: -305 -310 -279 646
110687: -305 -311 -357 619
110688: -305 -311 -358 628
110689: -305 -311 -359 637
110691: -305 -312 -433 574
110693: -305 -312 -435 592
110699: -305 -312 -441 646
110700: -305 -313 -514 574
110705: -305 -313 -519 619
110718: -305 -315 -676 574
110719: -305 -315 -677 583
110722: -305 -315 -680 610
110731: -314 -307 -32 611
110790: -314 -314 -595 575
110791: -314 -314 -596 584
110792: -314 -314 -597 593
110793: -314 -314 -598 602
110794: -314 -314 -599 611
110795: -314 -314 -600 620
110796: -314 -314 -601 629
110798: -314 -314 -603 647
110812: -323 -307 -32 612
110822: -323 -308 -114 621
110823: -323 -308 -115 630
110825: -323 -308 -117 648
110826: -323 -309 -190 576
110827: -323 -309 -191 585
110830: -323 -309 -194 612
110836: -323 -310 -272 585
110839: -323 -310 -275 612
110840: -323 -310 -276 621
110846: -323 -311 -354 594
110852: -323 -311 -360 648
110854: -323 -312 -434 585
110862: -323 -313 -514 576
110889: -332 -388 -37 568
110898: -332 -389 -118 568
110903: -332 -389 -123 613
110905: -332 -389 -125 631
110907: -332 -390 -199 568
110908: -332 -390 -200 577
110910: -332 -390 -202 595
110911: -332 -390 -203 604
110914: -332 -390 -206 631
110927: -332 -392 -363 586
110934: -332 -393 -442 568
110935: -332 -393 -443 577
110936: -332 -393 -444 586
110937: -332 -393 -445 595
110942: -332 -393 -450 640
110943: -332 -394 -523 568
110944: -332 -394 -524 577
110945: -332 -394 -525 586
110946: -332 -394 -526 595
110947: -332 -394 -527 604
110949: -332 -394 -529 622
110961: -332 -396 -685 568
110962: -332 -396 -686 577
110963: -332 -396 -687 586
110964: -332 -396 -688 595
110965: -332 -396 -689 604
110968: -332 -396 -692 631
111051: -350 -388 -37 570
111060: -350 -389 -118 570
111069: -350 -390 -199 570
111075: -350 -390 -205 624
111077: -350 -390 -207 642
111092: -350 -392 -366 615
111099: -350 -393 -445 597
111104: -350 -393 -450 642
111105: -350 -394 -523 570
111108: -350 -394 -526 597
111123: -350 -396 -685 570
111124: -350 -396 -686 579
111126: -350 -396 -688 597
111132: -359 -388 -37 571
111141: -359 -389 -118 571
111150: -359 -390 -199 571
111151: -359 -390 -200 580
111170: -359 -392 -363 589
111174: -359 -392 -367 625
111180: -359 -393 -445 598
111181: -359 -393 -446 607
111185: -359 -393 -450 643
111186: -359 -394 -523 571
111187: -359 -394 -524 580
111189: -359 -394 -526 598
111191: -359 -394 -528 616
111205: -359 -396 -686 580
111207: -359 -396 -688 598
111208: -359 -396 -689 607
111210: -359 -396 -691 625
111211: -359 -396 -692 634
111213: -368 -388 -37 572
111222: -368 -389 -118 572
111227: -368 -389 -123 617
111231: -368 -390 -199 572
111232: -368 -390 -200 581
111236: -368 -390 -204 617
111237: -368 -390 -205 626
111238: -368 -390 -206 635
111239: -368 -390 -207 644
111256: -368 -392 -368 635
111259: -368 -393 -443 581
111260: -368 -393 -444 590
111261: -368 -393 -445 599
111262: -368 -393 -446 608
111264: -368 -393 -448 626
111265: -368 -393 -449 635
111267: -368 -394 -523 572
111277: -368 -395 -605 581
111286: -368 -396 -686 581
111289: -368 -396 -689 608
111292: -368 -396 -692 635
111294: -377 -388 -37 573
111303: -377 -389 -118 573
111310: -377 -389 -125 636
111312: -377 -390 -199 573
111313: -377 -390 -200 582
111348: -377 -394 -523 573
111375: -386 -388 -37 574
111384: -386 -389 -118 574
111391: -386 -389 -125 637
111393: -386 -390 -199 574
111398: -386 -390 -204 619
111399: -386 -390 -205 628
111429: -386 -394 -523 574
111432: -386 -394 -526 601
111447: -386 -396 -685 574
111449: -386 -396 -687 592
111456: -395 -388 -37 575
111519: -395 -395 -604 575
111520: -395 -395 -605 584
111521: -395 -395 -606 593
111522: -395 -395 -607 602
111524: -395 -395 -609 620
111525: -395 -395 -610 629
111526: -395 -395 -611 638
111527: -395 -395 -612 647
111537: -404 -388 -37 576
111546: -404 -389 -118 576
111553: -404 -389 -125 639
111555: -404 -390 -199 576
111556: -404 -390 -200 585
111560: -404 -390 -204 621
111591: -404 -394 -523 576
111617: -404 -396 -693 648
111624: -413 -469 -52 622
111627: -413 -470 -127 568
111635: -413 -470 -135 640
111636: -413 -471 -208 568
111637: -413 -471 -209 577
111643: -413 -471 -215 631
111645: -413 -472 -289 568
111646: -413 -472 -290 577
111647: -413 -472 -291 586
111654: -413 -473 -370 568
111662: -413 -473 -378 640
111665: -413 -474 -453 586
111666: -413 -474 -454 595
111691: -413 -477 -695 577
111705: -422 -469 -52 623
111708: -422 -470 -127 569
111709: -422 -470 -128 578
111710: -422 -470 -129 587
111717: -422 -471 -208 569
111718: -422 -471 -209 578
111719: -422 -471 -210 587
111720: -422 -471 -211 596
111721: -422 -471 -212 605
111725: -422 -471 -216 641
111726: -422 -472 -289 569
111727: -422 -472 -290 578
111729: -422 -472 -292 596
111735: -422 -473 -370 569
111755: -422 -475 -534 587
111786: -431 -469 -52 624
111789: -431 -470 -127 570
111798: -431 -471 -208 570
111800: -431 -471 -210 588
111802: -431 -471 -212 606
111807: -431 -472 -289 570
111809: -431 -472 -291 588
111810: -431 -472 -292 597
111811: -431 -472 -293 606
111818: -431 -473 -372 588
111829: -431 -474 -455 606
111831: -431 -474 -457 624
111855: -431 -477 -697 597
111859: -431 -477 -701 633
111867: -440 -469 -52 625
111870: -440 -470 -127 571
111871: -440 -470 -128 580
111872: -440 -470 -129 589
111874: -440 -470 -131 607
111877: -440 -470 -134 634
111879: -440 -471 -208 571
111880: -440 -471 -209 580
111883: -440 -471 -212 607
111888: -440 -472 -289 571
111889: -440 -472 -290 580
111890: -440 -472 -291 589
111892: -440 -472 -293 607
111895: -440 -472 -296 634
111916: -440 -475 -533 580
111937: -440 -477 -698 607
111940: -440 -477 -701 634
111948: -449 -469 -52 626
111951: -449 -470 -127 572
111960: -449 -471 -208 572
111962: -449 -471 -210 590
111969: -449 -472 -289 572
111971: -449 -472 -291 590
112029: -458 -469 -52 627
112032: -458 -470 -127 573
112040: -458 -470 -135 645
112041: -458 -471 -208 573
112050: -458 -472 -289 573
112055: -458 -472 -294 618
112095: -458 -477 -694 573
112102: -458 -477 -701 636
112110: -467 -469 -52 628
112113: -467 -470 -127 574
112114: -467 -470 -128 583
112129: -467 -471 -215 637
112131: -467 -472 -289 574
112132: -467 -472 -290 583
112134: -467 -472 -292 601
112137: -467 -472 -295 628
112150: -467 -474 -452 583
112151: -467 -474 -453 592
112152: -467 -474 -454 601
112153: -467 -474 -455 610
112161: -467 -475 -535 601
112248: -476 -476 -613 575
112249: -476 -476 -614 584
112250: -476 -476 -615 593
112251: -476 -476 -616 602
112252: -476 -476 -617 611
112253: -476 -476 -618 620
112254: -476 -476 -619 629
112256: -476 -476 -621 647
112272: -485 -469 -52 630
112275: -485 -470 -127 576
112293: -485 -472 -289 576
112354: -494 -550 -62 631
112356: -494 -551 -136 568
112357: -494 -551 -137 577
112365: -494 -552 -217 568
112366: -494 -552 -218 577
112368: -494 -552 -220 595
112374: -494 -553 -298 568
112376: -494 -553 -300 586
112377: -494 -553 -301 595
112383: -494 -554 -379 568
112404: -494 -556 -544 595
112435: -503 -550 -62 632
112437: -503 -551 -136 569
112438: -503 -551 -137 578
112442: -503 -551 -141 614
112446: -503 -552 -217 569
112447: -503 -552 -218 578
112451: -503 -552 -222 614
112457: -503 -553 -300 587
112459: -503 -553 -302 605
112464: -503 -554 -379 569
112465: -503 -554 -380 578
112500: -503 -558 -703 569
112516: -512 -550 -62 633
112518: -512 -551 -136 570
112519: -512 -551 -137 579
112520: -512 -551 -138 588
112527: -512 -552 -217 570
112528: -512 -552 -218 579
112535: -512 -552 -225 642
112536: -512 -553 -298 570
112538: -512 -553 -300 588
112539: -512 -553 -301 597
112540: -512 -553 -302 606
112544: -512 -553 -306 642
112545: -512 -554 -379 570
112546: -512 -554 -380 579
112557: -512 -555 -463 597
112558: -512 -555 -464 606
112559: -512 -555 -465 615
112561: -512 -555 -467 633
112562: -512 -555 -468 642
112567: -512 -556 -545 606
112581: -512 -558 -703 570
112597: -521 -550 -62 634
112599: -521 -551 -136 571
112600: -521 -551 -137 580
112603: -521 -551 -140 607
112606: -521 -551 -143 634
112608: -521 -552 -217 571
112609: -521 -552 -218 580
112612: -521 -552 -221 607
112615: -521 -552 -224 634
112617: -521 -553 -298 571
112618: -521 -553 -299 580
112619: -521 -553 -300 589
112621: -521 -553 -302 607
112625: -521 -553 -306 643
112626: -521 -554 -379 571
112627: -521 -554 -380 580
112646: -521 -556 -543 589
112662: -521 -558 -703 571
112666: -521 -558 -707 607
112669: -521 -558 -710 634
112678: -530 -550 -62 635
112680: -530 -551 -136 572
112684: -530 -551 -140 608
112688: -530 -551 -144 644
112689: -530 -552 -217 572
112698: -530 -553 -298 572
112700: -530 -553 -300 590
112711: -530 -554 -383 608
112712: -530 -554 -384 617
112715: -530 -554 -387 644
112728: -530 -556 -544 599
112743: -530 -558 -703 572
112759: -539 -550 -62 636
112761: -539 -551 -136 573
112777: -539 -552 -224 636
112779: -539 -553 -298 573
112788: -539 -554 -379 573
112799: -539 -555 -462 591
112840: -548 -550 -62 637
112842: -548 -551 -136 574
112843: -548 -551 -137 583
112852: -548 -552 -218 583
112854: -548 -552 -220 601
112857: -548 -552 -223 628
112860: -548 -553 -298 574
112866: -548 -553 -304 628
112869: -548 -554 -379 574
112886: -548 -555 -468 646
112894: -548 -556 -548 637
112950: -557 -554 -379 575
112977: -557 -557 -622 575
112978: -557 -557 -623 584
112982: -557 -557 -627 620
112984: -557 -557 -629 638
113002: -566 -550 -62 639
113004: -566 -551 -136 576
113013: -566 -552 -217 576
113014: -566 -552 -218 585
113022: -566 -553 -298 576
113025: -566 -553 -301 603
113067: -566 -558 -703 576
113068: -566 -558 -704 585
113085: -575 -632 -145 568
113089: -575 -632 -149 604
113090: -575 -632 -150 613
113094: -575 -633 -226 568
113098: -575 -633 -230 604
113099: -575 -633 -231 613
113103: -575 -634 -307 568
113104: -575 -634 -308 577
113105: -575 -634 -309 586
113121: -575 -636 -469 568
113122: -575 -636 -470 577
113175: -584 -633 -226 569
113178: -584 -633 -229 596
113179: -584 -633 -230 605
113180: -584 -633 -231 614
113181: -584 -633 -232 623
113183: -584 -633 -234 641
113184: -584 -634 -307 569
113187: -584 -634 -310 596
113206: -584 -636 -473 605
113230: -584 -639 -713 578
113232: -584 -639 -715 596
113234: -584 -639 -717 614
113327: -602 -631 -72 643
113330: -602 -632 -147 589
113338: -602 -633 -227 580
113355: -602 -635 -388 571
113357: -602 -635 -390 589
113361: -602 -635 -394 625
113368: -602 -636 -473 607
113389: -602 -638 -638 634
113391: -602 -639 -712 571
113393: -602 -639 -714 589
113394: -602 -639 -715 598
113396: -602 -639 -717 616
113409: -611 -632 -145 572
113413: -611 -632 -149 608
113418: -611 -633 -226 572
113419: -611 -633 -227 581
113423: -611 -633 -231 617
113428: -611 -634 -308 581
113429: -611 -634 -309 590
113470: -611 -638 -638 635
113472: -611 -639 -712 572
113490: -620 -632 -145 573
113499: -620 -633 -226 573
113500: -620 -633 -227 582
113517: -620 -635 -388 573
113522: -620 -635 -393 618
113524: -620 -635 -395 636
113570: -629 -631 -72 646
113571: -629 -632 -145 574
113580: -629 -633 -226 574
113581: -629 -633 -227 583
113589: -629 -634 -307 574
113590: -629 -634 -308 583
113591: -629 -634 -309 592
113594: -629 -634 -312 619
113632: -629 -638 -638 637
113635: -629 -639 -713 583
113637: -629 -639 -715 601
113733: -647 -632 -145 576
113742: -647 -633 -226 576
113743: -647 -633 -227 585
113745: -647 -633 -229 603
113751: -647 -634 -307 576
113752: -647 -634 -308 585
113753: -647 -634 -309 594
113755: -647 -634 -311 612
113891: -665 -712 -78 614
113895: -665 -713 -154 569
113896: -665 -713 -155 578
113899: -665 -713 -158 605
113904: -665 -714 -235 569
113905: -665 -714 -236 578
113908: -665 -714 -239 605
113913: -665 -715 -316 569
113915: -665 -715 -318 587
113922: -665 -716 -397 569
113924: -665 -716 -399 587
113931: -665 -717 -478 569
113933: -665 -717 -480 587
113961: -665 -720 -724 596
113972: -674 -712 -78 615
113976: -674 -713 -154 570
113980: -674 -713 -158 606
113985: -674 -714 -235 570
113986: -674 -714 -236 579
113990: -674 -714 -240 615
113994: -674 -715 -316 570
113995: -674 -715 -317 579
113996: -674 -715 -318 588
114004: -674 -716 -398 579
114053: -683 -712 -78 616
114057: -683 -713 -154 571
114058: -683 -713 -155 580
114061: -683 -713 -158 607
114064: -683 -713 -161 634
114066: -683 -714 -235 571
114067: -683 -714 -236 580
114073: -683 -714 -242 634
114075: -683 -715 -316 571
114077: -683 -715 -318 589
114084: -683 -716 -397 571
114093: -683 -717 -478 571
114100: -683 -717 -485 634
114102: -683 -718 -559 571
114107: -683 -718 -564 616
114122: -683 -720 -723 589
114126: -683 -720 -727 625
114134: -692 -712 -78 617
114138: -692 -713 -154 572
114142: -692 -713 -158 608
114147: -692 -714 -235 572
114148: -692 -714 -236 581
114151: -692 -714 -239 608
114154: -692 -714 -242 635
114155: -692 -714 -243 644
114156: -692 -715 -316 572
114157: -692 -715 -317 581
114165: -692 -716 -397 572
114177: -692 -717 -481 599
114202: -692 -720 -722 581
114204: -692 -720 -724 599
114215: -701 -712 -78 618
114219: -701 -713 -154 573
114223: -701 -713 -158 609
114228: -701 -714 -235 573
114237: -701 -715 -316 573
114238: -701 -715 -317 582
114255: -701 -717 -478 573
114264: -701 -718 -559 573
114284: -701 -720 -723 591
114285: -701 -720 -724 600
114296: -710 -712 -78 619
114300: -710 -713 -154 574
114304: -710 -713 -158 610
114307: -710 -713 -161 637
114309: -710 -714 -235 574
114310: -710 -714 -236 583
114315: -710 -714 -241 628
114318: -710 -715 -316 574
114319: -710 -715 -317 583
114320: -710 -715 -318 592
114321: -710 -715 -319 601
114325: -710 -715 -323 637
114327: -710 -716 -397 574
114329: -710 -716 -399 592
114338: -710 -717 -480 592
114339: -710 -717 -481 601
114350: -710 -718 -564 619
114364: -710 -720 -722 583
114365: -710 -720 -723 592
114366: -710 -720 -724 601
114368: -710 -720 -726 619
114435: -719 -719 -640 575
114436: -719 -719 -641 584
114437: -719 -719 -642 593
114438: -719 -719 -643 602
114439: -719 -719 -644 611
114440: -719 -719 -645 620
114441: -719 -719 -646 629
114442: -719 -719 -647 638
115147: -72 -78 -407 665
115148: -72 -78 -408 674
115149: -72 -78 -409 683
115150: -72 -78 -410 692
115151: -72 -78 -411 701
115152: -72 -78 -412 710
115153: -72 -78 -413 719
115346: -99 -154 -12 668
115361: -99 -155 -99 722
115363: -99 -156 -173 659
115365: -99 -156 -175 677
115383: -99 -158 -337 677
115397: -99 -159 -423 722
115398: -99 -160 -496 650
115399: -99 -160 -497 659
115400: -99 -160 -498 668
115401: -99 -160 -499 677
115402: -99 -160 -500 686
115403: -99 -160 -501 695
115405: -99 -160 -503 713
115406: -99 -160 -504 722
115409: -99 -161 -579 668
115410: -99 -161 -580 677
115411: -99 -161 -581 686
115413: -99 -161 -583 704
115414: -99 -161 -584 713
115415: -99 -161 -585 722
115427: -108 -154 -12 669
115441: -108 -155 -98 714
115445: -108 -156 -174 669
115451: -108 -156 -180 723
115464: -108 -158 -337 678
115479: -108 -160 -496 651
115482: -108 -160 -499 678
115483: -108 -160 -500 687
115484: -108 -160 -501 696
115485: -108 -160 -502 705
115492: -108 -161 -581 687
115508: -117 -154 -12 670
115519: -117 -155 -95 688
115520: -117 -155 -96 697
115521: -117 -155 -97 706
115522: -117 -155 -98 715
115525: -117 -156 -173 661
115526: -117 -156 -174 670
115545: -117 -158 -337 679
115551: -117 -159 -415 652
115554: -117 -159 -418 679
115560: -117 -160 -496 652
115561: -117 -160 -497 661
115562: -117 -160 -498 670
115563: -117 -160 -499 679
115564: -117 -160 -500 688
115565: -117 -160 -501 697
115569: -117 -161 -577 652
115571: -117 -161 -579 670
115572: -117 -161 -580 679
115573: -117 -161 -581 688
115574: -117 -161 -582 697
115575: -117 -161 -583 706
115576: -117 -161 -584 715
115577: -117 -161 -585 724
115589: -126 -154 -12 671
115603: -126 -155 -98 716
115608: -126 -156 -175 680
115612: -126 -156 -179 716
115626: -126 -158 -337 680
115641: -126 -160 -496 653
115653: -126 -161 -580 680
115670: -135 -154 -12 672
115687: -135 -156 -173 663
115707: -135 -158 -337 681
115739: -135 -161 -585 726
115751: -144 -154 -12 673
115763: -144 -155 -96 700
115765: -144 -155 -98 718
115768: -144 -156 -173 664
115788: -144 -158 -337 682
115818: -144 -161 -583 709
115820: -144 -161 -585 727
115832: -153 -154 -12 674
115845: -153 -155 -97 710
115849: -153 -156 -173 665
115850: -153 -156 -174 674
115855: -153 -156 -179 719
115869: -153 -158 -337 683
115884: -153 -160 -496 656
115892: -153 -160 -504 728
115893: -153 -161 -577 656
115983: -162 -162 -658 657
115984: -162 -162 -659 666
115985: -162 -162 -660 675
115986: -162 -162 -661 684
115989: -162 -162 -664 711
115995: -171 -235 -22 676
116002: -171 -236 -101 658
116003: -171 -236 -102 667
116005: -171 -236 -104 685
116006: -171 -236 -105 694
116007: -171 -236 -106 703
116008: -171 -236 -107 712
116009: -171 -236 -108 721
116013: -171 -237 -184 676
116014: -171 -237 -185 685
116015: -171 -237 -186 694
116017: -171 -237 -188 712
116019: -171 -238 -262 649
116020: -171 -238 -263 658
116021: -171 -238 -264 667
116022: -171 -238 -265 676
116023: -171 -238 -266 685
116024: -171 -238 -267 694
116025: -171 -238 -268 703
116027: -171 -238 -270 721
116028: -171 -239 -343 649
116029: -171 -239 -344 658
116030: -171 -239 -345 667
116032: -171 -239 -347 685
116033: -171 -239 -348 694
116034: -171 -239 -349 703
116035: -171 -239 -350 712
116036: -171 -239 -351 721
116037: -171 -240 -424 649
116038: -171 -240 -425 658
116039: -171 -240 -426 667
116040: -171 -240 -427 676
116041: -171 -240 -428 685
116042: -171 -240 -429 694
116045: -171 -240 -432 721
116046: -171 -241 -505 649
116047: -171 -241 -506 658
116049: -171 -241 -508 676
116050: -171 -241 -509 685
116051: -171 -241 -510 694
116052: -171 -241 -511 703
116053: -171 -241 -512 712
116054: -171 -241 -513 721
116055: -171 -242 -586 649
116056: -171 -242 -587 658
116057: -171 -242 -588 667
116058: -171 -242 -589 676
116061: -171 -242 -592 703
116063: -171 -242 -594 721
116067: -171 -243 -670 676
116076: -180 -235 -22 677
116082: -180 -236 -100 650
116083: -180 -236 -101 659
116100: -180 -238 -262 650
116101: -180 -238 -263 659
116102: -180 -238 -264 668
116103: -180 -238 -265 677
116107: -180 -238 -269 713
116127: -180 -241 -505 650
116128: -180 -241 -506 659
116136: -180 -242 -586 650
116157: -189 -235 -22 678
116163: -189 -236 -100 651
116167: -189 -236 -104 687
116169: -189 -236 -106 705
116170: -189 -236 -107 714
116171: -189 -236 -108 723
116180: -189 -237 -189 723
116181: -189 -238 -262 651
116183: -189 -238 -264 669
116184: -189 -238 -265 678
116185: -189 -238 -266 687
116188: -189 -238 -269 714
116189: -189 -238 -270 723
116190: -189 -239 -343 651
116191: -189 -239 -344 660
116194: -189 -239 -347 687
116195: -189 -239 -348 696
116197: -189 -239 -350 714
116199: -189 -240 -424 651
116208: -189 -241 -505 651
116217: -189 -242 -586 651
116224: -189 -242 -593 714
116238: -198 -235 -22 679
116244: -198 -236 -100 652
116245: -198 -236 -101 661
116246: -198 -236 -102 670
116248: -198 -236 -104 688
116249: -198 -236 -105 697
116250: -198 -236 -106 706
116252: -198 -236 -108 724
116258: -198 -237 -186 697
116259: -198 -237 -187 706
116262: -198 -238 -262 652
116263: -198 -238 -263 661
116265: -198 -238 -265 679
116266: -198 -238 -266 688
116280: -198 -240 -424 652
116294: -198 -241 -510 697
116298: -198 -242 -586 652
116300: -198 -242 -588 670
116319: -207 -235 -22 680
116325: -207 -236 -100 653
116326: -207 -236 -101 662
116327: -207 -236 -102 671
116329: -207 -236 -104 689
116341: -207 -237 -188 716
116343: -207 -238 -262 653
116345: -207 -238 -264 671
116347: -207 -238 -266 689
116361: -207 -240 -424 653
116373: -207 -241 -508 680
116379: -207 -242 -586 653
116383: -207 -242 -590 689
116400: -216 -235 -22 681
116406: -216 -236 -100 654
116410: -216 -236 -104 690
116411: -216 -236 -105 699
116414: -216 -236 -108 726
116415: -216 -237 -181 654
116418: -216 -237 -184 681
116422: -216 -237 -188 717
116424: -216 -238 -262 654
116426: -216 -238 -264 672
116427: -216 -238 -265 681
116460: -216 -242 -586 654
116481: -225 -235 -22 682
116487: -225 -236 -100 655
116493: -225 -236 -106 709
116499: -225 -237 -184 682
116505: -225 -238 -262 655
116508: -225 -238 -265 682
116509: -225 -238 -266 691
116518: -225 -239 -347 691
116541: -225 -242 -586 655
116562: -234 -235 -22 683
116568: -234 -236 -100 656
116569: -234 -236 -101 665
116572: -234 -236 -104 692
116573: -234 -236 -105 701
116574: -234 -236 -106 710
116575: -234 -236 -107 719
116576: -234 -236 -108 728
116580: -234 -237 -184 683
116581: -234 -237 -185 692
116586: -234 -238 -262 656
116588: -234 -238 -264 674
116590: -234 -238 -266 692
116593: -234 -238 -269 719
116599: -234 -239 -347 692
116604: -234 -240 -424 656
116613: -234 -241 -505 656
116622: -234 -242 -586 656
116712: -243 -243 -667 657
116713: -243 -243 -668 666
116715: -243 -243 -670 684
116716: -243 -243 -671 693
116717: -243 -243 -672 702
116718: -243 -243 -673 711
116719: -243 -243 -674 720
116720: -243 -243 -675 729
116725: -252 -316 -32 685
116731: -252 -317 -110 658
116732: -252 -317 -111 667
116734: -252 -317 -113 685
116735: -252 -317 -114 694
116736: -252 -317 -115 703
116737: -252 -317 -116 712
116738: -252 -317 -117 721
116739: -252 -318 -190 649
116741: -252 -318 -192 667
116742: -252 -318 -193 676
116743: -252 -318 -194 685
116744: -252 -318 -195 694
116745: -252 -318 -196 703
116746: -252 -318 -197 712
116747: -252 -318 -198 721
116748: -252 -319 -271 649
116751: -252 -319 -274 676
116753: -252 -319 -276 694
116754: -252 -319 -277 703
116755: -252 -319 -278 712
116758: -252 -320 -353 658
116759: -252 -320 -354 667
116761: -252 -320 -356 685
116762: -252 -320 -357 694
116763: -252 -320 -358 703
116764: -252 -320 -359 712
116765: -252 -320 -360 721
116766: -252 -321 -433 649
116767: -252 -321 -434 658
116768: -252 -321 -435 667
116769: -252 -321 -436 676
116770: -252 -321 -437 685
116772: -252 -321 -439 703
116773: -252 -321 -440 712
116774: -252 -321 -441 721
116775: -252 -322 -514 649
116776: -252 -322 -515 658
116777: -252 -322 -516 667
116778: -252 -322 -517 676
116779: -252 -322 -518 685
116780: -252 -322 -519 694
116784: -252 -323 -595 649
116785: -252 -323 -596 658
116786: -252 -323 -597 667
116787: -252 -323 -598 676
116788: -252 -323 -599 685
116790: -252 -323 -601 703
116791: -252 -323 -602 712
116792: -252 -323 -603 721
116806: -261 -316 -32 686
116812: -261 -317 -110 659
116813: -261 -317 -111 668
116816: -261 -317 -114 695
116817: -261 -317 -115 704
116818: -261 -317 -116 713
116819: -261 -317 -117 722
116820: -261 -318 -190 650
116821: -261 -318 -191 659
116822: -261 -318 -192 668
116823: -261 -318 -193 677
116824: -261 -318 -194 686
116826: -261 -318 -196 704
116827: -261 -318 -197 713
116828: -261 -318 -198 722
116834: -261 -319 -276 695
116835: -261 -319 -277 704
116836: -261 -319 -278 713
116847: -261 -321 -433 650
116848: -261 -321 -434 659
116849: -261 -321 -435 668
116851: -261 -321 -437 686
116853: -261 -321 -439 704
116856: -261 -322 -514 650
116857: -261 -322 -515 659
116858: -261 -322 -516 668
116859: -261 -322 -517 677
116860: -261 -322 -518 686
116861: -261 -322 -519 695
116865: -261 -323 -595 650
116866: -261 -323 -596 659
116867: -261 -323 -597 668
116868: -261 -323 -598 677
116869: -261 -323 -599 686
116870: -261 -323 -600 695
116871: -261 -323 -601 704
116872: -261 -323 -602 713
116887: -270 -316 -32 687
116898: -270 -317 -115 705
116899: -270 -317 -116 714
116900: -270 -317 -117 723
116901: -270 -318 -190 651
116902: -270 -318 -191 660
116903: -270 -318 -192 669
116905: -270 -318 -194 687
116906: -270 -318 -195 696
116908: -270 -318 -197 714
116915: -270 -319 -276 696
116916: -270 -319 -277 705
116917: -270 -319 -278 714
116927: -270 -320 -360 723
116937: -270 -322 -514 651
116946: -270 -323 -595 651
116968: -279 -316 -32 688
116975: -279 -317 -111 670
116978: -279 -317 -114 697
116979: -279 -317 -115 706
116980: -279 -317 -116 715
116981: -279 -317 -117 724
116982: -279 -318 -190 652
116983: -279 -318 -191 661
116984: -279 -318 -192 670
116985: -279 -318 -193 679
116986: -279 -318 -194 688
116987: -279 -318 -195 697
116988: -279 -318 -196 706
116989: -279 -318 -197 715
116990: -279 -318 -198 724
116999: -279 -319 -279 724
117001: -279 -320 -353 661
117002: -279 -320 -354 670
117004: -279 -320 -356 688
117005: -279 -320 -357 697
117006: -279 -320 -358 706
117007: -279 -320 -359 715
117008: -279 -320 -360 724
117009: -279 -321 -433 652
117010: -279 -321 -434 661
117012: -279 -321 -436 679
117017: -279 -321 -441 724
117018: -279 -322 -514 652
117019: -279 -322 -515 661
117020: -279 -322 -516 670
117021: -279 -322 -517 679
117022: -279 -322 -518 688
117023: -279 -322 -519 697
117024: -279 -322 -520 706
117025: -279 -322 -521 715
117026: -279 -322 -522 724
117027: -279 -323 -595 652
117031: -279 -323 -599 688
117032: -279 -323 -600 697
117034: -279 -323 -602 715
117035: -279 -323 -603 724
117049: -288 -316 -32 689
117060: -288 -317 -115 707
117061: -288 -317 -116 716
117064: -288 -318 -191 662
117066: -288 -318 -193 680
117067: -288 -318 -194 689
117068: -288 -318 -195 698
117079: -288 -319 -278 716
117099: -288 -322 -514 653
117106: -288 -322 -521 716
117108: -288 -323 -595 653
117120: -288 -324 -679 680
117130: -297 -316 -32 690
117144: -297 -318 -190 654
117145: -297 -318 -191 663
117149: -297 -318 -195 699
117158: -297 -319 -276 699
117211: -306 -316 -32 691
117222: -306 -317 -115 709
117225: -306 -318 -190 655
117226: -306 -318 -191 664
117231: -306 -318 -196 709
117238: -306 -319 -275 691
117244: -306 -320 -353 664
117253: -306 -321 -434 664
117260: -306 -321 -441 727
117261: -306 -322 -514 655
117263: -306 -322 -516 673
117292: -315 -316 -32 692
117302: -315 -317 -114 701
117304: -315 -317 -116 719
117305: -315 -317 -117 728
117306: -315 -318 -190 656
117307: -315 -318 -191 665
117310: -315 -318 -194 692
117311: -315 -318 -195 701
117314: -315 -318 -198 728
117315: -315 -319 -271 656
117316: -315 -319 -272 665
117319: -315 -319 -275 692
117320: -315 -319 -276 701
117321: -315 -319 -277 710
117325: -315 -320 -353 665
117329: -315 -320 -357 701
117331: -315 -320 -359 719
117332: -315 -320 -360 728
117334: -315 -321 -434 665
117336: -315 -321 -436 683
117338: -315 -321 -438 701
117339: -315 -321 -439 710
117340: -315 -321 -440 719
117341: -315 -321 -441 728
117342: -315 -322 -514 656
117343: -315 -322 -515 665
117347: -315 -322 -519 701
117350: -315 -322 -522 728
117351: -315 -323 -595 656
117357: -315 -323 -601 710
117441: -324 -324 -676 657
117442: -324 -324 -677 666
117443: -324 -324 -678 675
117445: -324 -324 -680 693
117446: -324 -324 -681 702
117447: -324 -324 -682 711
117448: -324 -324 -683 720
117449: -324 -324 -684 729
117450: -333 -397 -37 649
117459: -333 -398 -118 649
117460: -333 -398 -119 658
117467: -333 -398 -126 721
117468: -333 -399 -199 649
117469: -333 -399 -200 658
117470: -333 -399 -201 667
117471: -333 -399 -202 676
117476: -333 -399 -207 721
117487: -333 -401 -362 658
117493: -333 -401 -368 712
117495: -333 -402 -442 649
117496: -333 -402 -443 658
117498: -333 -402 -445 676
117499: -333 -402 -446 685
117502: -333 -402 -449 712
117504: -333 -403 -523 649
117505: -333 -403 -524 658
117506: -333 -403 -525 667
117507: -333 -403 -526 676
117508: -333 -403 -527 685
117509: -333 -403 -528 694
117513: -333 -404 -604 649
117514: -333 -404 -605 658
117515: -333 -404 -606 667
117516: -333 -404 -607 676
117517: -333 -404 -608 685
117518: -333 -404 -609 694
117519: -333 -404 -610 703
117521: -333 -404 -612 721
117612: -351 -397 -37 651
117621: -351 -398 -118 651
117630: -351 -399 -199 651
117631: -351 -399 -200 660
117633: -351 -399 -202 678
117636: -351 -399 -205 705
117665: -351 -402 -450 723
117669: -351 -403 -526 678
117670: -351 -403 -527 687
117693: -360 -397 -37 652
117702: -360 -398 -118 652
117711: -360 -399 -199 652
117712: -360 -399 -200 661
117716: -360 -399 -204 697
117719: -360 -399 -207 724
117731: -360 -401 -363 670
117735: -360 -401 -367 706
117739: -360 -402 -443 661
117740: -360 -402 -444 670
117741: -360 -402 -445 679
117742: -360 -402 -446 688
117746: -360 -402 -450 724
117747: -360 -403 -523 652
117748: -360 -403 -524 661
117750: -360 -403 -526 679
117756: -360 -404 -604 652
117757: -360 -404 -605 661
117759: -360 -404 -607 679
117774: -369 -397 -37 653
117783: -369 -398 -118 653
117784: -369 -398 -119 662
117788: -369 -398 -123 698
117792: -369 -399 -199 653
117797: -369 -399 -204 698
117798: -369 -399 -205 707
117820: -369 -402 -443 662
117827: -369 -402 -450 725
117828: -369 -403 -523 653
117832: -369 -403 -527 689
117837: -369 -404 -604 653
117838: -369 -404 -605 662
117843: -369 -404 -610 707
117845: -369 -404 -612 725
117855: -378 -397 -37 654
117864: -378 -398 -118 654
117873: -378 -399 -199 654
117874: -378 -399 -200 663
117919: -378 -404 -605 663
117936: -387 -397 -37 655
117945: -387 -398 -118 655
117954: -387 -399 -199 655
117957: -387 -399 -202 682
117960: -387 -399 -205 709
117995: -387 -403 -528 700
117999: -387 -404 -604 655
118001: -387 -404 -606 673
118017: -396 -397 -37 656
118026: -396 -398 -118 656
118035: -396 -399 -199 656
118036: -396 -399 -200 665
118038: -396 -399 -202 683
118058: -396 -401 -366 701
118070: -396 -402 -450 728
118071: -396 -403 -523 656
118072: -396 -403 -524 665
118083: -396 -404 -607 683
118170: -405 -405 -685 657
118171: -405 -405 -686 666
118172: -405 -405 -687 675
118173: -405 -405 -688 684
118174: -405 -405 -689 693
118175: -405 -405 -690 702
118176: -405 -405 -691 711
118177: -405 -405 -692 720
118178: -405 -405 -693 729
118266: -423 -478 -52 704
118269: -423 -479 -127 650
118270: -423 -479 -128 659
118286: -423 -480 -216 722
118287: -423 -481 -289 650
118288: -423 -481 -290 659
118291: -423 -481 -293 686
118317: -423 -484 -535 677
118319: -423 -484 -537 695
118347: -432 -478 -52 705
118350: -432 -479 -127 651
118351: -432 -479 -128 660
118354: -432 -479 -131 687
118358: -432 -479 -135 723
118359: -432 -480 -208 651
118365: -432 -480 -214 705
118368: -432 -481 -289 651
118369: -432 -481 -290 660
118370: -432 -481 -291 669
118390: -432 -483 -455 687
118395: -432 -484 -532 651
118396: -432 -484 -533 660
118428: -441 -478 -52 706
118431: -441 -479 -127 652
118432: -441 -479 -128 661
118435: -441 -479 -131 688
118438: -441 -479 -134 715
118440: -441 -480 -208 652
118441: -441 -480 -209 661
118443: -441 -480 -211 679
118448: -441 -480 -216 724
118449: -441 -481 -289 652
118450: -441 -481 -290 661
118451: -441 -481 -291 670
118454: -441 -481 -294 697
118455: -441 -481 -295 706
118458: -441 -482 -370 652
118469: -441 -483 -453 670
118473: -441 -483 -457 706
118476: -441 -484 -532 652
118478: -441 -484 -534 670
118484: -441 -484 -540 724
118485: -441 -485 -613 652
118492: -441 -485 -620 715
118493: -441 -485 -621 724
118509: -450 -478 -52 707
118512: -450 -479 -127 653
118516: -450 -479 -131 689
118521: -450 -480 -208 653
118529: -450 -480 -216 725
118530: -450 -481 -289 653
118531: -450 -481 -290 662
118537: -450 -481 -296 716
118539: -450 -482 -370 653
118550: -450 -483 -453 671
118551: -450 -483 -454 680
118555: -450 -483 -458 716
118557: -450 -484 -532 653
118671: -468 -478 -52 709
118674: -468 -479 -127 655
118683: -468 -480 -208 655
118684: -468 -480 -209 664
118692: -468 -481 -289 655
118693: -468 -481 -290 664
118694: -468 -481 -291 673
118699: -468 -481 -296 718
118701: -468 -482 -370 655
118713: -468 -483 -454 682
118719: -468 -484 -532 655
118752: -477 -478 -52 710
118755: -477 -479 -127 656
118756: -477 -479 -128 665
118759: -477 -479 -131 692
118764: -477 -480 -208 656
118765: -477 -480 -209 665
118773: -477 -481 -289 656
118774: -477 -481 -290 665
118775: -477 -481 -291 674
118788: -477 -482 -376 710
118789: -477 -482 -377 719
118792: -477 -483 -452 665
118793: -477 -483 -453 674
118794: -477 -483 -454 683
118795: -477 -483 -455 692
118809: -477 -485 -613 656
118899: -486 -486 -694 657
118901: -486 -486 -696 675
118902: -486 -486 -697 684
118903: -486 -486 -698 693
118905: -486 -486 -700 711
118906: -486 -486 -701 720
118907: -486 -486 -702 729
118915: -495 -559 -62 712
118917: -495 -560 -136 649
118921: -495 -560 -140 685
118926: -495 -561 -217 649
118927: -495 -561 -218 658
118935: -495 -562 -298 649
118936: -495 -562 -299 658
118937: -495 -562 -300 667
118938: -495 -562 -301 676
118939: -495 -562 -302 685
118944: -495 -563 -379 649
118955: -495 -564 -462 667
118956: -495 -564 -463 676
118957: -495 -564 -464 685
118965: -495 -565 -544 676
118966: -495 -565 -545 685
118972: -495 -566 -623 658
118996: -504 -559 -62 713
118998: -504 -560 -136 650
118999: -504 -560 -137 659
119002: -504 -560 -140 686
119007: -504 -561 -217 650
119008: -504 -561 -218 659
119014: -504 -561 -224 713
119015: -504 -561 -225 722
119016: -504 -562 -298 650
119018: -504 -562 -300 668
119020: -504 -562 -302 686
119026: -504 -563 -380 659
119037: -504 -564 -463 677
119077: -513 -559 -62 714
119079: -513 -560 -136 651
119089: -513 -561 -218 660
119091: -513 -561 -220 678
119092: -513 -561 -221 687
119097: -513 -562 -298 651
119099: -513 -562 -300 669
119100: -513 -562 -301 678
119101: -513 -562 -302 687
119106: -513 -563 -379 651
119108: -513 -563 -381 669
119112: -513 -563 -385 705
119123: -513 -564 -468 723
119127: -513 -565 -544 678
119134: -513 -566 -623 660
119136: -513 -566 -625 678
119141: -513 -566 -630 723
119158: -522 -559 -62 715
119160: -522 -560 -136 652
119161: -522 -560 -137 661
119164: -522 -560 -140 688
119165: -522 -560 -141 697
119166: -522 -560 -142 706
119168: -522 -560 -144 724
119169: -522 -561 -217 652
119170: -522 -561 -218 661
119173: -522 -561 -221 688
119178: -522 -562 -298 652
119179: -522 -562 -299 661
119180: -522 -562 -300 670
119181: -522 -562 -301 679
119182: -522 -562 -302 688
119183: -522 -562 -303 697
119185: -522 -562 -305 715
119188: -522 -563 -380 661
119200: -522 -564 -464 688
119204: -522 -564 -468 724
119215: -522 -566 -623 661
119217: -522 -566 -625 679
119239: -531 -559 -62 716
119241: -531 -560 -136 653
119250: -531 -561 -217 653
119253: -531 -561 -220 680
119254: -531 -561 -221 689
119259: -531 -562 -298 653
119272: -531 -563 -383 689
119280: -531 -564 -463 680
119288: -531 -565 -543 671
119320: -540 -559 -62 717
119322: -540 -560 -136 654
119340: -540 -562 -298 654
119366: -540 -564 -468 726
119401: -549 -559 -62 718
119403: -549 -560 -136 655
119407: -549 -560 -140 691
119421: -549 -562 -298 655
119425: -549 -562 -302 691
119426: -549 -562 -303 700
119427: -549 -562 -304 709
119442: -549 -564 -463 682
119447: -549 -564 -468 727
119482: -558 -559 -62 719
119484: -558 -560 -136 656
119489: -558 -560 -141 701
119502: -558 -562 -298 656
119505: -558 -562 -301 683
119511: -558 -563 -379 656
119512: -558 -563 -380 665
119530: -558 -565 -542 665
119531: -558 -565 -543 674
119532: -558 -565 -544 683
119533: -558 -565 -545 692
119628: -567 -567 -703 657
119629: -567 -567 -704 666
119630: -567 -567 -705 675
119631: -567 -567 -706 684
119632: -567 -567 -707 693
119635: -567 -567 -710 720
119636: -567 -567 -711 729
119645: -576 -640 -72 721
119647: -576 -641 -146 658
119650: -576 -641 -149 685
119655: -576 -642 -226 649
119656: -576 -642 -227 658
119658: -576 -642 -229 676
119664: -576 -643 -307 649
119665: -576 -643 -308 658
119666: -576 -643 -309 667
119667: -576 -643 -310 676
119668: -576 -643 -311 685
119673: -576 -644 -388 649
119680: -576 -644 -395 712
119695: -576 -646 -554 685
119726: -585 -640 -72 722
119728: -585 -641 -146 659
119735: -585 -641 -153 722
119736: -585 -642 -226 650
119737: -585 -642 -227 659
119740: -585 -642 -230 686
119745: -585 -643 -307 650
119748: -585 -643 -310 677
119754: -585 -644 -388 650
119773: -585 -646 -551 659
119776: -585 -646 -554 686
119779: -585 -646 -557 713
119807: -594 -640 -72 723
119808: -594 -641 -145 651
119810: -594 -641 -147 669
119818: -594 -642 -227 660
119820: -594 -642 -229 678
119821: -594 -642 -230 687
119826: -594 -643 -307 651
119827: -594 -643 -308 660
119828: -594 -643 -309 669
119829: -594 -643 -310 678
119830: -594 -643 -311 687
119835: -594 -644 -388 651
119836: -594 -644 -389 660
119842: -594 -644 -395 714
119854: -594 -646 -551 660
119855: -594 -646 -552 669
119858: -594 -646 -555 696
119861: -594 -646 -558 723
119888: -603 -640 -72 724
119889: -603 -641 -145 652
119893: -603 -641 -149 688
119898: -603 -642 -226 652
119899: -603 -642 -227 661
119906: -603 -642 -234 724
119907: -603 -643 -307 652
119908: -603 -643 -308 661
119909: -603 -643 -309 670
119911: -603 -643 -311 688
119912: -603 -643 -312 697
119913: -603 -643 -313 706
119916: -603 -644 -388 652
119923: -603 -644 -395 715
119925: -603 -645 -469 652
119933: -603 -645 -477 724
119937: -603 -646 -553 679
119938: -603 -646 -554 688
119939: -603 -646 -555 697
119969: -612 -640 -72 725
119974: -612 -641 -149 689
119976: -612 -641 -151 707
119979: -612 -642 -226 653
119980: -612 -642 -227 662
119982: -612 -642 -229 680
119988: -612 -643 -307 653
119991: -612 -643 -310 680
119993: -612 -643 -312 698
119995: -612 -643 -314 716
119997: -612 -644 -388 653
120019: -612 -646 -554 689
120023: -612 -646 -558 725
120069: -621 -643 -307 654
120072: -621 -643 -310 681
120078: -621 -644 -388 654
120085: -621 -644 -395 717
120087: -621 -645 -469 654
120101: -621 -646 -555 699
120109: -621 -647 -635 690
120131: -630 -640 -72 727
120141: -630 -642 -226 655
120142: -630 -642 -227 664
120147: -630 -642 -232 709
120150: -630 -643 -307 655
120153: -630 -643 -310 682
120159: -630 -644 -388 655
120179: -630 -646 -552 673
120182: -630 -646 -555 700
120188: -630 -647 -633 673
120212: -639 -640 -72 728
120222: -639 -642 -226 656
120223: -639 -642 -227 665
120231: -639 -643 -307 656
120232: -639 -643 -308 665
120233: -639 -643 -309 674
120234: -639 -643 -310 683
120235: -639 -643 -311 692
120238: -639 -643 -314 719
120240: -639 -644 -388 656
120247: -639 -644 -395 719
120262: -639 -646 -554 692
120263: -639 -646 -555 701
120275: -639 -647 -639 728
120357: -648 -648 -712 657
120358: -648 -648 -713 666
120360: -648 -648 -715 684
120361: -648 -648 -716 693
120363: -648 -648 -718 711
120365: -648 -648 -720 729
120371: -657 -721 -78 694
120379: -657 -722 -158 685
120384: -657 -723 -235 649
120385: -657 -723 -236 658
120393: -657 -724 -316 649
120394: -657 -724 -317 658
120395: -657 -724 -318 667
120396: -657 -724 -319 676
120398: -657 -724 -321 694
120399: -657 -724 -322 703
120412: -657 -726 -479 658
120420: -657 -727 -559 649
120421: -657 -727 -560 658
120422: -657 -727 -561 667
120423: -657 -727 -562 676
120425: -657 -727 -564 694
120426: -657 -727 -565 703
120446: -657 -729 -729 721
120466: -666 -723 -236 659
120468: -666 -723 -238 677
120469: -666 -723 -239 686
120470: -666 -723 -240 695
120471: -666 -723 -241 704
120472: -666 -723 -242 713
120474: -666 -724 -316 650
120480: -666 -724 -322 704
120493: -666 -726 -479 659
120527: -666 -729 -729 722
120541: -675 -722 -158 687
120542: -675 -722 -159 696
120559: -675 -724 -320 687
120614: -684 -721 -78 697
120618: -684 -722 -154 652
120625: -684 -722 -161 715
120628: -684 -723 -236 661
120646: -684 -725 -398 661
120654: -684 -726 -478 652
120665: -684 -727 -561 670
120668: -684 -727 -564 697
120670: -684 -727 -566 715
120689: -684 -729 -729 724
120695: -693 -721 -78 698
120708: -693 -723 -235 653
120709: -693 -723 -236 662
120712: -693 -723 -239 689
120714: -693 -723 -241 707
120770: -693 -729 -729 725
120776: -702 -721 -78 699
120780: -702 -722 -154 654
120789: -702 -723 -235 654
120790: -702 -723 -236 663
120798: -702 -724 -316 654
120803: -702 -724 -321 699
120851: -702 -729 -729 726
120861: -711 -722 -154 655
120870: -711 -723 -235 655
120879: -711 -724 -316 655
120888: -711 -725 -397 655
120932: -711 -729 -729 727
120938: -720 -721 -78 701
120942: -720 -722 -154 656
120946: -720 -722 -158 692
120951: -720 -723 -235 656
120952: -720 -723 -236 665
120957: -720 -723 -241 710
120958: -720 -723 -242 719
120960: -720 -724 -316 656
120964: -720 -724 -320 692
120976: -720 -725 -404 719
120979: -720 -726 -479 665
120988: -720 -727 -560 665
120992: -720 -727 -564 701
121267: -19 -12 -2 83
121447: -37 -32 -2 85
121998: -100 -12 -85 254
122178: -118 -32 -85 256
122304: -127 -78 -85 261
122358: -136 -52 -85 258
122448: -145 -62 -85 259
122538: -154 -72 -85 260
122636: -172 -2 -165 181
122638: -172 -2 -167 343
122639: -172 -2 -168 424
122640: -172 -2 -169 505
122641: -172 -2 -170 586
122642: -172 -2 -171 667
122728: -181 -12 -167 344
122729: -181 -12 -168 425
122730: -181 -12 -169 506
122731: -181 -12 -170 587
122732: -181 -12 -171 668
122816: -190 -22 -165 183
122818: -190 -22 -167 345
122819: -190 -22 -168 426
122820: -190 -22 -169 507
122821: -190 -22 -170 588
122822: -190 -22 -171 669
122906: -199 -32 -165 184
122908: -199 -32 -167 346
122909: -199 -32 -168 427
122910: -199 -32 -169 508
122911: -199 -32 -170 589
122912: -199 -32 -171 670
123032: -208 -78 -165 189
123034: -208 -78 -167 351
123035: -208 -78 -168 432
123036: -208 -78 -169 513
123037: -208 -78 -170 594
123038: -208 -78 -171 675
123086: -217 -52 -165 186
123088: -217 -52 -167 348
123089: -217 -52 -168 429
123090: -217 -52 -169 510
123091: -217 -52 -170 591
123092: -217 -52 -171 672
123176: -226 -62 -165 187
123178: -226 -62 -167 349
123179: -226 -62 -168 430
123180: -226 -62 -169 511
123181: -226 -62 -170 592
123182: -226 -62 -171 673
123266: -235 -72 -165 188
123268: -235 -72 -167 350
123269: -235 -72 -168 431
123270: -235 -72 -169 512
123271: -235 -72 -170 593
123272: -235 -72 -171 674
123454: -262 -12 -245 110
123456: -262 -12 -247 272
123457: -262 -12 -248 353
123458: -262 -12 -249 434
123459: -262 -12 -250 515
123460: -262 -12 -251 596
123461: -262 -12 -252 677
123544: -271 -22 -245 111
123546: -271 -22 -247 273
123547: -271 -22 -248 354
123548: -271 -22 -249 435
123549: -271 -22 -250 516
123550: -271 -22 -251 597
123551: -271 -22 -252 678
123634: -280 -32 -245 112
123636: -280 -32 -247 274
123637: -280 -32 -248 355
123638: -280 -32 -249 436
123639: -280 -32 -250 517
123640: -280 -32 -251 598
123641: -280 -32 -252 679
123760: -289 -78 -245 117
123762: -289 -78 -247 279
123763: -289 -78 -248 360
123764: -289 -78 -249 441
123765: -289 -78 -250 522
123766: -289 -78 -251 603
123767: -289 -78 -252 684
123814: -298 -52 -245 114
123816: -298 -52 -247 276
123817: -298 -52 -248 357
123818: -298 -52 -249 438
123819: -298 -52 -250 519
123820: -298 -52 -251 600
123821: -298 -52 -252 681
123904: -307 -62 -245 115
123906: -307 -62 -247 277
123907: -307 -62 -248 358
123908: -307 -62 -249 439
123909: -307 -62 -250 520
123910: -307 -62 -251 601
123911: -307 -62 -252 682
123994: -316 -72 -245 116
123996: -316 -72 -247 278
123997: -316 -72 -248 359
123998: -316 -72 -249 440
123999: -316 -72 -250 521
124000: -316 -72 -251 602
124001: -316 -72 -252 683
124186: -343 -12 -329 362
124187: -343 -12 -330 443
124188: -343 -12 -331 524
124189: -343 -12 -332 605
124190: -343 -12 -333 686
124274: -352 -22 -327 201
124276: -352 -22 -329 363
124278: -352 -22 -331 525
124490: -370 -78 -327 207
124492: -370 -78 -329 369
124494: -370 -78 -331 531
124495: -370 -78 -332 612
124496: -370 -78 -333 693
124544: -379 -52 -327 204
124546: -379 -52 -329 366
124547: -379 -52 -330 447
124548: -379 -52 -331 528
124549: -379 -52 -332 609
124550: -379 -52 -333 690
124634: -388 -62 -327 205
124636: -388 -62 -329 367
124637: -388 -62 -330 448
124638: -388 -62 -331 529
124639: -388 -62 -332 610
124640: -388 -62 -333 691
124724: -397 -72 -327 206
124726: -397 -72 -329 368
124727: -397 -72 -330 449
124728: -397 -72 -331 530
124729: -397 -72 -332 611
124776: -406 -37 -406 50
124822: -415 -2 -407 127
124823: -415 -2 -408 208
124824: -415 -2 -409 289
124825: -415 -2 -410 370
124826: -415 -2 -411 451
124827: -415 -2 -412 532
124828: -415 -2 -413 613
124912: -424 -12 -407 128
124913: -424 -12 -408 209
124914: -424 -12 -409 290
124915: -424 -12 -410 371
124916: -424 -12 -411 452
124917: -424 -12 -412 533
124918: -424 -12 -413 614
125002: -433 -22 -407 129
125003: -433 -22 -408 210
125004: -433 -22 -409 291
125005: -433 -22 -410 372
125006: -433 -22 -411 453
125007: -433 -22 -412 534
125008: -433 -22 -413 615
125092: -442 -32 -407 130
125093: -442 -32 -408 211
125094: -442 -32 -409 292
125095: -442 -32 -410 373
125096: -442 -32 -411 454
125097: -442 -32 -412 535
125098: -442 -32 -413 616
125218: -451 -78 -407 135
125219: -451 -78 -408 216
125220: -451 -78 -409 297
125221: -451 -78 -410 378
125222: -451 -78 -411 459
125223: -451 -78 -412 540
125224: -451 -78 -413 621
125272: -460 -52 -407 132
125273: -460 -52 -408 213
125274: -460 -52 -409 294
125275: -460 -52 -410 375
125276: -460 -52 -411 456
125277: -460 -52 -412 537
125278: -460 -52 -413 618
125362: -469 -62 -407 133
125363: -469 -62 -408 214
125364: -469 -62 -409 295
125365: -469 -62 -410 376
125366: -469 -62 -411 457
125367: -469 -62 -412 538
125368: -469 -62 -413 619
125452: -478 -72 -407 134
125453: -478 -72 -408 215
125454: -478 -72 -409 296
125455: -478 -72 -410 377
125456: -478 -72 -411 458
125457: -478 -72 -412 539
125458: -478 -72 -413 620
125505: -487 -37 -487 59
125551: -496 -2 -488 136
125552: -496 -2 -489 217
125553: -496 -2 -490 298
125554: -496 -2 -491 379
125556: -496 -2 -493 541
125557: -496 -2 -494 622
125558: -496 -2 -495 703
125641: -505 -12 -488 137
125642: -505 -12 -489 218
125643: -505 -12 -490 299
125644: -505 -12 -491 380
125646: -505 -12 -493 542
125647: -505 -12 -494 623
125648: -505 -12 -495 704
125731: -514 -22 -488 138
125732: -514 -22 -489 219
125733: -514 -22 -490 300
125734: -514 -22 -491 381
125736: -514 -22 -493 543
125737: -514 -22 -494 624
125738: -514 -22 -495 705
125821: -523 -32 -488 139
125822: -523 -32 -489 220
125823: -523 -32 -490 301
125824: -523 -32 -491 382
125826: -523 -32 -493 544
125827: -523 -32 -494 625
125828: -523 -32 -495 706
125947: -532 -78 -488 144
125948: -532 -78 -489 225
125949: -532 -78 -490 306
125950: -532 -78 -491 387
125952: -532 -78 -493 549
125953: -532 -78 -494 630
125954: -532 -78 -495 711
126001: -541 -52 -488 141
126002: -541 -52 -489 222
126003: -541 -52 -490 303
126004: -541 -52 -491 384
126007: -541 -52 -494 627
126008: -541 -52 -495 708
126091: -550 -62 -488 142
126092: -550 -62 -489 223
126093: -550 -62 -490 304
126094: -550 -62 -491 385
126096: -550 -62 -493 547
126097: -550 -62 -494 628
126098: -550 -62 -495 709
126181: -559 -72 -488 143
126182: -559 -72 -489 224
126183: -559 -72 -490 305
126184: -559 -72 -491 386
126186: -559 -72 -493 548
126187: -559 -72 -494 629
126188: -559 -72 -495 710
126234: -568 -37 -568 68
126280: -577 -2 -569 145
126281: -577 -2 -570 226
126282: -577 -2 -571 307
126283: -577 -2 -572 388
126284: -577 -2 -573 469
126286: -577 -2 -575 631
126287: -577 -2 -576 712
126370: -586 -12 -569 146
126371: -586 -12 -570 227
126372: -586 -12 -571 308
126373: -586 -12 -572 389
126374: -586 -12 -573 470
126376: -586 -12 -575 632
126377: -586 -12 -576 713
126460: -595 -22 -569 147
126461: -595 -22 -570 228
126462: -595 -22 -571 309
126463: -595 -22 -572 390
126464: -595 -22 -573 471
126466: -595 -22 -575 633
126467: -595 -22 -576 714
126550: -604 -32 -569 148
126551: -604 -32 -570 229
126552: -604 -32 -571 310
126553: -604 -32 -572 391
126554: -604 -32 -573 472
126556: -604 -32 -575 634
126557: -604 -32 -576 715
126676: -613 -78 -569 153
126677: -613 -78 -570 234
126678: -613 -78 -571 315
126679: -613 -78 -572 396
126680: -613 -78 -573 477
126682: -613 -78 -575 639
126683: -613 -78 -576 720
126730: -622 -52 -569 150
126731: -622 -52 -570 231
126732: -622 -52 -571 312
126733: -622 -52 -572 393
126734: -622 -52 -573 474
126736: -622 -52 -575 636
126737: -622 -52 -576 717
126820: -631 -62 -569 151
126821: -631 -62 -570 232
126822: -631 -62 -571 313
126823: -631 -62 -572 394
126824: -631 -62 -573 475
126826: -631 -62 -575 637
126827: -631 -62 -576 718
126910: -640 -72 -569 152
126911: -640 -72 -570 233
126912: -640 -72 -571 314
126913: -640 -72 -572 395
126914: -640 -72 -573 476
126916: -640 -72 -575 638
126917: -640 -72 -576 719
126963: -649 -37 -649 77
127009: -658 -2 -650 154
127010: -658 -2 -651 235
127011: -658 -2 -652 316
127012: -658 -2 -653 397
127013: -658 -2 -654 478
127014: -658 -2 -655 559
127016: -658 -2 -657 721
127099: -667 -12 -650 155
127100: -667 -12 -651 236
127101: -667 -12 -652 317
127102: -667 -12 -653 398
127103: -667 -12 -654 479
127104: -667 -12 -655 560
127106: -667 -12 -657 722
127189: -676 -22 -650 156
127190: -676 -22 -651 237
127191: -676 -22 -652 318
127192: -676 -22 -653 399
127193: -676 -22 -654 480
127194: -676 -22 -655 561
127196: -676 -22 -657 723
127279: -685 -32 -650 157
127280: -685 -32 -651 238
127281: -685 -32 -652 319
127282: -685 -32 -653 400
127283: -685 -32 -654 481
127284: -685 -32 -655 562
127286: -685 -32 -657 724
127405: -694 -78 -650 162
127406: -694 -78 -651 243
127407: -694 -78 -652 324
127408: -694 -78 -653 405
127409: -694 -78 -654 486
127410: -694 -78 -655 567
127412: -694 -78 -657 729
127459: -703 -52 -650 159
127460: -703 -52 -651 240
127461: -703 -52 -652 321
127462: -703 -52 -653 402
127463: -703 -52 -654 483
127464: -703 -52 -655 564
127466: -703 -52 -657 726
127549: -712 -62 -650 160
127550: -712 -62 -651 241
127551: -712 -62 -652 322
127552: -712 -62 -653 403
127553: -712 -62 -654 484
127554: -712 -62 -655 565
127556: -712 -62 -657 727
127639: -721 -72 -650 161
127640: -721 -72 -651 242
127641: -721 -72 -652 323
127642: -721 -72 -653 404
127643: -721 -72 -654 485
127644: -721 -72 -655 566
127676: -2 -100 -12 165
127685: -2 -109 -12 166
127694: -2 -118 -12 167
127703: -2 -127 -12 168
127712: -2 -136 -12 169
127721: -2 -145 -12 170
127730: -2 -154 -12 171
128481: -92 -92 -97 497
128485: -92 -101 -92 93
128503: -92 -119 -92 95
128530: -92 -146 -92 98
128539: -92 -155 -92 99
128558: -101 -93 -93 173
128579: -101 -111 -96 418
128580: -101 -111 -97 499
128581: -101 -111 -98 580
128582: -101 -111 -99 661
128591: -101 -120 -99 662
128597: -101 -129 -96 420
128598: -101 -129 -97 501
128600: -101 -129 -99 663
128606: -101 -138 -96 421
128608: -101 -138 -98 583
128609: -101 -138 -99 664
128616: -101 -147 -97 503
128618: -101 -147 -99 665
128624: -101 -156 -96 423
128626: -101 -156 -98 585
128629: -110 -85 -92 91
128630: -110 -85 -93 172
128633: -110 -85 -96 415
128634: -110 -85 -97 496
128635: -110 -85 -98 577
128636: -110 -85 -99 658
128722: -119 -95 -95 335
128729: -119 -104 -93 174
128732: -119 -104 -96 417
128735: -119 -104 -99 660
128760: -119 -131 -97 501
128761: -119 -131 -98 582
128762: -119 -131 -99 663
128765: -119 -140 -93 178
128769: -119 -140 -97 502
128771: -119 -140 -99 664
128774: -119 -149 -93 179
128779: -119 -149 -98 584
128780: -119 -149 -99 665
128786: -119 -158 -96 423
128787: -119 -158 -97 504
128788: -119 -158 -98 585
128789: -119 -158 -99 666
128814: -128 -105 -97 498
128815: -128 -105 -98 579
128816: -128 -105 -99 660
128819: -128 -114 -93 175
128824: -128 -114 -98 580
128825: -128 -114 -99 661
128830: -128 -123 -95 338
128834: -128 -123 -99 662
128848: -128 -141 -95 340
128855: -128 -150 -93 179
128857: -128 -150 -95 341
128860: -128 -150 -98 584
128861: -128 -150 -99 665
128866: -128 -159 -95 342
128868: -128 -159 -97 504
128869: -128 -159 -98 585
128870: -128 -159 -99 666
128893: -137 -106 -95 336
128894: -137 -106 -96 417
128896: -137 -106 -98 579
128897: -137 -106 -99 660
128900: -137 -115 -93 175
128903: -137 -115 -96 418
128905: -137 -115 -98 580
128906: -137 -115 -99 661
128912: -137 -124 -96 419
128938: -137 -151 -95 341
128942: -137 -151 -99 665
128947: -137 -160 -95 342
128948: -137 -160 -96 423
128951: -137 -160 -99 666
128978: -146 -107 -99 660
128981: -146 -116 -93 175
128984: -146 -116 -96 418
128985: -146 -116 -97 499
128987: -146 -116 -99 661
128994: -146 -125 -97 500
129001: -146 -134 -95 339
129002: -146 -134 -96 420
129005: -146 -134 -99 663
129010: -146 -143 -95 340
129012: -146 -143 -97 502
129014: -146 -143 -99 664
129026: -146 -161 -93 180
129028: -146 -161 -95 342
129029: -146 -161 -96 423
129032: -146 -161 -99 666
129050: -155 -99 -99 659
129055: -155 -108 -95 336
129056: -155 -108 -96 417
129057: -155 -108 -97 498
129058: -155 -108 -98 579
129062: -155 -117 -93 175
129066: -155 -117 -97 499
129067: -155 -117 -98 580
129074: -155 -126 -96 419
129075: -155 -126 -97 500
129076: -155 -126 -98 581
129082: -155 -135 -95 339
129084: -155 -135 -97 501
129091: -155 -144 -95 340
129092: -155 -144 -96 421
129093: -155 -144 -97 502
129098: -155 -153 -93 179
129100: -155 -153 -95 341
129101: -155 -153 -96 422
129103: -155 -153 -98 584
129205: -173 -92 -173 101
129214: -173 -101 -173 102
129223: -173 -110 -173 103
129232: -173 -119 -173 104
129241: -173 -128 -173 105
129250: -173 -137 -173 106
129259: -173 -146 -173 107
129268: -173 -155 -173 108
129359: -191 -85 -174 181
129360: -191 -85 -175 262
129361: -191 -85 -176 343
129362: -191 -85 -177 424
129363: -191 -85 -178 505
129364: -191 -85 -179 586
129365: -191 -85 -180 667
129449: -200 -95 -174 182
129450: -200 -95 -175 263
129451: -200 -95 -176 344
129452: -200 -95 -177 425
129453: -200 -95 -178 506
129454: -200 -95 -179 587
129455: -200 -95 -180 668
129458: -200 -104 -174 183
129459: -200 -104 -175 264
129460: -200 -104 -176 345
129461: -200 -104 -177 426
129462: -200 -104 -178 507
129463: -200 -104 -179 588
129464: -200 -104 -180 669
129485: -200 -131 -174 186
129486: -200 -131 -175 267
129487: -200 -131 -176 348
129489: -200 -131 -178 510
129490: -200 -131 -179 591
129491: -200 -131 -180 672
129494: -200 -140 -174 187
129495: -200 -140 -175 268
129496: -200 -140 -176 349
129497: -200 -140 -177 430
129499: -200 -140 -179 592
129500: -200 -140 -180 673
129504: -200 -149 -175 269
129505: -200 -149 -176 350
129506: -200 -149 -177 431
129507: -200 -149 -178 512
129508: -200 -149 -179 593
129509: -200 -149 -180 674
129512: -200 -158 -174 189
129513: -200 -158 -175 270
129514: -200 -158 -176 351
129515: -200 -158 -177 432
129516: -200 -158 -178 513
129518: -200 -158 -180 675
129530: -209 -96 -174 182
129531: -209 -96 -175 263
129532: -209 -96 -176 344
129533: -209 -96 -177 425
129534: -209 -96 -178 506
129535: -209 -96 -179 587
129536: -209 -96 -180 668
129539: -209 -105 -174 183
129540: -209 -105 -175 264
129541: -209 -105 -176 345
129542: -209 -105 -177 426
129543: -209 -105 -178 507
129544: -209 -105 -179 588
129548: -209 -114 -174 184
129549: -209 -114 -175 265
129550: -209 -114 -176 346
129551: -209 -114 -177 427
129552: -209 -114 -178 508
129553: -209 -114 -179 589
129554: -209 -114 -180 670
129557: -209 -123 -174 185
129568: -209 -132 -176 348
129569: -209 -132 -177 429
129575: -209 -141 -174 187
129576: -209 -141 -175 268
129577: -209 -141 -176 349
129579: -209 -141 -178 511
129580: -209 -141 -179 592
129581: -209 -141 -180 673
129584: -209 -150 -174 188
129585: -209 -150 -175 269
129586: -209 -150 -176 350
129587: -209 -150 -177 431
129588: -209 -150 -178 512
129589: -209 -150 -179 593
129590: -209 -150 -180 674
129594: -209 -159 -175 270
129596: -209 -159 -177 432
129597: -209 -159 -178 513
129611: -218 -97 -174 182
129612: -218 -97 -175 263
129613: -218 -97 -176 344
129614: -218 -97 -177 425
129615: -218 -97 -178 506
129616: -218 -97 -179 587
129617: -218 -97 -180 668
129620: -218 -106 -174 183
129621: -218 -106 -175 264
129622: -218 -106 -176 345
129624: -218 -106 -178 507
129625: -218 -106 -179 588
129626: -218 -106 -180 669
129629: -218 -115 -174 184
129630: -218 -115 -175 265
129631: -218 -115 -176 346
129632: -218 -115 -177 427
129633: -218 -115 -178 508
129634: -218 -115 -179 589
129635: -218 -115 -180 670
129638: -218 -124 -174 185
129642: -218 -124 -178 509
129643: -218 -124 -179 590
129644: -218 -124 -180 671
129647: -218 -133 -174 186
129649: -218 -133 -176 348
129651: -218 -133 -178 510
129652: -218 -133 -179 591
129656: -218 -142 -174 187
129660: -218 -142 -178 511
129661: -218 -142 -179 592
129665: -218 -151 -174 188
129666: -218 -151 -175 269
129667: -218 -151 -176 350
129668: -218 -151 -177 431
129669: -218 -151 -178 512
129670: -218 -151 -179 593
129671: -218 -151 -180 674
129674: -218 -160 -174 189
129675: -218 -160 -175 270
129676: -218 -160 -176 351
129677: -218 -160 -177 432
129678: -218 -160 -178 513
129679: -218 -160 -179 594
129680: -218 -160 -180 675
129692: -227 -98 -174 182
129693: -227 -98 -175 263
129694: -227 -98 -176 344
129695: -227 -98 -177 425
129696: -227 -98 -178 506
129697: -227 -98 -179 587
129698: -227 -98 -180 668
129701: -227 -107 -174 183
129702: -227 -107 -175 264
129703: -227 -107 -176 345
129706: -227 -107 -179 588
129707: -227 -107 -180 669
129710: -227 -116 -174 184
129711: -227 -116 -175 265
129712: -227 -116 -176 346
129714: -227 -116 -178 508
129715: -227 -116 -179 589
129716: -227 -116 -180 670
129719: -227 -125 -174 185
129725: -227 -125 -180 671
129728: -227 -134 -174 186
129729: -227 -134 -175 267
129730: -227 -134 -176 348
129731: -227 -134 -177 429
129732: -227 -134 -178 510
129733: -227 -134 -179 591
129734: -227 -134 -180 672
129737: -227 -143 -174 187
129738: -227 -143 -175 268
129742: -227 -143 -179 592
129746: -227 -152 -174 188
129751: -227 -152 -179 593
129755: -227 -161 -174 189
129756: -227 -161 -175 270
129757: -227 -161 -176 351
129758: -227 -161 -177 432
129759: -227 -161 -178 513
129760: -227 -161 -179 594
129761: -227 -161 -180 675
129773: -236 -99 -174 182
129774: -236 -99 -175 263
129775: -236 -99 -176 344
129776: -236 -99 -177 425
129777: -236 -99 -178 506
129778: -236 -99 -179 587
129779: -236 -99 -180 668
129782: -236 -108 -174 183
129783: -236 -108 -175 264
129784: -236 -108 -176 345
129785: -236 -108 -177 426
129786: -236 -108 -178 507
129787: -236 -108 -179 588
129788: -236 -108 -180 669
129791: -236 -117 -174 184
129792: -236 -117 -175 265
129793: -236 -117 -176 346
129794: -236 -117 -177 427
129795: -236 -117 -178 508
129796: -236 -117 -179 589
129797: -236 -117 -180 670
129800: -236 -126 -174 185
129805: -236 -126 -179 590
129809: -236 -135 -174 186
129810: -236 -135 -175 267
129811: -236 -135 -176 348
129813: -236 -135 -178 510
129814: -236 -135 -179 591
129815: -236 -135 -180 672
129818: -236 -144 -174 187
129819: -236 -144 -175 268
129820: -236 -144 -176 349
129821: -236 -144 -177 430
129823: -236 -144 -179 592
129824: -236 -144 -180 673
129827: -236 -153 -174 188
129828: -236 -153 -175 269
129832: -236 -153 -179 593
129836: -236 -162 -174 189
129837: -236 -162 -175 270
129838: -236 -162 -176 351
129841: -236 -162 -179 594
129842: -236 -162 -180 675
129882: -245 -118 -256 275
129896: -245 -127 -261 681
129902: -245 -136 -258 439
129912: -245 -145 -259 521
129922: -245 -154 -260 603
129952: -254 -110 -254 112
129961: -254 -119 -254 113
129970: -254 -128 -254 114
129979: -254 -137 -254 115
129988: -254 -146 -254 116
129997: -254 -155 -254 117
130017: -263 -93 -256 272
130019: -263 -93 -258 434
130020: -263 -93 -259 515
130021: -263 -93 -260 596
130022: -263 -93 -261 677
130026: -263 -102 -256 273
130028: -263 -102 -258 435
130031: -263 -102 -261 678
130035: -263 -111 -256 274
130037: -263 -111 -258 436
130038: -263 -111 -259 517
130039: -263 -111 -260 598
130040: -263 -111 -261 679
130046: -263 -120 -258 437
130047: -263 -120 -259 518
130048: -263 -120 -260 599
130049: -263 -120 -261 680
130053: -263 -129 -256 276
130055: -263 -129 -258 438
130056: -263 -129 -259 519
130057: -263 -129 -260 600
130062: -263 -138 -256 277
130065: -263 -138 -259 520
130066: -263 -138 -260 601
130067: -263 -138 -261 682
130071: -263 -147 -256 278
130073: -263 -147 -258 440
130075: -263 -147 -260 602
130076: -263 -147 -261 683
130080: -263 -156 -256 279
130082: -263 -156 -258 441
130083: -263 -156 -259 522
130085: -263 -156 -261 684
130087: -272 -85 -254 109
130089: -272 -85 -256 271
130091: -272 -85 -258 433
130092: -272 -85 -259 514
130093: -272 -85 -260 595
130094: -272 -85 -261 676
130179: -281 -95 -256 272
130181: -281 -95 -258 434
130190: -281 -104 -258 435
130191: -281 -104 -259 516
130192: -281 -104 -260 597
130193: -281 -104 -261 678
130209: -281 -122 -259 518
130210: -281 -122 -260 599
130211: -281 -122 -261 680
130215: -281 -131 -256 276
130217: -281 -131 -258 438
130218: -281 -131 -259 519
130219: -281 -131 -260 600
130224: -281 -140 -256 277
130227: -281 -140 -259 520
130228: -281 -140 -260 601
130229: -281 -140 -261 682
130233: -281 -149 -256 278
130235: -281 -149 -258 440
130236: -281 -149 -259 521
130237: -281 -149 -260 602
130238: -281 -149 -261 683
130242: -281 -158 -256 279
130244: -281 -158 -258 441
130245: -281 -158 -259 522
130246: -281 -158 -260 603
130247: -281 -158 -261 684
130260: -290 -96 -256 272
130262: -290 -96 -258 434
130263: -290 -96 -259 515
130264: -290 -96 -260 596
130265: -290 -96 -261 677
130269: -290 -105 -256 273
130271: -290 -105 -258 435
130272: -290 -105 -259 516
130273: -290 -105 -260 597
130274: -290 -105 -261 678
130278: -290 -114 -256 274
130280: -290 -114 -258 436
130281: -290 -114 -259 517
130282: -290 -114 -260 598
130283: -290 -114 -261 679
130289: -290 -123 -258 437
130290: -290 -123 -259 518
130291: -290 -123 -260 599
130296: -290 -132 -256 276
130298: -290 -132 -258 438
130299: -290 -132 -259 519
130300: -290 -132 -260 600
130305: -290 -141 -256 277
130308: -290 -141 -259 520
130309: -290 -141 -260 601
130310: -290 -141 -261 682
130314: -290 -150 -256 278
130316: -290 -150 -258 440
130318: -290 -150 -260 602
130319: -290 -150 -261 683
130323: -290 -159 -256 279
130325: -290 -159 -258 441
130326: -290 -159 -259 522
130341: -299 -97 -256 272
130343: -299 -97 -258 434
130344: -299 -97 -259 515
130345: -299 -97 -260 596
130346: -299 -97 -261 677
130350: -299 -106 -256 273
130353: -299 -106 -259 516
130354: -299 -106 -260 597
130355: -299 -106 -261 678
130359: -299 -115 -256 274
130361: -299 -115 -258 436
130362: -299 -115 -259 517
130363: -299 -115 -260 598
130364: -299 -115 -261 679
130368: -299 -124 -256 275
130371: -299 -124 -259 518
130372: -299 -124 -260 599
130373: -299 -124 -261 680
130377: -299 -133 -256 276
130380: -299 -133 -259 519
130386: -299 -142 -256 277
130389: -299 -142 -259 520
130390: -299 -142 -260 601
130391: -299 -142 -261 682
130395: -299 -151 -256 278
130397: -299 -151 -258 440
130399: -299 -151 -260 602
130400: -299 -151 -261 683
130404: -299 -160 -256 279
130406: -299 -160 -258 441
130407: -299 -160 -259 522
130409: -299 -160 -261 684
130422: -308 -98 -256 272
130424: -308 -98 -258 434
130425: -308 -98 -259 515
130426: -308 -98 -260 596
130427: -308 -98 -261 677
130431: -308 -107 -256 273
130433: -308 -107 -258 435
130434: -308 -107 -259 516
130435: -308 -107 -260 597
130436: -308 -107 -261 678
130440: -308 -116 -256 274
130442: -308 -116 -258 436
130443: -308 -116 -259 517
130444: -308 -116 -260 598
130445: -308 -116 -261 679
130449: -308 -125 -256 275
130451: -308 -125 -258 437
130453: -308 -125 -260 599
130454: -308 -125 -261 680
130458: -308 -134 -256 276
130460: -308 -134 -258 438
130461: -308 -134 -259 519
130467: -308 -143 -256 277
130470: -308 -143 -259 520
130471: -308 -143 -260 601
130472: -308 -143 -261 682
130476: -308 -152 -256 278
130478: -308 -152 -258 440
130480: -308 -152 -260 602
130481: -308 -152 -261 683
130485: -308 -161 -256 279
130487: -308 -161 -258 441
130488: -308 -161 -259 522
130490: -308 -161 -261 684
130503: -317 -99 -256 272
130505: -317 -99 -258 434
130506: -317 -99 -259 515
130507: -317 -99 -260 596
130508: -317 -99 -261 677
130512: -317 -108 -256 273
130514: -317 -108 -258 435
130515: -317 -108 -259 516
130516: -317 -108 -260 597
130517: -317 -108 -261 678
130521: -317 -117 -256 274
130523: -317 -117 -258 436
130524: -317 -117 -259 517
130525: -317 -117 -260 598
130526: -317 -117 -261 679
130532: -317 -126 -258 437
130533: -317 -126 -259 518
130535: -317 -126 -261 680
130539: -317 -135 -256 276
130541: -317 -135 -258 438
130542: -317 -135 -259 519
130543: -317 -135 -260 600
130548: -317 -144 -256 277
130551: -317 -144 -259 520
130552: -317 -144 -260 601
130553: -317 -144 -261 682
130557: -317 -153 -256 278
130559: -317 -153 -258 440
130562: -317 -153 -261 683
130566: -317 -162 -256 279
130568: -317 -162 -258 441
130569: -317 -162 -259 522
130571: -317 -162 -261 684
130746: -344 -93 -337 281
130755: -344 -102 -337 282
130764: -344 -111 -337 283
130773: -344 -120 -337 284
130782: -344 -129 -337 285
130791: -344 -138 -337 286
130800: -344 -147 -337 287
130809: -344 -156 -337 288
130818: -353 -85 -337 280
130917: -362 -104 -337 282
130926: -362 -113 -337 283
130944: -362 -131 -337 285
130953: -362 -140 -337 286
130962: -362 -149 -337 287
130971: -362 -158 -337 288
130989: -371 -96 -337 281
130998: -371 -105 -337 282
131007: -371 -114 -337 283
131016: -371 -123 -337 284
131034: -371 -141 -337 286
131043: -371 -150 -337 287
131052: -371 -159 -337 288
131070: -380 -97 -337 281
131079: -380 -106 -337 282
131088: -380 -115 -337 283
131097: -380 -124 -337 284
131106: -380 -133 -337 285
131115: -380 -142 -337 286
131124: -380 -151 -337 287
131133: -380 -160 -337 288
131151: -389 -98 -337 281
131160: -389 -107 -337 282
131169: -389 -116 -337 283
131178: -389 -125 -337 284
131187: -389 -134 -337 285
131196: -389 -143 -337 286
131205: -389 -152 -337 287
131214: -389 -161 -337 288
131232: -398 -99 -337 281
131241: -398 -108 -337 282
131250: -398 -117 -337 283
131259: -398 -126 -337 284
131268: -398 -135 -337 285
131277: -398 -144 -337 286
131286: -398 -153 -337 287
131295: -398 -162 -337 288
131319: -407 -100 -415 48
131322: -407 -100 -418 291
131324: -407 -100 -420 453
131339: -407 -118 -417 212
131343: -407 -118 -421 536
131357: -407 -136 -417 214
131359: -407 -136 -419 376
131360: -407 -136 -420 457
131361: -407 -136 -421 538
131362: -407 -136 -422 619
131363: -407 -136 -423 700
131366: -407 -145 -417 215
131367: -407 -145 -418 296
131370: -407 -145 -421 539
131372: -407 -145 -423 701
131373: -407 -154 -415 54
131375: -407 -154 -417 216
131376: -407 -154 -418 297
131377: -407 -154 -419 378
131378: -407 -154 -420 459
131379: -407 -154 -421 540
131381: -407 -154 -423 702
131401: -416 -101 -416 129
131410: -416 -110 -416 130
131419: -416 -119 -416 131
131428: -416 -128 -416 132
131437: -416 -137 -416 133
131446: -416 -146 -416 134
131455: -416 -155 -416 135
131490: -425 -111 -415 49
131493: -425 -111 -418 292
131494: -425 -111 -419 373
131496: -425 -111 -421 535
131497: -425 -111 -422 616
131498: -425 -111 -423 697
131521: -425 -138 -419 376
131526: -425 -147 -415 53
131529: -425 -147 -418 296
131530: -425 -147 -419 377
131534: -425 -147 -423 701
131538: -425 -156 -418 297
131544: -434 -85 -415 46
131545: -434 -85 -416 127
131546: -434 -85 -417 208
131547: -434 -85 -418 289
131548: -434 -85 -419 370
131549: -434 -85 -420 451
131550: -434 -85 -421 532
131551: -434 -85 -422 613
131552: -434 -85 -423 694
131636: -443 -95 -417 209
131637: -443 -95 -418 290
131638: -443 -95 -419 371
131639: -443 -95 -420 452
131641: -443 -95 -422 614
131642: -443 -95 -423 695
131645: -443 -104 -417 210
131648: -443 -104 -420 453
131650: -443 -104 -422 615
131651: -443 -104 -423 696
131666: -443 -122 -420 455
131668: -443 -122 -422 617
131676: -443 -131 -421 537
131693: -443 -149 -420 458
131694: -443 -149 -421 539
131699: -443 -158 -417 216
131701: -443 -158 -419 378
131702: -443 -158 -420 459
131703: -443 -158 -421 540
131704: -443 -158 -422 621
131723: -452 -96 -423 695
131737: -452 -114 -419 373
131739: -452 -114 -421 535
131740: -452 -114 -422 616
131741: -452 -114 -423 697
131763: -452 -141 -418 295
131764: -452 -141 -419 376
131769: -452 -150 -415 53
131799: -461 -97 -418 290
131802: -461 -97 -421 533
131803: -461 -97 -422 614
131805: -461 -106 -415 48
131816: -461 -115 -417 211
131818: -461 -115 -419 373
131819: -461 -115 -420 454
131820: -461 -115 -421 535
131821: -461 -115 -422 616
131834: -461 -133 -417 213
131836: -461 -133 -419 375
131837: -461 -133 -420 456
131838: -461 -133 -421 537
131848: -461 -142 -422 619
131852: -461 -151 -417 215
131856: -461 -151 -421 539
131861: -461 -160 -417 216
131864: -461 -160 -420 459
131865: -461 -160 -421 540
131882: -470 -98 -420 452
131891: -470 -107 -420 453
131898: -470 -116 -418 292
131899: -470 -116 -419 373
131900: -470 -116 -420 454
131901: -470 -116 -421 535
131920: -470 -134 -422 618
131930: -470 -143 -423 700
131958: -479 -99 -415 47
131962: -479 -99 -419 371
131963: -479 -99 -420 452
131964: -479 -99 -421 533
131966: -479 -99 -423 695
131976: -479 -117 -415 49
131978: -479 -117 -417 211
131979: -479 -117 -418 292
131980: -479 -117 -419 373
131981: -479 -117 -420 454
131982: -479 -117 -421 535
131983: -479 -117 -422 616
132050: -488 -100 -498 219
132051: -488 -100 -499 300
132056: -488 -100 -504 705
132068: -488 -118 -498 221
132069: -488 -118 -499 302
132072: -488 -118 -502 545
132077: -488 -127 -498 222
132078: -488 -127 -499 303
132079: -488 -127 -500 384
132080: -488 -127 -501 465
132081: -488 -127 -502 546
132082: -488 -127 -503 627
132083: -488 -127 -504 708
132084: -488 -136 -496 61
132094: -488 -145 -497 143
132095: -488 -145 -498 224
132096: -488 -145 -499 305
132097: -488 -145 -500 386
132100: -488 -145 -503 629
132101: -488 -145 -504 710
132102: -488 -154 -496 63
132104: -488 -154 -498 225
132105: -488 -154 -499 306
132107: -488 -154 -501 468
132108: -488 -154 -502 549
132109: -488 -154 -503 630
132121: -497 -92 -497 137
132139: -497 -110 -497 139
132148: -497 -119 -497 140
132157: -497 -128 -497 141
132166: -497 -137 -497 142
132175: -497 -146 -497 143
132184: -497 -155 -497 144
132219: -506 -111 -496 58
132222: -506 -111 -499 301
132223: -506 -111 -500 382
132224: -506 -111 -501 463
132225: -506 -111 -502 544
132226: -506 -111 -503 625
132227: -506 -111 -504 706
132237: -506 -129 -496 60
132240: -506 -129 -499 303
132242: -506 -129 -501 465
132258: -506 -147 -499 305
132260: -506 -147 -501 467
132262: -506 -147 -503 629
132269: -506 -156 -501 468
132273: -515 -85 -496 55
132274: -515 -85 -497 136
132275: -515 -85 -498 217
132276: -515 -85 -499 298
132277: -515 -85 -500 379
132278: -515 -85 -501 460
132279: -515 -85 -502 541
132280: -515 -85 -503 622
132281: -515 -85 -504 703
132365: -524 -95 -498 218
132366: -524 -95 -499 299
132367: -524 -95 -500 380
132368: -524 -95 -501 461
132369: -524 -95 -502 542
132370: -524 -95 -503 623
132371: -524 -95 -504 704
132377: -524 -104 -501 462
132378: -524 -104 -502 543
132379: -524 -104 -503 624
132380: -524 -104 -504 705
132394: -524 -122 -500 383
132396: -524 -122 -502 545
132398: -524 -122 -504 707
132401: -524 -131 -498 222
132403: -524 -131 -500 384
132405: -524 -131 -502 546
132406: -524 -131 -503 627
132407: -524 -131 -504 708
132416: -524 -140 -504 709
132423: -524 -149 -502 548
132425: -524 -149 -504 710
132431: -524 -158 -501 468
132432: -524 -158 -502 549
132433: -524 -158 -503 630
132434: -524 -158 -504 711
132447: -533 -96 -499 299
132450: -533 -96 -502 542
132456: -533 -105 -499 300
132459: -533 -105 -502 543
132462: -533 -114 -496 58
132465: -533 -114 -499 301
132466: -533 -114 -500 382
132468: -533 -114 -502 544
132469: -533 -114 -503 625
132470: -533 -114 -504 706
132476: -533 -123 -501 464
132486: -533 -132 -502 546
132495: -533 -141 -502 547
132496: -533 -141 -503 628
132514: -533 -159 -503 630
132547: -542 -115 -500 382
132548: -542 -115 -501 463
132550: -542 -115 -503 625
132551: -542 -115 -504 706
132552: -542 -124 -496 59
132582: -542 -151 -499 305
132583: -542 -151 -500 386
132593: -542 -160 -501 468
132608: -551 -98 -498 218
132627: -551 -116 -499 301
132628: -551 -116 -500 382
132631: -551 -116 -503 625
132632: -551 -116 -504 706
132645: -551 -134 -499 303
132648: -551 -134 -502 546
132650: -551 -134 -504 708
132657: -551 -143 -502 547
132671: -551 -161 -498 225
132672: -551 -161 -499 306
132675: -551 -161 -502 549
132676: -551 -161 -503 630
132687: -560 -99 -496 56
132690: -560 -99 -499 299
132693: -560 -99 -502 542
132694: -560 -99 -503 623
132695: -560 -99 -504 704
132701: -560 -108 -501 462
132708: -560 -117 -499 301
132709: -560 -117 -500 382
132710: -560 -117 -501 463
132711: -560 -117 -502 544
132712: -560 -117 -503 625
132713: -560 -117 -504 706
132729: -560 -135 -502 546
132732: -560 -144 -496 61
132734: -560 -144 -498 223
132735: -560 -144 -499 304
132736: -560 -144 -500 385
132738: -560 -144 -502 547
132740: -560 -144 -504 709
132779: -569 -100 -579 228
132780: -569 -100 -580 309
132784: -569 -100 -584 633
132797: -569 -118 -579 230
132801: -569 -118 -583 554
132806: -569 -127 -579 231
132807: -569 -127 -580 312
132808: -569 -127 -581 393
132809: -569 -127 -582 474
132810: -569 -127 -583 555
132811: -569 -127 -584 636
132812: -569 -127 -585 717
132813: -569 -136 -577 70
132815: -569 -136 -579 232
132816: -569 -136 -580 313
132817: -569 -136 -581 394
132818: -569 -136 -582 475
132819: -569 -136 -583 556
132820: -569 -136 -584 637
132821: -569 -136 -585 718
132822: -569 -145 -577 71
132833: -569 -154 -579 234
132835: -569 -154 -581 396
132836: -569 -154 -582 477
132838: -569 -154 -584 639
132839: -569 -154 -585 720
132850: -578 -92 -578 146
132859: -578 -101 -578 147
132868: -578 -110 -578 148
132877: -578 -119 -578 149
132886: -578 -128 -578 150
132895: -578 -137 -578 151
132904: -578 -146 -578 152
132913: -578 -155 -578 153
132937: -587 -93 -584 632
132946: -587 -102 -584 633
132951: -587 -111 -580 310
132952: -587 -111 -581 391
132953: -587 -111 -582 472
132954: -587 -111 -583 553
132955: -587 -111 -584 634
132956: -587 -111 -585 715
132964: -587 -120 -584 635
132972: -587 -129 -583 555
132978: -587 -138 -580 313
132982: -587 -138 -584 637
132991: -587 -147 -584 638
132998: -587 -156 -582 477
133002: -596 -85 -577 64
133003: -596 -85 -578 145
133004: -596 -85 -579 226
133005: -596 -85 -580 307
133006: -596 -85 -581 388
133007: -596 -85 -582 469
133008: -596 -85 -583 550
133009: -596 -85 -584 631
133010: -596 -85 -585 712
133092: -605 -95 -577 65
133094: -605 -95 -579 227
133095: -605 -95 -580 308
133096: -605 -95 -581 389
133097: -605 -95 -582 470
133098: -605 -95 -583 551
133099: -605 -95 -584 632
133100: -605 -95 -585 713
133103: -605 -104 -579 228
133106: -605 -104 -582 471
133107: -605 -104 -583 552
133108: -605 -104 -584 633
133109: -605 -104 -585 714
133117: -605 -113 -584 634
133119: -605 -122 -577 68
133122: -605 -122 -580 311
133123: -605 -122 -581 392
133126: -605 -122 -584 635
133132: -605 -131 -581 393
133135: -605 -131 -584 636
133144: -605 -140 -584 637
133145: -605 -140 -585 718
133154: -605 -149 -585 719
133162: -605 -158 -584 639
133176: -614 -96 -580 308
133179: -614 -96 -583 551
133180: -614 -96 -584 632
133181: -614 -96 -585 713
133182: -614 -105 -577 66
133188: -614 -105 -583 552
133191: -614 -114 -577 67
133193: -614 -114 -579 229
133197: -614 -114 -583 553
133207: -614 -123 -584 635
133208: -614 -123 -585 716
133225: -614 -141 -584 637
133232: -614 -150 -582 476
133242: -614 -159 -583 558
133260: -623 -97 -583 551
133261: -623 -97 -584 632
133268: -623 -106 -582 471
133269: -623 -106 -583 552
133272: -623 -115 -577 67
133276: -623 -115 -581 391
133305: -623 -142 -583 556
133314: -623 -151 -583 557
133316: -623 -151 -585 719
133319: -623 -160 -579 234
133356: -632 -116 -580 310
133357: -632 -116 -581 391
133358: -632 -116 -582 472
133359: -632 -116 -583 553
133361: -632 -116 -585 715
133386: -632 -143 -583 556
133403: -632 -161 -582 477
133404: -632 -161 -583 558
133421: -641 -99 -582 470
133423: -641 -99 -584 632
133425: -641 -108 -577 66
133430: -641 -108 -582 471
133431: -641 -108 -583 552
133434: -641 -117 -577 67
133437: -641 -117 -580 310
133458: -641 -135 -583 555
133460: -641 -135 -585 717
133465: -641 -144 -581 394
133466: -641 -144 -582 475
133468: -641 -144 -584 637
133469: -641 -144 -585 718
133477: -641 -153 -584 638
133508: -650 -100 -660 237
133509: -650 -100 -661 318
133510: -650 -100 -662 399
133514: -650 -100 -666 723
133526: -650 -118 -660 239
133530: -650 -118 -664 563
133532: -650 -118 -666 725
133535: -650 -127 -660 240
133537: -650 -127 -662 402
133538: -650 -127 -663 483
133539: -650 -127 -664 564
133541: -650 -127 -666 726
133542: -650 -136 -658 79
133544: -650 -136 -660 241
133545: -650 -136 -661 322
133547: -650 -136 -663 484
133548: -650 -136 -664 565
133549: -650 -136 -665 646
133550: -650 -136 -666 727
133551: -650 -145 -658 80
133552: -650 -145 -659 161
133553: -650 -145 -660 242
133554: -650 -145 -661 323
133555: -650 -145 -662 404
133556: -650 -145 -663 485
133557: -650 -145 -664 566
133558: -650 -145 -665 647
133559: -650 -145 -666 728
133560: -650 -154 -658 81
133588: -659 -101 -659 156
133597: -659 -110 -659 157
133606: -659 -119 -659 158
133615: -659 -128 -659 159
133624: -659 -137 -659 160
133633: -659 -146 -659 161
133642: -659 -155 -659 162
133659: -668 -93 -658 74
133667: -668 -93 -666 722
133668: -668 -102 -658 75
133670: -668 -102 -660 237
133676: -668 -102 -666 723
133677: -668 -111 -658 76
133679: -668 -111 -660 238
133680: -668 -111 -661 319
133681: -668 -111 -662 400
133682: -668 -111 -663 481
133683: -668 -111 -664 562
133684: -668 -111 -665 643
133686: -668 -120 -658 77
133692: -668 -120 -664 563
133693: -668 -120 -665 644
133701: -668 -129 -664 564
133703: -668 -129 -666 726
133704: -668 -138 -658 79
133707: -668 -138 -661 322
133708: -668 -138 -662 403
133711: -668 -138 -665 646
133713: -668 -147 -658 80
133716: -668 -147 -661 323
133721: -668 -147 -666 728
133722: -668 -156 -658 81
133727: -668 -156 -663 486
133730: -668 -156 -666 729
133731: -677 -85 -658 73
133732: -677 -85 -659 154
133733: -677 -85 -660 235
133734: -677 -85 -661 316
133735: -677 -85 -662 397
133736: -677 -85 -663 478
133737: -677 -85 -664 559
133738: -677 -85 -665 640
133739: -677 -85 -666 721
133821: -686 -95 -658 74
133823: -686 -95 -660 236
133824: -686 -95 -661 317
133825: -686 -95 -662 398
133826: -686 -95 -663 479
133827: -686 -95 -664 560
133828: -686 -95 -665 641
133829: -686 -95 -666 722
133835: -686 -104 -663 480
133836: -686 -104 -664 561
133838: -686 -104 -666 723
133852: -686 -122 -662 401
133853: -686 -122 -663 482
133856: -686 -122 -666 725
133863: -686 -131 -664 564
133871: -686 -140 -663 484
133872: -686 -140 -664 565
133873: -686 -140 -665 646
133874: -686 -140 -666 727
133878: -686 -149 -661 323
133879: -686 -149 -662 404
133881: -686 -149 -664 566
133883: -686 -149 -666 728
133888: -686 -158 -662 405
133892: -686 -158 -666 729
133911: -695 -105 -658 75
133920: -695 -114 -658 76
133922: -695 -114 -660 238
133923: -695 -114 -661 319
133924: -695 -114 -662 400
133925: -695 -114 -663 481
133926: -695 -114 -664 562
133928: -695 -114 -666 724
133947: -695 -141 -658 79
133973: -695 -159 -666 729
133985: -704 -97 -660 236
133987: -704 -97 -662 398
133988: -704 -97 -663 479
133989: -704 -97 -664 560
133990: -704 -97 -665 641
133991: -704 -97 -666 722
133998: -704 -106 -664 561
134003: -704 -115 -660 238
134004: -704 -115 -661 319
134005: -704 -115 -662 400
134006: -704 -115 -663 481
134007: -704 -115 -664 562
134009: -704 -115 -666 724
134031: -704 -142 -661 322
134034: -704 -142 -664 565
134042: -704 -151 -663 485
134045: -704 -151 -666 728
134052: -704 -160 -664 567
134054: -704 -160 -666 729
134064: -713 -98 -658 74
134082: -713 -116 -658 76
134084: -713 -116 -660 238
134085: -713 -116 -661 319
134086: -713 -116 -662 400
134087: -713 -116 -663 481
134088: -713 -116 -664 562
134090: -713 -116 -666 724
134107: -713 -134 -665 645
134167: -722 -117 -662 400
134168: -722 -117 -663 481
134169: -722 -117 -664 562
134170: -722 -117 -665 643
134179: -722 -126 -665 644
134185: -722 -135 -662 402
134190: -722 -144 -658 79
134310: -12 -173 -22 245
134319: -12 -182 -22 246
134328: -12 -191 -22 247
134337: -12 -200 -22 248
134346: -12 -209 -22 249
134355: -12 -218 -22 250
134364: -12 -227 -22 251
134373: -12 -236 -22 252
135059: -93 -191 -105 418
135062: -93 -191 -108 661
135067: -93 -200 -104 338
135076: -93 -209 -104 339
135078: -93 -209 -106 501
135085: -93 -218 -104 340
135088: -93 -218 -107 583
135094: -93 -227 -104 341
135098: -93 -227 -108 665
135103: -93 -236 -104 342
135104: -93 -236 -105 423
135108: -102 -165 -100 10
135119: -102 -174 -102 173
135128: -102 -183 -102 174
135137: -102 -192 -102 175
135146: -102 -201 -102 176
135155: -102 -210 -102 177
135164: -102 -219 -102 178
135173: -102 -228 -102 179
135182: -102 -237 -102 180
135204: -111 -175 -106 497
135205: -111 -175 -107 578
135208: -111 -184 -101 93
135211: -111 -184 -104 336
135212: -111 -184 -105 417
135213: -111 -184 -106 498
135214: -111 -184 -107 579
135215: -111 -184 -108 660
135217: -111 -193 -101 94
135230: -111 -202 -105 419
135231: -111 -202 -106 500
135232: -111 -202 -107 581
135233: -111 -202 -108 662
135235: -111 -211 -101 96
135238: -111 -211 -104 339
135239: -111 -211 -105 420
135240: -111 -211 -106 501
135241: -111 -211 -107 582
135242: -111 -211 -108 663
135249: -111 -220 -106 502
135250: -111 -220 -107 583
135251: -111 -220 -108 664
135257: -111 -229 -105 422
135260: -111 -229 -108 665
135265: -111 -238 -104 342
135266: -111 -238 -105 423
135267: -111 -238 -106 504
135268: -111 -238 -107 585
135283: -120 -176 -104 335
135284: -120 -176 -105 416
135298: -120 -194 -101 94
135310: -120 -203 -104 338
135320: -120 -212 -105 420
135321: -120 -212 -106 501
135329: -120 -221 -105 421
135331: -120 -221 -107 583
135360: -129 -177 -100 11
135361: -129 -177 -101 92
135373: -129 -186 -104 336
135374: -129 -186 -105 417
135375: -129 -186 -106 498
135376: -129 -186 -107 579
135377: -129 -186 -108 660
135378: -129 -195 -100 13
135383: -129 -195 -105 418
135387: -129 -204 -100 14
135409: -129 -222 -104 340
135431: -129 -240 -108 666
135445: -138 -178 -104 335
135451: -138 -187 -101 93
135454: -138 -187 -104 336
135455: -138 -187 -105 417
135456: -138 -187 -106 498
135457: -138 -187 -107 579
135458: -138 -187 -108 660
135459: -138 -196 -100 13
135468: -138 -205 -100 14
135469: -138 -205 -101 95
135474: -138 -205 -106 500
135481: -138 -214 -104 339
135490: -138 -223 -104 340
135527: -147 -179 -105 416
135529: -147 -179 -107 578
135532: -147 -188 -101 93
135535: -147 -188 -104 336
135536: -147 -188 -105 417
135537: -147 -188 -106 498
135538: -147 -188 -107 579
135539: -147 -188 -108 660
135540: -147 -197 -100 13
135541: -147 -197 -101 94
135545: -147 -197 -105 418
135547: -147 -197 -107 580
135549: -147 -206 -100 14
135553: -147 -206 -104 338
135567: -147 -224 -100 16
135571: -147 -224 -104 340
135577: -147 -233 -101 98
135582: -147 -233 -106 503
135583: -147 -233 -107 584
135584: -147 -233 -108 665
135585: -147 -242 -100 18
135589: -147 -242 -104 342
135590: -147 -242 -105 423
135592: -147 -242 -107 585
135593: -147 -242 -108 666
135603: -156 -180 -100 11
135604: -156 -180 -101 92
135607: -156 -180 -104 335
135608: -156 -180 -105 416
135609: -156 -180 -106 497
135610: -156 -180 -107 578
135611: -156 -180 -108 659
135613: -156 -189 -101 93
135617: -156 -189 -105 417
135618: -156 -189 -106 498
135621: -156 -198 -100 13
135630: -156 -207 -100 14
135631: -156 -207 -101 95
135634: -156 -207 -104 338
135638: -156 -207 -108 662
135643: -156 -216 -104 339
135656: -156 -225 -108 664
135661: -156 -234 -104 341
135693: -165 -181 -181 21
135728: -165 -208 -189 672
135734: -165 -217 -186 430
135735: -165 -217 -187 511
135744: -165 -226 -187 512
135754: -165 -235 -188 594
135795: -174 -200 -184 266
135796: -174 -200 -185 347
135798: -174 -200 -187 509
135804: -174 -209 -184 267
135805: -174 -209 -185 348
135807: -174 -209 -187 510
135808: -174 -209 -188 591
135813: -174 -218 -184 268
135814: -174 -218 -185 349
135816: -174 -218 -187 511
135817: -174 -218 -188 592
135818: -174 -218 -189 673
135822: -174 -227 -184 269
135827: -174 -227 -189 674
135828: -174 -236 -181 27
135831: -174 -236 -184 270
135832: -174 -236 -185 351
135833: -174 -236 -186 432
135834: -174 -236 -187 513
135835: -174 -236 -188 594
135848: -183 -174 -183 182
135860: -183 -183 -186 426
135861: -183 -183 -187 507
135866: -183 -192 -183 184
135875: -183 -201 -183 185
135884: -183 -210 -183 186
135893: -183 -219 -183 187
135911: -183 -237 -183 189
135932: -192 -175 -186 425
135933: -192 -175 -187 506
135934: -192 -175 -188 587
135935: -192 -175 -189 668
135939: -192 -184 -184 264
135956: -192 -202 -183 185
135958: -192 -202 -185 347
135960: -192 -202 -187 509
135961: -192 -202 -188 590
135962: -192 -202 -189 671
135967: -192 -211 -185 348
135969: -192 -211 -187 510
135971: -192 -211 -189 672
135976: -192 -220 -185 349
135978: -192 -220 -187 511
135979: -192 -220 -188 592
135987: -192 -229 -187 512
135996: -192 -238 -187 513
136002: -201 -167 -184 262
136004: -201 -167 -186 424
136005: -201 -167 -187 505
136006: -201 -167 -188 586
136007: -201 -167 -189 667
136011: -201 -176 -184 263
136014: -201 -176 -187 506
136015: -201 -176 -188 587
136047: -201 -212 -184 267
136050: -201 -212 -187 510
136052: -201 -212 -189 672
136058: -201 -221 -186 430
136059: -201 -221 -187 511
136065: -201 -230 -184 269
136067: -201 -230 -186 431
136074: -201 -239 -184 270
136080: -210 -168 -181 19
136083: -210 -168 -184 262
136084: -210 -168 -185 343
136086: -210 -168 -187 505
136087: -210 -168 -188 586
136088: -210 -168 -189 667
136089: -210 -177 -181 20
136092: -210 -177 -184 263
136110: -210 -195 -184 265
136111: -210 -195 -185 346
136113: -210 -195 -187 508
136114: -210 -195 -188 589
136115: -210 -195 -189 670
136116: -210 -204 -181 23
136122: -210 -204 -187 509
136123: -210 -204 -188 590
136124: -210 -204 -189 671
136134: -210 -222 -181 25
136138: -210 -222 -185 349
136143: -210 -231 -181 26
136155: -210 -240 -184 270
136156: -210 -240 -185 351
136158: -210 -240 -187 513
136160: -210 -240 -189 675
136161: -219 -169 -181 19
136164: -219 -169 -184 262
136165: -219 -169 -185 343
136166: -219 -169 -186 424
136168: -219 -169 -188 586
136169: -219 -169 -189 667
136170: -219 -178 -181 20
136174: -219 -178 -185 344
136178: -219 -178 -189 668
136192: -219 -196 -185 346
136193: -219 -196 -186 427
136194: -219 -196 -187 508
136195: -219 -196 -188 589
136196: -219 -196 -189 670
136197: -219 -205 -181 23
136201: -219 -205 -185 347
136202: -219 -205 -186 428
136204: -219 -205 -188 590
136206: -219 -214 -181 24
136215: -219 -223 -181 25
136224: -219 -232 -181 26
136227: -219 -232 -184 269
136231: -219 -232 -188 593
136233: -219 -241 -181 27
136236: -219 -241 -184 270
136238: -219 -241 -186 432
136239: -219 -241 -187 513
136241: -219 -241 -189 675
136242: -228 -170 -181 19
136244: -228 -170 -183 181
136245: -228 -170 -184 262
136246: -228 -170 -185 343
136247: -228 -170 -186 424
136248: -228 -170 -187 505
136250: -228 -170 -189 667
136251: -228 -179 -181 20
136254: -228 -179 -184 263
136255: -228 -179 -185 344
136256: -228 -179 -186 425
136257: -228 -179 -187 506
136259: -228 -179 -189 668
136273: -228 -197 -185 346
136274: -228 -197 -186 427
136278: -228 -206 -181 23
136282: -228 -206 -185 347
136287: -228 -215 -181 24
136290: -228 -215 -184 267
136293: -228 -215 -187 510
136296: -228 -224 -181 25
136314: -228 -242 -181 27
136323: -237 -171 -181 19
136326: -237 -171 -184 262
136327: -237 -171 -185 343
136328: -237 -171 -186 424
136329: -237 -171 -187 505
136330: -237 -171 -188 586
136332: -237 -180 -181 20
136338: -237 -180 -187 506
136349: -237 -189 -189 669
136353: -237 -198 -184 265
136354: -237 -198 -185 346
136355: -237 -198 -186 427
136356: -237 -198 -187 508
136357: -237 -198 -188 589
136358: -237 -198 -189 670
136359: -237 -207 -181 23
136363: -237 -207 -185 347
136366: -237 -207 -188 590
136373: -237 -216 -186 429
136375: -237 -216 -188 591
136381: -237 -225 -185 349
136386: -237 -234 -181 26
136392: -237 -234 -187 512
136568: -264 -165 -264 190
136577: -264 -174 -264 191
136586: -264 -183 -264 192
136595: -264 -192 -264 193
136604: -264 -201 -264 194
136613: -264 -210 -264 195
136622: -264 -219 -264 196
136623: -264 -219 -265 277
136631: -264 -228 -264 197
136640: -264 -237 -264 198
136728: -282 -167 -262 28
136729: -282 -167 -263 109
136730: -282 -167 -264 190
136731: -282 -167 -265 271
136732: -282 -167 -266 352
136733: -282 -167 -267 433
136734: -282 -167 -268 514
136735: -282 -167 -269 595
136736: -282 -167 -270 676
136738: -282 -176 -263 110
136740: -282 -176 -265 272
136741: -282 -176 -266 353
136742: -282 -176 -267 434
136743: -282 -176 -268 515
136744: -282 -176 -269 596
136745: -282 -176 -270 677
136747: -282 -185 -263 111
136749: -282 -185 -265 273
136750: -282 -185 -266 354
136751: -282 -185 -267 435
136752: -282 -185 -268 516
136753: -282 -185 -269 597
136754: -282 -185 -270 678
136755: -282 -194 -262 31
136756: -282 -194 -263 112
136758: -282 -194 -265 274
136759: -282 -194 -266 355
136760: -282 -194 -267 436
136761: -282 -194 -268 517
136762: -282 -194 -269 598
136763: -282 -194 -270 679
136765: -282 -203 -263 113
136767: -282 -203 -265 275
136768: -282 -203 -266 356
136774: -282 -212 -263 114
136776: -282 -212 -265 276
136777: -282 -212 -266 357
136779: -282 -212 -268 519
136781: -282 -212 -270 681
136783: -282 -221 -263 115
136785: -282 -221 -265 277
136786: -282 -221 -266 358
136789: -282 -221 -269 601
136790: -282 -221 -270 682
136792: -282 -230 -263 116
136795: -282 -230 -266 359
136796: -282 -230 -267 440
136798: -282 -230 -269 602
136799: -282 -230 -270 683
136801: -282 -239 -263 117
136803: -282 -239 -265 279
136804: -282 -239 -266 360
136805: -282 -239 -267 441
136807: -282 -239 -269 603
136809: -291 -168 -262 28
136810: -291 -168 -263 109
136812: -291 -168 -265 271
136813: -291 -168 -266 352
136814: -291 -168 -267 433
136815: -291 -168 -268 514
136816: -291 -168 -269 595
136817: -291 -168 -270 676
136818: -291 -177 -262 29
136819: -291 -177 -263 110
136821: -291 -177 -265 272
136822: -291 -177 -266 353
136824: -291 -177 -268 515
136825: -291 -177 -269 596
136826: -291 -177 -270 677
136827: -291 -186 -262 30
136828: -291 -186 -263 111
136830: -291 -186 -265 273
136831: -291 -186 -266 354
136832: -291 -186 -267 435
136833: -291 -186 -268 516
136834: -291 -186 -269 597
136835: -291 -186 -270 678
136836: -291 -195 -262 31
136837: -291 -195 -263 112
136839: -291 -195 -265 274
136840: -291 -195 -266 355
136841: -291 -195 -267 436
136842: -291 -195 -268 517
136843: -291 -195 -269 598
136844: -291 -195 -270 679
136846: -291 -204 -263 113
136848: -291 -204 -265 275
136849: -291 -204 -266 356
136852: -291 -204 -269 599
136853: -291 -204 -270 680
136854: -291 -213 -262 33
136855: -291 -213 -263 114
136857: -291 -213 -265 276
136858: -291 -213 -266 357
136860: -291 -213 -268 519
136861: -291 -213 -269 600
136862: -291 -213 -270 681
136863: -291 -222 -262 34
136864: -291 -222 -263 115
136866: -291 -222 -265 277
136867: -291 -222 -266 358
136870: -291 -222 -269 601
136871: -291 -222 -270 682
136872: -291 -231 -262 35
136873: -291 -231 -263 116
136874: -291 -231 -264 197
136875: -291 -231 -265 278
136876: -291 -231 -266 359
136878: -291 -231 -268 521
136879: -291 -231 -269 602
136880: -291 -231 -270 683
136881: -291 -240 -262 36
136882: -291 -240 -263 117
136884: -291 -240 -265 279
136885: -291 -240 -266 360
136886: -291 -240 -267 441
136887: -291 -240 -268 522
136889: -291 -240 -270 684
136890: -300 -169 -262 28
136891: -300 -169 -263 109
136892: -300 -169 -264 190
136893: -300 -169 -265 271
136894: -300 -169 -266 352
136895: -300 -169 -267 433
136896: -300 -169 -268 514
136897: -300 -169 -269 595
136898: -300 -169 -270 676
136899: -300 -178 -262 29
136900: -300 -178 -263 110
136902: -300 -178 -265 272
136903: -300 -178 -266 353
136904: -300 -178 -267 434
136907: -300 -178 -270 677
136908: -300 -187 -262 30
136909: -300 -187 -263 111
136911: -300 -187 -265 273
136912: -300 -187 -266 354
136913: -300 -187 -267 435
136914: -300 -187 -268 516
136915: -300 -187 -269 597
136916: -300 -187 -270 678
136917: -300 -196 -262 31
136918: -300 -196 -263 112
136920: -300 -196 -265 274
136921: -300 -196 -266 355
136922: -300 -196 -267 436
136923: -300 -196 -268 517
136924: -300 -196 -269 598
136925: -300 -196 -270 679
136927: -300 -205 -263 113
136929: -300 -205 -265 275
136930: -300 -205 -266 356
136931: -300 -205 -267 437
136933: -300 -205 -269 599
136934: -300 -205 -270 680
136935: -300 -214 -262 33
136936: -300 -214 -263 114
136938: -300 -214 -265 276
136939: -300 -214 -266 357
136940: -300 -214 -267 438
136942: -300 -214 -269 600
136943: -300 -214 -270 681
136944: -300 -223 -262 34
136945: -300 -223 -263 115
136947: -300 -223 -265 277
136948: -300 -223 -266 358
136949: -300 -223 -267 439
136951: -300 -223 -269 601
136952: -300 -223 -270 682
136953: -300 -232 -262 35
136954: -300 -232 -263 116
136956: -300 -232 -265 278
136957: -300 -232 -266 359
136958: -300 -232 -267 440
136960: -300 -232 -269 602
136961: -300 -232 -270 683
136962: -300 -241 -262 36
136963: -300 -241 -263 117
136965: -300 -241 -265 279
136966: -300 -241 -266 360
136967: -300 -241 -267 441
136968: -300 -241 -268 522
136969: -300 -241 -269 603
136970: -300 -241 -270 684
136971: -309 -170 -262 28
136972: -309 -170 -263 109
136974: -309 -170 -265 271
136975: -309 -170 -266 352
136976: -309 -170 -267 433
136977: -309 -170 -268 514
136978: -309 -170 -269 595
136979: -309 -170 -270 676
136980: -309 -179 -262 29
136981: -309 -179 -263 110
136983: -309 -179 -265 272
136984: -309 -179 -266 353
136985: -309 -179 -267 434
136986: -309 -179 -268 515
136987: -309 -179 -269 596
136988: -309 -179 -270 677
136989: -309 -188 -262 30
136990: -309 -188 -263 111
136992: -309 -188 -265 273
136993: -309 -188 -266 354
136994: -309 -188 -267 435
136995: -309 -188 -268 516
136996: -309 -188 -269 597
136997: -309 -188 -270 678
136998: -309 -197 -262 31
136999: -309 -197 -263 112
137001: -309 -197 -265 274
137002: -309 -197 -266 355
137003: -309 -197 -267 436
137004: -309 -197 -268 517
137005: -309 -197 -269 598
137006: -309 -197 -270 679
137008: -309 -206 -263 113
137010: -309 -206 -265 275
137011: -309 -206 -266 356
137012: -309 -206 -267 437
137013: -309 -206 -268 518
137014: -309 -206 -269 599
137015: -309 -206 -270 680
137016: -309 -215 -262 33
137017: -309 -215 -263 114
137019: -309 -215 -265 276
137020: -309 -215 -266 357
137022: -309 -215 -268 519
137024: -309 -215 -270 681
137025: -309 -224 -262 34
137026: -309 -224 -263 115
137028: -309 -224 -265 277
137029: -309 -224 -266 358
137031: -309 -224 -268 520
137034: -309 -233 -262 35
137035: -309 -233 -263 116
137037: -309 -233 -265 278
137038: -309 -233 -266 359
137040: -309 -233 -268 521
137041: -309 -233 -269 602
137043: -309 -242 -262 36
137044: -309 -242 -263 117
137046: -309 -242 -265 279
137047: -309 -242 -266 360
137048: -309 -242 -267 441
137049: -309 -242 -268 522
137052: -318 -171 -262 28
137053: -318 -171 -263 109
137055: -318 -171 -265 271
137056: -318 -171 -266 352
137057: -318 -171 -267 433
137058: -318 -171 -268 514
137059: -318 -171 -269 595
137060: -318 -171 -270 676
137061: -318 -180 -262 29
137062: -318 -180 -263 110
137064: -318 -180 -265 272
137065: -318 -180 -266 353
137066: -318 -180 -267 434
137067: -318 -180 -268 515
137068: -318 -180 -269 596
137070: -318 -189 -262 30
137071: -318 -189 -263 111
137073: -318 -189 -265 273
137074: -318 -189 -266 354
137075: -318 -189 -267 435
137076: -318 -189 -268 516
137077: -318 -189 -269 597
137078: -318 -189 -270 678
137079: -318 -198 -262 31
137080: -318 -198 -263 112
137082: -318 -198 -265 274
137083: -318 -198 -266 355
137084: -318 -198 -267 436
137085: -318 -198 -268 517
137086: -318 -198 -269 598
137089: -318 -207 -263 113
137091: -318 -207 -265 275
137092: -318 -207 -266 356
137094: -318 -207 -268 518
137095: -318 -207 -269 599
137097: -318 -216 -262 33
137098: -318 -216 -263 114
137100: -318 -216 -265 276
137101: -318 -216 -266 357
137102: -318 -216 -267 438
137103: -318 -216 -268 519
137104: -318 -216 -269 600
137106: -318 -225 -262 34
137107: -318 -225 -263 115
137109: -318 -225 -265 277
137110: -318 -225 -266 358
137111: -318 -225 -267 439
137112: -318 -225 -268 520
137113: -318 -225 -269 601
137115: -318 -234 -262 35
137116: -318 -234 -263 116
137118: -318 -234 -265 278
137119: -318 -234 -266 359
137120: -318 -234 -267 440
137121: -318 -234 -268 521
137122: -318 -234 -269 602
137124: -318 -243 -262 36
137125: -318 -243 -263 117
137127: -318 -243 -265 279
137128: -318 -243 -266 360
137129: -318 -243 -267 441
137152: -327 -181 -344 120
137155: -327 -181 -347 363
137156: -327 -181 -348 444
137157: -327 -181 -349 525
137158: -327 -181 -350 606
137159: -327 -181 -351 687
137179: -327 -208 -344 123
137186: -327 -208 -351 690
137191: -327 -217 -347 367
137192: -327 -217 -348 448
137194: -327 -217 -350 610
137195: -327 -217 -351 691
137202: -327 -226 -349 530
137206: -327 -235 -344 126
137209: -327 -235 -347 369
137211: -327 -235 -349 531
137212: -327 -235 -350 612
137297: -345 -165 -345 199
137306: -345 -174 -345 200
137315: -345 -183 -345 201
137324: -345 -192 -345 202
137333: -345 -201 -345 203
137360: -345 -228 -345 206
137389: -354 -175 -347 362
137398: -354 -184 -347 363
137402: -354 -184 -351 687
137407: -354 -193 -347 364
137416: -354 -202 -347 365
137425: -354 -211 -347 366
137426: -354 -211 -348 447
137428: -354 -211 -350 609
137434: -354 -220 -347 367
137436: -354 -220 -349 529
137438: -354 -220 -351 691
137443: -354 -229 -347 368
137446: -354 -229 -350 611
137447: -354 -229 -351 692
137454: -354 -238 -349 531
137456: -354 -238 -351 693
137462: -363 -167 -348 442
137464: -363 -167 -350 604
137465: -363 -167 -351 685
137539: -372 -168 -344 118
137542: -372 -168 -347 361
137544: -372 -168 -349 523
137545: -372 -168 -350 604
137546: -372 -168 -351 685
137548: -372 -177 -344 119
137564: -372 -186 -351 687
137565: -372 -195 -343 40
137566: -372 -195 -344 121
137570: -372 -195 -348 445
137571: -372 -195 -349 526
137572: -372 -195 -350 607
137573: -372 -195 -351 688
137620: -381 -169 -344 118
137623: -381 -169 -347 361
137624: -381 -169 -348 442
137625: -381 -169 -349 523
137626: -381 -169 -350 604
137627: -381 -169 -351 685
137636: -381 -178 -351 686
137638: -381 -187 -344 120
137641: -381 -187 -347 363
137642: -381 -187 -348 444
137644: -381 -187 -350 606
137645: -381 -187 -351 687
137647: -381 -196 -344 121
137651: -381 -196 -348 445
137652: -381 -196 -349 526
137653: -381 -196 -350 607
137654: -381 -196 -351 688
137656: -381 -205 -344 122
137660: -381 -205 -348 446
137662: -381 -205 -350 608
137669: -381 -214 -348 447
137695: -381 -241 -347 369
137701: -390 -170 -344 118
137704: -390 -170 -347 361
137705: -390 -170 -348 442
137706: -390 -170 -349 523
137707: -390 -170 -350 604
137708: -390 -170 -351 685
137710: -390 -179 -344 119
137713: -390 -179 -347 362
137714: -390 -179 -348 443
137726: -390 -188 -351 687
137728: -390 -197 -344 121
137733: -390 -197 -349 526
137734: -390 -197 -350 607
137735: -390 -197 -351 688
137737: -390 -206 -344 122
137741: -390 -206 -348 446
137743: -390 -206 -350 608
137744: -390 -206 -351 689
137758: -390 -224 -347 367
137768: -390 -233 -348 449
137782: -399 -171 -344 118
137785: -399 -171 -347 361
137786: -399 -171 -348 442
137787: -399 -171 -349 523
137788: -399 -171 -350 604
137789: -399 -171 -351 685
137800: -399 -189 -344 120
137803: -399 -189 -347 363
137805: -399 -189 -349 525
137806: -399 -189 -350 606
137807: -399 -189 -351 687
137809: -399 -198 -344 121
137813: -399 -198 -348 445
137815: -399 -198 -350 607
137823: -399 -207 -349 527
137859: -399 -243 -349 531
137881: -408 -181 -425 129
137886: -408 -181 -430 534
137888: -408 -181 -432 696
137892: -408 -190 -427 292
137896: -408 -190 -431 616
137901: -408 -199 -427 293
137908: -408 -208 -425 132
137910: -408 -208 -427 294
137911: -408 -208 -428 375
137912: -408 -208 -429 456
137913: -408 -208 -430 537
137914: -408 -208 -431 618
137915: -408 -208 -432 699
137919: -408 -217 -427 295
137920: -408 -217 -428 376
137921: -408 -217 -429 457
137922: -408 -217 -430 538
137923: -408 -217 -431 619
137925: -408 -226 -424 53
137931: -408 -226 -430 539
137933: -408 -226 -432 701
137934: -408 -235 -424 54
137935: -408 -235 -425 135
137937: -408 -235 -427 297
137938: -408 -235 -428 378
137939: -408 -235 -429 459
137940: -408 -235 -430 540
137941: -408 -235 -431 621
137942: -408 -235 -432 702
137952: -417 -173 -424 47
137953: -417 -173 -425 128
137955: -417 -173 -427 290
137956: -417 -173 -428 371
137957: -417 -173 -429 452
137959: -417 -173 -431 614
137960: -417 -173 -432 695
137971: -417 -191 -425 130
137973: -417 -191 -427 292
137976: -417 -191 -430 535
137977: -417 -191 -431 616
137985: -417 -200 -430 536
137988: -417 -209 -424 51
137991: -417 -209 -427 294
137994: -417 -209 -430 537
137998: -417 -218 -425 133
138000: -417 -218 -427 295
138003: -417 -218 -430 538
138004: -417 -218 -431 619
138007: -417 -227 -425 134
138009: -417 -227 -427 296
138011: -417 -227 -429 458
138013: -417 -227 -431 620
138018: -417 -236 -427 297
138020: -417 -236 -429 459
138026: -426 -165 -426 208
138035: -426 -174 -426 209
138044: -426 -183 -426 210
138053: -426 -192 -426 211
138054: -426 -192 -427 292
138062: -426 -201 -426 212
138071: -426 -210 -426 213
138080: -426 -219 -426 214
138089: -426 -228 -426 215
138098: -426 -237 -426 216
138130: -435 -184 -431 615
138133: -435 -193 -425 130
138136: -435 -193 -428 373
138137: -435 -193 -429 454
138139: -435 -193 -431 616
138140: -435 -193 -432 697
138157: -435 -211 -431 618
138160: -435 -220 -425 133
138163: -435 -220 -428 376
138167: -435 -220 -432 700
138180: -435 -238 -427 297
138185: -435 -238 -432 702
138194: -444 -167 -432 694
138198: -444 -176 -427 290
138212: -444 -185 -432 696
138219: -444 -194 -430 535
138228: -444 -203 -430 536
138231: -444 -212 -424 51
138232: -444 -212 -425 132
138234: -444 -212 -427 294
138235: -444 -212 -428 375
138236: -444 -212 -429 456
138238: -444 -212 -431 618
138261: -444 -239 -427 297
138264: -444 -239 -430 540
138269: -453 -168 -426 208
138270: -453 -168 -427 289
138273: -453 -168 -430 532
138274: -453 -168 -431 613
138275: -453 -168 -432 694
138276: -453 -177 -424 47
138336: -453 -231 -430 539
138348: -462 -169 -424 46
138349: -462 -169 -425 127
138367: -462 -187 -425 129
138376: -462 -196 -425 130
138378: -462 -196 -427 292
138383: -462 -196 -432 697
138390: -462 -205 -430 536
138396: -462 -214 -427 294
138418: -462 -232 -431 620
138426: -462 -241 -430 540
138429: -471 -170 -424 46
138430: -471 -170 -425 127
138432: -471 -170 -427 289
138433: -471 -170 -428 370
138434: -471 -170 -429 451
138435: -471 -170 -430 532
138436: -471 -170 -431 613
138441: -471 -179 -427 290
138445: -471 -179 -431 614
138450: -471 -188 -427 291
138454: -471 -188 -431 615
138463: -471 -197 -431 616
138464: -471 -197 -432 697
138471: -471 -206 -430 536
138472: -471 -206 -431 617
138480: -471 -215 -430 537
138481: -471 -215 -431 618
138490: -471 -224 -431 619
138491: -471 -224 -432 700
138502: -471 -242 -425 135
138510: -480 -171 -424 46
138511: -480 -171 -425 127
138513: -480 -171 -427 289
138515: -480 -171 -429 451
138516: -480 -171 -430 532
138517: -480 -171 -431 613
138518: -480 -171 -432 694
138525: -480 -180 -430 533
138534: -480 -189 -430 534
138536: -480 -189 -432 696
138543: -480 -198 -430 535
138545: -480 -198 -432 697
138563: -480 -216 -432 699
138571: -480 -225 -431 619
138581: -480 -234 -432 701
138609: -489 -181 -505 57
138610: -489 -181 -506 138
138612: -489 -181 -508 300
138616: -489 -181 -512 624
138627: -489 -199 -505 59
138630: -489 -199 -508 302
138635: -489 -199 -513 707
138636: -489 -208 -505 60
138637: -489 -208 -506 141
138639: -489 -208 -508 303
138642: -489 -208 -511 546
138643: -489 -208 -512 627
138644: -489 -208 -513 708
138646: -489 -217 -506 142
138649: -489 -217 -509 385
138650: -489 -217 -510 466
138651: -489 -217 -511 547
138652: -489 -217 -512 628
138653: -489 -217 -513 709
138655: -489 -226 -506 143
138657: -489 -226 -508 305
138658: -489 -226 -509 386
138660: -489 -226 -511 548
138661: -489 -226 -512 629
138663: -489 -235 -505 63
138668: -489 -235 -510 468
138670: -489 -235 -512 630
138681: -498 -173 -505 56
138682: -498 -173 -506 137
138684: -498 -173 -508 299
138685: -498 -173 -509 380
138686: -498 -173 -510 461
138687: -498 -173 -511 542
138688: -498 -173 -512 623
138689: -498 -173 -513 704
138699: -498 -191 -505 58
138700: -498 -191 -506 139
138706: -498 -191 -512 625
138707: -498 -191 -513 706
138713: -498 -200 -510 464
138715: -498 -200 -512 626
138716: -498 -200 -513 707
138718: -498 -209 -506 141
138720: -498 -209 -508 303
138723: -498 -209 -511 546
138724: -498 -209 -512 627
138726: -498 -218 -505 61
138727: -498 -218 -506 142
138729: -498 -218 -508 304
138731: -498 -218 -510 466
138732: -498 -218 -511 547
138733: -498 -218 -512 628
138734: -498 -218 -513 709
138736: -498 -227 -506 143
138738: -498 -227 -508 305
138742: -498 -227 -512 629
138743: -498 -227 -513 710
138744: -498 -236 -505 63
138745: -498 -236 -506 144
138747: -498 -236 -508 306
138749: -498 -236 -510 468
138752: -498 -236 -513 711
138755: -507 -165 -507 217
138764: -507 -174 -507 218
138773: -507 -183 -507 219
138782: -507 -192 -507 220
138791: -507 -201 -507 221
138800: -507 -210 -507 222
138809: -507 -219 -507 223
138818: -507 -228 -507 224
138827: -507 -237 -507 225
138844: -516 -175 -506 137
138846: -516 -175 -508 299
138851: -516 -175 -513 704
138855: -516 -184 -508 300
138859: -516 -184 -512 624
138860: -516 -184 -513 705
138865: -516 -193 -509 382
138869: -516 -193 -513 706
138878: -516 -202 -513 707
138882: -516 -211 -508 303
138885: -516 -211 -511 546
138887: -516 -211 -513 708
138889: -516 -220 -506 142
138893: -516 -220 -510 466
138895: -516 -220 -512 628
138896: -516 -220 -513 709
138900: -516 -229 -508 305
138902: -516 -229 -510 467
138904: -516 -229 -512 629
138905: -516 -229 -513 710
138906: -516 -238 -505 63
138916: -525 -167 -506 136
138920: -525 -167 -510 460
138921: -525 -167 -511 541
138924: -525 -176 -505 56
138927: -525 -176 -508 299
138941: -525 -185 -513 705
138949: -525 -194 -512 625
138950: -525 -194 -513 706
138965: -525 -212 -510 465
138968: -525 -212 -513 708
138974: -525 -221 -510 466
138986: -525 -230 -513 710
138996: -534 -168 -505 55
138997: -534 -168 -506 136
138998: -534 -168 -507 217
138999: -534 -168 -508 298
139000: -534 -168 -509 379
139001: -534 -168 -510 460
139002: -534 -168 -511 541
139026: -534 -195 -508 301
139028: -534 -195 -510 463
139030: -534 -195 -512 625
139065: -534 -231 -511 548
139079: -543 -169 -507 217
139080: -543 -169 -508 298
139082: -543 -169 -510 460
139084: -543 -169 -512 622
139085: -543 -169 -513 703
139086: -543 -178 -505 56
139089: -543 -178 -508 299
139093: -543 -178 -512 623
139094: -543 -178 -513 704
139105: -543 -196 -506 139
139144: -543 -232 -509 386
139149: -543 -241 -505 63
139154: -543 -241 -510 468
139156: -543 -241 -512 630
139158: -552 -170 -505 55
139163: -552 -170 -510 460
139170: -552 -179 -508 299
139179: -552 -188 -508 300
139183: -552 -188 -512 624
139192: -552 -197 -512 625
139193: -552 -197 -513 706
139198: -552 -206 -509 383
139201: -552 -206 -512 626
139210: -552 -215 -512 627
139215: -552 -224 -508 304
139217: -552 -224 -510 466
139219: -552 -224 -512 628
139239: -561 -171 -505 55
139240: -561 -171 -506 136
139242: -561 -171 -508 298
139243: -561 -171 -509 379
139244: -561 -171 -510 460
139245: -561 -171 -511 541
139246: -561 -171 -512 622
139247: -561 -171 -513 703
139257: -561 -189 -505 57
139260: -561 -189 -508 300
139264: -561 -189 -512 624
139266: -561 -198 -505 58
139274: -561 -198 -513 706
139275: -561 -207 -505 59
139282: -561 -207 -512 626
139285: -561 -216 -506 141
139287: -561 -216 -508 303
139289: -561 -216 -510 465
139300: -561 -225 -512 628
139301: -561 -225 -513 709
139312: -561 -243 -506 144
139314: -561 -243 -508 306
139317: -561 -243 -511 549
139338: -570 -181 -586 66
139339: -570 -181 -587 147
139341: -570 -181 -589 309
139342: -570 -181 -590 390
139343: -570 -181 -591 471
139344: -570 -181 -592 552
139345: -570 -181 -593 633
139346: -570 -181 -594 714
139347: -570 -190 -586 67
139351: -570 -190 -590 391
139356: -570 -199 -586 68
139359: -570 -199 -589 311
139362: -570 -199 -592 554
139371: -570 -208 -592 555
139373: -570 -208 -594 717
139375: -570 -217 -587 151
139377: -570 -217 -589 313
139378: -570 -217 -590 394
139379: -570 -217 -591 475
139380: -570 -217 -592 556
139381: -570 -217 -593 637
139382: -570 -217 -594 718
139384: -570 -226 -587 152
139386: -570 -226 -589 314
139387: -570 -226 -590 395
139388: -570 -226 -591 476
139389: -570 -226 -592 557
139391: -570 -226 -594 719
139393: -570 -235 -587 153
139395: -570 -235 -589 315
139396: -570 -235 -590 396
139398: -570 -235 -592 558
139399: -570 -235 -593 639
139400: -570 -235 -594 720
139413: -579 -173 -589 308
139428: -579 -191 -586 67
139429: -579 -191 -587 148
139431: -579 -191 -589 310
139433: -579 -191 -591 472
139434: -579 -191 -592 553
139436: -579 -191 -594 715
139442: -579 -200 -591 473
139444: -579 -200 -593 635
139445: -579 -200 -594 716
139458: -579 -218 -589 313
139461: -579 -218 -592 556
139462: -579 -218 -593 637
139465: -579 -227 -587 152
139467: -579 -227 -589 314
139469: -579 -227 -591 476
139470: -579 -227 -592 557
139472: -579 -227 -594 719
139474: -579 -236 -587 153
139476: -579 -236 -589 315
139478: -579 -236 -591 477
139479: -579 -236 -592 558
139481: -579 -236 -594 720
139484: -588 -165 -588 226
139493: -588 -174 -588 227
139502: -588 -183 -588 228
139511: -588 -192 -588 229
139520: -588 -201 -588 230
139529: -588 -210 -588 231
139538: -588 -219 -588 232
139547: -588 -228 -588 233
139556: -588 -237 -588 234
139572: -597 -175 -586 65
139576: -597 -175 -590 389
139587: -597 -184 -592 552
139590: -597 -193 -586 67
139593: -597 -193 -589 310
139594: -597 -193 -590 391
139595: -597 -193 -591 472
139596: -597 -193 -592 553
139603: -597 -202 -590 392
139604: -597 -202 -591 473
139605: -597 -202 -592 554
139606: -597 -202 -593 635
139609: -597 -211 -587 150
139617: -597 -220 -586 70
139624: -597 -220 -593 637
139634: -597 -229 -594 719
139641: -597 -238 -592 558
139644: -606 -167 -586 64
139650: -606 -167 -592 550
139653: -606 -176 -586 65
139656: -606 -176 -589 308
139661: -606 -176 -594 713
139669: -606 -185 -593 633
139670: -606 -185 -594 714
139679: -606 -194 -594 715
139684: -606 -203 -590 392
139689: -606 -212 -586 69
139695: -606 -212 -592 555
139707: -606 -230 -586 71
139710: -606 -230 -589 314
139712: -606 -230 -591 476
139725: -615 -168 -586 64
139726: -615 -168 -587 145
139727: -615 -168 -588 226
139728: -615 -168 -589 307
139729: -615 -168 -590 388
139730: -615 -168 -591 469
139731: -615 -168 -592 550
139732: -615 -168 -593 631
139733: -615 -168 -594 712
139750: -615 -186 -593 633
139751: -615 -186 -594 714
139791: -615 -231 -589 314
139793: -615 -231 -591 476
139796: -615 -231 -594 719
139802: -615 -240 -591 477
139806: -624 -169 -586 64
139807: -624 -169 -587 145
139808: -624 -169 -588 226
139809: -624 -169 -589 307
139810: -624 -169 -590 388
139811: -624 -169 -591 469
139812: -624 -169 -592 550
139813: -624 -169 -593 631
139814: -624 -169 -594 712
139833: -624 -196 -586 67
139837: -624 -196 -590 391
139839: -624 -196 -592 553
139840: -624 -196 -593 634
139841: -624 -196 -594 715
139867: -624 -223 -593 637
139869: -624 -232 -586 71
139889: -633 -170 -588 226
139890: -633 -170 -589 307
139892: -633 -170 -591 469
139893: -633 -170 -592 550
139895: -633 -170 -594 712
139896: -633 -179 -586 65
139899: -633 -179 -589 308
139900: -633 -179 -590 389
139915: -633 -197 -587 148
139932: -633 -215 -586 69
139950: -633 -233 -586 71
139968: -642 -171 -586 64
139971: -642 -171 -589 307
139977: -642 -180 -586 65
139986: -642 -189 -586 66
139987: -642 -189 -587 147
139991: -642 -189 -591 471
139992: -642 -189 -592 552
140000: -642 -198 -591 472
140016: -642 -216 -589 312
140021: -642 -216 -594 717
140039: -642 -234 -594 719
140067: -651 -181 -667 75
140068: -651 -181 -668 156
140070: -651 -181 -670 318
140076: -651 -190 -667 76
140078: -651 -190 -669 238
140079: -651 -190 -670 319
140085: -651 -199 -667 77
140086: -651 -199 -668 158
140088: -651 -199 -670 320
140091: -651 -199 -673 563
140095: -651 -208 -668 159
140097: -651 -208 -670 321
140098: -651 -208 -671 402
140099: -651 -208 -672 483
140100: -651 -208 -673 564
140101: -651 -208 -674 645
140102: -651 -208 -675 726
140103: -651 -217 -667 79
140104: -651 -217 -668 160
140108: -651 -217 -672 484
140110: -651 -217 -674 646
140112: -651 -226 -667 80
140113: -651 -226 -668 161
140115: -651 -226 -670 323
140116: -651 -226 -671 404
140118: -651 -226 -673 566
140120: -651 -226 -675 728
140121: -651 -235 -667 81
140122: -651 -235 -668 162
140125: -651 -235 -671 405
140126: -651 -235 -672 486
140127: -651 -235 -673 567
140128: -651 -235 -674 648
140129: -651 -235 -675 729
140140: -660 -173 -668 155
140142: -660 -173 -670 317
140143: -660 -173 -671 398
140144: -660 -173 -672 479
140145: -660 -173 -673 560
140146: -660 -173 -674 641
140147: -660 -173 -675 722
140157: -660 -191 -667 76
140158: -660 -191 -668 157
140160: -660 -191 -670 319
140161: -660 -191 -671 400
140162: -660 -191 -672 481
140163: -660 -191 -673 562
140165: -660 -191 -675 724
140171: -660 -200 -672 482
140176: -660 -209 -668 159
140178: -660 -209 -670 321
140180: -660 -209 -672 483
140181: -660 -209 -673 564
140184: -660 -218 -667 79
140185: -660 -218 -668 160
140187: -660 -218 -670 322
140189: -660 -218 -672 484
140190: -660 -218 -673 565
140191: -660 -218 -674 646
140196: -660 -227 -670 323
140198: -660 -227 -672 485
140201: -660 -227 -675 728
140203: -660 -236 -668 162
140205: -660 -236 -670 324
140206: -660 -236 -671 405
140207: -660 -236 -672 486
140208: -660 -236 -673 567
140213: -669 -165 -669 235
140222: -669 -174 -669 236
140231: -669 -183 -669 237
140240: -669 -192 -669 238
140249: -669 -201 -669 239
140258: -669 -210 -669 240
140267: -669 -219 -669 241
140276: -669 -228 -669 242
140285: -669 -237 -669 243
140307: -678 -175 -673 560
140309: -678 -175 -675 722
140310: -678 -184 -667 75
140313: -678 -184 -670 318
140316: -678 -184 -673 561
140325: -678 -193 -673 562
140326: -678 -193 -674 643
140329: -678 -202 -668 158
140332: -678 -202 -671 401
140338: -678 -211 -668 159
140340: -678 -211 -670 321
140341: -678 -211 -671 402
140342: -678 -211 -672 483
140343: -678 -211 -673 564
140344: -678 -211 -674 645
140351: -678 -220 -672 484
140353: -678 -220 -674 646
140358: -678 -229 -670 323
140363: -678 -229 -675 728
140370: -678 -238 -673 567
140372: -678 -238 -675 729
140380: -687 -167 -674 640
140385: -687 -176 -670 317
140388: -687 -176 -673 560
140397: -687 -185 -673 561
140399: -687 -185 -675 723
140406: -687 -194 -673 562
140408: -687 -194 -675 724
140417: -687 -203 -675 725
140426: -687 -212 -675 726
140431: -687 -221 -671 403
140435: -687 -221 -675 727
140439: -687 -230 -670 323
140444: -687 -230 -675 728
140448: -687 -239 -670 324
140451: -687 -239 -673 567
140452: -687 -239 -674 648
140453: -687 -239 -675 729
140454: -696 -168 -667 73
140455: -696 -168 -668 154
140463: -696 -177 -667 74
140466: -696 -177 -670 317
140470: -696 -177 -674 641
140473: -696 -186 -668 156
140478: -696 -186 -673 561
140482: -696 -195 -668 157
140484: -696 -195 -670 319
140486: -696 -195 -672 481
140495: -696 -204 -672 482
140506: -696 -213 -674 645
140513: -696 -222 -672 484
140520: -696 -231 -670 323
140522: -696 -231 -672 485
140535: -705 -169 -667 73
140536: -705 -169 -668 154
140538: -705 -169 -670 316
140539: -705 -169 -671 397
140540: -705 -169 -672 478
140541: -705 -169 -673 559
140542: -705 -169 -674 640
140543: -705 -169 -675 721
140554: -705 -187 -668 156
140558: -705 -187 -672 480
140565: -705 -196 -670 319
140566: -705 -196 -671 400
140577: -705 -205 -673 563
140581: -705 -214 -668 159
140592: -705 -223 -670 322
140612: -705 -241 -672 486
140616: -714 -170 -667 73
140617: -714 -170 -668 154
140618: -714 -170 -669 235
140619: -714 -170 -670 316
140620: -714 -170 -671 397
140621: -714 -170 -672 478
140622: -714 -170 -673 559
140623: -714 -170 -674 640
140624: -714 -170 -675 721
140626: -714 -179 -668 155
140628: -714 -179 -670 317
140629: -714 -179 -671 398
140633: -714 -179 -675 722
140637: -714 -188 -670 318
140642: -714 -188 -675 723
140643: -714 -197 -667 76
140646: -714 -197 -670 319
140648: -714 -197 -672 481
140650: -714 -197 -674 643
140656: -714 -206 -671 401
140660: -714 -206 -675 725
140673: -714 -224 -670 322
140699: -723 -171 -669 235
140700: -723 -171 -670 316
140702: -723 -171 -672 478
140703: -723 -171 -673 559
140704: -723 -171 -674 640
140706: -723 -180 -667 74
140709: -723 -180 -670 317
140713: -723 -180 -674 641
140725: -723 -198 -668 157
140734: -723 -207 -668 158
140754: -723 -225 -670 322
140944: -22 -246 -32 325
140962: -22 -264 -32 327
140971: -22 -273 -32 328
140980: -22 -282 -32 329
140989: -22 -291 -32 330
140998: -22 -300 -32 331
141007: -22 -309 -32 332
141016: -22 -318 -32 333
141526: -85 -262 -110 93
141527: -85 -262 -111 174
141529: -85 -262 -113 336
141530: -85 -262 -114 417
141531: -85 -262 -115 498
141532: -85 -262 -116 579
141533: -85 -262 -117 660
141535: -85 -271 -110 94
141536: -85 -271 -111 175
141539: -85 -271 -114 418
141540: -85 -271 -115 499
141541: -85 -271 -116 580
141542: -85 -271 -117 661
141544: -85 -280 -110 95
141545: -85 -280 -111 176
141547: -85 -280 -113 338
141548: -85 -280 -114 419
141549: -85 -280 -115 500
141550: -85 -280 -116 581
141551: -85 -280 -117 662
141553: -85 -289 -110 96
141554: -85 -289 -111 177
141556: -85 -289 -113 339
141557: -85 -289 -114 420
141558: -85 -289 -115 501
141559: -85 -289 -116 582
141560: -85 -289 -117 663
141562: -85 -298 -110 97
141563: -85 -298 -111 178
141565: -85 -298 -113 340
141566: -85 -298 -114 421
141567: -85 -298 -115 502
141568: -85 -298 -116 583
141569: -85 -298 -117 664
141571: -85 -307 -110 98
141572: -85 -307 -111 179
141574: -85 -307 -113 341
141575: -85 -307 -114 422
141576: -85 -307 -115 503
141577: -85 -307 -116 584
141578: -85 -307 -117 665
141580: -85 -316 -110 99
141581: -85 -316 -111 180
141583: -85 -316 -113 342
141584: -85 -316 -114 423
141585: -85 -316 -115 504
141586: -85 -316 -116 585
141587: -85 -316 -117 666
142329: -175 -254 -193 263
142330: -175 -254 -194 344
142335: -175 -263 -190 21
142337: -175 -263 -192 183
142340: -175 -263 -195 426
142341: -175 -263 -196 507
142342: -175 -263 -197 588
142343: -175 -263 -198 669
142345: -175 -272 -191 103
142349: -175 -272 -195 427
142352: -175 -272 -198 670
142353: -175 -281 -190 23
142360: -175 -281 -197 590
142364: -175 -290 -192 186
142368: -175 -290 -196 510
142369: -175 -290 -197 591
142370: -175 -290 -198 672
142376: -175 -299 -195 430
142382: -175 -308 -192 188
142386: -175 -308 -196 512
142388: -175 -308 -198 674
142391: -175 -317 -192 189
142394: -175 -317 -195 432
142395: -175 -317 -196 513
142396: -175 -317 -197 594
142397: -175 -317 -198 675
142438: -184 -282 -194 347
142442: -184 -282 -198 671
142444: -184 -291 -191 105
142447: -184 -291 -194 348
142449: -184 -291 -196 510
142451: -184 -291 -198 672
142453: -184 -300 -191 106
142456: -184 -300 -194 349
142457: -184 -300 -195 430
142459: -184 -300 -197 592
142460: -184 -300 -198 673
142462: -184 -309 -191 107
142466: -184 -309 -195 431
142471: -184 -318 -191 108
142475: -184 -318 -195 432
142476: -184 -318 -196 513
142477: -184 -318 -197 594
142478: -184 -318 -198 675
142480: -193 -247 -191 100
142482: -193 -247 -193 262
142491: -193 -256 -193 263
142500: -193 -265 -193 264
142509: -193 -274 -193 265
142518: -193 -283 -193 266
142527: -193 -292 -193 267
142536: -193 -301 -193 268
142545: -193 -310 -193 269
142554: -193 -319 -193 270
142578: -202 -266 -190 21
142579: -202 -266 -191 102
142580: -202 -266 -192 183
142583: -202 -266 -195 426
142584: -202 -266 -196 507
142585: -202 -266 -197 588
142586: -202 -266 -198 669
142591: -202 -275 -194 346
142592: -202 -275 -195 427
142593: -202 -275 -196 508
142595: -202 -275 -198 670
142596: -202 -284 -190 23
142597: -202 -284 -191 104
142605: -202 -293 -190 24
142606: -202 -293 -191 105
142607: -202 -293 -192 186
142611: -202 -293 -196 510
142615: -202 -302 -191 106
142616: -202 -302 -192 187
142618: -202 -302 -194 349
142619: -202 -302 -195 430
142620: -202 -302 -196 511
142621: -202 -302 -197 592
142623: -202 -311 -190 26
142624: -202 -311 -191 107
142625: -202 -311 -192 188
142629: -202 -311 -196 512
142630: -202 -311 -197 593
142631: -202 -311 -198 674
142632: -202 -320 -190 27
142633: -202 -320 -191 108
142636: -202 -320 -194 351
142637: -202 -320 -195 432
142650: -211 -258 -190 20
142651: -211 -258 -191 101
142652: -211 -258 -192 182
142654: -211 -258 -194 344
142655: -211 -258 -195 425
142657: -211 -258 -197 587
142658: -211 -258 -198 668
142659: -211 -267 -190 21
142660: -211 -267 -191 102
142661: -211 -267 -192 183
142663: -211 -267 -194 345
142664: -211 -267 -195 426
142665: -211 -267 -196 507
142667: -211 -267 -198 669
142669: -211 -276 -191 103
142670: -211 -276 -192 184
142672: -211 -276 -194 346
142673: -211 -276 -195 427
142674: -211 -276 -196 508
142675: -211 -276 -197 589
142676: -211 -276 -198 670
142677: -211 -285 -190 23
142678: -211 -285 -191 104
142679: -211 -285 -192 185
142683: -211 -285 -196 509
142686: -211 -294 -190 24
142687: -211 -294 -191 105
142688: -211 -294 -192 186
142691: -211 -294 -195 429
142692: -211 -294 -196 510
142693: -211 -294 -197 591
142696: -211 -303 -191 106
142701: -211 -303 -196 511
142704: -211 -312 -190 26
142705: -211 -312 -191 107
142706: -211 -312 -192 188
142708: -211 -312 -194 350
142712: -211 -312 -198 674
142713: -211 -321 -190 27
142714: -211 -321 -191 108
142715: -211 -321 -192 189
142718: -211 -321 -195 432
142719: -211 -321 -196 513
142731: -220 -259 -190 20
142732: -220 -259 -191 101
142733: -220 -259 -192 182
142734: -220 -259 -193 263
142735: -220 -259 -194 344
142736: -220 -259 -195 425
142737: -220 -259 -196 506
142739: -220 -259 -198 668
142740: -220 -268 -190 21
142741: -220 -268 -191 102
142742: -220 -268 -192 183
142744: -220 -268 -194 345
142746: -220 -268 -196 507
142750: -220 -277 -191 103
142751: -220 -277 -192 184
142756: -220 -277 -197 589
142757: -220 -277 -198 670
142758: -220 -286 -190 23
142759: -220 -286 -191 104
142760: -220 -286 -192 185
142767: -220 -295 -190 24
142768: -220 -295 -191 105
142769: -220 -295 -192 186
142773: -220 -295 -196 510
142776: -220 -304 -190 25
142777: -220 -304 -191 106
142778: -220 -304 -192 187
142783: -220 -304 -197 592
142785: -220 -313 -190 26
142786: -220 -313 -191 107
142787: -220 -313 -192 188
142794: -220 -322 -190 27
142795: -220 -322 -191 108
142796: -220 -322 -192 189
142801: -220 -322 -197 594
142812: -229 -260 -190 20
142813: -229 -260 -191 101
142814: -229 -260 -192 182
142816: -229 -260 -194 344
142817: -229 -260 -195 425
142818: -229 -260 -196 506
142819: -229 -260 -197 587
142821: -229 -269 -190 21
142822: -229 -269 -191 102
142823: -229 -269 -192 183
142825: -229 -269 -194 345
142827: -229 -269 -196 507
142828: -229 -269 -197 588
142831: -229 -278 -191 103
142832: -229 -278 -192 184
142834: -229 -278 -194 346
142835: -229 -278 -195 427
142836: -229 -278 -196 508
142837: -229 -278 -197 589
142838: -229 -278 -198 670
142840: -229 -287 -191 104
142843: -229 -287 -194 347
142846: -229 -287 -197 590
142848: -229 -296 -190 24
142849: -229 -296 -191 105
142850: -229 -296 -192 186
142852: -229 -296 -194 348
142858: -229 -305 -191 106
142859: -229 -305 -192 187
142864: -229 -305 -197 592
142865: -229 -305 -198 673
142867: -229 -314 -191 107
142868: -229 -314 -192 188
142871: -229 -314 -195 431
142874: -229 -314 -198 674
142876: -229 -323 -191 108
142877: -229 -323 -192 189
142882: -229 -323 -197 594
142883: -229 -323 -198 675
142893: -238 -261 -190 20
142894: -238 -261 -191 101
142895: -238 -261 -192 182
142897: -238 -261 -194 344
142899: -238 -261 -196 506
142900: -238 -261 -197 587
142901: -238 -261 -198 668
142902: -238 -270 -190 21
142903: -238 -270 -191 102
142912: -238 -279 -191 103
142913: -238 -279 -192 184
142915: -238 -279 -194 346
142916: -238 -279 -195 427
142917: -238 -279 -196 508
142919: -238 -279 -198 670
142921: -238 -288 -191 104
142922: -238 -288 -192 185
142930: -238 -297 -191 105
142935: -238 -297 -196 510
142939: -238 -306 -191 106
142940: -238 -306 -192 187
142945: -238 -306 -197 592
142946: -238 -306 -198 673
142948: -238 -315 -191 107
142949: -238 -315 -192 188
142957: -238 -324 -191 108
142960: -238 -324 -194 351
142961: -238 -324 -195 432
142964: -238 -324 -198 675
142984: -247 -262 -272 111
143018: -247 -289 -279 681
143024: -247 -298 -276 439
143026: -247 -298 -278 601
143029: -247 -307 -272 116
143034: -247 -307 -277 521
143044: -247 -316 -278 603
143045: -247 -316 -279 684
143050: -256 -245 -275 352
143069: -256 -263 -276 435
143070: -256 -263 -277 516
143071: -256 -263 -278 597
143072: -256 -263 -279 678
143074: -256 -272 -272 112
143087: -256 -281 -276 437
143088: -256 -281 -277 518
143089: -256 -281 -278 599
143090: -256 -281 -279 680
143097: -256 -290 -277 519
143098: -256 -290 -278 600
143099: -256 -290 -279 681
143105: -256 -299 -276 439
143107: -256 -299 -278 601
143108: -256 -299 -279 682
143114: -256 -308 -276 440
143115: -256 -308 -277 521
143117: -256 -308 -279 683
143123: -256 -317 -276 441
143124: -256 -317 -277 522
143125: -256 -317 -278 603
143164: -265 -282 -272 113
143168: -265 -282 -276 437
143169: -265 -282 -277 518
143170: -265 -282 -278 599
143171: -265 -282 -279 680
143173: -265 -291 -272 114
143176: -265 -291 -275 357
143177: -265 -291 -276 438
143178: -265 -291 -277 519
143179: -265 -291 -278 600
143180: -265 -291 -279 681
143182: -265 -300 -272 115
143185: -265 -300 -275 358
143186: -265 -300 -276 439
143188: -265 -300 -278 601
143189: -265 -300 -279 682
143191: -265 -309 -272 116
143194: -265 -309 -275 359
143195: -265 -309 -276 440
143196: -265 -309 -277 521
143197: -265 -309 -278 602
143198: -265 -309 -279 683
143200: -265 -318 -272 117
143203: -265 -318 -275 360
143204: -265 -318 -276 441
143205: -265 -318 -277 522
143206: -265 -318 -278 603
143220: -274 -256 -274 272
143229: -274 -265 -274 273
143236: -274 -274 -272 112
143241: -274 -274 -277 517
143242: -274 -274 -278 598
143247: -274 -283 -274 275
143265: -274 -301 -274 277
143274: -274 -310 -274 278
143283: -274 -319 -274 279
143294: -283 -248 -276 433
143295: -283 -248 -277 514
143296: -283 -248 -278 595
143297: -283 -248 -279 676
143312: -283 -266 -276 435
143313: -283 -266 -277 516
143314: -283 -266 -278 597
143315: -283 -266 -279 678
143320: -283 -275 -275 355
143339: -283 -293 -276 438
143340: -283 -293 -277 519
143341: -283 -293 -278 600
143342: -283 -293 -279 681
143348: -283 -302 -276 439
143349: -283 -302 -277 520
143350: -283 -302 -278 601
143351: -283 -302 -279 682
143357: -283 -311 -276 440
143358: -283 -311 -277 521
143359: -283 -311 -278 602
143360: -283 -311 -279 683
143366: -283 -320 -276 441
143367: -283 -320 -277 522
143368: -283 -320 -278 603
143369: -283 -320 -279 684
143371: -292 -249 -272 109
143374: -292 -249 -275 352
143376: -292 -249 -277 514
143377: -292 -249 -278 595
143378: -292 -249 -279 676
143379: -292 -258 -271 29
143382: -292 -258 -274 272
143383: -292 -258 -275 353
143385: -292 -258 -277 515
143386: -292 -258 -278 596
143387: -292 -258 -279 677
143388: -292 -267 -271 30
143389: -292 -267 -272 111
143392: -292 -267 -275 354
143394: -292 -267 -277 516
143395: -292 -267 -278 597
143396: -292 -267 -279 678
143403: -292 -276 -277 517
143407: -292 -285 -272 113
143410: -292 -285 -275 356
143412: -292 -285 -277 518
143413: -292 -285 -278 599
143414: -292 -285 -279 680
143424: -292 -303 -271 34
143428: -292 -303 -275 358
143431: -292 -303 -278 601
143432: -292 -303 -279 682
143433: -292 -312 -271 35
143434: -292 -312 -272 116
143437: -292 -312 -275 359
143440: -292 -312 -278 602
143441: -292 -312 -279 683
143443: -292 -321 -272 117
143446: -292 -321 -275 360
143448: -292 -321 -277 522
143449: -292 -321 -278 603
143450: -292 -321 -279 684
143452: -301 -250 -272 109
143455: -301 -250 -275 352
143456: -301 -250 -276 433
143458: -301 -250 -278 595
143459: -301 -250 -279 676
143460: -301 -259 -271 29
143463: -301 -259 -274 272
143464: -301 -259 -275 353
143465: -301 -259 -276 434
143467: -301 -259 -278 596
143468: -301 -259 -279 677
143469: -301 -268 -271 30
143470: -301 -268 -272 111
143472: -301 -268 -274 273
143473: -301 -268 -275 354
143474: -301 -268 -276 435
143476: -301 -268 -278 597
143477: -301 -268 -279 678
143484: -301 -277 -277 517
143488: -301 -286 -272 113
143491: -301 -286 -275 356
143492: -301 -286 -276 437
143495: -301 -286 -279 680
143497: -301 -295 -272 114
143500: -301 -295 -275 357
143503: -301 -295 -278 600
143504: -301 -295 -279 681
143506: -301 -304 -272 115
143514: -301 -313 -271 35
143515: -301 -313 -272 116
143517: -301 -313 -274 278
143518: -301 -313 -275 359
143519: -301 -313 -276 440
143521: -301 -313 -278 602
143522: -301 -313 -279 683
143523: -301 -322 -271 36
143524: -301 -322 -272 117
143527: -301 -322 -275 360
143528: -301 -322 -276 441
143530: -301 -322 -278 603
143531: -301 -322 -279 684
143533: -310 -251 -272 109
143536: -310 -251 -275 352
143537: -310 -251 -276 433
143538: -310 -251 -277 514
143540: -310 -251 -279 676
143541: -310 -260 -271 29
143545: -310 -260 -275 353
143546: -310 -260 -276 434
143547: -310 -260 -277 515
143549: -310 -260 -279 677
143550: -310 -269 -271 30
143551: -310 -269 -272 111
143554: -310 -269 -275 354
143555: -310 -269 -276 435
143556: -310 -269 -277 516
143558: -310 -269 -279 678
143566: -310 -278 -278 598
143569: -310 -287 -272 113
143572: -310 -287 -275 356
143573: -310 -287 -276 437
143574: -310 -287 -277 518
143576: -310 -287 -279 680
143578: -310 -296 -272 114
143581: -310 -296 -275 357
143582: -310 -296 -276 438
143583: -310 -296 -277 519
143585: -310 -296 -279 681
143587: -310 -305 -272 115
143590: -310 -305 -275 358
143591: -310 -305 -276 439
143592: -310 -305 -277 520
143594: -310 -305 -279 682
143608: -310 -323 -275 360
143609: -310 -323 -276 441
143610: -310 -323 -277 522
143614: -319 -252 -272 109
143617: -319 -252 -275 352
143618: -319 -252 -276 433
143619: -319 -252 -277 514
143620: -319 -252 -278 595
143622: -319 -261 -271 29
143626: -319 -261 -275 353
143627: -319 -261 -276 434
143628: -319 -261 -277 515
143629: -319 -261 -278 596
143632: -319 -270 -272 111
143634: -319 -270 -274 273
143635: -319 -270 -275 354
143636: -319 -270 -276 435
143637: -319 -270 -277 516
143638: -319 -270 -278 597
143650: -319 -288 -272 113
143653: -319 -288 -275 356
143654: -319 -288 -276 437
143655: -319 -288 -277 518
143656: -319 -288 -278 599
143662: -319 -297 -275 357
143663: -319 -297 -276 438
143664: -319 -297 -277 519
143665: -319 -297 -278 600
143667: -319 -306 -271 34
143668: -319 -306 -272 115
143671: -319 -306 -275 358
143672: -319 -306 -276 439
143674: -319 -306 -278 601
143676: -319 -315 -271 35
143677: -319 -315 -272 116
143679: -319 -315 -274 278
143680: -319 -315 -275 359
143681: -319 -315 -276 440
143682: -319 -315 -277 521
143683: -319 -315 -278 602
143777: -337 -245 -354 199
143779: -337 -245 -356 361
143782: -337 -245 -359 604
143783: -337 -245 -360 685
143785: -337 -254 -353 119
143786: -337 -254 -354 200
143788: -337 -254 -356 362
143789: -337 -254 -357 443
143790: -337 -254 -358 524
143791: -337 -254 -359 605
143792: -337 -254 -360 686
143794: -337 -263 -353 120
143795: -337 -263 -354 201
143797: -337 -263 -356 363
143798: -337 -263 -357 444
143799: -337 -263 -358 525
143800: -337 -263 -359 606
143801: -337 -263 -360 687
143802: -337 -272 -352 40
143803: -337 -272 -353 121
143804: -337 -272 -354 202
143806: -337 -272 -356 364
143807: -337 -272 -357 445
143808: -337 -272 -358 526
143809: -337 -272 -359 607
143810: -337 -272 -360 688
143813: -337 -281 -354 203
143815: -337 -281 -356 365
143816: -337 -281 -357 446
143817: -337 -281 -358 527
143818: -337 -281 -359 608
143819: -337 -281 -360 689
143820: -337 -290 -352 42
143821: -337 -290 -353 123
143822: -337 -290 -354 204
143824: -337 -290 -356 366
143825: -337 -290 -357 447
143826: -337 -290 -358 528
143827: -337 -290 -359 609
143828: -337 -290 -360 690
143830: -337 -299 -353 124
143831: -337 -299 -354 205
143833: -337 -299 -356 367
143834: -337 -299 -357 448
143835: -337 -299 -358 529
143836: -337 -299 -359 610
143837: -337 -299 -360 691
143839: -337 -308 -353 125
143840: -337 -308 -354 206
143842: -337 -308 -356 368
143843: -337 -308 -357 449
143844: -337 -308 -358 530
143845: -337 -308 -359 611
143846: -337 -308 -360 692
143848: -337 -317 -353 126
143849: -337 -317 -354 207
143851: -337 -317 -356 369
143852: -337 -317 -357 450
143853: -337 -317 -358 531
143854: -337 -317 -359 612
143855: -337 -317 -360 693
144441: -409 -262 -433 48
144442: -409 -262 -434 129
144444: -409 -262 -436 291
144445: -409 -262 -437 372
144449: -409 -262 -441 696
144450: -409 -271 -433 49
144452: -409 -271 -435 211
144460: -409 -280 -434 131
144461: -409 -280 -435 212
144463: -409 -280 -437 374
144465: -409 -280 -439 536
144468: -409 -289 -433 51
144470: -409 -289 -435 213
144474: -409 -289 -439 537
144475: -409 -289 -440 618
144476: -409 -289 -441 699
144478: -409 -298 -434 133
144479: -409 -298 -435 214
144480: -409 -298 -436 295
144481: -409 -298 -437 376
144482: -409 -298 -438 457
144483: -409 -298 -439 538
144484: -409 -298 -440 619
144485: -409 -298 -441 700
144486: -409 -307 -433 53
144487: -409 -307 -434 134
144488: -409 -307 -435 215
144490: -409 -307 -437 377
144491: -409 -307 -438 458
144492: -409 -307 -439 539
144493: -409 -307 -440 620
144494: -409 -307 -441 701
144495: -409 -316 -433 54
144496: -409 -316 -434 135
144497: -409 -316 -435 216
144499: -409 -316 -437 378
144500: -409 -316 -438 459
144501: -409 -316 -439 540
144502: -409 -316 -440 621
144503: -409 -316 -441 702
144513: -418 -254 -433 47
144514: -418 -254 -434 128
144515: -418 -254 -435 209
144517: -418 -254 -437 371
144518: -418 -254 -438 452
144519: -418 -254 -439 533
144520: -418 -254 -440 614
144521: -418 -254 -441 695
144524: -418 -263 -435 210
144528: -418 -263 -439 534
144529: -418 -263 -440 615
144531: -418 -272 -433 49
144536: -418 -272 -438 454
144539: -418 -272 -441 697
144542: -418 -281 -435 212
144545: -418 -281 -438 455
144546: -418 -281 -439 536
144547: -418 -281 -440 617
144548: -418 -281 -441 698
144549: -418 -290 -433 51
144554: -418 -290 -438 456
144556: -418 -290 -440 618
144559: -418 -299 -434 133
144573: -418 -308 -439 539
144576: -418 -317 -433 54
144577: -418 -317 -434 135
144580: -418 -317 -437 378
144581: -418 -317 -438 459
144582: -418 -317 -439 540
144603: -427 -264 -433 48
144604: -427 -264 -434 129
144605: -427 -264 -435 210
144608: -427 -264 -438 453
144609: -427 -264 -439 534
144610: -427 -264 -440 615
144611: -427 -264 -441 696
144621: -427 -282 -433 50
144623: -427 -282 -435 212
144625: -427 -282 -437 374
144626: -427 -282 -438 455
144627: -427 -282 -439 536
144628: -427 -282 -440 617
144629: -427 -282 -441 698
144630: -427 -291 -433 51
144632: -427 -291 -435 213
144634: -427 -291 -437 375
144635: -427 -291 -438 456
144636: -427 -291 -439 537
144637: -427 -291 -440 618
144638: -427 -291 -441 699
144640: -427 -300 -434 133
144641: -427 -300 -435 214
144643: -427 -300 -437 376
144644: -427 -300 -438 457
144645: -427 -300 -439 538
144646: -427 -300 -440 619
144648: -427 -309 -433 53
144650: -427 -309 -435 215
144651: -427 -309 -436 296
144652: -427 -309 -437 377
144653: -427 -309 -438 458
144654: -427 -309 -439 539
144655: -427 -309 -440 620
144656: -427 -309 -441 701
144657: -427 -318 -433 54
144658: -427 -318 -434 135
144659: -427 -318 -435 216
144661: -427 -318 -437 378
144662: -427 -318 -438 459
144664: -427 -318 -440 621
144665: -427 -318 -441 702
144669: -436 -247 -436 289
144678: -436 -256 -436 290
144687: -436 -265 -436 291
144705: -436 -283 -436 293
144714: -436 -292 -436 294
144723: -436 -301 -436 295
144732: -436 -310 -436 296
144741: -436 -319 -436 297
144747: -445 -248 -433 46
144748: -445 -248 -434 127
144749: -445 -248 -435 208
144752: -445 -248 -438 451
144753: -445 -248 -439 532
144754: -445 -248 -440 613
144755: -445 -248 -441 694
144765: -445 -266 -433 48
144766: -445 -266 -434 129
144767: -445 -266 -435 210
144770: -445 -266 -438 453
144771: -445 -266 -439 534
144772: -445 -266 -440 615
144773: -445 -266 -441 696
144775: -445 -275 -434 130
144779: -445 -275 -438 454
144784: -445 -284 -434 131
144787: -445 -284 -437 374
144789: -445 -284 -439 536
144790: -445 -284 -440 617
144791: -445 -284 -441 698
144797: -445 -293 -438 456
144798: -445 -293 -439 537
144807: -445 -302 -439 538
144808: -445 -302 -440 619
144810: -445 -311 -433 53
144814: -445 -311 -437 377
144817: -445 -311 -440 620
144820: -445 -320 -434 135
144821: -445 -320 -435 216
144824: -445 -320 -438 459
144825: -445 -320 -439 540
144827: -445 -320 -441 702
144829: -454 -249 -434 127
144830: -454 -249 -435 208
144831: -454 -249 -436 289
144833: -454 -249 -438 451
144834: -454 -249 -439 532
144835: -454 -249 -440 613
144836: -454 -249 -441 694
144837: -454 -258 -433 47
144838: -454 -258 -434 128
144839: -454 -258 -435 209
144841: -454 -258 -437 371
144842: -454 -258 -438 452
144845: -454 -258 -441 695
144846: -454 -267 -433 48
144865: -454 -285 -434 131
144889: -454 -303 -440 619
144890: -454 -303 -441 700
144891: -454 -312 -433 53
144900: -454 -321 -433 54
144902: -454 -321 -435 216
144909: -463 -250 -433 46
144910: -463 -250 -434 127
144911: -463 -250 -435 208
144912: -463 -250 -436 289
144913: -463 -250 -437 370
144914: -463 -250 -438 451
144915: -463 -250 -439 532
144916: -463 -250 -440 613
144918: -463 -259 -433 47
144919: -463 -259 -434 128
144920: -463 -259 -435 209
144922: -463 -259 -437 371
144923: -463 -259 -438 452
144924: -463 -259 -439 533
144925: -463 -259 -440 614
144926: -463 -259 -441 695
144935: -463 -268 -441 696
144936: -463 -277 -433 49
144937: -463 -277 -434 130
144940: -463 -277 -437 373
144941: -463 -277 -438 454
144942: -463 -277 -439 535
144943: -463 -277 -440 616
144946: -463 -286 -434 131
144959: -463 -295 -438 456
144960: -463 -295 -439 537
144973: -463 -313 -434 134
144977: -463 -313 -438 458
144982: -463 -322 -434 135
144986: -463 -322 -438 459
144987: -463 -322 -439 540
144990: -472 -251 -433 46
144991: -472 -251 -434 127
144992: -472 -251 -435 208
144994: -472 -251 -437 370
144995: -472 -251 -438 451
144996: -472 -251 -439 532
144997: -472 -251 -440 613
144998: -472 -251 -441 694
144999: -472 -260 -433 47
145001: -472 -260 -435 209
145002: -472 -260 -436 290
145004: -472 -260 -438 452
145005: -472 -260 -439 533
145006: -472 -260 -440 614
145007: -472 -260 -441 695
145008: -472 -269 -433 48
145009: -472 -269 -434 129
145015: -472 -269 -440 615
145017: -472 -278 -433 49
145018: -472 -278 -434 130
145019: -472 -278 -435 211
145021: -472 -278 -437 373
145022: -472 -278 -438 454
145024: -472 -278 -440 616
145025: -472 -278 -441 697
145028: -472 -287 -435 212
145036: -472 -296 -434 132
145041: -472 -296 -439 537
145042: -472 -296 -440 618
145049: -472 -305 -438 457
145054: -472 -314 -434 134
145055: -472 -314 -435 215
145057: -472 -314 -437 377
145058: -472 -314 -438 458
145060: -472 -314 -440 620
145067: -472 -323 -438 459
145070: -472 -323 -441 702
145071: -481 -252 -433 46
145072: -481 -252 -434 127
145075: -481 -252 -437 370
145076: -481 -252 -438 451
145078: -481 -252 -440 613
145079: -481 -252 -441 694
145080: -481 -261 -433 47
145082: -481 -261 -435 209
145084: -481 -261 -437 371
145085: -481 -261 -438 452
145086: -481 -261 -439 533
145087: -481 -261 -440 614
145088: -481 -261 -441 695
145094: -481 -270 -438 453
145096: -481 -270 -440 615
145097: -481 -270 -441 696
145098: -481 -279 -433 49
145099: -481 -279 -434 130
145100: -481 -279 -435 211
145101: -481 -279 -436 292
145102: -481 -279 -437 373
145103: -481 -279 -438 454
145104: -481 -279 -439 535
145105: -481 -279 -440 616
145106: -481 -279 -441 697
145107: -481 -288 -433 50
145108: -481 -288 -434 131
145109: -481 -288 -435 212
145120: -481 -297 -437 375
145121: -481 -297 -438 456
145122: -481 -297 -439 537
145133: -481 -306 -441 700
145135: -481 -315 -434 134
145139: -481 -315 -438 458
145142: -481 -315 -441 701
145144: -481 -324 -434 135
145148: -481 -324 -438 459
145151: -481 -324 -441 702
145170: -490 -262 -514 57
145171: -490 -262 -515 138
145174: -490 -262 -518 381
145175: -490 -262 -519 462
145176: -490 -262 -520 543
145181: -490 -271 -516 220
145183: -490 -271 -518 382
145184: -490 -271 -519 463
145192: -490 -280 -518 383
145197: -490 -289 -514 60
145198: -490 -289 -515 141
145199: -490 -289 -516 222
145201: -490 -289 -518 384
145202: -490 -289 -519 465
145203: -490 -289 -520 546
145204: -490 -289 -521 627
145205: -490 -289 -522 708
145206: -490 -298 -514 61
145207: -490 -298 -515 142
145208: -490 -298 -516 223
145210: -490 -298 -518 385
145211: -490 -298 -519 466
145213: -490 -298 -521 628
145214: -490 -298 -522 709
145216: -490 -307 -515 143
145217: -490 -307 -516 224
145219: -490 -307 -518 386
145220: -490 -307 -519 467
145221: -490 -307 -520 548
145222: -490 -307 -521 629
145223: -490 -307 -522 710
145224: -490 -316 -514 63
145225: -490 -316 -515 144
145226: -490 -316 -516 225
145228: -490 -316 -518 387
145229: -490 -316 -519 468
145230: -490 -316 -520 549
145231: -490 -316 -521 630
145242: -499 -254 -514 56
145243: -499 -254 -515 137
145244: -499 -254 -516 218
145246: -499 -254 -518 380
145247: -499 -254 -519 461
145248: -499 -254 -520 542
145249: -499 -254 -521 623
145250: -499 -254 -522 704
145251: -499 -263 -514 57
145257: -499 -263 -520 543
145258: -499 -263 -521 624
145260: -499 -272 -514 58
145266: -499 -272 -520 544
145269: -499 -281 -514 59
145271: -499 -281 -516 221
145274: -499 -281 -519 464
145276: -499 -281 -521 626
145277: -499 -281 -522 707
145279: -499 -290 -515 141
145284: -499 -290 -520 546
145285: -499 -290 -521 627
145289: -499 -299 -516 223
145292: -499 -299 -519 466
145293: -499 -299 -520 547
145295: -499 -299 -522 709
145304: -499 -308 -522 710
145306: -499 -317 -515 144
145307: -499 -317 -516 225
145310: -499 -317 -519 468
145311: -499 -317 -520 549
145312: -499 -317 -521 630
145332: -508 -264 -514 57
145337: -508 -264 -519 462
145338: -508 -264 -520 543
145339: -508 -264 -521 624
145340: -508 -264 -522 705
145350: -508 -282 -514 59
145352: -508 -282 -516 221
145354: -508 -282 -518 383
145355: -508 -282 -519 464
145356: -508 -282 -520 545
145357: -508 -282 -521 626
145358: -508 -282 -522 707
145359: -508 -291 -514 60
145360: -508 -291 -515 141
145361: -508 -291 -516 222
145363: -508 -291 -518 384
145364: -508 -291 -519 465
145365: -508 -291 -520 546
145366: -508 -291 -521 627
145367: -508 -291 -522 708
145368: -508 -300 -514 61
145370: -508 -300 -516 223
145372: -508 -300 -518 385
145373: -508 -300 -519 466
145374: -508 -300 -520 547
145375: -508 -300 -521 628
145376: -508 -300 -522 709
145378: -508 -309 -515 143
145379: -508 -309 -516 224
145381: -508 -309 -518 386
145383: -508 -309 -520 548
145384: -508 -309 -521 629
145385: -508 -309 -522 710
145386: -508 -318 -514 63
145387: -508 -318 -515 144
145388: -508 -318 -516 225
145390: -508 -318 -518 387
145391: -508 -318 -519 468
145392: -508 -318 -520 549
145393: -508 -318 -521 630
145394: -508 -318 -522 711
145395: -517 -247 -514 55
145398: -517 -247 -517 298
145404: -517 -256 -514 56
145407: -517 -256 -517 299
145416: -517 -265 -517 300
145425: -517 -274 -517 301
145434: -517 -283 -517 302
145443: -517 -292 -517 303
145452: -517 -301 -517 304
145461: -517 -310 -517 305
145470: -517 -319 -517 306
145476: -526 -248 -514 55
145477: -526 -248 -515 136
145478: -526 -248 -516 217
145481: -526 -248 -519 460
145482: -526 -248 -520 541
145483: -526 -248 -521 622
145484: -526 -248 -522 703
145494: -526 -266 -514 57
145496: -526 -266 -516 219
145499: -526 -266 -519 462
145500: -526 -266 -520 543
145501: -526 -266 -521 624
145502: -526 -266 -522 705
145509: -526 -275 -520 544
145511: -526 -275 -522 706
145512: -526 -284 -514 59
145516: -526 -284 -518 383
145517: -526 -284 -519 464
145518: -526 -284 -520 545
145521: -526 -293 -514 60
145522: -526 -293 -515 141
145523: -526 -293 -516 222
145525: -526 -293 -518 384
145526: -526 -293 -519 465
145527: -526 -293 -520 546
145528: -526 -293 -521 627
145529: -526 -293 -522 708
145536: -526 -302 -520 547
145538: -526 -302 -522 709
145541: -526 -311 -516 224
145546: -526 -311 -521 629
145547: -526 -311 -522 710
145548: -526 -320 -514 63
145550: -526 -320 -516 225
145553: -526 -320 -519 468
145554: -526 -320 -520 549
145555: -526 -320 -521 630
145556: -526 -320 -522 711
145557: -535 -249 -514 55
145558: -535 -249 -515 136
145559: -535 -249 -516 217
145561: -535 -249 -518 379
145562: -535 -249 -519 460
145564: -535 -249 -521 622
145565: -535 -249 -522 703
145566: -535 -258 -514 56
145567: -535 -258 -515 137
145568: -535 -258 -516 218
145570: -535 -258 -518 380
145571: -535 -258 -519 461
145572: -535 -258 -520 542
145573: -535 -258 -521 623
145575: -535 -267 -514 57
145579: -535 -267 -518 381
145581: -535 -267 -520 543
145582: -535 -267 -521 624
145583: -535 -267 -522 705
145584: -535 -276 -514 58
145585: -535 -276 -515 139
145590: -535 -276 -520 544
145591: -535 -276 -521 625
145593: -535 -285 -514 59
145594: -535 -285 -515 140
145595: -535 -285 -516 221
145597: -535 -285 -518 383
145600: -535 -285 -521 626
145602: -535 -294 -514 60
145604: -535 -294 -516 222
145607: -535 -294 -519 465
145608: -535 -294 -520 546
145610: -535 -294 -522 708
145611: -535 -303 -514 61
145617: -535 -303 -520 547
145622: -535 -312 -516 224
145630: -535 -321 -515 144
145635: -535 -321 -520 549
145636: -535 -321 -521 630
145639: -544 -250 -515 136
145640: -544 -250 -516 217
145643: -544 -250 -519 460
145645: -544 -250 -521 622
145646: -544 -250 -522 703
145647: -544 -259 -514 56
145649: -544 -259 -516 218
145651: -544 -259 -518 380
145654: -544 -259 -521 623
145655: -544 -259 -522 704
145656: -544 -268 -514 57
145657: -544 -268 -515 138
145683: -544 -295 -514 60
145685: -544 -295 -516 222
145690: -544 -295 -521 627
145691: -544 -295 -522 708
145706: -544 -313 -519 467
145710: -544 -322 -514 63
145719: -553 -251 -514 55
145721: -553 -251 -516 217
145722: -553 -251 -517 298
145723: -553 -251 -518 379
145724: -553 -251 -519 460
145725: -553 -251 -520 541
145726: -553 -251 -521 622
145727: -553 -251 -522 703
145728: -553 -260 -514 56
145729: -553 -260 -515 137
145730: -553 -260 -516 218
145732: -553 -260 -518 380
145733: -553 -260 -519 461
145734: -553 -260 -520 542
145735: -553 -260 -521 623
145736: -553 -260 -522 704
145737: -553 -269 -514 57
145743: -553 -269 -520 543
145746: -553 -278 -514 58
145747: -553 -278 -515 139
145752: -553 -278 -520 544
145753: -553 -278 -521 625
145755: -553 -287 -514 59
145756: -553 -287 -515 140
145757: -553 -287 -516 221
145762: -553 -287 -521 626
145763: -553 -287 -522 707
145769: -553 -296 -519 465
145770: -553 -296 -520 546
145774: -553 -305 -515 142
145779: -553 -305 -520 547
145797: -553 -323 -520 549
145800: -562 -252 -514 55
145801: -562 -252 -515 136
145802: -562 -252 -516 217
145803: -562 -252 -517 298
145804: -562 -252 -518 379
145805: -562 -252 -519 460
145806: -562 -252 -520 541
145807: -562 -252 -521 622
145808: -562 -252 -522 703
145809: -562 -261 -514 56
145810: -562 -261 -515 137
145811: -562 -261 -516 218
145813: -562 -261 -518 380
145814: -562 -261 -519 461
145815: -562 -261 -520 542
145816: -562 -261 -521 623
145817: -562 -261 -522 704
145818: -562 -270 -514 57
145823: -562 -270 -519 462
145824: -562 -270 -520 543
145825: -562 -270 -521 624
145826: -562 -270 -522 705
145827: -562 -279 -514 58
145828: -562 -279 -515 139
145829: -562 -279 -516 220
145831: -562 -279 -518 382
145832: -562 -279 -519 463
145833: -562 -279 -520 544
145834: -562 -279 -521 625
145835: -562 -279 -522 706
145836: -562 -288 -514 59
145838: -562 -288 -516 221
145842: -562 -288 -520 545
145850: -562 -297 -519 465
145854: -562 -306 -514 61
145855: -562 -306 -515 142
145860: -562 -306 -520 547
145862: -562 -306 -522 709
145867: -562 -315 -518 386
145868: -562 -315 -519 467
145874: -562 -324 -516 225
145876: -562 -324 -518 387
145877: -562 -324 -519 468
145878: -562 -324 -520 549
145879: -562 -324 -521 630
145880: -562 -324 -522 711
145899: -571 -262 -595 66
145900: -571 -262 -596 147
145904: -571 -262 -600 471
145905: -571 -262 -601 552
145906: -571 -262 -602 633
145908: -571 -271 -595 67
145909: -571 -271 -596 148
145910: -571 -271 -597 229
145912: -571 -271 -599 391
145914: -571 -271 -601 553
145915: -571 -271 -602 634
145917: -571 -280 -595 68
145923: -571 -280 -601 554
145926: -571 -289 -595 69
145927: -571 -289 -596 150
145928: -571 -289 -597 231
145930: -571 -289 -599 393
145931: -571 -289 -600 474
145932: -571 -289 -601 555
145933: -571 -289 -602 636
145934: -571 -289 -603 717
145935: -571 -298 -595 70
145936: -571 -298 -596 151
145937: -571 -298 -597 232
145939: -571 -298 -599 394
145940: -571 -298 -600 475
145941: -571 -298 -601 556
145942: -571 -298 -602 637
145943: -571 -298 -603 718
145944: -571 -307 -595 71
145946: -571 -307 -597 233
145948: -571 -307 -599 395
145949: -571 -307 -600 476
145950: -571 -307 -601 557
145951: -571 -307 -602 638
145952: -571 -307 -603 719
145954: -571 -316 -596 153
145955: -571 -316 -597 234
145957: -571 -316 -599 396
145958: -571 -316 -600 477
145959: -571 -316 -601 558
145960: -571 -316 -602 639
145961: -571 -316 -603 720
145971: -580 -254 -595 65
145972: -580 -254 -596 146
145973: -580 -254 -597 227
145974: -580 -254 -598 308
145975: -580 -254 -599 389
145976: -580 -254 -600 470
145977: -580 -254 -601 551
145978: -580 -254 -602 632
145979: -580 -254 -603 713
145981: -580 -263 -596 147
145982: -580 -263 -597 228
145987: -580 -263 -602 633
145988: -580 -263 -603 714
145989: -580 -272 -595 67
145990: -580 -272 -596 148
145994: -580 -272 -600 472
145996: -580 -272 -602 634
145997: -580 -272 -603 715
145998: -580 -281 -595 68
146005: -580 -281 -602 635
146006: -580 -281 -603 716
146007: -580 -290 -595 69
146013: -580 -290 -601 555
146015: -580 -290 -603 717
146023: -580 -299 -602 637
146025: -580 -308 -595 71
146027: -580 -308 -597 233
146030: -580 -308 -600 476
146031: -580 -308 -601 557
146032: -580 -308 -602 638
146033: -580 -308 -603 719
146061: -589 -264 -595 66
146063: -589 -264 -597 228
146066: -589 -264 -600 471
146067: -589 -264 -601 552
146068: -589 -264 -602 633
146069: -589 -264 -603 714
146079: -589 -282 -595 68
146080: -589 -282 -596 149
146081: -589 -282 -597 230
146083: -589 -282 -599 392
146084: -589 -282 -600 473
146086: -589 -282 -602 635
146087: -589 -282 -603 716
146088: -589 -291 -595 69
146089: -589 -291 -596 150
146090: -589 -291 -597 231
146092: -589 -291 -599 393
146093: -589 -291 -600 474
146094: -589 -291 -601 555
146095: -589 -291 -602 636
146096: -589 -291 -603 717
146097: -589 -300 -595 70
146098: -589 -300 -596 151
146099: -589 -300 -597 232
146101: -589 -300 -599 394
146102: -589 -300 -600 475
146103: -589 -300 -601 556
146104: -589 -300 -602 637
146105: -589 -300 -603 718
146106: -589 -309 -595 71
146107: -589 -309 -596 152
146108: -589 -309 -597 233
146110: -589 -309 -599 395
146111: -589 -309 -600 476
146112: -589 -309 -601 557
146113: -589 -309 -602 638
146114: -589 -309 -603 719
146116: -589 -318 -596 153
146117: -589 -318 -597 234
146119: -589 -318 -599 396
146120: -589 -318 -600 477
146122: -589 -318 -602 639
146123: -589 -318 -603 720
146127: -598 -247 -598 307
146133: -598 -256 -595 65
146136: -598 -256 -598 308
146145: -598 -265 -598 309
146154: -598 -274 -598 310
146163: -598 -283 -598 311
146172: -598 -292 -598 312
146181: -598 -301 -598 313
146190: -598 -310 -598 314
146199: -598 -319 -598 315
146205: -607 -248 -595 64
146206: -607 -248 -596 145
146207: -607 -248 -597 226
146209: -607 -248 -599 388
146210: -607 -248 -600 469
146211: -607 -248 -601 550
146212: -607 -248 -602 631
146213: -607 -248 -603 712
146225: -607 -266 -597 228
146228: -607 -266 -600 471
146229: -607 -266 -601 552
146230: -607 -266 -602 633
146231: -607 -266 -603 714
146232: -607 -275 -595 67
146233: -607 -275 -596 148
146239: -607 -275 -602 634
146240: -607 -275 -603 715
146241: -607 -284 -595 68
146242: -607 -284 -596 149
146243: -607 -284 -597 230
146245: -607 -284 -599 392
146246: -607 -284 -600 473
146248: -607 -284 -602 635
146250: -607 -293 -595 69
146255: -607 -293 -600 474
146256: -607 -293 -601 555
146257: -607 -293 -602 636
146259: -607 -302 -595 70
146265: -607 -302 -601 556
146266: -607 -302 -602 637
146267: -607 -302 -603 718
146268: -607 -311 -595 71
146273: -607 -311 -600 476
146274: -607 -311 -601 557
146275: -607 -311 -602 638
146276: -607 -311 -603 719
146279: -607 -320 -597 234
146282: -607 -320 -600 477
146284: -607 -320 -602 639
146285: -607 -320 -603 720
146286: -616 -249 -595 64
146287: -616 -249 -596 145
146288: -616 -249 -597 226
146289: -616 -249 -598 307
146290: -616 -249 -599 388
146291: -616 -249 -600 469
146292: -616 -249 -601 550
146293: -616 -249 -602 631
146294: -616 -249 -603 712
146295: -616 -258 -595 65
146296: -616 -258 -596 146
146297: -616 -258 -597 227
146299: -616 -258 -599 389
146300: -616 -258 -600 470
146301: -616 -258 -601 551
146302: -616 -258 -602 632
146304: -616 -267 -595 66
146310: -616 -267 -601 552
146311: -616 -267 -602 633
146313: -616 -276 -595 67
146314: -616 -276 -596 148
146315: -616 -276 -597 229
146317: -616 -276 -599 391
146318: -616 -276 -600 472
146319: -616 -276 -601 553
146320: -616 -276 -602 634
146321: -616 -276 -603 715
146322: -616 -285 -595 68
146324: -616 -285 -597 230
146327: -616 -285 -600 473
146329: -616 -285 -602 635
146331: -616 -294 -595 69
146336: -616 -294 -600 474
146337: -616 -294 -601 555
146338: -616 -294 -602 636
146340: -616 -303 -595 70
146346: -616 -303 -601 556
146349: -616 -312 -595 71
146351: -616 -312 -597 233
146353: -616 -312 -599 395
146354: -616 -312 -600 476
146356: -616 -312 -602 638
146357: -616 -312 -603 719
146363: -616 -321 -600 477
146364: -616 -321 -601 558
146367: -625 -250 -595 64
146368: -625 -250 -596 145
146369: -625 -250 -597 226
146371: -625 -250 -599 388
146372: -625 -250 -600 469
146373: -625 -250 -601 550
146374: -625 -250 -602 631
146375: -625 -250 -603 712
146376: -625 -259 -595 65
146377: -625 -259 -596 146
146378: -625 -259 -597 227
146379: -625 -259 -598 308
146380: -625 -259 -599 389
146381: -625 -259 -600 470
146382: -625 -259 -601 551
146383: -625 -259 -602 632
146384: -625 -259 -603 713
146385: -625 -268 -595 66
146386: -625 -268 -596 147
146387: -625 -268 -597 228
146391: -625 -268 -601 552
146392: -625 -268 -602 633
146394: -625 -277 -595 67
146395: -625 -277 -596 148
146396: -625 -277 -597 229
146398: -625 -277 -599 391
146399: -625 -277 -600 472
146400: -625 -277 -601 553
146401: -625 -277 -602 634
146403: -625 -286 -595 68
146408: -625 -286 -600 473
146410: -625 -286 -602 635
146412: -625 -295 -595 69
146413: -625 -295 -596 150
146414: -625 -295 -597 231
146421: -625 -304 -595 70
146422: -625 -304 -596 151
146428: -625 -304 -602 637
146437: -625 -313 -602 638
146445: -625 -322 -601 558
146449: -634 -251 -596 145
146450: -634 -251 -597 226
146451: -634 -251 -598 307
146453: -634 -251 -600 469
146456: -634 -251 -603 712
146457: -634 -260 -595 65
146459: -634 -260 -597 227
146461: -634 -260 -599 389
146462: -634 -260 -600 470
146463: -634 -260 -601 551
146466: -634 -269 -595 66
146467: -634 -269 -596 147
146485: -634 -287 -596 149
146493: -634 -296 -595 69
146495: -634 -296 -597 231
146501: -634 -296 -603 717
146502: -634 -305 -595 70
146526: -634 -323 -601 558
146529: -643 -252 -595 64
146530: -643 -252 -596 145
146531: -643 -252 -597 226
146533: -643 -252 -599 388
146534: -643 -252 -600 469
146536: -643 -252 -602 631
146537: -643 -252 -603 712
146538: -643 -261 -595 65
146539: -643 -261 -596 146
146540: -643 -261 -597 227
146542: -643 -261 -599 389
146543: -643 -261 -600 470
146545: -643 -261 -602 632
146546: -643 -261 -603 713
146547: -643 -270 -595 66
146553: -643 -270 -601 552
146554: -643 -270 -602 633
146555: -643 -270 -603 714
146556: -643 -279 -595 67
146557: -643 -279 -596 148
146558: -643 -279 -597 229
146560: -643 -279 -599 391
146561: -643 -279 -600 472
146563: -643 -279 -602 634
146564: -643 -279 -603 715
146565: -643 -288 -595 68
146566: -643 -288 -596 149
146567: -643 -288 -597 230
146572: -643 -288 -602 635
146573: -643 -288 -603 716
146581: -643 -297 -602 636
146583: -643 -306 -595 70
146584: -643 -306 -596 151
146590: -643 -306 -602 637
146592: -643 -315 -595 71
146594: -643 -315 -597 233
146596: -643 -315 -599 395
146599: -643 -315 -602 638
146600: -643 -315 -603 719
146603: -643 -324 -597 234
146628: -652 -262 -676 75
146629: -652 -262 -677 156
146630: -652 -262 -678 237
146632: -652 -262 -680 399
146633: -652 -262 -681 480
146634: -652 -262 -682 561
146635: -652 -262 -683 642
146636: -652 -262 -684 723
146637: -652 -271 -676 76
146638: -652 -271 -677 157
146639: -652 -271 -678 238
146641: -652 -271 -680 400
146642: -652 -271 -681 481
146643: -652 -271 -682 562
146644: -652 -271 -683 643
146645: -652 -271 -684 724
146647: -652 -280 -677 158
146650: -652 -280 -680 401
146652: -652 -280 -682 563
146656: -652 -289 -677 159
146657: -652 -289 -678 240
146659: -652 -289 -680 402
146660: -652 -289 -681 483
146661: -652 -289 -682 564
146662: -652 -289 -683 645
146663: -652 -289 -684 726
146664: -652 -298 -676 79
146665: -652 -298 -677 160
146666: -652 -298 -678 241
146668: -652 -298 -680 403
146669: -652 -298 -681 484
146670: -652 -298 -682 565
146671: -652 -298 -683 646
146672: -652 -298 -684 727
146673: -652 -307 -676 80
146674: -652 -307 -677 161
146675: -652 -307 -678 242
146677: -652 -307 -680 404
146678: -652 -307 -681 485
146679: -652 -307 -682 566
146680: -652 -307 -683 647
146681: -652 -307 -684 728
146684: -652 -316 -678 243
146686: -652 -316 -680 405
146687: -652 -316 -681 486
146688: -652 -316 -682 567
146689: -652 -316 -683 648
146700: -661 -254 -676 74
146701: -661 -254 -677 155
146702: -661 -254 -678 236
146703: -661 -254 -679 317
146704: -661 -254 -680 398
146705: -661 -254 -681 479
146706: -661 -254 -682 560
146707: -661 -254 -683 641
146708: -661 -254 -684 722
146709: -661 -263 -676 75
146710: -661 -263 -677 156
146714: -661 -263 -681 480
146716: -661 -263 -683 642
146717: -661 -263 -684 723
146719: -661 -272 -677 157
146726: -661 -272 -684 724
146727: -661 -281 -676 77
146728: -661 -281 -677 158
146732: -661 -281 -681 482
146733: -661 -281 -682 563
146735: -661 -281 -684 725
146737: -661 -290 -677 159
146741: -661 -290 -681 483
146746: -661 -299 -677 160
146750: -661 -299 -681 484
146753: -661 -299 -684 727
146754: -661 -308 -676 80
146755: -661 -308 -677 161
146760: -661 -308 -682 566
146762: -661 -308 -684 728
146767: -661 -317 -680 405
146768: -661 -317 -681 486
146769: -661 -317 -682 567
146771: -661 -317 -684 729
146790: -670 -264 -676 75
146792: -670 -264 -678 237
146795: -670 -264 -681 480
146796: -670 -264 -682 561
146797: -670 -264 -683 642
146798: -670 -264 -684 723
146808: -670 -282 -676 77
146809: -670 -282 -677 158
146810: -670 -282 -678 239
146812: -670 -282 -680 401
146813: -670 -282 -681 482
146814: -670 -282 -682 563
146815: -670 -282 -683 644
146816: -670 -282 -684 725
146818: -670 -291 -677 159
146819: -670 -291 -678 240
146821: -670 -291 -680 402
146822: -670 -291 -681 483
146823: -670 -291 -682 564
146825: -670 -291 -684 726
146826: -670 -300 -676 79
146827: -670 -300 -677 160
146828: -670 -300 -678 241
146830: -670 -300 -680 403
146832: -670 -300 -682 565
146833: -670 -300 -683 646
146834: -670 -300 -684 727
146835: -670 -309 -676 80
146836: -670 -309 -677 161
146839: -670 -309 -680 404
146840: -670 -309 -681 485
146841: -670 -309 -682 566
146843: -670 -309 -684 728
146844: -670 -318 -676 81
146846: -670 -318 -678 243
146848: -670 -318 -680 405
146849: -670 -318 -681 486
146850: -670 -318 -682 567
146851: -670 -318 -683 648
146852: -670 -318 -684 729
146855: -679 -247 -678 235
146856: -679 -247 -679 316
146865: -679 -256 -679 317
146874: -679 -265 -679 318
146892: -679 -283 -679 320
146901: -679 -292 -679 321
146910: -679 -301 -679 322
146919: -679 -310 -679 323
146928: -679 -319 -679 324
146934: -688 -248 -676 73
146935: -688 -248 -677 154
146936: -688 -248 -678 235
146938: -688 -248 -680 397
146939: -688 -248 -681 478
146940: -688 -248 -682 559
146941: -688 -248 -683 640
146942: -688 -248 -684 721
146952: -688 -266 -676 75
146954: -688 -266 -678 237
146957: -688 -266 -681 480
146958: -688 -266 -682 561
146959: -688 -266 -683 642
146960: -688 -266 -684 723
146962: -688 -275 -677 157
146969: -688 -275 -684 724
146970: -688 -284 -676 77
146971: -688 -284 -677 158
146972: -688 -284 -678 239
146974: -688 -284 -680 401
146976: -688 -284 -682 563
146978: -688 -284 -684 725
146984: -688 -293 -681 483
146985: -688 -293 -682 564
146989: -688 -302 -677 160
146993: -688 -302 -681 484
146994: -688 -302 -682 565
146995: -688 -302 -683 646
146996: -688 -302 -684 727
146998: -688 -311 -677 161
146999: -688 -311 -678 242
147004: -688 -311 -683 647
147005: -688 -311 -684 728
147007: -688 -320 -677 162
147011: -688 -320 -681 486
147013: -688 -320 -683 648
147014: -688 -320 -684 729
147015: -697 -249 -676 73
147016: -697 -249 -677 154
147017: -697 -249 -678 235
147020: -697 -249 -681 478
147021: -697 -249 -682 559
147023: -697 -249 -684 721
147024: -697 -258 -676 74
147025: -697 -258 -677 155
147026: -697 -258 -678 236
147028: -697 -258 -680 398
147029: -697 -258 -681 479
147030: -697 -258 -682 560
147031: -697 -258 -683 641
147032: -697 -258 -684 722
147033: -697 -267 -676 75
147038: -697 -267 -681 480
147040: -697 -267 -683 642
147042: -697 -276 -676 76
147043: -697 -276 -677 157
147046: -697 -276 -680 400
147049: -697 -276 -683 643
147050: -697 -276 -684 724
147051: -697 -285 -676 77
147052: -697 -285 -677 158
147056: -697 -285 -681 482
147075: -697 -303 -682 565
147077: -697 -303 -684 727
147079: -697 -312 -677 161
147083: -697 -312 -681 485
147085: -697 -312 -683 647
147086: -697 -312 -684 728
147091: -697 -321 -680 405
147092: -697 -321 -681 486
147096: -706 -250 -676 73
147097: -706 -250 -677 154
147098: -706 -250 -678 235
147099: -706 -250 -679 316
147100: -706 -250 -680 397
147101: -706 -250 -681 478
147102: -706 -250 -682 559
147103: -706 -250 -683 640
147104: -706 -250 -684 721
147105: -706 -259 -676 74
147106: -706 -259 -677 155
147107: -706 -259 -678 236
147109: -706 -259 -680 398
147110: -706 -259 -681 479
147111: -706 -259 -682 560
147112: -706 -259 -683 641
147113: -706 -259 -684 722
147114: -706 -268 -676 75
147115: -706 -268 -677 156
147119: -706 -268 -681 480
147120: -706 -268 -682 561
147122: -706 -268 -684 723
147123: -706 -277 -676 76
147124: -706 -277 -677 157
147125: -706 -277 -678 238
147127: -706 -277 -680 400
147128: -706 -277 -681 481
147129: -706 -277 -682 562
147130: -706 -277 -683 643
147131: -706 -277 -684 724
147132: -706 -286 -676 77
147138: -706 -286 -682 563
147147: -706 -295 -682 564
147148: -706 -295 -683 645
147150: -706 -304 -676 79
147151: -706 -304 -677 160
147156: -706 -304 -682 565
147158: -706 -304 -684 727
147160: -706 -313 -677 161
147164: -706 -313 -681 485
147165: -706 -313 -682 566
147170: -706 -322 -678 243
147173: -706 -322 -681 486
147177: -715 -251 -676 73
147178: -715 -251 -677 154
147179: -715 -251 -678 235
147181: -715 -251 -680 397
147182: -715 -251 -681 478
147183: -715 -251 -682 559
147184: -715 -251 -683 640
147185: -715 -251 -684 721
147186: -715 -260 -676 74
147188: -715 -260 -678 236
147190: -715 -260 -680 398
147191: -715 -260 -681 479
147193: -715 -260 -683 641
147194: -715 -260 -684 722
147196: -715 -269 -677 156
147202: -715 -269 -683 642
147203: -715 -269 -684 723
147204: -715 -278 -676 76
147205: -715 -278 -677 157
147206: -715 -278 -678 238
147208: -715 -278 -680 400
147209: -715 -278 -681 481
147210: -715 -278 -682 562
147211: -715 -278 -683 643
147212: -715 -278 -684 724
147213: -715 -287 -676 77
147215: -715 -287 -678 239
147217: -715 -287 -680 401
147218: -715 -287 -681 482
147221: -715 -287 -684 725
147229: -715 -296 -683 645
147232: -715 -305 -677 160
147233: -715 -305 -678 241
147239: -715 -305 -684 727
147241: -715 -314 -677 161
147248: -715 -314 -684 728
147250: -715 -323 -677 162
147254: -715 -323 -681 486
147257: -715 -323 -684 729
147259: -724 -252 -677 154
147260: -724 -252 -678 235
147261: -724 -252 -679 316
147263: -724 -252 -681 478
147264: -724 -252 -682 559
147265: -724 -252 -683 640
147266: -724 -252 -684 721
147267: -724 -261 -676 74
147269: -724 -261 -678 236
147271: -724 -261 -680 398
147273: -724 -261 -682 560
147274: -724 -261 -683 641
147276: -724 -270 -676 75
147312: -724 -306 -676 79
147314: -724 -306 -678 241
147321: -724 -315 -676 80
147323: -724 -315 -678 242
147326: -724 -315 -681 485
147582: -32 -328 -37 1
147600: -32 -346 -37 3
147609: -32 -355 -37 4
147618: -32 -364 -37 5
147627: -32 -373 -37 6
147636: -32 -382 -37 7
147645: -32 -391 -37 8
147654: -32 -400 -37 9
148173: -95 -344 -124 498
148175: -95 -344 -126 660
148182: -95 -353 -124 499
148185: -95 -362 -118 14
148194: -95 -371 -118 15
148196: -95 -371 -120 177
148201: -95 -371 -125 582
148202: -95 -371 -126 663
148203: -95 -380 -118 16
148205: -95 -380 -120 178
148208: -95 -380 -123 421
148211: -95 -380 -126 664
148218: -95 -389 -124 503
148228: -95 -398 -125 585
148231: -104 -327 -119 91
148236: -104 -327 -124 496
148237: -104 -327 -125 577
148249: -104 -345 -119 93
148258: -104 -354 -119 94
148262: -104 -354 -123 418
148264: -104 -354 -125 580
148265: -104 -354 -126 661
148267: -104 -363 -119 95
148273: -104 -363 -125 581
148276: -104 -372 -119 96
148277: -104 -372 -120 177
148281: -104 -372 -124 501
148282: -104 -372 -125 582
148285: -104 -381 -119 97
148291: -104 -381 -125 583
148294: -104 -390 -119 98
148295: -104 -390 -120 179
148303: -104 -399 -119 99
148304: -104 -399 -120 180
148321: -113 -337 -119 92
148322: -113 -337 -120 173
148324: -113 -337 -122 335
148325: -113 -337 -123 416
148326: -113 -337 -124 497
148327: -113 -337 -125 578
148328: -113 -337 -126 659
148396: -122 -329 -122 334
148414: -122 -347 -122 336
148432: -122 -365 -122 338
148450: -122 -383 -122 340
148459: -122 -392 -122 341
148468: -122 -401 -122 342
148473: -131 -330 -118 10
148474: -131 -330 -119 91
148475: -131 -330 -120 172
148478: -131 -330 -123 415
148479: -131 -330 -124 496
148480: -131 -330 -125 577
148481: -131 -330 -126 658
148493: -131 -348 -120 174
148496: -131 -348 -123 417
148500: -131 -357 -118 13
148501: -131 -357 -119 94
148502: -131 -357 -120 175
148506: -131 -357 -124 499
148509: -131 -366 -118 14
148510: -131 -366 -119 95
148511: -131 -366 -120 176
148514: -131 -366 -123 419
148515: -131 -366 -124 500
148516: -131 -366 -125 581
148518: -131 -375 -118 15
148527: -131 -384 -118 16
148529: -131 -384 -120 178
148533: -131 -384 -124 502
148536: -131 -393 -118 17
148538: -131 -393 -120 179
148545: -131 -402 -118 18
148553: -131 -402 -126 666
148554: -140 -331 -118 10
148555: -140 -331 -119 91
148556: -140 -331 -120 172
148559: -140 -331 -123 415
148560: -140 -331 -124 496
148561: -140 -331 -125 577
148562: -140 -331 -126 658
148581: -140 -358 -118 13
148582: -140 -358 -119 94
148588: -140 -358 -125 580
148589: -140 -358 -126 661
148590: -140 -367 -118 14
148596: -140 -367 -124 500
148599: -140 -376 -118 15
148608: -140 -385 -118 16
148617: -140 -394 -118 17
148626: -140 -403 -118 18
148628: -140 -403 -120 180
148635: -149 -332 -118 10
148636: -149 -332 -119 91
148637: -149 -332 -120 172
148640: -149 -332 -123 415
148641: -149 -332 -124 496
148642: -149 -332 -125 577
148643: -149 -332 -126 658
148660: -149 -350 -125 579
148662: -149 -359 -118 13
148663: -149 -359 -119 94
148664: -149 -359 -120 175
148667: -149 -359 -123 418
148668: -149 -359 -124 499
148669: -149 -359 -125 580
148670: -149 -359 -126 661
148671: -149 -368 -118 14
148676: -149 -368 -123 419
148678: -149 -368 -125 581
148680: -149 -377 -118 15
148686: -149 -377 -124 501
148689: -149 -386 -118 16
148698: -149 -395 -118 17
148699: -149 -395 -119 98
148700: -149 -395 -120 179
148706: -149 -395 -126 665
148707: -149 -404 -118 18
148716: -158 -333 -118 10
148717: -158 -333 -119 91
148718: -158 -333 -120 172
148721: -158 -333 -123 415
148722: -158 -333 -124 496
148723: -158 -333 -125 577
148724: -158 -333 -126 658
148740: -158 -351 -124 498
148742: -158 -351 -126 660
148743: -158 -360 -118 13
148744: -158 -360 -119 94
148745: -158 -360 -120 175
148748: -158 -360 -123 418
148749: -158 -360 -124 499
148750: -158 -360 -125 580
148751: -158 -360 -126 661
148752: -158 -369 -118 14
148757: -158 -369 -123 419
148760: -158 -369 -126 662
148761: -158 -378 -118 15
148770: -158 -387 -118 16
148776: -158 -387 -124 502
148778: -158 -387 -126 664
148779: -158 -396 -118 17
148780: -158 -396 -119 98
148781: -158 -396 -120 179
148787: -158 -396 -126 665
148788: -158 -405 -118 18
148827: -167 -352 -202 265
148830: -167 -352 -205 508
148832: -167 -352 -207 670
148843: -167 -370 -200 105
148844: -167 -370 -201 186
148848: -167 -370 -205 510
148849: -167 -370 -206 591
148850: -167 -370 -207 672
148852: -167 -379 -200 106
148856: -167 -379 -204 430
148858: -167 -379 -206 592
148859: -167 -379 -207 673
148860: -167 -388 -199 26
148861: -167 -388 -200 107
148862: -167 -388 -201 188
148863: -167 -388 -202 269
148866: -167 -388 -205 512
148868: -167 -388 -207 674
148870: -167 -397 -200 108
148871: -167 -397 -201 189
148874: -167 -397 -204 432
148875: -167 -397 -205 513
148876: -167 -397 -206 594
148897: -176 -344 -200 102
148898: -176 -344 -201 183
148899: -176 -344 -202 264
148901: -176 -344 -204 426
148902: -176 -344 -205 507
148903: -176 -344 -206 588
148904: -176 -344 -207 669
148913: -176 -353 -207 670
148915: -176 -362 -200 104
148929: -176 -371 -205 510
148930: -176 -371 -206 591
148933: -176 -380 -200 106
148941: -176 -389 -199 26
148942: -176 -389 -200 107
148950: -176 -398 -199 27
148951: -176 -398 -200 108
148965: -185 -327 -205 505
148993: -185 -354 -206 589
149005: -185 -372 -200 105
149007: -185 -372 -202 267
149012: -185 -372 -207 672
149014: -185 -381 -200 106
149016: -185 -381 -202 268
149021: -185 -381 -207 673
149023: -185 -390 -200 107
149025: -185 -390 -202 269
149030: -185 -390 -207 674
149032: -185 -399 -200 108
149034: -185 -399 -202 270
149049: -194 -337 -199 20
149050: -194 -337 -200 101
149051: -194 -337 -201 182
149052: -194 -337 -202 263
149054: -194 -337 -204 425
149055: -194 -337 -205 506
149056: -194 -337 -206 587
149057: -194 -337 -207 668
149125: -203 -329 -203 343
149143: -203 -347 -203 345
149152: -203 -356 -203 346
149161: -203 -365 -203 347
149179: -203 -383 -203 349
149188: -203 -392 -203 350
149202: -212 -330 -199 19
149203: -212 -330 -200 100
149204: -212 -330 -201 181
149205: -212 -330 -202 262
149207: -212 -330 -204 424
149210: -212 -330 -207 667
149220: -212 -348 -199 21
149221: -212 -348 -200 102
149222: -212 -348 -201 183
149223: -212 -348 -202 264
149228: -212 -348 -207 669
149230: -212 -357 -200 103
149231: -212 -357 -201 184
149232: -212 -357 -202 265
149238: -212 -366 -199 23
149240: -212 -366 -201 185
149241: -212 -366 -202 266
149247: -212 -375 -199 24
149248: -212 -375 -200 105
149249: -212 -375 -201 186
149257: -212 -384 -200 106
149259: -212 -384 -202 268
149265: -212 -393 -199 26
149266: -212 -393 -200 107
149267: -212 -393 -201 188
149268: -212 -393 -202 269
149274: -212 -402 -199 27
149276: -212 -402 -201 189
149277: -212 -402 -202 270
149283: -221 -331 -199 19
149284: -221 -331 -200 100
149285: -221 -331 -201 181
149286: -221 -331 -202 262
149289: -221 -331 -205 505
149290: -221 -331 -206 586
149302: -221 -349 -200 102
149303: -221 -349 -201 183
149307: -221 -349 -205 507
149308: -221 -349 -206 588
149311: -221 -358 -200 103
149312: -221 -358 -201 184
149313: -221 -358 -202 265
149315: -221 -358 -204 427
149316: -221 -358 -205 508
149317: -221 -358 -206 589
149318: -221 -358 -207 670
149319: -221 -367 -199 23
149324: -221 -367 -204 428
149328: -221 -376 -199 24
149329: -221 -376 -200 105
149337: -221 -385 -199 25
149347: -221 -394 -200 107
149355: -221 -403 -199 27
149356: -221 -403 -200 108
149363: -221 -403 -207 675
149364: -230 -332 -199 19
149365: -230 -332 -200 100
149366: -230 -332 -201 181
149367: -230 -332 -202 262
149369: -230 -332 -204 424
149370: -230 -332 -205 505
149371: -230 -332 -206 586
149372: -230 -332 -207 667
149383: -230 -350 -200 102
149387: -230 -350 -204 426
149389: -230 -350 -206 588
149392: -230 -359 -200 103
149393: -230 -359 -201 184
149394: -230 -359 -202 265
149397: -230 -359 -205 508
149399: -230 -359 -207 670
149400: -230 -368 -199 23
149401: -230 -368 -200 104
149405: -230 -368 -204 428
149409: -230 -377 -199 24
149418: -230 -386 -199 25
149419: -230 -386 -200 106
149427: -230 -395 -199 26
149428: -230 -395 -200 107
149432: -230 -395 -204 431
149438: -230 -404 -201 189
149444: -230 -404 -207 675
149445: -239 -333 -199 19
149446: -239 -333 -200 100
149447: -239 -333 -201 181
149448: -239 -333 -202 262
149453: -239 -333 -207 667
149463: -239 -351 -199 21
149464: -239 -351 -200 102
149465: -239 -351 -201 183
149469: -239 -351 -205 507
149470: -239 -351 -206 588
149473: -239 -360 -200 103
149474: -239 -360 -201 184
149475: -239 -360 -202 265
149477: -239 -360 -204 427
149478: -239 -360 -205 508
149481: -239 -369 -199 23
149482: -239 -369 -200 104
149483: -239 -369 -201 185
149484: -239 -369 -202 266
149487: -239 -369 -205 509
149488: -239 -369 -206 590
149492: -239 -378 -201 186
149496: -239 -378 -205 510
149499: -239 -387 -199 25
149504: -239 -387 -204 430
149506: -239 -387 -206 592
149508: -239 -396 -199 26
149517: -239 -405 -199 27
149518: -239 -405 -200 108
149519: -239 -405 -201 189
149545: -248 -343 -281 111
149546: -248 -343 -282 192
149547: -248 -343 -283 273
149549: -248 -343 -285 435
149550: -248 -343 -286 516
149551: -248 -343 -287 597
149552: -248 -343 -288 678
149572: -248 -370 -281 114
149573: -248 -370 -282 195
149574: -248 -370 -283 276
149576: -248 -370 -285 438
149577: -248 -370 -286 519
149578: -248 -370 -287 600
149579: -248 -370 -288 681
149581: -248 -379 -281 115
149582: -248 -379 -282 196
149583: -248 -379 -283 277
149585: -248 -379 -285 439
149586: -248 -379 -286 520
149587: -248 -379 -287 601
149588: -248 -379 -288 682
149590: -248 -388 -281 116
149591: -248 -388 -282 197
149592: -248 -388 -283 278
149594: -248 -388 -285 440
149595: -248 -388 -286 521
149596: -248 -388 -287 602
149597: -248 -388 -288 683
149599: -248 -397 -281 117
149600: -248 -397 -282 198
149601: -248 -397 -283 279
149603: -248 -397 -285 441
149604: -248 -397 -286 522
149605: -248 -397 -287 603
149606: -248 -397 -288 684
149706: -266 -345 -280 30
149707: -266 -345 -281 111
149708: -266 -345 -282 192
149709: -266 -345 -283 273
149711: -266 -345 -285 435
149714: -266 -345 -288 678
149715: -266 -354 -280 31
149716: -266 -354 -281 112
149717: -266 -354 -282 193
149718: -266 -354 -283 274
149720: -266 -354 -285 436
149721: -266 -354 -286 517
149722: -266 -354 -287 598
149723: -266 -354 -288 679
149725: -266 -363 -281 113
149726: -266 -363 -282 194
149727: -266 -363 -283 275
149729: -266 -363 -285 437
149730: -266 -363 -286 518
149731: -266 -363 -287 599
149732: -266 -363 -288 680
149733: -266 -372 -280 33
149734: -266 -372 -281 114
149735: -266 -372 -282 195
149736: -266 -372 -283 276
149738: -266 -372 -285 438
149739: -266 -372 -286 519
149740: -266 -372 -287 600
149741: -266 -372 -288 681
149742: -266 -381 -280 34
149743: -266 -381 -281 115
149744: -266 -381 -282 196
149745: -266 -381 -283 277
149747: -266 -381 -285 439
149748: -266 -381 -286 520
149749: -266 -381 -287 601
149751: -266 -390 -280 35
149752: -266 -390 -281 116
149753: -266 -390 -282 197
149754: -266 -390 -283 278
149758: -266 -390 -287 602
149759: -266 -390 -288 683
149760: -266 -399 -280 36
149761: -266 -399 -281 117
149762: -266 -399 -282 198
149763: -266 -399 -283 279
149765: -266 -399 -285 441
149766: -266 -399 -286 522
149768: -266 -399 -288 684
149778: -275 -337 -280 29
149779: -275 -337 -281 110
149780: -275 -337 -282 191
149781: -275 -337 -283 272
149783: -275 -337 -285 434
149784: -275 -337 -286 515
149785: -275 -337 -287 596
149786: -275 -337 -288 677
149872: -284 -347 -284 354
149881: -284 -356 -284 355
149890: -284 -365 -284 356
149899: -284 -374 -284 357
149908: -284 -383 -284 358
149917: -284 -392 -284 359
149926: -284 -401 -284 360
149951: -293 -348 -282 192
149952: -293 -348 -283 273
149954: -293 -348 -285 435
149955: -293 -348 -286 516
149956: -293 -348 -287 597
149957: -293 -348 -288 678
149959: -293 -357 -281 112
149960: -293 -357 -282 193
149961: -293 -357 -283 274
149963: -293 -357 -285 436
149965: -293 -357 -287 598
149968: -293 -366 -281 113
149969: -293 -366 -282 194
149970: -293 -366 -283 275
149974: -293 -366 -287 599
149975: -293 -366 -288 680
149979: -293 -375 -283 276
149982: -293 -375 -286 519
149983: -293 -375 -287 600
149986: -293 -384 -281 115
149987: -293 -384 -282 196
149988: -293 -384 -283 277
149992: -293 -384 -287 601
149996: -293 -393 -282 197
149997: -293 -393 -283 278
149999: -293 -393 -285 440
150001: -293 -393 -287 602
150004: -293 -402 -281 117
150006: -293 -402 -283 279
150011: -293 -402 -288 684
150032: -302 -349 -282 192
150033: -302 -349 -283 273
150035: -302 -349 -285 435
150037: -302 -349 -287 597
150038: -302 -349 -288 678
150040: -302 -358 -281 112
150041: -302 -358 -282 193
150042: -302 -358 -283 274
150044: -302 -358 -285 436
150045: -302 -358 -286 517
150046: -302 -358 -287 598
150047: -302 -358 -288 679
150049: -302 -367 -281 113
150050: -302 -367 -282 194
150051: -302 -367 -283 275
150053: -302 -367 -285 437
150055: -302 -367 -287 599
150056: -302 -367 -288 680
150057: -302 -376 -280 33
150059: -302 -376 -282 195
150060: -302 -376 -283 276
150066: -302 -385 -280 34
150068: -302 -385 -282 196
150069: -302 -385 -283 277
150073: -302 -385 -287 601
150076: -302 -394 -281 116
150077: -302 -394 -282 197
150078: -302 -394 -283 278
150083: -302 -394 -288 683
150086: -302 -403 -282 198
150087: -302 -403 -283 279
150092: -302 -403 -288 684
150096: -311 -332 -283 271
150112: -311 -350 -281 111
150113: -311 -350 -282 192
150114: -311 -350 -283 273
150116: -311 -350 -285 435
150117: -311 -350 -286 516
150118: -311 -350 -287 597
150119: -311 -350 -288 678
150121: -311 -359 -281 112
150122: -311 -359 -282 193
150123: -311 -359 -283 274
150125: -311 -359 -285 436
150127: -311 -359 -287 598
150128: -311 -359 -288 679
150130: -311 -368 -281 113
150131: -311 -368 -282 194
150134: -311 -368 -285 437
150138: -311 -377 -280 33
150139: -311 -377 -281 114
150140: -311 -377 -282 195
150141: -311 -377 -283 276
150143: -311 -377 -285 438
150145: -311 -377 -287 600
150146: -311 -377 -288 681
150149: -311 -386 -282 196
150150: -311 -386 -283 277
150155: -311 -386 -288 682
150157: -311 -395 -281 116
150158: -311 -395 -282 197
150159: -311 -395 -283 278
150161: -311 -395 -285 440
150164: -311 -395 -288 683
150166: -311 -404 -281 117
150167: -311 -404 -282 198
150168: -311 -404 -283 279
150170: -311 -404 -285 441
150192: -320 -351 -280 30
150193: -320 -351 -281 111
150194: -320 -351 -282 192
150195: -320 -351 -283 273
150197: -320 -351 -285 435
150198: -320 -351 -286 516
150199: -320 -351 -287 597
150202: -320 -360 -281 112
150203: -320 -360 -282 193
150204: -320 -360 -283 274
150206: -320 -360 -285 436
150207: -320 -360 -286 517
150209: -320 -360 -288 679
150211: -320 -369 -281 113
150212: -320 -369 -282 194
150213: -320 -369 -283 275
150218: -320 -369 -288 680
150220: -320 -378 -281 114
150221: -320 -378 -282 195
150227: -320 -378 -288 681
150229: -320 -387 -281 115
150230: -320 -387 -282 196
150236: -320 -387 -288 682
150238: -320 -396 -281 116
150239: -320 -396 -282 197
150245: -320 -396 -288 683
150246: -320 -405 -280 36
150248: -320 -405 -282 198
150249: -320 -405 -283 279
150251: -320 -405 -285 441
150254: -320 -405 -288 684
150274: -329 -343 -362 120
150284: -329 -352 -363 202
150308: -329 -370 -369 690
150314: -329 -379 -366 448
150315: -329 -379 -367 529
150324: -329 -388 -367 530
150325: -329 -388 -368 611
150334: -329 -397 -368 612
150422: -347 -327 -366 442
150424: -347 -327 -368 604
150425: -347 -327 -369 685
150469: -347 -372 -368 609
150487: -347 -390 -368 611
150509: -356 -337 -363 200
150512: -356 -337 -366 443
150513: -356 -337 -367 524
150514: -356 -337 -368 605
150515: -356 -337 -369 686
150628: -365 -374 -365 366
150637: -365 -383 -365 367
150662: -374 -330 -363 199
150667: -374 -330 -368 604
150668: -374 -330 -369 685
150679: -374 -348 -362 120
150680: -374 -348 -363 201
150688: -374 -357 -362 121
150693: -374 -357 -367 526
150701: -374 -366 -366 446
150725: -374 -393 -363 206
150734: -374 -402 -363 207
150743: -383 -331 -363 199
150746: -383 -331 -366 442
150748: -383 -331 -368 604
150749: -383 -331 -369 685
150769: -383 -358 -362 121
150770: -383 -358 -363 202
150776: -383 -358 -369 688
150788: -383 -376 -363 204
150824: -392 -332 -363 199
150827: -392 -332 -366 442
150828: -392 -332 -367 523
150841: -392 -350 -362 120
150848: -392 -350 -369 687
150850: -392 -359 -362 121
150854: -392 -359 -366 445
150872: -392 -377 -366 447
150878: -392 -386 -363 205
150899: -392 -404 -366 450
150905: -401 -333 -363 199
150909: -401 -333 -367 523
150910: -401 -333 -368 604
150932: -401 -360 -363 202
150963: -401 -387 -367 529
151003: -410 -343 -443 129
151005: -410 -343 -445 291
151030: -410 -370 -443 132
151032: -410 -370 -445 294
151034: -410 -370 -447 456
151035: -410 -370 -448 537
151036: -410 -370 -449 618
151037: -410 -370 -450 699
151039: -410 -379 -443 133
151040: -410 -379 -444 214
151043: -410 -379 -447 457
151044: -410 -379 -448 538
151046: -410 -379 -450 700
151048: -410 -388 -443 134
151049: -410 -388 -444 215
151050: -410 -388 -445 296
151052: -410 -388 -447 458
151053: -410 -388 -448 539
151054: -410 -388 -449 620
151055: -410 -388 -450 701
151057: -410 -397 -443 135
151058: -410 -397 -444 216
151059: -410 -397 -445 297
151061: -410 -397 -447 459
151062: -410 -397 -448 540
151063: -410 -397 -449 621
151064: -410 -397 -450 702
151092: -419 -353 -442 49
151093: -419 -353 -443 130
151096: -419 -353 -446 373
151097: -419 -353 -447 454
151098: -419 -353 -448 535
151099: -419 -353 -449 616
151100: -419 -353 -450 697
151111: -419 -371 -443 132
151120: -419 -380 -443 133
151146: -428 -327 -442 46
151147: -428 -327 -443 127
151148: -428 -327 -444 208
151150: -428 -327 -446 370
151151: -428 -327 -447 451
151153: -428 -327 -449 613
151154: -428 -327 -450 694
151196: -428 -372 -447 456
151210: -428 -390 -443 134
151237: -437 -337 -443 128
151238: -437 -337 -444 209
151239: -437 -337 -445 290
151241: -437 -337 -447 452
151242: -437 -337 -448 533
151243: -437 -337 -449 614
151244: -437 -337 -450 695
151312: -446 -329 -446 370
151330: -446 -347 -446 372
151339: -446 -356 -446 373
151348: -446 -365 -446 374
151357: -446 -374 -446 375
151366: -446 -383 -446 376
151375: -446 -392 -446 377
151384: -446 -401 -446 378
151395: -455 -330 -448 532
151396: -455 -330 -449 613
151409: -455 -348 -444 210
151417: -455 -357 -443 130
151420: -455 -357 -446 373
151426: -455 -366 -443 131
151444: -455 -384 -443 133
151453: -455 -393 -443 134
151460: -455 -393 -450 701
151471: -464 -331 -443 127
151473: -464 -331 -445 289
151475: -464 -331 -447 451
151504: -464 -358 -449 616
151543: -464 -403 -443 135
151547: -464 -403 -447 459
151551: -473 -332 -442 46
151552: -473 -332 -443 127
151553: -473 -332 -444 208
151556: -473 -332 -447 451
151572: -473 -350 -445 291
151579: -473 -359 -443 130
151581: -473 -359 -445 292
151583: -473 -359 -447 454
151584: -473 -359 -448 535
151586: -473 -359 -450 697
151588: -473 -368 -443 131
151615: -473 -395 -443 134
151619: -473 -395 -447 458
151621: -473 -395 -449 620
151632: -482 -333 -442 46
151633: -482 -333 -443 127
151634: -482 -333 -444 208
151635: -482 -333 -445 289
151637: -482 -333 -447 451
151639: -482 -333 -449 613
151640: -482 -333 -450 694
151653: -482 -351 -445 291
151655: -482 -351 -447 453
151660: -482 -360 -443 130
151662: -482 -360 -445 292
151701: -482 -396 -448 539
151706: -482 -405 -444 216
151732: -491 -343 -524 138
151736: -491 -343 -528 462
151759: -491 -370 -524 141
151760: -491 -370 -525 222
151761: -491 -370 -526 303
151763: -491 -370 -528 465
151764: -491 -370 -529 546
151765: -491 -370 -530 627
151766: -491 -370 -531 708
151768: -491 -379 -524 142
151769: -491 -379 -525 223
151770: -491 -379 -526 304
151772: -491 -379 -528 466
151773: -491 -379 -529 547
151774: -491 -379 -530 628
151775: -491 -379 -531 709
151777: -491 -388 -524 143
151779: -491 -388 -526 305
151781: -491 -388 -528 467
151782: -491 -388 -529 548
151784: -491 -388 -531 710
151787: -491 -397 -525 225
151788: -491 -397 -526 306
151790: -491 -397 -528 468
151791: -491 -397 -529 549
151792: -491 -397 -530 630
151821: -500 -353 -523 58
151822: -500 -353 -524 139
151826: -500 -353 -528 463
151827: -500 -353 -529 544
151828: -500 -353 -530 625
151829: -500 -353 -531 706
151830: -500 -362 -523 59
151838: -500 -362 -531 707
151845: -500 -371 -529 546
151848: -500 -380 -523 61
151849: -500 -380 -524 142
151853: -500 -380 -528 466
151875: -509 -327 -523 55
151876: -509 -327 -524 136
151921: -509 -372 -524 141
151935: -509 -381 -529 547
151965: -518 -337 -523 56
151966: -518 -337 -524 137
151967: -518 -337 -525 218
151968: -518 -337 -526 299
151970: -518 -337 -528 461
151971: -518 -337 -529 542
151972: -518 -337 -530 623
151973: -518 -337 -531 704
152041: -527 -329 -527 379
152059: -527 -347 -527 381
152068: -527 -356 -527 382
152077: -527 -365 -527 383
152086: -527 -374 -527 384
152095: -527 -383 -527 385
152104: -527 -392 -527 386
152113: -527 -401 -527 387
152118: -536 -330 -523 55
152119: -536 -330 -524 136
152122: -536 -330 -527 379
152124: -536 -330 -529 541
152125: -536 -330 -530 622
152126: -536 -330 -531 703
152139: -536 -348 -526 300
152142: -536 -348 -529 543
152152: -536 -357 -530 625
152163: -536 -375 -523 60
152178: -536 -384 -529 547
152191: -536 -402 -524 144
152200: -545 -331 -524 136
152205: -545 -331 -529 541
152219: -545 -349 -525 219
152222: -545 -349 -528 462
152227: -545 -358 -524 139
152228: -545 -358 -525 220
152233: -545 -358 -530 625
152234: -545 -358 -531 706
152267: -545 -394 -528 467
152276: -545 -403 -528 468
152281: -554 -332 -524 136
152283: -554 -332 -526 298
152288: -554 -332 -531 703
152301: -554 -350 -526 300
152305: -554 -350 -530 624
152308: -554 -359 -524 139
152313: -554 -359 -529 544
152316: -554 -368 -523 59
152322: -554 -368 -529 545
152325: -554 -377 -523 60
152326: -554 -377 -524 141
152332: -554 -377 -530 627
152344: -554 -395 -524 143
152358: -554 -404 -529 549
152361: -563 -333 -523 55
152362: -563 -333 -524 136
152363: -563 -333 -525 217
152368: -563 -333 -530 622
152382: -563 -351 -526 300
152389: -563 -360 -524 139
152394: -563 -360 -529 544
152396: -563 -360 -531 706
152397: -563 -369 -523 59
152400: -563 -369 -526 302
152405: -563 -369 -531 707
152415: -563 -387 -523 61
152418: -563 -387 -526 304
152433: -563 -405 -523 63
152435: -563 -405 -525 225
152436: -563 -405 -526 306
152438: -563 -405 -528 468
152439: -563 -405 -529 549
152461: -572 -343 -605 147
152462: -572 -343 -606 228
152465: -572 -343 -609 471
152466: -572 -343 -610 552
152467: -572 -343 -611 633
152488: -572 -370 -605 150
152493: -572 -370 -610 555
152494: -572 -370 -611 636
152495: -572 -370 -612 717
152497: -572 -379 -605 151
152498: -572 -379 -606 232
152499: -572 -379 -607 313
152501: -572 -379 -609 475
152502: -572 -379 -610 556
152503: -572 -379 -611 637
152504: -572 -379 -612 718
152506: -572 -388 -605 152
152508: -572 -388 -607 314
152510: -572 -388 -609 476
152511: -572 -388 -610 557
152513: -572 -388 -612 719
152515: -572 -397 -605 153
152520: -572 -397 -610 558
152521: -572 -397 -611 639
152522: -572 -397 -612 720
152550: -581 -353 -604 67
152551: -581 -353 -605 148
152555: -581 -353 -609 472
152556: -581 -353 -610 553
152557: -581 -353 -611 634
152558: -581 -353 -612 715
152575: -581 -371 -611 636
152587: -581 -389 -605 152
152594: -581 -389 -612 719
152604: -590 -327 -604 64
152611: -590 -327 -611 631
152634: -590 -354 -607 310
152650: -590 -372 -605 150
152659: -590 -381 -605 151
152694: -599 -337 -604 65
152695: -599 -337 -605 146
152696: -599 -337 -606 227
152697: -599 -337 -607 308
152699: -599 -337 -609 470
152700: -599 -337 -610 551
152701: -599 -337 -611 632
152702: -599 -337 -612 713
152770: -608 -329 -608 388
152788: -608 -347 -608 390
152797: -608 -356 -608 391
152806: -608 -365 -608 392
152815: -608 -374 -608 393
152824: -608 -383 -608 394
152833: -608 -392 -608 395
152842: -608 -401 -608 396
152847: -617 -330 -604 64
152848: -617 -330 -605 145
152849: -617 -330 -606 226
152850: -617 -330 -607 307
152853: -617 -330 -610 550
152854: -617 -330 -611 631
152855: -617 -330 -612 712
152868: -617 -348 -607 309
152874: -617 -357 -604 67
152875: -617 -357 -605 148
152881: -617 -357 -611 634
152883: -617 -366 -604 68
152897: -617 -375 -609 474
152900: -617 -375 -612 717
152904: -617 -384 -607 313
152906: -617 -384 -609 475
152907: -617 -384 -610 556
152908: -617 -384 -611 637
152911: -617 -393 -605 152
152928: -626 -331 -604 64
152929: -626 -331 -605 145
152930: -626 -331 -606 226
152933: -626 -331 -609 469
152934: -626 -331 -610 550
152935: -626 -331 -611 631
152956: -626 -358 -605 148
152964: -626 -367 -604 68
152975: -626 -376 -606 231
153005: -626 -403 -609 477
153010: -635 -332 -605 145
153037: -635 -359 -605 148
153054: -635 -377 -604 69
153065: -635 -386 -606 232
153082: -635 -404 -605 153
153090: -644 -333 -604 64
153091: -644 -333 -605 145
153092: -644 -333 -606 226
153096: -644 -333 -610 550
153097: -644 -333 -611 631
153111: -644 -351 -607 309
153118: -644 -360 -605 148
153129: -644 -369 -607 311
153131: -644 -369 -609 473
153132: -644 -369 -610 554
153146: -644 -387 -606 232
153147: -644 -387 -607 313
153151: -644 -387 -611 637
153156: -644 -396 -607 314
153159: -644 -396 -610 557
153190: -653 -343 -686 156
153191: -653 -343 -687 237
153217: -653 -370 -686 159
153219: -653 -370 -688 321
153221: -653 -370 -690 483
153222: -653 -370 -691 564
153223: -653 -370 -692 645
153224: -653 -370 -693 726
153226: -653 -379 -686 160
153227: -653 -379 -687 241
153230: -653 -379 -690 484
153231: -653 -379 -691 565
153232: -653 -379 -692 646
153233: -653 -379 -693 727
153235: -653 -388 -686 161
153236: -653 -388 -687 242
153237: -653 -388 -688 323
153240: -653 -388 -691 566
153241: -653 -388 -692 647
153242: -653 -388 -693 728
153244: -653 -397 -686 162
153245: -653 -397 -687 243
153246: -653 -397 -688 324
153248: -653 -397 -690 486
153249: -653 -397 -691 567
153250: -653 -397 -692 648
153279: -662 -353 -685 76
153280: -662 -353 -686 157
153282: -662 -353 -688 319
153284: -662 -353 -690 481
153285: -662 -353 -691 562
153286: -662 -353 -692 643
153287: -662 -353 -693 724
153315: -662 -389 -685 80
153323: -662 -389 -693 728
153325: -662 -398 -686 162
153329: -662 -398 -690 486
153331: -662 -398 -692 648
153333: -671 -327 -685 73
153334: -671 -327 -686 154
153336: -671 -327 -688 316
153340: -671 -327 -692 640
153341: -671 -327 -693 721
153360: -671 -354 -685 76
153361: -671 -354 -686 157
153365: -671 -354 -690 481
153366: -671 -354 -691 562
153379: -671 -372 -686 159
153423: -680 -337 -685 74
153424: -680 -337 -686 155
153425: -680 -337 -687 236
153426: -680 -337 -688 317
153428: -680 -337 -690 479
153429: -680 -337 -691 560
153430: -680 -337 -692 641
153431: -680 -337 -693 722
153499: -689 -329 -689 397
153517: -689 -347 -689 399
153526: -689 -356 -689 400
153535: -689 -365 -689 401
153544: -689 -374 -689 402
153553: -689 -383 -689 403
153562: -689 -392 -689 404
153571: -689 -401 -689 405
153576: -698 -330 -685 73
153577: -698 -330 -686 154
153583: -698 -330 -692 640
153597: -698 -348 -688 318
153599: -698 -348 -690 480
153612: -698 -366 -685 77
153635: -698 -384 -690 484
153657: -707 -331 -685 73
153658: -707 -331 -686 154
153664: -707 -331 -692 640
153678: -707 -349 -688 318
153692: -707 -358 -693 724
153701: -707 -367 -693 725
153709: -707 -376 -692 645
153711: -707 -385 -685 79
153712: -707 -385 -686 160
153713: -707 -385 -687 241
153716: -707 -385 -690 484
153717: -707 -385 -691 565
153718: -707 -385 -692 646
153719: -707 -385 -693 727
153727: -707 -394 -692 647
153729: -707 -403 -685 81
153731: -707 -403 -687 243
153734: -707 -403 -690 486
153738: -716 -332 -685 73
153739: -716 -332 -686 154
153741: -716 -332 -688 316
153759: -716 -350 -688 318
153766: -716 -359 -686 157
153768: -716 -359 -688 319
153793: -716 -386 -686 160
153801: -716 -395 -685 80
153803: -716 -395 -687 242
153804: -716 -395 -688 323
153806: -716 -395 -690 485
153808: -716 -395 -692 647
153809: -716 -395 -693 728
153813: -716 -404 -688 324
153827: -725 -333 -693 721
153847: -725 -360 -686 157
153848: -725 -360 -687 238
153873: -725 -387 -685 79
153880: -725 -387 -692 646
154554: -78 -414 -52 487
154563: -78 -423 -52 488
154572: -78 -432 -52 489
154581: -78 -441 -52 490
154590: -78 -450 -52 491
154599: -78 -459 -52 492
154608: -78 -468 -52 493
154617: -78 -477 -52 494
154626: -78 -486 -52 495
154712: -96 -407 -129 172
154716: -96 -407 -133 496
154717: -96 -407 -134 577
154718: -96 -407 -135 658
154734: -96 -425 -133 498
154736: -96 -425 -135 660
154737: -96 -434 -127 13
154746: -96 -443 -127 14
154748: -96 -443 -129 176
154750: -96 -443 -131 338
154754: -96 -443 -135 662
154764: -96 -461 -127 16
154771: -96 -461 -134 583
154773: -96 -470 -127 17
154781: -96 -470 -135 665
154782: -96 -479 -127 18
154789: -96 -479 -134 585
154795: -105 -408 -131 334
154800: -105 -417 -127 11
154801: -105 -417 -128 92
154804: -105 -417 -131 335
154807: -105 -417 -134 578
154808: -105 -417 -135 659
154818: -105 -435 -127 13
154819: -105 -435 -128 94
154820: -105 -435 -129 175
154825: -105 -435 -134 580
154826: -105 -435 -135 661
154844: -105 -453 -135 663
154870: -105 -480 -134 585
154872: -114 -409 -127 10
154873: -114 -409 -128 91
154874: -114 -409 -129 172
154876: -114 -409 -131 334
154878: -114 -409 -133 496
154879: -114 -409 -134 577
154880: -114 -409 -135 658
154881: -114 -418 -127 11
154882: -114 -418 -128 92
154883: -114 -418 -129 173
154887: -114 -418 -133 497
154888: -114 -418 -134 578
154889: -114 -418 -135 659
154891: -114 -427 -128 93
154894: -114 -427 -131 336
154897: -114 -427 -134 579
154899: -114 -436 -127 13
154900: -114 -436 -128 94
154908: -114 -445 -127 14
154909: -114 -445 -128 95
154910: -114 -445 -129 176
154915: -114 -445 -134 581
154917: -114 -454 -127 15
154918: -114 -454 -128 96
154919: -114 -454 -129 177
154921: -114 -454 -131 339
154923: -114 -454 -133 501
154924: -114 -454 -134 582
154925: -114 -454 -135 663
154926: -114 -463 -127 16
154927: -114 -463 -128 97
154928: -114 -463 -129 178
154933: -114 -463 -134 583
154935: -114 -472 -127 17
154936: -114 -472 -128 98
154937: -114 -472 -129 179
154942: -114 -472 -134 584
154943: -114 -472 -135 665
154944: -114 -481 -127 18
154945: -114 -481 -128 99
154946: -114 -481 -129 180
154951: -114 -481 -134 585
154952: -114 -481 -135 666
154959: -123 -410 -133 496
154960: -123 -410 -134 577
154961: -123 -410 -135 658
154964: -123 -419 -129 173
154969: -123 -419 -134 578
154979: -123 -428 -135 660
154991: -123 -446 -129 176
154993: -123 -446 -131 338
154999: -123 -455 -128 96
155000: -123 -455 -129 177
155002: -123 -455 -131 339
155004: -123 -455 -133 501
155006: -123 -455 -135 663
155009: -123 -464 -129 178
155011: -123 -464 -131 340
155020: -123 -473 -131 341
155024: -123 -473 -135 665
155026: -123 -482 -128 99
155027: -123 -482 -129 180
155029: -123 -482 -131 342
155039: -132 -411 -132 415
155048: -132 -420 -132 416
155057: -132 -429 -132 417
155066: -132 -438 -132 418
155102: -132 -474 -132 422
155111: -132 -483 -132 423
155115: -141 -412 -127 10
155119: -141 -412 -131 334
155123: -141 -412 -135 658
155124: -141 -421 -127 11
155128: -141 -421 -131 335
155131: -141 -421 -134 578
155135: -141 -430 -129 174
155142: -141 -439 -127 13
155144: -141 -439 -129 175
155148: -141 -439 -133 499
155149: -141 -439 -134 580
155150: -141 -439 -135 661
155151: -141 -448 -127 14
155155: -141 -448 -131 338
155160: -141 -457 -127 15
155164: -141 -457 -131 339
155169: -141 -466 -127 16
155178: -141 -475 -127 17
155182: -141 -475 -131 341
155187: -141 -484 -127 18
155196: -150 -413 -127 10
155198: -150 -413 -129 172
155200: -150 -413 -131 334
155203: -150 -413 -134 577
155204: -150 -413 -135 658
155205: -150 -422 -127 11
155209: -150 -422 -131 335
155212: -150 -422 -134 578
155213: -150 -422 -135 659
155218: -150 -431 -131 336
155223: -150 -440 -127 13
155224: -150 -440 -128 94
155230: -150 -440 -134 580
155231: -150 -440 -135 661
155232: -150 -449 -127 14
155241: -150 -458 -127 15
155243: -150 -458 -129 177
155249: -150 -458 -135 663
155250: -150 -467 -127 16
155259: -150 -476 -127 17
155263: -150 -476 -131 341
155268: -150 -485 -127 18
155288: -159 -423 -129 173
155293: -159 -423 -134 578
155297: -159 -432 -129 174
155304: -159 -441 -127 13
155310: -159 -441 -133 499
155312: -159 -441 -135 661
155313: -159 -450 -127 14
155315: -159 -450 -129 176
155317: -159 -450 -131 338
155319: -159 -450 -133 500
155335: -159 -468 -131 340
155338: -159 -468 -134 583
155342: -159 -477 -129 179
155355: -159 -486 -133 504
155356: -159 -486 -134 585
155357: -159 -486 -135 666
155367: -168 -415 -208 20
155368: -168 -415 -209 101
155369: -168 -415 -210 182
155370: -168 -415 -211 263
155371: -168 -415 -212 344
155386: -168 -433 -209 103
155387: -168 -433 -210 184
155388: -168 -433 -211 265
155389: -168 -433 -212 346
155391: -168 -433 -214 508
155392: -168 -433 -215 589
155393: -168 -433 -216 670
155395: -168 -442 -209 104
155397: -168 -442 -211 266
155398: -168 -442 -212 347
155401: -168 -442 -215 590
155404: -168 -451 -209 105
155405: -168 -451 -210 186
155406: -168 -451 -211 267
155407: -168 -451 -212 348
155410: -168 -451 -215 591
155411: -168 -451 -216 672
155412: -168 -460 -208 25
155413: -168 -460 -209 106
155414: -168 -460 -210 187
155415: -168 -460 -211 268
155418: -168 -460 -214 511
155421: -168 -469 -208 26
155422: -168 -469 -209 107
155423: -168 -469 -210 188
155424: -168 -469 -211 269
155425: -168 -469 -212 350
155427: -168 -469 -214 512
155429: -168 -469 -216 674
155430: -168 -478 -208 27
155431: -168 -478 -209 108
155432: -168 -478 -210 189
155433: -168 -478 -211 270
155434: -168 -478 -212 351
155436: -168 -478 -214 513
155437: -168 -478 -215 594
155438: -168 -478 -216 675
155439: -177 -407 -208 19
155442: -177 -407 -211 262
155443: -177 -407 -212 343
155446: -177 -407 -215 586
155448: -177 -416 -208 20
155451: -177 -416 -211 263
155457: -177 -425 -208 21
155459: -177 -425 -210 183
155460: -177 -425 -211 264
155461: -177 -425 -212 345
155464: -177 -425 -215 588
155465: -177 -425 -216 669
155467: -177 -434 -209 103
155469: -177 -434 -211 265
155473: -177 -434 -215 589
155475: -177 -443 -208 23
155476: -177 -443 -209 104
155478: -177 -443 -211 266
155479: -177 -443 -212 347
155483: -177 -443 -216 671
155484: -177 -452 -208 24
155487: -177 -452 -211 267
155505: -177 -470 -211 269
155514: -177 -479 -211 270
155521: -186 -408 -209 100
155527: -186 -408 -215 586
155529: -186 -417 -208 20
155537: -186 -417 -216 668
155548: -186 -435 -209 103
155550: -186 -435 -211 265
155551: -186 -435 -212 346
155556: -186 -444 -208 23
155574: -186 -462 -208 25
155575: -186 -462 -209 106
155583: -186 -471 -208 26
155584: -186 -471 -209 107
155587: -186 -471 -212 350
155592: -186 -480 -208 27
155595: -186 -480 -211 270
155600: -186 -480 -216 675
155601: -195 -409 -208 19
155602: -195 -409 -209 100
155603: -195 -409 -210 181
155604: -195 -409 -211 262
155605: -195 -409 -212 343
155607: -195 -409 -214 505
155608: -195 -409 -215 586
155611: -195 -418 -209 101
155612: -195 -418 -210 182
155617: -195 -418 -215 587
155619: -195 -427 -208 21
155620: -195 -427 -209 102
155621: -195 -427 -210 183
155626: -195 -427 -215 588
155627: -195 -427 -216 669
155629: -195 -436 -209 103
155630: -195 -436 -210 184
155637: -195 -445 -208 23
155638: -195 -445 -209 104
155639: -195 -445 -210 185
155646: -195 -454 -208 24
155648: -195 -454 -210 186
155655: -195 -463 -208 25
155657: -195 -463 -210 187
155664: -195 -472 -208 26
155666: -195 -472 -210 188
155674: -195 -481 -209 108
155675: -195 -481 -210 189
155682: -204 -410 -208 19
155683: -204 -410 -209 100
155684: -204 -410 -210 181
155685: -204 -410 -211 262
155686: -204 -410 -212 343
155689: -204 -410 -215 586
155690: -204 -410 -216 667
155691: -204 -419 -208 20
155692: -204 -419 -209 101
155693: -204 -419 -210 182
155698: -204 -419 -215 587
155700: -204 -428 -208 21
155701: -204 -428 -209 102
155702: -204 -428 -210 183
155703: -204 -428 -211 264
155704: -204 -428 -212 345
155708: -204 -428 -216 669
155710: -204 -437 -209 103
155711: -204 -437 -210 184
155713: -204 -437 -212 346
155718: -204 -446 -208 23
155721: -204 -446 -211 266
155725: -204 -446 -215 590
155729: -204 -455 -210 186
155737: -204 -464 -209 106
155745: -204 -473 -208 26
155747: -204 -473 -210 188
155756: -204 -482 -210 189
155757: -204 -482 -211 270
155768: -213 -411 -213 424
155777: -213 -420 -213 425
155786: -213 -429 -213 426
155791: -213 -438 -209 103
155795: -213 -438 -213 427
155822: -213 -465 -213 430
155840: -213 -483 -213 432
155844: -222 -412 -208 19
155845: -222 -412 -209 100
155846: -222 -412 -210 181
155853: -222 -421 -208 20
155854: -222 -421 -209 101
155855: -222 -421 -210 182
155864: -222 -430 -210 183
155872: -222 -439 -209 103
155875: -222 -439 -212 346
155877: -222 -439 -214 508
155879: -222 -439 -216 670
155880: -222 -448 -208 23
155881: -222 -448 -209 104
155882: -222 -448 -210 185
155891: -222 -457 -210 186
155907: -222 -475 -208 26
155916: -222 -484 -208 27
155926: -231 -413 -209 100
155934: -231 -422 -208 20
155935: -231 -422 -209 101
155944: -231 -431 -209 102
155945: -231 -431 -210 183
155953: -231 -440 -209 103
155961: -231 -449 -208 23
155962: -231 -449 -209 104
155963: -231 -449 -210 185
155970: -231 -458 -208 24
155971: -231 -458 -209 105
155988: -231 -476 -208 26
155989: -231 -476 -209 107
155997: -231 -485 -208 27
155998: -231 -485 -209 108
156016: -240 -423 -209 101
156017: -240 -423 -210 182
156024: -240 -432 -208 21
156025: -240 -432 -209 102
156026: -240 -432 -210 183
156027: -240 -432 -211 264
156030: -240 -432 -214 507
156034: -240 -441 -209 103
156035: -240 -441 -210 184
156042: -240 -450 -208 23
156043: -240 -450 -209 104
156044: -240 -450 -210 185
156045: -240 -450 -211 266
156070: -240 -477 -209 107
156071: -240 -477 -210 188
156072: -240 -477 -211 269
156079: -240 -486 -209 108
156080: -240 -486 -210 189
156081: -240 -486 -211 270
156082: -240 -486 -212 351
156096: -249 -415 -289 29
156097: -249 -415 -290 110
156098: -249 -415 -291 191
156099: -249 -415 -292 272
156100: -249 -415 -293 353
156102: -249 -415 -295 515
156103: -249 -415 -296 596
156104: -249 -415 -297 677
156105: -249 -424 -289 30
156106: -249 -424 -290 111
156107: -249 -424 -291 192
156108: -249 -424 -292 273
156109: -249 -424 -293 354
156111: -249 -424 -295 516
156112: -249 -424 -296 597
156113: -249 -424 -297 678
156124: -249 -442 -290 113
156125: -249 -442 -291 194
156126: -249 -442 -292 275
156127: -249 -442 -293 356
156129: -249 -442 -295 518
156130: -249 -442 -296 599
156131: -249 -442 -297 680
156132: -249 -451 -289 33
156133: -249 -451 -290 114
156134: -249 -451 -291 195
156135: -249 -451 -292 276
156136: -249 -451 -293 357
156138: -249 -451 -295 519
156139: -249 -451 -296 600
156140: -249 -451 -297 681
156141: -249 -460 -289 34
156142: -249 -460 -290 115
156143: -249 -460 -291 196
156145: -249 -460 -293 358
156147: -249 -460 -295 520
156148: -249 -460 -296 601
156149: -249 -460 -297 682
156150: -249 -469 -289 35
156151: -249 -469 -290 116
156152: -249 -469 -291 197
156153: -249 -469 -292 278
156154: -249 -469 -293 359
156156: -249 -469 -295 521
156157: -249 -469 -296 602
156158: -249 -469 -297 683
156159: -249 -478 -289 36
156160: -249 -478 -290 117
156161: -249 -478 -291 198
156162: -249 -478 -292 279
156163: -249 -478 -293 360
156166: -249 -478 -296 603
156167: -249 -478 -297 684
156168: -258 -407 -289 28
156169: -258 -407 -290 109
156170: -258 -407 -291 190
156171: -258 -407 -292 271
156172: -258 -407 -293 352
156174: -258 -407 -295 514
156175: -258 -407 -296 595
156176: -258 -407 -297 676
156177: -258 -416 -289 29
156178: -258 -416 -290 110
156179: -258 -416 -291 191
156180: -258 -416 -292 272
156181: -258 -416 -293 353
156183: -258 -416 -295 515
156186: -258 -425 -289 30
156187: -258 -425 -290 111
156188: -258 -425 -291 192
156189: -258 -425 -292 273
156190: -258 -425 -293 354
156192: -258 -425 -295 516
156193: -258 -425 -296 597
156195: -258 -434 -289 31
156196: -258 -434 -290 112
156197: -258 -434 -291 193
156198: -258 -434 -292 274
156199: -258 -434 -293 355
156201: -258 -434 -295 517
156202: -258 -434 -296 598
156203: -258 -434 -297 679
156205: -258 -443 -290 113
156206: -258 -443 -291 194
156207: -258 -443 -292 275
156210: -258 -443 -295 518
156212: -258 -443 -297 680
156213: -258 -452 -289 33
156214: -258 -452 -290 114
156215: -258 -452 -291 195
156216: -258 -452 -292 276
156219: -258 -452 -295 519
156220: -258 -452 -296 600
156221: -258 -452 -297 681
156222: -258 -461 -289 34
156223: -258 -461 -290 115
156224: -258 -461 -291 196
156225: -258 -461 -292 277
156230: -258 -461 -297 682
156231: -258 -470 -289 35
156232: -258 -470 -290 116
156233: -258 -470 -291 197
156234: -258 -470 -292 278
156235: -258 -470 -293 359
156237: -258 -470 -295 521
156238: -258 -470 -296 602
156239: -258 -470 -297 683
156240: -258 -479 -289 36
156241: -258 -479 -290 117
156242: -258 -479 -291 198
156243: -258 -479 -292 279
156244: -258 -479 -293 360
156246: -258 -479 -295 522
156248: -258 -479 -297 684
156249: -267 -408 -289 28
156250: -267 -408 -290 109
156251: -267 -408 -291 190
156252: -267 -408 -292 271
156253: -267 -408 -293 352
156255: -267 -408 -295 514
156256: -267 -408 -296 595
156257: -267 -408 -297 676
156261: -267 -417 -292 272
156262: -267 -417 -293 353
156265: -267 -417 -296 596
156267: -267 -426 -289 30
156268: -267 -426 -290 111
156270: -267 -426 -292 273
156273: -267 -426 -295 516
156274: -267 -426 -296 597
156276: -267 -435 -289 31
156278: -267 -435 -291 193
156279: -267 -435 -292 274
156280: -267 -435 -293 355
156282: -267 -435 -295 517
156283: -267 -435 -296 598
156289: -267 -444 -293 356
156292: -267 -444 -296 599
156294: -267 -453 -289 33
156296: -267 -453 -291 195
156297: -267 -453 -292 276
156298: -267 -453 -293 357
156307: -267 -462 -293 358
156310: -267 -462 -296 601
156312: -267 -471 -289 35
156314: -267 -471 -291 197
156319: -267 -471 -296 602
156323: -267 -480 -291 198
156324: -267 -480 -292 279
156325: -267 -480 -293 360
156330: -276 -409 -289 28
156331: -276 -409 -290 109
156332: -276 -409 -291 190
156333: -276 -409 -292 271
156336: -276 -409 -295 514
156337: -276 -409 -296 595
156338: -276 -409 -297 676
156339: -276 -418 -289 29
156340: -276 -418 -290 110
156341: -276 -418 -291 191
156343: -276 -418 -293 353
156345: -276 -418 -295 515
156346: -276 -418 -296 596
156348: -276 -427 -289 30
156349: -276 -427 -290 111
156350: -276 -427 -291 192
156352: -276 -427 -293 354
156354: -276 -427 -295 516
156355: -276 -427 -296 597
156356: -276 -427 -297 678
156367: -276 -445 -290 113
156368: -276 -445 -291 194
156370: -276 -445 -293 356
156372: -276 -445 -295 518
156373: -276 -445 -296 599
156384: -276 -463 -289 34
156385: -276 -463 -290 115
156386: -276 -463 -291 196
156388: -276 -463 -293 358
156391: -276 -463 -296 601
156393: -276 -472 -289 35
156394: -276 -472 -290 116
156395: -276 -472 -291 197
156397: -276 -472 -293 359
156400: -276 -472 -296 602
156401: -276 -472 -297 683
156402: -276 -481 -289 36
156403: -276 -481 -290 117
156404: -276 -481 -291 198
156406: -276 -481 -293 360
156408: -276 -481 -295 522
156409: -276 -481 -296 603
156411: -285 -410 -289 28
156412: -285 -410 -290 109
156413: -285 -410 -291 190
156414: -285 -410 -292 271
156415: -285 -410 -293 352
156417: -285 -410 -295 514
156418: -285 -410 -296 595
156421: -285 -419 -290 110
156422: -285 -419 -291 191
156427: -285 -419 -296 596
156430: -285 -428 -290 111
156431: -285 -428 -291 192
156432: -285 -428 -292 273
156438: -285 -437 -289 31
156439: -285 -437 -290 112
156440: -285 -437 -291 193
156441: -285 -437 -292 274
156446: -285 -437 -297 679
156448: -285 -446 -290 113
156450: -285 -446 -292 275
156456: -285 -455 -289 33
156457: -285 -455 -290 114
156458: -285 -455 -291 195
156459: -285 -455 -292 276
156467: -285 -464 -291 196
156468: -285 -464 -292 277
156473: -285 -464 -297 682
156474: -285 -473 -289 35
156475: -285 -473 -290 116
156476: -285 -473 -291 197
156483: -285 -482 -289 36
156484: -285 -482 -290 117
156490: -285 -482 -296 603
156497: -294 -411 -294 433
156506: -294 -420 -294 434
156524: -294 -438 -294 436
156533: -294 -447 -294 437
156542: -294 -456 -294 438
156551: -294 -465 -294 439
156560: -294 -474 -294 440
156569: -294 -483 -294 441
156573: -303 -412 -289 28
156575: -303 -412 -291 190
156576: -303 -412 -292 271
156577: -303 -412 -293 352
156591: -303 -430 -289 30
156592: -303 -430 -290 111
156593: -303 -430 -291 192
156594: -303 -430 -292 273
156595: -303 -430 -293 354
156598: -303 -430 -296 597
156600: -303 -439 -289 31
156601: -303 -439 -290 112
156602: -303 -439 -291 193
156603: -303 -439 -292 274
156604: -303 -439 -293 355
156607: -303 -439 -296 598
156612: -303 -448 -292 275
156618: -303 -457 -289 33
156621: -303 -457 -292 276
156622: -303 -457 -293 357
156631: -303 -466 -293 358
156636: -303 -475 -289 35
156645: -303 -484 -289 36
156654: -312 -413 -289 28
156655: -312 -413 -290 109
156656: -312 -413 -291 190
156657: -312 -413 -292 271
156658: -312 -413 -293 352
156661: -312 -413 -296 595
156662: -312 -413 -297 676
156663: -312 -422 -289 29
156672: -312 -431 -289 30
156673: -312 -431 -290 111
156674: -312 -431 -291 192
156675: -312 -431 -292 273
156676: -312 -431 -293 354
156678: -312 -431 -295 516
156679: -312 -431 -296 597
156681: -312 -440 -289 31
156683: -312 -440 -291 193
156684: -312 -440 -292 274
156687: -312 -440 -295 517
156688: -312 -440 -296 598
156692: -312 -449 -291 194
156693: -312 -449 -292 275
156699: -312 -458 -289 33
156700: -312 -458 -290 114
156701: -312 -458 -291 195
156702: -312 -458 -292 276
156708: -312 -467 -289 34
156717: -312 -476 -289 35
156719: -312 -476 -291 197
156720: -312 -476 -292 278
156726: -312 -485 -289 36
156727: -312 -485 -290 117
156744: -321 -423 -289 29
156745: -321 -423 -290 110
156746: -321 -423 -291 191
156747: -321 -423 -292 272
156748: -321 -423 -293 353
156750: -321 -423 -295 515
156753: -321 -432 -289 30
156755: -321 -432 -291 192
156756: -321 -432 -292 273
156759: -321 -432 -295 516
156762: -321 -441 -289 31
156764: -321 -441 -291 193
156765: -321 -441 -292 274
156766: -321 -441 -293 355
156768: -321 -441 -295 517
156772: -321 -450 -290 113
156774: -321 -450 -292 275
156775: -321 -450 -293 356
156778: -321 -450 -296 599
156789: -321 -468 -289 34
156798: -321 -477 -289 35
156799: -321 -477 -290 116
156800: -321 -477 -291 197
156801: -321 -477 -292 278
156802: -321 -477 -293 359
156805: -321 -477 -296 602
156807: -321 -486 -289 36
156809: -321 -486 -291 198
156810: -321 -486 -292 279
156833: -330 -415 -378 686
156841: -330 -424 -377 606
156842: -330 -424 -378 687
156844: -330 -433 -371 121
156845: -330 -433 -372 202
156847: -330 -433 -374 364
156849: -330 -433 -376 526
156850: -330 -433 -377 607
156851: -330 -433 -378 688
156869: -330 -451 -378 690
156871: -330 -460 -371 124
156872: -330 -460 -372 205
156874: -330 -460 -374 367
156876: -330 -460 -376 529
156877: -330 -460 -377 610
156878: -330 -460 -378 691
156881: -330 -469 -372 206
156885: -330 -469 -376 530
156887: -330 -469 -378 692
156890: -330 -478 -372 207
156892: -330 -478 -374 369
156895: -330 -478 -377 612
156980: -348 -408 -372 199
156982: -348 -408 -374 361
156985: -348 -408 -377 604
156986: -348 -408 -378 685
156987: -348 -417 -370 38
156996: -348 -426 -370 39
156998: -348 -426 -372 201
157000: -348 -426 -374 363
157002: -348 -426 -376 525
157003: -348 -426 -377 606
157005: -348 -435 -370 40
157006: -348 -435 -371 121
157007: -348 -435 -372 202
157011: -348 -435 -376 526
157013: -348 -435 -378 688
157014: -348 -444 -370 41
157015: -348 -444 -371 122
157016: -348 -444 -372 203
157018: -348 -444 -374 365
157021: -348 -444 -377 608
157022: -348 -444 -378 689
157024: -348 -453 -371 123
157032: -348 -462 -370 43
157041: -348 -471 -370 44
157050: -348 -480 -370 45
157060: -357 -409 -371 118
157061: -357 -409 -372 199
157063: -357 -409 -374 361
157065: -357 -409 -376 523
157066: -357 -409 -377 604
157067: -357 -409 -378 685
157077: -357 -427 -370 39
157081: -357 -427 -374 363
157083: -357 -427 -376 525
157084: -357 -427 -377 606
157085: -357 -427 -378 687
157086: -357 -436 -370 40
157088: -357 -436 -372 202
157095: -357 -445 -370 41
157096: -357 -445 -371 122
157097: -357 -445 -372 203
157099: -357 -445 -374 365
157101: -357 -445 -376 527
157103: -357 -445 -378 689
157111: -357 -454 -377 609
157113: -357 -463 -370 43
157123: -357 -472 -371 125
157126: -357 -472 -374 368
157129: -357 -472 -377 611
157135: -357 -481 -374 369
157137: -357 -481 -376 531
157141: -366 -410 -371 118
157142: -366 -410 -372 199
157146: -366 -410 -376 523
157147: -366 -410 -377 604
157148: -366 -410 -378 685
157150: -366 -419 -371 119
157203: -366 -473 -370 44
157204: -366 -473 -371 125
157211: -366 -473 -378 692
157226: -375 -411 -375 442
157235: -375 -420 -375 443
157244: -375 -429 -375 444
157253: -375 -438 -375 445
157262: -375 -447 -375 446
157271: -375 -456 -375 447
157289: -375 -474 -375 449
157298: -375 -483 -375 450
157306: -384 -412 -374 361
157320: -384 -430 -370 39
157322: -384 -430 -372 201
157329: -384 -439 -370 40
157339: -384 -448 -371 122
157342: -384 -448 -374 365
157365: -384 -475 -370 44
157366: -384 -475 -371 125
157374: -384 -484 -370 45
157392: -393 -422 -370 38
157399: -393 -422 -377 605
157401: -393 -431 -370 39
157403: -393 -431 -372 201
157410: -393 -440 -370 40
157411: -393 -440 -371 121
157429: -393 -458 -371 123
157446: -393 -476 -370 44
157447: -393 -476 -371 125
157450: -393 -476 -374 368
157455: -393 -485 -370 45
157486: -402 -432 -374 363
157495: -402 -441 -374 364
157497: -402 -441 -376 526
157502: -402 -450 -372 203
157504: -402 -450 -374 365
157520: -402 -468 -372 205
157540: -402 -486 -374 369
157541: -402 -486 -375 450
157542: -402 -486 -376 531
157543: -402 -486 -377 612
157544: -402 -486 -378 693
157574: -411 -433 -453 211
157575: -411 -433 -454 292
157584: -411 -442 -454 293
157614: -411 -469 -457 539
157624: -411 -478 -458 621
157628: -420 -407 -453 208
157633: -420 -407 -458 613
157646: -420 -425 -453 210
157662: -420 -443 -451 50
157664: -420 -443 -453 212
157669: -420 -443 -458 617
157672: -420 -452 -452 132
157682: -420 -461 -453 214
157683: -420 -461 -454 295
157691: -420 -470 -453 215
157700: -420 -479 -453 216
157701: -420 -479 -454 297
157707: -429 -408 -451 46
157734: -429 -435 -451 49
157794: -438 -409 -457 532
157801: -438 -418 -455 371
157804: -438 -418 -458 614
157808: -438 -427 -453 210
157810: -438 -427 -455 372
157812: -438 -427 -457 534
157813: -438 -427 -458 615
157826: -438 -445 -453 212
157831: -438 -445 -458 617
157844: -438 -463 -453 214
157846: -438 -463 -455 376
157848: -438 -463 -457 538
157849: -438 -463 -458 619
157852: -438 -472 -452 134
157853: -438 -472 -453 215
157867: -438 -481 -458 621
157869: -447 -410 -451 46
157871: -447 -410 -453 208
157875: -447 -410 -457 532
157878: -447 -419 -451 47
157880: -447 -419 -453 209
157881: -447 -419 -454 290
157884: -447 -419 -457 533
157887: -447 -428 -451 48
157897: -447 -437 -452 130
157929: -447 -464 -457 538
157932: -447 -473 -451 53
157955: -456 -411 -456 451
157964: -456 -420 -456 452
157982: -456 -438 -456 454
157991: -456 -447 -456 455
157995: -456 -456 -451 51
157997: -456 -456 -453 213
158009: -456 -465 -456 457
158018: -456 -474 -456 458
158027: -456 -483 -456 459
158033: -465 -412 -453 208
158034: -465 -412 -454 289
158042: -465 -421 -453 209
158043: -465 -421 -454 290
158052: -465 -430 -454 291
158060: -465 -439 -453 211
158062: -465 -439 -455 373
158069: -465 -448 -453 212
158114: -474 -413 -453 208
158115: -474 -413 -454 289
158124: -474 -422 -454 290
158131: -474 -431 -452 129
158132: -474 -431 -453 210
158133: -474 -431 -454 291
158151: -474 -449 -454 293
158164: -474 -458 -458 618
158167: -474 -467 -452 133
158204: -483 -423 -453 209
158206: -483 -423 -455 371
158213: -483 -432 -453 210
158217: -483 -432 -457 534
158221: -483 -441 -452 130
158222: -483 -441 -453 211
158224: -483 -441 -455 373
158230: -483 -450 -452 131
158231: -483 -450 -453 212
158232: -483 -450 -454 293
158235: -483 -450 -457 536
158248: -483 -468 -452 133
158249: -483 -468 -453 214
158262: -483 -477 -457 539
158357: -501 -407 -534 217
158361: -501 -407 -538 541
158364: -501 -416 -532 56
158367: -501 -416 -535 299
158371: -501 -416 -539 623
158372: -501 -416 -540 704
158376: -501 -425 -535 300
158382: -501 -434 -532 58
158385: -501 -434 -535 301
158386: -501 -434 -536 382
158388: -501 -434 -538 544
158391: -501 -443 -532 59
158392: -501 -443 -533 140
158393: -501 -443 -534 221
158395: -501 -443 -536 383
158397: -501 -443 -538 545
158398: -501 -443 -539 626
158436: -510 -408 -532 55
158437: -510 -408 -533 136
158439: -510 -408 -535 298
158442: -510 -408 -538 541
158443: -510 -408 -539 622
158447: -510 -417 -534 218
158456: -510 -426 -534 219
158460: -510 -426 -538 543
158463: -510 -435 -532 58
158466: -510 -435 -535 301
158469: -510 -435 -538 544
158478: -510 -444 -538 545
158481: -510 -453 -532 60
158485: -510 -453 -536 384
158487: -510 -453 -538 546
158493: -510 -462 -535 304
158505: -510 -471 -538 548
158514: -510 -480 -538 549
158516: -510 -480 -540 711
158517: -519 -409 -532 55
158518: -519 -409 -533 136
158519: -519 -409 -534 217
158520: -519 -409 -535 298
158521: -519 -409 -536 379
158523: -519 -409 -538 541
158524: -519 -409 -539 622
158525: -519 -409 -540 703
158526: -519 -418 -532 56
158528: -519 -418 -534 218
158529: -519 -418 -535 299
158544: -519 -436 -532 58
158545: -519 -436 -533 139
158546: -519 -436 -534 220
158547: -519 -436 -535 301
158548: -519 -436 -536 382
158550: -519 -436 -538 544
158551: -519 -436 -539 625
158552: -519 -436 -540 706
158553: -519 -445 -532 59
158555: -519 -445 -534 221
158556: -519 -445 -535 302
158562: -519 -454 -532 60
158563: -519 -454 -533 141
158571: -519 -463 -532 61
158573: -519 -463 -534 223
158577: -519 -463 -538 547
158579: -519 -463 -540 709
158583: -519 -472 -535 305
158590: -519 -481 -533 144
158592: -519 -481 -535 306
158598: -528 -410 -532 55
158599: -528 -410 -533 136
158600: -528 -410 -534 217
158601: -528 -410 -535 298
158602: -528 -410 -536 379
158604: -528 -410 -538 541
158605: -528 -410 -539 622
158606: -528 -410 -540 703
158610: -528 -419 -535 299
158616: -528 -428 -532 57
158619: -528 -428 -535 300
158625: -528 -437 -532 58
158626: -528 -437 -533 139
158628: -528 -437 -535 301
158646: -528 -455 -535 303
158649: -528 -455 -538 546
158655: -528 -464 -535 304
158658: -528 -464 -538 547
158662: -528 -473 -533 143
158663: -528 -473 -534 224
158664: -528 -473 -535 305
158665: -528 -473 -536 386
158673: -528 -482 -535 306
158676: -528 -482 -538 549
158677: -528 -482 -539 630
158684: -537 -411 -537 460
158693: -537 -420 -537 461
158702: -537 -429 -537 462
158711: -537 -438 -537 463
158720: -537 -447 -537 464
158729: -537 -456 -537 465
158738: -537 -465 -537 466
158747: -537 -474 -537 467
158756: -537 -483 -537 468
158844: -555 -413 -535 298
158850: -555 -422 -532 56
158859: -555 -431 -532 57
158861: -555 -431 -534 219
158862: -555 -431 -535 300
158865: -555 -431 -538 543
158868: -555 -440 -532 58
158871: -555 -440 -535 301
158875: -555 -440 -539 625
158877: -555 -449 -532 59
158883: -555 -449 -538 545
158886: -555 -458 -532 60
158895: -555 -467 -532 61
158901: -555 -467 -538 547
158910: -555 -476 -538 548
158913: -555 -485 -532 63
158919: -555 -485 -538 549
158931: -564 -423 -532 56
158937: -564 -423 -538 542
158946: -564 -432 -538 543
158947: -564 -432 -539 624
158948: -564 -432 -540 705
158949: -564 -441 -532 58
158950: -564 -441 -533 139
158953: -564 -441 -536 382
158955: -564 -441 -538 544
158956: -564 -441 -539 625
158957: -564 -441 -540 706
158961: -564 -450 -535 302
158964: -564 -450 -538 545
158977: -564 -468 -533 142
158978: -564 -468 -534 223
158979: -564 -468 -535 304
158980: -564 -468 -536 385
158983: -564 -468 -539 628
158984: -564 -468 -540 709
158989: -564 -477 -536 386
158993: -564 -477 -540 710
158994: -564 -486 -532 63
158995: -564 -486 -533 144
158996: -564 -486 -534 225
158997: -564 -486 -535 306
158998: -564 -486 -536 387
159000: -564 -486 -538 549
159013: -573 -415 -614 146
159014: -573 -415 -615 227
159015: -573 -415 -616 308
159018: -573 -415 -619 551
159019: -573 -415 -620 632
159022: -573 -424 -614 147
159030: -573 -433 -613 67
159033: -573 -433 -616 310
159034: -573 -433 -617 391
159037: -573 -433 -620 634
159042: -573 -442 -616 311
159046: -573 -442 -620 635
159051: -573 -451 -616 312
159055: -573 -451 -620 636
159072: -573 -469 -619 557
159073: -573 -469 -620 638
159074: -573 -469 -621 719
159078: -573 -478 -616 315
159082: -573 -478 -620 639
159083: -573 -478 -621 720
159084: -582 -407 -613 64
159085: -582 -407 -614 145
159087: -582 -407 -616 307
159090: -582 -407 -619 550
159094: -582 -416 -614 146
159096: -582 -416 -616 308
159102: -582 -425 -613 66
159103: -582 -425 -614 147
159105: -582 -425 -616 309
159111: -582 -434 -613 67
159112: -582 -434 -614 148
159114: -582 -434 -616 310
159115: -582 -434 -617 391
159117: -582 -434 -619 553
159118: -582 -434 -620 634
159119: -582 -434 -621 715
159120: -582 -443 -613 68
159121: -582 -443 -614 149
159122: -582 -443 -615 230
159123: -582 -443 -616 311
159126: -582 -443 -619 554
159127: -582 -443 -620 635
159128: -582 -443 -621 716
159130: -582 -452 -614 150
159139: -582 -461 -614 151
159148: -582 -470 -614 152
159150: -582 -470 -616 314
159157: -582 -479 -614 153
159159: -582 -479 -616 315
159165: -591 -408 -613 64
159167: -591 -408 -615 226
159168: -591 -408 -616 307
159169: -591 -408 -617 388
159172: -591 -408 -620 631
159173: -591 -408 -621 712
159174: -591 -417 -613 65
159175: -591 -417 -614 146
159176: -591 -417 -615 227
159177: -591 -417 -616 308
159178: -591 -417 -617 389
159181: -591 -417 -620 632
159182: -591 -417 -621 713
159184: -591 -426 -614 147
159185: -591 -426 -615 228
159186: -591 -426 -616 309
159187: -591 -426 -617 390
159190: -591 -426 -620 633
159191: -591 -426 -621 714
159192: -591 -435 -613 67
159193: -591 -435 -614 148
159194: -591 -435 -615 229
159195: -591 -435 -616 310
159196: -591 -435 -617 391
159201: -591 -444 -613 68
159202: -591 -444 -614 149
159203: -591 -444 -615 230
159210: -591 -453 -613 69
159213: -591 -453 -616 312
159222: -591 -462 -616 313
159228: -591 -471 -613 71
159231: -591 -471 -616 314
159246: -600 -409 -613 64
159247: -600 -409 -614 145
159248: -600 -409 -615 226
159249: -600 -409 -616 307
159250: -600 -409 -617 388
159251: -600 -409 -618 469
159252: -600 -409 -619 550
159253: -600 -409 -620 631
159254: -600 -409 -621 712
159256: -600 -418 -614 146
159258: -600 -418 -616 308
159259: -600 -418 -617 389
159264: -600 -427 -613 66
159267: -600 -427 -616 309
159270: -600 -427 -619 552
159273: -600 -436 -613 67
159277: -600 -436 -617 391
159279: -600 -436 -619 553
159280: -600 -436 -620 634
159282: -600 -445 -613 68
159284: -600 -445 -615 230
159289: -600 -445 -620 635
159297: -600 -454 -619 555
159303: -600 -463 -616 313
159304: -600 -463 -617 394
159307: -600 -463 -620 637
159308: -600 -463 -621 718
159309: -600 -472 -613 71
159312: -600 -472 -616 314
159317: -600 -472 -621 719
159319: -600 -481 -614 153
159327: -609 -410 -613 64
159331: -609 -410 -617 388
159334: -609 -410 -620 631
159335: -609 -410 -621 712
159354: -609 -437 -613 67
159355: -609 -437 -614 148
159356: -609 -437 -615 229
159357: -609 -437 -616 310
159358: -609 -437 -617 391
159360: -609 -437 -619 553
159361: -609 -437 -620 634
159362: -609 -437 -621 715
159363: -609 -446 -613 68
159366: -609 -446 -616 311
159367: -609 -446 -617 392
159375: -609 -455 -616 312
159384: -609 -464 -616 313
159393: -609 -473 -616 314
159400: -609 -482 -614 153
159402: -609 -482 -616 315
159413: -618 -411 -618 469
159422: -618 -420 -618 470
159440: -618 -438 -618 472
159449: -618 -447 -618 473
159458: -618 -456 -618 474
159476: -618 -474 -618 476
159485: -618 -483 -618 477
159500: -627 -421 -615 227
159509: -627 -430 -615 228
159510: -627 -430 -616 309
159519: -627 -439 -616 310
159562: -627 -484 -614 153
159570: -636 -413 -613 64
159571: -636 -413 -614 145
159572: -636 -413 -615 226
159573: -636 -413 -616 307
159581: -636 -422 -615 227
159582: -636 -422 -616 308
159589: -636 -431 -614 147
159596: -636 -431 -621 714
159597: -636 -440 -613 67
159599: -636 -440 -615 229
159601: -636 -440 -617 391
159614: -636 -449 -621 716
159660: -645 -423 -613 65
159664: -645 -423 -617 389
159666: -645 -423 -619 551
159667: -645 -423 -620 632
159676: -645 -432 -620 633
159678: -645 -441 -613 67
159685: -645 -441 -620 634
159687: -645 -450 -613 68
159694: -645 -450 -620 635
159712: -645 -468 -620 637
159721: -645 -477 -620 638
159730: -645 -486 -620 639
159744: -654 -415 -697 317
159745: -654 -415 -698 398
159747: -654 -415 -700 560
159752: -654 -424 -696 237
159753: -654 -424 -697 318
159757: -654 -424 -701 642
159758: -654 -424 -702 723
159762: -654 -433 -697 319
159763: -654 -433 -698 400
159780: -654 -451 -697 321
159785: -654 -451 -702 726
159798: -654 -469 -697 323
159805: -654 -478 -695 162
159806: -654 -478 -696 243
159807: -654 -478 -697 324
159808: -654 -478 -698 405
159810: -654 -478 -700 567
159811: -654 -478 -701 648
159812: -654 -478 -702 729
159833: -663 -425 -696 237
159840: -663 -434 -694 76
159844: -663 -434 -698 400
159847: -663 -434 -701 643
159851: -663 -443 -696 239
159852: -663 -443 -697 320
159913: -672 -426 -695 156
159914: -672 -426 -696 237
159919: -672 -426 -701 642
159921: -672 -435 -694 76
159924: -672 -435 -697 319
159929: -672 -435 -702 724
159943: -672 -453 -698 402
159948: -672 -462 -694 79
159966: -672 -480 -694 81
159969: -672 -480 -697 324
159987: -681 -418 -697 317
159991: -681 -418 -701 641
159994: -681 -427 -695 156
159996: -681 -427 -697 318
160002: -681 -436 -694 76
160003: -681 -436 -695 157
160004: -681 -436 -696 238
160005: -681 -436 -697 319
160006: -681 -436 -698 400
160007: -681 -436 -699 481
160008: -681 -436 -700 562
160009: -681 -436 -701 643
160010: -681 -436 -702 724
160013: -681 -445 -696 239
160014: -681 -445 -697 320
160015: -681 -445 -698 401
160023: -681 -454 -697 321
160032: -681 -463 -697 322
160041: -681 -472 -697 323
160046: -681 -472 -702 728
160048: -681 -481 -695 162
160050: -681 -481 -697 324
160083: -690 -437 -694 76
160085: -690 -437 -696 238
160092: -690 -446 -694 77
160095: -690 -446 -697 320
160096: -690 -446 -698 401
160098: -690 -446 -700 563
160099: -690 -446 -701 644
160100: -690 -446 -702 725
160114: -690 -464 -698 403
160118: -690 -464 -702 727
160119: -690 -473 -694 80
160121: -690 -473 -696 242
160122: -690 -473 -697 323
160123: -690 -473 -698 404
160127: -690 -473 -702 728
160151: -699 -420 -699 479
160169: -699 -438 -699 481
160178: -699 -447 -699 482
160196: -699 -465 -699 484
160214: -699 -483 -699 486
160238: -708 -430 -696 237
160315: -717 -422 -701 641
160319: -717 -431 -696 237
160326: -717 -440 -694 76
160327: -717 -440 -695 157
160329: -717 -440 -697 319
160330: -717 -440 -698 400
160333: -717 -440 -701 643
160334: -717 -440 -702 724
160351: -717 -458 -701 645
160364: -717 -476 -696 242
160365: -717 -476 -697 323
160368: -717 -476 -700 566
160369: -717 -476 -701 647
160370: -717 -476 -702 728
160391: -726 -423 -696 236
160395: -726 -423 -700 560
160437: -726 -468 -697 322
160445: -726 -477 -696 242
160873: -52 -492 -62 568
160882: -52 -501 -62 569
160891: -52 -510 -62 570
160900: -52 -519 -62 571
160909: -52 -528 -62 572
160918: -52 -537 -62 573
160927: -52 -546 -62 574
160936: -52 -555 -62 575
160945: -52 -564 -62 576
161273: -97 -488 -138 172
161276: -97 -488 -141 415
161278: -97 -488 -143 577
161279: -97 -488 -144 658
161293: -97 -506 -140 336
161294: -97 -506 -141 417
161296: -97 -506 -143 579
161297: -97 -506 -144 660
161298: -97 -515 -136 13
161300: -97 -515 -138 175
161307: -97 -524 -136 14
161309: -97 -524 -138 176
161311: -97 -524 -140 338
161314: -97 -524 -143 581
161316: -97 -533 -136 15
161318: -97 -533 -138 177
161323: -97 -533 -143 582
161324: -97 -533 -144 663
161334: -97 -551 -136 17
161336: -97 -551 -138 179
161339: -97 -551 -141 422
161341: -97 -551 -143 584
161342: -97 -551 -144 665
161343: -97 -560 -136 18
161347: -97 -560 -140 342
161352: -106 -489 -136 10
161356: -106 -489 -140 334
161361: -106 -498 -136 11
161362: -106 -498 -137 92
161363: -106 -498 -138 173
161365: -106 -498 -140 335
161366: -106 -498 -141 416
161368: -106 -498 -143 578
161369: -106 -498 -144 659
161379: -106 -516 -136 13
161380: -106 -516 -137 94
161381: -106 -516 -138 175
161384: -106 -516 -141 418
161387: -106 -516 -144 661
161388: -106 -525 -136 14
161390: -106 -525 -138 176
161405: -106 -534 -144 663
161406: -106 -543 -136 16
161407: -106 -543 -137 97
161411: -106 -543 -141 421
161415: -106 -552 -136 17
161424: -106 -561 -136 18
161433: -115 -490 -136 10
161434: -115 -490 -137 91
161435: -115 -490 -138 172
161437: -115 -490 -140 334
161438: -115 -490 -141 415
161441: -115 -490 -144 658
161442: -115 -499 -136 11
161443: -115 -499 -137 92
161447: -115 -499 -141 416
161449: -115 -499 -143 578
161452: -115 -508 -137 93
161456: -115 -508 -141 417
161459: -115 -508 -144 660
161460: -115 -517 -136 13
161461: -115 -517 -137 94
161468: -115 -517 -144 661
161469: -115 -526 -136 14
161470: -115 -526 -137 95
161471: -115 -526 -138 176
161473: -115 -526 -140 338
161474: -115 -526 -141 419
161476: -115 -526 -143 581
161477: -115 -526 -144 662
161478: -115 -535 -136 15
161479: -115 -535 -137 96
161483: -115 -535 -141 420
161487: -115 -544 -136 16
161488: -115 -544 -137 97
161491: -115 -544 -140 340
161492: -115 -544 -141 421
161494: -115 -544 -143 583
161495: -115 -544 -144 664
161496: -115 -553 -136 17
161497: -115 -553 -137 98
161501: -115 -553 -141 422
161504: -115 -553 -144 665
161505: -115 -562 -136 18
161506: -115 -562 -137 99
161510: -115 -562 -141 423
161512: -115 -562 -143 585
161513: -115 -562 -144 666
161519: -124 -491 -141 415
161524: -124 -500 -137 92
161525: -124 -500 -138 173
161528: -124 -500 -141 416
161537: -124 -509 -141 417
161543: -124 -518 -138 175
161549: -124 -518 -144 661
161561: -124 -536 -138 177
161569: -124 -545 -137 97
161570: -124 -545 -138 178
161573: -124 -545 -141 421
161585: -124 -554 -144 665
161587: -124 -563 -137 99
161590: -124 -563 -140 342
161591: -124 -563 -141 423
161609: -133 -501 -141 416
161611: -133 -501 -143 578
161612: -133 -501 -144 659
161622: -133 -519 -136 13
161623: -133 -519 -137 94
161624: -133 -519 -138 175
161629: -133 -519 -143 580
161631: -133 -528 -136 14
161639: -133 -528 -144 662
161641: -133 -537 -137 96
161642: -133 -537 -138 177
161645: -133 -537 -141 420
161647: -133 -537 -143 582
161648: -133 -537 -144 663
161658: -133 -555 -136 17
161659: -133 -555 -137 98
161660: -133 -555 -138 179
161666: -133 -555 -144 665
161682: -142 -493 -142 496
161691: -142 -502 -142 497
161700: -142 -511 -142 498
161709: -142 -520 -142 499
161718: -142 -529 -142 500
161727: -142 -538 -142 501
161754: -142 -565 -142 504
161757: -151 -494 -136 10
161762: -151 -494 -141 415
161765: -151 -494 -144 658
161766: -151 -503 -136 11
161768: -151 -503 -138 173
161771: -151 -503 -141 416
161774: -151 -503 -144 659
161777: -151 -512 -138 174
161780: -151 -512 -141 417
161783: -151 -512 -144 660
161784: -151 -521 -136 13
161785: -151 -521 -137 94
161786: -151 -521 -138 175
161789: -151 -521 -141 418
161791: -151 -521 -143 580
161792: -151 -521 -144 661
161793: -151 -530 -136 14
161797: -151 -530 -140 338
161802: -151 -539 -136 15
161806: -151 -539 -140 339
161807: -151 -539 -141 420
161810: -151 -539 -144 663
161811: -151 -548 -136 16
161816: -151 -548 -141 421
161819: -151 -548 -144 664
161820: -151 -557 -136 17
161824: -151 -557 -140 341
161828: -151 -557 -144 665
161829: -151 -566 -136 18
161833: -151 -566 -140 342
161834: -151 -566 -141 423
161837: -151 -566 -144 666
161838: -160 -495 -136 10
161839: -160 -495 -137 91
161840: -160 -495 -138 172
161842: -160 -495 -140 334
161843: -160 -495 -141 415
161845: -160 -495 -143 577
161846: -160 -495 -144 658
161847: -160 -504 -136 11
161848: -160 -504 -137 92
161849: -160 -504 -138 173
161851: -160 -504 -140 335
161852: -160 -504 -141 416
161861: -160 -513 -141 417
161863: -160 -513 -143 579
161865: -160 -522 -136 13
161870: -160 -522 -141 418
161873: -160 -522 -144 661
161874: -160 -531 -136 14
161883: -160 -540 -136 15
161892: -160 -549 -136 16
161893: -160 -549 -137 97
161897: -160 -549 -141 421
161901: -160 -558 -136 17
161906: -160 -558 -141 422
161910: -160 -567 -136 18
161914: -160 -567 -140 342
161915: -160 -567 -141 423
161928: -169 -496 -217 20
161929: -169 -496 -218 101
161930: -169 -496 -219 182
161931: -169 -496 -220 263
161932: -169 -496 -221 344
161933: -169 -496 -222 425
161935: -169 -496 -224 587
161947: -169 -514 -218 103
161948: -169 -514 -219 184
161949: -169 -514 -220 265
161950: -169 -514 -221 346
161951: -169 -514 -222 427
161953: -169 -514 -224 589
161954: -169 -514 -225 670
161955: -169 -523 -217 23
161956: -169 -523 -218 104
161957: -169 -523 -219 185
161958: -169 -523 -220 266
161959: -169 -523 -221 347
161963: -169 -523 -225 671
161964: -169 -532 -217 24
161965: -169 -532 -218 105
161966: -169 -532 -219 186
161967: -169 -532 -220 267
161968: -169 -532 -221 348
161971: -169 -532 -224 591
161972: -169 -532 -225 672
161974: -169 -541 -218 106
161975: -169 -541 -219 187
161977: -169 -541 -221 349
161978: -169 -541 -222 430
161980: -169 -541 -224 592
161981: -169 -541 -225 673
161982: -169 -550 -217 26
161983: -169 -550 -218 107
161985: -169 -550 -220 269
161986: -169 -550 -221 350
161990: -169 -550 -225 674
161991: -169 -559 -217 27
161992: -169 -559 -218 108
161993: -169 -559 -219 189
161994: -169 -559 -220 270
161995: -169 -559 -221 351
161996: -169 -559 -222 432
161998: -169 -559 -224 594
161999: -169 -559 -225 675
162000: -178 -488 -217 19
162001: -178 -488 -218 100
162004: -178 -488 -221 343
162009: -178 -497 -217 20
162018: -178 -506 -217 21
162019: -178 -506 -218 102
162022: -178 -506 -221 345
162023: -178 -506 -222 426
162026: -178 -506 -225 669
162028: -178 -515 -218 103
162035: -178 -515 -225 670
162036: -178 -524 -217 23
162037: -178 -524 -218 104
162039: -178 -524 -220 266
162041: -178 -524 -222 428
162045: -178 -533 -217 24
162046: -178 -533 -218 105
162054: -178 -542 -217 25
162057: -178 -542 -220 268
162062: -178 -542 -225 673
162063: -178 -551 -217 26
162064: -178 -551 -218 107
162074: -178 -560 -219 189
162075: -178 -560 -220 270
162081: -187 -489 -217 19
162082: -187 -489 -218 100
162084: -187 -489 -220 262
162086: -187 -489 -222 424
162089: -187 -489 -225 667
162091: -187 -498 -218 101
162093: -187 -498 -220 263
162094: -187 -498 -221 344
162109: -187 -516 -218 103
162112: -187 -516 -221 346
162117: -187 -525 -217 23
162120: -187 -525 -220 266
162121: -187 -525 -221 347
162127: -187 -534 -218 105
162130: -187 -534 -221 348
162134: -187 -534 -225 672
162148: -187 -552 -221 350
162157: -187 -561 -221 351
162158: -187 -561 -222 432
162162: -196 -490 -217 19
162163: -196 -490 -218 100
162164: -196 -490 -219 181
162165: -196 -490 -220 262
162166: -196 -490 -221 343
162170: -196 -490 -225 667
162171: -196 -499 -217 20
162172: -196 -499 -218 101
162173: -196 -499 -219 182
162174: -196 -499 -220 263
162180: -196 -508 -217 21
162181: -196 -508 -218 102
162182: -196 -508 -219 183
162183: -196 -508 -220 264
162190: -196 -517 -218 103
162191: -196 -517 -219 184
162198: -196 -526 -217 23
162200: -196 -526 -219 185
162202: -196 -526 -221 347
162206: -196 -526 -225 671
162208: -196 -535 -218 105
162209: -196 -535 -219 186
162210: -196 -535 -220 267
162211: -196 -535 -221 348
162215: -196 -535 -225 672
162217: -196 -544 -218 106
162218: -196 -544 -219 187
162219: -196 -544 -220 268
162220: -196 -544 -221 349
162224: -196 -544 -225 673
162226: -196 -553 -218 107
162227: -196 -553 -219 188
162228: -196 -553 -220 269
162235: -196 -562 -218 108
162236: -196 -562 -219 189
162237: -196 -562 -220 270
162238: -196 -562 -221 351
162243: -205 -491 -217 19
162244: -205 -491 -218 100
162246: -205 -491 -220 262
162247: -205 -491 -221 343
162252: -205 -500 -217 20
162253: -205 -500 -218 101
162260: -205 -500 -225 668
162262: -205 -509 -218 102
162263: -205 -509 -219 183
162272: -205 -518 -219 184
162273: -205 -518 -220 265
162274: -205 -518 -221 346
162279: -205 -527 -217 23
162286: -205 -527 -224 590
162290: -205 -536 -219 186
162291: -205 -536 -220 267
162296: -205 -536 -225 672
162297: -205 -545 -217 25
162298: -205 -545 -218 106
162305: -205 -545 -225 673
162311: -205 -554 -222 431
162315: -205 -563 -217 27
162333: -214 -501 -217 20
162343: -214 -510 -218 102
162345: -214 -510 -220 264
162349: -214 -510 -224 588
162352: -214 -519 -218 103
162353: -214 -519 -219 184
162354: -214 -519 -220 265
162355: -214 -519 -221 346
162361: -214 -528 -218 104
162363: -214 -528 -220 266
162370: -214 -537 -218 105
162373: -214 -537 -221 348
162374: -214 -537 -222 429
162376: -214 -537 -224 591
162377: -214 -537 -225 672
162388: -214 -555 -218 107
162389: -214 -555 -219 188
162390: -214 -555 -220 269
162397: -214 -564 -218 108
162399: -214 -564 -220 270
162411: -223 -493 -223 505
162420: -223 -502 -223 506
162438: -223 -520 -223 508
162447: -223 -529 -223 509
162456: -223 -538 -223 510
162474: -223 -556 -223 512
162486: -232 -494 -217 19
162487: -232 -494 -218 100
162495: -232 -503 -217 20
162496: -232 -503 -218 101
162504: -232 -512 -217 21
162514: -232 -521 -218 103
162517: -232 -521 -221 346
162520: -232 -521 -224 589
162522: -232 -530 -217 23
162523: -232 -530 -218 104
162531: -232 -539 -217 24
162540: -232 -548 -217 25
162549: -232 -557 -217 26
162558: -232 -566 -217 27
162567: -241 -495 -217 19
162568: -241 -495 -218 100
162569: -241 -495 -219 181
162576: -241 -504 -217 20
162577: -241 -504 -218 101
162578: -241 -504 -219 182
162579: -241 -504 -220 263
162584: -241 -504 -225 668
162585: -241 -513 -217 21
162595: -241 -522 -218 103
162596: -241 -522 -219 184
162598: -241 -522 -221 346
162603: -241 -531 -217 23
162612: -241 -540 -217 24
162613: -241 -540 -218 105
162614: -241 -540 -219 186
162621: -241 -549 -217 25
162623: -241 -549 -219 187
162626: -241 -549 -222 430
162639: -241 -567 -217 27
162640: -241 -567 -218 108
162641: -241 -567 -219 189
162657: -250 -496 -298 29
162658: -250 -496 -299 110
162659: -250 -496 -300 191
162660: -250 -496 -301 272
162661: -250 -496 -302 353
162662: -250 -496 -303 434
162664: -250 -496 -305 596
162665: -250 -496 -306 677
162666: -250 -505 -298 30
162667: -250 -505 -299 111
162668: -250 -505 -300 192
162669: -250 -505 -301 273
162670: -250 -505 -302 354
162671: -250 -505 -303 435
162673: -250 -505 -305 597
162674: -250 -505 -306 678
162685: -250 -523 -299 113
162686: -250 -523 -300 194
162687: -250 -523 -301 275
162688: -250 -523 -302 356
162689: -250 -523 -303 437
162691: -250 -523 -305 599
162692: -250 -523 -306 680
162693: -250 -532 -298 33
162694: -250 -532 -299 114
162695: -250 -532 -300 195
162696: -250 -532 -301 276
162697: -250 -532 -302 357
162698: -250 -532 -303 438
162700: -250 -532 -305 600
162701: -250 -532 -306 681
162702: -250 -541 -298 34
162703: -250 -541 -299 115
162704: -250 -541 -300 196
162705: -250 -541 -301 277
162706: -250 -541 -302 358
162707: -250 -541 -303 439
162709: -250 -541 -305 601
162710: -250 -541 -306 682
162711: -250 -550 -298 35
162712: -250 -550 -299 116
162713: -250 -550 -300 197
162714: -250 -550 -301 278
162715: -250 -550 -302 359
162716: -250 -550 -303 440
162718: -250 -550 -305 602
162719: -250 -550 -306 683
162720: -250 -559 -298 36
162721: -250 -559 -299 117
162722: -250 -559 -300 198
162723: -250 -559 -301 279
162724: -250 -559 -302 360
162725: -250 -559 -303 441
162727: -250 -559 -305 603
162728: -250 -559 -306 684
162729: -259 -488 -298 28
162730: -259 -488 -299 109
162731: -259 -488 -300 190
162732: -259 -488 -301 271
162733: -259 -488 -302 352
162734: -259 -488 -303 433
162736: -259 -488 -305 595
162737: -259 -488 -306 676
162738: -259 -497 -298 29
162739: -259 -497 -299 110
162740: -259 -497 -300 191
162741: -259 -497 -301 272
162742: -259 -497 -302 353
162743: -259 -497 -303 434
162745: -259 -497 -305 596
162747: -259 -506 -298 30
162748: -259 -506 -299 111
162749: -259 -506 -300 192
162750: -259 -506 -301 273
162751: -259 -506 -302 354
162754: -259 -506 -305 597
162755: -259 -506 -306 678
162756: -259 -515 -298 31
162757: -259 -515 -299 112
162758: -259 -515 -300 193
162759: -259 -515 -301 274
162760: -259 -515 -302 355
162761: -259 -515 -303 436
162763: -259 -515 -305 598
162764: -259 -515 -306 679
162766: -259 -524 -299 113
162767: -259 -524 -300 194
162768: -259 -524 -301 275
162769: -259 -524 -302 356
162770: -259 -524 -303 437
162772: -259 -524 -305 599
162774: -259 -533 -298 33
162775: -259 -533 -299 114
162776: -259 -533 -300 195
162777: -259 -533 -301 276
162778: -259 -533 -302 357
162779: -259 -533 -303 438
162781: -259 -533 -305 600
162783: -259 -542 -298 34
162784: -259 -542 -299 115
162785: -259 -542 -300 196
162786: -259 -542 -301 277
162787: -259 -542 -302 358
162788: -259 -542 -303 439
162790: -259 -542 -305 601
162791: -259 -542 -306 682
162792: -259 -551 -298 35
162793: -259 -551 -299 116
162794: -259 -551 -300 197
162795: -259 -551 -301 278
162796: -259 -551 -302 359
162797: -259 -551 -303 440
162799: -259 -551 -305 602
162800: -259 -551 -306 683
162801: -259 -560 -298 36
162802: -259 -560 -299 117
162803: -259 -560 -300 198
162804: -259 -560 -301 279
162805: -259 -560 -302 360
162806: -259 -560 -303 441
162808: -259 -560 -305 603
162810: -268 -489 -298 28
162811: -268 -489 -299 109
162812: -268 -489 -300 190
162813: -268 -489 -301 271
162814: -268 -489 -302 352
162819: -268 -498 -298 29
162821: -268 -498 -300 191
162823: -268 -498 -302 353
162828: -268 -507 -298 30
162830: -268 -507 -300 192
162831: -268 -507 -301 273
162836: -268 -507 -306 678
162837: -268 -516 -298 31
162838: -268 -516 -299 112
162839: -268 -516 -300 193
162840: -268 -516 -301 274
162841: -268 -516 -302 355
162842: -268 -516 -303 436
162844: -268 -516 -305 598
162845: -268 -516 -306 679
162850: -268 -525 -302 356
162856: -268 -534 -299 114
162857: -268 -534 -300 195
162858: -268 -534 -301 276
162859: -268 -534 -302 357
162864: -268 -543 -298 34
162865: -268 -543 -299 115
162866: -268 -543 -300 196
162867: -268 -543 -301 277
162868: -268 -543 -302 358
162871: -268 -543 -305 601
162872: -268 -543 -306 682
162875: -268 -552 -300 197
162877: -268 -552 -302 359
162882: -268 -561 -298 36
162884: -268 -561 -300 198
162885: -268 -561 -301 279
162886: -268 -561 -302 360
162891: -277 -490 -298 28
162892: -277 -490 -299 109
162893: -277 -490 -300 190
162896: -277 -490 -303 433
162898: -277 -490 -305 595
162899: -277 -490 -306 676
162900: -277 -499 -298 29
162901: -277 -499 -299 110
162902: -277 -499 -300 191
162904: -277 -499 -302 353
162905: -277 -499 -303 434
162908: -277 -499 -306 677
162909: -277 -508 -298 30
162910: -277 -508 -299 111
162911: -277 -508 -300 192
162913: -277 -508 -302 354
162914: -277 -508 -303 435
162916: -277 -508 -305 597
162917: -277 -508 -306 678
162928: -277 -526 -299 113
162929: -277 -526 -300 194
162931: -277 -526 -302 356
162934: -277 -526 -305 599
162935: -277 -526 -306 680
162936: -277 -535 -298 33
162937: -277 -535 -299 114
162938: -277 -535 -300 195
162940: -277 -535 -302 357
162941: -277 -535 -303 438
162944: -277 -535 -306 681
162954: -277 -553 -298 35
162955: -277 -553 -299 116
162956: -277 -553 -300 197
162958: -277 -553 -302 359
162963: -277 -562 -298 36
162964: -277 -562 -299 117
162965: -277 -562 -300 198
162967: -277 -562 -302 360
162968: -277 -562 -303 441
162972: -286 -491 -298 28
162973: -286 -491 -299 109
162974: -286 -491 -300 190
162975: -286 -491 -301 271
162976: -286 -491 -302 352
162979: -286 -491 -305 595
162982: -286 -500 -299 110
162983: -286 -500 -300 191
162990: -286 -509 -298 30
162991: -286 -509 -299 111
162992: -286 -509 -300 192
162999: -286 -518 -298 31
163000: -286 -518 -299 112
163001: -286 -518 -300 193
163003: -286 -518 -302 355
163009: -286 -527 -299 113
163010: -286 -527 -300 194
163011: -286 -527 -301 275
163018: -286 -536 -299 114
163019: -286 -536 -300 195
163020: -286 -536 -301 276
163026: -286 -545 -298 34
163027: -286 -545 -299 115
163028: -286 -545 -300 196
163036: -286 -554 -299 116
163037: -286 -554 -300 197
163039: -286 -554 -302 359
163040: -286 -554 -303 440
163044: -286 -563 -298 36
163045: -286 -563 -299 117
163046: -286 -563 -300 198
163049: -286 -563 -303 441
163062: -295 -501 -298 29
163063: -295 -501 -299 110
163064: -295 -501 -300 191
163065: -295 -501 -301 272
163066: -295 -501 -302 353
163071: -295 -510 -298 30
163072: -295 -510 -299 111
163073: -295 -510 -300 192
163074: -295 -510 -301 273
163075: -295 -510 -302 354
163078: -295 -510 -305 597
163079: -295 -510 -306 678
163080: -295 -519 -298 31
163081: -295 -519 -299 112
163082: -295 -519 -300 193
163083: -295 -519 -301 274
163084: -295 -519 -302 355
163085: -295 -519 -303 436
163087: -295 -519 -305 598
163088: -295 -519 -306 679
163090: -295 -528 -299 113
163098: -295 -537 -298 33
163099: -295 -537 -299 114
163100: -295 -537 -300 195
163101: -295 -537 -301 276
163103: -295 -537 -303 438
163106: -295 -537 -306 681
163116: -295 -555 -298 35
163119: -295 -555 -301 278
163125: -295 -564 -298 36
163126: -295 -564 -299 117
163127: -295 -564 -300 198
163129: -295 -564 -302 360
163140: -304 -493 -304 514
163149: -304 -502 -304 515
163158: -304 -511 -304 516
163167: -304 -520 -304 517
163176: -304 -529 -304 518
163185: -304 -538 -304 519
163194: -304 -547 -304 520
163203: -304 -556 -304 521
163212: -304 -565 -304 522
163215: -313 -494 -298 28
163216: -313 -494 -299 109
163217: -313 -494 -300 190
163218: -313 -494 -301 271
163219: -313 -494 -302 352
163225: -313 -503 -299 110
163233: -313 -512 -298 30
163234: -313 -512 -299 111
163235: -313 -512 -300 192
163236: -313 -512 -301 273
163237: -313 -512 -302 354
163241: -313 -512 -306 678
163242: -313 -521 -298 31
163243: -313 -521 -299 112
163244: -313 -521 -300 193
163245: -313 -521 -301 274
163246: -313 -521 -302 355
163247: -313 -521 -303 436
163250: -313 -521 -306 679
163252: -313 -530 -299 113
163253: -313 -530 -300 194
163254: -313 -530 -301 275
163255: -313 -530 -302 356
163260: -313 -539 -298 33
163264: -313 -539 -302 357
163269: -313 -548 -298 34
163270: -313 -548 -299 115
163280: -313 -557 -300 197
163287: -313 -566 -298 36
163294: -313 -566 -305 603
163296: -322 -495 -298 28
163297: -322 -495 -299 109
163298: -322 -495 -300 190
163299: -322 -495 -301 271
163300: -322 -495 -302 352
163303: -322 -495 -305 595
163304: -322 -495 -306 676
163306: -322 -504 -299 110
163307: -322 -504 -300 191
163308: -322 -504 -301 272
163314: -322 -513 -298 30
163316: -322 -513 -300 192
163317: -322 -513 -301 273
163318: -322 -513 -302 354
163322: -322 -513 -306 678
163323: -322 -522 -298 31
163325: -322 -522 -300 193
163326: -322 -522 -301 274
163328: -322 -522 -303 436
163331: -322 -522 -306 679
163333: -322 -531 -299 113
163334: -322 -531 -300 194
163335: -322 -531 -301 275
163341: -322 -540 -298 33
163343: -322 -540 -300 195
163345: -322 -540 -302 357
163351: -322 -549 -299 115
163352: -322 -549 -300 196
163353: -322 -549 -301 277
163358: -322 -549 -306 682
163359: -322 -558 -298 35
163360: -322 -558 -299 116
163361: -322 -558 -300 197
163362: -322 -558 -301 278
163367: -322 -558 -306 683
163368: -322 -567 -298 36
163369: -322 -567 -299 117
163370: -322 -567 -300 198
163371: -322 -567 -301 279
163394: -331 -496 -387 686
163396: -331 -505 -380 120
163400: -331 -505 -384 444
163405: -331 -514 -380 121
163406: -331 -514 -381 202
163408: -331 -514 -383 364
163409: -331 -514 -384 445
163411: -331 -514 -386 607
163412: -331 -514 -387 688
163423: -331 -532 -380 123
163424: -331 -532 -381 204
163426: -331 -532 -383 366
163427: -331 -532 -384 447
163430: -331 -532 -387 690
163432: -331 -541 -380 124
163435: -331 -541 -383 367
163436: -331 -541 -384 448
163441: -331 -550 -380 125
163442: -331 -550 -381 206
163444: -331 -550 -383 368
163445: -331 -550 -384 449
163448: -331 -550 -387 692
163450: -331 -559 -380 126
163451: -331 -559 -381 207
163453: -331 -559 -383 369
163454: -331 -559 -384 450
163456: -331 -559 -386 612
163559: -349 -507 -381 201
163561: -349 -507 -383 363
163562: -349 -507 -384 444
163565: -349 -507 -387 687
163575: -349 -525 -379 41
163576: -349 -525 -380 122
163577: -349 -525 -381 203
163582: -349 -525 -386 608
163583: -349 -525 -387 689
163593: -349 -543 -379 43
163594: -349 -543 -380 124
163621: -358 -490 -380 118
163622: -358 -490 -381 199
163624: -358 -490 -383 361
163625: -358 -490 -384 442
163627: -358 -490 -386 604
163628: -358 -490 -387 685
163629: -358 -499 -379 38
163631: -358 -499 -381 200
163636: -358 -499 -386 605
163638: -358 -508 -379 39
163640: -358 -508 -381 201
163642: -358 -508 -383 363
163645: -358 -508 -386 606
163646: -358 -508 -387 687
163647: -358 -517 -379 40
163648: -358 -517 -380 121
163651: -358 -517 -383 364
163655: -358 -517 -387 688
163656: -358 -526 -379 41
163657: -358 -526 -380 122
163658: -358 -526 -381 203
163660: -358 -526 -383 365
163661: -358 -526 -384 446
163663: -358 -526 -386 608
163667: -358 -535 -381 204
163674: -358 -544 -379 43
163675: -358 -544 -380 124
163676: -358 -544 -381 205
163683: -358 -553 -379 44
163690: -358 -553 -386 611
163693: -358 -562 -380 126
163696: -358 -562 -383 369
163697: -358 -562 -384 450
163702: -367 -491 -380 118
163703: -367 -491 -381 199
163706: -367 -491 -384 442
163709: -367 -491 -387 685
163710: -367 -500 -379 38
163720: -367 -509 -380 120
163728: -367 -518 -379 40
163729: -367 -518 -380 121
163747: -367 -536 -380 123
163781: -367 -563 -387 693
163808: -376 -510 -387 687
163810: -376 -519 -380 121
163811: -376 -519 -381 202
163813: -376 -519 -383 364
163816: -376 -519 -386 607
163822: -376 -528 -383 365
163826: -376 -528 -387 689
163828: -376 -537 -380 123
163831: -376 -537 -383 366
163832: -376 -537 -384 447
163834: -376 -537 -386 609
163835: -376 -537 -387 690
163855: -376 -564 -380 126
163869: -385 -493 -385 523
163878: -385 -502 -385 524
163887: -385 -511 -385 525
163896: -385 -520 -385 526
163905: -385 -529 -385 527
163914: -385 -538 -385 528
163923: -385 -547 -385 529
163941: -385 -565 -385 531
163962: -394 -512 -379 39
163964: -394 -512 -381 201
163966: -394 -512 -383 363
163967: -394 -512 -384 444
163972: -394 -521 -380 121
163980: -394 -530 -379 41
163984: -394 -530 -383 365
163994: -394 -539 -384 447
163998: -394 -548 -379 43
164016: -394 -566 -379 45
164017: -394 -566 -380 126
164018: -394 -566 -381 207
164026: -403 -495 -380 118
164034: -403 -504 -379 38
164043: -403 -513 -379 39
164045: -403 -513 -381 201
164050: -403 -513 -386 606
164052: -403 -522 -379 40
164053: -403 -522 -380 121
164054: -403 -522 -381 202
164056: -403 -522 -383 364
164057: -403 -522 -384 445
164059: -403 -522 -386 607
164061: -403 -531 -379 41
164065: -403 -531 -383 365
164079: -403 -549 -379 43
164104: -403 -567 -386 612
164136: -412 -514 -463 292
164137: -412 -514 -464 373
164138: -412 -514 -465 454
164140: -412 -514 -467 616
164144: -412 -523 -462 212
164150: -412 -523 -468 698
164152: -412 -532 -461 132
164153: -412 -532 -462 213
164154: -412 -532 -463 294
164155: -412 -532 -464 375
164156: -412 -532 -465 456
164158: -412 -532 -467 618
164159: -412 -532 -468 699
164181: -412 -559 -463 297
164207: -421 -506 -462 210
164213: -421 -506 -468 696
164215: -421 -515 -461 130
164226: -421 -524 -463 293
164231: -421 -524 -468 698
164243: -421 -542 -462 214
164244: -421 -542 -463 295
164249: -421 -542 -468 700
164258: -421 -551 -468 701
164286: -430 -507 -460 48
164287: -430 -507 -461 129
164289: -430 -507 -463 291
164290: -430 -507 -464 372
164291: -430 -507 -465 453
164293: -430 -507 -467 615
164294: -430 -507 -468 696
164295: -430 -516 -460 49
164298: -430 -516 -463 292
164306: -430 -525 -462 212
164316: -430 -534 -463 294
164317: -430 -534 -464 375
164320: -430 -534 -467 618
164321: -430 -534 -468 699
164323: -430 -543 -461 133
164324: -430 -543 -462 214
164325: -430 -543 -463 295
164326: -430 -543 -464 376
164327: -430 -543 -465 457
164329: -430 -543 -467 619
164330: -430 -543 -468 700
164334: -430 -552 -463 296
164342: -430 -561 -462 216
164343: -430 -561 -463 297
164345: -430 -561 -465 459
164361: -439 -499 -463 290
164362: -439 -499 -464 371
164363: -439 -499 -465 452
164366: -439 -499 -468 695
164367: -439 -508 -460 48
164369: -439 -508 -462 210
164372: -439 -508 -465 453
164374: -439 -508 -467 615
164375: -439 -508 -468 696
164376: -439 -517 -460 49
164377: -439 -517 -461 130
164378: -439 -517 -462 211
164379: -439 -517 -463 292
164380: -439 -517 -464 373
164381: -439 -517 -465 454
164383: -439 -517 -467 616
164384: -439 -517 -468 697
164385: -439 -526 -460 50
164390: -439 -526 -465 455
164394: -439 -535 -460 51
164397: -439 -535 -463 294
164410: -439 -544 -467 619
164411: -439 -544 -468 700
164421: -439 -562 -460 54
164422: -439 -562 -461 135
164423: -439 -562 -462 216
164424: -439 -562 -463 297
164426: -439 -562 -465 459
164452: -448 -509 -464 372
164457: -448 -518 -460 49
164458: -448 -518 -461 130
164459: -448 -518 -462 211
164461: -448 -518 -464 373
164462: -448 -518 -465 454
164464: -448 -518 -467 616
164465: -448 -518 -468 697
164466: -448 -527 -460 50
164470: -448 -527 -464 374
164509: -448 -563 -467 621
164530: -457 -510 -461 129
164531: -457 -510 -462 210
164532: -457 -510 -463 291
164536: -457 -510 -467 615
164537: -457 -510 -468 696
164541: -457 -519 -463 292
164542: -457 -519 -464 373
164577: -457 -555 -463 296
164598: -466 -493 -466 532
164625: -466 -520 -466 535
164634: -466 -529 -466 536
164643: -466 -538 -466 537
164652: -466 -547 -466 538
164661: -466 -556 -466 539
164694: -475 -512 -463 291
164699: -475 -512 -468 696
164707: -475 -521 -467 616
164708: -475 -521 -468 697
164718: -475 -539 -460 51
164735: -475 -548 -468 700
164777: -484 -513 -465 453
164780: -484 -513 -468 696
164784: -484 -522 -463 292
164785: -484 -522 -464 373
164786: -484 -522 -465 454
164789: -484 -522 -468 697
164794: -484 -531 -464 374
164834: -484 -567 -468 702
164854: -493 -505 -542 138
164864: -493 -514 -543 220
164874: -493 -523 -544 302
164888: -493 -532 -549 708
164914: -493 -559 -548 630
164918: -502 -488 -543 217
164924: -502 -488 -549 703
164946: -502 -515 -544 301
164954: -502 -524 -543 221
164963: -502 -533 -543 222
164981: -502 -551 -543 224
164983: -502 -551 -545 386
164987: -502 -551 -549 710
164990: -502 -560 -543 225
164998: -511 -489 -542 136
165015: -511 -507 -541 57
165024: -511 -516 -541 58
165028: -511 -516 -545 382
165032: -511 -516 -549 706
165045: -511 -534 -544 303
165053: -511 -543 -543 223
165080: -520 -490 -543 217
165085: -520 -490 -548 622
165086: -520 -490 -549 703
165089: -520 -499 -543 218
165091: -520 -499 -545 380
165095: -520 -499 -549 704
165096: -520 -508 -541 57
165098: -520 -508 -543 219
165100: -520 -508 -545 381
165103: -520 -508 -548 624
165104: -520 -508 -549 705
165116: -520 -526 -543 221
165122: -520 -526 -549 707
165131: -520 -535 -549 708
165142: -520 -553 -542 143
165143: -520 -553 -543 224
165145: -520 -553 -545 386
165149: -520 -553 -549 710
165150: -520 -562 -541 63
165151: -520 -562 -542 144
165152: -520 -562 -543 225
165158: -520 -562 -549 711
165161: -529 -491 -543 217
165166: -529 -491 -548 622
165167: -529 -491 -549 703
165170: -529 -500 -543 218
165171: -529 -500 -544 299
165177: -529 -509 -541 57
165186: -529 -518 -541 58
165187: -529 -518 -542 139
165204: -529 -536 -541 60
165206: -529 -536 -543 222
165212: -529 -536 -549 708
165224: -529 -554 -543 224
165230: -529 -554 -549 710
165231: -529 -563 -541 63
165233: -529 -563 -543 225
165253: -538 -501 -545 380
165256: -538 -501 -548 623
165260: -538 -510 -543 219
165266: -538 -510 -549 705
165268: -538 -519 -542 139
165269: -538 -519 -543 220
165271: -538 -519 -545 382
165275: -538 -519 -549 706
165280: -538 -528 -545 383
165284: -538 -528 -549 707
165289: -538 -537 -545 384
165306: -538 -555 -544 305
165307: -538 -555 -545 386
165313: -538 -564 -542 144
165314: -538 -564 -543 225
165319: -538 -564 -548 630
165327: -547 -493 -547 541
165336: -547 -502 -547 542
165345: -547 -511 -547 543
165354: -547 -520 -547 544
165363: -547 -529 -547 545
165375: -547 -547 -541 61
165376: -547 -547 -542 142
165377: -547 -547 -543 223
165378: -547 -547 -544 304
165390: -547 -556 -547 548
165399: -547 -565 -547 549
165404: -556 -494 -543 217
165414: -556 -503 -544 299
165421: -556 -512 -542 138
165423: -556 -512 -544 300
165431: -556 -521 -543 220
165437: -556 -521 -549 706
165440: -556 -530 -543 221
165441: -556 -530 -544 302
165450: -556 -539 -544 303
165484: -565 -495 -542 136
165485: -565 -495 -543 217
165487: -565 -495 -545 379
165490: -565 -495 -548 622
165502: -565 -513 -542 138
165503: -565 -513 -543 219
165504: -565 -513 -544 300
165511: -565 -522 -542 139
165512: -565 -522 -543 220
165514: -565 -522 -545 382
165545: -565 -549 -549 709
165547: -565 -558 -542 143
165550: -565 -558 -545 386
165645: -583 -488 -622 64
165647: -583 -488 -624 226
165650: -583 -488 -627 469
165652: -583 -488 -629 631
165657: -583 -497 -625 308
165659: -583 -497 -627 470
165661: -583 -497 -629 632
165662: -583 -497 -630 713
165663: -583 -506 -622 66
165665: -583 -506 -624 228
165666: -583 -506 -625 309
165668: -583 -506 -627 471
165670: -583 -506 -629 633
165672: -583 -515 -622 67
165681: -583 -524 -622 68
165682: -583 -524 -623 149
165685: -583 -524 -626 392
165689: -583 -524 -630 716
165691: -583 -533 -623 150
165710: -583 -551 -624 233
165712: -583 -551 -626 395
165720: -583 -560 -625 315
165726: -592 -489 -622 64
165727: -592 -489 -623 145
165728: -592 -489 -624 226
165729: -592 -489 -625 307
165730: -592 -489 -626 388
165733: -592 -489 -629 631
165734: -592 -489 -630 712
165754: -592 -516 -623 148
165755: -592 -516 -624 229
165758: -592 -516 -627 472
165763: -592 -525 -623 149
165764: -592 -525 -624 230
165765: -592 -525 -625 311
165781: -592 -543 -623 151
165784: -592 -543 -626 394
165790: -592 -552 -623 152
165807: -601 -490 -622 64
165808: -601 -490 -623 145
165812: -601 -490 -627 469
165814: -601 -490 -629 631
165816: -601 -499 -622 65
165818: -601 -499 -624 227
165821: -601 -499 -627 470
165823: -601 -499 -629 632
165824: -601 -499 -630 713
165825: -601 -508 -622 66
165826: -601 -508 -623 147
165827: -601 -508 -624 228
165828: -601 -508 -625 309
165829: -601 -508 -626 390
165834: -601 -517 -622 67
165835: -601 -517 -623 148
165836: -601 -517 -624 229
165837: -601 -517 -625 310
165838: -601 -517 -626 391
165839: -601 -517 -627 472
165841: -601 -517 -629 634
165842: -601 -517 -630 715
165843: -601 -526 -622 68
165845: -601 -526 -624 230
165850: -601 -526 -629 635
165855: -601 -535 -625 312
165856: -601 -535 -626 393
165860: -601 -535 -630 717
165861: -601 -544 -622 70
165862: -601 -544 -623 151
165863: -601 -544 -624 232
165864: -601 -544 -625 313
165868: -601 -544 -629 637
165873: -601 -553 -625 314
165877: -601 -553 -629 638
165882: -601 -562 -625 315
165886: -601 -562 -629 639
165887: -601 -562 -630 720
165888: -610 -491 -622 64
165889: -610 -491 -623 145
165890: -610 -491 -624 226
165891: -610 -491 -625 307
165895: -610 -491 -629 631
165904: -610 -500 -629 632
165906: -610 -509 -622 66
165915: -610 -518 -622 67
165916: -610 -518 -623 148
165922: -610 -518 -629 634
165923: -610 -518 -630 715
165931: -610 -527 -629 635
165933: -610 -536 -622 69
165940: -610 -536 -629 636
165942: -610 -545 -622 70
165949: -610 -545 -629 637
165952: -610 -554 -623 152
165958: -610 -554 -629 638
165961: -610 -563 -623 153
165963: -610 -563 -625 315
165967: -610 -563 -629 639
165980: -619 -501 -624 227
165981: -619 -501 -625 308
165985: -619 -501 -629 632
165990: -619 -510 -625 309
165994: -619 -510 -629 633
165997: -619 -519 -623 148
166000: -619 -519 -626 391
166003: -619 -519 -629 634
166004: -619 -519 -630 715
166006: -619 -528 -623 149
166008: -619 -528 -625 311
166021: -619 -537 -629 636
166032: -619 -555 -622 71
166033: -619 -555 -623 152
166034: -619 -555 -624 233
166035: -619 -555 -625 314
166036: -619 -555 -626 395
166037: -619 -555 -627 476
166040: -619 -555 -630 719
166048: -619 -564 -629 639
166056: -628 -493 -628 550
166065: -628 -502 -628 551
166074: -628 -511 -628 552
166083: -628 -520 -628 553
166092: -628 -529 -628 554
166101: -628 -538 -628 555
166110: -628 -547 -628 556
166119: -628 -556 -628 557
166128: -628 -565 -628 558
166212: -646 -495 -622 64
166213: -646 -495 -623 145
166214: -646 -495 -624 226
166221: -646 -504 -622 65
166222: -646 -504 -623 146
166224: -646 -504 -625 308
166230: -646 -513 -622 66
166233: -646 -513 -625 309
166238: -646 -513 -630 714
166239: -646 -522 -622 67
166240: -646 -522 -623 148
166242: -646 -522 -625 310
166243: -646 -522 -626 391
166247: -646 -522 -630 715
166248: -646 -531 -622 68
166250: -646 -531 -624 230
166251: -646 -531 -625 311
166252: -646 -531 -626 392
166260: -646 -540 -625 312
166269: -646 -549 -625 313
166270: -646 -549 -626 394
166278: -646 -558 -625 314
166282: -646 -558 -629 638
166302: -655 -496 -703 74
166306: -655 -496 -707 398
166309: -655 -496 -710 641
166311: -655 -505 -703 75
166320: -655 -514 -703 76
166327: -655 -514 -710 643
166332: -655 -523 -706 320
166346: -655 -532 -711 726
166348: -655 -541 -704 160
166352: -655 -541 -708 484
166366: -655 -559 -704 162
166367: -655 -559 -705 243
166369: -655 -559 -707 405
166370: -655 -559 -708 486
166373: -655 -559 -711 729
166374: -664 -488 -703 73
166375: -664 -488 -704 154
166376: -664 -488 -705 235
166377: -664 -488 -706 316
166378: -664 -488 -707 397
166379: -664 -488 -708 478
166380: -664 -488 -709 559
166381: -664 -488 -710 640
166382: -664 -488 -711 721
166392: -664 -506 -703 75
166393: -664 -506 -704 156
166401: -664 -515 -703 76
166402: -664 -515 -704 157
166405: -664 -515 -707 400
166409: -664 -515 -711 724
166410: -664 -524 -703 77
166411: -664 -524 -704 158
166417: -664 -524 -710 644
166418: -664 -524 -711 725
166422: -664 -533 -706 321
166427: -664 -533 -711 726
166428: -664 -542 -703 79
166429: -664 -542 -704 160
166430: -664 -542 -705 241
166432: -664 -542 -707 403
166433: -664 -542 -708 484
166435: -664 -542 -710 646
166436: -664 -542 -711 727
166437: -664 -551 -703 80
166447: -664 -560 -704 162
166449: -664 -560 -706 324
166451: -664 -560 -708 486
166453: -664 -560 -710 648
166455: -673 -489 -703 73
166456: -673 -489 -704 154
166457: -673 -489 -705 235
166458: -673 -489 -706 316
166459: -673 -489 -707 397
166460: -673 -489 -708 478
166462: -673 -489 -710 640
166463: -673 -489 -711 721
166467: -673 -498 -706 317
166468: -673 -498 -707 398
166476: -673 -507 -706 318
166482: -673 -516 -703 76
166483: -673 -516 -704 157
166485: -673 -516 -706 319
166486: -673 -516 -707 400
166491: -673 -525 -703 77
166493: -673 -525 -705 239
166494: -673 -525 -706 320
166505: -673 -534 -708 483
166509: -673 -543 -703 79
166510: -673 -543 -704 160
166511: -673 -543 -705 241
166512: -673 -543 -706 322
166516: -673 -543 -710 646
166517: -673 -543 -711 727
166521: -673 -552 -706 323
166527: -673 -561 -703 81
166529: -673 -561 -705 243
166530: -673 -561 -706 324
166531: -673 -561 -707 405
166532: -673 -561 -708 486
166536: -682 -490 -703 73
166537: -682 -490 -704 154
166538: -682 -490 -705 235
166539: -682 -490 -706 316
166540: -682 -490 -707 397
166541: -682 -490 -708 478
166543: -682 -490 -710 640
166544: -682 -490 -711 721
166546: -682 -499 -704 155
166548: -682 -499 -706 317
166554: -682 -508 -703 75
166556: -682 -508 -705 237
166557: -682 -508 -706 318
166562: -682 -508 -711 723
166563: -682 -517 -703 76
166566: -682 -517 -706 319
166567: -682 -517 -707 400
166572: -682 -526 -703 77
166573: -682 -526 -704 158
166574: -682 -526 -705 239
166575: -682 -526 -706 320
166580: -682 -526 -711 725
166584: -682 -535 -706 321
166593: -682 -544 -706 322
166594: -682 -544 -707 403
166598: -682 -544 -711 727
166599: -682 -553 -703 80
166602: -682 -553 -706 323
166604: -682 -553 -708 485
166607: -682 -553 -711 728
166608: -682 -562 -703 81
166609: -682 -562 -704 162
166610: -682 -562 -705 243
166611: -682 -562 -706 324
166612: -682 -562 -707 405
166613: -682 -562 -708 486
166616: -682 -562 -711 729
166617: -691 -491 -703 73
166625: -691 -491 -711 721
166653: -691 -527 -703 77
166656: -691 -527 -706 320
166657: -691 -527 -707 401
166692: -691 -563 -706 324
166724: -700 -510 -711 723
166732: -700 -519 -710 643
166733: -700 -519 -711 724
166769: -700 -555 -711 728
166774: -700 -564 -707 405
166785: -709 -493 -709 559
166794: -709 -502 -709 560
166812: -709 -520 -709 562
166821: -709 -529 -709 563
166839: -709 -547 -709 565
166857: -709 -565 -709 567
166871: -718 -503 -705 236
166878: -718 -512 -703 75
166880: -718 -512 -705 237
166881: -718 -512 -706 318
166887: -718 -521 -703 76
166890: -718 -521 -706 319
166897: -718 -530 -704 158
166921: -718 -548 -710 646
166941: -727 -495 -703 73
166943: -727 -495 -705 235
166944: -727 -495 -706 316
166946: -727 -495 -708 478
166950: -727 -504 -703 74
166952: -727 -504 -705 236
166953: -727 -504 -706 317
166959: -727 -513 -703 75
166961: -727 -513 -705 237
166962: -727 -513 -706 318
166963: -727 -513 -707 399
166964: -727 -513 -708 480
166968: -727 -522 -703 76
166969: -727 -522 -704 157
166971: -727 -522 -706 319
166972: -727 -522 -707 400
166973: -727 -522 -708 481
167007: -727 -558 -706 323
167516: -62 -574 -72 649
167525: -62 -583 -72 650
167534: -62 -592 -72 651
167543: -62 -601 -72 652
167552: -62 -610 -72 653
167561: -62 -619 -72 654
167570: -62 -628 -72 655
167579: -62 -637 -72 656
167588: -62 -646 -72 657
167832: -98 -569 -145 10
167834: -98 -569 -147 172
167837: -98 -569 -150 415
167838: -98 -569 -151 496
167840: -98 -569 -153 658
167845: -98 -578 -149 335
167859: -98 -596 -145 13
167868: -98 -605 -145 14
167870: -98 -605 -147 176
167872: -98 -605 -149 338
167876: -98 -605 -153 662
167877: -98 -614 -145 15
167883: -98 -614 -151 501
167886: -98 -623 -145 16
167904: -98 -641 -145 18
167909: -98 -641 -150 423
167913: -107 -570 -145 10
167917: -107 -570 -149 334
167922: -107 -579 -145 11
167926: -107 -579 -149 335
167927: -107 -579 -150 416
167928: -107 -579 -151 497
167940: -107 -597 -145 13
167946: -107 -597 -151 499
167949: -107 -606 -145 14
167953: -107 -606 -149 338
167954: -107 -606 -150 419
167958: -107 -615 -145 15
167962: -107 -615 -149 339
167972: -107 -624 -150 421
167976: -107 -633 -145 17
167981: -107 -633 -150 422
167982: -107 -633 -151 503
167984: -107 -633 -153 665
167985: -107 -642 -145 18
167994: -116 -571 -145 10
167995: -116 -571 -146 91
167996: -116 -571 -147 172
167998: -116 -571 -149 334
167999: -116 -571 -150 415
168000: -116 -571 -151 496
168002: -116 -571 -153 658
168003: -116 -580 -145 11
168004: -116 -580 -146 92
168005: -116 -580 -147 173
168007: -116 -580 -149 335
168008: -116 -580 -150 416
168009: -116 -580 -151 497
168011: -116 -580 -153 659
168013: -116 -589 -146 93
168016: -116 -589 -149 336
168017: -116 -589 -150 417
168018: -116 -589 -151 498
168020: -116 -589 -153 660
168021: -116 -598 -145 13
168022: -116 -598 -146 94
168026: -116 -598 -150 418
168027: -116 -598 -151 499
168029: -116 -598 -153 661
168030: -116 -607 -145 14
168031: -116 -607 -146 95
168032: -116 -607 -147 176
168034: -116 -607 -149 338
168035: -116 -607 -150 419
168039: -116 -616 -145 15
168040: -116 -616 -146 96
168041: -116 -616 -147 177
168043: -116 -616 -149 339
168044: -116 -616 -150 420
168045: -116 -616 -151 501
168048: -116 -625 -145 16
168049: -116 -625 -146 97
168052: -116 -625 -149 340
168054: -116 -625 -151 502
168057: -116 -634 -145 17
168058: -116 -634 -146 98
168061: -116 -634 -149 341
168062: -116 -634 -150 422
168063: -116 -634 -151 503
168065: -116 -634 -153 665
168066: -116 -643 -145 18
168067: -116 -643 -146 99
168068: -116 -643 -147 180
168070: -116 -643 -149 342
168071: -116 -643 -150 423
168072: -116 -643 -151 504
168076: -125 -572 -146 91
168077: -125 -572 -147 172
168080: -125 -572 -150 415
168081: -125 -572 -151 496
168083: -125 -572 -153 658
168090: -125 -581 -151 497
168098: -125 -590 -150 417
168099: -125 -590 -151 498
168103: -125 -599 -146 94
168108: -125 -599 -151 499
168113: -125 -608 -147 176
168115: -125 -608 -149 338
168126: -125 -617 -151 501
168135: -125 -626 -151 502
168153: -125 -644 -151 504
168156: -134 -573 -145 10
168157: -134 -573 -146 91
168158: -134 -573 -147 172
168160: -134 -573 -149 334
168161: -134 -573 -150 415
168165: -134 -582 -145 11
168171: -134 -582 -151 497
168183: -134 -600 -145 13
168184: -134 -600 -146 94
168189: -134 -600 -151 499
168192: -134 -609 -145 14
168201: -134 -618 -145 15
168202: -134 -618 -146 96
168205: -134 -618 -149 339
168207: -134 -618 -151 501
168210: -134 -627 -145 16
168214: -134 -627 -149 340
168218: -134 -627 -153 664
168219: -134 -636 -145 17
168224: -134 -636 -150 422
168225: -134 -636 -151 503
168228: -134 -645 -145 18
168229: -134 -645 -146 99
168250: -143 -583 -149 335
168251: -143 -583 -150 416
168259: -143 -592 -149 336
168263: -143 -592 -153 660
168264: -143 -601 -145 13
168265: -143 -601 -146 94
168266: -143 -601 -147 175
168269: -143 -601 -150 418
168272: -143 -601 -153 661
168273: -143 -610 -145 14
168274: -143 -610 -146 95
168275: -143 -610 -147 176
168278: -143 -610 -150 419
168283: -143 -619 -146 96
168286: -143 -619 -149 339
168291: -143 -628 -145 16
168292: -143 -628 -146 97
168293: -143 -628 -147 178
168296: -143 -628 -150 421
168297: -143 -628 -151 502
168299: -143 -628 -153 664
168314: -143 -646 -150 423
168325: -152 -575 -152 577
168334: -152 -584 -152 578
168343: -152 -593 -152 579
168352: -152 -602 -152 580
168361: -152 -611 -152 581
168379: -152 -629 -152 583
168388: -152 -638 -152 584
168397: -152 -647 -152 585
168399: -161 -576 -145 10
168403: -161 -576 -149 334
168408: -161 -585 -145 11
168414: -161 -585 -151 497
168419: -161 -594 -147 174
168421: -161 -594 -149 336
168426: -161 -603 -145 13
168431: -161 -603 -150 418
168432: -161 -603 -151 499
168434: -161 -603 -153 661
168435: -161 -612 -145 14
168439: -161 -612 -149 338
168444: -161 -621 -145 15
168448: -161 -621 -149 339
168449: -161 -621 -150 420
168453: -161 -630 -145 16
168462: -161 -639 -145 17
168466: -161 -639 -149 341
168471: -161 -648 -145 18
168489: -170 -577 -226 20
168490: -170 -577 -227 101
168492: -170 -577 -229 263
168493: -170 -577 -230 344
168494: -170 -577 -231 425
168495: -170 -577 -232 506
168497: -170 -577 -234 668
168508: -170 -595 -227 103
168509: -170 -595 -228 184
168510: -170 -595 -229 265
168511: -170 -595 -230 346
168512: -170 -595 -231 427
168513: -170 -595 -232 508
168515: -170 -595 -234 670
168516: -170 -604 -226 23
168517: -170 -604 -227 104
168519: -170 -604 -229 266
168520: -170 -604 -230 347
168521: -170 -604 -231 428
168525: -170 -613 -226 24
168526: -170 -613 -227 105
168528: -170 -613 -229 267
168529: -170 -613 -230 348
168530: -170 -613 -231 429
168531: -170 -613 -232 510
168533: -170 -613 -234 672
168534: -170 -622 -226 25
168535: -170 -622 -227 106
168536: -170 -622 -228 187
168537: -170 -622 -229 268
168538: -170 -622 -230 349
168539: -170 -622 -231 430
168543: -170 -631 -226 26
168544: -170 -631 -227 107
168546: -170 -631 -229 269
168547: -170 -631 -230 350
168548: -170 -631 -231 431
168551: -170 -631 -234 674
168552: -170 -640 -226 27
168553: -170 -640 -227 108
168555: -170 -640 -229 270
168556: -170 -640 -230 351
168561: -179 -569 -226 19
168562: -179 -569 -227 100
168563: -179 -569 -228 181
168564: -179 -569 -229 262
168565: -179 -569 -230 343
168570: -179 -578 -226 20
168571: -179 -578 -227 101
168572: -179 -578 -228 182
168573: -179 -578 -229 263
168579: -179 -587 -226 21
168580: -179 -587 -227 102
168581: -179 -587 -228 183
168582: -179 -587 -229 264
168583: -179 -587 -230 345
168584: -179 -587 -231 426
168585: -179 -587 -232 507
168589: -179 -596 -227 103
168591: -179 -596 -229 265
168597: -179 -605 -226 23
168598: -179 -605 -227 104
168599: -179 -605 -228 185
168600: -179 -605 -229 266
168601: -179 -605 -230 347
168602: -179 -605 -231 428
168603: -179 -605 -232 509
168606: -179 -614 -226 24
168607: -179 -614 -227 105
168608: -179 -614 -228 186
168609: -179 -614 -229 267
168616: -179 -623 -227 106
168618: -179 -623 -229 268
168624: -179 -632 -226 26
168625: -179 -632 -227 107
168627: -179 -632 -229 269
168634: -179 -641 -227 108
168635: -179 -641 -228 189
168636: -179 -641 -229 270
168638: -179 -641 -231 432
168639: -179 -641 -232 513
168643: -188 -570 -227 100
168645: -188 -570 -229 262
168647: -188 -570 -231 424
168648: -188 -570 -232 505
168650: -188 -570 -234 667
168651: -188 -579 -226 20
168652: -188 -579 -227 101
168654: -188 -579 -229 263
168655: -188 -579 -230 344
168657: -188 -579 -232 506
168670: -188 -597 -227 103
168672: -188 -597 -229 265
168673: -188 -597 -230 346
168675: -188 -597 -232 508
168678: -188 -606 -226 23
168681: -188 -606 -229 266
168687: -188 -615 -226 24
168688: -188 -615 -227 105
168690: -188 -615 -229 267
168691: -188 -615 -230 348
168693: -188 -615 -232 510
168696: -188 -624 -226 25
168697: -188 -624 -227 106
168700: -188 -624 -230 349
168702: -188 -624 -232 511
168714: -188 -642 -226 27
168715: -188 -642 -227 108
168717: -188 -642 -229 270
168718: -188 -642 -230 351
168723: -197 -571 -226 19
168724: -197 -571 -227 100
168725: -197 -571 -228 181
168726: -197 -571 -229 262
168727: -197 -571 -230 343
168729: -197 -571 -232 505
168733: -197 -580 -227 101
168734: -197 -580 -228 182
168741: -197 -589 -226 21
168743: -197 -589 -228 183
168751: -197 -598 -227 103
168752: -197 -598 -228 184
168754: -197 -598 -230 346
168755: -197 -598 -231 427
168756: -197 -598 -232 508
168759: -197 -607 -226 23
168760: -197 -607 -227 104
168761: -197 -607 -228 185
168768: -197 -616 -226 24
168770: -197 -616 -228 186
168772: -197 -616 -230 348
168778: -197 -625 -227 106
168779: -197 -625 -228 187
168781: -197 -625 -230 349
168786: -197 -634 -226 26
168787: -197 -634 -227 107
168788: -197 -634 -228 188
168797: -197 -643 -228 189
168804: -206 -572 -226 19
168805: -206 -572 -227 100
168808: -206 -572 -230 343
168814: -206 -581 -227 101
168823: -206 -590 -227 102
168835: -206 -599 -230 346
168840: -206 -608 -226 23
168841: -206 -608 -227 104
168842: -206 -608 -228 185
168849: -206 -617 -226 24
168850: -206 -617 -227 105
168852: -206 -617 -229 267
168853: -206 -617 -230 348
168859: -206 -626 -227 106
168861: -206 -626 -229 268
168867: -206 -635 -226 26
168868: -206 -635 -227 107
168871: -206 -635 -230 350
168877: -206 -644 -227 108
168885: -215 -573 -226 19
168886: -215 -573 -227 100
168887: -215 -573 -228 181
168888: -215 -573 -229 262
168890: -215 -573 -231 424
168894: -215 -582 -226 20
168895: -215 -582 -227 101
168903: -215 -591 -226 21
168905: -215 -591 -228 183
168913: -215 -600 -227 103
168914: -215 -600 -228 184
168915: -215 -600 -229 265
168916: -215 -600 -230 346
168917: -215 -600 -231 427
168918: -215 -600 -232 508
168921: -215 -609 -226 23
168922: -215 -609 -227 104
168924: -215 -609 -229 266
168930: -215 -618 -226 24
168931: -215 -618 -227 105
168939: -215 -627 -226 25
168940: -215 -627 -227 106
168948: -215 -636 -226 26
168949: -215 -636 -227 107
168951: -215 -636 -229 269
168953: -215 -636 -231 431
168962: -215 -645 -231 432
168976: -224 -583 -227 101
168978: -224 -583 -229 263
168988: -224 -592 -230 345
168992: -224 -592 -234 669
168994: -224 -601 -227 103
168997: -224 -601 -230 346
169001: -224 -601 -234 670
169003: -224 -610 -227 104
169012: -224 -619 -227 105
169021: -224 -628 -227 106
169022: -224 -628 -228 187
169039: -224 -646 -227 108
169040: -224 -646 -228 189
169054: -233 -575 -233 586
169063: -233 -584 -233 587
169072: -233 -593 -233 588
169081: -233 -602 -233 589
169090: -233 -611 -233 590
169108: -233 -629 -233 592
169117: -233 -638 -233 593
169126: -233 -647 -233 594
169128: -242 -576 -226 19
169129: -242 -576 -227 100
169131: -242 -576 -229 262
169137: -242 -585 -226 20
169138: -242 -585 -227 101
169139: -242 -585 -228 182
169146: -242 -594 -226 21
169148: -242 -594 -228 183
169150: -242 -594 -230 345
169156: -242 -603 -227 103
169158: -242 -603 -229 265
169159: -242 -603 -230 346
169160: -242 -603 -231 427
169161: -242 -603 -232 508
169162: -242 -603 -233 589
169164: -242 -612 -226 23
169165: -242 -612 -227 104
169166: -242 -612 -228 185
169167: -242 -612 -229 266
169168: -242 -612 -230 347
169173: -242 -621 -226 24
169174: -242 -621 -227 105
169175: -242 -621 -228 186
169183: -242 -630 -227 106
169191: -242 -639 -226 26
169193: -242 -639 -228 188
169200: -242 -648 -226 27
169202: -242 -648 -228 189
169204: -242 -648 -230 351
169218: -251 -577 -307 29
169219: -251 -577 -308 110
169220: -251 -577 -309 191
169221: -251 -577 -310 272
169222: -251 -577 -311 353
169223: -251 -577 -312 434
169224: -251 -577 -313 515
169225: -251 -577 -314 596
169226: -251 -577 -315 677
169228: -251 -586 -308 111
169229: -251 -586 -309 192
169230: -251 -586 -310 273
169231: -251 -586 -311 354
169232: -251 -586 -312 435
169233: -251 -586 -313 516
169235: -251 -586 -315 678
169246: -251 -604 -308 113
169247: -251 -604 -309 194
169248: -251 -604 -310 275
169249: -251 -604 -311 356
169250: -251 -604 -312 437
169251: -251 -604 -313 518
169253: -251 -604 -315 680
169254: -251 -613 -307 33
169255: -251 -613 -308 114
169256: -251 -613 -309 195
169257: -251 -613 -310 276
169258: -251 -613 -311 357
169259: -251 -613 -312 438
169260: -251 -613 -313 519
169262: -251 -613 -315 681
169264: -251 -622 -308 115
169265: -251 -622 -309 196
169266: -251 -622 -310 277
169267: -251 -622 -311 358
169268: -251 -622 -312 439
169269: -251 -622 -313 520
169271: -251 -622 -315 682
169273: -251 -631 -308 116
169274: -251 -631 -309 197
169275: -251 -631 -310 278
169276: -251 -631 -311 359
169277: -251 -631 -312 440
169278: -251 -631 -313 521
169280: -251 -631 -315 683
169282: -251 -640 -308 117
169283: -251 -640 -309 198
169285: -251 -640 -311 360
169286: -251 -640 -312 441
169287: -251 -640 -313 522
169289: -251 -640 -315 684
169290: -260 -569 -307 28
169291: -260 -569 -308 109
169292: -260 -569 -309 190
169293: -260 -569 -310 271
169294: -260 -569 -311 352
169295: -260 -569 -312 433
169296: -260 -569 -313 514
169298: -260 -569 -315 676
169299: -260 -578 -307 29
169300: -260 -578 -308 110
169301: -260 -578 -309 191
169302: -260 -578 -310 272
169303: -260 -578 -311 353
169307: -260 -578 -315 677
169308: -260 -587 -307 30
169309: -260 -587 -308 111
169310: -260 -587 -309 192
169311: -260 -587 -310 273
169312: -260 -587 -311 354
169313: -260 -587 -312 435
169314: -260 -587 -313 516
169316: -260 -587 -315 678
169317: -260 -596 -307 31
169318: -260 -596 -308 112
169319: -260 -596 -309 193
169320: -260 -596 -310 274
169321: -260 -596 -311 355
169322: -260 -596 -312 436
169323: -260 -596 -313 517
169325: -260 -596 -315 679
169327: -260 -605 -308 113
169328: -260 -605 -309 194
169329: -260 -605 -310 275
169330: -260 -605 -311 356
169331: -260 -605 -312 437
169332: -260 -605 -313 518
169334: -260 -605 -315 680
169335: -260 -614 -307 33
169336: -260 -614 -308 114
169337: -260 -614 -309 195
169338: -260 -614 -310 276
169339: -260 -614 -311 357
169343: -260 -614 -315 681
169344: -260 -623 -307 34
169345: -260 -623 -308 115
169346: -260 -623 -309 196
169347: -260 -623 -310 277
169348: -260 -623 -311 358
169349: -260 -623 -312 439
169350: -260 -623 -313 520
169352: -260 -623 -315 682
169353: -260 -632 -307 35
169354: -260 -632 -308 116
169355: -260 -632 -309 197
169356: -260 -632 -310 278
169357: -260 -632 -311 359
169358: -260 -632 -312 440
169359: -260 -632 -313 521
169361: -260 -632 -315 683
169362: -260 -641 -307 36
169363: -260 -641 -308 117
169364: -260 -641 -309 198
169365: -260 -641 -310 279
169366: -260 -641 -311 360
169367: -260 -641 -312 441
169368: -260 -641 -313 522
169370: -260 -641 -315 684
169371: -269 -570 -307 28
169372: -269 -570 -308 109
169373: -269 -570 -309 190
169374: -269 -570 -310 271
169375: -269 -570 -311 352
169376: -269 -570 -312 433
169377: -269 -570 -313 514
169379: -269 -570 -315 676
169380: -269 -579 -307 29
169381: -269 -579 -308 110
169382: -269 -579 -309 191
169383: -269 -579 -310 272
169384: -269 -579 -311 353
169389: -269 -588 -307 30
169390: -269 -588 -308 111
169391: -269 -588 -309 192
169392: -269 -588 -310 273
169393: -269 -588 -311 354
169394: -269 -588 -312 435
169395: -269 -588 -313 516
169398: -269 -597 -307 31
169399: -269 -597 -308 112
169400: -269 -597 -309 193
169401: -269 -597 -310 274
169402: -269 -597 -311 355
169403: -269 -597 -312 436
169404: -269 -597 -313 517
169406: -269 -597 -315 679
169411: -269 -606 -311 356
169416: -269 -615 -307 33
169417: -269 -615 -308 114
169421: -269 -615 -312 438
169425: -269 -624 -307 34
169427: -269 -624 -309 196
169428: -269 -624 -310 277
169429: -269 -624 -311 358
169430: -269 -624 -312 439
169434: -269 -633 -307 35
169435: -269 -633 -308 116
169436: -269 -633 -309 197
169437: -269 -633 -310 278
169438: -269 -633 -311 359
169439: -269 -633 -312 440
169442: -269 -633 -315 683
169444: -269 -642 -308 117
169446: -269 -642 -310 279
169447: -269 -642 -311 360
169448: -269 -642 -312 441
169452: -278 -571 -307 28
169453: -278 -571 -308 109
169454: -278 -571 -309 190
169456: -278 -571 -311 352
169457: -278 -571 -312 433
169458: -278 -571 -313 514
169460: -278 -571 -315 676
169461: -278 -580 -307 29
169462: -278 -580 -308 110
169463: -278 -580 -309 191
169465: -278 -580 -311 353
169466: -278 -580 -312 434
169467: -278 -580 -313 515
169469: -278 -580 -315 677
169470: -278 -589 -307 30
169471: -278 -589 -308 111
169472: -278 -589 -309 192
169474: -278 -589 -311 354
169475: -278 -589 -312 435
169476: -278 -589 -313 516
169478: -278 -589 -315 678
169489: -278 -607 -308 113
169490: -278 -607 -309 194
169492: -278 -607 -311 356
169493: -278 -607 -312 437
169496: -278 -607 -315 680
169497: -278 -616 -307 33
169498: -278 -616 -308 114
169499: -278 -616 -309 195
169501: -278 -616 -311 357
169502: -278 -616 -312 438
169503: -278 -616 -313 519
169505: -278 -616 -315 681
169506: -278 -625 -307 34
169507: -278 -625 -308 115
169508: -278 -625 -309 196
169510: -278 -625 -311 358
169511: -278 -625 -312 439
169512: -278 -625 -313 520
169514: -278 -625 -315 682
169524: -278 -643 -307 36
169525: -278 -643 -308 117
169526: -278 -643 -309 198
169528: -278 -643 -311 360
169529: -278 -643 -312 441
169533: -287 -572 -307 28
169534: -287 -572 -308 109
169535: -287 -572 -309 190
169536: -287 -572 -310 271
169537: -287 -572 -311 352
169538: -287 -572 -312 433
169541: -287 -572 -315 676
169543: -287 -581 -308 110
169544: -287 -581 -309 191
169546: -287 -581 -311 353
169551: -287 -590 -307 30
169552: -287 -590 -308 111
169557: -287 -590 -313 516
169560: -287 -599 -307 31
169561: -287 -599 -308 112
169562: -287 -599 -309 193
169563: -287 -599 -310 274
169564: -287 -599 -311 355
169566: -287 -599 -313 517
169568: -287 -599 -315 679
169570: -287 -608 -308 113
169572: -287 -608 -310 275
169578: -287 -617 -307 33
169579: -287 -617 -308 114
169580: -287 -617 -309 195
169582: -287 -617 -311 357
169584: -287 -617 -313 519
169586: -287 -617 -315 681
169587: -287 -626 -307 34
169588: -287 -626 -308 115
169589: -287 -626 -309 196
169591: -287 -626 -311 358
169596: -287 -635 -307 35
169597: -287 -635 -308 116
169598: -287 -635 -309 197
169600: -287 -635 -311 359
169605: -287 -644 -307 36
169606: -287 -644 -308 117
169607: -287 -644 -309 198
169608: -287 -644 -310 279
169609: -287 -644 -311 360
169611: -287 -644 -313 522
169614: -296 -573 -307 28
169615: -296 -573 -308 109
169616: -296 -573 -309 190
169617: -296 -573 -310 271
169618: -296 -573 -311 352
169623: -296 -582 -307 29
169624: -296 -582 -308 110
169626: -296 -582 -310 272
169627: -296 -582 -311 353
169632: -296 -591 -307 30
169634: -296 -591 -309 192
169635: -296 -591 -310 273
169636: -296 -591 -311 354
169637: -296 -591 -312 435
169640: -296 -591 -315 678
169641: -296 -600 -307 31
169642: -296 -600 -308 112
169644: -296 -600 -310 274
169645: -296 -600 -311 355
169652: -296 -609 -309 194
169653: -296 -609 -310 275
169659: -296 -618 -307 33
169661: -296 -618 -309 195
169662: -296 -618 -310 276
169677: -296 -636 -307 35
169678: -296 -636 -308 116
169679: -296 -636 -309 197
169680: -296 -636 -310 278
169681: -296 -636 -311 359
169682: -296 -636 -312 440
169686: -296 -645 -307 36
169687: -296 -645 -308 117
169688: -296 -645 -309 198
169689: -296 -645 -310 279
169704: -305 -583 -307 29
169706: -305 -583 -309 191
169707: -305 -583 -310 272
169708: -305 -583 -311 353
169709: -305 -583 -312 434
169712: -305 -583 -315 677
169713: -305 -592 -307 30
169716: -305 -592 -310 273
169719: -305 -592 -313 516
169721: -305 -592 -315 678
169722: -305 -601 -307 31
169723: -305 -601 -308 112
169724: -305 -601 -309 193
169725: -305 -601 -310 274
169726: -305 -601 -311 355
169727: -305 -601 -312 436
169730: -305 -601 -315 679
169735: -305 -610 -311 356
169736: -305 -610 -312 437
169739: -305 -610 -315 680
169740: -305 -619 -307 33
169743: -305 -619 -310 276
169744: -305 -619 -311 357
169745: -305 -619 -312 438
169749: -305 -628 -307 34
169750: -305 -628 -308 115
169751: -305 -628 -309 196
169752: -305 -628 -310 277
169753: -305 -628 -311 358
169754: -305 -628 -312 439
169755: -305 -628 -313 520
169757: -305 -628 -315 682
169767: -305 -646 -307 36
169769: -305 -646 -309 198
169771: -305 -646 -311 360
169772: -305 -646 -312 441
169777: -314 -575 -308 109
169783: -314 -575 -314 595
169792: -314 -584 -314 596
169801: -314 -593 -314 597
169810: -314 -602 -314 598
169819: -314 -611 -314 599
169828: -314 -620 -314 600
169837: -314 -629 -314 601
169846: -314 -638 -314 602
169855: -314 -647 -314 603
169857: -323 -576 -307 28
169858: -323 -576 -308 109
169859: -323 -576 -309 190
169860: -323 -576 -310 271
169861: -323 -576 -311 352
169863: -323 -576 -313 514
169866: -323 -585 -307 29
169869: -323 -585 -310 272
169870: -323 -585 -311 353
169875: -323 -594 -307 30
169876: -323 -594 -308 111
169877: -323 -594 -309 192
169878: -323 -594 -310 273
169879: -323 -594 -311 354
169880: -323 -594 -312 435
169883: -323 -594 -315 678
169884: -323 -603 -307 31
169886: -323 -603 -309 193
169887: -323 -603 -310 274
169895: -323 -612 -309 194
169896: -323 -612 -310 275
169897: -323 -612 -311 356
169898: -323 -612 -312 437
169906: -323 -621 -311 357
169911: -323 -630 -307 34
169913: -323 -630 -309 196
169915: -323 -630 -311 358
169920: -323 -639 -307 35
169924: -323 -639 -311 359
169960: -332 -586 -392 363
169961: -332 -586 -393 444
169962: -332 -586 -394 525
169966: -332 -595 -389 121
169967: -332 -595 -390 202
169969: -332 -595 -392 364
169970: -332 -595 -393 445
169971: -332 -595 -394 526
169973: -332 -595 -396 688
169984: -332 -613 -389 123
169985: -332 -613 -390 204
169989: -332 -613 -394 528
169991: -332 -613 -396 690
169994: -332 -622 -390 205
169997: -332 -622 -393 448
170007: -332 -631 -394 530
170012: -332 -640 -390 207
170102: -350 -570 -390 199
170104: -350 -570 -392 361
170108: -350 -570 -396 685
170109: -350 -579 -388 38
170111: -350 -579 -390 200
170120: -350 -588 -390 201
170127: -350 -597 -388 40
170128: -350 -597 -389 121
170129: -350 -597 -390 202
170133: -350 -597 -394 526
170135: -350 -597 -396 688
170136: -350 -606 -388 41
170137: -350 -606 -389 122
170141: -350 -606 -393 446
170142: -350 -606 -394 527
170145: -350 -615 -388 42
170154: -350 -624 -388 43
170164: -350 -633 -389 125
170168: -350 -633 -393 449
170182: -359 -571 -389 118
170183: -359 -571 -390 199
170185: -359 -571 -392 361
170186: -359 -571 -393 442
170187: -359 -571 -394 523
170189: -359 -571 -396 685
170192: -359 -580 -390 200
170194: -359 -580 -392 362
170195: -359 -580 -393 443
170196: -359 -580 -394 524
170198: -359 -580 -396 686
170199: -359 -589 -388 39
170201: -359 -589 -390 201
170203: -359 -589 -392 363
170204: -359 -589 -393 444
170205: -359 -589 -394 525
170207: -359 -589 -396 687
170208: -359 -598 -388 40
170209: -359 -598 -389 121
170210: -359 -598 -390 202
170212: -359 -598 -392 364
170213: -359 -598 -393 445
170214: -359 -598 -394 526
170216: -359 -598 -396 688
170217: -359 -607 -388 41
170218: -359 -607 -389 122
170219: -359 -607 -390 203
170223: -359 -607 -394 527
170225: -359 -607 -396 689
170228: -359 -616 -390 204
170237: -359 -625 -390 205
170239: -359 -625 -392 367
170244: -359 -634 -388 44
170245: -359 -634 -389 125
170246: -359 -634 -390 206
170253: -359 -643 -388 45
170255: -359 -643 -390 207
170263: -368 -572 -389 118
170264: -368 -572 -390 199
170267: -368 -572 -393 442
170268: -368 -572 -394 523
170270: -368 -572 -396 685
170273: -368 -581 -390 200
170276: -368 -581 -393 443
170290: -368 -599 -389 121
170294: -368 -599 -393 445
170295: -368 -599 -394 526
170312: -368 -617 -393 447
170348: -377 -573 -393 442
170352: -377 -582 -388 38
170354: -377 -582 -390 200
170361: -377 -591 -388 39
170363: -377 -591 -390 201
170370: -377 -600 -388 40
170371: -377 -600 -389 121
170372: -377 -600 -390 202
170374: -377 -600 -392 364
170397: -377 -627 -388 43
170398: -377 -627 -389 124
170415: -377 -645 -388 45
170437: -386 -583 -392 362
170438: -386 -583 -393 443
170446: -386 -592 -392 363
170455: -386 -601 -392 364
170464: -386 -610 -392 365
170477: -386 -619 -396 690
170479: -386 -628 -389 124
170480: -386 -628 -390 205
170482: -386 -628 -392 367
170483: -386 -628 -393 448
170484: -386 -628 -394 529
170486: -386 -628 -396 691
170512: -395 -575 -395 604
170521: -395 -584 -395 605
170530: -395 -593 -395 606
170539: -395 -602 -395 607
170548: -395 -611 -395 608
170557: -395 -620 -395 609
170566: -395 -629 -395 610
170575: -395 -638 -395 611
170584: -395 -647 -395 612
170594: -404 -576 -396 685
170604: -404 -594 -388 39
170606: -404 -594 -390 201
170608: -404 -594 -392 363
170609: -404 -594 -393 444
170613: -404 -603 -388 40
170614: -404 -603 -389 121
170617: -404 -603 -392 364
170630: -404 -612 -396 689
170631: -404 -621 -388 42
170678: -413 -577 -471 209
170685: -413 -586 -469 48
170686: -413 -586 -470 129
170687: -413 -586 -471 210
170695: -413 -595 -470 130
170706: -413 -604 -472 293
170714: -413 -613 -471 213
170716: -413 -613 -473 375
170717: -413 -613 -474 456
170718: -413 -613 -475 537
170720: -413 -613 -477 699
170726: -413 -622 -474 457
170732: -413 -631 -471 215
170748: -422 -569 -469 46
170749: -422 -569 -470 127
170754: -422 -569 -475 532
170758: -422 -578 -470 128
170769: -422 -587 -472 291
170775: -422 -596 -469 49
170776: -422 -596 -470 130
170777: -422 -596 -471 211
170784: -422 -605 -469 50
170785: -422 -605 -470 131
170786: -422 -605 -471 212
170787: -422 -605 -472 293
170789: -422 -605 -474 455
170794: -422 -614 -470 132
170811: -422 -632 -469 53
170812: -422 -632 -470 134
170829: -431 -570 -469 46
170831: -431 -570 -471 208
170832: -431 -570 -472 289
170833: -431 -570 -473 370
170834: -431 -570 -474 451
170835: -431 -570 -475 532
170837: -431 -570 -477 694
170841: -431 -579 -472 290
170848: -431 -588 -470 129
170849: -431 -588 -471 210
170850: -431 -588 -472 291
170856: -431 -597 -469 49
170859: -431 -597 -472 292
170865: -431 -606 -469 50
170866: -431 -606 -470 131
170874: -431 -615 -469 51
170876: -431 -615 -471 213
170877: -431 -615 -472 294
170884: -431 -624 -470 133
170886: -431 -624 -472 295
170893: -431 -633 -470 134
170895: -431 -633 -472 296
170904: -431 -642 -472 297
170910: -440 -571 -469 46
170911: -440 -571 -470 127
170912: -440 -571 -471 208
170913: -440 -571 -472 289
170914: -440 -571 -473 370
170915: -440 -571 -474 451
170916: -440 -571 -475 532
170918: -440 -571 -477 694
170919: -440 -580 -469 47
170920: -440 -580 -470 128
170922: -440 -580 -472 290
170923: -440 -580 -473 371
170924: -440 -580 -474 452
170928: -440 -589 -469 48
170929: -440 -589 -470 129
170930: -440 -589 -471 210
170931: -440 -589 -472 291
170933: -440 -589 -474 453
170937: -440 -598 -469 49
170938: -440 -598 -470 130
170939: -440 -598 -471 211
170940: -440 -598 -472 292
170941: -440 -598 -473 373
170942: -440 -598 -474 454
170943: -440 -598 -475 535
170946: -440 -607 -469 50
170948: -440 -607 -471 212
170952: -440 -607 -475 536
170955: -440 -616 -469 51
170958: -440 -616 -472 294
170960: -440 -616 -474 456
170961: -440 -616 -475 537
170965: -440 -625 -470 133
170968: -440 -625 -473 376
170973: -440 -634 -469 53
170974: -440 -634 -470 134
170975: -440 -634 -471 215
170976: -440 -634 -472 296
170977: -440 -634 -473 377
170978: -440 -634 -474 458
170979: -440 -634 -475 539
170981: -440 -634 -477 701
170985: -440 -643 -472 297
170986: -440 -643 -473 378
170991: -449 -572 -469 46
171018: -449 -599 -469 49
171019: -449 -599 -470 130
171020: -449 -599 -471 211
171021: -449 -599 -472 292
171022: -449 -599 -473 373
171023: -449 -599 -474 454
171024: -449 -599 -475 535
171026: -449 -599 -477 697
171027: -449 -608 -469 50
171057: -449 -635 -472 296
171063: -449 -644 -469 54
171072: -458 -573 -469 46
171073: -458 -573 -470 127
171074: -458 -573 -471 208
171075: -458 -573 -472 289
171078: -458 -573 -475 532
171083: -458 -582 -471 209
171090: -458 -591 -469 48
171099: -458 -600 -469 49
171100: -458 -600 -470 130
171101: -458 -600 -471 211
171103: -458 -600 -473 373
171111: -458 -609 -472 293
171162: -467 -583 -469 47
171166: -467 -583 -473 371
171167: -467 -583 -474 452
171188: -467 -601 -477 697
171194: -467 -610 -474 455
171206: -467 -619 -477 699
171230: -467 -646 -474 459
171241: -476 -575 -476 613
171250: -476 -584 -476 614
171268: -476 -602 -476 616
171277: -476 -611 -476 617
171286: -476 -620 -476 618
171295: -476 -629 -476 619
171304: -476 -638 -476 620
171315: -485 -576 -469 46
171317: -485 -576 -471 208
171321: -485 -576 -475 532
171333: -485 -594 -469 48
171336: -485 -594 -472 291
171338: -485 -594 -474 453
171341: -485 -594 -477 696
171346: -485 -603 -473 373
171361: -485 -621 -470 132
171386: -485 -639 -477 701
171407: -494 -577 -552 218
171416: -494 -586 -552 219
171417: -494 -586 -553 300
171418: -494 -586 -554 381
171419: -494 -586 -555 462
171420: -494 -586 -556 543
171425: -494 -595 -552 220
171426: -494 -595 -553 301
171427: -494 -595 -554 382
171429: -494 -595 -556 544
171431: -494 -595 -558 706
171446: -494 -613 -555 465
171447: -494 -613 -556 546
171451: -494 -622 -551 142
171452: -494 -622 -552 223
171453: -494 -622 -553 304
171454: -494 -622 -554 385
171455: -494 -622 -555 466
171461: -494 -631 -552 224
171464: -494 -631 -555 467
171465: -494 -631 -556 548
171470: -494 -640 -552 225
171472: -494 -640 -554 387
171474: -494 -640 -556 549
171497: -503 -587 -552 219
171504: -503 -596 -550 58
171505: -503 -596 -551 139
171514: -503 -605 -551 140
171517: -503 -605 -554 383
171518: -503 -605 -555 464
171536: -503 -623 -555 466
171545: -503 -632 -555 467
171572: -512 -579 -555 461
171579: -512 -588 -553 300
171581: -512 -588 -555 462
171582: -512 -588 -556 543
171585: -512 -597 -550 58
171588: -512 -597 -553 301
171594: -512 -606 -550 59
171606: -512 -615 -553 303
171607: -512 -615 -554 384
171609: -512 -615 -556 546
171612: -512 -624 -550 61
171614: -512 -624 -552 223
171615: -512 -624 -553 304
171617: -512 -624 -555 466
171622: -512 -633 -551 143
171624: -512 -633 -553 305
171627: -512 -633 -556 548
171630: -512 -642 -550 63
171651: -521 -580 -553 299
171652: -521 -580 -554 380
171657: -521 -589 -550 57
171658: -521 -589 -551 138
171659: -521 -589 -552 219
171660: -521 -589 -553 300
171663: -521 -589 -556 543
171666: -521 -598 -550 58
171667: -521 -598 -551 139
171668: -521 -598 -552 220
171669: -521 -598 -553 301
171670: -521 -598 -554 382
171671: -521 -598 -555 463
171672: -521 -598 -556 544
171674: -521 -598 -558 706
171675: -521 -607 -550 59
171679: -521 -607 -554 383
171680: -521 -607 -555 464
171688: -521 -616 -554 384
171689: -521 -616 -555 465
171690: -521 -616 -556 546
171692: -521 -616 -558 708
171693: -521 -625 -550 61
171696: -521 -625 -553 304
171698: -521 -625 -555 466
171711: -521 -643 -550 63
171712: -521 -643 -551 144
171713: -521 -643 -552 225
171714: -521 -643 -553 306
171715: -521 -643 -554 387
171716: -521 -643 -555 468
171717: -521 -643 -556 549
171719: -521 -643 -558 711
171747: -530 -599 -550 58
171748: -530 -599 -551 139
171749: -530 -599 -552 220
171751: -530 -599 -554 382
171753: -530 -599 -556 544
171757: -530 -608 -551 140
171760: -530 -608 -554 383
171778: -530 -626 -554 385
171779: -530 -626 -555 466
171811: -539 -582 -551 137
171813: -539 -582 -553 299
171814: -539 -582 -554 380
171815: -539 -582 -555 461
171816: -539 -582 -556 542
171834: -539 -600 -556 544
171839: -539 -609 -552 221
171851: -539 -618 -555 465
171854: -539 -618 -558 708
171869: -539 -636 -555 467
171881: -539 -645 -558 711
171893: -548 -583 -552 218
171919: -548 -610 -551 140
171926: -548 -610 -558 707
171957: -548 -646 -553 306
171979: -557 -584 -557 623
171997: -557 -602 -557 625
172006: -557 -611 -557 626
172015: -557 -620 -557 627
172033: -557 -638 -557 629
172074: -566 -603 -553 301
172075: -566 -603 -554 382
172079: -566 -603 -558 706
172112: -566 -639 -555 467
172144: -575 -586 -632 147
172145: -575 -586 -633 228
172154: -575 -595 -633 229
172155: -575 -595 -634 310
172164: -575 -604 -634 311
172178: -575 -613 -639 717
172184: -575 -622 -636 475
172188: -575 -631 -631 71
172208: -584 -569 -633 226
172226: -584 -587 -633 228
172228: -584 -587 -635 390
172233: -584 -596 -631 67
172244: -584 -605 -633 230
172247: -584 -605 -636 473
172250: -584 -605 -639 716
172253: -584 -614 -633 231
172262: -584 -623 -633 232
172264: -584 -623 -635 394
172268: -584 -623 -639 718
172282: -584 -641 -635 396
172300: -593 -579 -635 389
172314: -593 -597 -631 67
172318: -593 -597 -635 391
172332: -593 -615 -631 69
172335: -593 -615 -634 312
172362: -593 -642 -634 315
172370: -602 -571 -633 226
172376: -602 -571 -639 712
172378: -602 -580 -632 146
172379: -602 -580 -633 227
172381: -602 -580 -635 389
172382: -602 -580 -636 470
172390: -602 -589 -635 390
172391: -602 -589 -636 471
172406: -602 -607 -633 230
172409: -602 -607 -636 473
172417: -602 -616 -635 393
172427: -602 -625 -636 475
172442: -602 -643 -633 234
172444: -602 -643 -635 396
172445: -602 -643 -636 477
172448: -602 -643 -639 720
172450: -611 -572 -632 145
172451: -611 -572 -633 226
172452: -611 -572 -634 307
172454: -611 -572 -636 469
172457: -611 -572 -639 712
172458: -611 -581 -631 65
172460: -611 -581 -633 227
172469: -611 -590 -633 228
172472: -611 -590 -636 471
172476: -611 -599 -631 67
172477: -611 -599 -632 148
172494: -611 -617 -631 69
172499: -611 -617 -636 474
172505: -611 -626 -633 232
172508: -611 -626 -636 475
172523: -611 -644 -633 234
172526: -611 -644 -636 477
172532: -620 -573 -633 226
172533: -620 -573 -634 307
172534: -620 -573 -635 388
172547: -620 -582 -639 713
172549: -620 -591 -632 147
172551: -620 -591 -634 309
172568: -620 -609 -633 230
172569: -620 -609 -634 311
172603: -620 -645 -632 153
172606: -620 -645 -635 396
172623: -629 -583 -634 308
172627: -629 -583 -638 632
172631: -629 -592 -633 228
172640: -629 -601 -633 229
172650: -629 -610 -634 311
172655: -629 -610 -639 716
172657: -629 -619 -632 150
172664: -629 -619 -639 717
172686: -629 -646 -634 315
172691: -629 -646 -639 720
172699: -638 -575 -638 631
172708: -638 -584 -638 632
172717: -638 -593 -638 633
172744: -638 -620 -638 636
172758: -638 -638 -634 314
172763: -638 -638 -639 719
172771: -638 -647 -638 639
172775: -647 -576 -633 226
172784: -647 -585 -633 227
172785: -647 -585 -634 308
172792: -647 -594 -632 147
172794: -647 -594 -634 309
172795: -647 -594 -635 390
172796: -647 -594 -636 471
172802: -647 -603 -633 229
172811: -647 -612 -633 230
172819: -647 -621 -632 150
172820: -647 -621 -633 231
172829: -647 -630 -633 232
172844: -647 -639 -639 719
172935: -665 -569 -712 73
172937: -665 -569 -714 235
172941: -665 -569 -718 559
172953: -665 -587 -712 75
172956: -665 -587 -715 318
172964: -665 -596 -714 238
172965: -665 -596 -715 319
172966: -665 -596 -716 400
172970: -665 -596 -720 724
172971: -665 -605 -712 77
172972: -665 -605 -713 158
172973: -665 -605 -714 239
172974: -665 -605 -715 320
172997: -665 -623 -720 727
172998: -665 -632 -712 80
173006: -665 -632 -720 728
173007: -665 -641 -712 81
173016: -674 -570 -712 73
173017: -674 -570 -713 154
173018: -674 -570 -714 235
173019: -674 -570 -715 316
173021: -674 -570 -717 478
173024: -674 -570 -720 721
173026: -674 -579 -713 155
173027: -674 -579 -714 236
173029: -674 -579 -716 398
173033: -674 -579 -720 722
173046: -674 -597 -715 319
173047: -674 -597 -716 400
173053: -674 -606 -713 158
173074: -674 -624 -716 403
173079: -674 -633 -712 80
173087: -674 -633 -720 728
173097: -683 -571 -712 73
173098: -683 -571 -713 154
173099: -683 -571 -714 235
173102: -683 -571 -717 478
173103: -683 -571 -718 559
173105: -683 -571 -720 721
173108: -683 -580 -714 236
173112: -683 -580 -718 560
173117: -683 -589 -714 237
173118: -683 -589 -715 318
173123: -683 -589 -720 723
173124: -683 -598 -712 76
173125: -683 -598 -713 157
173126: -683 -598 -714 238
173127: -683 -598 -715 319
173128: -683 -598 -716 400
173129: -683 -598 -717 481
173130: -683 -598 -718 562
173132: -683 -598 -720 724
173135: -683 -607 -714 239
173145: -683 -616 -715 321
173148: -683 -616 -718 564
173154: -683 -625 -715 322
173160: -683 -634 -712 80
173163: -683 -634 -715 323
173165: -683 -634 -717 485
173170: -683 -643 -713 162
173172: -683 -643 -715 324
173174: -683 -643 -717 486
173178: -692 -572 -712 73
173179: -692 -572 -713 154
173180: -692 -572 -714 235
173181: -692 -572 -715 316
173182: -692 -572 -716 397
173183: -692 -572 -717 478
173186: -692 -572 -720 721
173202: -692 -590 -718 561
173205: -692 -599 -712 76
173206: -692 -599 -713 157
173208: -692 -599 -715 319
173210: -692 -599 -717 481
173211: -692 -599 -718 562
173214: -692 -608 -712 77
173215: -692 -608 -713 158
173216: -692 -608 -714 239
173217: -692 -608 -715 320
173218: -692 -608 -716 401
173219: -692 -608 -717 482
173226: -692 -617 -715 321
173228: -692 -617 -717 483
173231: -692 -617 -720 726
173236: -692 -626 -716 403
173240: -692 -626 -720 727
173247: -692 -635 -718 566
173253: -692 -644 -715 324
173255: -692 -644 -717 486
173256: -692 -644 -718 567
173258: -692 -644 -720 729
173261: -701 -573 -714 235
173268: -701 -582 -712 74
173271: -701 -582 -715 317
173277: -701 -591 -712 75
173280: -701 -591 -715 318
173286: -701 -600 -712 76
173288: -701 -600 -714 238
173289: -701 -600 -715 319
173313: -701 -627 -712 79
173322: -701 -636 -712 80
173324: -701 -636 -714 242
173339: -701 -645 -720 729
173349: -710 -583 -712 74
173351: -710 -583 -714 236
173353: -710 -583 -716 398
173355: -710 -583 -718 560
173357: -710 -583 -720 722
173366: -710 -592 -720 723
173367: -710 -601 -712 76
173368: -710 -601 -713 157
173371: -710 -601 -716 400
173373: -710 -601 -718 562
173375: -710 -601 -720 724
173376: -710 -610 -712 77
173395: -710 -628 -713 160
173396: -710 -628 -714 241
173397: -710 -628 -715 322
173398: -710 -628 -716 403
173399: -710 -628 -717 484
173402: -710 -628 -720 727
173412: -710 -646 -712 81
173413: -710 -646 -713 162
173414: -710 -646 -714 243
173416: -710 -646 -716 405
173428: -719 -575 -719 640
173437: -719 -584 -719 641
173446: -719 -593 -719 642
173455: -719 -602 -719 643
173464: -719 -611 -719 644
173473: -719 -620 -719 645
173482: -719 -629 -719 646
173491: -719 -638 -719 647
173500: -719 -647 -719 648
174155: -72 -656 -78 406
174164: -72 -665 -78 407
174173: -72 -674 -78 408
174182: -72 -683 -78 409
174191: -72 -692 -78 410
174200: -72 -701 -78 411
174209: -72 -710 -78 412
174218: -72 -719 -78 413
174227: -72 -728 -78 414
174395: -99 -650 -156 172
174398: -99 -650 -159 415
174399: -99 -650 -160 496
174416: -99 -668 -159 417
174420: -99 -677 -154 13
174422: -99 -677 -156 175
174429: -99 -686 -154 14
174431: -99 -686 -156 176
174433: -99 -686 -158 338
174434: -99 -686 -159 419
174436: -99 -686 -161 581
174438: -99 -695 -154 15
174444: -99 -695 -160 501
174445: -99 -695 -161 582
174447: -99 -704 -154 16
174449: -99 -704 -156 178
174454: -99 -704 -161 583
174456: -99 -713 -154 17
174458: -99 -713 -156 179
174462: -99 -713 -160 503
174474: -108 -651 -154 10
174478: -108 -651 -158 334
174484: -108 -660 -155 92
174487: -108 -660 -158 335
174488: -108 -660 -159 416
174489: -108 -660 -160 497
174490: -108 -660 -161 578
174501: -108 -678 -154 13
174503: -108 -678 -156 175
174519: -108 -696 -154 15
174535: -108 -705 -161 583
174543: -108 -714 -160 503
174546: -108 -723 -154 18
174552: -108 -723 -160 504
174553: -108 -723 -161 585
174555: -117 -652 -154 10
174556: -117 -652 -155 91
174557: -117 -652 -156 172
174559: -117 -652 -158 334
174560: -117 -652 -159 415
174561: -117 -652 -160 496
174562: -117 -652 -161 577
174564: -117 -661 -154 11
174565: -117 -661 -155 92
174570: -117 -661 -160 497
174574: -117 -670 -155 93
174575: -117 -670 -156 174
174578: -117 -670 -159 417
174579: -117 -670 -160 498
174580: -117 -670 -161 579
174582: -117 -679 -154 13
174583: -117 -679 -155 94
174588: -117 -679 -160 499
174589: -117 -679 -161 580
174591: -117 -688 -154 14
174592: -117 -688 -155 95
174593: -117 -688 -156 176
174595: -117 -688 -158 338
174597: -117 -688 -160 500
174598: -117 -688 -161 581
174600: -117 -697 -154 15
174601: -117 -697 -155 96
174606: -117 -697 -160 501
174609: -117 -706 -154 16
174610: -117 -706 -155 97
174611: -117 -706 -156 178
174615: -117 -706 -160 502
174616: -117 -706 -161 583
174618: -117 -715 -154 17
174619: -117 -715 -155 98
174624: -117 -715 -160 503
174625: -117 -715 -161 584
174627: -117 -724 -154 18
174628: -117 -724 -155 99
174629: -117 -724 -156 180
174632: -117 -724 -159 423
174633: -117 -724 -160 504
174634: -117 -724 -161 585
174637: -126 -653 -155 91
174638: -126 -653 -156 172
174642: -126 -653 -160 496
174649: -126 -662 -158 335
174651: -126 -662 -160 497
174652: -126 -662 -161 578
174660: -126 -671 -160 498
174664: -126 -680 -155 94
174668: -126 -680 -159 418
174670: -126 -680 -161 580
174676: -126 -689 -158 338
174694: -126 -707 -158 340
174697: -126 -707 -161 583
174712: -126 -725 -158 342
174714: -126 -725 -160 504
174715: -126 -725 -161 585
174717: -135 -654 -154 10
174718: -135 -654 -155 91
174721: -135 -654 -158 334
174726: -135 -663 -154 11
174730: -135 -663 -158 335
174733: -135 -663 -161 578
174737: -135 -672 -156 174
174739: -135 -672 -158 336
174744: -135 -681 -154 13
174746: -135 -681 -156 175
174749: -135 -681 -159 418
174750: -135 -681 -160 499
174753: -135 -690 -154 14
174757: -135 -690 -158 338
174762: -135 -699 -154 15
174766: -135 -699 -158 339
174771: -135 -708 -154 16
174773: -135 -708 -156 178
174775: -135 -708 -158 340
174777: -135 -708 -160 502
174780: -135 -717 -154 17
174784: -135 -717 -158 341
174789: -135 -726 -154 18
174793: -135 -726 -158 342
174798: -144 -655 -154 10
174800: -144 -655 -156 172
174802: -144 -655 -158 334
174805: -144 -655 -161 577
174807: -144 -664 -154 11
174811: -144 -664 -158 335
174825: -144 -682 -154 13
174826: -144 -682 -155 94
174831: -144 -682 -160 499
174832: -144 -682 -161 580
174834: -144 -691 -154 14
174838: -144 -691 -158 338
174843: -144 -700 -154 15
174852: -144 -709 -154 16
174856: -144 -709 -158 340
174861: -144 -718 -154 17
174870: -144 -727 -154 18
174872: -144 -727 -156 180
174874: -144 -727 -158 342
174877: -144 -727 -161 585
174888: -153 -665 -154 11
174894: -153 -665 -160 497
174903: -153 -674 -160 498
174906: -153 -683 -154 13
174907: -153 -683 -155 94
174911: -153 -683 -159 418
174913: -153 -683 -161 580
174915: -153 -692 -154 14
174920: -153 -692 -159 419
174925: -153 -701 -155 96
174926: -153 -701 -156 177
174930: -153 -701 -160 501
174942: -153 -719 -154 17
174947: -153 -719 -159 422
174949: -153 -719 -161 584
174968: -162 -657 -162 658
174977: -162 -666 -162 659
174986: -162 -675 -162 660
174995: -162 -684 -162 661
175004: -162 -693 -162 662
175013: -162 -702 -162 663
175022: -162 -711 -162 664
175031: -162 -720 -162 665
175040: -162 -729 -162 666
175050: -171 -658 -235 20
175051: -171 -658 -236 101
175052: -171 -658 -237 182
175053: -171 -658 -238 263
175054: -171 -658 -239 344
175055: -171 -658 -240 425
175056: -171 -658 -241 506
175069: -171 -676 -236 103
175070: -171 -676 -237 184
175071: -171 -676 -238 265
175072: -171 -676 -239 346
175073: -171 -676 -240 427
175074: -171 -676 -241 508
175075: -171 -676 -242 589
175077: -171 -685 -235 23
175078: -171 -685 -236 104
175080: -171 -685 -238 266
175081: -171 -685 -239 347
175082: -171 -685 -240 428
175083: -171 -685 -241 509
175084: -171 -685 -242 590
175086: -171 -694 -235 24
175087: -171 -694 -236 105
175088: -171 -694 -237 186
175089: -171 -694 -238 267
175090: -171 -694 -239 348
175092: -171 -694 -241 510
175095: -171 -703 -235 25
175096: -171 -703 -236 106
175098: -171 -703 -238 268
175099: -171 -703 -239 349
175100: -171 -703 -240 430
175101: -171 -703 -241 511
175102: -171 -703 -242 592
175105: -171 -712 -236 107
175106: -171 -712 -237 188
175107: -171 -712 -238 269
175108: -171 -712 -239 350
175110: -171 -712 -241 512
175114: -171 -721 -236 108
175115: -171 -721 -237 189
175116: -171 -721 -238 270
175117: -171 -721 -239 351
175119: -171 -721 -241 513
175122: -180 -650 -235 19
175123: -180 -650 -236 100
175124: -180 -650 -237 181
175126: -180 -650 -239 343
175128: -180 -650 -241 505
175129: -180 -650 -242 586
175131: -180 -659 -235 20
175140: -180 -668 -235 21
175142: -180 -668 -237 183
175143: -180 -668 -238 264
175144: -180 -668 -239 345
175145: -180 -668 -240 426
175146: -180 -668 -241 507
175147: -180 -668 -242 588
175150: -180 -677 -236 103
175152: -180 -677 -238 265
175154: -180 -677 -240 427
175158: -180 -686 -235 23
175159: -180 -686 -236 104
175162: -180 -686 -239 347
175165: -180 -686 -242 590
175177: -180 -704 -236 106
175191: -180 -713 -241 512
175199: -180 -722 -240 432
175203: -189 -651 -235 19
175204: -189 -651 -236 100
175206: -189 -651 -238 262
175209: -189 -651 -241 505
175210: -189 -651 -242 586
175212: -189 -660 -235 20
175219: -189 -660 -242 587
175231: -189 -678 -236 103
175234: -189 -678 -239 346
175237: -189 -678 -242 589
175239: -189 -687 -235 23
175248: -189 -696 -235 24
175252: -189 -696 -239 348
175261: -189 -705 -239 349
175285: -198 -652 -236 100
175286: -198 -652 -237 181
175287: -198 -652 -238 262
175288: -198 -652 -239 343
175289: -198 -652 -240 424
175290: -198 -652 -241 505
175294: -198 -661 -236 101
175295: -198 -661 -237 182
175299: -198 -661 -241 506
175302: -198 -670 -235 21
175303: -198 -670 -236 102
175304: -198 -670 -237 183
175305: -198 -670 -238 264
175312: -198 -679 -236 103
175315: -198 -679 -239 346
175320: -198 -688 -235 23
175321: -198 -688 -236 104
175322: -198 -688 -237 185
175324: -198 -688 -239 347
175329: -198 -697 -235 24
175330: -198 -697 -236 105
175331: -198 -697 -237 186
175333: -198 -697 -239 348
175338: -198 -706 -235 25
175339: -198 -706 -236 106
175340: -198 -706 -237 187
175341: -198 -706 -238 268
175348: -198 -715 -236 107
175349: -198 -715 -237 188
175350: -198 -715 -238 269
175356: -198 -724 -235 27
175357: -198 -724 -236 108
175358: -198 -724 -237 189
175360: -198 -724 -239 351
175365: -207 -653 -235 19
175366: -207 -653 -236 100
175374: -207 -662 -235 20
175375: -207 -662 -236 101
175376: -207 -662 -237 182
175380: -207 -662 -241 506
175383: -207 -671 -235 21
175384: -207 -671 -236 102
175395: -207 -680 -238 265
175396: -207 -680 -239 346
175401: -207 -689 -235 23
175402: -207 -689 -236 104
175406: -207 -689 -240 428
175411: -207 -698 -236 105
175412: -207 -698 -237 186
175413: -207 -698 -238 267
175417: -207 -698 -242 591
175420: -207 -707 -236 106
175428: -207 -716 -235 26
175429: -207 -716 -236 107
175437: -207 -725 -235 27
175438: -207 -725 -236 108
175446: -216 -654 -235 19
175447: -216 -654 -236 100
175448: -216 -654 -237 181
175450: -216 -654 -239 343
175455: -216 -663 -235 20
175456: -216 -663 -236 101
175457: -216 -663 -237 182
175466: -216 -672 -237 183
175474: -216 -681 -236 103
175477: -216 -681 -239 346
175482: -216 -690 -235 23
175483: -216 -690 -236 104
175484: -216 -690 -237 185
175500: -216 -708 -235 25
175510: -216 -717 -236 107
175511: -216 -717 -237 188
175518: -216 -726 -235 27
175520: -216 -726 -237 189
175527: -225 -655 -235 19
175528: -225 -655 -236 100
175531: -225 -655 -239 343
175536: -225 -664 -235 20
175537: -225 -664 -236 101
175539: -225 -664 -238 263
175545: -225 -673 -235 21
175547: -225 -673 -237 183
175548: -225 -673 -238 264
175555: -225 -682 -236 103
175557: -225 -682 -238 265
175563: -225 -691 -235 23
175565: -225 -691 -237 185
175572: -225 -700 -235 24
175573: -225 -700 -236 105
175581: -225 -709 -235 25
175582: -225 -709 -236 106
175590: -225 -718 -235 26
175591: -225 -718 -236 107
175599: -225 -727 -235 27
175600: -225 -727 -236 108
175617: -234 -665 -235 20
175621: -234 -665 -239 344
175626: -234 -674 -235 21
175631: -234 -674 -240 426
175632: -234 -674 -241 507
175636: -234 -683 -236 103
175645: -234 -692 -236 104
175662: -234 -710 -235 25
175672: -234 -719 -236 107
175697: -243 -657 -243 667
175706: -243 -666 -243 668
175715: -243 -675 -243 669
175724: -243 -684 -243 670
175742: -243 -702 -243 672
175760: -243 -720 -243 674
175769: -243 -729 -243 675
175779: -252 -658 -316 29
175780: -252 -658 -317 110
175781: -252 -658 -318 191
175782: -252 -658 -319 272
175783: -252 -658 -320 353
175784: -252 -658 -321 434
175785: -252 -658 -322 515
175786: -252 -658 -323 596
175788: -252 -667 -316 30
175789: -252 -667 -317 111
175790: -252 -667 -318 192
175791: -252 -667 -319 273
175792: -252 -667 -320 354
175793: -252 -667 -321 435
175794: -252 -667 -322 516
175795: -252 -667 -323 597
175807: -252 -685 -317 113
175808: -252 -685 -318 194
175809: -252 -685 -319 275
175810: -252 -685 -320 356
175811: -252 -685 -321 437
175812: -252 -685 -322 518
175813: -252 -685 -323 599
175816: -252 -694 -317 114
175817: -252 -694 -318 195
175818: -252 -694 -319 276
175819: -252 -694 -320 357
175820: -252 -694 -321 438
175822: -252 -694 -323 600
175824: -252 -703 -316 34
175825: -252 -703 -317 115
175826: -252 -703 -318 196
175827: -252 -703 -319 277
175828: -252 -703 -320 358
175829: -252 -703 -321 439
175830: -252 -703 -322 520
175831: -252 -703 -323 601
175834: -252 -712 -317 116
175835: -252 -712 -318 197
175836: -252 -712 -319 278
175837: -252 -712 -320 359
175838: -252 -712 -321 440
175839: -252 -712 -322 521
175840: -252 -712 -323 602
175842: -252 -721 -316 36
175843: -252 -721 -317 117
175844: -252 -721 -318 198
175845: -252 -721 -319 279
175846: -252 -721 -320 360
175847: -252 -721 -321 441
175848: -252 -721 -322 522
175849: -252 -721 -323 603
175851: -261 -650 -316 28
175852: -261 -650 -317 109
175853: -261 -650 -318 190
175854: -261 -650 -319 271
175855: -261 -650 -320 352
175856: -261 -650 -321 433
175857: -261 -650 -322 514
175858: -261 -650 -323 595
175860: -261 -659 -316 29
175861: -261 -659 -317 110
175862: -261 -659 -318 191
175863: -261 -659 -319 272
175864: -261 -659 -320 353
175865: -261 -659 -321 434
175866: -261 -659 -322 515
175867: -261 -659 -323 596
175869: -261 -668 -316 30
175870: -261 -668 -317 111
175871: -261 -668 -318 192
175872: -261 -668 -319 273
175873: -261 -668 -320 354
175874: -261 -668 -321 435
175875: -261 -668 -322 516
175876: -261 -668 -323 597
175878: -261 -677 -316 31
175879: -261 -677 -317 112
175880: -261 -677 -318 193
175881: -261 -677 -319 274
175882: -261 -677 -320 355
175883: -261 -677 -321 436
175884: -261 -677 -322 517
175885: -261 -677 -323 598
175888: -261 -686 -317 113
175889: -261 -686 -318 194
175894: -261 -686 -323 599
175896: -261 -695 -316 33
175897: -261 -695 -317 114
175898: -261 -695 -318 195
175899: -261 -695 -319 276
175901: -261 -695 -321 438
175902: -261 -695 -322 519
175903: -261 -695 -323 600
175905: -261 -704 -316 34
175906: -261 -704 -317 115
175907: -261 -704 -318 196
175911: -261 -704 -322 520
175912: -261 -704 -323 601
175914: -261 -713 -316 35
175915: -261 -713 -317 116
175916: -261 -713 -318 197
175917: -261 -713 -319 278
175918: -261 -713 -320 359
175919: -261 -713 -321 440
175920: -261 -713 -322 521
175921: -261 -713 -323 602
175923: -261 -722 -316 36
175924: -261 -722 -317 117
175925: -261 -722 -318 198
175928: -261 -722 -321 441
175930: -261 -722 -323 603
175932: -270 -651 -316 28
175933: -270 -651 -317 109
175934: -270 -651 -318 190
175935: -270 -651 -319 271
175936: -270 -651 -320 352
175942: -270 -660 -317 110
175943: -270 -660 -318 191
175945: -270 -660 -320 353
175950: -270 -669 -316 30
175952: -270 -669 -318 192
175953: -270 -669 -319 273
175959: -270 -678 -316 31
175960: -270 -678 -317 112
175961: -270 -678 -318 193
175962: -270 -678 -319 274
175963: -270 -678 -320 355
175964: -270 -678 -321 436
175965: -270 -678 -322 517
175966: -270 -678 -323 598
175986: -270 -705 -316 34
175988: -270 -705 -318 196
175995: -270 -714 -316 35
175997: -270 -714 -318 197
175998: -270 -714 -319 278
175999: -270 -714 -320 359
176004: -270 -723 -316 36
176005: -270 -723 -317 117
176006: -270 -723 -318 198
176007: -270 -723 -319 279
176008: -270 -723 -320 360
176010: -270 -723 -322 522
176013: -279 -652 -316 28
176014: -279 -652 -317 109
176015: -279 -652 -318 190
176018: -279 -652 -321 433
176019: -279 -652 -322 514
176020: -279 -652 -323 595
176022: -279 -661 -316 29
176023: -279 -661 -317 110
176024: -279 -661 -318 191
176026: -279 -661 -320 353
176028: -279 -661 -322 515
176029: -279 -661 -323 596
176031: -279 -670 -316 30
176032: -279 -670 -317 111
176033: -279 -670 -318 192
176035: -279 -670 -320 354
176037: -279 -670 -322 516
176038: -279 -670 -323 597
176050: -279 -688 -317 113
176051: -279 -688 -318 194
176053: -279 -688 -320 356
176054: -279 -688 -321 437
176055: -279 -688 -322 518
176056: -279 -688 -323 599
176058: -279 -697 -316 33
176060: -279 -697 -318 195
176062: -279 -697 -320 357
176063: -279 -697 -321 438
176064: -279 -697 -322 519
176065: -279 -697 -323 600
176067: -279 -706 -316 34
176068: -279 -706 -317 115
176069: -279 -706 -318 196
176071: -279 -706 -320 358
176073: -279 -706 -322 520
176074: -279 -706 -323 601
176076: -279 -715 -316 35
176077: -279 -715 -317 116
176078: -279 -715 -318 197
176080: -279 -715 -320 359
176082: -279 -715 -322 521
176083: -279 -715 -323 602
176094: -288 -653 -316 28
176095: -288 -653 -317 109
176096: -288 -653 -318 190
176098: -288 -653 -320 352
176101: -288 -653 -323 595
176104: -288 -662 -317 110
176105: -288 -662 -318 191
176107: -288 -662 -320 353
176110: -288 -662 -323 596
176112: -288 -671 -316 30
176113: -288 -671 -317 111
176115: -288 -671 -319 273
176116: -288 -671 -320 354
176119: -288 -671 -323 597
176121: -288 -680 -316 31
176122: -288 -680 -317 112
176123: -288 -680 -318 193
176125: -288 -680 -320 355
176131: -288 -689 -317 113
176134: -288 -689 -320 356
176139: -288 -698 -316 33
176140: -288 -698 -317 114
176143: -288 -698 -320 357
176146: -288 -698 -323 600
176152: -288 -707 -320 358
176157: -288 -716 -316 35
176158: -288 -716 -317 116
176159: -288 -716 -318 197
176161: -288 -716 -320 359
176166: -288 -725 -316 36
176167: -288 -725 -317 117
176168: -288 -725 -318 198
176169: -288 -725 -319 279
176170: -288 -725 -320 360
176175: -297 -654 -316 28
176176: -297 -654 -317 109
176177: -297 -654 -318 190
176179: -297 -654 -320 352
176181: -297 -654 -322 514
176182: -297 -654 -323 595
176184: -297 -663 -316 29
176193: -297 -672 -316 30
176194: -297 -672 -317 111
176195: -297 -672 -318 192
176196: -297 -672 -319 273
176197: -297 -672 -320 354
176199: -297 -672 -322 516
176202: -297 -681 -316 31
176203: -297 -681 -317 112
176205: -297 -681 -319 274
176206: -297 -681 -320 355
176207: -297 -681 -321 436
176212: -297 -690 -317 113
176214: -297 -690 -319 275
176217: -297 -690 -322 518
176220: -297 -699 -316 33
176229: -297 -708 -316 34
176238: -297 -717 -316 35
176247: -297 -726 -316 36
176248: -297 -726 -317 117
176256: -306 -655 -316 28
176257: -306 -655 -317 109
176258: -306 -655 -318 190
176259: -306 -655 -319 271
176260: -306 -655 -320 352
176265: -306 -664 -316 29
176267: -306 -664 -318 191
176269: -306 -664 -320 353
176271: -306 -664 -322 515
176274: -306 -673 -316 30
176276: -306 -673 -318 192
176277: -306 -673 -319 273
176278: -306 -673 -320 354
176280: -306 -673 -322 516
176283: -306 -682 -316 31
176285: -306 -682 -318 193
176286: -306 -682 -319 274
176289: -306 -682 -322 517
176301: -306 -700 -316 33
176303: -306 -700 -318 195
176311: -306 -709 -317 115
176312: -306 -709 -318 196
176313: -306 -709 -319 277
176317: -306 -709 -323 601
176320: -306 -718 -317 116
176328: -306 -727 -316 36
176330: -306 -727 -318 198
176331: -306 -727 -319 279
176334: -306 -727 -322 522
176346: -315 -665 -316 29
176348: -315 -665 -318 191
176349: -315 -665 -319 272
176350: -315 -665 -320 353
176351: -315 -665 -321 434
176353: -315 -665 -323 596
176355: -315 -674 -316 30
176358: -315 -674 -319 273
176360: -315 -674 -321 435
176362: -315 -674 -323 597
176364: -315 -683 -316 31
176365: -315 -683 -317 112
176366: -315 -683 -318 193
176368: -315 -683 -320 355
176369: -315 -683 -321 436
176370: -315 -683 -322 517
176374: -315 -692 -317 113
176375: -315 -692 -318 194
176376: -315 -692 -319 275
176377: -315 -692 -320 356
176378: -315 -692 -321 437
176382: -315 -701 -316 33
176384: -315 -701 -318 195
176391: -315 -710 -316 34
176393: -315 -710 -318 196
176395: -315 -710 -320 358
176400: -315 -719 -316 35
176401: -315 -719 -317 116
176402: -315 -719 -318 197
176403: -315 -719 -319 278
176405: -315 -719 -321 440
176426: -324 -657 -324 676
176435: -324 -666 -324 677
176444: -324 -675 -324 678
176453: -324 -684 -324 679
176462: -324 -693 -324 680
176471: -324 -702 -324 681
176480: -324 -711 -324 682
176489: -324 -720 -324 683
176498: -324 -729 -324 684
176526: -333 -676 -397 40
176527: -333 -676 -398 121
176528: -333 -676 -399 202
176530: -333 -676 -401 364
176531: -333 -676 -402 445
176532: -333 -676 -403 526
176533: -333 -676 -404 607
176545: -333 -694 -398 123
176548: -333 -694 -401 366
176549: -333 -694 -402 447
176551: -333 -694 -404 609
176555: -333 -703 -399 205
176557: -333 -703 -401 367
176558: -333 -703 -402 448
176559: -333 -703 -403 529
176563: -333 -712 -398 125
176564: -333 -712 -399 206
176566: -333 -712 -401 368
176568: -333 -712 -403 530
176572: -333 -721 -398 126
176663: -351 -651 -399 199
176665: -351 -651 -401 361
176667: -351 -651 -403 523
176668: -351 -651 -404 604
176671: -351 -660 -398 119
176675: -351 -660 -402 443
176677: -351 -660 -404 605
176679: -351 -669 -397 39
176680: -351 -669 -398 120
176681: -351 -669 -399 201
176683: -351 -669 -401 363
176684: -351 -669 -402 444
176685: -351 -669 -403 525
176686: -351 -669 -404 606
176697: -351 -687 -397 41
176698: -351 -687 -398 122
176699: -351 -687 -399 203
176716: -351 -705 -398 124
176731: -351 -714 -404 611
176733: -351 -723 -397 45
176743: -360 -652 -398 118
176744: -360 -652 -399 199
176746: -360 -652 -401 361
176747: -360 -652 -402 442
176748: -360 -652 -403 523
176749: -360 -652 -404 604
176751: -360 -661 -397 38
176755: -360 -661 -401 362
176757: -360 -661 -403 524
176764: -360 -670 -401 363
176765: -360 -670 -402 444
176766: -360 -670 -403 525
176767: -360 -670 -404 606
176770: -360 -679 -398 121
176771: -360 -679 -399 202
176773: -360 -679 -401 364
176774: -360 -679 -402 445
176775: -360 -679 -403 526
176776: -360 -679 -404 607
176779: -360 -688 -398 122
176780: -360 -688 -399 203
176791: -360 -697 -401 366
176793: -360 -697 -403 528
176800: -360 -706 -401 367
176802: -360 -706 -403 529
176806: -360 -715 -398 125
176809: -360 -715 -401 368
176811: -360 -715 -403 530
176812: -360 -715 -404 611
176815: -360 -724 -398 126
176818: -360 -724 -401 369
176824: -369 -653 -398 118
176825: -369 -653 -399 199
176829: -369 -653 -403 523
176830: -369 -653 -404 604
176851: -369 -680 -398 121
176855: -369 -680 -402 445
176875: -369 -698 -404 609
176882: -369 -707 -402 448
176884: -369 -707 -404 610
176913: -378 -663 -397 38
176915: -378 -663 -399 200
176917: -378 -663 -401 362
176919: -378 -663 -403 524
176922: -378 -672 -397 39
176926: -378 -672 -401 363
176931: -378 -681 -397 40
176932: -378 -681 -398 121
176936: -378 -681 -402 445
176937: -378 -681 -403 526
176940: -378 -690 -397 41
176974: -378 -717 -404 611
176976: -378 -726 -397 45
176987: -387 -655 -399 199
176992: -387 -655 -404 604
176994: -387 -664 -397 38
177003: -387 -673 -397 39
177005: -387 -673 -399 201
177009: -387 -673 -403 525
177010: -387 -673 -404 606
177012: -387 -682 -397 40
177013: -387 -682 -398 121
177018: -387 -682 -403 526
177019: -387 -682 -404 607
177025: -387 -691 -401 365
177027: -387 -691 -403 527
177057: -387 -727 -397 45
177081: -396 -665 -403 524
177099: -396 -683 -403 526
177103: -396 -692 -398 122
177106: -396 -692 -401 365
177109: -396 -692 -404 608
177122: -396 -710 -399 205
177131: -396 -719 -399 206
177136: -396 -719 -404 611
177155: -405 -657 -405 685
177164: -405 -666 -405 686
177173: -405 -675 -405 687
177182: -405 -684 -405 688
177191: -405 -693 -405 689
177209: -405 -711 -405 691
177218: -405 -720 -405 692
177227: -405 -729 -405 693
177309: -423 -650 -478 46
177311: -423 -650 -480 208
177312: -423 -650 -481 289
177314: -423 -650 -483 451
177316: -423 -650 -485 613
177318: -423 -659 -478 47
177321: -423 -659 -481 290
177323: -423 -659 -483 452
177324: -423 -659 -484 533
177325: -423 -659 -485 614
177332: -423 -668 -483 453
177336: -423 -677 -478 49
177345: -423 -686 -478 50
177346: -423 -686 -479 131
177347: -423 -686 -480 212
177350: -423 -686 -483 455
177351: -423 -686 -484 536
177364: -423 -704 -479 133
177377: -423 -713 -483 458
177381: -423 -722 -478 54
177382: -423 -722 -479 135
177391: -432 -651 -479 127
177393: -432 -651 -481 289
177394: -432 -651 -482 370
177395: -432 -651 -483 451
177400: -432 -660 -479 128
177408: -432 -669 -478 48
177409: -432 -669 -479 129
177410: -432 -669 -480 210
177411: -432 -669 -481 291
177412: -432 -669 -482 372
177413: -432 -669 -483 453
177414: -432 -669 -484 534
177415: -432 -669 -485 615
177418: -432 -678 -479 130
177420: -432 -678 -481 292
177423: -432 -678 -484 535
177435: -432 -696 -478 51
177436: -432 -696 -479 132
177437: -432 -696 -480 213
177439: -432 -696 -482 375
177440: -432 -696 -483 456
177441: -432 -696 -484 537
177445: -432 -705 -479 133
177453: -432 -714 -478 53
177458: -432 -714 -483 458
177462: -432 -723 -478 54
177464: -432 -723 -480 216
177467: -432 -723 -483 459
177471: -441 -652 -478 46
177472: -441 -652 -479 127
177473: -441 -652 -480 208
177474: -441 -652 -481 289
177476: -441 -652 -483 451
177477: -441 -652 -484 532
177478: -441 -652 -485 613
177482: -441 -661 -480 209
177483: -441 -661 -481 290
177492: -441 -670 -481 291
177493: -441 -670 -482 372
177498: -441 -679 -478 49
177499: -441 -679 -479 130
177500: -441 -679 -480 211
177501: -441 -679 -481 292
177502: -441 -679 -482 373
177503: -441 -679 -483 454
177504: -441 -679 -484 535
177505: -441 -679 -485 616
177507: -441 -688 -478 50
177509: -441 -688 -480 212
177512: -441 -688 -483 455
177519: -441 -697 -481 294
177526: -441 -706 -479 133
177528: -441 -706 -481 295
177534: -441 -715 -478 53
177539: -441 -715 -483 458
177543: -441 -724 -478 54
177545: -441 -724 -480 216
177546: -441 -724 -481 297
177548: -441 -724 -483 459
177552: -450 -653 -478 46
177553: -450 -653 -479 127
177554: -450 -653 -480 208
177555: -450 -653 -481 289
177557: -450 -653 -483 451
177558: -450 -653 -484 532
177559: -450 -653 -485 613
177575: -450 -671 -483 453
177577: -450 -671 -485 615
177580: -450 -680 -479 130
177582: -450 -680 -481 292
177583: -450 -680 -482 373
177586: -450 -680 -485 616
177591: -450 -689 -481 293
177607: -450 -707 -479 133
177609: -450 -707 -481 295
177612: -450 -707 -484 538
177615: -450 -716 -478 53
177625: -450 -725 -479 135
177631: -450 -725 -485 621
177717: -468 -655 -481 289
177728: -468 -664 -483 452
177729: -468 -664 -484 533
177741: -468 -682 -478 49
177742: -468 -682 -479 130
177743: -468 -682 -480 211
177744: -468 -682 -481 292
177745: -468 -682 -482 373
177750: -468 -691 -478 50
177754: -468 -691 -482 374
177759: -468 -700 -478 51
177762: -468 -700 -481 294
177764: -468 -700 -483 456
177807: -477 -665 -481 290
177809: -477 -665 -483 452
177818: -477 -674 -483 453
177823: -477 -683 -479 130
177826: -477 -683 -482 373
177829: -477 -683 -485 616
177832: -477 -692 -479 131
177834: -477 -692 -481 293
177836: -477 -692 -483 455
177844: -477 -701 -482 375
177846: -477 -701 -484 537
177847: -477 -701 -485 618
177854: -477 -710 -483 457
177859: -477 -719 -479 134
177860: -477 -719 -480 215
177863: -477 -719 -483 458
177864: -477 -719 -484 539
177884: -486 -657 -486 694
177893: -486 -666 -486 695
177911: -486 -684 -486 697
177920: -486 -693 -486 698
177929: -486 -702 -486 699
177938: -486 -711 -486 700
177947: -486 -720 -486 701
177956: -486 -729 -486 702
177968: -495 -658 -561 218
177969: -495 -658 -562 299
177970: -495 -658 -563 380
177971: -495 -658 -564 461
177972: -495 -658 -565 542
177988: -495 -676 -563 382
178013: -495 -703 -561 223
178014: -495 -703 -562 304
178015: -495 -703 -563 385
178016: -495 -703 -564 466
178017: -495 -703 -565 547
178018: -495 -703 -566 628
178025: -495 -712 -564 467
178026: -495 -712 -565 548
178034: -495 -721 -564 468
178035: -495 -721 -565 549
178038: -504 -650 -559 55
178039: -504 -650 -560 136
178041: -504 -650 -562 298
178042: -504 -650 -563 379
178044: -504 -650 -565 541
178053: -504 -659 -565 542
178056: -504 -668 -559 57
178058: -504 -668 -561 219
178059: -504 -668 -562 300
178062: -504 -668 -565 543
178063: -504 -668 -566 624
178065: -504 -677 -559 58
178066: -504 -677 -560 139
178069: -504 -677 -563 382
178071: -504 -677 -565 544
178072: -504 -677 -566 625
178074: -504 -686 -559 59
178075: -504 -686 -560 140
178076: -504 -686 -561 221
178078: -504 -686 -563 383
178080: -504 -686 -565 545
178090: -504 -695 -566 627
178093: -504 -704 -560 142
178096: -504 -704 -563 385
178098: -504 -704 -565 547
178107: -504 -713 -565 548
178113: -504 -722 -562 306
178116: -504 -722 -565 549
178119: -513 -651 -559 55
178120: -513 -651 -560 136
178121: -513 -651 -561 217
178122: -513 -651 -562 298
178123: -513 -651 -563 379
178124: -513 -651 -564 460
178125: -513 -651 -565 541
178126: -513 -651 -566 622
178128: -513 -660 -559 56
178129: -513 -660 -560 137
178130: -513 -660 -561 218
178131: -513 -660 -562 299
178132: -513 -660 -563 380
178133: -513 -660 -564 461
178134: -513 -660 -565 542
178137: -513 -669 -559 57
178138: -513 -669 -560 138
178139: -513 -669 -561 219
178140: -513 -669 -562 300
178141: -513 -669 -563 381
178142: -513 -669 -564 462
178143: -513 -669 -565 543
178144: -513 -669 -566 624
178146: -513 -678 -559 58
178147: -513 -678 -560 139
178148: -513 -678 -561 220
178149: -513 -678 -562 301
178150: -513 -678 -563 382
178155: -513 -687 -559 59
178157: -513 -687 -561 221
178158: -513 -687 -562 302
178164: -513 -696 -559 60
178166: -513 -696 -561 222
178167: -513 -696 -562 303
178168: -513 -696 -563 384
178169: -513 -696 -564 465
178170: -513 -696 -565 546
178173: -513 -705 -559 61
178174: -513 -705 -560 142
178175: -513 -705 -561 223
178176: -513 -705 -562 304
178178: -513 -705 -564 466
178179: -513 -705 -565 547
178180: -513 -705 -566 628
178183: -513 -714 -560 143
178185: -513 -714 -562 305
178186: -513 -714 -563 386
178188: -513 -714 -565 548
178191: -513 -723 -559 63
178193: -513 -723 -561 225
178194: -513 -723 -562 306
178195: -513 -723 -563 387
178196: -513 -723 -564 468
178197: -513 -723 -565 549
178201: -522 -652 -560 136
178203: -522 -652 -562 298
178204: -522 -652 -563 379
178205: -522 -652 -564 460
178206: -522 -652 -565 541
178207: -522 -652 -566 622
178209: -522 -661 -559 56
178210: -522 -661 -560 137
178212: -522 -661 -562 299
178218: -522 -670 -559 57
178221: -522 -670 -562 300
178227: -522 -679 -559 58
178228: -522 -679 -560 139
178229: -522 -679 -561 220
178231: -522 -679 -563 382
178232: -522 -679 -564 463
178236: -522 -688 -559 59
178238: -522 -688 -561 221
178243: -522 -688 -566 626
178245: -522 -697 -559 60
178254: -522 -706 -559 61
178257: -522 -706 -562 304
178261: -522 -706 -566 628
178268: -522 -715 -564 467
178270: -522 -715 -566 629
178272: -522 -724 -559 63
178275: -522 -724 -562 306
178281: -531 -653 -559 55
178282: -531 -653 -560 136
178285: -531 -653 -563 379
178286: -531 -653 -564 460
178290: -531 -662 -559 56
178291: -531 -662 -560 137
178293: -531 -662 -562 299
178308: -531 -680 -559 58
178312: -531 -680 -563 382
178317: -531 -689 -559 59
178318: -531 -689 -560 140
178321: -531 -689 -563 383
178354: -531 -725 -560 144
178355: -531 -725 -561 225
178367: -540 -654 -564 460
178373: -540 -663 -561 218
178382: -540 -672 -561 219
178383: -540 -672 -562 300
178389: -540 -681 -559 58
178390: -540 -681 -560 139
178392: -540 -681 -562 301
178427: -540 -717 -561 224
178443: -549 -655 -559 55
178446: -549 -655 -562 298
178450: -549 -655 -566 622
178451: -549 -655 -567 703
178452: -549 -664 -559 56
178454: -549 -664 -561 218
178459: -549 -664 -566 623
178461: -549 -673 -559 57
178464: -549 -673 -562 300
178468: -549 -673 -566 624
178470: -549 -682 -559 58
178471: -549 -682 -560 139
178472: -549 -682 -561 220
178474: -549 -682 -563 382
178477: -549 -682 -566 625
178509: -549 -718 -562 305
178537: -558 -665 -563 380
178538: -558 -665 -564 461
178539: -558 -665 -565 542
178548: -558 -674 -565 543
178557: -558 -683 -565 544
178560: -558 -692 -559 59
178575: -558 -701 -565 546
178613: -567 -657 -567 703
178622: -567 -666 -567 704
178631: -567 -675 -567 705
178640: -567 -684 -567 706
178649: -567 -693 -567 707
178667: -567 -711 -567 709
178676: -567 -720 -567 710
178685: -567 -729 -567 711
178700: -576 -658 -645 470
178710: -576 -667 -646 552
178720: -576 -676 -647 634
178743: -576 -703 -643 313
178750: -576 -712 -641 152
178751: -576 -712 -642 233
178752: -576 -712 -643 314
178753: -576 -712 -644 395
178754: -576 -712 -645 476
178755: -576 -712 -646 557
178756: -576 -712 -647 638
178760: -576 -721 -642 234
178777: -585 -659 -641 146
178778: -585 -659 -642 227
178779: -585 -659 -643 308
178780: -585 -659 -644 389
178781: -585 -659 -645 470
178783: -585 -659 -647 632
178785: -585 -668 -640 66
178787: -585 -668 -642 228
178791: -585 -668 -646 552
178794: -585 -677 -640 67
178795: -585 -677 -641 148
178803: -585 -686 -640 68
178809: -585 -686 -646 554
178843: -585 -722 -644 396
178845: -585 -722 -646 558
178866: -594 -669 -640 66
178867: -594 -669 -641 147
178868: -594 -669 -642 228
178869: -594 -669 -643 309
178870: -594 -669 -644 390
178871: -594 -669 -645 471
178872: -594 -669 -646 552
178873: -594 -669 -647 633
178877: -594 -678 -642 229
178878: -594 -678 -643 310
178884: -594 -687 -640 68
178886: -594 -687 -642 230
178887: -594 -687 -643 311
178896: -594 -696 -643 312
178905: -594 -705 -643 313
178914: -594 -714 -643 314
178923: -594 -723 -643 315
178926: -594 -723 -646 558
178941: -603 -661 -643 308
178942: -603 -661 -644 389
178944: -603 -661 -646 551
178945: -603 -661 -647 632
178947: -603 -670 -640 66
178948: -603 -670 -641 147
178949: -603 -670 -642 228
178956: -603 -679 -640 67
178957: -603 -679 -641 148
178958: -603 -679 -642 229
178959: -603 -679 -643 310
178960: -603 -679 -644 391
178961: -603 -679 -645 472
178962: -603 -679 -646 553
178963: -603 -679 -647 634
178965: -603 -688 -640 68
178971: -603 -688 -646 554
178972: -603 -688 -647 635
178980: -603 -697 -646 555
178983: -603 -706 -640 70
178984: -603 -706 -641 151
178985: -603 -706 -642 232
178987: -603 -706 -644 394
178988: -603 -706 -645 475
178989: -603 -706 -646 556
178990: -603 -706 -647 637
178992: -603 -715 -640 71
178995: -603 -715 -643 314
179002: -603 -724 -641 153
179008: -603 -724 -647 639
179037: -612 -680 -640 67
179038: -612 -680 -641 148
179041: -612 -680 -644 391
179043: -612 -680 -646 553
179048: -612 -689 -642 230
179049: -612 -689 -643 311
179071: -612 -707 -647 637
179077: -612 -716 -644 395
179084: -612 -725 -642 234
179109: -621 -672 -640 66
179111: -621 -672 -642 228
179112: -621 -672 -643 309
179113: -621 -672 -644 390
179118: -621 -681 -640 67
179123: -621 -681 -645 472
179127: -621 -690 -640 68
179139: -621 -699 -643 312
179158: -621 -717 -644 395
179187: -630 -664 -646 551
179190: -630 -673 -640 66
179196: -630 -673 -646 552
179200: -630 -682 -641 148
179202: -630 -682 -643 310
179203: -630 -682 -644 391
179205: -630 -682 -646 553
179232: -630 -709 -646 556
179250: -630 -727 -646 558
179274: -639 -674 -643 309
179290: -639 -692 -641 149
179292: -639 -692 -643 311
179300: -639 -701 -642 231
179342: -648 -657 -648 712
179360: -648 -675 -648 714
179369: -648 -684 -648 715
179414: -648 -729 -648 720
179434: -657 -667 -722 156
179436: -657 -667 -724 318
179444: -657 -676 -723 238
179454: -657 -685 -724 320
179472: -657 -703 -724 322
179474: -657 -703 -726 484
179484: -657 -712 -727 566
179487: -657 -721 -721 81
179500: -666 -650 -725 397
179501: -666 -650 -726 478
179502: -666 -650 -727 559
179516: -666 -668 -723 237
179517: -666 -668 -724 318
179520: -666 -668 -727 561
179534: -666 -686 -723 239
179538: -666 -686 -727 563
179543: -666 -695 -723 240
179544: -666 -695 -724 321
179547: -666 -695 -727 564
179552: -666 -704 -723 241
179554: -666 -704 -725 403
179561: -666 -713 -723 242
179562: -666 -713 -724 323
179589: -675 -660 -724 317
179605: -675 -678 -722 157
179608: -675 -678 -725 400
179610: -675 -678 -727 562
179614: -675 -687 -722 158
179619: -675 -687 -727 563
179634: -675 -705 -724 322
179660: -684 -652 -723 235
179662: -684 -652 -725 397
179663: -684 -652 -726 478
179664: -684 -652 -727 559
179669: -684 -661 -723 236
179671: -684 -661 -725 398
179673: -684 -661 -727 560
179678: -684 -670 -723 237
179680: -684 -670 -725 399
179682: -684 -670 -727 561
179696: -684 -688 -723 239
179699: -684 -688 -726 482
179700: -684 -688 -727 563
179704: -684 -697 -722 159
179705: -684 -697 -723 240
179707: -684 -697 -725 402
179712: -684 -706 -721 79
179713: -684 -706 -722 160
179714: -684 -706 -723 241
179716: -684 -706 -725 403
179723: -684 -715 -723 242
179725: -684 -715 -725 404
179727: -684 -715 -727 566
179741: -693 -653 -723 235
179742: -693 -653 -724 316
179750: -693 -662 -723 236
179767: -693 -680 -722 157
179786: -693 -698 -723 240
179790: -693 -698 -727 564
179796: -693 -707 -724 322
179808: -693 -716 -727 566
179820: -702 -654 -721 73
179822: -702 -654 -723 235
179823: -702 -654 -724 316
179831: -702 -663 -723 236
179832: -702 -663 -724 317
179839: -702 -672 -722 156
179840: -702 -672 -723 237
179841: -702 -672 -724 318
179844: -702 -672 -727 561
179848: -702 -681 -722 157
179849: -702 -681 -723 238
179850: -702 -681 -724 319
179859: -702 -690 -724 320
179877: -702 -708 -724 322
179897: -702 -726 -726 486
179903: -711 -655 -723 235
179904: -711 -655 -724 316
179920: -711 -673 -722 156
179922: -711 -673 -724 318
179930: -711 -682 -723 238
179931: -711 -682 -724 319
179932: -711 -682 -725 400
179979: -711 -727 -727 567
179993: -720 -665 -723 236
179994: -720 -665 -724 317
179995: -720 -665 -725 398
180010: -720 -683 -722 157
180011: -720 -683 -723 238
180015: -720 -683 -727 562
180021: -720 -692 -724 320
180024: -720 -692 -727 563
180037: -720 -710 -722 160
180039: -720 -710 -724 322
180071: -729 -657 -729 721
180089: -729 -675 -729 723
180134: -729 -720 -729 728
180170: -37 -46
180171: -37 -55
180172: -37 -64
180173: -37 -73
180181: -2 -11
180182: -2 -20
180183: -2 -29
180184: -2 -38
180185: -2 -47
180186: -2 -56
180187: -2 -65
180188: -2 -74
180226: -12 -21
180227: -12 -30
180228: -12 -39
180229: -12 -48
180230: -12 -57
180231: -12 -66
180232: -12 -75
180270: -22 -31
180271: -22 -40
180272: -22 -49
180273: -22 -58
180274: -22 -67
180275: -22 -76
180313: -32 -41
180314: -32 -50
180315: -32 -59
180316: -32 -68
180317: -32 -77
180396: -52 -61
180397: -52 -70
180398: -52 -79
180436: -62 -71
180437: -62 -80
180475: -72 -81
180493: -100 -118
180494: -100 -127
180495: -100 -136
180496: -100 -145
180497: -100 -154
180503: -118 -127
180504: -118 -136
180505: -118 -145
180506: -118 -154
180507: -127 -136
180508: -127 -145
180509: -127 -154
180510: -136 -145
180511: -136 -154
180512: -145 -154
180513: 82 91 100 109 118 127 136 145 154
180523: -92 -110
180524: -92 -119
180525: -92 -128
180526: -92 -137
180528: -92 -155
180529: -101 -110
180530: -101 -119
180531: -101 -128
180532: -101 -137
180533: -101 -146
180534: -101 -155
180535: -110 -119
180536: -110 -128
180537: -110 -137
180538: -110 -146
180539: -110 -155
180540: -119 -128
180541: -119 -137
180542: -119 -146
180544: -128 -137
180545: -128 -146
180546: -128 -155
180547: -137 -146
180548: -137 -155
180549: -146 -155
180550: 83 92 101 110 119 128 137 146 155
180559: -93 -102
180560: -93 -111
180561: -93 -120
180563: -93 -138
180564: -93 -147
180565: -93 -156
180566: -102 -111
180567: -102 -120
180568: -102 -129
180569: -102 -138
180570: -102 -147
180572: -111 -120
180573: -111 -129
180574: -111 -138
180575: -111 -147
180576: -111 -156
180578: -120 -138
180580: -120 -156
180581: -129 -138
180582: -129 -147
180583: -129 -156
180584: -138 -147
180585: -138 -156
180586: -147 -156
180587: 84 93 102 111 120 129 138 147 156
180588: -85 -94
180589: -85 -103
180590: -85 -112
180591: -85 -121
180592: -85 -130
180593: -85 -139
180594: -85 -148
180595: -85 -157
180633: -95 -104
180634: -95 -113
180635: -95 -122
180636: -95 -131
180637: -95 -140
180638: -95 -149
180639: -95 -158
180640: -104 -113
180641: -104 -122
180642: -104 -131
180643: -104 -140
180644: -104 -149
180645: -104 -158
180647: -113 -131
180648: -113 -140
180649: -113 -149
180650: -113 -158
180651: -122 -131
180652: -122 -140
180653: -122 -149
180654: -122 -158
180655: -131 -140
180656: -131 -149
180657: -131 -158
180658: -140 -149
180659: -140 -158
180660: -149 -158
180661: 86 95 104 113 122 131 140 149 158
180670: -96 -105
180671: -96 -114
180672: -96 -123
180673: -96 -132
180674: -96 -141
180675: -96 -150
180676: -96 -159
180677: -105 -114
180678: -105 -123
180679: -105 -132
180680: -105 -141
180681: -105 -150
180682: -105 -159
180683: -114 -123
180684: -114 -132
180685: -114 -141
180686: -114 -150
180687: -114 -159
180688: -123 -132
180689: -123 -141
180690: -123 -150
180691: -123 -159
180692: -132 -141
180693: -132 -150
180694: -132 -159
180695: -141 -150
180696: -141 -159
180697: -150 -159
180698: 87 96 105 114 123 132 141 150 159
180707: -97 -106
180708: -97 -115
180709: -97 -124
180710: -97 -133
180711: -97 -142
180712: -97 -151
180713: -97 -160
180714: -106 -115
180715: -106 -124
180716: -106 -133
180717: -106 -142
180718: -106 -151
180719: -106 -160
180720: -115 -124
180721: -115 -133
180722: -115 -142
180723: -115 -151
180724: -115 -160
180725: -124 -133
180726: -124 -142
180727: -124 -151
180728: -124 -160
180729: -133 -142
180730: -133 -151
180731: -133 -160
180732: -142 -151
180733: -142 -160
180734: -151 -160
180735: 88 97 106 115 124 133 142 151 160
180744: -98 -107
180745: -98 -116
180746: -98 -125
180747: -98 -134
180748: -98 -143
180749: -98 -152
180750: -98 -161
180751: -107 -116
180752: -107 -125
180753: -107 -134
180754: -107 -143
180755: -107 -152
180756: -107 -161
180757: -116 -125
180758: -116 -134
180759: -116 -143
180760: -116 -152
180761: -116 -161
180762: -125 -134
180763: -125 -143
180764: -125 -152
180765: -125 -161
180766: -134 -143
180767: -134 -152
180768: -134 -161
180769: -143 -152
180771: -152 -161
180772: 89 98 107 116 125 134 143 152 161
180781: -99 -108
180782: -99 -117
180783: -99 -126
180784: -99 -135
180785: -99 -144
180786: -99 -153
180787: -99 -162
180788: -108 -117
180789: -108 -126
180790: -108 -135
180791: -108 -144
180792: -108 -153
180793: -108 -162
180794: -117 -126
180795: -117 -135
180796: -117 -144
180797: -117 -153
180798: -117 -162
180800: -126 -144
180803: -135 -144
180804: -135 -153
180805: -135 -162
180806: -144 -153
180807: -144 -162
180808: -153 -162
180809: 90 99 108 117 126 135 144 153 162
180818: -172 -181
180820: -172 -199
180821: -172 -208
180822: -172 -217
180823: -172 -226
180825: -181 -190
180826: -181 -199
180827: -181 -208
180828: -181 -217
180829: -181 -226
180830: -181 -235
180831: -190 -199
180832: -190 -208
180833: -190 -217
180834: -190 -226
180835: -190 -235
180836: -199 -208
180837: -199 -217
180838: -199 -226
180839: -199 -235
180840: -208 -217
180841: -208 -226
180842: -208 -235
180843: -217 -226
180844: -217 -235
180845: -226 -235
180846: 163 172 181 190 199 208 217 226 235
180856: -173 -191
180857: -173 -200
180858: -173 -209
180859: -173 -218
180860: -173 -227
180861: -173 -236
180868: -191 -200
180869: -191 -209
180870: -191 -218
180871: -191 -227
180872: -191 -236
180873: -200 -209
180874: -200 -218
180875: -200 -227
180876: -200 -236
180877: -209 -218
180878: -209 -227
180879: -209 -236
180880: -218 -227
180881: -218 -236
180882: -227 -236
180883: 164 173 182 191 200 209 218 227 236
180884: -165 -174
180885: -165 -183
180886: -165 -192
180887: -165 -201
180888: -165 -210
180889: -165 -219
180890: -165 -228
180891: -165 -237
180893: -174 -192
180894: -174 -201
180895: -174 -210
180896: -174 -219
180897: -174 -228
180898: -174 -237
180899: -183 -192
180900: -183 -201
180902: -183 -219
180903: -183 -228
180904: -183 -237
180905: -192 -201
180906: -192 -210
180907: -192 -219
180908: -192 -228
180909: -192 -237
180910: -201 -210
180911: -201 -219
180912: -201 -228
180913: -201 -237
180914: -210 -219
180915: -210 -228
180916: -210 -237
180917: -219 -228
180918: -219 -237
180919: -228 -237
180920: 165 174 183 192 201 210 219 228 237
180929: -175 -184
180930: -175 -193
180931: -175 -202
180932: -175 -211
180933: -175 -220
180934: -175 -229
180935: -175 -238
180936: -184 -193
180937: -184 -202
180938: -184 -211
180939: -184 -220
180940: -184 -229
180941: -184 -238
180943: -193 -211
180944: -193 -220
180945: -193 -229
180946: -193 -238
180947: -202 -211
180948: -202 -220
180949: -202 -229
180950: -202 -238
180951: -211 -220
180952: -211 -229
180953: -211 -238
180954: -220 -229
180955: -220 -238
180956: -229 -238
180957: 166 175 184 193 202 211 220 229 238
180958: -167 -176
180959: -167 -185
180960: -167 -194
180961: -167 -203
180962: -167 -212
180963: -167 -221
180964: -167 -230
180965: -167 -239
180966: -176 -185
180967: -176 -194
180968: -176 -203
180969: -176 -212
180970: -176 -221
180971: -176 -230
180972: -176 -239
180973: -185 -194
180974: -185 -203
180975: -185 -212
180976: -185 -221
180977: -185 -230
180978: -185 -239
180979: -194 -203
180980: -194 -212
180981: -194 -221
180982: -194 -230
180983: -194 -239
180984: -203 -212
180986: -203 -230
180987: -203 -239
180988: -212 -221
180989: -212 -230
180990: -212 -239
180991: -221 -230
180992: -221 -239
180993: -230 -239
180994: 167 176 185 194 203 212 221 230 239
180995: -168 -177
180996: -168 -186
180997: -168 -195
180998: -168 -204
180999: -168 -213
181000: -168 -222
181001: -168 -231
181002: -168 -240
181003: -177 -186
181004: -177 -195
181005: -177 -204
181006: -177 -213
181007: -177 -222
181008: -177 -231
181009: -177 -240
181010: -186 -195
181011: -186 -204
181012: -186 -213
181013: -186 -222
181014: -186 -231
181015: -186 -240
181016: -195 -204
181017: -195 -213
181018: -195 -222
181019: -195 -231
181020: -195 -240
181021: -204 -213
181022: -204 -222
181023: -204 -231
181024: -204 -240
181025: -213 -222
181027: -213 -240
181028: -222 -231
181029: -222 -240
181031: 168 177 186 195 204 213 222 231 240
181032: -169 -178
181033: -169 -187
181034: -169 -196
181035: -169 -205
181036: -169 -214
181037: -169 -223
181038: -169 -232
181039: -169 -241
181040: -178 -187
181041: -178 -196
181042: -178 -205
181043: -178 -214
181044: -178 -223
181045: -178 -232
181046: -178 -241
181047: -187 -196
181048: -187 -205
181049: -187 -214
181050: -187 -223
181051: -187 -232
181052: -187 -241
181053: -196 -205
181054: -196 -214
181055: -196 -223
181056: -196 -232
181057: -196 -241
181058: -205 -214
181059: -205 -223
181060: -205 -232
181061: -205 -241
181062: -214 -223
181063: -214 -232
181064: -214 -241
181065: -223 -232
181066: -223 -241
181067: -232 -241
181068: 169 178 187 196 205 214 223 232 241
181069: -170 -179
181070: -170 -188
181071: -170 -197
181072: -170 -206
181073: -170 -215
181074: -170 -224
181075: -170 -233
181076: -170 -242
181077: -179 -188
181078: -179 -197
181079: -179 -206
181080: -179 -215
181081: -179 -224
181082: -179 -233
181083: -179 -242
181084: -188 -197
181085: -188 -206
181086: -188 -215
181087: -188 -224
181088: -188 -233
181089: -188 -242
181090: -197 -206
181091: -197 -215
181092: -197 -224
181093: -197 -233
181094: -197 -242
181095: -206 -215
181096: -206 -224
181097: -206 -233
181098: -206 -242
181099: -215 -224
181100: -215 -233
181101: -215 -242
181102: -224 -233
181103: -224 -242
181104: -233 -242
181105: 170 179 188 197 206 215 224 233 242
181106: -171 -180
181107: -171 -189
181108: -171 -198
181109: -171 -207
181110: -171 -216
181111: -171 -225
181112: -171 -234
181113: -171 -243
181114: -180 -189
181115: -180 -198
181116: -180 -207
181117: -180 -216
181118: -180 -225
181119: -180 -234
181120: -180 -243
181121: -189 -198
181122: -189 -207
181123: -189 -216
181124: -189 -225
181125: -189 -234
181126: -189 -243
181127: -198 -207
181128: -198 -216
181129: -198 -225
181130: -198 -234
181131: -198 -243
181132: -207 -216
181133: -207 -225
181134: -207 -234
181135: -207 -243
181136: -216 -225
181137: -216 -234
181138: -216 -243
181139: -225 -234
181140: -225 -243
181141: -234 -243
181142: 171 180 189 198 207 216 225 234 243
181158: -262 -271
181159: -262 -280
181160: -262 -289
181161: -262 -298
181162: -262 -307
181163: -262 -316
181164: -271 -280
181165: -271 -289
181166: -271 -298
181167: -271 -307
181168: -271 -316
181169: -280 -289
181170: -280 -298
181171: -280 -307
181172: -280 -316
181173: -289 -298
181174: -289 -307
181175: -289 -316
181176: -298 -307
181177: -298 -316
181178: -307 -316
181179: 244 253 262 271 280 289 298 307 316
181180: -245 -254
181181: -245 -263
181182: -245 -272
181183: -245 -281
181184: -245 -290
181185: -245 -299
181186: -245 -308
181187: -245 -317
181188: -254 -263
181189: -254 -272
181190: -254 -281
181191: -254 -290
181192: -254 -299
181193: -254 -308
181194: -254 -317
181195: -263 -272
181196: -263 -281
181197: -263 -290
181198: -263 -299
181199: -263 -308
181200: -263 -317
181201: -272 -281
181202: -272 -290
181203: -272 -299
181204: -272 -308
181205: -272 -317
181206: -281 -290
181207: -281 -299
181208: -281 -308
181209: -281 -317
181210: -290 -299
181211: -290 -308
181212: -290 -317
181213: -299 -308
181214: -299 -317
181215: -308 -317
181216: 245 254 263 272 281 290 299 308 317
181233: -264 -282
181234: -264 -291
181235: -264 -300
181236: -264 -309
181237: -264 -318
181243: -282 -291
181244: -282 -300
181245: -282 -309
181246: -282 -318
181247: -291 -300
181248: -291 -309
181249: -291 -318
181250: -300 -309
181251: -300 -318
181252: -309 -318
181253: 246 255 264 273 282 291 300 309 318
181254: -247 -256
181255: -247 -265
181256: -247 -274
181257: -247 -283
181258: -247 -292
181259: -247 -301
181260: -247 -310
181261: -247 -319
181262: -256 -265
181263: -256 -274
181264: -256 -283
181265: -256 -292
181266: -256 -301
181267: -256 -310
181268: -256 -319
181270: -265 -283
181271: -265 -292
181272: -265 -301
181273: -265 -310
181274: -265 -319
181275: -274 -283
181276: -274 -292
181277: -274 -301
181278: -274 -310
181280: -283 -292
181281: -283 -301
181282: -283 -310
181283: -283 -319
181284: -292 -301
181285: -292 -310
181286: -292 -319
181287: -301 -310
181288: -301 -319
181289: -310 -319
181290: 247 256 265 274 283 292 301 310 319
181292: -248 -266
181293: -248 -275
181294: -248 -284
181295: -248 -293
181296: -248 -302
181297: -248 -311
181298: -248 -320
181306: -266 -275
181307: -266 -284
181308: -266 -293
181309: -266 -302
181310: -266 -311
181311: -266 -320
181312: -275 -284
181313: -275 -293
181314: -275 -302
181315: -275 -311
181316: -275 -320
181317: -284 -293
181318: -284 -302
181319: -284 -311
181320: -284 -320
181321: -293 -302
181322: -293 -311
181323: -293 -320
181324: -302 -311
181325: -302 -320
181326: -311 -320
181327: 248 257 266 275 284 293 302 311 320
181328: -249 -258
181329: -249 -267
181330: -249 -276
181331: -249 -285
181332: -249 -294
181333: -249 -303
181334: -249 -312
181335: -249 -321
181336: -258 -267
181337: -258 -276
181338: -258 -285
181339: -258 -294
181340: -258 -303
181341: -258 -312
181342: -258 -321
181343: -267 -276
181344: -267 -285
181345: -267 -294
181346: -267 -303
181347: -267 -312
181348: -267 -321
181349: -276 -285
181350: -276 -294
181351: -276 -303
181352: -276 -312
181353: -276 -321
181354: -285 -294
181355: -285 -303
181356: -285 -312
181357: -285 -321
181358: -294 -303
181359: -294 -312
181360: -294 -321
181361: -303 -312
181362: -303 -321
181363: -312 -321
181364: 249 258 267 276 285 294 303 312 321
181365: -250 -259
181366: -250 -268
181367: -250 -277
181368: -250 -286
181369: -250 -295
181370: -250 -304
181371: -250 -313
181372: -250 -322
181373: -259 -268
181374: -259 -277
181375: -259 -286
181376: -259 -295
181377: -259 -304
181378: -259 -313
181379: -259 -322
181380: -268 -277
181381: -268 -286
181382: -268 -295
181383: -268 -304
181384: -268 -313
181385: -268 -322
181386: -277 -286
181387: -277 -295
181388: -277 -304
181389: -277 -313
181390: -277 -322
181391: -286 -295
181392: -286 -304
181393: -286 -313
181394: -286 -322
181395: -295 -304
181396: -295 -313
181397: -295 -322
181398: -304 -313
181399: -304 -322
181400: -313 -322
181401: 250 259 268 277 286 295 304 313 322
181402: -251 -260
181403: -251 -269
181404: -251 -278
181405: -251 -287
181406: -251 -296
181407: -251 -305
181408: -251 -314
181409: -251 -323
181410: -260 -269
181411: -260 -278
181412: -260 -287
181413: -260 -296
181414: -260 -305
181415: -260 -314
181416: -260 -323
181417: -269 -278
181418: -269 -287
181419: -269 -296
181420: -269 -305
181421: -269 -314
181422: -269 -323
181423: -278 -287
181424: -278 -296
181425: -278 -305
181426: -278 -314
181427: -278 -323
181428: -287 -296
181429: -287 -305
181430: -287 -314
181431: -287 -323
181432: -296 -305
181433: -296 -314
181434: -296 -323
181435: -305 -314
181436: -305 -323
181437: -314 -323
181438: 251 260 269 278 287 296 305 314 323
181439: -252 -261
181440: -252 -270
181441: -252 -279
181442: -252 -288
181443: -252 -297
181444: -252 -306
181445: -252 -315
181446: -252 -324
181447: -261 -270
181448: -261 -279
181449: -261 -288
181450: -261 -297
181451: -261 -306
181452: -261 -315
181453: -261 -324
181454: -270 -279
181455: -270 -288
181456: -270 -297
181457: -270 -306
181458: -270 -315
181459: -270 -324
181460: -279 -288
181461: -279 -297
181462: -279 -306
181463: -279 -315
181464: -279 -324
181465: -288 -297
181466: -288 -306
181467: -288 -315
181468: -288 -324
181469: -297 -306
181470: -297 -315
181471: -297 -324
181472: -306 -315
181473: -306 -324
181474: -315 -324
181475: 252 261 270 279 288 297 306 315 324
181493: -343 -370
181494: -343 -379
181495: -343 -388
181496: -343 -397
181501: -352 -397
181506: -370 -379
181507: -370 -388
181508: -370 -397
181509: -379 -388
181510: -379 -397
181511: -388 -397
181512: 325 334 343 352 361 370 379 388 397
181528: -344 -353
181529: -344 -362
181530: -344 -371
181531: -344 -380
181532: -344 -389
181533: -344 -398
181538: -353 -398
181539: -362 -371
181540: -362 -380
181541: -362 -389
181542: -362 -398
181543: -371 -380
181544: -371 -389
181545: -371 -398
181546: -380 -389
181548: -389 -398
181549: 326 335 344 353 362 371 380 389 398
181551: -327 -345
181552: -327 -354
181553: -327 -363
181554: -327 -372
181555: -327 -381
181556: -327 -390
181557: -327 -399
181565: -345 -354
181567: -345 -372
181568: -345 -381
181569: -345 -390
181570: -345 -399
181571: -354 -363
181572: -354 -372
181573: -354 -381
181574: -354 -390
181575: -354 -399
181576: -363 -372
181577: -363 -381
181578: -363 -390
181579: -363 -399
181581: -372 -390
181582: -372 -399
181583: -381 -390
181584: -381 -399
181585: -390 -399
181586: 327 336 345 354 363 372 381 390 399
181625: -329 -347
181626: -329 -356
181628: -329 -374
181629: -329 -383
181630: -329 -392
181631: -329 -401
181639: -347 -356
181640: -347 -365
181645: -356 -365
181646: -356 -374
181647: -356 -383
181648: -356 -392
181649: -356 -401
181650: -365 -374
181651: -365 -383
181652: -365 -392
181653: -365 -401
181655: -374 -392
181658: -383 -401
181660: 329 338 347 356 365 374 383 392 401
181662: -330 -348
181663: -330 -357
181664: -330 -366
181665: -330 -375
181666: -330 -384
181667: -330 -393
181668: -330 -402
181676: -348 -357
181677: -348 -366
181678: -348 -375
181679: -348 -384
181680: -348 -393
181681: -348 -402
181682: -357 -366
181683: -357 -375
181684: -357 -384
181685: -357 -393
181686: -357 -402
181687: -366 -375
181688: -366 -384
181689: -366 -393
181690: -366 -402
181692: -375 -393
181693: -375 -402
181694: -384 -393
181695: -384 -402
181697: 330 339 348 357 366 375 384 393 402
181699: -331 -349
181700: -331 -358
181701: -331 -367
181702: -331 -376
181703: -331 -385
181704: -331 -394
181705: -331 -403
181713: -349 -358
181714: -349 -367
181715: -349 -376
181716: -349 -385
181717: -349 -394
181718: -349 -403
181719: -358 -367
181720: -358 -376
181721: -358 -385
181722: -358 -394
181723: -358 -403
181724: -367 -376
181725: -367 -385
181726: -367 -394
181727: -367 -403
181728: -376 -385
181729: -376 -394
181730: -376 -403
181731: -385 -394
181732: -385 -403
181733: -394 -403
181734: 331 340 349 358 367 376 385 394 403
181736: -332 -350
181737: -332 -359
181738: -332 -368
181739: -332 -377
181740: -332 -386
181741: -332 -395
181742: -332 -404
181750: -350 -359
181751: -350 -368
181752: -350 -377
181753: -350 -386
181754: -350 -395
181755: -350 -404
181756: -359 -368
181757: -359 -377
181758: -359 -386
181759: -359 -395
181760: -359 -404
181761: -368 -377
181762: -368 -386
181763: -368 -395
181764: -368 -404
181765: -377 -386
181766: -377 -395
181767: -377 -404
181768: -386 -395
181769: -386 -404
181770: -395 -404
181771: 332 341 350 359 368 377 386 395 404
181773: -333 -351
181774: -333 -360
181775: -333 -369
181776: -333 -378
181777: -333 -387
181778: -333 -396
181779: -333 -405
181787: -351 -360
181788: -351 -369
181789: -351 -378
181790: -351 -387
181791: -351 -396
181792: -351 -405
181793: -360 -369
181794: -360 -378
181795: -360 -387
181796: -360 -396
181797: -360 -405
181798: -369 -378
181799: -369 -387
181800: -369 -396
181801: -369 -405
181802: -378 -387
181803: -378 -396
181804: -378 -405
181805: -387 -396
181806: -387 -405
181807: -396 -405
181808: 333 342 351 360 369 378 387 396 405
181817: -415 -424
181818: -415 -433
181819: -415 -442
181820: -415 -451
181821: -415 -460
181822: -415 -469
181823: -415 -478
181824: -424 -433
181825: -424 -442
181826: -424 -451
181829: -424 -478
181830: -433 -442
181831: -433 -451
181832: -433 -460
181833: -433 -469
181834: -433 -478
181835: -442 -451
181836: -442 -460
181837: -442 -469
181838: -442 -478
181839: -451 -460
181840: -451 -469
181841: -451 -478
181842: -460 -469
181843: -460 -478
181844: -469 -478
181845: 406 415 424 433 442 451 460 469 478
181846: -407 -416
181847: -407 -425
181848: -407 -434
181849: -407 -443
181850: -407 -452
181851: -407 -461
181852: -407 -470
181853: -407 -479
181855: -416 -434
181856: -416 -443
181859: -416 -470
181860: -416 -479
181861: -425 -434
181862: -425 -443
181863: -425 -452
181865: -425 -470
181866: -425 -479
181867: -434 -443
181868: -434 -452
181869: -434 -461
181870: -434 -470
181871: -434 -479
181872: -443 -452
181873: -443 -461
181874: -443 -470
181875: -443 -479
181876: -452 -461
181877: -452 -470
181878: -452 -479
181879: -461 -470
181880: -461 -479
181881: -470 -479
181882: 407 416 425 434 443 452 461 470 479
181883: -408 -417
181884: -408 -426
181885: -408 -435
181886: -408 -444
181887: -408 -453
181888: -408 -462
181889: -408 -471
181890: -408 -480
181891: -417 -426
181892: -417 -435
181893: -417 -444
181894: -417 -453
181895: -417 -462
181898: -426 -435
181899: -426 -444
181901: -426 -462
181902: -426 -471
181903: -426 -480
181904: -435 -444
181905: -435 -453
181906: -435 -462
181907: -435 -471
181908: -435 -480
181909: -444 -453
181911: -444 -471
181912: -444 -480
181913: -453 -462
181914: -453 -471
181916: -462 -471
181918: -471 -480
181919: 408 417 426 435 444 453 462 471 480
181920: -409 -418
181921: -409 -427
181922: -409 -436
181923: -409 -445
181924: -409 -454
181925: -409 -463
181926: -409 -472
181927: -409 -481
181928: -418 -427
181929: -418 -436
181930: -418 -445
181931: -418 -454
181932: -418 -463
181933: -418 -472
181934: -418 -481
181935: -427 -436
181936: -427 -445
181937: -427 -454
181938: -427 -463
181939: -427 -472
181940: -427 -481
181941: -436 -445
181942: -436 -454
181943: -436 -463
181944: -436 -472
181945: -436 -481
181946: -445 -454
181947: -445 -463
181948: -445 -472
181949: -445 -481
181950: -454 -463
181951: -454 -472
181952: -454 -481
181953: -463 -472
181954: -463 -481
181955: -472 -481
181956: 409 418 427 436 445 454 463 472 481
181957: -410 -419
181958: -410 -428
181959: -410 -437
181960: -410 -446
181961: -410 -455
181962: -410 -464
181963: -410 -473
181964: -410 -482
181966: -419 -437
181967: -419 -446
181968: -419 -455
181969: -419 -464
181970: -419 -473
181971: -419 -482
181974: -428 -455
181977: -428 -482
181978: -437 -446
181979: -437 -455
181980: -437 -464
181981: -437 -473
181982: -437 -482
181984: -446 -464
181985: -446 -473
181986: -446 -482
181987: -455 -464
181988: -455 -473
181991: -464 -482
181993: 410 419 428 437 446 455 464 473 482
181994: -411 -420
181995: -411 -429
181996: -411 -438
181997: -411 -447
181998: -411 -456
181999: -411 -465
182000: -411 -474
182001: -411 -483
182003: -420 -438
182004: -420 -447
182007: -420 -474
182008: -420 -483
182009: -429 -438
182010: -429 -447
182014: -429 -483
182015: -438 -447
182016: -438 -456
182017: -438 -465
182018: -438 -474
182019: -438 -483
182020: -447 -456
182021: -447 -465
182022: -447 -474
182023: -447 -483
182024: -456 -465
182025: -456 -474
182026: -456 -483
182028: -465 -483
182029: -474 -483
182030: 411 420 429 438 447 456 465 474 483
182031: -412 -421
182032: -412 -430
182033: -412 -439
182034: -412 -448
182035: -412 -457
182036: -412 -466
182037: -412 -475
182038: -412 -484
182039: -421 -430
182040: -421 -439
182041: -421 -448
182042: -421 -457
182043: -421 -466
182044: -421 -475
182045: -421 -484
182046: -430 -439
182047: -430 -448
182048: -430 -457
182049: -430 -466
182050: -430 -475
182051: -430 -484
182052: -439 -448
182053: -439 -457
182054: -439 -466
182055: -439 -475
182056: -439 -484
182057: -448 -457
182058: -448 -466
182059: -448 -475
182060: -448 -484
182061: -457 -466
182062: -457 -475
182063: -457 -484
182064: -466 -475
182066: -475 -484
182067: 412 421 430 439 448 457 466 475 484
182068: -413 -422
182069: -413 -431
182070: -413 -440
182071: -413 -449
182072: -413 -458
182073: -413 -467
182074: -413 -476
182075: -413 -485
182076: -422 -431
182077: -422 -440
182078: -422 -449
182079: -422 -458
182080: -422 -467
182081: -422 -476
182082: -422 -485
182083: -431 -440
182084: -431 -449
182085: -431 -458
182086: -431 -467
182087: -431 -476
182088: -431 -485
182089: -440 -449
182090: -440 -458
182091: -440 -467
182092: -440 -476
182093: -440 -485
182094: -449 -458
182095: -449 -467
182096: -449 -476
182097: -449 -485
182098: -458 -467
182099: -458 -476
182100: -458 -485
182101: -467 -476
182102: -467 -485
182103: -476 -485
182104: 413 422 431 440 449 458 467 476 485
182113: -423 -432
182114: -423 -441
182115: -423 -450
182117: -423 -468
182118: -423 -477
182119: -423 -486
182120: -432 -441
182121: -432 -450
182123: -432 -468
182124: -432 -477
182125: -432 -486
182126: -441 -450
182128: -441 -468
182129: -441 -477
182130: -441 -486
182132: -450 -468
182133: -450 -477
182134: -450 -486
182138: -468 -477
182139: -468 -486
182140: -477 -486
182141: 414 423 432 441 450 459 468 477 486
182150: -496 -505
182151: -496 -514
182152: -496 -523
182153: -496 -532
182154: -496 -541
182155: -496 -550
182156: -496 -559
182157: -505 -514
182158: -505 -523
182159: -505 -532
182160: -505 -541
182161: -505 -550
182162: -505 -559
182163: -514 -523
182164: -514 -532
182165: -514 -541
182166: -514 -550
182167: -514 -559
182168: -523 -532
182169: -523 -541
182170: -523 -550
182171: -523 -559
182172: -532 -541
182173: -532 -550
182174: -532 -559
182175: -541 -550
182176: -541 -559
182177: -550 -559
182178: 487 496 505 514 523 532 541 550 559
182179: -488 -497
182180: -488 -506
182181: -488 -515
182182: -488 -524
182183: -488 -533
182184: -488 -542
182185: -488 -551
182186: -488 -560
182187: -497 -506
182188: -497 -515
182189: -497 -524
182190: -497 -533
182192: -497 -551
182194: -506 -515
182195: -506 -524
182196: -506 -533
182197: -506 -542
182198: -506 -551
182199: -506 -560
182200: -515 -524
182201: -515 -533
182202: -515 -542
182203: -515 -551
182204: -515 -560
182205: -524 -533
182206: -524 -542
182207: -524 -551
182208: -524 -560
182209: -533 -542
182210: -533 -551
182211: -533 -560
182212: -542 -551
182213: -542 -560
182214: -551 -560
182215: 488 497 506 515 524 533 542 551 560
182216: -489 -498
182217: -489 -507
182218: -489 -516
182219: -489 -525
182220: -489 -534
182221: -489 -543
182222: -489 -552
182223: -489 -561
182224: -498 -507
182225: -498 -516
182226: -498 -525
182227: -498 -534
182228: -498 -543
182229: -498 -552
182230: -498 -561
182231: -507 -516
182232: -507 -525
182233: -507 -534
182235: -507 -552
182236: -507 -561
182237: -516 -525
182238: -516 -534
182239: -516 -543
182240: -516 -552
182241: -516 -561
182242: -525 -534
182243: -525 -543
182244: -525 -552
182245: -525 -561
182246: -534 -543
182248: -534 -561
182249: -543 -552
182250: -543 -561
182251: -552 -561
182252: 489 498 507 516 525 534 543 552 561
182253: -490 -499
182254: -490 -508
182255: -490 -517
182256: -490 -526
182257: -490 -535
182258: -490 -544
182259: -490 -553
182260: -490 -562
182261: -499 -508
182262: -499 -517
182263: -499 -526
182264: -499 -535
182265: -499 -544
182266: -499 -553
182267: -499 -562
182268: -508 -517
182269: -508 -526
182270: -508 -535
182271: -508 -544
182272: -508 -553
182273: -508 -562
182274: -517 -526
182275: -517 -535
182276: -517 -544
182277: -517 -553
182278: -517 -562
182279: -526 -535
182280: -526 -544
182281: -526 -553
182282: -526 -562
182283: -535 -544
182284: -535 -553
182285: -535 -562
182286: -544 -553
182287: -544 -562
182288: -553 -562
182289: 490 499 508 517 526 535 544 553 562
182290: -491 -500
182291: -491 -509
182292: -491 -518
182293: -491 -527
182294: -491 -536
182295: -491 -545
182296: -491 -554
182297: -491 -563
182298: -500 -509
182299: -500 -518
182300: -500 -527
182301: -500 -536
182302: -500 -545
182303: -500 -554
182304: -500 -563
182305: -509 -518
182306: -509 -527
182308: -509 -545
182309: -509 -554
182311: -518 -527
182312: -518 -536
182313: -518 -545
182314: -518 -554
182315: -518 -563
182316: -527 -536
182318: -527 -554
182319: -527 -563
182322: -536 -563
182323: -545 -554
182324: -545 -563
182325: -554 -563
182326: 491 500 509 518 527 536 545 554 563
182335: -501 -510
182336: -501 -519
182337: -501 -528
182338: -501 -537
182340: -501 -555
182341: -501 -564
182342: -510 -519
182343: -510 -528
182344: -510 -537
182346: -510 -555
182347: -510 -564
182348: -519 -528
182349: -519 -537
182351: -519 -555
182352: -519 -564
182353: -528 -537
182355: -528 -555
182356: -528 -564
182358: -537 -555
182359: -537 -564
182362: -555 -564
182363: 492 501 510 519 528 537 546 555 564
182364: -493 -502
182365: -493 -511
182366: -493 -520
182367: -493 -529
182368: -493 -538
182369: -493 -547
182370: -493 -556
182371: -493 -565
182373: -502 -520
182374: -502 -529
182375: -502 -538
182377: -502 -556
182378: -502 -565
182379: -511 -520
182380: -511 -529
182384: -511 -565
182385: -520 -529
182386: -520 -538
182387: -520 -547
182388: -520 -556
182389: -520 -565
182390: -529 -538
182391: -529 -547
182392: -529 -556
182393: -529 -565
182396: -538 -565
182398: -547 -565
182399: -556 -565
182400: 493 502 511 520 529 538 547 556 565
182401: -494 -503
182402: -494 -512
182403: -494 -521
182404: -494 -530
182405: -494 -539
182406: -494 -548
182407: -494 -557
182408: -494 -566
182409: -503 -512
182410: -503 -521
182411: -503 -530
182412: -503 -539
182413: -503 -548
182414: -503 -557
182415: -503 -566
182416: -512 -521
182417: -512 -530
182418: -512 -539
182419: -512 -548
182420: -512 -557
182421: -512 -566
182422: -521 -530
182423: -521 -539
182424: -521 -548
182425: -521 -557
182426: -521 -566
182427: -530 -539
182428: -530 -548
182429: -530 -557
182430: -530 -566
182431: -539 -548
182432: -539 -557
182433: -539 -566
182435: -548 -566
182436: -557 -566
182437: 494 503 512 521 530 539 548 557 566
182438: -495 -504
182439: -495 -513
182440: -495 -522
182441: -495 -531
182442: -495 -540
182443: -495 -549
182444: -495 -558
182445: -495 -567
182446: -504 -513
182447: -504 -522
182448: -504 -531
182449: -504 -540
182450: -504 -549
182451: -504 -558
182452: -504 -567
182453: -513 -522
182454: -513 -531
182455: -513 -540
182456: -513 -549
182457: -513 -558
182458: -513 -567
182459: -522 -531
182460: -522 -540
182461: -522 -549
182462: -522 -558
182463: -522 -567
182464: -531 -540
182465: -531 -549
182466: -531 -558
182467: -531 -567
182468: -540 -549
182471: -549 -558
182472: -549 -567
182473: -558 -567
182474: 495 504 513 522 531 540 549 558 567
182483: -577 -586
182484: -577 -595
182485: -577 -604
182486: -577 -613
182487: -577 -622
182488: -577 -631
182489: -577 -640
182490: -586 -595
182491: -586 -604
182492: -586 -613
182493: -586 -622
182494: -586 -631
182495: -586 -640
182496: -595 -604
182497: -595 -613
182498: -595 -622
182499: -595 -631
182500: -595 -640
182501: -604 -613
182502: -604 -622
182503: -604 -631
182504: -604 -640
182505: -613 -622
182506: -613 -631
182507: -613 -640
182508: -622 -631
182509: -622 -640
182510: -631 -640
182511: 568 577 586 595 604 613 622 631 640
182512: -569 -578
182513: -569 -587
182514: -569 -596
182515: -569 -605
182516: -569 -614
182517: -569 -623
182518: -569 -632
182519: -569 -641
182520: -578 -587
182521: -578 -596
182522: -578 -605
182527: -587 -596
182528: -587 -605
182529: -587 -614
182530: -587 -623
182531: -587 -632
182532: -587 -641
182533: -596 -605
182534: -596 -614
182535: -596 -623
182536: -596 -632
182537: -596 -641
182538: -605 -614
182539: -605 -623
182540: -605 -632
182541: -605 -641
182542: -614 -623
182543: -614 -632
182544: -614 -641
182545: -623 -632
182546: -623 -641
182547: -632 -641
182548: 569 578 587 596 605 614 623 632 641
182549: -570 -579
182550: -570 -588
182551: -570 -597
182552: -570 -606
182553: -570 -615
182554: -570 -624
182555: -570 -633
182556: -570 -642
182557: -579 -588
182558: -579 -597
182559: -579 -606
182560: -579 -615
182561: -579 -624
182562: -579 -633
182563: -579 -642
182564: -588 -597
182565: -588 -606
182566: -588 -615
182567: -588 -624
182568: -588 -633
182569: -588 -642
182570: -597 -606
182571: -597 -615
182572: -597 -624
182573: -597 -633
182574: -597 -642
182575: -606 -615
182576: -606 -624
182577: -606 -633
182578: -606 -642
182580: -615 -633
182581: -615 -642
182582: -624 -633
182583: -624 -642
182584: -633 -642
182585: 570 579 588 597 606 615 624 633 642
182586: -571 -580
182587: -571 -589
182588: -571 -598
182589: -571 -607
182590: -571 -616
182591: -571 -625
182592: -571 -634
182593: -571 -643
182594: -580 -589
182595: -580 -598
182596: -580 -607
182597: -580 -616
182598: -580 -625
182599: -580 -634
182600: -580 -643
182601: -589 -598
182602: -589 -607
182603: -589 -616
182604: -589 -625
182605: -589 -634
182606: -589 -643
182607: -598 -607
182608: -598 -616
182609: -598 -625
182610: -598 -634
182611: -598 -643
182612: -607 -616
182613: -607 -625
182614: -607 -634
182615: -607 -643
182616: -616 -625
182617: -616 -634
182618: -616 -643
182619: -625 -634
182620: -625 -643
182621: -634 -643
182622: 571 580 589 598 607 616 625 634 643
182623: -572 -581
182624: -572 -590
182625: -572 -599
182626: -572 -608
182627: -572 -617
182628: -572 -626
182629: -572 -635
182630: -572 -644
182632: -581 -599
182633: -581 -608
182634: -581 -617
182635: -581 -626
182636: -581 -635
182637: -581 -644
182638: -590 -599
182639: -590 -608
182640: -590 -617
182642: -590 -635
182644: -599 -608
182645: -599 -617
182646: -599 -626
182647: -599 -635
182648: -599 -644
182649: -608 -617
182650: -608 -626
182651: -608 -635
182652: -608 -644
182653: -617 -626
182654: -617 -635
182655: -617 -644
182656: -626 -635
182657: -626 -644
182658: -635 -644
182659: 572 581 590 599 608 617 626 635 644
182660: -573 -582
182661: -573 -591
182662: -573 -600
182663: -573 -609
182664: -573 -618
182665: -573 -627
182666: -573 -636
182667: -573 -645
182668: -582 -591
182669: -582 -600
182670: -582 -609
182671: -582 -618
182672: -582 -627
182673: -582 -636
182674: -582 -645
182675: -591 -600
182676: -591 -609
182677: -591 -618
182678: -591 -627
182679: -591 -636
182680: -591 -645
182681: -600 -609
182682: -600 -618
182683: -600 -627
182684: -600 -636
182685: -600 -645
182686: -609 -618
182687: -609 -627
182688: -609 -636
182689: -609 -645
182690: -618 -627
182691: -618 -636
182692: -618 -645
182693: -627 -636
182694: -627 -645
182695: -636 -645
182696: 573 582 591 600 609 618 627 636 645
182705: -583 -592
182706: -583 -601
182707: -583 -610
182708: -583 -619
182709: -583 -628
182711: -583 -646
182712: -592 -601
182713: -592 -610
182714: -592 -619
182715: -592 -628
182717: -592 -646
182718: -601 -610
182719: -601 -619
182720: -601 -628
182722: -601 -646
182723: -610 -619
182724: -610 -628
182726: -610 -646
182727: -619 -628
182729: -619 -646
182731: -628 -646
182733: 574 583 592 601 610 619 628 637 646
182734: -575 -584
182735: -575 -593
182736: -575 -602
182737: -575 -611
182738: -575 -620
182739: -575 -629
182740: -575 -638
182741: -575 -647
182742: -584 -593
182743: -584 -602
182744: -584 -611
182745: -584 -620
182746: -584 -629
182747: -584 -638
182748: -584 -647
182749: -593 -602
182751: -593 -620
182752: -593 -629
182753: -593 -638
182755: -602 -611
182756: -602 -620
182757: -602 -629
182758: -602 -638
182759: -602 -647
182760: -611 -620
182761: -611 -629
182762: -611 -638
182763: -611 -647
182764: -620 -629
182766: -620 -647
182768: -629 -647
182769: -638 -647
182770: 575 584 593 602 611 620 629 638 647
182771: -576 -585
182772: -576 -594
182773: -576 -603
182774: -576 -612
182775: -576 -621
182776: -576 -630
182777: -576 -639
182778: -576 -648
182779: -585 -594
182780: -585 -603
182781: -585 -612
182782: -585 -621
182783: -585 -630
182784: -585 -639
182785: -585 -648
182786: -594 -603
182787: -594 -612
182788: -594 -621
182789: -594 -630
182790: -594 -639
182791: -594 -648
182792: -603 -612
182793: -603 -621
182794: -603 -630
182795: -603 -639
182796: -603 -648
182797: -612 -621
182798: -612 -630
182799: -612 -639
182800: -612 -648
182801: -621 -630
182802: -621 -639
182803: -621 -648
182804: -630 -639
182806: -639 -648
182807: 576 585 594 603 612 621 630 639 648
182816: -658 -667
182817: -658 -676
182818: -658 -685
182819: -658 -694
182820: -658 -703
182821: -658 -712
182822: -658 -721
182823: -667 -676
182824: -667 -685
182825: -667 -694
182826: -667 -703
182827: -667 -712
182828: -667 -721
182829: -676 -685
182830: -676 -694
182831: -676 -703
182832: -676 -712
182833: -676 -721
182834: -685 -694
182835: -685 -703
182836: -685 -712
182837: -685 -721
182838: -694 -703
182839: -694 -712
182840: -694 -721
182841: -703 -712
182842: -703 -721
182843: -712 -721
182844: 649 658 667 676 685 694 703 712 721
182845: -650 -659
182846: -650 -668
182847: -650 -677
182848: -650 -686
182849: -650 -695
182850: -650 -704
182851: -650 -713
182852: -650 -722
182854: -659 -677
182855: -659 -686
182856: -659 -695
182858: -659 -713
182860: -668 -677
182861: -668 -686
182862: -668 -695
182863: -668 -704
182864: -668 -713
182865: -668 -722
182866: -677 -686
182867: -677 -695
182868: -677 -704
182869: -677 -713
182870: -677 -722
182871: -686 -695
182872: -686 -704
182873: -686 -713
182874: -686 -722
182875: -695 -704
182876: -695 -713
182877: -695 -722
182878: -704 -713
182879: -704 -722
182880: -713 -722
182881: 650 659 668 677 686 695 704 713 722
182882: -651 -660
182883: -651 -669
182884: -651 -678
182885: -651 -687
182886: -651 -696
182887: -651 -705
182888: -651 -714
182889: -651 -723
182890: -660 -669
182891: -660 -678
182893: -660 -696
182894: -660 -705
182896: -660 -723
182897: -669 -678
182898: -669 -687
182899: -669 -696
182900: -669 -705
182901: -669 -714
182902: -669 -723
182903: -678 -687
182904: -678 -696
182905: -678 -705
182906: -678 -714
182907: -678 -723
182909: -687 -705
182911: -687 -723
182912: -696 -705
182914: -696 -723
182915: -705 -714
182916: -705 -723
182917: -714 -723
182918: 651 660 669 678 687 696 705 714 723
182919: -652 -661
182920: -652 -670
182921: -652 -679
182922: -652 -688
182923: -652 -697
182924: -652 -706
182925: -652 -715
182926: -652 -724
182927: -661 -670
182928: -661 -679
182929: -661 -688
182930: -661 -697
182931: -661 -706
182932: -661 -715
182933: -661 -724
182934: -670 -679
182935: -670 -688
182936: -670 -697
182937: -670 -706
182938: -670 -715
182939: -670 -724
182940: -679 -688
182941: -679 -697
182942: -679 -706
182943: -679 -715
182944: -679 -724
182945: -688 -697
182946: -688 -706
182947: -688 -715
182948: -688 -724
182949: -697 -706
182951: -697 -724
182952: -706 -715
182953: -706 -724
182954: -715 -724
182955: 652 661 670 679 688 697 706 715 724
182956: -653 -662
182957: -653 -671
182958: -653 -680
182959: -653 -689
182960: -653 -698
182961: -653 -707
182962: -653 -716
182963: -653 -725
182964: -662 -671
182965: -662 -680
182966: -662 -689
182967: -662 -698
182968: -662 -707
182969: -662 -716
182970: -662 -725
182971: -671 -680
182972: -671 -689
182973: -671 -698
182976: -671 -725
182977: -680 -689
182978: -680 -698
182979: -680 -707
182980: -680 -716
182981: -680 -725
182982: -689 -698
182983: -689 -707
182985: -689 -725
182986: -698 -707
182988: -698 -725
182989: -707 -716
182990: -707 -725
182991: -716 -725
182992: 653 662 671 680 689 698 707 716 725
182993: -654 -663
182994: -654 -672
182995: -654 -681
182996: -654 -690
182997: -654 -699
182998: -654 -708
182999: -654 -717
183000: -654 -726
183001: -663 -672
183002: -663 -681
183003: -663 -690
183004: -663 -699
183005: -663 -708
183006: -663 -717
183007: -663 -726
183008: -672 -681
183009: -672 -690
183010: -672 -699
183011: -672 -708
183012: -672 -717
183013: -672 -726
183014: -681 -690
183015: -681 -699
183016: -681 -708
183017: -681 -717
183018: -681 -726
183019: -690 -699
183020: -690 -708
183021: -690 -717
183022: -690 -726
183023: -699 -708
183024: -699 -717
183025: -699 -726
183026: -708 -717
183027: -708 -726
183028: -717 -726
183029: 654 663 672 681 690 699 708 717 726
183030: -655 -664
183031: -655 -673
183032: -655 -682
183033: -655 -691
183034: -655 -700
183035: -655 -709
183036: -655 -718
183037: -655 -727
183038: -664 -673
183039: -664 -682
183040: -664 -691
183041: -664 -700
183042: -664 -709
183043: -664 -718
183044: -664 -727
183045: -673 -682
183046: -673 -691
183047: -673 -700
183048: -673 -709
183049: -673 -718
183050: -673 -727
183051: -682 -691
183052: -682 -700
183053: -682 -709
183054: -682 -718
183055: -682 -727
183056: -691 -700
183057: -691 -709
183058: -691 -718
183059: -691 -727
183062: -700 -727
183063: -709 -718
183064: -709 -727
183065: -718 -727
183066: 655 664 673 682 691 700 709 718 727
183075: -665 -674
183076: -665 -683
183077: -665 -692
183078: -665 -701
183079: -665 -710
183080: -665 -719
183082: -674 -683
183083: -674 -692
183084: -674 -701
183085: -674 -710
183086: -674 -719
183088: -683 -692
183089: -683 -701
183090: -683 -710
183091: -683 -719
183093: -692 -701
183094: -692 -710
183095: -692 -719
183098: -701 -719
183100: -710 -719
183103: 656 665 674 683 692 701 710 719 728
183104: -657 -666
183105: -657 -675
183106: -657 -684
183107: -657 -693
183108: -657 -702
183109: -657 -711
183110: -657 -720
183111: -657 -729
183112: -666 -675
183113: -666 -684
183114: -666 -693
183115: -666 -702
183116: -666 -711
183117: -666 -720
183118: -666 -729
183119: -675 -684
183120: -675 -693
183122: -675 -711
183123: -675 -720
183124: -675 -729
183125: -684 -693
183126: -684 -702
183127: -684 -711
183128: -684 -720
183129: -684 -729
183130: -693 -702
183131: -693 -711
183132: -693 -720
183133: -693 -729
183135: -702 -720
183136: -702 -729
183138: -711 -729
183140: 657 666 675 684 693 702 711 720 729
183242: -173 -93 174
183244: -173 -95 336
183245: -173 -96 417
183246: -173 -97 498
183247: -173 -98 579
183248: -173 -99 660
183250: -254 -92 94
183254: -254 -96 418
183255: -254 -97 499
183256: -254 -98 580
183257: -254 -99 661
183268: -416 -92 96
183269: -416 -93 177
183271: -416 -95 339
183272: -416 -96 420
183273: -416 -97 501
183274: -416 -98 582
183275: -416 -99 663
183277: -497 -92 97
183278: -497 -93 178
183280: -497 -95 340
183281: -497 -96 421
183282: -497 -97 502
183283: -497 -98 583
183284: -497 -99 664
183286: -578 -92 98
183287: -578 -93 179
183289: -578 -95 341
183290: -578 -96 422
183291: -578 -97 503
183293: -578 -99 665
183295: -659 -92 99
183296: -659 -93 180
183298: -659 -95 342
183299: -659 -96 423
183300: -659 -97 504
183301: -659 -98 585
183302: -659 -99 666
183312: -102 -181 20
183314: -102 -183 182
183315: -102 -184 263
183316: -102 -185 344
183317: -102 -186 425
183318: -102 -187 506
183319: -102 -188 587
183320: -102 -189 668
183332: -264 -183 184
183333: -264 -184 265
183334: -264 -185 346
183335: -264 -186 427
183336: -264 -187 508
183337: -264 -188 589
183338: -264 -189 670
183339: -345 -181 23
183344: -345 -186 428
183345: -345 -187 509
183346: -345 -188 590
183347: -345 -189 671
183348: -426 -181 24
183350: -426 -183 186
183351: -426 -184 267
183352: -426 -185 348
183353: -426 -186 429
183354: -426 -187 510
183355: -426 -188 591
183356: -426 -189 672
183357: -507 -181 25
183359: -507 -183 187
183360: -507 -184 268
183361: -507 -185 349
183362: -507 -186 430
183364: -507 -188 592
183365: -507 -189 673
183366: -588 -181 26
183368: -588 -183 188
183369: -588 -184 269
183370: -588 -185 350
183371: -588 -186 431
183374: -588 -189 674
183375: -669 -181 27
183377: -669 -183 189
183378: -669 -184 270
183379: -669 -185 351
183380: -669 -186 432
183381: -669 -187 513
183382: -669 -188 594
183383: -669 -189 675
183402: -193 -271 30
183403: -193 -272 111
183405: -193 -274 273
183406: -193 -275 354
183407: -193 -276 435
183408: -193 -277 516
183409: -193 -278 597
183410: -193 -279 678
183429: -436 -271 33
183430: -436 -272 114
183432: -436 -274 276
183433: -436 -275 357
183434: -436 -276 438
183435: -436 -277 519
183436: -436 -278 600
183437: -436 -279 681
183438: -517 -271 34
183439: -517 -272 115
183441: -517 -274 277
183442: -517 -275 358
183443: -517 -276 439
183445: -517 -278 601
183446: -517 -279 682
183447: -598 -271 35
183448: -598 -272 116
183450: -598 -274 278
183451: -598 -275 359
183452: -598 -276 440
183453: -598 -277 521
183454: -598 -278 602
183455: -598 -279 683
183456: -679 -271 36
183457: -679 -272 117
183459: -679 -274 279
183460: -679 -275 360
183461: -679 -276 441
183462: -679 -277 522
183463: -679 -278 603
183476: -122 -363 200
183478: -122 -365 362
183479: -122 -366 443
183480: -122 -367 524
183481: -122 -368 605
183482: -122 -369 686
183484: -203 -362 120
183488: -203 -366 444
183489: -203 -367 525
183490: -203 -368 606
183491: -203 -369 687
183493: -284 -362 121
183494: -284 -363 202
183496: -284 -365 364
183497: -284 -366 445
183498: -284 -367 526
183499: -284 -368 607
183500: -284 -369 688
183511: -446 -362 123
183512: -446 -363 204
183514: -446 -365 366
183516: -446 -367 528
183517: -446 -368 609
183518: -446 -369 690
183520: -527 -362 124
183521: -527 -363 205
183523: -527 -365 367
183524: -527 -366 448
183525: -527 -367 529
183526: -527 -368 610
183527: -527 -369 691
183529: -608 -362 125
183530: -608 -363 206
183532: -608 -365 368
183533: -608 -366 449
183534: -608 -367 530
183536: -608 -369 692
183538: -689 -362 126
183539: -689 -363 207
183541: -689 -365 369
183542: -689 -366 450
183543: -689 -367 531
183544: -689 -368 612
183545: -689 -369 693
183555: -132 -451 47
183556: -132 -452 128
183557: -132 -453 209
183558: -132 -454 290
183559: -132 -455 371
183560: -132 -456 452
183561: -132 -457 533
183564: -213 -451 48
183565: -213 -452 129
183567: -213 -454 291
183569: -213 -456 453
183573: -294 -451 49
183574: -294 -452 130
183575: -294 -453 211
183577: -294 -455 373
183578: -294 -456 454
183579: -294 -457 535
183580: -294 -458 616
183582: -375 -451 50
183583: -375 -452 131
183584: -375 -453 212
183585: -375 -454 293
183587: -375 -456 455
183588: -375 -457 536
183589: -375 -458 617
183591: -456 -451 51
183601: -537 -452 133
183602: -537 -453 214
183603: -537 -454 295
183604: -537 -455 376
183605: -537 -456 457
183607: -537 -458 619
183609: -618 -451 53
183610: -618 -452 134
183611: -618 -453 215
183612: -618 -454 296
183613: -618 -455 377
183614: -618 -456 458
183615: -618 -457 539
183618: -699 -451 54
183620: -699 -453 216
183621: -699 -454 297
183623: -699 -456 459
183636: -142 -541 56
183638: -142 -543 218
183639: -142 -544 299
183640: -142 -545 380
183642: -142 -547 542
183643: -142 -548 623
183644: -142 -549 704
183645: -223 -541 57
183646: -223 -542 138
183648: -223 -544 300
183649: -223 -545 381
183651: -223 -547 543
183652: -223 -548 624
183653: -223 -549 705
183654: -304 -541 58
183655: -304 -542 139
183656: -304 -543 220
183657: -304 -544 301
183658: -304 -545 382
183660: -304 -547 544
183661: -304 -548 625
183662: -304 -549 706
183663: -385 -541 59
183664: -385 -542 140
183665: -385 -543 221
183666: -385 -544 302
183669: -385 -547 545
183671: -385 -549 707
183672: -466 -541 60
183673: -466 -542 141
183674: -466 -543 222
183678: -466 -547 546
183680: -466 -549 708
183681: -547 -541 61
183683: -547 -543 223
183684: -547 -544 304
183691: -628 -542 143
183692: -628 -543 224
183693: -628 -544 305
183694: -628 -545 386
183696: -628 -547 548
183697: -628 -548 629
183698: -628 -549 710
183699: -709 -541 63
183700: -709 -542 144
183701: -709 -543 225
183702: -709 -544 306
183703: -709 -545 387
183705: -709 -547 549
183706: -709 -548 630
183707: -709 -549 711
183717: -152 -631 65
183719: -152 -633 227
183720: -152 -634 308
183721: -152 -635 389
183722: -152 -636 470
183724: -152 -638 632
183725: -152 -639 713
183726: -233 -631 66
183727: -233 -632 147
183728: -233 -633 228
183729: -233 -634 309
183730: -233 -635 390
183731: -233 -636 471
183733: -233 -638 633
183734: -233 -639 714
183735: -314 -631 67
183736: -314 -632 148
183737: -314 -633 229
183738: -314 -634 310
183739: -314 -635 391
183740: -314 -636 472
183742: -314 -638 634
183743: -314 -639 715
183744: -395 -631 68
183745: -395 -632 149
183746: -395 -633 230
183747: -395 -634 311
183749: -395 -636 473
183751: -395 -638 635
183752: -395 -639 716
183753: -476 -631 69
183754: -476 -632 150
183755: -476 -633 231
183756: -476 -634 312
183757: -476 -635 393
183760: -476 -638 636
183761: -476 -639 717
183762: -557 -631 70
183763: -557 -632 151
183764: -557 -633 232
183765: -557 -634 313
183781: -719 -632 153
183782: -719 -633 234
183783: -719 -634 315
183784: -719 -635 396
183785: -719 -636 477
183787: -719 -638 639
183788: -719 -639 720
183798: -162 -721 74
183800: -162 -723 236
183801: -162 -724 317
183802: -162 -725 398
183803: -162 -726 479
183804: -162 -727 560
183806: -162 -729 722
183807: -243 -721 75
183808: -243 -722 156
183810: -243 -724 318
183811: -243 -725 399
183812: -243 -726 480
183813: -243 -727 561
183815: -243 -729 723
183816: -324 -721 76
183817: -324 -722 157
183818: -324 -723 238
183819: -324 -724 319
183820: -324 -725 400
183821: -324 -726 481
183822: -324 -727 562
183824: -324 -729 724
183825: -405 -721 77
183826: -405 -722 158
183827: -405 -723 239
183828: -405 -724 320
183830: -405 -726 482
183831: -405 -727 563
183833: -405 -729 725
183835: -486 -722 159
183836: -486 -723 240
183837: -486 -724 321
183838: -486 -725 402
183840: -486 -727 564
183842: -486 -729 726
183843: -567 -721 79
183844: -567 -722 160
183845: -567 -723 241
183846: -567 -724 322
183848: -567 -726 484
183851: -567 -729 727
183854: -648 -723 242
183855: -648 -724 323
183860: -648 -729 728
184702: -92 -93 -104 336
184772: -93 -173 -93 182
184805: -93 -176 -126 671
184829: -93 -179 -150 431
184837: -93 -180 -158 351
184952: -95 -337 -111 202
184955: -95 -337 -114 445
184956: -95 -337 -115 526
184957: -95 -337 -116 607
184958: -95 -337 -117 688
185007: -96 -415 -85 289
185018: -96 -416 -96 452
185026: -96 -417 -104 372
185029: -96 -417 -107 615
185037: -96 -418 -115 535
185038: -96 -418 -116 616
185039: -96 -418 -117 697
185049: -96 -420 -127 51
185060: -96 -421 -138 214
185062: -96 -421 -140 376
185068: -96 -422 -146 134
185069: -96 -422 -147 215
185071: -96 -422 -149 377
185073: -96 -422 -151 539
185075: -96 -422 -153 701
185076: -96 -423 -154 54
185078: -96 -423 -156 216
185080: -96 -423 -158 378
185082: -96 -423 -160 540
185088: -97 -496 -85 298
185100: -97 -497 -97 542
185108: -97 -498 -105 462
185110: -97 -498 -107 624
185111: -97 -498 -108 705
185117: -97 -499 -114 463
185119: -97 -499 -116 625
185120: -97 -499 -117 706
185132: -97 -501 -129 222
185134: -97 -501 -131 384
185137: -97 -501 -134 627
185138: -97 -501 -135 708
185152: -97 -503 -149 386
185156: -97 -503 -153 710
185164: -97 -504 -161 630
185169: -98 -577 -85 307
185188: -98 -579 -104 390
185192: -98 -579 -108 714
185195: -98 -580 -111 229
185198: -98 -580 -114 472
185199: -98 -580 -115 553
185201: -98 -580 -117 715
185210: -98 -581 -126 716
185215: -98 -582 -131 393
185216: -98 -582 -132 474
185217: -98 -582 -133 555
185219: -98 -582 -135 717
185221: -98 -583 -137 151
185225: -98 -583 -141 475
185228: -98 -583 -144 718
185242: -98 -585 -158 396
185250: -99 -658 -85 316
185264: -99 -659 -99 722
185269: -99 -660 -104 399
185272: -99 -660 -107 642
185276: -99 -661 -111 238
185279: -99 -661 -114 481
185280: -99 -661 -115 562
185281: -99 -661 -116 643
185296: -99 -663 -131 402
185299: -99 -663 -134 645
185303: -99 -664 -138 241
185308: -99 -664 -143 646
185311: -99 -665 -146 161
185312: -99 -665 -147 242
185314: -99 -665 -149 404
185315: -99 -665 -150 485
185355: -181 -22 -190 4
185357: -181 -22 -192 166
185358: -181 -22 -193 247
185359: -181 -22 -194 328
185360: -181 -22 -195 409
185361: -181 -22 -196 490
185362: -181 -22 -197 571
185363: -181 -22 -198 652
185575: -184 -262 -167 352
185576: -184 -262 -168 433
185577: -184 -262 -169 514
185578: -184 -262 -170 595
185579: -184 -262 -171 676
185584: -184 -263 -176 353
185587: -184 -263 -179 596
185588: -184 -263 -180 677
185592: -184 -264 -184 273
185609: -184 -266 -201 194
185612: -184 -266 -204 437
185614: -184 -266 -206 599
185615: -184 -266 -207 680
185623: -184 -267 -215 600
185629: -184 -268 -221 358
185630: -184 -268 -222 439
185642: -184 -269 -234 683
185648: -184 -270 -240 441
185657: -185 -343 -168 442
185658: -185 -343 -169 523
185659: -185 -343 -170 604
185660: -185 -343 -171 685
185703: -185 -348 -214 528
185705: -185 -348 -216 690
185730: -185 -351 -241 531
185737: -186 -424 -167 370
185739: -186 -424 -169 532
185740: -186 -424 -170 613
185741: -186 -424 -171 694
185745: -186 -425 -175 290
185766: -186 -427 -196 535
185767: -186 -427 -197 616
185768: -186 -427 -198 697
185770: -186 -428 -200 131
185777: -186 -428 -207 698
185778: -186 -429 -208 51
185797: -186 -431 -227 134
185806: -186 -432 -236 135
185812: -186 -432 -242 621
185819: -187 -505 -168 460
185822: -187 -505 -171 703
185838: -187 -507 -187 543
185848: -187 -508 -197 625
185851: -187 -509 -200 140
185853: -187 -509 -202 302
185860: -187 -510 -209 141
185861: -187 -510 -210 222
185863: -187 -510 -212 384
185864: -187 -510 -213 465
185869: -187 -511 -218 142
185887: -187 -513 -236 144
185893: -187 -513 -242 630
185899: -188 -586 -167 388
185900: -188 -586 -168 469
185901: -188 -586 -169 550
185903: -188 -586 -171 712
185923: -188 -589 -191 148
185930: -188 -589 -198 715
185932: -188 -590 -200 149
185941: -188 -591 -209 150
185944: -188 -591 -212 393
185946: -188 -591 -214 555
185952: -188 -592 -220 313
185968: -188 -594 -236 153
185971: -188 -594 -239 396
185972: -188 -594 -240 477
185973: -188 -594 -241 558
185980: -189 -667 -167 397
185981: -189 -667 -168 478
185982: -189 -667 -169 559
185983: -189 -667 -170 640
186004: -189 -670 -191 157
186008: -189 -670 -195 481
186009: -189 -670 -196 562
186025: -189 -672 -212 402
186027: -189 -672 -214 564
186028: -189 -672 -215 645
186031: -189 -673 -218 160
186040: -189 -674 -227 161
186093: -271 -32 -280 5
186094: -271 -32 -281 86
186095: -271 -32 -282 167
186098: -271 -32 -285 410
186099: -271 -32 -286 491
186100: -271 -32 -287 572
186101: -271 -32 -288 653
186160: -272 -111 -266 336
186183: -272 -114 -289 15
186185: -272 -114 -291 177
186186: -272 -114 -292 258
186187: -272 -114 -293 339
186188: -272 -114 -294 420
186189: -272 -114 -295 501
186192: -272 -115 -298 16
186194: -272 -115 -300 178
186195: -272 -115 -301 259
186201: -272 -116 -307 17
186203: -272 -116 -309 179
186204: -272 -116 -310 260
186205: -272 -116 -311 341
186206: -272 -116 -312 422
186210: -272 -117 -316 18
186212: -272 -117 -318 180
186214: -272 -117 -320 342
186215: -272 -117 -321 423
186218: -272 -117 -324 666
186402: -275 -354 -265 282
186403: -275 -354 -266 363
186426: -275 -357 -289 42
186432: -275 -357 -295 528
186437: -275 -358 -300 205
186441: -275 -358 -304 529
186442: -275 -358 -305 610
186443: -275 -358 -306 691
186445: -275 -359 -308 125
186447: -275 -359 -310 287
186455: -275 -360 -318 207
186466: -276 -433 -248 370
186468: -276 -433 -250 532
186469: -276 -433 -251 613
186477: -276 -434 -259 533
186479: -276 -434 -261 695
186480: -276 -435 -262 48
186483: -276 -435 -265 291
186487: -276 -435 -269 615
186498: -276 -437 -280 50
186500: -276 -437 -282 212
186518: -276 -439 -300 214
186521: -276 -439 -303 457
186523: -276 -439 -305 619
186524: -276 -439 -306 700
186525: -276 -440 -307 53
186527: -276 -440 -309 215
186528: -276 -440 -310 296
186531: -276 -440 -313 539
186533: -276 -440 -315 701
186534: -276 -441 -316 54
186536: -276 -441 -318 216
186538: -276 -441 -320 378
186540: -276 -441 -322 540
186541: -276 -441 -323 621
186546: -277 -514 -247 298
186547: -277 -514 -248 379
186548: -277 -514 -249 460
186550: -277 -514 -251 622
186551: -277 -514 -252 703
186555: -277 -515 -256 299
186557: -277 -515 -258 461
186565: -277 -516 -266 381
186568: -277 -516 -269 624
186569: -277 -516 -270 705
186582: -277 -518 -283 302
186588: -277 -519 -289 60
186589: -277 -519 -290 141
186590: -277 -519 -291 222
186595: -277 -519 -296 627
186596: -277 -519 -297 708
186607: -277 -521 -308 143
186608: -277 -521 -309 224
186611: -277 -521 -312 467
186614: -277 -521 -315 710
186615: -277 -522 -316 63
186617: -277 -522 -318 225
186618: -277 -522 -319 306
186620: -277 -522 -321 468
186628: -278 -595 -248 388
186629: -278 -595 -249 469
186630: -278 -595 -250 550
186632: -278 -595 -252 712
186638: -278 -596 -258 470
186639: -278 -596 -259 551
186641: -278 -596 -261 713
186643: -278 -597 -263 147
186645: -278 -597 -265 309
186646: -278 -597 -266 390
186647: -278 -597 -267 471
186650: -278 -597 -270 714
186662: -278 -599 -282 230
186665: -278 -599 -285 473
186669: -278 -600 -289 69
186670: -278 -600 -290 150
186671: -278 -600 -291 231
186672: -278 -600 -292 312
186673: -278 -600 -293 393
186678: -278 -601 -298 70
186680: -278 -601 -300 232
186682: -278 -601 -302 394
186686: -278 -601 -306 718
186698: -278 -603 -318 234
186701: -278 -603 -321 477
186702: -278 -603 -322 558
186704: -278 -603 -324 720
186710: -279 -676 -249 478
186711: -279 -676 -250 559
186712: -279 -676 -251 640
186717: -279 -677 -256 317
186719: -279 -677 -258 479
186721: -279 -677 -260 641
186723: -279 -678 -262 75
186727: -279 -678 -266 399
186740: -279 -679 -279 724
186742: -279 -680 -281 158
186752: -279 -681 -291 240
186753: -279 -681 -292 321
186757: -279 -681 -296 645
186759: -279 -682 -298 79
186761: -279 -682 -300 241
186768: -279 -683 -307 80
186770: -279 -683 -309 242
186869: -362 -118 -327 172
186872: -362 -118 -330 415
186873: -362 -118 -331 496
186874: -362 -118 -332 577
186875: -362 -118 -333 658
186879: -362 -119 -337 254
186945: -362 -126 -403 504
186946: -362 -126 -404 585
186953: -363 -199 -330 424
186954: -363 -199 -331 505
186955: -363 -199 -332 586
186956: -363 -199 -333 667
186960: -363 -200 -337 263
186981: -363 -202 -358 508
186982: -363 -202 -359 589
186983: -363 -202 -360 670
186999: -363 -204 -376 510
187000: -363 -204 -377 591
187006: -363 -205 -383 349
187009: -363 -205 -386 592
187010: -363 -205 -387 673
187015: -363 -206 -392 350
187016: -363 -206 -393 431
187017: -363 -206 -394 512
187025: -363 -207 -402 432
187027: -363 -207 -404 594
187193: -366 -442 -327 208
187203: -366 -443 -337 290
187215: -366 -444 -349 534
187220: -366 -445 -354 211
187224: -366 -445 -358 535
187225: -366 -445 -359 616
187226: -366 -445 -360 697
187256: -366 -449 -390 215
187260: -366 -449 -394 539
187262: -366 -449 -396 701
187265: -366 -450 -399 216
187277: -367 -523 -330 460
187280: -367 -523 -333 703
187284: -367 -524 -337 299
187295: -367 -525 -348 462
187298: -367 -525 -351 705
187304: -367 -526 -357 463
187306: -367 -526 -359 625
187307: -367 -526 -360 706
187317: -367 -528 -370 60
187343: -367 -530 -396 710
187349: -367 -531 -402 468
187352: -367 -531 -405 711
187365: -368 -605 -337 308
187382: -368 -607 -354 229
187388: -368 -607 -360 715
187396: -368 -608 -368 635
187430: -368 -612 -402 477
187440: -369 -685 -331 559
187446: -369 -686 -337 317
187466: -369 -688 -357 481
187467: -369 -688 -358 562
187478: -369 -689 -369 725
187481: -369 -690 -372 240
187483: -369 -690 -374 402
187485: -369 -690 -376 564
187486: -369 -690 -377 645
187489: -369 -691 -380 160
187493: -369 -691 -384 484
187495: -369 -691 -386 646
187497: -369 -692 -388 80
187499: -369 -692 -390 242
187501: -369 -692 -392 404
187503: -369 -692 -394 566
187570: -451 -52 -461 88
187571: -451 -52 -462 169
187572: -451 -52 -463 250
187573: -451 -52 -464 331
187575: -451 -52 -466 493
187576: -451 -52 -467 574
187577: -451 -52 -468 655
187598: -452 -127 -408 172
187599: -452 -127 -409 253
187600: -452 -127 -410 334
187601: -452 -127 -411 415
187602: -452 -127 -412 496
187603: -452 -127 -413 577
187620: -452 -129 -430 498
187640: -452 -131 -450 662
187642: -452 -132 -452 96
187657: -452 -133 -467 583
187658: -452 -133 -468 664
187659: -452 -134 -469 17
187668: -452 -135 -478 18
187672: -452 -135 -482 342
187678: -453 -208 -407 100
187680: -453 -208 -409 262
187681: -453 -208 -410 343
187682: -453 -208 -411 424
187683: -453 -208 -412 505
187684: -453 -208 -413 586
187686: -453 -209 -415 20
187689: -453 -209 -418 263
187690: -453 -209 -419 344
187693: -453 -209 -422 587
187694: -453 -209 -423 668
187698: -453 -210 -427 264
187705: -453 -211 -434 103
187711: -453 -211 -440 589
187712: -453 -211 -441 670
187716: -453 -212 -445 266
187717: -453 -212 -446 347
187719: -453 -212 -448 509
187720: -453 -212 -449 590
187724: -453 -213 -453 186
187734: -453 -214 -463 268
187735: -453 -214 -464 349
187743: -453 -215 -472 269
187747: -453 -215 -476 593
187748: -453 -215 -477 674
187753: -453 -216 -482 351
187755: -453 -216 -484 513
187759: -454 -289 -407 109
187760: -454 -289 -408 190
187762: -454 -289 -410 352
187763: -454 -289 -411 433
187764: -454 -289 -412 514
187765: -454 -289 -413 595
187771: -454 -290 -419 353
187774: -454 -290 -422 596
187775: -454 -290 -423 677
187776: -454 -291 -424 30
187777: -454 -291 -425 111
187783: -454 -291 -431 597
187784: -454 -291 -432 678
187795: -454 -293 -443 113
187796: -454 -293 -444 194
187800: -454 -293 -448 518
187802: -454 -293 -450 680
187829: -454 -296 -477 683
187841: -455 -370 -408 199
187842: -455 -370 -409 280
187845: -455 -370 -412 523
187856: -455 -371 -423 686
187863: -455 -372 -430 525
187888: -455 -375 -455 366
187894: -455 -376 -461 124
187896: -455 -376 -463 286
187965: -456 -456 -451 51
188003: -457 -532 -408 217
188004: -457 -532 -409 298
188028: -457 -535 -433 58
188029: -457 -535 -434 139
188030: -457 -535 -435 220
188032: -457 -535 -437 382
188035: -457 -535 -440 625
188052: -457 -537 -457 546
188086: -458 -613 -410 388
188094: -458 -614 -418 308
188113: -458 -616 -437 391
188115: -458 -616 -439 553
188124: -458 -617 -448 554
188134: -458 -618 -458 636
188138: -458 -619 -462 232
188307: -541 -62 -550 8
188308: -541 -62 -551 89
188309: -541 -62 -552 170
188310: -541 -62 -553 251
188311: -541 -62 -554 332
188312: -541 -62 -555 413
188315: -541 -62 -558 656
188328: -542 -136 -490 253
188329: -542 -136 -491 334
188332: -542 -136 -494 577
188333: -542 -136 -495 658
188336: -542 -137 -498 173
188350: -542 -138 -512 579
188363: -542 -140 -525 176
188366: -542 -140 -528 419
188370: -542 -141 -532 15
188372: -542 -141 -534 177
188389: -542 -143 -551 98
188396: -542 -143 -558 665
188397: -542 -144 -559 18
188399: -542 -144 -561 180
188400: -542 -144 -562 261
188401: -542 -144 -563 342
188402: -542 -144 -564 423
188407: -543 -217 -488 100
188410: -543 -217 -491 343
188413: -543 -217 -494 586
188414: -543 -217 -495 667
188415: -543 -218 -496 20
188419: -543 -218 -500 344
188420: -543 -218 -501 425
188422: -543 -218 -503 587
188423: -543 -218 -504 668
188424: -543 -219 -505 21
188427: -543 -219 -508 264
188432: -543 -219 -513 669
188434: -543 -220 -515 103
188436: -543 -220 -517 265
188438: -543 -220 -519 427
188440: -543 -220 -521 589
188441: -543 -220 -522 670
188450: -543 -221 -531 671
188451: -543 -222 -532 24
188462: -543 -223 -543 187
188469: -543 -224 -550 26
188473: -543 -224 -554 350
188474: -543 -224 -555 431
188477: -543 -224 -558 674
188478: -543 -225 -559 27
188483: -543 -225 -564 432
188488: -544 -298 -488 109
188489: -544 -298 -489 190
188490: -544 -298 -490 271
188491: -544 -298 -491 352
188493: -544 -298 -493 514
188494: -544 -298 -494 595
188495: -544 -298 -495 676
188498: -544 -299 -498 191
188500: -544 -299 -500 353
188502: -544 -299 -502 515
188503: -544 -299 -503 596
188504: -544 -299 -504 677
188506: -544 -300 -506 111
188510: -544 -300 -510 435
188512: -544 -300 -512 597
188513: -544 -300 -513 678
188528: -544 -302 -528 437
188529: -544 -302 -529 518
188530: -544 -302 -530 599
188531: -544 -302 -531 680
188532: -544 -303 -532 33
188540: -544 -303 -540 681
188551: -544 -305 -551 116
188559: -544 -306 -559 36
188563: -544 -306 -563 360
188564: -544 -306 -564 441
188566: -544 -306 -566 603
188570: -545 -379 -489 199
188571: -545 -379 -490 280
188575: -545 -379 -494 604
188576: -545 -379 -495 685
188589: -545 -381 -508 282
188593: -545 -381 -512 606
188594: -545 -381 -513 687
188626: -545 -385 -545 367
188632: -545 -386 -551 125
188645: -545 -387 -564 450
188814: -548 -622 -490 307
188838: -548 -625 -514 67
188839: -548 -625 -515 148
188872: -548 -628 -548 637
188895: -549 -703 -490 316
188906: -549 -704 -501 479
188920: -549 -706 -515 157
188921: -549 -706 -516 238
188924: -549 -706 -519 481
188926: -549 -706 -521 643
188929: -549 -707 -524 158
188958: -549 -710 -553 323
189045: -631 -72 -640 9
189046: -631 -72 -641 90
189047: -631 -72 -642 171
189048: -631 -72 -643 252
189049: -631 -72 -644 333
189050: -631 -72 -645 414
189051: -631 -72 -646 495
189052: -631 -72 -647 576
189056: -632 -145 -570 172
189057: -632 -145 -571 253
189058: -632 -145 -572 334
189059: -632 -145 -573 415
189062: -632 -145 -576 658
189080: -632 -147 -594 660
189090: -632 -149 -604 14
189094: -632 -149 -608 338
189108: -632 -151 -622 16
189113: -632 -151 -627 421
189118: -632 -152 -632 98
189136: -633 -226 -569 100
189139: -633 -226 -572 343
189140: -633 -226 -573 424
189143: -633 -226 -576 667
189144: -633 -227 -577 20
189147: -633 -227 -580 263
189148: -633 -227 -581 344
189149: -633 -227 -582 425
189150: -633 -227 -583 506
189152: -633 -227 -585 668
189156: -633 -228 -589 264
189163: -633 -229 -596 103
189166: -633 -229 -599 346
189167: -633 -229 -600 427
189168: -633 -229 -601 508
189170: -633 -229 -603 670
189171: -633 -230 -604 23
189174: -633 -230 -607 266
189176: -633 -230 -609 428
189177: -633 -230 -610 509
189179: -633 -230 -612 671
189183: -633 -231 -616 267
189186: -633 -231 -619 510
189189: -633 -232 -622 25
189193: -633 -232 -626 349
189200: -633 -233 -633 188
189217: -634 -307 -569 109
189218: -634 -307 -570 190
189220: -634 -307 -572 352
189221: -634 -307 -573 433
189224: -634 -307 -576 676
189231: -634 -308 -583 515
189234: -634 -309 -586 30
189235: -634 -309 -587 111
189239: -634 -309 -591 435
189242: -634 -309 -594 678
189244: -634 -310 -596 112
189254: -634 -311 -606 194
189258: -634 -311 -610 518
189259: -634 -311 -611 599
189260: -634 -311 -612 680
189262: -634 -312 -614 114
189265: -634 -312 -617 357
189267: -634 -312 -619 519
189269: -634 -312 -621 681
189282: -634 -314 -634 278
189290: -634 -315 -642 198
189292: -634 -315 -644 360
189300: -635 -388 -571 280
189302: -635 -388 -573 442
189305: -635 -388 -576 685
189312: -635 -389 -583 524
189318: -635 -390 -589 282
189321: -635 -390 -592 525
189323: -635 -390 -594 687
189344: -635 -393 -615 204
189364: -635 -395 -635 368
189381: -636 -469 -571 289
189409: -636 -472 -599 373
189411: -636 -472 -601 535
189412: -636 -472 -602 616
189420: -636 -473 -610 536
189446: -636 -476 -636 458
189451: -636 -477 -641 135
189624: -639 -712 -571 316
189628: -639 -712 -575 640
189649: -639 -715 -596 157
189652: -639 -715 -599 400
189653: -639 -715 -600 481
189692: -639 -719 -639 728
189747: -721 -78 -694 6
189748: -721 -78 -695 87
189749: -721 -78 -696 168
189750: -721 -78 -697 249
189751: -721 -78 -698 330
189753: -721 -78 -700 492
189754: -721 -78 -701 573
189755: -721 -78 -702 654
189785: -722 -154 -651 172
189786: -722 -154 -652 253
189787: -722 -154 -653 334
189788: -722 -154 -654 415
189789: -722 -154 -655 496
189791: -722 -154 -657 658
189806: -722 -156 -672 417
189821: -722 -158 -687 176
189825: -722 -158 -691 500
189826: -722 -158 -692 581
189840: -722 -160 -706 259
189841: -722 -160 -707 340
189844: -722 -160 -710 583
189865: -723 -235 -650 100
189867: -723 -235 -652 262
189868: -723 -235 -653 343
189869: -723 -235 -654 424
189870: -723 -235 -655 505
189873: -723 -236 -658 20
189876: -723 -236 -661 263
189877: -723 -236 -662 344
189879: -723 -236 -664 506
189880: -723 -236 -665 587
189892: -723 -238 -677 103
189895: -723 -238 -680 346
189896: -723 -238 -681 427
189897: -723 -238 -682 508
189898: -723 -238 -683 589
189900: -723 -239 -685 23
189903: -723 -239 -688 266
189905: -723 -239 -690 428
189909: -723 -240 -694 24
189913: -723 -240 -698 348
189914: -723 -240 -699 429
189915: -723 -240 -700 510
189916: -723 -240 -701 591
189918: -723 -241 -703 25
189921: -723 -241 -706 268
189922: -723 -241 -707 349
189923: -723 -241 -708 430
189924: -723 -241 -709 511
189925: -723 -241 -710 592
189926: -723 -241 -711 673
189927: -723 -242 -712 26
189932: -723 -242 -717 431
189933: -723 -242 -718 512
189946: -724 -316 -650 109
189947: -724 -316 -651 190
189950: -724 -316 -654 433
189951: -724 -316 -655 514
189954: -724 -317 -658 29
189958: -724 -317 -662 353
189959: -724 -317 -663 434
189960: -724 -317 -664 515
189961: -724 -317 -665 596
189963: -724 -318 -667 30
189964: -724 -318 -668 111
189967: -724 -318 -671 354
189968: -724 -318 -672 435
189969: -724 -318 -673 516
189970: -724 -318 -674 597
189972: -724 -319 -676 31
189982: -724 -320 -686 113
189986: -724 -320 -690 437
189987: -724 -320 -691 518
189988: -724 -320 -692 599
189990: -724 -321 -694 33
189991: -724 -321 -695 114
189994: -724 -321 -698 357
189997: -724 -321 -701 600
189999: -724 -322 -703 34
190003: -724 -322 -707 358
190004: -724 -322 -708 439
190006: -724 -322 -710 601
190010: -724 -323 -714 197
190020: -724 -324 -724 279
190028: -725 -397 -651 199
190029: -725 -397 -652 280
190031: -725 -397 -654 442
190032: -725 -397 -655 523
190050: -725 -399 -673 525
190051: -725 -399 -674 606
190065: -725 -401 -688 284
190088: -725 -403 -711 691
190102: -725 -405 -725 369
190111: -726 -478 -653 370
190120: -726 -479 -662 371
190134: -726 -481 -676 49
190140: -726 -481 -682 535
190170: -726 -485 -712 53
190184: -726 -486 -726 459
190215: -727 -562 -676 58
190216: -727 -562 -677 139
190217: -727 -562 -678 220
190218: -727 -562 -679 301
190219: -727 -562 -680 382
190220: -727 -562 -681 463
190222: -727 -562 -683 625
190234: -727 -564 -695 141
190241: -727 -564 -702 708
190369: -729 -723 -668 156
190378: -729 -724 -677 157
191256: -92 -92 -137 497
191258: -92 -92 -155 659
191363: -93 -176 -128 428
191390: -93 -179 -128 431
191512: -95 -337 -92 121
191513: -95 -337 -101 202
191516: -95 -337 -128 445
191517: -95 -337 -137 526
191518: -95 -337 -146 607
191519: -95 -337 -155 688
191589: -96 -417 -137 534
191590: -96 -417 -146 615
191594: -96 -418 -101 211
191599: -96 -418 -146 616
191600: -96 -418 -155 697
191621: -96 -421 -101 214
191623: -96 -421 -119 376
191626: -96 -421 -146 619
191630: -96 -422 -101 215
191639: -96 -423 -101 216
191641: -96 -423 -119 378
191648: -97 -496 -101 217
191654: -97 -496 -155 703
191668: -97 -498 -119 381
191669: -97 -498 -128 462
191675: -97 -499 -101 220
191677: -97 -499 -119 382
191678: -97 -499 -128 463
191680: -97 -499 -146 625
191690: -97 -500 -155 707
191693: -97 -501 -101 222
191698: -97 -501 -146 627
191717: -97 -503 -155 710
191720: -97 -504 -101 225
191723: -97 -504 -128 468
191749: -98 -579 -119 390
191753: -98 -579 -155 714
191756: -98 -580 -101 229
191759: -98 -580 -128 472
191762: -98 -580 -155 715
191765: -98 -581 -101 230
191774: -98 -582 -101 231
191783: -98 -583 -101 232
191789: -98 -583 -155 718
191811: -99 -658 -110 316
191830: -99 -660 -119 399
191833: -99 -660 -146 642
191837: -99 -661 -101 238
191839: -99 -661 -119 400
191840: -99 -661 -128 481
191842: -99 -661 -146 643
191851: -99 -662 -146 644
191864: -99 -664 -101 241
191873: -99 -665 -101 242
191874: -99 -665 -110 323
191875: -99 -665 -119 404
191876: -99 -665 -128 485
191877: -99 -665 -137 566
191918: -181 -22 -183 166
191920: -181 -22 -201 328
191921: -181 -22 -210 409
191922: -181 -22 -219 490
191923: -181 -22 -228 571
191924: -181 -22 -237 652
192077: -183 -183 -237 669
192134: -184 -262 -183 190
192145: -184 -263 -201 353
192146: -184 -263 -210 434
192147: -184 -263 -219 515
192148: -184 -263 -228 596
192149: -184 -263 -237 677
192170: -184 -266 -183 194
192172: -184 -266 -201 356
192181: -184 -267 -201 357
192185: -184 -267 -237 681
192191: -184 -268 -210 439
192193: -184 -268 -228 601
192194: -184 -268 -237 682
192199: -184 -269 -201 359
192201: -184 -269 -219 521
192203: -184 -269 -237 683
192209: -184 -270 -210 441
192234: -185 -345 -192 282
192261: -185 -348 -192 285
192270: -185 -349 -192 286
192290: -185 -351 -210 450
192291: -185 -351 -219 531
192292: -185 -351 -228 612
192297: -186 -424 -192 289
192306: -186 -425 -192 290
192307: -186 -425 -201 371
192329: -186 -427 -237 697
192339: -186 -429 -165 51
192372: -186 -432 -219 540
192378: -187 -505 -192 298
192387: -187 -506 -192 299
192388: -187 -506 -201 380
192403: -187 -508 -174 139
192409: -187 -508 -228 625
192410: -187 -508 -237 706
192420: -187 -510 -165 60
192427: -187 -510 -228 627
192429: -187 -511 -165 61
192443: -187 -512 -210 467
192450: -187 -513 -192 306
192451: -187 -513 -201 387
192452: -187 -513 -210 468
192457: -188 -586 -174 145
192471: -188 -587 -219 551
192484: -188 -589 -174 148
192488: -188 -589 -210 472
192491: -188 -589 -237 715
192495: -188 -590 -192 311
192498: -188 -590 -219 554
192510: -188 -592 -165 70
192513: -188 -592 -192 313
192514: -188 -592 -201 394
192520: -188 -593 -174 152
192531: -188 -594 -192 315
192532: -188 -594 -201 396
192533: -188 -594 -210 477
192538: -189 -667 -174 154
192542: -189 -667 -210 478
192568: -189 -670 -201 400
192569: -189 -670 -210 481
192576: -189 -671 -192 320
192586: -189 -672 -201 402
192588: -189 -672 -219 564
192601: -189 -674 -174 161
192603: -189 -674 -192 323
192609: -189 -675 -165 81
192655: -271 -32 -256 86
192656: -271 -32 -265 167
192658: -271 -32 -283 329
192659: -271 -32 -292 410
192660: -271 -32 -301 491
192661: -271 -32 -310 572
192662: -271 -32 -319 653
192722: -272 -111 -292 417
192723: -272 -111 -301 498
192724: -272 -111 -310 579
192744: -272 -114 -247 15
192746: -272 -114 -265 177
192750: -272 -114 -301 501
192755: -272 -115 -265 178
192760: -272 -115 -310 583
192762: -272 -116 -247 17
192764: -272 -116 -265 179
192770: -272 -116 -319 665
192771: -272 -117 -247 18
192773: -272 -117 -265 180
192776: -272 -117 -292 423
192778: -272 -117 -310 585
192890: -274 -274 -265 193
192892: -274 -274 -283 355
192893: -274 -274 -292 436
192895: -274 -274 -310 598
192896: -274 -274 -319 679
192953: -275 -353 -265 200
192990: -275 -357 -274 285
192992: -275 -357 -292 447
192993: -275 -357 -301 528
192994: -275 -357 -310 609
192995: -275 -357 -319 690
193001: -275 -358 -292 448
193003: -275 -358 -310 610
193004: -275 -358 -319 691
193013: -275 -359 -319 692
193021: -275 -360 -310 612
193024: -276 -433 -256 127
193025: -276 -433 -265 208
193032: -276 -434 -247 47
193034: -276 -434 -265 209
193039: -276 -434 -310 614
193041: -276 -435 -247 48
193042: -276 -435 -256 129
193045: -276 -435 -283 372
193048: -276 -435 -310 615
193050: -276 -436 -247 49
193051: -276 -436 -256 130
193059: -276 -437 -247 50
193060: -276 -437 -256 131
193068: -276 -438 -247 51
193078: -276 -439 -256 133
193079: -276 -439 -265 214
193081: -276 -439 -283 376
193084: -276 -439 -310 619
193085: -276 -439 -319 700
193086: -276 -440 -247 53
193087: -276 -440 -256 134
193088: -276 -440 -265 215
193090: -276 -440 -283 377
193094: -276 -440 -319 701
193095: -276 -441 -247 54
193096: -276 -441 -256 135
193097: -276 -441 -265 216
193099: -276 -441 -283 378
193101: -276 -441 -301 540
193102: -276 -441 -310 621
193105: -277 -514 -256 136
193106: -277 -514 -265 217
193108: -277 -514 -283 379
193109: -277 -514 -292 460
193112: -277 -514 -319 703
193113: -277 -515 -247 56
193122: -277 -516 -247 57
193123: -277 -516 -256 138
193126: -277 -516 -283 381
193129: -277 -516 -310 624
193130: -277 -516 -319 705
193131: -277 -517 -247 58
193140: -277 -518 -247 59
193141: -277 -518 -256 140
193145: -277 -518 -292 464
193149: -277 -519 -247 60
193150: -277 -519 -256 141
193151: -277 -519 -265 222
193153: -277 -519 -283 384
193156: -277 -519 -310 627
193157: -277 -519 -319 708
193158: -277 -520 -247 61
193168: -277 -521 -256 143
193171: -277 -521 -283 386
193172: -277 -521 -292 467
193175: -277 -521 -319 710
193176: -277 -522 -247 63
193177: -277 -522 -256 144
193178: -277 -522 -265 225
193180: -277 -522 -283 387
193181: -277 -522 -292 468
193183: -277 -522 -310 630
193186: -278 -595 -256 145
193187: -278 -595 -265 226
193190: -278 -595 -292 469
193191: -278 -595 -301 550
193194: -278 -596 -247 65
193196: -278 -596 -265 227
193200: -278 -596 -301 551
193203: -278 -597 -247 66
193204: -278 -597 -256 147
193208: -278 -597 -292 471
193212: -278 -598 -247 67
193213: -278 -598 -256 148
193216: -278 -598 -283 391
193221: -278 -599 -247 68
193222: -278 -599 -256 149
193223: -278 -599 -265 230
193230: -278 -600 -247 69
193231: -278 -600 -256 150
193232: -278 -600 -265 231
193236: -278 -600 -301 555
193239: -278 -601 -247 70
193240: -278 -601 -256 151
193241: -278 -601 -265 232
193243: -278 -601 -283 394
193247: -278 -601 -319 718
193248: -278 -602 -247 71
193258: -278 -603 -256 153
193259: -278 -603 -265 234
193261: -278 -603 -283 396
193262: -278 -603 -292 477
193263: -278 -603 -301 558
193267: -279 -676 -256 154
193275: -279 -677 -247 74
193277: -279 -677 -265 236
193279: -279 -677 -283 398
193282: -279 -677 -310 641
193284: -279 -678 -247 75
193285: -279 -678 -256 156
193289: -279 -678 -292 480
193290: -279 -678 -301 561
193294: -279 -679 -256 157
193297: -279 -679 -283 400
193302: -279 -680 -247 77
193303: -279 -680 -256 158
193305: -279 -680 -274 320
193307: -279 -680 -292 482
193308: -279 -680 -301 563
193309: -279 -680 -310 644
193312: -279 -681 -256 159
193313: -279 -681 -265 240
193317: -279 -681 -301 564
193318: -279 -681 -310 645
193320: -279 -682 -247 79
193321: -279 -682 -256 160
193322: -279 -682 -265 241
193327: -279 -682 -310 646
193329: -279 -683 -247 80
193330: -279 -683 -256 161
193331: -279 -683 -265 242
193334: -279 -683 -292 485
193335: -279 -683 -301 566
193338: -279 -684 -247 81
193432: -362 -118 -365 334
193482: -362 -124 -329 16
193487: -362 -124 -374 421
193505: -362 -126 -374 423
193514: -363 -199 -374 424
193516: -363 -199 -392 586
193517: -363 -199 -401 667
193542: -363 -202 -383 508
193543: -363 -202 -392 589
193544: -363 -202 -401 670
193557: -363 -204 -356 267
193560: -363 -204 -383 510
193566: -363 -205 -356 268
193569: -363 -205 -383 511
193570: -363 -205 -392 592
193571: -363 -205 -401 673
193577: -363 -206 -374 431
193578: -363 -206 -383 512
193580: -363 -206 -401 674
193584: -363 -207 -356 270
193586: -363 -207 -374 432
193761: -366 -443 -329 47
193770: -366 -444 -329 48
193779: -366 -445 -329 49
193785: -366 -445 -383 535
193786: -366 -445 -392 616
193787: -366 -445 -401 697
193797: -366 -447 -329 51
193815: -366 -449 -329 53
193817: -366 -449 -347 215
193824: -366 -450 -329 54
193826: -366 -450 -347 216
193827: -366 -450 -356 297
193831: -366 -450 -392 621
193835: -367 -523 -347 217
193836: -367 -523 -356 298
193842: -367 -524 -329 56
193851: -367 -525 -329 57
193856: -367 -525 -374 462
193859: -367 -525 -401 705
193860: -367 -526 -329 58
193865: -367 -526 -374 463
193867: -367 -526 -392 625
193869: -367 -527 -329 59
193878: -367 -528 -329 60
193885: -367 -528 -392 627
193886: -367 -528 -401 708
193887: -367 -529 -329 61
193898: -367 -530 -347 224
193905: -367 -531 -329 63
193907: -367 -531 -347 225
193910: -367 -531 -374 468
193916: -368 -604 -347 226
193919: -368 -604 -374 469
193920: -368 -604 -383 550
193923: -368 -605 -329 65
193932: -368 -606 -329 66
193941: -368 -607 -329 67
193943: -368 -607 -347 229
193946: -368 -607 -374 472
193947: -368 -607 -383 553
193959: -368 -609 -329 69
193965: -368 -609 -383 555
193967: -368 -609 -401 717
193968: -368 -610 -329 70
193970: -368 -610 -347 232
193973: -368 -610 -374 475
193976: -368 -610 -401 718
193988: -368 -612 -347 234
194004: -369 -686 -329 74
194013: -369 -687 -329 75
194016: -369 -687 -356 318
194027: -369 -688 -374 481
194028: -369 -688 -383 562
194029: -369 -688 -392 643
194042: -369 -690 -347 240
194046: -369 -690 -383 564
194047: -369 -690 -392 645
194049: -369 -691 -329 79
194056: -369 -691 -392 646
194058: -369 -692 -329 80
194060: -369 -692 -347 242
194064: -369 -692 -383 566
194130: -451 -52 -411 7
194131: -451 -52 -420 88
194132: -451 -52 -429 169
194133: -451 -52 -438 250
194134: -451 -52 -447 331
194136: -451 -52 -465 493
194137: -451 -52 -474 574
194138: -451 -52 -483 655
194157: -452 -127 -411 10
194158: -452 -127 -420 91
194160: -452 -127 -438 253
194161: -452 -127 -447 334
194163: -452 -127 -465 496
194164: -452 -127 -474 577
194215: -452 -133 -447 340
194218: -452 -133 -474 583
194220: -452 -134 -411 17
194222: -452 -134 -429 179
194223: -452 -134 -438 260
194224: -452 -134 -447 341
194228: -452 -134 -483 665
194229: -452 -135 -411 18
194232: -452 -135 -438 261
194233: -452 -135 -447 342
194238: -453 -208 -411 19
194239: -453 -208 -420 100
194242: -453 -208 -447 343
194244: -453 -208 -465 505
194246: -453 -208 -483 667
194247: -453 -209 -411 20
194250: -453 -209 -438 263
194251: -453 -209 -447 344
194254: -453 -209 -474 587
194255: -453 -209 -483 668
194266: -453 -211 -420 103
194269: -453 -211 -447 346
194271: -453 -211 -465 508
194274: -453 -212 -411 23
194275: -453 -212 -420 104
194277: -453 -212 -438 266
194280: -453 -212 -465 509
194281: -453 -212 -474 590
194292: -453 -214 -411 25
194293: -453 -214 -420 106
194295: -453 -214 -438 268
194296: -453 -214 -447 349
194299: -453 -214 -474 592
194300: -453 -214 -483 673
194301: -453 -215 -411 26
194302: -453 -215 -420 107
194305: -453 -215 -447 350
194307: -453 -215 -465 512
194314: -453 -216 -447 351
194317: -453 -216 -474 594
194319: -454 -289 -411 28
194320: -454 -289 -420 109
194321: -454 -289 -429 190
194325: -454 -289 -465 514
194327: -454 -289 -483 676
194328: -454 -290 -411 29
194341: -454 -291 -447 354
194362: -454 -293 -474 599
194363: -454 -293 -483 680
194373: -454 -295 -411 34
194375: -454 -295 -429 196
194377: -454 -295 -447 358
194382: -454 -296 -411 35
194386: -454 -296 -447 359
194388: -454 -296 -465 521
194390: -454 -296 -483 683
194391: -454 -297 -411 36
194403: -455 -370 -438 280
194412: -455 -371 -438 281
194421: -455 -372 -438 282
194457: -455 -376 -438 286
194466: -455 -377 -438 287
194475: -455 -378 -438 288
194526: -456 -456 -411 51
194527: -456 -456 -420 132
194528: -456 -456 -429 213
194529: -456 -456 -438 294
194530: -456 -456 -447 375
194593: -457 -535 -447 382
194646: -458 -613 -438 307
194655: -458 -614 -438 308
194664: -458 -615 -438 309
194674: -458 -616 -447 391
194676: -458 -616 -465 553
194690: -458 -618 -429 231
194697: -458 -619 -411 70
194700: -458 -619 -438 313
194705: -458 -619 -483 718
194718: -458 -621 -438 315
194869: -541 -62 -502 89
194870: -541 -62 -511 170
194871: -541 -62 -520 251
194872: -541 -62 -529 332
194873: -541 -62 -538 413
194876: -541 -62 -565 656
194886: -542 -136 -493 10
194887: -542 -136 -502 91
194889: -542 -136 -520 253
194890: -542 -136 -529 334
194893: -542 -136 -556 577
194894: -542 -136 -565 658
194907: -542 -138 -520 255
194924: -542 -140 -511 176
194931: -542 -141 -493 15
194933: -542 -141 -511 177
194934: -542 -141 -520 258
194957: -542 -143 -565 665
194958: -542 -144 -493 18
194960: -542 -144 -511 180
194961: -542 -144 -520 261
194962: -542 -144 -529 342
194963: -542 -144 -538 423
194965: -542 -144 -556 585
194968: -543 -217 -502 100
194971: -543 -217 -529 343
194974: -543 -217 -556 586
194975: -543 -217 -565 667
194976: -543 -218 -493 20
194979: -543 -218 -520 263
194980: -543 -218 -529 344
194981: -543 -218 -538 425
194983: -543 -218 -556 587
194995: -543 -220 -502 103
194998: -543 -220 -529 346
195001: -543 -220 -556 589
195002: -543 -220 -565 670
195004: -543 -221 -502 104
195007: -543 -221 -529 347
195010: -543 -221 -556 590
195013: -543 -222 -502 105
195016: -543 -222 -529 348
195019: -543 -222 -556 591
195020: -543 -222 -565 672
195030: -543 -224 -493 26
195031: -543 -224 -502 107
195034: -543 -224 -529 350
195040: -543 -225 -502 108
195042: -543 -225 -520 270
195043: -543 -225 -529 351
195044: -543 -225 -538 432
195048: -544 -298 -493 28
195049: -544 -298 -502 109
195050: -544 -298 -511 190
195051: -544 -298 -520 271
195053: -544 -298 -538 433
195055: -544 -298 -556 595
195056: -544 -298 -565 676
195057: -544 -299 -493 29
195059: -544 -299 -511 191
195061: -544 -299 -529 353
195062: -544 -299 -538 434
195066: -544 -300 -493 30
195070: -544 -300 -529 354
195071: -544 -300 -538 435
195075: -544 -301 -493 31
195085: -544 -302 -502 113
195086: -544 -302 -511 194
195092: -544 -302 -565 680
195093: -544 -303 -493 33
195097: -544 -303 -529 357
195101: -544 -303 -565 681
195111: -544 -305 -493 35
195113: -544 -305 -511 197
195115: -544 -305 -529 359
195116: -544 -305 -538 440
195119: -544 -305 -565 683
195131: -545 -379 -511 199
195132: -545 -379 -520 280
195137: -545 -379 -565 685
195140: -545 -380 -511 200
195141: -545 -380 -520 281
195155: -545 -381 -565 687
195177: -545 -384 -520 285
195193: -545 -386 -502 125
195194: -545 -386 -511 206
195195: -545 -386 -520 287
195197: -545 -386 -538 449
195202: -545 -387 -502 126
195203: -545 -387 -511 207
195345: -547 -547 -493 61
195346: -547 -547 -502 142
195348: -547 -547 -520 304
195349: -547 -547 -529 385
195372: -548 -622 -493 64
195374: -548 -622 -511 226
195375: -548 -622 -520 307
195384: -548 -623 -520 308
195393: -548 -624 -520 309
195400: -548 -625 -502 148
195420: -548 -627 -520 312
195456: -549 -703 -520 316
195457: -549 -703 -529 397
195465: -549 -704 -520 317
195466: -549 -704 -529 398
195474: -549 -705 -520 318
195476: -549 -705 -538 480
195484: -549 -706 -529 400
195492: -549 -707 -520 320
195501: -549 -708 -520 321
195510: -549 -709 -520 322
195518: -549 -710 -511 242
195519: -549 -710 -520 323
195521: -549 -710 -538 485
195528: -549 -711 -520 324
195606: -631 -72 -575 9
195607: -631 -72 -584 90
195608: -631 -72 -593 171
195609: -631 -72 -602 252
195610: -631 -72 -611 333
195611: -631 -72 -620 414
195612: -631 -72 -629 495
195618: -632 -145 -602 253
195619: -632 -145 -611 334
195620: -632 -145 -620 415
195623: -632 -145 -647 658
195637: -632 -147 -611 336
195653: -632 -149 -593 176
195657: -632 -149 -629 500
195659: -632 -149 -647 662
195662: -632 -150 -593 177
195663: -632 -150 -602 258
195664: -632 -150 -611 339
195671: -632 -151 -593 178
195672: -632 -151 -602 259
195697: -633 -226 -584 100
195700: -633 -226 -611 343
195701: -633 -226 -620 424
195703: -633 -226 -638 586
195705: -633 -227 -575 20
195708: -633 -227 -602 263
195709: -633 -227 -611 344
195710: -633 -227 -620 425
195711: -633 -227 -629 506
195713: -633 -227 -647 668
195727: -633 -229 -611 346
195733: -633 -230 -584 104
195737: -633 -230 -620 428
195744: -633 -231 -602 267
195745: -633 -231 -611 348
195754: -633 -232 -611 349
195758: -633 -232 -647 673
195769: -633 -234 -584 108
195771: -633 -234 -602 270
195778: -634 -307 -584 109
195779: -634 -307 -593 190
195786: -634 -308 -575 29
195788: -634 -308 -593 191
195790: -634 -308 -611 353
195792: -634 -308 -629 515
195794: -634 -308 -647 677
195799: -634 -309 -611 354
195800: -634 -309 -620 435
195802: -634 -309 -638 597
195818: -634 -311 -620 437
195819: -634 -311 -629 518
195821: -634 -311 -647 680
195830: -634 -312 -647 681
195831: -634 -313 -575 34
195849: -634 -315 -575 36
195851: -634 -315 -593 198
195853: -634 -315 -611 360
195859: -635 -388 -584 118
195860: -635 -388 -593 199
195861: -635 -388 -602 280
195869: -635 -389 -593 200
195870: -635 -389 -602 281
195896: -635 -392 -593 203
195908: -635 -393 -620 447
195915: -635 -394 -602 286
195931: -635 -396 -584 126
195932: -635 -396 -593 207
195933: -635 -396 -602 288
195936: -635 -396 -629 531
195942: -636 -469 -602 289
195943: -636 -469 -611 370
195951: -636 -470 -602 290
195952: -636 -470 -611 371
195956: -636 -470 -647 695
195957: -636 -471 -575 48
195960: -636 -471 -602 291
195961: -636 -471 -611 372
195966: -636 -472 -575 49
195967: -636 -472 -584 130
195970: -636 -472 -611 373
195975: -636 -473 -575 50
195978: -636 -473 -602 293
195996: -636 -475 -602 295
196011: -636 -477 -575 54
196014: -636 -477 -602 297
196017: -636 -477 -629 540
196164: -638 -638 -575 71
196167: -638 -638 -602 314
196169: -638 -638 -620 476
196172: -638 -638 -647 719
196184: -639 -712 -593 235
196186: -639 -712 -611 397
196188: -639 -712 -629 559
196194: -639 -713 -602 317
196206: -639 -714 -629 561
196209: -639 -715 -575 76
196211: -639 -715 -593 238
196217: -639 -715 -647 724
196218: -639 -716 -575 77
196219: -639 -716 -584 158
196221: -639 -716 -602 320
196233: -639 -717 -629 564
196239: -639 -718 -602 322
196257: -639 -720 -602 324
196309: -721 -78 -666 87
196310: -721 -78 -675 168
196311: -721 -78 -684 249
196312: -721 -78 -693 330
196314: -721 -78 -711 492
196315: -721 -78 -720 573
196344: -722 -154 -657 10
196345: -722 -154 -666 91
196347: -722 -154 -684 253
196348: -722 -154 -693 334
196351: -722 -154 -720 577
196352: -722 -154 -729 658
196380: -722 -158 -657 14
196382: -722 -158 -675 176
196393: -722 -159 -693 339
196396: -722 -159 -720 582
196400: -722 -160 -675 178
196401: -722 -160 -684 259
196402: -722 -160 -693 340
196409: -722 -161 -675 179
196410: -722 -161 -684 260
196425: -723 -235 -657 19
196426: -723 -235 -666 100
196427: -723 -235 -675 181
196429: -723 -235 -693 343
196430: -723 -235 -702 424
196431: -723 -235 -711 505
196432: -723 -235 -720 586
196434: -723 -236 -657 20
196437: -723 -236 -684 263
196438: -723 -236 -693 344
196440: -723 -236 -711 506
196441: -723 -236 -720 587
196453: -723 -238 -666 103
196456: -723 -238 -693 346
196458: -723 -238 -711 508
196461: -723 -239 -657 23
196462: -723 -239 -666 104
196464: -723 -239 -684 266
196467: -723 -239 -711 509
196470: -723 -240 -657 24
196471: -723 -240 -666 105
196474: -723 -240 -693 348
196476: -723 -240 -711 510
196479: -723 -241 -657 25
196480: -723 -241 -666 106
196483: -723 -241 -693 349
196486: -723 -241 -720 592
196492: -723 -242 -693 350
196506: -724 -316 -657 28
196507: -724 -316 -666 109
196508: -724 -316 -675 190
196509: -724 -316 -684 271
196512: -724 -316 -711 514
196519: -724 -317 -693 353
196520: -724 -317 -702 434
196522: -724 -317 -720 596
196524: -724 -318 -657 30
196525: -724 -318 -666 111
196528: -724 -318 -693 354
196533: -724 -319 -657 31
196534: -724 -319 -666 112
196543: -724 -320 -666 113
196547: -724 -320 -702 437
196549: -724 -320 -720 599
196551: -724 -321 -657 33
196553: -724 -321 -675 195
196555: -724 -321 -693 357
196560: -724 -322 -657 34
196564: -724 -322 -693 358
196565: -724 -322 -702 439
196567: -724 -322 -720 601
196588: -725 -397 -666 118
196590: -725 -397 -684 280
196592: -725 -397 -702 442
196594: -725 -397 -720 604
196599: -725 -398 -684 281
196608: -725 -399 -684 282
196635: -725 -402 -684 285
196639: -725 -402 -720 609
196644: -725 -403 -684 286
196648: -725 -403 -720 610
196653: -725 -404 -684 287
196656: -725 -404 -711 530
196669: -726 -478 -666 127
196670: -726 -478 -675 208
196675: -726 -478 -720 613
196679: -726 -479 -675 209
196681: -726 -479 -693 371
196683: -726 -479 -711 533
196696: -726 -481 -666 130
196699: -726 -481 -693 373
196713: -726 -483 -657 51
196752: -727 -559 -684 298
196753: -727 -559 -693 379
196758: -727 -560 -657 56
196760: -727 -560 -675 218
196761: -727 -560 -684 299
196762: -727 -560 -693 380
196770: -727 -561 -684 300
196780: -727 -562 -693 382
196785: -727 -563 -657 59
196788: -727 -563 -684 302
196794: -727 -564 -657 60
196795: -727 -564 -666 141
196796: -727 -564 -675 222
196797: -727 -564 -684 303
196798: -727 -564 -693 384
196801: -727 -564 -720 627
196815: -727 -566 -684 305
196824: -727 -567 -684 306
196986: -729 -729 -684 324
196989: -729 -729 -711 567
196990: -729 -729 -720 648
196992: -2 -1 -1
197101: -96 -92 -92
197119: -98 -92 -92
197128: -99 -92 -92
197138: -181 -183 -183
197174: -186 -183 -183
197198: -188 -237 -669
197211: -271 -274 -274
197220: -272 -274 -274
197238: -275 -274 -274
197247: -276 -274 -274
197250: -276 -301 -517
197256: -277 -274 -274
197264: -278 -265 -193
197267: -278 -292 -436
197274: -279 -274 -274
197277: -279 -301 -517
197302: -363 -365 -365
197329: -367 -365 -365
197375: -453 -456 -456
197439: -542 -547 -547
197484: -548 -547 -547
197521: -633 -638 -638
197530: -634 -638 -638
197566: -639 -638 -638
197585: -722 -729 -729
197594: -723 -729 -729
197621: -726 -729 -729
197640: -2 -82
197641: -2 -10
197642: -2 -91
197643: -2 -83
198336: -93 -174
198395: -93 -104 -119
198398: -93 -105 -128
198488: -95 -119
198489: -95 -362
198510: -95 -337 -281
198561: -95 -126 -155
198564: -96 -416
198565: -96 -128
198567: -96 -420
198587: -96 -418 -290
198592: -96 -419 -371
198601: -96 -421 -142
198606: -96 -422 -152
198609: -96 -423 -155
198611: -96 -423 -162
198612: -96 -423 -695
198619: -96 -128 -96
198621: -96 -129 -173
198626: -96 -131 -119
198632: -96 -133 -137
198634: -96 -133 -501
198637: -96 -134 -582
198638: -96 -135 -155
198642: -97 -137
198643: -97 -542
198644: -97 -502
198645: -97 -142
198665: -97 -499 -517
198673: -97 -501 -132
198683: -97 -503 -152
198696: -97 -137 -97
198698: -97 -138 -173
198706: -97 -141 -128
198714: -97 -143 -583
198715: -97 -144 -155
198718: -98 -578
198719: -98 -146
198720: -98 -632
198721: -98 -584
198741: -98 -580 -308
198753: -98 -583 -137
198755: -98 -583 -142
198756: -98 -583 -551
198773: -98 -146 -98
198775: -98 -147 -173
198785: -98 -150 -422
198786: -98 -151 -137
198792: -98 -153 -155
198795: -99 -659
198796: -99 -155
198797: -99 -722
198798: -99 -666
198813: -99 -660 -236
198837: -99 -665 -152
198838: -99 -665 -641
198852: -99 -156 -173
198857: -99 -158 -119
198892: -181 -22 -192
198894: -181 -22 -193
198937: -181 -168 -210
198940: -181 -169 -219
198943: -181 -170 -228
198946: -181 -171 -237
199027: -184 -192
199029: -184 -265
199051: -184 -266 -201
199054: -184 -266 -354
199094: -184 -196 -219
199097: -184 -197 -228
199103: -185 -345
199104: -185 -201
199105: -185 -363
199106: -185 -347
199136: -185 -348 -444
199140: -185 -349 -223
199158: -185 -200 -104
199162: -185 -202 -192
199164: -185 -202 -266
199168: -185 -204 -210
199178: -185 -207 -669
199181: -186 -210
199182: -186 -453
199183: -186 -429
199185: -186 -424 -165
199218: -186 -430 -534
199233: -186 -209 -174
199234: -186 -209 -102
199235: -186 -209 -105
199239: -186 -211 -192
199257: -187 -507
199258: -187 -219
199259: -187 -543
199260: -187 -511
199261: -187 -223
199262: -187 -505 -165
199270: -187 -506 -138
199273: -187 -507 -187
199280: -187 -508 -300
199289: -187 -510 -213
199300: -187 -512 -624
199310: -187 -218 -174
199312: -187 -218 -106
199316: -187 -220 -192
199317: -187 -220 -264
199334: -188 -588
199335: -188 -228
199336: -188 -633
199337: -188 -593
199338: -188 -233
199382: -188 -594 -714
199387: -188 -227 -174
199389: -188 -227 -107
199394: -188 -229 -264
199402: -188 -232 -219
199413: -189 -723
199414: -189 -675
199415: -189 -243
199416: -189 -667 -165
199434: -189 -670 -318
199438: -189 -671 -203
199444: -189 -672 -480
199464: -189 -236 -174
199465: -189 -236 -102
199466: -189 -236 -108
199469: -189 -237 -189
199470: -189 -238 -192
199471: -189 -238 -264
199513: -271 -32 -283
199515: -271 -32 -284
199553: -271 -249 -292
199556: -271 -250 -301
199568: -272 -110
199569: -272 -254
199582: -272 -111 -264
199583: -272 -111 -175
199593: -272 -113 -337
199597: -272 -114 -294
199602: -272 -115 -304
199610: -272 -117 -319
199612: -272 -117 -324
199630: -272 -258 -292
199631: -272 -258 -436
199633: -272 -259 -301
199634: -272 -259 -517
199636: -272 -260 -310
199637: -272 -260 -598
199639: -272 -261 -319
199720: -275 -283
199722: -275 -356
199751: -275 -357 -294
199756: -275 -358 -304
199771: -275 -280 -32
199784: -275 -285 -292
199787: -275 -286 -301
199790: -275 -287 -310
199793: -275 -288 -319
199796: -276 -436
199797: -276 -292
199798: -276 -454
199799: -276 -438
199800: -276 -294
199806: -276 -434 -256
199813: -276 -435 -264
199814: -276 -435 -211
199817: -276 -436 -276
199821: -276 -437 -283
199832: -276 -439 -303
199833: -276 -439 -304
199834: -276 -439 -535
199835: -276 -439 -466
199838: -276 -440 -314
199840: -276 -440 -476
199843: -276 -441 -324
199844: -276 -441 -697
199846: -276 -289 -247
199849: -276 -290 -256
199852: -276 -291 -265
199853: -276 -291 -193
199858: -276 -293 -283
199860: -276 -293 -357
199864: -276 -295 -301
199865: -276 -295 -517
199866: -276 -295 -519
199867: -276 -296 -310
199870: -276 -297 -319
199873: -277 -517
199874: -277 -301
199875: -277 -544
199876: -277 -520
199877: -277 -304
199887: -277 -515 -497
199891: -277 -516 -220
199894: -277 -517 -277
199903: -277 -519 -292
199905: -277 -519 -294
199906: -277 -519 -463
199915: -277 -521 -314
199916: -277 -521 -625
199917: -277 -521 -557
199918: -277 -522 -319
199922: -277 -522 -567
199923: -277 -298 -247
199926: -277 -299 -256
199928: -277 -299 -115
199929: -277 -300 -265
199930: -277 -300 -193
199931: -277 -300 -196
199935: -277 -302 -283
199937: -277 -302 -358
199938: -277 -303 -292
199944: -277 -305 -310
199946: -277 -305 -601
199947: -277 -306 -319
199948: -277 -306 -679
199949: -277 -306 -682
199950: -278 -598
199951: -278 -310
199952: -278 -634
199953: -278 -602
199954: -278 -314
199960: -278 -596 -256
199967: -278 -597 -264
199968: -278 -597 -229
199975: -278 -599 -283
199980: -278 -600 -292
199982: -278 -600 -294
199983: -278 -600 -472
199987: -278 -601 -304
199998: -278 -603 -715
200003: -278 -308 -256
200005: -278 -308 -116
200006: -278 -309 -265
200007: -278 -309 -193
200008: -278 -309 -197
200011: -278 -310 -278
200012: -278 -311 -283
200014: -278 -311 -359
200015: -278 -312 -292
200024: -278 -315 -319
200025: -278 -315 -679
200026: -278 -315 -683
200027: -279 -679
200028: -279 -319
200029: -279 -724
200030: -279 -684
200031: -279 -324
200041: -279 -677 -659
200044: -279 -678 -264
200045: -279 -678 -238
200046: -279 -678 -669
200054: -279 -680 -284
200059: -279 -681 -294
200060: -279 -681 -481
200062: -279 -682 -301
200064: -279 -682 -304
200065: -279 -682 -562
200066: -279 -682 -709
200067: -279 -683 -310
200069: -279 -683 -314
200070: -279 -683 -643
200077: -279 -316 -247
200080: -279 -317 -256
200083: -279 -318 -265
200085: -279 -318 -198
200089: -279 -320 -283
200091: -279 -320 -360
200092: -279 -321 -292
200095: -279 -322 -301
200097: -279 -322 -522
200098: -279 -323 -310
200100: -279 -323 -603
200107: -361 -37
200181: -362 -122
200183: -362 -95
200228: -362 -126 -405
200240: -362 -337 -356
200241: -362 -337 -284
200242: -362 -337 -281
200258: -363 -203
200259: -363 -347
200260: -363 -185
200261: -363 -201
200281: -363 -202 -266
200295: -363 -205 -385
200301: -363 -206 -590
200323: -363 -348 -374
200326: -363 -349 -383
200329: -363 -350 -392
200332: -363 -351 -401
200412: -366 -446
200413: -366 -374
200414: -366 -455
200415: -366 -447
200416: -366 -375
200425: -366 -443 -131
200450: -366 -448 -536
200462: -366 -370 -329
200489: -367 -527
200490: -367 -383
200491: -367 -545
200492: -367 -529
200493: -367 -385
200503: -367 -524 -497
200506: -367 -525 -345
200515: -367 -527 -367
200532: -367 -530 -626
200534: -367 -531 -401
200539: -367 -379 -329
200553: -367 -383 -367
200566: -368 -608
200567: -368 -392
200568: -368 -635
200569: -368 -611
200570: -368 -395
200592: -368 -608 -368
200614: -368 -612 -716
200616: -368 -388 -329
200630: -368 -392 -368
200640: -368 -396 -401
200643: -369 -689
200644: -369 -401
200645: -369 -725
200646: -369 -693
200647: -369 -405
200661: -369 -687 -239
200666: -369 -688 -320
200676: -369 -690 -482
200716: -369 -404 -612
200755: -451 -52 -465
200757: -451 -52 -466
200798: -452 -420
200799: -452 -96
200800: -452 -128
200802: -452 -127 -411
200834: -452 -133 -466
200842: -452 -135 -483
200874: -453 -213
200876: -453 -186
200877: -453 -210
200878: -453 -426
200880: -453 -208 -408
200886: -453 -209 -416
200887: -453 -209 -105
200897: -453 -211 -267
200916: -453 -215 -476
200921: -453 -216 -486
200922: -453 -216 -672
200927: -453 -425 -420
200933: -453 -427 -438
200941: -453 -429 -453
200942: -453 -430 -465
200943: -453 -430 -537
200945: -453 -431 -474
200948: -453 -432 -483
200951: -454 -294
200952: -454 -438
200953: -454 -276
200954: -454 -292
200955: -454 -436
200978: -454 -293 -446
201018: -454 -438 -454
201019: -454 -439 -465
201025: -454 -441 -483
201027: -454 -441 -697
201028: -455 -375
201029: -455 -447
201030: -455 -366
201031: -455 -374
201032: -455 -446
201081: -455 -443 -420
201082: -455 -443 -132
201087: -455 -445 -438
201102: -455 -450 -483
201105: -457 -537
201108: -457 -538
201157: -457 -460 -52
201182: -458 -618
201183: -458 -474
201184: -458 -636
201185: -458 -620
201186: -458 -476
201213: -458 -618 -458
201229: -458 -621 -486
201241: -458 -472 -438
201256: -458 -477 -483
201376: -541 -62 -556
201378: -541 -62 -557
201392: -541 -489 -511
201395: -541 -490 -520
201398: -541 -491 -529
201410: -541 -495 -565
201414: -542 -502
201415: -542 -97
201416: -542 -137
201417: -542 -497
201418: -542 -136 -493
201445: -542 -141 -537
201449: -542 -142 -542
201460: -542 -144 -567
201485: -542 -503 -628
201491: -543 -511
201492: -543 -187
201493: -543 -219
201494: -543 -507
201500: -543 -218 -502
201512: -543 -220 -517
201515: -543 -221 -529
201543: -543 -506 -502
201552: -543 -509 -529
201557: -543 -510 -462
201562: -543 -512 -628
201563: -543 -512 -624
201564: -543 -513 -565
201567: -544 -304
201568: -544 -520
201569: -544 -277
201570: -544 -301
201572: -544 -298 -493
201580: -544 -299 -115
201585: -544 -300 -196
201594: -544 -302 -527
201610: -544 -305 -601
201632: -544 -519 -538
201641: -544 -522 -565
201644: -545 -385
201645: -545 -529
201646: -545 -367
201647: -545 -383
201648: -545 -527
201680: -545 -385 -545
201687: -545 -386 -610
201697: -545 -524 -502
201703: -545 -526 -520
201709: -545 -528 -538
201714: -545 -529 -545
201715: -545 -530 -556
201718: -545 -531 -565
201799: -548 -556
201801: -548 -629
201818: -548 -625 -520
201819: -548 -625 -521
201851: -548 -551 -502
201852: -548 -551 -142
201860: -548 -554 -529
201875: -549 -709
201876: -549 -565
201877: -549 -727
201878: -549 -711
201888: -549 -704 -160
201896: -549 -706 -522
201934: -549 -562 -520
201940: -549 -564 -538
201945: -549 -565 -549
201997: -631 -72 -647
201999: -631 -72 -648
202008: -631 -570 -593
202014: -631 -572 -611
202029: -632 -152
202030: -632 -584
202031: -632 -98
202032: -632 -146
202070: -632 -152 -632
202076: -632 -153 -648
202094: -632 -582 -620
202104: -632 -585 -719
202107: -633 -593
202109: -633 -228
202116: -633 -227 -584
202119: -633 -227 -107
202131: -633 -230 -611
202138: -633 -231 -618
202159: -633 -587 -584
202165: -633 -589 -602
202166: -633 -589 -314
202171: -633 -591 -620
202172: -633 -591 -476
202183: -634 -314
202184: -634 -602
202186: -634 -310
202196: -634 -308 -116
202201: -634 -309 -197
202210: -634 -311 -608
202212: -634 -311 -284
202231: -634 -315 -683
202233: -634 -595 -575
202236: -634 -596 -584
202250: -634 -600 -472
202260: -635 -395
202261: -635 -611
202262: -635 -368
202263: -635 -392
202264: -635 -608
202313: -635 -605 -584
202314: -635 -605 -152
202316: -635 -606 -593
202319: -635 -607 -602
202327: -635 -609 -473
202328: -635 -610 -629
202335: -635 -612 -719
202338: -636 -620
202339: -636 -458
202340: -636 -474
202347: -636 -470 -584
202357: -636 -472 -602
202387: -636 -613 -575
202390: -636 -614 -584
202396: -636 -616 -602
202405: -636 -619 -629
202411: -636 -621 -647
202491: -639 -719
202494: -639 -720
202495: -639 -648
202520: -639 -716 -689
202544: -639 -641 -584
202553: -639 -644 -611
202554: -639 -644 -395
202598: -721 -78 -702
202600: -721 -78 -699
202645: -722 -162
202646: -722 -666
202647: -722 -99
202648: -722 -155
202649: -722 -659
202650: -722 -154 -657
202663: -722 -156 -180
202678: -722 -159 -423
202704: -722 -661 -684
202713: -722 -664 -711
202722: -723 -243
202723: -723 -675
202724: -723 -189
202725: -723 -237
202726: -723 -669
202732: -723 -236 -666
202734: -723 -236 -659
202735: -723 -236 -108
202759: -723 -241 -709
202775: -723 -668 -666
202781: -723 -670 -684
202782: -723 -670 -324
202787: -723 -672 -702
202790: -723 -673 -711
202798: -723 -675 -723
202799: -724 -324
202800: -724 -684
202801: -724 -279
202802: -724 -319
202803: -724 -679
202812: -724 -317 -117
202816: -724 -318 -669
202826: -724 -320 -689
202828: -724 -320 -284
202831: -724 -321 -699
202836: -724 -322 -709
202852: -724 -677 -666
202870: -724 -683 -720
202875: -724 -684 -724
202876: -725 -405
202877: -725 -693
202878: -725 -369
202879: -725 -401
202880: -725 -689
202909: -725 -402 -450
202929: -725 -686 -666
202935: -725 -688 -684
202941: -725 -690 -702
202942: -725 -690 -486
202952: -725 -693 -725
202953: -726 -486
202954: -726 -702
202956: -726 -483
202999: -726 -486 -726
203005: -726 -694 -78
203006: -726 -695 -666
203030: -727 -567
203031: -727 -711
203032: -727 -549
203033: -727 -565
203034: -727 -709
203043: -727 -560 -144
203050: -727 -562 -684
203083: -727 -704 -666
203085: -727 -704 -160
203086: -727 -705 -675
203089: -727 -706 -684
203091: -727 -706 -322
203103: -727 -710 -646
203106: -727 -711 -727
203184: 2
203185: 12
203186: 22
203187: 32
203188: 37
203189: 52
203190: 62
203191: 72