6 1 1 1
UNSAT
8: -2 -3
9: -2 -4
10: -2 -5
11: -2 -6
12: -2 -7
13: -2 -8
14: -2 -9
52: -12 -13
53: -12 -14
54: -12 -15
55: -12 -16
56: -12 -17
57: -12 -18
95: -22 -23
96: -22 -24
97: -22 -25
98: -22 -26
99: -22 -27
114: -28 -32
137: -32 -33
138: -32 -34
139: -32 -35
140: -32 -36
152: -37 -42
178: -42 -43
179: -42 -44
180: -42 -45
190: -46 -52
191: -46 -53
192: -46 -54
255: -61 -62
256: -61 -63
294: -71 -72
381: -92 -96
402: -96 -99
406: 91 92 93 94 95 96 97 98 99
408: -100 -102
424: -102 -105
429: -103 -105
440: -106 -107
442: -107 -108
443: 100 101 102 103 104 105 106 107 108
444: -109 -110
446: -109 -112
449: -109 -115
452: -110 -111
466: -112 -114
480: 109 110 111 112 113 114 115 116 117
481: -118 -119
482: -118 -120
503: -121 -123
505: -121 -125
517: 118 119 120 121 122 123 124 125 126
518: -127 -128
522: -127 -132
523: -127 -133
524: -127 -134
525: -127 -135
540: -130 -132
554: 127 128 129 130 131 132 133 134 135
555: -136 -137
556: -136 -138
557: -136 -139
559: -136 -141
560: -136 -142
562: -136 -144
572: -138 -141
575: -138 -144
579: -139 -143
580: -139 -144
585: -141 -142
586: -141 -143
587: -141 -144
588: -142 -143
589: -142 -144
591: 136 137 138 139 140 141 142 143 144
592: -145 -146
593: -145 -147
594: -145 -148
596: -145 -150
597: -145 -151
598: -145 -152
599: -145 -153
609: -147 -150
615: -148 -151
617: -148 -153
623: -150 -152
624: -150 -153
625: -151 -152
626: -151 -153
628: 145 146 147 148 149 150 151 152 153
629: -154 -155
630: -154 -156
631: -154 -157
633: -154 -159
634: -154 -160
635: -154 -161
636: -154 -162
646: -156 -159
647: -156 -160
648: -156 -161
652: -157 -160
653: -157 -161
659: -159 -160
660: -159 -161
661: -159 -162
662: -160 -161
664: -161 -162
665: 154 155 156 157 158 159 160 161 162
681: -165 -166
683: -165 -168
684: -165 -169
685: -165 -170
686: -165 -171
688: -166 -168
689: -166 -169
690: -166 -170
691: -166 -171
696: -168 -169
697: -168 -170
698: -168 -171
699: -169 -170
700: -169 -171
701: -170 -171
702: 163 164 165 166 167 168 169 170 171
703: -172 -173
704: -172 -174
705: -172 -175
707: -172 -177
712: -173 -175
718: -174 -175
719: -174 -176
720: -174 -177
723: -174 -180
724: -175 -176
725: -175 -177
726: -175 -178
739: 172 173 174 175 176 177 178 179 180
740: -181 -182
741: -181 -183
743: -181 -185
745: -181 -187
746: -181 -188
747: -181 -189
767: -185 -187
769: -185 -189
770: -186 -187
771: -186 -188
772: -186 -189
776: 181 182 183 184 185 186 187 188 189
778: -190 -192
782: -190 -196
783: -190 -197
784: -190 -198
787: -191 -194
789: -191 -196
790: -191 -197
791: -191 -198
798: -193 -194
804: -194 -196
805: -194 -197
806: -194 -198
813: 190 191 192 193 194 195 196 197 198
814: -199 -200
817: -199 -203
818: -199 -204
820: -199 -206
826: -200 -205
828: -200 -207
829: -201 -202
830: -201 -203
832: -201 -205
835: -202 -203
841: -203 -205
842: -203 -206
843: -203 -207
848: -205 -207
850: 199 200 201 202 203 204 205 206 207
851: -208 -209
852: -208 -210
853: -208 -211
854: -208 -212
855: -208 -213
856: -208 -214
857: -208 -215
858: -208 -216
859: -209 -210
860: -209 -211
861: -209 -212
862: -209 -213
863: -209 -214
866: -210 -211
867: -210 -212
869: -210 -214
870: -210 -215
871: -210 -216
872: -211 -212
873: -211 -213
874: -211 -214
875: -211 -215
876: -211 -216
879: -212 -215
887: 208 209 210 211 212 213 214 215 216
888: -217 -218
889: -217 -219
890: -217 -220
891: -217 -221
892: -217 -222
893: -217 -223
894: -217 -224
895: -217 -225
896: -218 -219
898: -218 -221
902: -218 -225
903: -219 -220
904: -219 -221
907: -219 -224
910: -220 -222
911: -220 -223
914: -221 -222
924: 217 218 219 220 221 222 223 224 225
925: -226 -227
926: -226 -228
927: -226 -229
928: -226 -230
929: -226 -231
930: -226 -232
931: -226 -233
932: -226 -234
933: -227 -228
934: -227 -229
939: -227 -234
940: -228 -229
942: -228 -231
943: -228 -232
946: -229 -230
947: -229 -231
961: 226 227 228 229 230 231 232 233 234
962: -235 -236
963: -235 -237
964: -235 -238
965: -235 -239
966: -235 -240
967: -235 -241
968: -235 -242
969: -235 -243
970: -236 -237
971: -236 -238
972: -236 -239
973: -236 -240
974: -236 -241
977: -237 -238
979: -237 -240
983: -238 -239
984: -238 -240
998: 235 236 237 238 239 240 241 242 243
1008: -245 -247
1026: -248 -250
1030: -249 -251
1031: -249 -252
1033: -250 -252
1034: -251 -252
1035: 244 245 246 247 248 249 250 251 252
1036: -253 -254
1037: -253 -255
1038: -253 -256
1039: -253 -257
1040: -253 -258
1041: -253 -259
1042: -253 -260
1043: -253 -261
1051: -255 -256
1054: -255 -259
1072: 253 254 255 256 257 258 259 260 261
1086: -263 -269
1088: -264 -265
1090: -264 -267
1094: -265 -266
1096: -265 -268
1098: -265 -270
1102: -266 -270
1108: -269 -270
1109: 262 263 264 265 266 267 268 269 270
1112: -271 -274
1119: -272 -274
1120: -272 -275
1122: -272 -277
1123: -272 -278
1131: -274 -275
1132: -274 -276
1134: -274 -278
1136: -275 -276
1146: 271 272 273 274 275 276 277 278 279
1148: -280 -282
1149: -280 -283
1150: -280 -284
1152: -280 -286
1154: -280 -288
1159: -281 -286
1163: -282 -284
1180: -286 -287
1181: -286 -288
1183: 280 281 282 283 284 285 286 287 288
1185: -289 -291
1187: -289 -293
1188: -289 -294
1190: -289 -296
1192: -290 -291
1201: -291 -294
1203: -291 -296
1218: -295 -297
1220: 289 290 291 292 293 294 295 296 297
1221: -298 -299
1222: -298 -300
1224: -298 -302
1225: -298 -303
1226: -298 -304
1227: -298 -305
1228: -298 -306
1229: -299 -300
1248: -302 -304
1254: -304 -305
1255: -304 -306
1256: -305 -306
1257: 298 299 300 301 302 303 304 305 306
1258: -307 -308
1259: -307 -309
1260: -307 -310
1261: -307 -311
1262: -307 -312
1263: -307 -313
1264: -307 -314
1265: -307 -315
1294: 307 308 309 310 311 312 313 314 315
1295: -316 -317
1296: -316 -318
1298: -316 -320
1299: -316 -321
1300: -316 -322
1301: -316 -323
1302: -316 -324
1311: -318 -320
1312: -318 -321
1325: -321 -322
1326: -321 -323
1331: 316 317 318 319 320 321 322 323 324
1336: -325 -330
1340: -326 -327
1344: -326 -331
1348: -327 -329
1349: -327 -330
1350: -327 -331
1351: -327 -332
1352: -327 -333
1358: -329 -330
1362: -330 -331
1363: -330 -332
1364: -330 -333
1365: -331 -332
1367: -332 -333
1368: 325 326 327 328 329 330 331 332 333
1385: -336 -338
1387: -336 -340
1388: -336 -341
1389: -336 -342
1405: 334 335 336 337 338 339 340 341 342
1406: -343 -344
1411: -343 -349
1428: -346 -348
1432: -347 -348
1442: 343 344 345 346 347 348 349 350 351
1443: -352 -353
1445: -352 -355
1446: -352 -356
1449: -352 -359
1456: -353 -359
1464: -355 -356
1465: -355 -357
1466: -355 -358
1467: -355 -359
1468: -355 -360
1471: -356 -359
1479: 352 353 354 355 356 357 358 359 360
1480: -361 -362
1483: -361 -365
1486: -361 -368
1490: -362 -365
1491: -362 -366
1516: 361 362 363 364 365 366 367 368 369
1517: -370 -371
1519: -370 -373
1520: -370 -374
1521: -370 -375
1530: -371 -377
1531: -371 -378
1551: -376 -378
1552: -377 -378
1553: 370 371 372 373 374 375 376 377 378
1554: -379 -380
1555: -379 -381
1556: -379 -382
1558: -379 -384
1559: -379 -385
1560: -379 -386
1561: -379 -387
1563: -380 -382
1568: -380 -387
1569: -381 -382
1576: -382 -384
1577: -382 -385
1580: -383 -384
1585: -384 -386
1590: 379 380 381 382 383 384 385 386 387
1591: -388 -389
1592: -388 -390
1593: -388 -391
1594: -388 -392
1595: -388 -393
1596: -388 -394
1597: -388 -395
1598: -388 -396
1600: -389 -391
1616: -391 -396
1627: 388 389 390 391 392 393 394 395 396
1628: -397 -398
1629: -397 -399
1630: -397 -400
1631: -397 -401
1632: -397 -402
1633: -397 -403
1634: -397 -404
1635: -397 -405
1639: -398 -402
1646: -399 -403
1651: -400 -403
1652: -400 -404
1654: -401 -402
1662: -403 -405
1664: 397 398 399 400 401 402 403 404 405
1673: -407 -408
1674: -407 -409
1676: -407 -411
1677: -407 -412
1679: -407 -414
1680: -408 -409
1682: -408 -411
1683: -408 -412
1684: -408 -413
1685: -408 -414
1687: -409 -411
1688: -409 -412
1689: -409 -413
1690: -409 -414
1695: -411 -412
1696: -411 -413
1697: -411 -414
1698: -412 -413
1699: -412 -414
1700: -413 -414
1701: 406 407 408 409 410 411 412 413 414
1739: -424 -425
1740: -424 -426
1741: -424 -427
1743: -424 -429
1745: -424 -431
1746: -424 -432
1748: -425 -427
1754: -426 -427
1757: -426 -430
1758: -426 -431
1759: -426 -432
1763: -427 -431
1764: -427 -432
1772: -430 -431
1773: -430 -432
1774: -431 -432
1775: 424 425 426 427 428 429 430 431 432
1776: -433 -434
1778: -433 -436
1780: -433 -438
1782: -433 -440
1783: -433 -441
1784: -434 -435
1788: -434 -439
1789: -434 -440
1790: -434 -441
1791: -435 -436
1794: -435 -439
1795: -435 -440
1796: -435 -441
1800: -436 -440
1809: -439 -440
1810: -439 -441
1811: -440 -441
1812: 433 434 435 436 437 438 439 440 441
1820: -442 -450
1821: -443 -444
1824: -443 -447
1825: -443 -448
1826: -443 -449
1827: -443 -450
1831: -444 -448
1833: -444 -450
1836: -445 -448
1837: -445 -449
1838: -445 -450
1846: -448 -449
1848: -449 -450
1849: 442 443 444 445 446 447 448 449 450
1865: -453 -454
1867: -453 -456
1868: -453 -457
1869: -453 -458
1870: -453 -459
1886: 451 452 453 454 455 456 457 458 459
1887: -460 -461
1888: -460 -462
1889: -460 -463
1891: -460 -465
1892: -460 -466
1894: -460 -468
1904: -462 -465
1907: -462 -468
1909: -463 -465
1923: 460 461 462 463 464 465 466 467 468
1924: -469 -470
1925: -469 -471
1926: -469 -472
1928: -469 -474
1929: -469 -475
1931: -469 -477
1932: -470 -471
1933: -470 -472
1939: -471 -472
1942: -471 -475
1943: -471 -476
1946: -472 -474
1949: -472 -477
1958: -475 -477
1960: 469 470 471 472 473 474 475 476 477
1962: -478 -480
1963: -478 -481
1965: -478 -483
1967: -478 -485
1968: -478 -486
1969: -479 -480
1970: -479 -481
1976: -480 -481
1978: -480 -483
1980: -480 -485
1983: -481 -483
1984: -481 -484
1985: -481 -485
1986: -481 -486
1997: 478 479 480 481 482 483 484 485 486
2006: -488 -489
2007: -488 -490
2008: -488 -491
2009: -488 -492
2011: -488 -494
2012: -488 -495
2013: -489 -490
2014: -489 -491
2015: -489 -492
2017: -489 -494
2018: -489 -495
2019: -490 -491
2020: -490 -492
2022: -490 -494
2023: -490 -495
2024: -491 -492
2026: -491 -494
2027: -491 -495
2029: -492 -494
2030: -492 -495
2033: -494 -495
2034: 487 488 489 490 491 492 493 494 495
2040: -496 -502
2049: -497 -504
2058: -499 -502
2068: -502 -503
2069: -502 -504
2071: 496 497 498 499 500 501 502 503 504
2073: -505 -507
2074: -505 -508
2077: -505 -511
2081: -506 -508
2084: -506 -511
2087: -507 -508
2090: -507 -511
2092: -507 -513
2093: -508 -509
2094: -508 -510
2095: -508 -511
2096: -508 -512
2097: -508 -513
2098: -509 -510
2104: -510 -513
2105: -511 -512
2106: -511 -513
2107: -512 -513
2108: 505 506 507 508 509 510 511 512 513
2109: -514 -515
2111: -514 -517
2114: -514 -520
2115: -514 -521
2119: -515 -518
2121: -515 -520
2126: -516 -519
2128: -516 -521
2130: -517 -518
2132: -517 -520
2136: -518 -520
2142: -520 -521
2143: -520 -522
2145: 514 515 516 517 518 519 520 521 522
2146: -523 -524
2147: -523 -525
2148: -523 -526
2149: -523 -527
2150: -523 -528
2151: -523 -529
2154: -524 -525
2155: -524 -526
2156: -524 -527
2157: -524 -528
2158: -524 -529
2160: -524 -531
2179: -529 -530
2182: 523 524 525 526 527 528 529 530 531
2187: -532 -537
2188: -532 -538
2189: -532 -539
2194: -533 -537
2195: -533 -538
2201: -534 -538
2210: -536 -538
2213: -537 -538
2214: -537 -539
2216: -538 -539
2217: -538 -540
2218: -539 -540
2219: 532 533 534 535 536 537 538 539 540
2228: -542 -543
2229: -542 -544
2230: -542 -545
2231: -542 -546
2233: -542 -548
2234: -542 -549
2235: -543 -544
2236: -543 -545
2237: -543 -546
2239: -543 -548
2240: -543 -549
2241: -544 -545
2242: -544 -546
2244: -544 -548
2245: -544 -549
2246: -545 -546
2248: -545 -548
2249: -545 -549
2251: -546 -548
2252: -546 -549
2255: -548 -549
2256: 541 542 543 544 545 546 547 548 549
2257: -550 -551
2258: -550 -552
2259: -550 -553
2260: -550 -554
2261: -550 -555
2262: -550 -556
2263: -550 -557
2264: -550 -558
2267: -551 -554
2269: -551 -556
2271: -551 -558
2290: -556 -557
2293: 550 551 552 553 554 555 556 557 558
2294: -559 -560
2295: -559 -561
2296: -559 -562
2297: -559 -563
2298: -559 -564
2299: -559 -565
2300: -559 -566
2301: -559 -567
2305: -560 -564
2306: -560 -565
2308: -560 -567
2312: -561 -565
2317: -562 -565
2321: -563 -565
2327: -565 -566
2328: -565 -567
2330: 559 560 561 562 563 564 565 566 567
2339: -569 -570
2340: -569 -571
2341: -569 -572
2342: -569 -573
2343: -569 -574
2345: -569 -576
2346: -570 -571
2347: -570 -572
2348: -570 -573
2349: -570 -574
2351: -570 -576
2352: -571 -572
2353: -571 -573
2354: -571 -574
2356: -571 -576
2357: -572 -573
2358: -572 -574
2360: -572 -576
2361: -573 -574
2363: -573 -576
2365: -574 -576
2367: 568 569 570 571 572 573 574 575 576
2374: -577 -584
2381: -578 -584
2385: -579 -582
2389: -580 -581
2396: -581 -584
2401: -583 -584
2403: -584 -585
2404: 577 578 579 580 581 582 583 584 585
2406: -586 -588
2407: -586 -589
2408: -586 -590
2409: -586 -591
2411: -586 -593
2414: -587 -589
2423: -588 -592
2424: -588 -593
2425: -588 -594
2426: -589 -590
2427: -589 -591
2428: -589 -592
2429: -589 -593
2430: -589 -594
2432: -590 -592
2435: -591 -592
2438: -592 -593
2440: -593 -594
2441: 586 587 588 589 590 591 592 593 594
2442: -595 -596
2444: -595 -598
2445: -595 -599
2446: -595 -600
2447: -595 -601
2448: -595 -602
2452: -596 -599
2455: -596 -602
2466: -598 -602
2469: -599 -601
2470: -599 -602
2475: -601 -602
2478: 595 596 597 598 599 600 601 602 603
2479: -604 -605
2482: -604 -608
2483: -604 -609
2484: -604 -610
2485: -604 -611
2507: -608 -611
2514: -611 -612
2515: 604 605 606 607 608 609 610 611 612
2516: -613 -614
2520: -613 -618
2522: -613 -620
2527: -614 -618
2530: -614 -621
2540: -616 -620
2543: -617 -619
2546: -618 -619
2547: -618 -620
2548: -618 -621
2549: -619 -620
2551: -620 -621
2552: 613 614 615 616 617 618 619 620 621
2553: -622 -623
2554: -622 -624
2555: -622 -625
2556: -622 -626
2557: -622 -627
2558: -622 -628
2559: -622 -629
2560: -622 -630
2566: -623 -629
2584: -627 -629
2586: -628 -629
2588: -629 -630
2589: 622 623 624 625 626 627 628 629 630
2599: -632 -634
2600: -632 -635
2601: -632 -636
2602: -632 -637
2604: -632 -639
2605: -633 -634
2606: -633 -635
2607: -633 -636
2608: -633 -637
2610: -633 -639
2611: -634 -635
2612: -634 -636
2613: -634 -637
2615: -634 -639
2616: -635 -636
2617: -635 -637
2619: -635 -639
2620: -636 -637
2622: -636 -639
2624: -637 -639
2626: 631 632 633 634 635 636 637 638 639
2627: -640 -641
2628: -640 -642
2629: -640 -643
2630: -640 -644
2631: -640 -645
2632: -640 -646
2633: -640 -647
2634: -640 -648
2637: -641 -644
2640: -641 -647
2646: -642 -647
2651: -643 -647
2655: -644 -647
2658: -645 -647
2660: -646 -647
2662: -647 -648
2663: 640 641 642 643 644 645 646 647 648
2672: -650 -651
2673: -650 -652
2674: -650 -653
2675: -650 -654
2676: -650 -655
2677: -650 -656
2679: -651 -652
2680: -651 -653
2681: -651 -654
2682: -651 -655
2683: -651 -656
2685: -652 -653
2686: -652 -654
2687: -652 -655
2688: -652 -656
2690: -653 -654
2691: -653 -655
2692: -653 -656
2694: -654 -655
2695: -654 -656
2697: -655 -656
2700: 649 650 651 652 653 654 655 656 657
2708: -658 -666
2714: -659 -665
2715: -659 -666
2726: -661 -666
2735: -664 -666
2737: 658 659 660 661 662 663 664 665 666
2739: -667 -669
2740: -667 -670
2741: -667 -671
2742: -667 -672
2744: -667 -674
2745: -667 -675
2747: -668 -670
2759: -670 -671
2760: -670 -672
2761: -670 -673
2762: -670 -674
2768: -672 -673
2771: -673 -674
2774: 667 668 669 670 671 672 673 674 675
2775: -676 -677
2777: -676 -679
2778: -676 -680
2780: -676 -682
2781: -676 -683
2782: -676 -684
2785: -677 -680
2789: -677 -684
2796: -679 -680
2804: -680 -684
2809: -682 -684
2811: 676 677 678 679 680 681 682 683 684
2812: -685 -686
2814: -685 -688
2815: -685 -689
2816: -685 -690
2819: -685 -693
2826: -686 -693
2841: -689 -693
2848: 685 686 687 688 689 690 691 692 693
2856: -694 -702
2860: -695 -699
2863: -695 -702
2884: -701 -702
2885: 694 695 696 697 698 699 700 701 702
2886: -703 -704
2887: -703 -705
2888: -703 -706
2889: -703 -707
2890: -703 -708
2891: -703 -709
2892: -703 -710
2893: -703 -711
2900: -704 -711
2906: -705 -711
2911: -706 -711
2918: -708 -711
2920: -709 -711
2922: 703 704 705 706 707 708 709 710 711
2923: -712 -713
2924: -712 -714
2925: -712 -715
2926: -712 -716
2927: -712 -717
2928: -712 -718
2929: -712 -719
2930: -712 -720
2943: -714 -720
2952: -716 -720
2957: -718 -720
2958: -719 -720
2959: 712 713 714 715 716 717 718 719 720
2968: -722 -723
2970: -722 -725
2971: -722 -726
2973: -722 -728
2975: -723 -724
2976: -723 -725
2977: -723 -726
2978: -723 -727
2979: -723 -728
2981: -724 -725
2982: -724 -726
2983: -724 -727
2984: -724 -728
2986: -725 -726
2987: -725 -727
2988: -725 -728
2990: -726 -727
2991: -726 -728
2993: -727 -728
2996: 721 722 723 724 725 726 727 728 729
3099: -2 -84 -22 28
3109: -2 -85 -32 37
4051: -86 -334 -2 91
4061: -86 -335 -12 100
4071: -86 -336 -22 109
4081: -86 -337 -32 118
4091: -86 -338 -42 127
4095: -86 -339 -46 82
4110: -86 -340 -61 136
4120: -86 -341 -71 145
4130: -86 -342 -81 154
4628: -165 -182 -12 181
4648: -165 -184 -32 199
4662: -165 -186 -46 163
4677: -165 -187 -61 217
4687: -165 -188 -71 226
4697: -165 -189 -81 235
4699: -166 -262 -2 172
4719: -166 -264 -22 190
4729: -166 -265 -32 199
4739: -166 -266 -42 208
4743: -166 -267 -46 163
4758: -166 -268 -61 217
4768: -166 -269 -71 226
4778: -166 -270 -81 235
4780: -167 -343 -2 172
4861: -168 -424 -2 172
4871: -168 -425 -12 181
4881: -168 -426 -22 190
4891: -168 -427 -32 199
4905: -168 -429 -46 163
4920: -168 -430 -61 217
4930: -168 -431 -71 226
4940: -168 -432 -81 235
4942: -169 -505 -2 172
4952: -169 -506 -12 181
4962: -169 -507 -22 190
4972: -169 -508 -32 199
4982: -169 -509 -42 208
4986: -169 -510 -46 163
5001: -169 -511 -61 217
5011: -169 -512 -71 226
5021: -169 -513 -81 235
5023: -170 -586 -2 172
5033: -170 -587 -12 181
5043: -170 -588 -22 190
5053: -170 -589 -32 199
5063: -170 -590 -42 208
5067: -170 -591 -46 163
5082: -170 -592 -61 217
5092: -170 -593 -71 226
5102: -170 -594 -81 235
5104: -171 -667 -2 172
5114: -171 -668 -12 181
5124: -171 -669 -22 190
5134: -171 -670 -32 199
5144: -171 -671 -42 208
5148: -171 -672 -46 163
5163: -171 -673 -61 217
5173: -171 -674 -71 226
5183: -171 -675 -81 235
5266: -245 -109 -2 253
5276: -245 -110 -12 262
5286: -245 -111 -22 271
5296: -245 -112 -32 280
5310: -245 -114 -46 244
5325: -245 -115 -61 298
5335: -245 -116 -71 307
5345: -245 -117 -81 316
5347: -246 -190 -2 253
5387: -246 -194 -42 289
5438: -247 -272 -12 262
5468: -247 -275 -42 289
5472: -247 -276 -46 244
5487: -247 -277 -61 298
5497: -247 -278 -71 307
5507: -247 -279 -81 316
5509: -248 -352 -2 253
5519: -248 -353 -12 262
5529: -248 -354 -22 271
5539: -248 -355 -32 280
5549: -248 -356 -42 289
5553: -248 -357 -46 244
5590: -249 -433 -2 253
5600: -249 -434 -12 262
5610: -249 -435 -22 271
5634: -249 -438 -46 244
5649: -249 -439 -61 298
5659: -249 -440 -71 307
5669: -249 -441 -81 316
5671: -250 -514 -2 253
5681: -250 -515 -12 262
5691: -250 -516 -22 271
5701: -250 -517 -32 280
5711: -250 -518 -42 289
5715: -250 -519 -46 244
5730: -250 -520 -61 298
5750: -250 -522 -81 316
5752: -251 -595 -2 253
5762: -251 -596 -12 262
5772: -251 -597 -22 271
5782: -251 -598 -32 280
5792: -251 -599 -42 289
5796: -251 -600 -46 244
5821: -251 -602 -71 307
5831: -251 -603 -81 316
5833: -252 -676 -2 253
5873: -252 -680 -42 289
5877: -252 -681 -46 244
5912: -252 -684 -81 316
5995: -326 -118 -2 334
6005: -326 -119 -12 343
6015: -326 -120 -22 352
6025: -326 -121 -32 361
6039: -326 -123 -46 325
6054: -326 -124 -61 379
6064: -326 -125 -71 388
6074: -326 -126 -81 397
6076: -327 -199 -2 334
6086: -327 -200 -12 343
6096: -327 -201 -22 352
6106: -327 -202 -32 361
6116: -327 -203 -42 370
6120: -327 -204 -46 325
6135: -327 -205 -61 379
6145: -327 -206 -71 388
6155: -327 -207 -81 397
6248: -329 -362 -12 343
6258: -329 -363 -22 352
6282: -329 -366 -46 325
6307: -329 -368 -71 388
6317: -329 -369 -81 397
6339: -330 -444 -22 352
6349: -330 -445 -32 361
6378: -330 -448 -61 379
6388: -330 -449 -71 388
6398: -330 -450 -81 397
6400: -331 -523 -2 334
6444: -331 -528 -46 325
6459: -331 -529 -61 379
6481: -332 -604 -2 334
6491: -332 -605 -12 343
6511: -332 -607 -32 361
6540: -332 -610 -61 379
6550: -332 -611 -71 388
6562: -333 -685 -2 334
6582: -333 -687 -22 352
6602: -333 -689 -42 370
6606: -333 -690 -46 325
6631: -333 -692 -71 388
6641: -333 -693 -81 397
6724: -407 -127 -2 415
6734: -407 -128 -12 424
6754: -407 -130 -32 442
6768: -407 -132 -46 406
6783: -407 -133 -61 460
6793: -407 -134 -71 469
6803: -407 -135 -81 478
6805: -408 -208 -2 415
6815: -408 -209 -12 424
6825: -408 -210 -22 433
6835: -408 -211 -32 442
6845: -408 -212 -42 451
6849: -408 -213 -46 406
6864: -408 -214 -61 460
6874: -408 -215 -71 469
6884: -408 -216 -81 478
6886: -409 -289 -2 415
6896: -409 -290 -12 424
6906: -409 -291 -22 433
6916: -409 -292 -32 442
6926: -409 -293 -42 451
6930: -409 -294 -46 406
6945: -409 -295 -61 460
6955: -409 -296 -71 469
6965: -409 -297 -81 478
7058: -411 -452 -12 424
7068: -411 -453 -22 433
7078: -411 -454 -32 442
7107: -411 -457 -61 460
7117: -411 -458 -71 469
7127: -411 -459 -81 478
7129: -412 -532 -2 415
7149: -412 -534 -22 433
7159: -412 -535 -32 442
7169: -412 -536 -42 451
7173: -412 -537 -46 406
7188: -412 -538 -61 460
7198: -412 -539 -71 469
7208: -412 -540 -81 478
7210: -413 -613 -2 415
7220: -413 -614 -12 424
7230: -413 -615 -22 433
7240: -413 -616 -32 442
7250: -413 -617 -42 451
7254: -413 -618 -46 406
7269: -413 -619 -61 460
7279: -413 -620 -71 469
7289: -413 -621 -81 478
7291: -414 -694 -2 415
7301: -414 -695 -12 424
7311: -414 -696 -22 433
7321: -414 -697 -32 442
7331: -414 -698 -42 451
7335: -414 -699 -46 406
7350: -414 -700 -61 460
7360: -414 -701 -71 469
7370: -414 -702 -81 478
7453: -488 -136 -2 496
7463: -488 -137 -12 505
7473: -488 -138 -22 514
7483: -488 -139 -32 523
7497: -488 -141 -46 487
7522: -488 -143 -71 550
7532: -488 -144 -81 559
7534: -489 -217 -2 496
7544: -489 -218 -12 505
7554: -489 -219 -22 514
7564: -489 -220 -32 523
7574: -489 -221 -42 532
7578: -489 -222 -46 487
7603: -489 -224 -71 550
7613: -489 -225 -81 559
7615: -490 -298 -2 496
7625: -490 -299 -12 505
7635: -490 -300 -22 514
7645: -490 -301 -32 523
7655: -490 -302 -42 532
7659: -490 -303 -46 487
7674: -490 -304 -61 541
7684: -490 -305 -71 550
7694: -490 -306 -81 559
7696: -491 -379 -2 496
7706: -491 -380 -12 505
7716: -491 -381 -22 514
7726: -491 -382 -32 523
7740: -491 -384 -46 487
7755: -491 -385 -61 541
7765: -491 -386 -71 550
7775: -491 -387 -81 559
7777: -492 -460 -2 496
7787: -492 -461 -12 505
7797: -492 -462 -22 514
7807: -492 -463 -32 523
7821: -492 -465 -46 487
7836: -492 -466 -61 541
7846: -492 -467 -71 550
7856: -492 -468 -81 559
7939: -494 -622 -2 496
7949: -494 -623 -12 505
7959: -494 -624 -22 514
7969: -494 -625 -32 523
7979: -494 -626 -42 532
7983: -494 -627 -46 487
7998: -494 -628 -61 541
8008: -494 -629 -71 550
8018: -494 -630 -81 559
8020: -495 -703 -2 496
8030: -495 -704 -12 505
8040: -495 -705 -22 514
8050: -495 -706 -32 523
8060: -495 -707 -42 532
8064: -495 -708 -46 487
8079: -495 -709 -61 541
8089: -495 -710 -71 550
8099: -495 -711 -81 559
8182: -569 -145 -2 577
8192: -569 -146 -12 586
8202: -569 -147 -22 595
8212: -569 -148 -32 604
8226: -569 -150 -46 568
8241: -569 -151 -61 622
8261: -569 -153 -81 640
8273: -570 -227 -12 586
8283: -570 -228 -22 595
8293: -570 -229 -32 604
8303: -570 -230 -42 613
8307: -570 -231 -46 568
8322: -570 -232 -61 622
8332: -570 -233 -71 631
8342: -570 -234 -81 640
8344: -571 -307 -2 577
8354: -571 -308 -12 586
8364: -571 -309 -22 595
8374: -571 -310 -32 604
8388: -571 -312 -46 568
8403: -571 -313 -61 622
8413: -571 -314 -71 631
8423: -571 -315 -81 640
8425: -572 -388 -2 577
8435: -572 -389 -12 586
8445: -572 -390 -22 595
8455: -572 -391 -32 604
8465: -572 -392 -42 613
8469: -572 -393 -46 568
8484: -572 -394 -61 622
8494: -572 -395 -71 631
8504: -572 -396 -81 640
8506: -573 -469 -2 577
8516: -573 -470 -12 586
8526: -573 -471 -22 595
8536: -573 -472 -32 604
8550: -573 -474 -46 568
8565: -573 -475 -61 622
8575: -573 -476 -71 631
8585: -573 -477 -81 640
8597: -574 -551 -12 586
8607: -574 -552 -22 595
8617: -574 -553 -32 604
8627: -574 -554 -42 613
8631: -574 -555 -46 568
8646: -574 -556 -61 622
8666: -574 -558 -81 640
8749: -576 -712 -2 577
8759: -576 -713 -12 586
8769: -576 -714 -22 595
8779: -576 -715 -32 604
8789: -576 -716 -42 613
8793: -576 -717 -46 568
8808: -576 -718 -61 622
8818: -576 -719 -71 631
8828: -576 -720 -81 640
8911: -650 -154 -2 658
8921: -650 -155 -12 667
8931: -650 -156 -22 676
8941: -650 -157 -32 685
8955: -650 -159 -46 649
8970: -650 -160 -61 703
8980: -650 -161 -71 712
8990: -650 -162 -81 721
9002: -651 -236 -12 667
9022: -651 -238 -32 685
9032: -651 -239 -42 694
9036: -651 -240 -46 649
9051: -651 -241 -61 703
9061: -651 -242 -71 712
9071: -651 -243 -81 721
9073: -652 -316 -2 658
9083: -652 -317 -12 667
9093: -652 -318 -22 676
9103: -652 -319 -32 685
9113: -652 -320 -42 694
9117: -652 -321 -46 649
9132: -652 -322 -61 703
9142: -652 -323 -71 712
9152: -652 -324 -81 721
9154: -653 -397 -2 658
9184: -653 -400 -32 685
9213: -653 -403 -61 703
9223: -653 -404 -71 712
9233: -653 -405 -81 721
9235: -654 -478 -2 658
9245: -654 -479 -12 667
9255: -654 -480 -22 676
9265: -654 -481 -32 685
9279: -654 -483 -46 649
9294: -654 -484 -61 703
9304: -654 -485 -71 712
9314: -654 -486 -81 721
9316: -655 -559 -2 658
9326: -655 -560 -12 667
9336: -655 -561 -22 676
9346: -655 -562 -32 685
9356: -655 -563 -42 694
9360: -655 -564 -46 649
9375: -655 -565 -61 703
9385: -655 -566 -71 712
9395: -655 -567 -81 721
9397: -656 -640 -2 658
9407: -656 -641 -12 667
9417: -656 -642 -22 676
9427: -656 -643 -32 685
9437: -656 -644 -42 694
9441: -656 -645 -46 649
9456: -656 -646 -61 703
9466: -656 -647 -71 712
9476: -656 -648 -81 721
9739: -12 -165 -101 11
9750: -12 -166 -112 29
9767: -12 -168 -129 20
9770: -12 -168 -132 47
9771: -12 -168 -133 56
9772: -12 -168 -134 65
9773: -12 -168 -135 74
9775: -12 -169 -137 11
9779: -12 -169 -141 47
9780: -12 -169 -142 56
9781: -12 -169 -143 65
9784: -12 -170 -146 11
9785: -12 -170 -147 20
9786: -12 -170 -148 29
9788: -12 -170 -150 47
9790: -12 -170 -152 65
9794: -12 -171 -156 20
9797: -12 -171 -159 47
9799: -12 -171 -161 65
9800: -12 -171 -162 74
10453: -93 -172 -86 119
10534: -94 -253 -86 119
10728: -96 -419 -118 83
10729: -96 -419 -119 92
10734: -96 -419 -124 137
11043: -172 -22 -109 164
11044: -172 -22 -110 173
11045: -172 -22 -111 182
11046: -172 -22 -112 191
11048: -172 -22 -114 209
11049: -172 -22 -115 218
11050: -172 -22 -116 227
11051: -172 -22 -117 236
11142: -173 -105 -127 164
11160: -173 -107 -145 164
11234: -174 -187 -138 182
11243: -174 -188 -147 182
11247: -174 -188 -151 218
11278: -175 -264 -101 173
11280: -175 -264 -103 191
11282: -175 -264 -105 209
11283: -175 -264 -106 218
11284: -175 -264 -107 227
11285: -175 -264 -108 236
11344: -176 -343 -86 200
11425: -177 -424 -86 200
11482: -177 -430 -143 227
11486: -177 -431 -147 182
11495: -177 -432 -156 182
11506: -178 -505 -86 200
11668: -180 -667 -86 200
11721: -180 -673 -139 191
11730: -180 -674 -148 191
11781: -253 -32 -118 245
11782: -253 -32 -119 254
11783: -253 -32 -120 263
11784: -253 -32 -121 272
11787: -253 -32 -124 299
11788: -253 -32 -125 308
11789: -253 -32 -126 317
11911: -255 -190 -86 281
12096: -257 -355 -109 245
12154: -258 -433 -86 281
12211: -258 -439 -143 308
12213: -258 -440 -145 245
12235: -259 -514 -86 281
12375: -260 -602 -145 245
12397: -261 -676 -86 281
12573: -335 -120 -100 326
12584: -335 -121 -111 344
12640: -336 -199 -86 362
12714: -336 -207 -160 380
12715: -336 -207 -161 389
12802: -338 -361 -86 362
12843: -338 -366 -127 326
12855: -338 -367 -139 353
12864: -338 -368 -148 353
12866: -338 -368 -150 371
12872: -338 -369 -156 344
12873: -338 -369 -157 353
12875: -338 -369 -159 371
12964: -340 -523 -86 362
13014: -340 -529 -136 326
13026: -340 -530 -148 353
13031: -340 -530 -153 398
13033: -340 -531 -155 335
13039: -340 -531 -161 389
13045: -341 -604 -86 362
13098: -341 -610 -139 353
13104: -341 -611 -145 326
13126: -342 -685 -86 362
13194: -342 -693 -154 326
13531: -419 -370 -86 443
13554: -419 -373 -109 407
13556: -419 -373 -111 425
13559: -419 -373 -114 452
13560: -419 -373 -115 461
13561: -419 -373 -116 470
13562: -419 -373 -117 479
13572: -419 -375 -127 407
13581: -419 -376 -136 407
13584: -419 -376 -139 434
13588: -419 -376 -143 470
13590: -419 -377 -145 407
13591: -419 -377 -146 416
13593: -419 -377 -148 434
13599: -419 -378 -154 407
13600: -419 -378 -155 416
13986: -496 -61 -136 488
14085: -497 -144 -154 488
14098: -498 -217 -86 524
14283: -500 -382 -109 488
14341: -501 -460 -86 524
14448: -502 -544 -112 515
14482: -502 -548 -146 497
14503: -503 -622 -86 524
14584: -504 -703 -86 524
14590: -504 -704 -92 497
14591: -504 -704 -93 506
14592: -504 -704 -94 515
14597: -504 -704 -99 560
14658: -504 -711 -160 542
14724: -577 -71 -145 569
14769: -578 -148 -109 569
14796: -578 -151 -136 569
14827: -579 -226 -86 605
15012: -581 -391 -109 569
15151: -583 -550 -86 605
15209: -583 -556 -144 641
15256: -584 -634 -110 578
15258: -584 -634 -112 596
15262: -584 -634 -116 632
15288: -584 -637 -142 623
15381: -585 -720 -154 569
15462: -658 -81 -154 650
15498: -659 -157 -109 650
15534: -659 -161 -145 650
15741: -662 -400 -109 650
15749: -662 -400 -117 722
15967: -665 -641 -92 659
15972: -665 -641 -97 704
15973: -665 -641 -98 713
15974: -665 -641 -99 722
16028: -665 -647 -153 722
16068: -666 -724 -112 677
16071: -666 -724 -115 704
16073: -666 -724 -117 722
16098: -666 -727 -142 704
16103: -666 -728 -147 668
16104: -666 -728 -148 677
16106: -666 -728 -150 695
16107: -666 -728 -151 704
16108: -666 -728 -152 713
16371: -22 -245 -172 3
16374: -22 -245 -175 30
16376: -22 -245 -177 48
16378: -22 -245 -179 66
16379: -22 -245 -180 75
16389: -22 -247 -190 3
16398: -22 -248 -199 3
16400: -22 -248 -201 21
16401: -22 -248 -202 30
16402: -22 -248 -203 39
16403: -22 -248 -204 48
16404: -22 -248 -205 57
16405: -22 -248 -206 66
16406: -22 -248 -207 75
16407: -22 -249 -208 3
16409: -22 -249 -210 21
16410: -22 -249 -211 30
16412: -22 -249 -213 48
16413: -22 -249 -214 57
16414: -22 -249 -215 66
16415: -22 -249 -216 75
16416: -22 -250 -217 3
16418: -22 -250 -219 21
16421: -22 -250 -222 48
16423: -22 -250 -224 66
16425: -22 -251 -226 3
16427: -22 -251 -228 21
16432: -22 -251 -233 66
16434: -22 -252 -235 3
16436: -22 -252 -237 21
16437: -22 -252 -238 30
16439: -22 -252 -240 48
16440: -22 -252 -241 57
16441: -22 -252 -242 66
16866: -100 -12 -181 84
16868: -100 -12 -183 102
16869: -100 -12 -184 111
16870: -100 -12 -185 120
17020: -102 -173 -173 93
17097: -103 -253 -169 138
17098: -103 -253 -170 147
17099: -103 -253 -171 156
17289: -105 -419 -199 84
17290: -105 -419 -200 93
17291: -105 -419 -201 102
17292: -105 -419 -202 111
17293: -105 -419 -203 120
17295: -105 -419 -205 138
17296: -105 -419 -206 147
17420: -107 -577 -168 129
17442: -107 -580 -190 84
17606: -181 -22 -192 183
17607: -181 -22 -193 192
17933: -185 -346 -195 210
17988: -186 -424 -169 219
17989: -186 -424 -170 228
18044: -186 -430 -225 237
18049: -186 -431 -230 201
18060: -186 -432 -241 219
18061: -186 -432 -242 228
18070: -187 -505 -170 228
18147: -188 -586 -166 192
18279: -189 -673 -217 165
18288: -189 -674 -226 165
18342: -262 -32 -199 246
18390: -263 -109 -166 273
18475: -264 -190 -170 309
18476: -264 -190 -171 318
18477: -264 -191 -172 246
18480: -264 -191 -175 273
18481: -264 -191 -176 282
18482: -264 -191 -177 291
18483: -264 -191 -178 300
18484: -264 -191 -179 309
18498: -264 -193 -193 273
18507: -264 -194 -202 273
18508: -264 -194 -203 282
18511: -264 -194 -206 309
18513: -264 -195 -208 246
18514: -264 -195 -209 255
18516: -264 -195 -211 273
18517: -264 -195 -212 282
18522: -264 -196 -217 246
18523: -264 -196 -218 255
18525: -264 -196 -220 273
18529: -264 -196 -224 309
18531: -264 -197 -226 246
18532: -264 -197 -227 255
18534: -264 -197 -229 273
18540: -264 -198 -235 246
18541: -264 -198 -236 255
18543: -264 -198 -238 273
18546: -264 -198 -241 300
18547: -264 -198 -242 309
18597: -265 -276 -211 273
18603: -265 -277 -217 246
18605: -265 -277 -219 264
18621: -265 -279 -235 246
18623: -265 -279 -237 264
18624: -265 -279 -238 273
18633: -266 -352 -166 273
18657: -266 -355 -190 246
18661: -266 -355 -194 282
18676: -266 -357 -209 255
18688: -266 -358 -221 282
18694: -266 -359 -227 255
18697: -266 -359 -230 282
18703: -266 -360 -236 255
18706: -266 -360 -239 282
18718: -267 -433 -170 309
18765: -267 -439 -217 246
18800: -268 -514 -171 318
18834: -268 -518 -205 300
18850: -268 -520 -221 282
18876: -269 -595 -166 273
18889: -269 -596 -179 309
18898: -269 -597 -188 309
18916: -269 -599 -206 309
18925: -269 -600 -215 309
18939: -269 -602 -229 273
18940: -269 -602 -230 282
18960: -270 -676 -169 300
18971: -270 -677 -180 318
18998: -270 -680 -207 318
19000: -270 -681 -209 255
19007: -270 -681 -216 318
19030: -270 -684 -239 282
19080: -343 -42 -208 327
19081: -343 -42 -209 336
19083: -343 -42 -211 354
19084: -343 -42 -212 363
19085: -343 -42 -213 372
19086: -343 -42 -214 381
19087: -343 -42 -215 390
19088: -343 -42 -216 399
19202: -345 -199 -168 372
19280: -346 -280 -165 345
19284: -346 -280 -169 381
19285: -346 -280 -170 390
19286: -346 -280 -171 399
19299: -346 -282 -184 354
19503: -348 -449 -226 327
19524: -349 -523 -166 354
19528: -349 -523 -170 390
19575: -349 -529 -217 327
19665: -350 -611 -226 327
19766: -424 -46 -165 426
19767: -424 -46 -166 435
19770: -424 -46 -169 462
19771: -424 -46 -170 471
19772: -424 -46 -171 480
19850: -425 -127 -168 453
19953: -426 -211 -190 408
19990: -426 -215 -227 417
19999: -426 -216 -236 417
20014: -427 -289 -170 471
20045: -427 -293 -201 426
20070: -427 -296 -226 408
20080: -427 -297 -236 417
20255: -430 -532 -168 453
20256: -430 -532 -169 462
20304: -430 -538 -217 408
20392: -431 -619 -224 471
20394: -431 -620 -226 408
20420: -432 -694 -171 480
20422: -432 -695 -173 417
20423: -432 -695 -174 426
20425: -432 -695 -176 444
20426: -432 -695 -177 453
20427: -432 -695 -178 462
20429: -432 -695 -180 480
20484: -432 -702 -235 408
20547: -505 -61 -217 489
20548: -505 -61 -218 498
20549: -505 -61 -219 507
20555: -505 -61 -225 561
20580: -506 -136 -169 543
20682: -507 -220 -190 489
20741: -508 -298 -168 534
20742: -508 -298 -169 543
20747: -508 -299 -174 507
20748: -508 -299 -175 516
20774: -508 -302 -201 507
20779: -508 -302 -206 552
20784: -508 -303 -211 516
20794: -508 -304 -221 525
20802: -508 -305 -229 516
20808: -508 -306 -235 489
20824: -509 -379 -170 552
20825: -509 -379 -171 561
20855: -509 -383 -201 507
20862: -509 -384 -208 489
20881: -509 -386 -227 498
20884: -509 -386 -230 525
21008: -511 -544 -192 507
21009: -511 -544 -193 516
21010: -511 -544 -194 525
21012: -511 -544 -196 543
21016: -511 -545 -200 498
21029: -511 -546 -213 534
21030: -511 -546 -214 543
21043: -511 -548 -227 498
21046: -511 -548 -230 525
21049: -511 -548 -233 552
21059: -511 -549 -243 561
21066: -512 -622 -169 543
21068: -512 -622 -171 561
21123: -512 -629 -226 489
21144: -513 -703 -166 516
21147: -513 -703 -169 543
21149: -513 -703 -171 561
21159: -513 -705 -181 489
21161: -513 -705 -183 507
21163: -513 -705 -185 525
21164: -513 -705 -186 534
21213: -513 -711 -235 489
21285: -586 -71 -226 570
21286: -586 -71 -227 579
21287: -586 -71 -228 588
21289: -586 -71 -230 606
21290: -586 -71 -231 615
21291: -586 -71 -232 624
21293: -586 -71 -234 642
21310: -587 -145 -170 633
21337: -587 -148 -197 633
21411: -588 -229 -190 570
21421: -588 -230 -200 579
21430: -588 -231 -209 579
21435: -588 -231 -214 624
21472: -589 -307 -170 633
21622: -590 -396 -239 606
21650: -591 -471 -186 615
21715: -592 -550 -170 633
21762: -592 -556 -217 570
21818: -593 -634 -192 588
21819: -593 -634 -193 597
21822: -593 -634 -196 624
21823: -593 -634 -197 633
21824: -593 -634 -198 642
21826: -593 -635 -200 579
21829: -593 -635 -203 606
21839: -593 -636 -213 615
21841: -593 -636 -215 633
21844: -593 -637 -218 579
21848: -593 -637 -222 615
21849: -593 -637 -223 624
21850: -593 -637 -224 633
21862: -593 -639 -236 579
21863: -593 -639 -237 588
21869: -593 -639 -243 642
21876: -594 -712 -169 624
21877: -594 -712 -170 633
21942: -594 -720 -235 570
21945: -594 -720 -238 597
22023: -667 -81 -235 651
22025: -667 -81 -237 669
22027: -667 -81 -239 687
22028: -667 -81 -240 696
22030: -667 -81 -242 714
22040: -668 -154 -171 723
22140: -669 -238 -190 651
22164: -669 -240 -214 705
22182: -669 -242 -232 705
22201: -670 -316 -170 714
22202: -670 -316 -171 723
22281: -671 -397 -169 705
22302: -671 -400 -190 651
22306: -671 -400 -194 687
22313: -671 -401 -201 669
22320: -671 -402 -208 651
22336: -671 -403 -224 714
22339: -671 -404 -227 660
22443: -673 -559 -169 705
22445: -673 -559 -171 723
22491: -673 -565 -217 651
22526: -674 -640 -171 723
22581: -674 -647 -226 651
22584: -674 -647 -229 678
22586: -674 -647 -231 696
22587: -674 -647 -232 705
22627: -675 -724 -191 660
22628: -675 -724 -192 669
22629: -675 -724 -193 678
22631: -675 -724 -195 696
22633: -675 -724 -197 714
22634: -675 -724 -198 723
22636: -675 -725 -200 660
22638: -675 -725 -202 678
22640: -675 -725 -204 696
22642: -675 -725 -206 714
22643: -675 -725 -207 723
22648: -675 -726 -212 687
22649: -675 -726 -213 696
22651: -675 -726 -215 714
22659: -675 -727 -223 705
22663: -675 -728 -227 660
22669: -675 -728 -233 714
22670: -675 -728 -234 723
23013: -32 -326 -253 4
23019: -32 -326 -259 58
23020: -32 -326 -260 67
23021: -32 -326 -261 76
23022: -32 -327 -262 4
23023: -32 -327 -263 13
23025: -32 -327 -265 31
23026: -32 -327 -266 40
23027: -32 -327 -267 49
23028: -32 -327 -268 58
23029: -32 -327 -269 67
23030: -32 -327 -270 76
23040: -32 -329 -280 4
23046: -32 -329 -286 58
23047: -32 -329 -287 67
23048: -32 -329 -288 76
23049: -32 -330 -289 4
23050: -32 -330 -290 13
23053: -32 -330 -293 40
23054: -32 -330 -294 49
23057: -32 -330 -297 76
23058: -32 -331 -298 4
23059: -32 -331 -299 13
23061: -32 -331 -301 31
23067: -32 -332 -307 4
23068: -32 -332 -308 13
23071: -32 -332 -311 40
23072: -32 -332 -312 49
23073: -32 -332 -313 58
23076: -32 -333 -316 4
23080: -32 -333 -320 40
23427: -109 -12 -262 85
23430: -109 -12 -265 112
23431: -109 -12 -266 121
23433: -109 -12 -268 139
23434: -109 -12 -269 148
23435: -109 -12 -270 157
23591: -111 -174 -264 103
23850: -114 -419 -280 85
23857: -114 -419 -287 148
24039: -116 -584 -307 85
24129: -117 -666 -316 85
24165: -190 -22 -271 166
24166: -190 -22 -272 175
24168: -190 -22 -274 193
24169: -190 -22 -275 202
24172: -190 -22 -278 229
24173: -190 -22 -279 238
24390: -193 -263 -253 166
24597: -195 -430 -298 166
24629: -196 -505 -249 211
24678: -196 -511 -298 166
24768: -197 -593 -307 166
24858: -198 -675 -316 166
24906: -271 -32 -283 274
24951: -272 -109 -247 274
25357: -277 -514 -248 283
25519: -279 -676 -248 283
25641: -352 -42 -289 328
25642: -352 -42 -290 337
25643: -352 -42 -291 346
25644: -352 -42 -292 355
25645: -352 -42 -293 364
25646: -352 -42 -294 373
25647: -352 -42 -295 382
25648: -352 -42 -296 391
25649: -352 -42 -297 400
25861: -355 -282 -266 364
25879: -355 -284 -284 364
25893: -355 -286 -298 328
25895: -355 -286 -300 346
25902: -355 -287 -307 328
25910: -355 -287 -315 400
25911: -355 -288 -316 328
25913: -355 -288 -318 346
25929: -356 -362 -253 328
25965: -356 -366 -289 328
25974: -356 -367 -298 328
26015: -357 -443 -258 373
26024: -357 -444 -267 373
26060: -357 -448 -303 373
26069: -357 -449 -312 373
26078: -357 -450 -321 373
26188: -359 -606 -269 391
26206: -359 -608 -287 391
26270: -360 -687 -270 400
26326: -433 -46 -245 418
26327: -433 -46 -246 427
26328: -433 -46 -247 436
26329: -433 -46 -248 445
26330: -433 -46 -249 454
26331: -433 -46 -250 463
26332: -433 -46 -251 472
26333: -433 -46 -252 481
26499: -435 -209 -256 436
26559: -435 -216 -316 409
26750: -438 -453 -264 427
26816: -439 -532 -249 454
26865: -439 -538 -298 409
26870: -439 -538 -303 454
26872: -439 -538 -305 472
26912: -440 -615 -264 427
26955: -440 -620 -307 409
26978: -441 -694 -249 454
26993: -441 -696 -264 427
27045: -441 -702 -316 409
27108: -514 -61 -298 490
27110: -514 -61 -300 508
27111: -514 -61 -301 517
27116: -514 -61 -306 562
27137: -515 -136 -246 508
27198: -515 -143 -307 490
27204: -515 -143 -313 544
27213: -515 -144 -322 544
27333: -517 -302 -280 490
27381: -518 -379 -247 517
27384: -518 -379 -250 544
27405: -518 -382 -271 490
27406: -518 -382 -272 499
27408: -518 -382 -274 517
27409: -518 -382 -275 526
27410: -518 -382 -276 535
27411: -518 -382 -277 544
27413: -518 -382 -279 562
27489: -519 -463 -274 517
27550: -520 -542 -254 499
27551: -520 -542 -255 508
27552: -520 -542 -256 517
27579: -520 -545 -283 517
27587: -520 -546 -291 508
27590: -520 -546 -294 535
27591: -520 -546 -295 544
27592: -520 -546 -296 553
27609: -520 -548 -313 544
27610: -520 -548 -314 553
27613: -520 -549 -317 499
27620: -520 -549 -324 562
27627: -521 -622 -250 544
27684: -521 -629 -307 490
27708: -522 -703 -250 544
27774: -522 -711 -316 490
27846: -595 -71 -307 571
27848: -595 -71 -309 589
27849: -595 -71 -310 598
27851: -595 -71 -312 616
27854: -595 -71 -315 643
27866: -596 -145 -246 589
27872: -596 -145 -252 643
28110: -599 -388 -247 598
28137: -599 -391 -274 598
28276: -601 -550 -251 634
28323: -601 -556 -298 571
28360: -602 -632 -254 580
28361: -602 -632 -255 589
28366: -602 -632 -260 634
28367: -602 -632 -261 643
28390: -602 -635 -284 607
28394: -602 -635 -288 643
28405: -602 -637 -299 580
28406: -602 -637 -300 589
28410: -602 -637 -304 625
28412: -602 -637 -306 643
28423: -602 -639 -317 580
28427: -602 -639 -321 616
28430: -602 -639 -324 643
28438: -603 -712 -251 634
28503: -603 -720 -316 571
28584: -676 -81 -316 652
28586: -676 -81 -318 670
28587: -676 -81 -319 679
28589: -676 -81 -321 697
28590: -676 -81 -322 706
28591: -676 -81 -323 715
28592: -676 -81 -324 724
28623: -677 -157 -274 679
28662: -677 -161 -313 706
28839: -680 -397 -247 679
28844: -680 -397 -252 724
28863: -680 -400 -271 652
28864: -680 -400 -272 661
28866: -680 -400 -274 679
28867: -680 -400 -275 688
28868: -680 -400 -276 697
28870: -680 -400 -278 715
28871: -680 -400 -279 724
28924: -681 -478 -251 715
29006: -682 -559 -252 724
29052: -682 -565 -298 652
29087: -683 -640 -252 724
29142: -683 -647 -307 652
29170: -684 -722 -254 661
29207: -684 -726 -291 670
29209: -684 -726 -293 688
29210: -684 -726 -294 697
29213: -684 -726 -297 724
29220: -684 -727 -304 706
29222: -684 -727 -306 724
29226: -684 -728 -310 679
29231: -684 -728 -315 724
29657: -42 -407 -336 23
29664: -42 -408 -343 5
29666: -42 -408 -345 23
29669: -42 -408 -348 50
29670: -42 -408 -349 59
29671: -42 -408 -350 68
29673: -42 -409 -352 5
29674: -42 -409 -353 14
29677: -42 -409 -356 41
29679: -42 -409 -358 59
29680: -42 -409 -359 68
29681: -42 -409 -360 77
29691: -42 -411 -370 5
29692: -42 -411 -371 14
29693: -42 -411 -372 23
29696: -42 -411 -375 50
29697: -42 -411 -376 59
29699: -42 -411 -378 77
29700: -42 -412 -379 5
29701: -42 -412 -380 14
29702: -42 -412 -381 23
29704: -42 -412 -383 41
29705: -42 -412 -384 50
29706: -42 -412 -385 59
29707: -42 -412 -386 68
29708: -42 -412 -387 77
29709: -42 -413 -388 5
29710: -42 -413 -389 14
29711: -42 -413 -390 23
29713: -42 -413 -392 41
29714: -42 -413 -393 50
29715: -42 -413 -394 59
29716: -42 -413 -395 68
29717: -42 -413 -396 77
29718: -42 -414 -397 5
29719: -42 -414 -398 14
29720: -42 -414 -399 23
29722: -42 -414 -401 41
29723: -42 -414 -402 50
29724: -42 -414 -403 59
29725: -42 -414 -404 68
29726: -42 -414 -405 77
29991: -118 -12 -346 113
29992: -118 -12 -347 122
29995: -118 -12 -350 149
29996: -118 -12 -351 158
30219: -121 -253 -331 140
30513: -124 -502 -382 113
30726: -199 -22 -352 167
30728: -199 -22 -354 185
30729: -199 -22 -355 194
30730: -199 -22 -356 203
30731: -199 -22 -357 212
30732: -199 -22 -358 221
30733: -199 -22 -359 230
30734: -199 -22 -360 239
30828: -200 -105 -373 194
30909: -201 -186 -373 194
30916: -201 -187 -380 176
30928: -201 -188 -392 203
30963: -202 -264 -346 194
30964: -202 -264 -347 203
30965: -202 -264 -348 212
30966: -202 -264 -349 221
30967: -202 -264 -350 230
30968: -202 -264 -351 239
31068: -203 -348 -370 167
31080: -203 -349 -382 194
31082: -203 -349 -384 212
31089: -203 -350 -391 194
31098: -203 -351 -400 194
31100: -203 -351 -402 212
31187: -205 -505 -327 185
31225: -205 -509 -365 203
31226: -205 -509 -366 212
31239: -205 -511 -379 167
31263: -205 -513 -403 221
31268: -206 -586 -327 185
31306: -206 -590 -365 203
31308: -206 -590 -367 221
31329: -206 -593 -388 167
31345: -206 -594 -404 230
31388: -207 -671 -366 212
31419: -207 -675 -397 167
31464: -280 -32 -361 248
31466: -280 -32 -363 266
31468: -280 -32 -365 284
31514: -281 -109 -330 293
31516: -281 -109 -332 311
31594: -282 -190 -329 284
31737: -283 -278 -391 275
31846: -285 -434 -338 284
31927: -286 -515 -338 284
31955: -286 -518 -366 293
31971: -286 -520 -382 275
31977: -286 -521 -388 248
31986: -286 -522 -397 248
32000: -287 -595 -330 293
32008: -287 -596 -338 284
32049: -287 -601 -379 248
32061: -287 -602 -391 275
32066: -287 -602 -396 320
32081: -288 -676 -330 293
32151: -288 -684 -400 275
32154: -288 -684 -403 302
32155: -288 -684 -404 311
32203: -361 -42 -371 338
32205: -361 -42 -373 356
32207: -361 -42 -375 374
32209: -361 -42 -377 392
32294: -362 -124 -381 347
32314: -362 -126 -401 365
32325: -363 -199 -331 383
32391: -363 -207 -397 329
32626: -366 -449 -389 338
32635: -366 -450 -398 338
32821: -369 -686 -341 392
32886: -442 -46 -325 410
32888: -442 -46 -327 428
32891: -442 -46 -330 455
32892: -442 -46 -331 464
32893: -442 -46 -332 473
32894: -442 -46 -333 482
32990: -443 -129 -348 455
33043: -443 -135 -401 446
33048: -444 -208 -325 410
33111: -444 -215 -388 410
33131: -445 -289 -327 428
33162: -445 -292 -358 464
33433: -448 -538 -386 473
33470: -449 -614 -342 482
33483: -449 -616 -355 437
33505: -449 -618 -377 473
33518: -449 -620 -390 428
33521: -449 -620 -393 455
33551: -450 -695 -342 482
33560: -450 -696 -351 482
33588: -450 -700 -379 410
33591: -450 -700 -382 437
33610: -450 -702 -401 446
33613: -450 -702 -404 473
33669: -523 -61 -379 491
33671: -523 -61 -381 509
33672: -523 -61 -382 518
33673: -523 -61 -383 527
33674: -523 -61 -384 536
33676: -523 -61 -386 554
33696: -524 -136 -325 491
33698: -524 -136 -327 509
33706: -524 -137 -335 500
33779: -525 -217 -327 509
33781: -525 -217 -329 527
33782: -525 -217 -330 536
33785: -525 -217 -333 563
33900: -526 -302 -367 545
33962: -527 -381 -348 536
34122: -529 -543 -346 518
34125: -529 -543 -349 545
34127: -529 -543 -351 563
34131: -529 -544 -355 518
34167: -529 -548 -391 518
34170: -529 -548 -394 545
34171: -529 -548 -395 554
34177: -529 -549 -401 527
34179: -529 -549 -403 545
34181: -529 -549 -405 563
34188: -530 -622 -331 545
34245: -530 -629 -388 491
34248: -530 -629 -391 518
34335: -531 -711 -397 491
34338: -531 -711 -400 518
34407: -604 -71 -388 572
34409: -604 -71 -390 590
34410: -604 -71 -391 599
34411: -604 -71 -392 608
34412: -604 -71 -393 617
34413: -604 -71 -394 626
34425: -605 -145 -325 572
34433: -605 -145 -333 644
34460: -605 -148 -360 644
34508: -606 -226 -327 590
34591: -607 -307 -329 608
34592: -607 -307 -330 617
34702: -608 -391 -359 635
34753: -609 -469 -329 608
34837: -610 -550 -332 635
34927: -611 -632 -341 635
34937: -611 -633 -351 644
34941: -611 -634 -355 599
34968: -611 -637 -382 599
34971: -611 -637 -385 626
34972: -611 -637 -386 635
34987: -611 -639 -401 608
34990: -611 -639 -404 635
34991: -611 -639 -405 644
34992: -612 -712 -325 572
35064: -612 -720 -397 572
35067: -612 -720 -400 599
35145: -685 -81 -397 653
35147: -685 -81 -399 671
35148: -685 -81 -400 680
35149: -685 -81 -401 689
35150: -685 -81 -402 698
35152: -685 -81 -404 716
35318: -688 -316 -327 671
35320: -688 -316 -329 689
35338: -688 -318 -347 689
35424: -689 -400 -352 653
35613: -691 -565 -379 653
35648: -692 -640 -333 725
35703: -692 -647 -388 653
35706: -692 -647 -391 680
35781: -693 -727 -385 707
35787: -693 -728 -391 680
35791: -693 -728 -395 716
35792: -693 -728 -396 725
35811: -46 -2 -415 6
35812: -46 -2 -416 15
35813: -46 -2 -417 24
35814: -46 -2 -418 33
35816: -46 -2 -420 51
35817: -46 -2 -421 60
35818: -46 -2 -422 69
35819: -46 -2 -423 78
36549: -127 -12 -424 87
36550: -127 -12 -425 96
36551: -127 -12 -426 105
36552: -127 -12 -427 114
36554: -127 -12 -429 132
36555: -127 -12 -430 141
36556: -127 -12 -431 150
36557: -127 -12 -432 159
36694: -129 -172 -407 96
36711: -129 -174 -424 87
36777: -130 -253 -409 114
36779: -130 -253 -411 132
36780: -130 -253 -412 141
36781: -130 -253 -413 150
36782: -130 -253 -414 159
37148: -134 -582 -456 132
37161: -134 -584 -469 87
37287: -208 -22 -433 168
37289: -208 -22 -435 186
37292: -208 -22 -438 213
37293: -208 -22 -439 222
37294: -208 -22 -440 231
37295: -208 -22 -441 240
37346: -209 -100 -411 213
37449: -210 -184 -433 168
37494: -210 -189 -478 168
37508: -211 -262 -411 213
37521: -211 -264 -424 168
37522: -211 -264 -425 177
37524: -211 -264 -427 195
37526: -211 -264 -429 213
37527: -211 -264 -430 222
37528: -211 -264 -431 231
37529: -211 -264 -432 240
37550: -211 -267 -453 186
37565: -211 -268 -468 240
37589: -212 -343 -411 213
37779: -214 -508 -439 222
37800: -214 -511 -460 168
37840: -215 -587 -419 204
37890: -215 -593 -469 168
37980: -216 -675 -478 168
38025: -289 -32 -442 249
38026: -289 -32 -443 258
38027: -289 -32 -444 267
38028: -289 -32 -445 276
38030: -289 -32 -447 294
38031: -289 -32 -448 303
38032: -289 -32 -449 312
38033: -289 -32 -450 321
38073: -290 -109 -409 276
38076: -290 -109 -412 303
38077: -290 -109 -413 312
38078: -290 -109 -414 321
38089: -290 -111 -425 258
38153: -291 -190 -408 267
38156: -291 -190 -411 294
38157: -291 -190 -412 303
38158: -291 -190 -413 312
38159: -291 -190 -414 321
38448: -294 -439 -460 249
38478: -295 -514 -409 276
38482: -295 -514 -413 312
38488: -295 -515 -419 285
38529: -295 -520 -460 249
38559: -296 -595 -409 276
38569: -296 -596 -419 285
38619: -296 -602 -469 249
38621: -296 -602 -471 267
38640: -297 -676 -409 276
38642: -297 -676 -411 294
38645: -297 -676 -414 321
38709: -297 -684 -478 249
38764: -370 -42 -452 339
38768: -370 -42 -456 375
38771: -370 -42 -459 402
38862: -371 -125 -469 330
38864: -371 -125 -471 348
38886: -372 -199 -412 384
38887: -372 -199 -413 393
38966: -373 -280 -411 375
38974: -373 -281 -419 366
38979: -373 -282 -424 330
38988: -373 -283 -433 330
39007: -373 -285 -452 339
39055: -374 -362 -419 366
39211: -376 -523 -413 393
39258: -376 -529 -460 330
39348: -377 -611 -469 330
39533: -452 -127 -411 456
39612: -453 -208 -409 438
39614: -453 -208 -411 456
39622: -453 -209 -419 447
39639: -453 -211 -436 438
39666: -453 -214 -463 438
39670: -453 -214 -467 474
39691: -454 -289 -407 420
39703: -454 -290 -419 447
40230: -532 -61 -460 492
40232: -532 -61 -462 510
40233: -532 -61 -463 519
40237: -532 -61 -467 555
40238: -532 -61 -468 564
40259: -533 -136 -408 510
40262: -533 -136 -411 537
40263: -533 -136 -412 546
40264: -533 -136 -413 555
40265: -533 -136 -414 564
40286: -533 -139 -435 510
40291: -533 -139 -440 555
40322: -533 -143 -471 510
40335: -533 -144 -484 546
40344: -534 -217 -412 546
40345: -534 -217 -413 555
40351: -534 -218 -419 528
40424: -535 -298 -411 537
40425: -535 -298 -412 546
40426: -535 -298 -413 555
40462: -535 -302 -449 555
40488: -535 -305 -475 546
40507: -536 -379 -413 555
40675: -538 -542 -419 528
40682: -538 -543 -426 510
40685: -538 -543 -429 537
40686: -538 -543 -430 546
40695: -538 -544 -439 546
40731: -538 -548 -475 546
40739: -538 -549 -483 537
40740: -538 -549 -484 546
40742: -538 -549 -486 564
40749: -539 -622 -412 546
40751: -539 -622 -414 564
40806: -539 -629 -469 492
40826: -540 -703 -408 510
40830: -540 -703 -412 546
40831: -540 -703 -413 555
40896: -540 -711 -478 492
40968: -613 -71 -469 573
40969: -613 -71 -470 582
40970: -613 -71 -471 591
40971: -613 -71 -472 600
40973: -613 -71 -474 618
40974: -613 -71 -475 627
40976: -613 -71 -477 645
40988: -614 -145 -408 591
40989: -614 -145 -409 600
40991: -614 -145 -411 618
40992: -614 -145 -412 627
40993: -614 -145 -413 636
40994: -614 -145 -414 645
41020: -614 -148 -440 636
41021: -614 -148 -441 645
41073: -615 -226 -412 627
41074: -615 -226 -413 636
41075: -615 -226 -414 645
41094: -615 -229 -433 573
41150: -616 -307 -408 591
41154: -616 -307 -412 627
41156: -616 -307 -414 645
41235: -617 -388 -412 627
41364: -618 -475 -460 573
41394: -619 -550 -409 600
41398: -619 -550 -413 636
41399: -619 -550 -414 645
41404: -619 -551 -419 609
41425: -619 -553 -440 636
41445: -619 -556 -460 573
41465: -619 -558 -480 591
41492: -620 -633 -426 591
41495: -620 -633 -429 618
41497: -620 -633 -431 636
41502: -620 -634 -436 600
41506: -620 -634 -440 636
41531: -620 -637 -465 618
41533: -620 -637 -467 636
41547: -620 -639 -481 600
41549: -620 -639 -483 618
41551: -620 -639 -485 636
41552: -620 -639 -486 645
41559: -621 -712 -412 627
41560: -621 -712 -413 636
41600: -621 -717 -453 591
41601: -621 -717 -454 600
41603: -621 -717 -456 618
41606: -621 -717 -459 645
41706: -694 -81 -478 654
41708: -694 -81 -480 672
41709: -694 -81 -481 681
41712: -694 -81 -484 708
41713: -694 -81 -485 717
41717: -695 -154 -408 672
41720: -695 -154 -411 699
41721: -695 -154 -412 708
41722: -695 -154 -413 717
41723: -695 -154 -414 726
41733: -695 -156 -424 654
41748: -695 -157 -439 708
41786: -695 -161 -477 726
41802: -696 -235 -412 708
41803: -696 -235 -413 717
41804: -696 -235 -414 726
41842: -696 -240 -452 663
41843: -696 -240 -453 672
41846: -696 -240 -456 699
41847: -696 -240 -457 708
41848: -696 -240 -458 717
41879: -697 -316 -408 672
41885: -697 -316 -414 726
41960: -698 -397 -408 672
42102: -699 -485 -469 654
42127: -700 -559 -413 717
42128: -700 -559 -414 726
42174: -700 -565 -460 654
42185: -700 -566 -471 672
42207: -701 -640 -412 708
42209: -701 -640 -414 726
42264: -701 -647 -469 654
42272: -701 -647 -477 726
42295: -702 -722 -419 690
42302: -702 -723 -426 672
42308: -702 -723 -432 726
42312: -702 -724 -436 681
42316: -702 -724 -440 717
42317: -702 -724 -441 726
42338: -702 -727 -462 672
42341: -702 -727 -465 699
42342: -702 -727 -466 708
42343: -702 -727 -467 717
42344: -702 -727 -468 726
42347: -702 -728 -471 672
42350: -702 -728 -474 699
42352: -702 -728 -476 717
42858: -61 -488 -496 7
42861: -61 -488 -499 34
42863: -61 -488 -501 52
42865: -61 -488 -503 70
42866: -61 -488 -504 79
42867: -61 -489 -505 7
42870: -61 -489 -508 34
42872: -61 -489 -510 52
42875: -61 -489 -513 79
42876: -61 -490 -514 7
42877: -61 -490 -515 16
42880: -61 -490 -518 43
42881: -61 -490 -519 52
42883: -61 -490 -521 70
42884: -61 -490 -522 79
42885: -61 -491 -523 7
42886: -61 -491 -524 16
42890: -61 -491 -528 52
42893: -61 -491 -531 79
42894: -61 -492 -532 7
42896: -61 -492 -534 25
42897: -61 -492 -535 34
42898: -61 -492 -536 43
42902: -61 -492 -540 79
42912: -61 -494 -550 7
42913: -61 -494 -551 16
42916: -61 -494 -554 43
42917: -61 -494 -555 52
42921: -61 -495 -559 7
42922: -61 -495 -560 16
42923: -61 -495 -561 25
42924: -61 -495 -562 34
42926: -61 -495 -564 52
42928: -61 -495 -566 70
43110: -136 -12 -505 88
43112: -136 -12 -507 106
43113: -136 -12 -508 115
43114: -136 -12 -509 124
43116: -136 -12 -511 142
43117: -136 -12 -512 151
43118: -136 -12 -513 160
43191: -137 -93 -505 88
43245: -137 -99 -559 88
43257: -138 -172 -490 115
43259: -138 -172 -492 133
43277: -138 -174 -510 133
43279: -138 -174 -512 151
43336: -139 -253 -488 97
43339: -139 -253 -491 124
43342: -139 -253 -494 151
43343: -139 -253 -495 160
43386: -139 -258 -538 142
43387: -139 -258 -539 151
43533: -141 -419 -523 88
43538: -141 -419 -528 133
43539: -141 -419 -529 142
43660: -143 -577 -488 97
43674: -143 -578 -502 142
43695: -143 -581 -523 88
43710: -143 -582 -538 142
43722: -143 -584 -550 88
43728: -143 -584 -556 142
43731: -143 -585 -559 88
43741: -144 -658 -488 97
43776: -144 -662 -523 88
43784: -144 -662 -531 160
43785: -144 -663 -532 88
43791: -144 -663 -538 142
43803: -144 -665 -550 88
43809: -144 -665 -556 142
43812: -144 -666 -559 88
43848: -217 -22 -514 169
43849: -217 -22 -515 178
43850: -217 -22 -516 187
43851: -217 -22 -517 196
43852: -217 -22 -518 205
43853: -217 -22 -519 214
43854: -217 -22 -520 223
43855: -217 -22 -521 232
43856: -217 -22 -522 241
43907: -218 -100 -492 214
43965: -218 -107 -550 169
43984: -219 -181 -488 178
43985: -219 -181 -489 187
43987: -219 -181 -491 205
43988: -219 -181 -492 214
43990: -219 -181 -494 232
44082: -220 -264 -505 169
44083: -220 -264 -506 178
44085: -220 -264 -508 196
44086: -220 -264 -509 205
44088: -220 -264 -511 223
44090: -220 -264 -513 241
44178: -221 -346 -520 223
44234: -222 -424 -495 241
44304: -222 -432 -565 223
44390: -224 -586 -489 187
44451: -224 -593 -550 169
44457: -224 -593 -556 223
44471: -225 -667 -489 187
44538: -225 -674 -556 223
44541: -225 -675 -559 169
44547: -225 -675 -565 223
44586: -298 -32 -523 250
44588: -298 -32 -525 268
44590: -298 -32 -527 286
44592: -298 -32 -529 304
44593: -298 -32 -530 313
44594: -298 -32 -531 322
44633: -299 -109 -489 268
44634: -299 -109 -490 277
44639: -299 -109 -495 322
44682: -299 -114 -538 304
44717: -300 -190 -492 295
44720: -300 -190 -495 322
44736: -300 -192 -511 304
44773: -300 -196 -548 313
44898: -302 -354 -511 304
44907: -302 -355 -520 304
44959: -303 -433 -491 286
44979: -303 -435 -511 304
45024: -303 -440 -556 304
45033: -303 -441 -565 304
45120: -305 -595 -490 277
45132: -305 -596 -502 304
45180: -305 -602 -550 250
45201: -306 -676 -490 277
45231: -306 -679 -520 304
45270: -306 -684 -559 250
45324: -379 -42 -532 331
45325: -379 -42 -533 340
45326: -379 -42 -534 349
45329: -379 -42 -537 376
45330: -379 -42 -538 385
45331: -379 -42 -539 394
45332: -379 -42 -540 403
45523: -382 -280 -488 340
45524: -382 -280 -489 349
45529: -382 -280 -494 394
45530: -382 -280 -495 403
45537: -382 -281 -502 385
45546: -382 -282 -511 385
45547: -382 -282 -512 394
45555: -382 -283 -520 385
45568: -382 -285 -533 340
45584: -382 -286 -549 403
45600: -382 -288 -565 385
45648: -383 -366 -532 331
45747: -384 -449 -550 331
45850: -386 -604 -491 367
45908: -386 -610 -549 403
45931: -387 -685 -491 367
45969: -387 -689 -529 385
46009: -460 -46 -488 421
46010: -460 -46 -489 430
46011: -460 -46 -490 439
46012: -460 -46 -491 448
46013: -460 -46 -492 457
46015: -460 -46 -494 475
46016: -460 -46 -495 484
46094: -461 -127 -492 457
46096: -461 -127 -494 475
46097: -461 -127 -495 484
46171: -462 -208 -488 421
46173: -462 -208 -490 439
46177: -462 -208 -494 475
46178: -462 -208 -495 484
46256: -463 -289 -492 457
46258: -463 -289 -494 475
46302: -463 -294 -538 466
46580: -467 -613 -492 457
46638: -467 -620 -550 412
46644: -467 -620 -556 466
46713: -468 -700 -544 439
46717: -468 -700 -548 475
46734: -468 -702 -565 466
46851: -542 -139 -520 547
46865: -542 -141 -534 511
46883: -542 -143 -552 511
47032: -544 -303 -539 556
47058: -544 -306 -565 547
47085: -545 -381 -511 547
47088: -545 -382 -514 493
47140: -545 -387 -566 556
47376: -548 -630 -559 493
47454: -549 -710 -556 547
47529: -622 -71 -550 574
47531: -622 -71 -552 592
47532: -622 -71 -553 601
47533: -622 -71 -554 610
47534: -622 -71 -555 619
47535: -622 -71 -556 628
47537: -622 -71 -558 646
47549: -623 -145 -489 592
47552: -623 -145 -492 619
47554: -623 -145 -494 637
47631: -624 -226 -490 601
47635: -624 -226 -494 637
47713: -625 -307 -491 610
47716: -625 -307 -494 637
47798: -626 -388 -495 646
47817: -626 -391 -514 574
47823: -626 -391 -520 628
47824: -626 -391 -521 637
48057: -629 -633 -511 628
48058: -629 -633 -512 637
48063: -629 -634 -517 601
48064: -629 -634 -518 610
48066: -629 -634 -520 628
48067: -629 -634 -521 637
48073: -629 -635 -527 610
48075: -629 -635 -529 628
48076: -629 -635 -530 637
48108: -629 -639 -562 601
48111: -629 -639 -565 628
48112: -629 -639 -566 637
48113: -629 -639 -567 646
48121: -630 -712 -494 637
48186: -630 -720 -559 574
48267: -703 -81 -559 655
48269: -703 -81 -561 673
48270: -703 -81 -562 682
48271: -703 -81 -563 691
48272: -703 -81 -564 700
48273: -703 -81 -565 709
48274: -703 -81 -566 718
48284: -704 -154 -495 727
48304: -704 -157 -515 664
48347: -704 -161 -558 727
48360: -705 -235 -490 682
48362: -705 -235 -492 700
48365: -705 -235 -495 727
48386: -705 -238 -516 673
48446: -706 -316 -495 727
48522: -707 -397 -490 682
48554: -707 -400 -522 727
48770: -710 -640 -495 727
48825: -710 -647 -550 655
48873: -711 -724 -517 682
48874: -711 -724 -518 691
48876: -711 -724 -520 709
48878: -711 -724 -522 727
48882: -711 -725 -526 682
48883: -711 -725 -527 691
48887: -711 -725 -531 727
48894: -711 -726 -538 709
48910: -711 -728 -554 691
48912: -711 -728 -556 709
48913: -711 -728 -557 718
48914: -711 -728 -558 727
49500: -71 -569 -577 8
49504: -71 -569 -581 44
49506: -71 -569 -583 62
49508: -71 -569 -585 80
49509: -71 -570 -586 8
49512: -71 -570 -589 35
49513: -71 -570 -590 44
49515: -71 -570 -592 62
49517: -71 -570 -594 80
49518: -71 -571 -595 8
49519: -71 -571 -596 17
49522: -71 -571 -599 44
49523: -71 -571 -600 53
49524: -71 -571 -601 62
49526: -71 -571 -603 80
49527: -71 -572 -604 8
49528: -71 -572 -605 17
49529: -71 -572 -606 26
49532: -71 -572 -609 53
49533: -71 -572 -610 62
49536: -71 -573 -613 8
49538: -71 -573 -615 26
49539: -71 -573 -616 35
49540: -71 -573 -617 44
49542: -71 -573 -619 62
49544: -71 -573 -621 80
49545: -71 -574 -622 8
49546: -71 -574 -623 17
49549: -71 -574 -626 44
49553: -71 -574 -630 80
49563: -71 -576 -640 8
49564: -71 -576 -641 17
49565: -71 -576 -642 26
49566: -71 -576 -643 35
49671: -145 -12 -586 89
49673: -145 -12 -588 107
49674: -145 -12 -589 116
49675: -145 -12 -590 125
49676: -145 -12 -591 134
49677: -145 -12 -592 143
49678: -145 -12 -593 152
49679: -145 -12 -594 161
49752: -146 -93 -586 89
49768: -146 -94 -602 152
49788: -146 -97 -622 89
49820: -147 -172 -573 134
49821: -147 -172 -574 143
49823: -147 -172 -576 161
49838: -147 -174 -591 134
49897: -148 -253 -569 98
49900: -148 -253 -572 125
49902: -148 -253 -574 143
49904: -148 -253 -576 161
49947: -148 -258 -619 143
49948: -148 -258 -620 152
50094: -150 -419 -604 89
50099: -150 -419 -609 134
50101: -150 -419 -611 152
50191: -151 -501 -620 152
50193: -151 -502 -622 89
50205: -151 -503 -634 116
50211: -151 -504 -640 89
50373: -153 -666 -640 89
50409: -226 -22 -595 170
50410: -226 -22 -596 179
50411: -226 -22 -597 188
50412: -226 -22 -598 197
50413: -226 -22 -599 206
50414: -226 -22 -600 215
50415: -226 -22 -601 224
50416: -226 -22 -602 233
50417: -226 -22 -603 242
50517: -227 -106 -622 170
50571: -228 -184 -595 170
50644: -229 -264 -587 179
50647: -229 -264 -590 206
50650: -229 -264 -593 233
50651: -229 -264 -594 242
50714: -230 -343 -576 242
50740: -230 -346 -602 233
50870: -232 -505 -570 188
50893: -232 -507 -593 233
50922: -232 -511 -622 170
50924: -232 -511 -624 188
50947: -232 -513 -647 233
51032: -234 -667 -570 188
51055: -234 -669 -593 233
51091: -234 -673 -629 233
51147: -307 -32 -604 251
51148: -307 -32 -605 260
51149: -307 -32 -606 269
51151: -307 -32 -608 287
51153: -307 -32 -610 305
51154: -307 -32 -611 314
51155: -307 -32 -612 323
51194: -308 -109 -570 269
51195: -308 -109 -571 278
51197: -308 -109 -573 296
51200: -308 -109 -576 323
51244: -308 -114 -620 314
51281: -309 -190 -576 323
51462: -311 -355 -595 251
51469: -311 -355 -602 314
51524: -312 -433 -576 323
51541: -312 -435 -593 314
51600: -313 -514 -571 278
51651: -313 -520 -622 251
51661: -313 -521 -632 260
51762: -315 -676 -571 278
51831: -315 -684 -640 251
51885: -388 -42 -613 332
51886: -388 -42 -614 341
51887: -388 -42 -615 350
51888: -388 -42 -616 359
51891: -388 -42 -619 386
51892: -388 -42 -620 395
51893: -388 -42 -621 404
52010: -390 -199 -576 404
52084: -391 -280 -569 341
52085: -391 -280 -570 350
52089: -391 -280 -574 386
52091: -391 -280 -576 404
52099: -391 -281 -584 395
52101: -391 -282 -586 332
52108: -391 -282 -593 395
52117: -391 -283 -602 395
52129: -391 -285 -614 341
52149: -391 -287 -634 359
52155: -391 -288 -640 332
52330: -394 -523 -572 368
52369: -394 -527 -611 395
52387: -394 -529 -629 395
52489: -396 -685 -569 341
52492: -396 -685 -572 368
52531: -396 -689 -611 395
52570: -469 -46 -569 422
52571: -469 -46 -570 431
52572: -469 -46 -571 440
52573: -469 -46 -572 449
52574: -469 -46 -573 458
52575: -469 -46 -574 467
52577: -469 -46 -576 485
52652: -470 -127 -570 431
52653: -470 -127 -571 440
52655: -470 -127 -573 458
52656: -470 -127 -574 467
52732: -471 -208 -569 422
52734: -471 -208 -571 440
52736: -471 -208 -573 458
52803: -471 -216 -640 413
52810: -471 -216 -647 476
52817: -472 -289 -573 458
52818: -472 -289 -574 467
52837: -472 -291 -593 476
53053: -474 -459 -647 476
53060: -475 -532 -573 458
53072: -475 -533 -585 485
53107: -475 -537 -620 476
53109: -475 -538 -622 413
53116: -475 -538 -629 476
53126: -475 -539 -639 485
53190: -476 -619 -622 413
53296: -477 -702 -647 476
53352: -550 -61 -622 494
53353: -550 -61 -623 503
53354: -550 -61 -624 512
53355: -550 -61 -625 521
53356: -550 -61 -626 530
53359: -550 -61 -629 557
53360: -550 -61 -630 566
53381: -551 -136 -570 512
53385: -551 -136 -574 548
53387: -551 -136 -576 566
53463: -552 -217 -571 521
53466: -552 -217 -574 548
53489: -552 -220 -597 512
53547: -553 -298 -574 548
53612: -553 -305 -639 566
53625: -554 -379 -571 521
53627: -554 -379 -573 539
53628: -554 -379 -574 548
53667: -554 -384 -613 494
53674: -554 -384 -620 557
53704: -555 -460 -569 503
53705: -555 -460 -570 512
53809: -556 -543 -593 557
53812: -556 -544 -596 503
53815: -556 -544 -599 530
53817: -556 -544 -601 548
53818: -556 -544 -602 557
53821: -556 -545 -605 503
53824: -556 -545 -608 530
53826: -556 -545 -610 548
53827: -556 -545 -611 557
53857: -556 -549 -641 503
53859: -556 -549 -643 521
53860: -556 -549 -644 530
53863: -556 -549 -647 557
53864: -556 -549 -648 566
53949: -558 -703 -571 521
53952: -558 -703 -574 548
53980: -558 -706 -602 557
54162: -632 -151 -622 575
54295: -634 -309 -593 638
54324: -634 -313 -622 575
54344: -634 -315 -642 593
54429: -635 -396 -646 629
54457: -636 -471 -593 638
54510: -636 -477 -646 629
54828: -712 -81 -640 656
54829: -712 -81 -641 665
54830: -712 -81 -642 674
54831: -712 -81 -643 683
54832: -712 -81 -644 692
54833: -712 -81 -645 701
54834: -712 -81 -646 710
54835: -712 -81 -647 719
54843: -713 -154 -574 710
54845: -713 -154 -576 728
54855: -713 -156 -586 656
54901: -713 -161 -632 665
54903: -713 -161 -634 683
54926: -714 -235 -576 728
54987: -714 -242 -637 710
55007: -715 -316 -576 728
55052: -715 -321 -621 728
55088: -716 -397 -576 728
55114: -716 -400 -602 719
55250: -718 -559 -576 728
55420: -720 -722 -584 719
55426: -720 -723 -590 692
55433: -720 -724 -597 674
55437: -720 -724 -601 710
55438: -720 -724 -602 719
55439: -720 -724 -603 728
55444: -720 -725 -608 692
55447: -720 -725 -611 719
55448: -720 -725 -612 728
55464: -720 -727 -628 710
55465: -720 -727 -629 719
56142: -81 -650 -658 9
56145: -81 -650 -661 36
56146: -81 -650 -662 45
56147: -81 -650 -663 54
56148: -81 -650 -664 63
56149: -81 -650 -665 72
56151: -81 -651 -667 9
56154: -81 -651 -670 36
56155: -81 -651 -671 45
56156: -81 -651 -672 54
56157: -81 -651 -673 63
56158: -81 -651 -674 72
56160: -81 -652 -676 9
56161: -81 -652 -677 18
56164: -81 -652 -680 45
56165: -81 -652 -681 54
56166: -81 -652 -682 63
56167: -81 -652 -683 72
56169: -81 -653 -685 9
56170: -81 -653 -686 18
56171: -81 -653 -687 27
56178: -81 -654 -694 9
56180: -81 -654 -696 27
56181: -81 -654 -697 36
56182: -81 -654 -698 45
56184: -81 -654 -700 63
56185: -81 -654 -701 72
56187: -81 -655 -703 9
56188: -81 -655 -704 18
56189: -81 -655 -705 27
56190: -81 -655 -706 36
56191: -81 -655 -707 45
56194: -81 -655 -710 72
56196: -81 -656 -712 9
56197: -81 -656 -713 18
56198: -81 -656 -714 27
56199: -81 -656 -715 36
56201: -81 -656 -717 54
56202: -81 -656 -718 63
56232: -154 -12 -667 90
56234: -154 -12 -669 108
56235: -154 -12 -670 117
56236: -154 -12 -671 126
56238: -154 -12 -673 144
56239: -154 -12 -674 153
56240: -154 -12 -675 162
56312: -155 -92 -666 162
56313: -155 -93 -667 90
56348: -155 -96 -702 162
56358: -155 -98 -712 90
56362: -155 -98 -716 126
56377: -156 -172 -650 99
56379: -156 -172 -652 117
56381: -156 -172 -654 135
56398: -156 -174 -671 126
56458: -157 -253 -650 99
56461: -157 -253 -653 126
56463: -157 -253 -655 144
56464: -157 -253 -656 153
56510: -157 -258 -702 162
56655: -159 -419 -685 90
56660: -159 -419 -690 135
56663: -159 -419 -693 162
56736: -160 -500 -685 90
56754: -160 -502 -703 90
56763: -160 -503 -712 90
56771: -160 -503 -720 162
56775: -160 -504 -724 117
56782: -161 -577 -650 99
56798: -161 -578 -666 162
56824: -161 -581 -692 153
56826: -161 -582 -694 90
56834: -161 -582 -702 162
56835: -161 -583 -703 90
56843: -161 -583 -711 162
56859: -161 -585 -727 144
56970: -235 -22 -676 171
56971: -235 -22 -677 180
56972: -235 -22 -678 189
56973: -235 -22 -679 198
56974: -235 -22 -680 207
56976: -235 -22 -682 225
56977: -235 -22 -683 234
56978: -235 -22 -684 243
57081: -236 -106 -706 198
57087: -236 -107 -712 171
57090: -236 -107 -715 198
57102: -236 -108 -727 225
57131: -237 -183 -675 243
57132: -237 -184 -676 171
57140: -237 -184 -684 243
57188: -238 -262 -651 189
57205: -238 -264 -668 180
57211: -238 -264 -674 234
57212: -238 -264 -675 243
57268: -239 -343 -650 180
57269: -239 -343 -651 189
57419: -240 -431 -720 243
57430: -241 -505 -650 180
57431: -241 -505 -651 189
57440: -241 -506 -660 189
57455: -241 -507 -675 243
57485: -241 -511 -705 189
57500: -241 -512 -720 243
57512: -242 -586 -651 189
57536: -242 -588 -675 243
57708: -316 -32 -685 252
57710: -316 -32 -687 270
57712: -316 -32 -689 288
57714: -316 -32 -691 306
57715: -316 -32 -692 315
57716: -316 -32 -693 324
57755: -317 -109 -651 270
57756: -317 -109 -652 279
57757: -317 -109 -653 288
57758: -317 -109 -654 297
57760: -317 -109 -656 315
57835: -318 -190 -650 261
57840: -318 -190 -655 306
57841: -318 -190 -656 315
57874: -318 -194 -689 288
57950: -319 -274 -684 324
58023: -320 -355 -676 252
58031: -320 -355 -684 324
58103: -321 -435 -675 324
58161: -322 -514 -652 279
58212: -322 -520 -703 252
58234: -322 -522 -725 288
58242: -323 -595 -652 279
58302: -323 -602 -712 252
58312: -323 -603 -722 261
58315: -323 -603 -725 288
58317: -323 -603 -727 306
58446: -397 -42 -694 333
58447: -397 -42 -695 342
58448: -397 -42 -696 351
58449: -397 -42 -697 360
58451: -397 -42 -699 378
58452: -397 -42 -700 387
58453: -397 -42 -701 396
58454: -397 -42 -702 405
58535: -398 -123 -702 405
58545: -398 -125 -712 333
58567: -399 -199 -653 369
58569: -399 -199 -655 387
58570: -399 -199 -656 396
58645: -400 -280 -650 342
58646: -400 -280 -651 351
58650: -400 -280 -655 387
58651: -400 -280 -656 396
58661: -400 -281 -666 405
58662: -400 -282 -667 333
58670: -400 -282 -675 405
58715: -400 -287 -720 405
58726: -401 -361 -650 342
58823: -402 -443 -666 405
58891: -403 -523 -653 369
58931: -403 -527 -693 405
58949: -403 -529 -711 405
58972: -404 -604 -653 369
59012: -404 -608 -693 405
59039: -404 -611 -720 405
59131: -478 -46 -650 423
59132: -478 -46 -651 432
59133: -478 -46 -652 441
59134: -478 -46 -653 450
59136: -478 -46 -655 468
59137: -478 -46 -656 477
59214: -479 -127 -652 441
59218: -479 -127 -656 477
59293: -480 -208 -650 423
59295: -480 -208 -652 441
59297: -480 -208 -654 459
59298: -480 -208 -655 468
59299: -480 -208 -656 477
59319: -480 -211 -676 414
59328: -480 -212 -685 414
59374: -481 -289 -650 423
59378: -481 -289 -654 459
59552: -483 -452 -666 486
59589: -483 -457 -703 414
59670: -484 -538 -703 414
59691: -484 -540 -724 441
59702: -485 -613 -654 459
59768: -485 -620 -720 486
59772: -485 -621 -724 441
59913: -559 -61 -703 495
59914: -559 -61 -704 504
59915: -559 -61 -705 513
59916: -559 -61 -706 522
59917: -559 -61 -707 531
59918: -559 -61 -708 540
59920: -559 -61 -710 558
59921: -559 -61 -711 567
59941: -560 -136 -650 504
59942: -560 -136 -651 513
59943: -560 -136 -652 522
59944: -560 -136 -653 531
59946: -560 -136 -655 549
59947: -560 -136 -656 558
60024: -561 -217 -652 522
60026: -561 -217 -654 540
60027: -561 -217 -655 549
60086: -561 -224 -714 513
60108: -562 -298 -655 549
60186: -563 -379 -652 522
60189: -563 -379 -655 549
60218: -563 -382 -684 567
60271: -564 -460 -656 558
60290: -564 -462 -675 567
60362: -565 -542 -666 567
60371: -565 -543 -675 567
60375: -565 -544 -679 522
60376: -565 -544 -680 531
60378: -565 -544 -682 549
60380: -565 -544 -684 567
60385: -565 -545 -689 531
60386: -565 -545 -690 540
60387: -565 -545 -691 549
60389: -565 -545 -693 567
60414: -565 -548 -718 549
60415: -565 -548 -719 558
60416: -565 -548 -720 567
60432: -566 -622 -655 549
60489: -566 -629 -712 495
60651: -640 -71 -712 576
60652: -640 -71 -713 585
60653: -640 -71 -714 594
60654: -640 -71 -715 603
60655: -640 -71 -716 612
60656: -640 -71 -717 621
60657: -640 -71 -718 630
60659: -640 -71 -720 648
60671: -641 -145 -651 594
60675: -641 -145 -655 630
60676: -641 -145 -656 639
60687: -641 -147 -667 576
60744: -641 -153 -724 603
60753: -642 -226 -652 603
60755: -642 -226 -654 621
60757: -642 -226 -656 639
60838: -643 -307 -656 639
60919: -644 -388 -656 639
60947: -644 -391 -684 648
60995: -645 -469 -651 594
60996: -645 -469 -652 603
61081: -646 -550 -656 639
61145: -646 -557 -720 648
61149: -646 -558 -724 603
61184: -647 -634 -678 594
61185: -647 -634 -679 603
61186: -647 -634 -680 612
61189: -647 -634 -683 639
61190: -647 -634 -684 648
61192: -647 -635 -686 585
61198: -647 -635 -692 639
61199: -647 -635 -693 648
61215: -647 -637 -709 630
61217: -647 -637 -711 648
61586: -724 -318 -675 729
61623: -724 -323 -712 657
61667: -725 -399 -675 729
61676: -725 -400 -684 729
61702: -725 -403 -710 720
61703: -725 -403 -711 729
61757: -726 -481 -684 729
61809: -727 -559 -655 711
61830: -727 -562 -676 657
61881: -727 -567 -727 711
61901: -728 -641 -666 729
61910: -728 -642 -675 729
61926: -728 -644 -691 711
61931: -728 -645 -696 675
62465: -46 -2 -87 51
62466: -46 -2 -88 60
62467: -46 -2 -89 69
62468: -46 -2 -90 78
62975: -100 -86 -336 21
62976: -100 -86 -337 30
62977: -100 -86 -338 39
62979: -100 -86 -340 57
63055: -109 -86 -335 13
63058: -109 -86 -338 40
63060: -109 -86 -340 58
63061: -109 -86 -341 67
63062: -109 -86 -342 76
63218: -127 -86 -336 24
63222: -127 -86 -340 60
63223: -127 -86 -341 69
63224: -127 -86 -342 78
63299: -136 -86 -336 25
63300: -136 -86 -337 34
63301: -136 -86 -338 43
63305: -136 -86 -342 79
63379: -145 -86 -335 17
63380: -145 -86 -336 26
63381: -145 -86 -337 35
63382: -145 -86 -338 44
63384: -145 -86 -340 62
63461: -154 -86 -336 27
63462: -154 -86 -337 36
63463: -154 -86 -338 45
63465: -154 -86 -340 63
63711: -181 -168 -424 3
63804: -190 -169 -508 31
63808: -190 -169 -512 67
63809: -190 -169 -513 76
63811: -190 -170 -587 13
63813: -190 -170 -589 31
63817: -190 -170 -593 67
63818: -190 -170 -594 76
63827: -190 -171 -675 76
63873: -199 -168 -424 5
63886: -199 -169 -509 41
63888: -199 -169 -511 59
63969: -208 -169 -511 60
64021: -217 -166 -266 43
64026: -217 -167 -343 7
64035: -217 -168 -424 7
64036: -217 -168 -425 16
64057: -217 -170 -590 43
64116: -226 -168 -424 8
64117: -226 -168 -425 17
64122: -226 -168 -430 62
64127: -226 -169 -507 26
64129: -226 -169 -509 44
64181: -235 -166 -264 27
64182: -235 -166 -265 36
64185: -235 -166 -268 63
64186: -235 -166 -269 72
64197: -235 -168 -424 9
64198: -235 -168 -425 18
64210: -235 -169 -509 45
64212: -235 -169 -511 63
64213: -235 -169 -512 72
64218: -235 -170 -589 36
64219: -235 -170 -590 45
64221: -235 -170 -592 63
64222: -235 -170 -593 72
64353: -253 -248 -355 29
64656: -289 -246 -190 6
64737: -298 -246 -190 7
64755: -298 -248 -352 7
64758: -298 -248 -355 34
64764: -298 -249 -433 7
64766: -298 -249 -435 25
64818: -307 -246 -190 8
64836: -307 -248 -352 8
64845: -307 -249 -433 8
64847: -307 -249 -435 26
64854: -307 -250 -514 8
64860: -307 -250 -520 62
64872: -307 -252 -676 8
64878: -307 -252 -682 62
64891: -316 -245 -110 18
64899: -316 -246 -190 9
64920: -316 -248 -355 36
64926: -316 -249 -433 9
64928: -316 -249 -435 27
64935: -316 -250 -514 9
64944: -316 -251 -595 9
64951: -316 -251 -602 72
65129: -343 -325 -42 48
65144: -343 -327 -201 21
65148: -343 -327 -205 57
65184: -343 -331 -529 57
65204: -343 -333 -693 75
65210: -352 -325 -42 49
65226: -352 -327 -202 31
65388: -370 -327 -202 33
65468: -379 -327 -201 25
65469: -379 -327 -202 34
65474: -379 -327 -207 79
65500: -379 -330 -449 70
65518: -379 -332 -611 70
65528: -379 -333 -693 79
65534: -388 -325 -42 53
65549: -388 -327 -201 26
65550: -388 -327 -202 35
65553: -388 -327 -205 62
65577: -388 -330 -445 35
65589: -388 -331 -529 62
65601: -388 -333 -685 8
65604: -388 -333 -688 35
65631: -397 -327 -202 36
65662: -397 -330 -449 72
65670: -397 -331 -529 63
65680: -397 -332 -611 72
65691: -406 -406 -46 1
65906: -424 -411 -459 75
65987: -433 -411 -459 76
66003: -433 -413 -619 58
66004: -433 -413 -620 67
66062: -442 -411 -453 23
66193: -460 -407 -134 70
66194: -460 -407 -135 79
66205: -460 -409 -290 16
66242: -460 -413 -615 25
66286: -469 -409 -290 17
66291: -469 -409 -295 62
66320: -469 -412 -540 80
66338: -469 -414 -702 80
66354: -478 -407 -133 63
66363: -478 -408 -214 63
66399: -478 -412 -538 63
66681: -514 -489 -217 4
66685: -514 -489 -221 40
66999: -550 -488 -139 35
67006: -550 -489 -218 17
67014: -550 -490 -298 8
67015: -550 -490 -299 17
67016: -550 -490 -300 26
67018: -550 -490 -302 44
67022: -550 -490 -306 80
67024: -550 -491 -380 17
67027: -550 -491 -383 44
67031: -550 -491 -387 80
67032: -550 -492 -460 8
67067: -550 -495 -711 80
67080: -559 -488 -139 36
67086: -559 -489 -217 9
67088: -559 -489 -219 27
67106: -559 -491 -381 27
67108: -559 -491 -383 45
67111: -559 -491 -386 72
67115: -559 -492 -462 27
67135: -559 -494 -626 45
67306: -577 -576 -716 38
67344: -586 -571 -313 57
67346: -586 -571 -315 75
67450: -595 -574 -554 40
67553: -604 -576 -720 77
67614: -613 -574 -556 60
67647: -622 -569 -148 34
67652: -622 -569 -153 79
67655: -622 -570 -228 25
67656: -622 -570 -229 34
67657: -622 -570 -230 43
67661: -622 -570 -234 79
67662: -622 -571 -307 7
67663: -622 -571 -308 16
67670: -622 -571 -315 79
67679: -622 -572 -396 79
67680: -622 -573 -469 7
67683: -622 -573 -472 34
67688: -622 -573 -477 79
67707: -622 -576 -712 7
67715: -622 -576 -720 79
67809: -640 -569 -148 36
67819: -640 -570 -230 45
67821: -640 -570 -232 63
67825: -640 -571 -308 18
67828: -640 -571 -311 45
67830: -640 -571 -313 63
67837: -640 -572 -392 45
67839: -640 -572 -394 63
67842: -640 -573 -469 9
67845: -640 -573 -472 36
67851: -640 -574 -550 9
67854: -640 -574 -553 36
68100: -667 -655 -565 57
68130: -676 -650 -154 4
68133: -676 -650 -157 31
68136: -676 -650 -160 58
68140: -676 -651 -236 13
68172: -676 -654 -484 58
68181: -676 -655 -565 58
68191: -676 -656 -647 67
68217: -685 -650 -160 59
68230: -685 -652 -317 14
68236: -685 -652 -323 68
68374: -703 -650 -155 16
68376: -703 -650 -157 34
68380: -703 -650 -161 70
68384: -703 -651 -237 25
68385: -703 -651 -238 34
68386: -703 -651 -239 43
68392: -703 -652 -317 16
68398: -703 -652 -323 70
68400: -703 -653 -397 7
68401: -703 -653 -398 16
68402: -703 -653 -399 25
68403: -703 -653 -400 34
68407: -703 -653 -404 70
68410: -703 -654 -479 16
68412: -703 -654 -481 34
68416: -703 -654 -485 70
68431: -703 -656 -644 43
68457: -712 -650 -157 35
68460: -712 -650 -160 62
68467: -712 -651 -239 44
68469: -712 -651 -241 62
68473: -712 -652 -317 17
68475: -712 -652 -319 35
68476: -712 -652 -320 44
68478: -712 -652 -322 62
68481: -712 -653 -397 8
68483: -712 -653 -399 26
68484: -712 -653 -400 35
68487: -712 -653 -403 62
68490: -712 -654 -478 8
68493: -712 -654 -481 35
68625: -2 -12 -163 82
68626: -2 -12 -164 91
68627: -2 -12 -165 100
68628: -2 -12 -166 109
68629: -2 -12 -167 118
68630: -2 -12 -168 127
68631: -2 -12 -169 136
68632: -2 -12 -170 145
68633: -2 -12 -171 154
69508: -101 -92 -92 93
69547: -101 -96 -419 120
69797: -128 -97 -498 105
70033: -155 -96 -419 126
70040: -155 -97 -498 108
70155: -173 -173 -100 83
70156: -173 -173 -101 92
70158: -173 -173 -103 110
70160: -173 -173 -105 128
70161: -173 -173 -106 137
70163: -173 -173 -108 155
70311: -191 -172 -22 112
70332: -191 -174 -187 139
70392: -200 -172 -22 113
70469: -200 -180 -675 158
70473: -209 -172 -22 114
70496: -209 -174 -189 159
70499: -209 -175 -264 105
70580: -218 -175 -264 106
70661: -227 -175 -264 107
70716: -236 -172 -22 117
70742: -236 -175 -264 108
70768: -236 -178 -506 99
70798: -245 -253 -32 118
70812: -245 -255 -190 82
70833: -245 -257 -355 109
70861: -245 -260 -599 118
70866: -245 -261 -676 82
70884: -254 -254 -109 83
70960: -263 -253 -32 120
71041: -272 -253 -32 121
71055: -272 -255 -190 85
71122: -281 -253 -32 122
71203: -290 -253 -32 123
71284: -299 -253 -32 124
71331: -299 -258 -439 142
71365: -308 -253 -32 125
71413: -308 -258 -440 152
71446: -317 -253 -32 126
71495: -317 -258 -441 162
71578: -326 -340 -524 91
71587: -326 -341 -605 91
71615: -335 -335 -120 101
71618: -335 -335 -123 128
71907: -362 -340 -529 140
72063: -380 -340 -523 88
72109: -389 -336 -200 98
72153: -389 -341 -604 89
72243: -398 -342 -685 90
72244: -398 -342 -686 99
72246: -398 -342 -688 117
72288: -407 -419 -370 82
72450: -425 -419 -370 84
72453: -425 -419 -373 111
72531: -434 -419 -370 85
72693: -452 -419 -370 87
72696: -452 -419 -373 114
72777: -461 -419 -373 115
72855: -470 -419 -370 89
72862: -470 -419 -377 152
72944: -479 -419 -378 162
73037: -488 -502 -543 100
73038: -488 -502 -544 109
73039: -488 -502 -545 118
73042: -488 -502 -548 145
73043: -488 -502 -549 154
73071: -497 -497 -136 83
73078: -497 -497 -143 146
73385: -524 -504 -711 158
73476: -542 -497 -136 88
73537: -542 -503 -629 151
73547: -542 -504 -711 160
73575: -551 -499 -298 89
73774: -569 -584 -632 91
73775: -569 -584 -633 100
73776: -569 -584 -634 109
73777: -569 -584 -635 118
73779: -569 -584 -637 136
73781: -569 -584 -639 154
73800: -578 -578 -145 83
73803: -578 -578 -148 110
74041: -605 -577 -71 149
74063: -605 -580 -309 104
74105: -605 -584 -639 158
74107: -605 -585 -713 95
74114: -605 -585 -720 158
74223: -623 -580 -307 88
74316: -632 -581 -391 116
74341: -632 -584 -632 98
74357: -632 -585 -720 161
74412: -641 -583 -550 90
74413: -641 -583 -551 99
74438: -641 -585 -720 162
74447: -650 -658 -81 154
74514: -650 -666 -724 109
74515: -650 -666 -725 118
74516: -650 -666 -726 127
74517: -650 -666 -727 136
74518: -650 -666 -728 145
74529: -659 -659 -154 83
74532: -659 -659 -157 110
74952: -704 -661 -316 88
74985: -704 -664 -565 142
75033: -713 -661 -316 89
75069: -713 -665 -640 89
75076: -713 -665 -647 152
75096: -722 -659 -154 90
75126: -722 -662 -400 117
75132: -722 -663 -478 90
75139: -722 -663 -485 153
75147: -722 -664 -565 144
75276: -12 -22 -244 164
75277: -12 -22 -245 173
75278: -12 -22 -246 182
75279: -12 -22 -247 191
75280: -12 -22 -248 200
75281: -12 -22 -249 209
75282: -12 -22 -250 218
75283: -12 -22 -251 227
75284: -12 -22 -252 236
76077: -102 -102 -172 165
76223: -120 -100 -12 185
76270: -120 -105 -419 203
76298: -120 -108 -663 212
76304: -129 -100 -12 186
76385: -138 -100 -12 187
76466: -147 -100 -12 188
76547: -156 -100 -12 189
76625: -156 -108 -666 243
77012: -201 -187 -513 239
77034: -210 -181 -22 195
77070: -210 -185 -346 195
77115: -219 -181 -22 196
77213: -228 -183 -183 188
77475: -255 -266 -355 191
77535: -264 -264 -190 165
77536: -264 -264 -191 174
77539: -264 -264 -194 201
77540: -264 -264 -195 210
77541: -264 -264 -196 219
77542: -264 -264 -197 228
77543: -264 -264 -198 237
77764: -291 -262 -32 204
77769: -291 -263 -109 168
77874: -300 -265 -277 223
77984: -309 -268 -522 242
78089: -327 -343 -42 208
78099: -327 -344 -124 217
78100: -327 -344 -125 226
78101: -327 -344 -126 235
78111: -327 -346 -280 163
78112: -327 -346 -281 172
78114: -327 -346 -283 190
78115: -327 -346 -284 199
78116: -327 -346 -285 208
78117: -327 -346 -286 217
78118: -327 -346 -287 226
78119: -327 -346 -288 235
78170: -336 -343 -42 209
78192: -336 -346 -280 164
78193: -336 -346 -281 173
78194: -336 -346 -282 182
78195: -336 -346 -283 191
78197: -336 -346 -285 209
78198: -336 -346 -286 218
78199: -336 -346 -287 227
78200: -336 -346 -288 236
78217: -336 -348 -449 227
78219: -336 -349 -523 164
78264: -345 -345 -199 165
78413: -363 -343 -42 212
78575: -381 -343 -42 214
78656: -390 -343 -42 215
78721: -390 -350 -611 233
78812: -399 -351 -693 243
78813: -408 -424 -46 163
78822: -408 -425 -127 163
78840: -408 -427 -289 163
78867: -408 -430 -532 163
78873: -408 -430 -538 217
78883: -408 -431 -620 226
78885: -408 -432 -694 163
78892: -408 -432 -701 226
78893: -408 -432 -702 235
78993: -426 -426 -208 165
78997: -426 -426 -212 201
79001: -426 -426 -216 237
79056: -435 -424 -46 166
79083: -435 -427 -289 166
79088: -435 -427 -294 211
79137: -444 -424 -46 167
79218: -453 -424 -46 168
79281: -453 -431 -613 168
79291: -453 -432 -695 177
79298: -453 -432 -702 240
79299: -462 -424 -46 169
79368: -462 -431 -619 223
79380: -471 -424 -46 170
79434: -471 -430 -532 170
79443: -471 -431 -613 170
79459: -471 -432 -701 233
79461: -480 -424 -46 171
79597: -489 -511 -542 172
79599: -489 -511 -544 190
79600: -489 -511 -545 199
79601: -489 -511 -546 208
79603: -489 -511 -548 226
79604: -489 -511 -549 235
79722: -507 -507 -217 165
79724: -507 -507 -219 183
79727: -507 -507 -222 210
79729: -507 -507 -224 228
79872: -525 -505 -61 221
79953: -534 -505 -61 222
80067: -543 -509 -382 196
80073: -543 -510 -460 169
80091: -543 -512 -622 169
80098: -543 -512 -629 232
80115: -552 -505 -61 224
80141: -552 -508 -303 215
80270: -561 -513 -711 243
80335: -570 -593 -632 172
80337: -570 -593 -634 190
80338: -570 -593 -635 199
80339: -570 -593 -636 208
80340: -570 -593 -637 217
80342: -570 -593 -639 235
80432: -579 -594 -720 236
80451: -588 -588 -226 165
80456: -588 -588 -231 210
80457: -588 -588 -232 219
80675: -606 -594 -720 239
80683: -615 -586 -71 231
80712: -615 -590 -388 168
80764: -624 -586 -71 232
80793: -624 -590 -388 169
80817: -624 -592 -556 223
80853: -633 -587 -151 224
80867: -633 -589 -309 188
80885: -633 -591 -471 188
80892: -633 -592 -550 170
80926: -642 -586 -71 234
80999: -642 -594 -720 243
81073: -651 -675 -722 172
81075: -651 -675 -724 190
81076: -651 -675 -725 199
81077: -651 -675 -726 208
81078: -651 -675 -727 217
81079: -651 -675 -728 226
81183: -669 -669 -238 192
81186: -669 -669 -241 219
81187: -669 -669 -242 228
81413: -696 -667 -81 240
81546: -705 -673 -565 223
81575: -714 -667 -81 242
81623: -714 -673 -561 188
81637: -714 -674 -647 233
81664: -723 -668 -161 234
81687: -723 -671 -400 198
81690: -723 -671 -403 225
81696: -723 -672 -481 198
81708: -723 -673 -565 225
81927: -22 -32 -325 246
81928: -22 -32 -326 255
81929: -22 -32 -327 264
81931: -22 -32 -329 282
81932: -22 -32 -330 291
81933: -22 -32 -331 300
81934: -22 -32 -332 309
81935: -22 -32 -333 318
82622: -103 -109 -12 264
82728: -112 -112 -253 247
82831: -121 -114 -419 284
82912: -130 -114 -419 285
82946: -139 -109 -12 268
82964: -139 -111 -174 268
83027: -148 -109 -12 269
83045: -148 -111 -174 269
83108: -157 -109 -12 270
83190: -166 -190 -22 271
83223: -166 -194 -343 244
83232: -166 -195 -424 244
83241: -166 -196 -505 244
83246: -166 -196 -510 289
83267: -166 -198 -675 316
83271: -175 -190 -22 272
83309: -175 -194 -348 290
83310: -175 -194 -349 299
83313: -175 -195 -424 245
83352: -184 -190 -22 273
83358: -184 -191 -100 246
83514: -202 -190 -22 275
83556: -202 -195 -424 248
83595: -211 -190 -22 276
83610: -211 -192 -181 249
83655: -211 -197 -586 249
83676: -220 -190 -22 277
83757: -229 -190 -22 278
83806: -229 -195 -431 314
83838: -238 -190 -22 279
83920: -247 -271 -32 280
83925: -247 -272 -109 244
83953: -247 -275 -353 253
84027: -256 -274 -274 272
84082: -265 -271 -32 282
84108: -265 -274 -274 273
84249: -283 -272 -109 248
84432: -301 -274 -274 277
84448: -301 -276 -434 259
84555: -310 -279 -676 251
84617: -319 -276 -441 324
84631: -319 -278 -599 288
84812: -346 -352 -42 291
84844: -346 -356 -362 255
84848: -346 -356 -366 291
84849: -346 -356 -367 300
84859: -346 -357 -449 309
84877: -346 -359 -611 309
84915: -355 -355 -280 247
84916: -355 -355 -281 256
84917: -355 -355 -282 265
84920: -355 -355 -285 292
84921: -355 -355 -286 301
84922: -355 -355 -287 310
84923: -355 -355 -288 319
85055: -373 -352 -42 294
85105: -373 -358 -524 258
85106: -373 -358 -525 267
85108: -373 -358 -527 285
85109: -373 -358 -528 294
85110: -373 -358 -529 303
85136: -382 -352 -42 295
85149: -382 -354 -199 250
85211: -382 -360 -693 322
85217: -391 -352 -42 296
85224: -391 -353 -121 278
85230: -391 -354 -199 251
85254: -391 -356 -367 305
85266: -391 -358 -523 251
85272: -391 -358 -529 305
85292: -391 -360 -693 323
85298: -400 -352 -42 297
85311: -400 -354 -199 252
85345: -400 -357 -449 315
85352: -400 -358 -528 297
85363: -400 -359 -611 315
85364: -400 -359 -612 324
85374: -409 -433 -46 244
85383: -409 -434 -127 244
85392: -409 -435 -208 244
85393: -409 -435 -209 253
85437: -409 -440 -613 244
85444: -409 -440 -620 307
85536: -427 -433 -46 246
85545: -427 -434 -127 246
85554: -427 -435 -208 246
85593: -427 -439 -535 273
85602: -427 -440 -616 273
85644: -436 -436 -289 247
85698: -445 -433 -46 248
85779: -454 -433 -46 249
85860: -463 -433 -46 250
85920: -463 -439 -538 304
85941: -472 -433 -46 251
86011: -472 -440 -620 314
86022: -481 -433 -46 252
86040: -481 -435 -208 252
86102: -481 -441 -702 324
86112: -490 -515 -136 244
86159: -490 -520 -543 262
86161: -490 -520 -545 280
86162: -490 -520 -546 289
86164: -490 -520 -548 307
86165: -490 -520 -549 316
86190: -499 -514 -61 299
86200: -499 -515 -143 308
86223: -499 -518 -382 272
86271: -508 -514 -61 300
86274: -508 -515 -136 246
86304: -508 -518 -382 273
86320: -508 -520 -542 255
86362: -517 -515 -143 310
86373: -517 -517 -298 247
86433: -526 -514 -61 302
86569: -535 -520 -548 312
86598: -544 -515 -136 250
86607: -544 -516 -217 250
86628: -544 -518 -382 277
86634: -544 -519 -460 250
86646: -544 -520 -544 277
86659: -544 -521 -629 313
86661: -544 -522 -703 250
86664: -544 -522 -706 277
86669: -544 -522 -711 322
86676: -553 -514 -61 305
86686: -553 -515 -143 314
86740: -553 -521 -629 314
86757: -562 -514 -61 306
86896: -571 -602 -632 253
86897: -571 -602 -633 262
86899: -571 -602 -635 280
86900: -571 -602 -636 289
86901: -571 -602 -637 298
86903: -571 -602 -639 316
86977: -580 -602 -632 254
87001: -589 -595 -71 309
87003: -589 -596 -145 246
87033: -589 -599 -391 273
87102: -598 -598 -307 247
87104: -598 -598 -309 265
87327: -625 -596 -145 250
87408: -634 -596 -145 251
87414: -634 -596 -151 305
87435: -634 -599 -388 251
87438: -634 -599 -391 278
87444: -634 -600 -469 251
87459: -634 -601 -556 305
87471: -634 -603 -712 251
87474: -634 -603 -715 278
87479: -634 -603 -720 323
87487: -643 -595 -71 315
87560: -643 -603 -720 324
87637: -652 -684 -725 280
87638: -652 -684 -726 289
87639: -652 -684 -727 298
87640: -652 -684 -728 307
87681: -661 -680 -400 272
87715: -661 -684 -722 254
87731: -670 -676 -81 318
87732: -670 -677 -154 246
87762: -670 -680 -400 273
87831: -679 -679 -316 247
87833: -679 -679 -318 265
87893: -688 -676 -81 320
88089: -706 -680 -403 304
88107: -706 -682 -565 304
88167: -715 -680 -400 278
88218: -724 -677 -154 252
88227: -724 -678 -235 252
88248: -724 -680 -400 279
88263: -724 -682 -559 252
88269: -724 -682 -565 306
88272: -724 -683 -640 252
88579: -32 -42 -407 337
88580: -32 -42 -408 346
88581: -32 -42 -409 355
88583: -32 -42 -411 373
88584: -32 -42 -412 382
88585: -32 -42 -413 391
88586: -32 -42 -414 400
89021: -86 -118 -12 343
89038: -86 -120 -173 334
89039: -86 -120 -174 343
89040: -86 -120 -175 352
89042: -86 -120 -177 370
89045: -86 -120 -180 397
89046: -86 -121 -253 325
89048: -86 -121 -255 343
89049: -86 -121 -256 352
89068: -86 -123 -419 361
89075: -86 -124 -498 343
89077: -86 -124 -500 361
89084: -86 -125 -579 343
89089: -86 -125 -584 388
89093: -86 -126 -660 343
89099: -86 -126 -666 397
89832: -176 -199 -22 353
89845: -176 -200 -107 389
89846: -176 -200 -108 398
89858: -176 -202 -264 344
89926: -185 -200 -107 390
89987: -185 -207 -672 372
89994: -194 -199 -22 355
90015: -194 -201 -187 382
90016: -194 -201 -188 391
90017: -194 -201 -189 400
90108: -203 -203 -343 329
90109: -203 -203 -344 338
90111: -203 -203 -346 356
90115: -203 -203 -350 392
90237: -221 -199 -22 358
90250: -221 -200 -107 394
90263: -221 -202 -264 349
90294: -221 -205 -511 385
90318: -230 -199 -22 359
90344: -230 -202 -264 350
90373: -230 -205 -509 368
90393: -230 -207 -673 386
90399: -239 -199 -22 360
90457: -239 -205 -512 396
90481: -248 -280 -32 361
90486: -248 -281 -109 325
90522: -248 -285 -433 325
90524: -248 -285 -435 343
90531: -248 -286 -514 325
90540: -248 -287 -595 325
90547: -248 -287 -602 388
90549: -248 -288 -676 325
90557: -248 -288 -684 397
90562: -257 -280 -32 362
90616: -257 -286 -518 362
90719: -266 -288 -684 399
90724: -275 -280 -32 364
90751: -275 -283 -275 364
90780: -275 -286 -520 382
90837: -284 -284 -352 329
90886: -293 -280 -32 366
90940: -293 -286 -518 366
90967: -302 -280 -32 367
91043: -302 -288 -684 403
91124: -311 -288 -684 404
91129: -320 -280 -32 369
91134: -320 -281 -109 333
91183: -320 -286 -518 369
91246: -329 -365 -365 361
91311: -338 -363 -205 380
91312: -338 -363 -206 389
91454: -356 -361 -42 373
91468: -356 -363 -200 337
91521: -356 -369 -685 328
91778: -392 -361 -42 377
92016: -419 -442 -46 326
92025: -419 -443 -127 326
92026: -419 -443 -128 335
92027: -419 -443 -129 344
92028: -419 -443 -130 353
92030: -419 -443 -132 371
92032: -419 -443 -134 389
92034: -419 -444 -208 326
92043: -419 -445 -289 326
92047: -419 -445 -293 362
92048: -419 -445 -294 371
92051: -419 -445 -297 398
92063: -419 -447 -453 344
92070: -419 -448 -532 326
92076: -419 -448 -538 380
92077: -419 -448 -539 389
92079: -419 -449 -613 326
92082: -419 -449 -616 353
92085: -419 -449 -619 380
92086: -419 -449 -620 389
92087: -419 -449 -621 398
92093: -419 -450 -699 371
92094: -419 -450 -700 380
92096: -419 -450 -702 398
92719: -491 -529 -542 334
92720: -491 -529 -543 343
92721: -491 -529 -544 352
92723: -491 -529 -546 370
92725: -491 -529 -548 388
92726: -491 -529 -549 397
92754: -500 -524 -136 326
92832: -509 -523 -61 381
92835: -509 -524 -136 327
92843: -509 -524 -144 399
92913: -518 -523 -61 382
93024: -527 -527 -379 329
93025: -527 -527 -380 338
93027: -527 -527 -382 356
93028: -527 -527 -383 365
93177: -545 -526 -298 331
93208: -545 -529 -545 367
93301: -554 -530 -629 395
93329: -563 -524 -144 405
93457: -572 -611 -632 334
93458: -572 -611 -633 343
93459: -572 -611 -634 352
93461: -572 -611 -636 370
93462: -572 -611 -637 379
93464: -572 -611 -639 397
93481: -581 -604 -71 389
93483: -581 -605 -145 326
93562: -590 -604 -71 390
93643: -599 -604 -71 391
93654: -599 -606 -226 328
93663: -599 -607 -307 328
93753: -608 -608 -388 329
93754: -608 -608 -389 338
93756: -608 -608 -391 356
93758: -608 -608 -393 374
93886: -626 -604 -71 394
93888: -626 -605 -145 331
93939: -626 -610 -556 385
93969: -635 -605 -145 332
93972: -635 -605 -148 359
93987: -635 -607 -307 332
94005: -635 -609 -469 332
94014: -635 -610 -550 332
94027: -635 -611 -635 368
94040: -635 -612 -720 404
94048: -644 -604 -71 396
94050: -644 -605 -145 333
94113: -644 -612 -712 333
94121: -644 -612 -720 405
94130: -653 -685 -81 397
94195: -653 -693 -722 334
94196: -653 -693 -723 343
94197: -653 -693 -724 352
94199: -653 -693 -726 370
94200: -653 -693 -727 379
94201: -653 -693 -728 388
94212: -662 -686 -154 326
94292: -671 -685 -81 399
94293: -671 -686 -154 327
94373: -680 -685 -81 400
94404: -680 -689 -400 355
94482: -689 -689 -397 329
94483: -689 -689 -398 338
94485: -689 -689 -400 356
94616: -707 -685 -81 403
94697: -716 -685 -81 404
94759: -716 -692 -647 395
94797: -725 -688 -316 333
94815: -725 -690 -478 333
94833: -725 -692 -640 333
94846: -725 -693 -725 369
95176: -42 -46 -2 419
95663: -96 -127 -12 425
95688: -96 -130 -253 407
95744: -105 -127 -12 426
95769: -105 -130 -253 408
95825: -114 -127 -12 427
95850: -114 -130 -253 409
95906: -123 -127 -12 428
95931: -123 -130 -253 410
95953: -123 -132 -419 446
96068: -141 -127 -12 430
96149: -150 -127 -12 431
96230: -159 -127 -12 432
96320: -168 -209 -102 424
96323: -168 -209 -105 451
96337: -168 -211 -263 415
96338: -168 -211 -264 424
96341: -168 -211 -267 451
96363: -168 -214 -505 406
96369: -168 -214 -511 460
96372: -168 -215 -586 406
96379: -168 -215 -593 469
96389: -168 -216 -675 478
96419: -177 -211 -264 425
96474: -186 -208 -22 435
96494: -186 -210 -186 453
96578: -195 -210 -189 481
96636: -204 -208 -22 437
96759: -213 -213 -424 411
96765: -213 -213 -430 465
96766: -213 -213 -431 474
96824: -222 -211 -264 430
96875: -222 -216 -675 484
96879: -231 -208 -22 440
96960: -240 -208 -22 441
97047: -249 -290 -109 406
97056: -249 -291 -190 406
97059: -249 -291 -193 433
97060: -249 -291 -194 442
97061: -249 -291 -195 451
97062: -249 -291 -196 460
97063: -249 -291 -197 469
97064: -249 -291 -198 478
97098: -249 -295 -520 460
97108: -249 -296 -602 469
97123: -258 -289 -32 443
97128: -258 -290 -109 407
97204: -267 -289 -32 444
97285: -276 -289 -32 445
97341: -276 -295 -520 463
97351: -276 -296 -602 472
97361: -276 -297 -684 481
97366: -285 -289 -32 446
97371: -285 -290 -109 410
97488: -294 -294 -433 411
97490: -294 -294 -435 429
97528: -303 -289 -32 448
97609: -312 -289 -32 449
97623: -312 -291 -190 413
97772: -330 -370 -42 451
97824: -330 -376 -526 433
97826: -330 -376 -528 451
97827: -330 -376 -529 460
97837: -330 -377 -611 469
97847: -330 -378 -693 478
98096: -366 -370 -42 455
98224: -375 -375 -449 474
98225: -375 -375 -450 483
98339: -393 -370 -42 458
98420: -402 -370 -42 459
98517: -411 -453 -211 433
99165: -483 -453 -211 441
99231: -492 -532 -61 460
99280: -492 -538 -542 415
99281: -492 -538 -543 424
99282: -492 -538 -544 433
99283: -492 -538 -545 442
99284: -492 -538 -546 451
99286: -492 -538 -548 469
99287: -492 -538 -549 478
99312: -501 -532 -61 461
99383: -501 -540 -708 452
99480: -519 -533 -139 436
99555: -528 -532 -61 464
99675: -537 -537 -460 411
99677: -537 -537 -462 429
99739: -546 -535 -299 421
99747: -546 -536 -379 412
99770: -546 -538 -546 457
99798: -555 -532 -61 467
99808: -555 -533 -143 476
99941: -564 -539 -627 459
100018: -573 -620 -632 415
100019: -573 -620 -633 424
100020: -573 -620 -634 433
100021: -573 -620 -635 442
100022: -573 -620 -636 451
100023: -573 -620 -637 460
100025: -573 -620 -639 478
100042: -582 -613 -71 470
100123: -591 -613 -71 471
100285: -609 -613 -71 473
100404: -618 -618 -469 411
100407: -618 -618 -472 438
100447: -627 -613 -71 475
100455: -627 -614 -151 466
100557: -636 -617 -388 413
100575: -636 -619 -550 413
100581: -636 -619 -556 467
100601: -636 -621 -720 485
100757: -654 -702 -723 424
100758: -654 -702 -724 433
100759: -654 -702 -725 442
100761: -654 -702 -727 460
100762: -654 -702 -728 469
100949: -681 -696 -240 454
100986: -681 -700 -565 463
101030: -690 -696 -240 455
101067: -690 -700 -565 464
101133: -699 -699 -478 411
101177: -708 -694 -81 484
101273: -717 -696 -240 458
101953: -61 -61 -488 502
101954: -61 -61 -489 511
101955: -61 -61 -490 520
101956: -61 -61 -491 529
101957: -61 -61 -492 538
101959: -61 -61 -494 556
101960: -61 -61 -495 565
102224: -97 -136 -12 506
102299: -97 -144 -663 533
102305: -106 -136 -12 507
102352: -106 -141 -419 525
102386: -115 -136 -12 508
102402: -115 -138 -172 490
102467: -124 -136 -12 509
102514: -124 -141 -419 527
102548: -133 -136 -12 510
102564: -133 -138 -172 492
102710: -151 -136 -12 512
102729: -151 -138 -175 521
102735: -151 -139 -253 494
102757: -151 -141 -419 530
102778: -151 -143 -584 557
102791: -160 -136 -12 513
102816: -160 -139 -253 495
102869: -160 -144 -666 567
102873: -169 -217 -22 514
102885: -169 -218 -106 541
102899: -169 -220 -264 505
102909: -169 -221 -346 514
102915: -169 -222 -424 487
102916: -169 -222 -425 496
102921: -169 -222 -430 541
102922: -169 -222 -431 550
102923: -169 -222 -432 559
102954: -178 -217 -22 515
102980: -178 -220 -264 506
103035: -187 -217 -22 516
103047: -187 -218 -106 543
103056: -187 -219 -187 543
103061: -187 -220 -264 507
103069: -187 -221 -344 498
103074: -187 -221 -349 543
103095: -187 -224 -586 489
103101: -187 -224 -592 543
103102: -187 -224 -593 552
103104: -187 -225 -667 489
103136: -196 -219 -186 535
103197: -205 -217 -22 518
103223: -205 -220 -264 509
103292: -214 -218 -108 564
103314: -214 -221 -346 519
103410: -223 -223 -505 493
103416: -223 -223 -511 547
103440: -232 -217 -22 521
103452: -232 -218 -106 548
103466: -232 -220 -264 512
103489: -232 -222 -431 557
103507: -232 -224 -593 557
103509: -232 -225 -667 494
103521: -241 -217 -22 522
103533: -241 -218 -106 549
103547: -241 -220 -264 513
103571: -241 -222 -432 567
103598: -241 -225 -675 567
103608: -250 -299 -109 487
103613: -250 -299 -114 532
103684: -259 -298 -32 524
103765: -268 -298 -32 525
103770: -268 -299 -109 489
103775: -268 -299 -114 534
103808: -268 -303 -435 507
103833: -268 -306 -676 489
103841: -268 -306 -684 561
103846: -277 -298 -32 526
103914: -277 -306 -676 490
103927: -286 -298 -32 527
103932: -286 -299 -109 491
104008: -295 -298 -32 528
104013: -295 -299 -109 492
104026: -295 -300 -194 528
104139: -304 -304 -514 493
104145: -304 -304 -520 547
104170: -313 -298 -32 530
104184: -313 -300 -190 494
104218: -313 -303 -440 557
104236: -313 -305 -602 557
104251: -322 -298 -32 531
104265: -322 -300 -190 495
104327: -322 -306 -684 567
104333: -331 -379 -42 532
104355: -331 -382 -280 487
104361: -331 -382 -286 541
104374: -331 -384 -443 496
104392: -331 -386 -605 496
104414: -340 -379 -42 533
104436: -340 -382 -280 488
104437: -340 -382 -281 497
104442: -340 -382 -286 542
104445: -340 -383 -361 488
104455: -340 -384 -443 497
104472: -340 -386 -604 488
104481: -340 -387 -685 488
104485: -340 -387 -689 524
104517: -349 -382 -280 489
104519: -349 -382 -282 507
104523: -349 -382 -286 543
104576: -358 -379 -42 535
104590: -358 -381 -200 499
104598: -358 -382 -280 490
104619: -358 -384 -445 517
104651: -358 -387 -693 562
104657: -367 -379 -42 536
104679: -367 -382 -280 491
104724: -367 -387 -685 491
104760: -376 -382 -280 492
104785: -376 -384 -449 555
104868: -385 -385 -523 493
104874: -385 -385 -529 547
104900: -394 -379 -42 539
104922: -394 -382 -280 494
104965: -394 -386 -611 557
104981: -403 -379 -42 540
105003: -403 -382 -280 495
105013: -403 -383 -362 504
105057: -412 -460 -46 487
105066: -412 -461 -127 487
105075: -412 -462 -208 487
105084: -412 -463 -289 487
105086: -412 -463 -291 505
105127: -412 -467 -620 550
105137: -412 -468 -702 559
105219: -430 -460 -46 489
105228: -430 -461 -127 489
105246: -430 -463 -289 489
105300: -439 -460 -46 490
105319: -439 -462 -209 499
105381: -448 -460 -46 491
105462: -457 -460 -46 492
105603: -466 -466 -538 547
105604: -466 -466 -539 556
105624: -475 -460 -46 494
105642: -475 -462 -208 494
105694: -475 -467 -620 557
105705: -484 -460 -46 495
105714: -484 -461 -127 495
105723: -484 -462 -208 495
105726: -484 -462 -211 522
105785: -484 -468 -702 567
105931: -502 -548 -623 497
105992: -511 -545 -387 561
106045: -520 -542 -143 553
106075: -520 -546 -461 499
106081: -520 -546 -467 553
106093: -520 -548 -623 499
106129: -529 -543 -218 500
106217: -538 -543 -225 564
106375: -556 -543 -221 530
106381: -556 -544 -299 503
106382: -556 -544 -300 512
106392: -556 -545 -382 521
106430: -556 -549 -708 539
106463: -565 -544 -300 513
106465: -565 -544 -302 531
106466: -565 -544 -303 540
106473: -565 -545 -382 522
106502: -565 -548 -627 540
106579: -574 -629 -632 496
106580: -574 -629 -633 505
106581: -574 -629 -634 514
106582: -574 -629 -635 523
106586: -574 -629 -639 559
106603: -583 -622 -71 551
106619: -583 -624 -231 533
106684: -592 -622 -71 552
106686: -592 -623 -145 489
106692: -592 -623 -151 543
106716: -592 -626 -391 516
106724: -592 -627 -471 507
106765: -601 -622 -71 553
106772: -601 -623 -150 535
106775: -601 -623 -153 562
106776: -601 -624 -226 490
106806: -601 -627 -472 517
106829: -601 -629 -639 562
106846: -610 -622 -71 554
106927: -619 -622 -71 555
107055: -628 -628 -550 493
107061: -628 -628 -556 547
107091: -637 -623 -145 494
107100: -637 -624 -226 494
107109: -637 -625 -307 494
107118: -637 -626 -388 494
107133: -637 -627 -475 548
107170: -646 -622 -71 558
107202: -646 -626 -391 522
107252: -655 -703 -81 559
107317: -655 -711 -722 496
107318: -655 -711 -723 505
107319: -655 -711 -724 514
107320: -655 -711 -725 523
107321: -655 -711 -726 532
107323: -655 -711 -728 550
107333: -664 -703 -81 560
107414: -673 -703 -81 561
107415: -673 -704 -154 489
107453: -673 -708 -480 507
107501: -682 -704 -159 535
107538: -682 -708 -484 544
107576: -691 -703 -81 563
107580: -691 -704 -157 518
107657: -700 -703 -81 564
107672: -700 -705 -240 537
107688: -700 -707 -400 519
107784: -709 -709 -559 493
107790: -709 -709 -565 547
107819: -718 -703 -81 566
107863: -718 -708 -485 557
107900: -727 -703 -81 567
107901: -727 -704 -154 495
107915: -727 -705 -240 540
107919: -727 -706 -316 495
107921: -727 -706 -318 513
107928: -727 -707 -397 495
108604: -71 -71 -569 584
108605: -71 -71 -570 593
108606: -71 -71 -571 602
108607: -71 -71 -572 611
108608: -71 -71 -573 620
108609: -71 -71 -574 629
108611: -71 -71 -576 647
108785: -98 -145 -12 587
108866: -107 -145 -12 588
108947: -116 -145 -12 589
109028: -125 -145 -12 590
109053: -125 -148 -253 572
109075: -125 -150 -419 608
109109: -134 -145 -12 591
109125: -134 -147 -172 573
109190: -143 -145 -12 592
109215: -143 -148 -253 574
109217: -143 -148 -255 592
109237: -143 -150 -419 610
109248: -143 -151 -502 628
109352: -161 -145 -12 594
109430: -161 -153 -666 648
109447: -170 -227 -107 631
109460: -170 -229 -264 586
109467: -170 -230 -343 568
109470: -170 -230 -346 595
109476: -170 -231 -424 568
109482: -170 -231 -430 622
109515: -179 -226 -22 596
109529: -179 -227 -108 641
109596: -188 -226 -22 597
109607: -188 -227 -105 615
109629: -188 -230 -343 570
109632: -188 -230 -346 597
109636: -188 -230 -350 633
109641: -188 -231 -427 597
109653: -188 -232 -511 624
109673: -188 -234 -675 642
109697: -197 -228 -186 616
109758: -206 -226 -22 599
109772: -206 -227 -108 644
109773: -206 -228 -181 572
109784: -206 -229 -264 590
109839: -215 -226 -22 600
109853: -215 -227 -108 645
109854: -215 -228 -181 573
109865: -215 -229 -264 591
109920: -224 -226 -22 601
109926: -224 -227 -100 574
109935: -224 -228 -181 574
109946: -224 -229 -264 592
109953: -224 -230 -343 574
109968: -224 -231 -430 628
110068: -233 -233 -593 638
110095: -242 -227 -107 639
110102: -242 -228 -186 621
110108: -242 -229 -264 594
110132: -242 -231 -432 648
110159: -242 -234 -675 648
110164: -251 -307 -32 604
110169: -251 -308 -109 568
110178: -251 -309 -190 568
110206: -251 -312 -434 577
110245: -260 -307 -32 605
110314: -260 -315 -677 578
110326: -269 -307 -32 606
110331: -269 -308 -109 570
110369: -269 -312 -435 588
110394: -269 -315 -676 570
110407: -278 -307 -32 607
110457: -278 -313 -514 571
110475: -278 -315 -676 571
110488: -287 -307 -32 608
110517: -287 -310 -277 626
110519: -287 -310 -279 644
110569: -296 -307 -32 609
110650: -305 -307 -32 610
110664: -305 -309 -190 574
110697: -305 -312 -439 628
110790: -314 -314 -595 575
110797: -314 -314 -602 638
110847: -323 -311 -355 603
110894: -332 -388 -42 613
110916: -332 -391 -280 568
110917: -332 -391 -281 577
110975: -341 -388 -42 614
110989: -341 -390 -200 578
110997: -341 -391 -280 569
110999: -341 -391 -282 587
111016: -341 -393 -443 578
111024: -341 -394 -523 569
111030: -341 -394 -529 623
111050: -341 -396 -693 641
111056: -350 -388 -42 615
111080: -350 -391 -282 588
111085: -350 -391 -287 633
111137: -359 -388 -42 616
111151: -359 -390 -200 580
111180: -359 -393 -445 598
111212: -359 -396 -693 643
111218: -368 -388 -42 617
111241: -368 -391 -281 581
111380: -386 -388 -42 619
111402: -386 -391 -280 574
111435: -386 -394 -529 628
111526: -395 -395 -611 638
111542: -404 -388 -42 621
111564: -404 -391 -280 576
111565: -404 -391 -281 585
111566: -404 -391 -282 594
111618: -413 -469 -46 568
111698: -413 -477 -702 640
111780: -431 -469 -46 570
111789: -431 -470 -127 570
111794: -431 -470 -132 615
111860: -431 -477 -702 642
111861: -440 -469 -46 571
111942: -449 -469 -46 572
111951: -449 -470 -127 572
112023: -458 -469 -46 573
112075: -458 -474 -458 636
112104: -467 -469 -46 574
112113: -467 -470 -127 574
112125: -467 -471 -211 601
112130: -467 -471 -216 646
112164: -467 -475 -538 628
112185: -476 -469 -46 575
112248: -476 -476 -613 575
112255: -476 -476 -620 638
112266: -485 -469 -46 576
112284: -485 -471 -208 576
112346: -485 -477 -702 648
112402: -494 -556 -542 577
112403: -494 -556 -543 586
112404: -494 -556 -544 595
112405: -494 -556 -545 604
112406: -494 -556 -546 613
112409: -494 -556 -549 640
112434: -503 -550 -61 623
112515: -512 -550 -61 624
112518: -512 -551 -136 570
112556: -512 -555 -462 588
112571: -512 -556 -549 642
112596: -521 -550 -61 625
112677: -530 -550 -61 626
112695: -530 -552 -223 626
112758: -539 -550 -61 627
112839: -548 -550 -61 628
112842: -548 -551 -136 574
112851: -548 -552 -217 574
112872: -548 -554 -382 601
112878: -548 -555 -460 574
112885: -548 -555 -467 637
112894: -548 -556 -548 637
112977: -557 -557 -622 575
112984: -557 -557 -629 638
113001: -566 -550 -61 630
113075: -566 -558 -711 648
113216: -584 -637 -555 614
113230: -584 -639 -713 578
113234: -584 -639 -717 614
113270: -593 -634 -312 615
113273: -593 -634 -315 642
113277: -593 -635 -391 597
113289: -593 -636 -475 624
113316: -593 -639 -718 624
113318: -593 -639 -720 642
113330: -602 -632 -147 589
113331: -602 -632 -148 598
113333: -602 -632 -150 616
113334: -602 -632 -151 625
113358: -602 -635 -391 598
113367: -602 -636 -472 598
113378: -602 -637 -555 616
113392: -602 -639 -713 580
113419: -611 -633 -227 581
113540: -620 -637 -555 618
113541: -620 -637 -556 627
113584: -629 -633 -230 610
113601: -629 -635 -391 601
113763: -647 -635 -391 603
113783: -647 -637 -555 621
113786: -647 -637 -558 648
113880: -656 -720 -724 595
113881: -656 -720 -725 604
113882: -656 -720 -726 613
113894: -665 -712 -81 641
113975: -674 -712 -81 642
113976: -674 -713 -154 570
114006: -674 -716 -400 597
114056: -683 -712 -81 643
114067: -683 -714 -236 580
114084: -683 -716 -397 571
114096: -683 -717 -481 598
114137: -692 -712 -81 644
114218: -701 -712 -81 645
114249: -701 -716 -400 600
114255: -701 -717 -478 573
114285: -701 -720 -724 600
114299: -710 -712 -81 646
114435: -719 -719 -640 575
114442: -719 -719 -647 638
114461: -728 -712 -81 648
114462: -728 -713 -154 576
114478: -728 -714 -242 639
114480: -728 -715 -316 576
114482: -728 -715 -318 594
114489: -728 -716 -397 576
114492: -728 -716 -400 603
114532: -728 -720 -728 639
115255: -81 -81 -650 666
115256: -81 -81 -651 675
115257: -81 -81 -652 684
115258: -81 -81 -653 693
115259: -81 -81 -654 702
115260: -81 -81 -655 711
115261: -81 -81 -656 720
115346: -99 -154 -12 668
115427: -108 -154 -12 669
115508: -117 -154 -12 670
115524: -117 -156 -172 652
115589: -126 -154 -12 671
115670: -135 -154 -12 672
115751: -144 -154 -12 673
115778: -144 -157 -255 673
115809: -144 -160 -502 709
115832: -153 -154 -12 674
115851: -153 -156 -175 683
115879: -153 -159 -419 692
115900: -153 -161 -584 719
115995: -171 -235 -22 676
116009: -171 -236 -108 721
116021: -171 -238 -264 667
116031: -171 -239 -346 676
116037: -171 -240 -424 649
116045: -171 -240 -432 721
116076: -180 -235 -22 677
116157: -189 -235 -22 678
116180: -189 -237 -189 723
116183: -189 -238 -264 669
116190: -189 -239 -343 651
116193: -189 -239 -346 678
116199: -189 -240 -424 651
116202: -189 -240 -427 678
116208: -189 -241 -505 651
116214: -189 -241 -511 705
116216: -189 -241 -513 723
116225: -189 -242 -594 723
116238: -198 -235 -22 679
116319: -207 -235 -22 680
116345: -207 -238 -264 671
116400: -216 -235 -22 681
116406: -216 -236 -100 654
116481: -225 -235 -22 682
116495: -225 -236 -108 727
116503: -225 -237 -188 718
116507: -225 -238 -264 673
116523: -225 -240 -424 655
116529: -225 -240 -430 709
116538: -225 -241 -511 709
116562: -234 -235 -22 683
116574: -234 -236 -106 710
116576: -234 -236 -108 728
116588: -234 -238 -264 674
116611: -234 -240 -431 719
116629: -234 -242 -593 719
116725: -252 -316 -32 685
116730: -252 -317 -109 649
116741: -252 -318 -192 667
116887: -270 -316 -32 687
116892: -270 -317 -109 651
116919: -270 -320 -352 651
116930: -270 -321 -435 669
116968: -279 -316 -32 688
116986: -279 -318 -194 688
117049: -288 -316 -32 689
117054: -288 -317 -109 653
117096: -288 -321 -439 707
117130: -297 -316 -32 690
117225: -306 -318 -190 655
117246: -306 -320 -355 682
117292: -315 -316 -32 692
117306: -315 -318 -190 656
117333: -315 -321 -433 656
117340: -315 -321 -440 719
117449: -324 -324 -684 729
117455: -333 -397 -42 694
117477: -333 -400 -280 649
117498: -333 -402 -445 676
117510: -333 -403 -529 703
117536: -342 -397 -42 695
117541: -342 -398 -119 659
117542: -342 -398 -120 668
117546: -342 -398 -124 704
117549: -342 -399 -199 650
117583: -342 -402 -449 713
117585: -342 -403 -523 650
117587: -342 -403 -525 668
117591: -342 -403 -529 704
117594: -342 -404 -604 650
117601: -342 -404 -611 713
117641: -351 -400 -282 669
117647: -351 -400 -288 723
117712: -360 -399 -200 661
117741: -360 -402 -445 679
117779: -369 -397 -42 698
117801: -369 -400 -280 653
117828: -369 -403 -523 653
117941: -387 -397 -42 700
117996: -387 -403 -529 709
118022: -396 -397 -42 701
118044: -396 -400 -280 656
118069: -396 -402 -449 719
118071: -396 -403 -523 656
118087: -396 -404 -611 719
118171: -405 -405 -686 666
118178: -405 -405 -693 729
118179: -414 -478 -46 649
118188: -414 -479 -127 649
118197: -414 -480 -208 649
118206: -414 -481 -289 649
118208: -414 -481 -291 667
118341: -432 -478 -46 651
118350: -432 -479 -127 651
118422: -441 -478 -46 652
118503: -450 -478 -46 653
118573: -450 -485 -620 716
118584: -459 -478 -46 654
118665: -468 -478 -46 655
118725: -468 -484 -538 709
118746: -477 -478 -46 656
118755: -477 -479 -127 656
118816: -477 -485 -620 719
118907: -486 -486 -702 729
118914: -495 -559 -61 703
118963: -495 -565 -542 658
118964: -495 -565 -543 667
118965: -495 -565 -544 676
118966: -495 -565 -545 685
118967: -495 -565 -546 694
118969: -495 -565 -548 712
118995: -504 -559 -61 704
118998: -504 -560 -136 650
119012: -504 -561 -222 695
119076: -513 -559 -61 705
119079: -513 -560 -136 651
119131: -513 -565 -548 714
119157: -522 -559 -61 706
119167: -522 -560 -143 715
119168: -522 -560 -144 724
119169: -522 -561 -217 652
119196: -522 -564 -460 652
119212: -522 -565 -548 715
119238: -531 -559 -61 707
119293: -531 -565 -548 716
119319: -540 -559 -61 708
119322: -540 -560 -136 654
119374: -540 -565 -548 717
119403: -549 -560 -136 655
119410: -549 -560 -143 718
119412: -549 -561 -217 655
119431: -549 -563 -380 664
119438: -549 -563 -387 727
119439: -549 -564 -460 655
119457: -549 -566 -622 655
119481: -558 -559 -61 710
119545: -558 -566 -629 719
119628: -567 -567 -703 657
119636: -567 -567 -711 729
119701: -576 -647 -632 658
119702: -576 -647 -633 667
119703: -576 -647 -634 676
119704: -576 -647 -635 685
119705: -576 -647 -636 694
119706: -576 -647 -637 703
119725: -585 -640 -71 713
119806: -594 -640 -71 714
119808: -594 -641 -145 651
119846: -594 -645 -471 669
119887: -603 -640 -71 715
119928: -603 -645 -472 679
119968: -612 -640 -71 716
119990: -612 -643 -309 671
120049: -621 -640 -71 717
120111: -621 -647 -637 708
120130: -630 -640 -71 718
120213: -639 -641 -145 656
120222: -639 -642 -226 656
120231: -639 -643 -307 656
120239: -639 -643 -315 728
120240: -639 -644 -388 656
120243: -639 -644 -391 683
120249: -639 -645 -469 656
120252: -639 -645 -472 683
120257: -639 -645 -477 728
120275: -639 -647 -639 728
120365: -648 -648 -720 729
120475: -666 -724 -317 659
120479: -666 -724 -321 695
120481: -666 -724 -323 713
120504: -666 -727 -562 677
120506: -666 -727 -564 695
120508: -666 -727 -566 713
120510: -666 -728 -640 650
120514: -666 -728 -644 686
120561: -675 -724 -322 705
120567: -675 -725 -400 678
120571: -675 -725 -404 714
120575: -675 -726 -480 669
120579: -675 -726 -484 705
120586: -675 -727 -563 687
120596: -675 -728 -645 696
120597: -675 -728 -646 705
120621: -684 -722 -157 679
120651: -684 -725 -403 706
120655: -684 -726 -479 661
120660: -684 -726 -484 706
120675: -684 -728 -643 679
120677: -684 -728 -645 697
120826: -702 -727 -560 663
120830: -702 -727 -564 699
120835: -702 -728 -641 663
120920: -711 -728 -645 700
120989: -720 -727 -561 674
120990: -720 -727 -562 683
121267: -19 -12 -2 83
121537: -46 -42 -2 86
121999: -100 -12 -86 335
122089: -109 -22 -86 336
122179: -118 -32 -86 337
122269: -127 -42 -86 338
122368: -136 -61 -86 340
122458: -145 -71 -86 341
122548: -154 -81 -86 342
122636: -172 -2 -165 181
122637: -172 -2 -166 262
122638: -172 -2 -167 343
122639: -172 -2 -168 424
122640: -172 -2 -169 505
122641: -172 -2 -170 586
122642: -172 -2 -171 667
122727: -181 -12 -166 263
122729: -181 -12 -168 425
122730: -181 -12 -169 506
122731: -181 -12 -170 587
122732: -181 -12 -171 668
122816: -190 -22 -165 183
122817: -190 -22 -166 264
122819: -190 -22 -168 426
122820: -190 -22 -169 507
122821: -190 -22 -170 588
122822: -190 -22 -171 669
122906: -199 -32 -165 184
122907: -199 -32 -166 265
122909: -199 -32 -168 427
122910: -199 -32 -169 508
122911: -199 -32 -170 589
122912: -199 -32 -171 670
122996: -208 -42 -165 185
122997: -208 -42 -166 266
122998: -208 -42 -167 347
122999: -208 -42 -168 428
123000: -208 -42 -169 509
123001: -208 -42 -170 590
123002: -208 -42 -171 671
123095: -217 -61 -165 187
123096: -217 -61 -166 268
123098: -217 -61 -168 430
123099: -217 -61 -169 511
123100: -217 -61 -170 592
123101: -217 -61 -171 673
123185: -226 -71 -165 188
123186: -226 -71 -166 269
123187: -226 -71 -167 350
123188: -226 -71 -168 431
123189: -226 -71 -169 512
123190: -226 -71 -170 593
123191: -226 -71 -171 674
123275: -235 -81 -165 189
123276: -235 -81 -166 270
123277: -235 -81 -167 351
123278: -235 -81 -168 432
123279: -235 -81 -169 513
123280: -235 -81 -170 594
123281: -235 -81 -171 675
123365: -253 -2 -246 190
123366: -253 -2 -247 271
123367: -253 -2 -248 352
123368: -253 -2 -249 433
123369: -253 -2 -250 514
123370: -253 -2 -251 595
123371: -253 -2 -252 676
123456: -262 -12 -247 272
123548: -271 -22 -249 435
123634: -280 -32 -245 112
123635: -280 -32 -246 193
123636: -280 -32 -247 274
123637: -280 -32 -248 355
123638: -280 -32 -249 436
123639: -280 -32 -250 517
123640: -280 -32 -251 598
123724: -289 -42 -245 113
123726: -289 -42 -247 275
123727: -289 -42 -248 356
123728: -289 -42 -249 437
123729: -289 -42 -250 518
123730: -289 -42 -251 599
123731: -289 -42 -252 680
123823: -298 -61 -245 115
123824: -298 -61 -246 196
123825: -298 -61 -247 277
123826: -298 -61 -248 358
123827: -298 -61 -249 439
123828: -298 -61 -250 520
123829: -298 -61 -251 601
123830: -298 -61 -252 682
123913: -307 -71 -245 116
123914: -307 -71 -246 197
123915: -307 -71 -247 278
123916: -307 -71 -248 359
123917: -307 -71 -249 440
123918: -307 -71 -250 521
123919: -307 -71 -251 602
123920: -307 -71 -252 683
124003: -316 -81 -245 117
124004: -316 -81 -246 198
124005: -316 -81 -247 279
124006: -316 -81 -248 360
124007: -316 -81 -249 441
124008: -316 -81 -250 522
124009: -316 -81 -251 603
124010: -316 -81 -252 684
124183: -343 -12 -326 119
124184: -343 -12 -327 200
124186: -343 -12 -329 362
124187: -343 -12 -330 443
124188: -343 -12 -331 524
124189: -343 -12 -332 605
124190: -343 -12 -333 686
124274: -352 -22 -327 201
124276: -352 -22 -329 363
124277: -352 -22 -330 444
124278: -352 -22 -331 525
124279: -352 -22 -332 606
124280: -352 -22 -333 687
124363: -361 -32 -326 121
124364: -361 -32 -327 202
124453: -370 -42 -326 122
124454: -370 -42 -327 203
124456: -370 -42 -329 365
124457: -370 -42 -330 446
124458: -370 -42 -331 527
124459: -370 -42 -332 608
124460: -370 -42 -333 689
124552: -379 -61 -326 124
124553: -379 -61 -327 205
124555: -379 -61 -329 367
124556: -379 -61 -330 448
124557: -379 -61 -331 529
124558: -379 -61 -332 610
124559: -379 -61 -333 691
124642: -388 -71 -326 125
124643: -388 -71 -327 206
124645: -388 -71 -329 368
124646: -388 -71 -330 449
124647: -388 -71 -331 530
124648: -388 -71 -332 611
124649: -388 -71 -333 692
124732: -397 -81 -326 126
124733: -397 -81 -327 207
124735: -397 -81 -329 369
124736: -397 -81 -330 450
124737: -397 -81 -331 531
124738: -397 -81 -332 612
124739: -397 -81 -333 693
124914: -424 -12 -409 290
124916: -424 -12 -411 452
124917: -424 -12 -412 533
124918: -424 -12 -413 614
124919: -424 -12 -414 695
125002: -433 -22 -407 129
125003: -433 -22 -408 210
125006: -433 -22 -411 453
125007: -433 -22 -412 534
125008: -433 -22 -413 615
125009: -433 -22 -414 696
125094: -442 -32 -409 292
125096: -442 -32 -411 454
125097: -442 -32 -412 535
125098: -442 -32 -413 616
125099: -442 -32 -414 697
125281: -460 -61 -407 133
125282: -460 -61 -408 214
125283: -460 -61 -409 295
125285: -460 -61 -411 457
125287: -460 -61 -413 619
125288: -460 -61 -414 700
125372: -469 -71 -408 215
125373: -469 -71 -409 296
125375: -469 -71 -411 458
125376: -469 -71 -412 539
125378: -469 -71 -414 701
125461: -478 -81 -407 135
125462: -478 -81 -408 216
125463: -478 -81 -409 297
125465: -478 -81 -411 459
125466: -478 -81 -412 540
125467: -478 -81 -413 621
125514: -487 -46 -487 60
125551: -496 -2 -488 136
125552: -496 -2 -489 217
125553: -496 -2 -490 298
125554: -496 -2 -491 379
125555: -496 -2 -492 460
125557: -496 -2 -494 622
125558: -496 -2 -495 703
125643: -505 -12 -490 299
125645: -505 -12 -492 461
125647: -505 -12 -494 623
125648: -505 -12 -495 704
125732: -514 -22 -489 219
125735: -514 -22 -492 462
125737: -514 -22 -494 624
125738: -514 -22 -495 705
125821: -523 -32 -488 139
125822: -523 -32 -489 220
125823: -523 -32 -490 301
125824: -523 -32 -491 382
125825: -523 -32 -492 463
125827: -523 -32 -494 625
125828: -523 -32 -495 706
125911: -532 -42 -488 140
125914: -532 -42 -491 383
125917: -532 -42 -494 626
125918: -532 -42 -495 707
126100: -550 -71 -488 143
126101: -550 -71 -489 224
126102: -550 -71 -490 305
126103: -550 -71 -491 386
126104: -550 -71 -492 467
126106: -550 -71 -494 629
126107: -550 -71 -495 710
126190: -559 -81 -488 144
126191: -559 -81 -489 225
126192: -559 -81 -490 306
126193: -559 -81 -491 387
126194: -559 -81 -492 468
126196: -559 -81 -494 630
126197: -559 -81 -495 711
126243: -568 -46 -568 69
126281: -577 -2 -570 226
126282: -577 -2 -571 307
126283: -577 -2 -572 388
126284: -577 -2 -573 469
126285: -577 -2 -574 550
126287: -577 -2 -576 712
126370: -586 -12 -569 146
126372: -586 -12 -571 308
126373: -586 -12 -572 389
126374: -586 -12 -573 470
126375: -586 -12 -574 551
126377: -586 -12 -576 713
126461: -595 -22 -570 228
126463: -595 -22 -572 390
126464: -595 -22 -573 471
126465: -595 -22 -574 552
126467: -595 -22 -576 714
126550: -604 -32 -569 148
126551: -604 -32 -570 229
126552: -604 -32 -571 310
126554: -604 -32 -573 472
126555: -604 -32 -574 553
126557: -604 -32 -576 715
126640: -613 -42 -569 149
126643: -613 -42 -572 392
126644: -613 -42 -573 473
126645: -613 -42 -574 554
126647: -613 -42 -576 716
126739: -622 -61 -569 151
126740: -622 -61 -570 232
126741: -622 -61 -571 313
126742: -622 -61 -572 394
126743: -622 -61 -573 475
126746: -622 -61 -576 718
126919: -640 -81 -569 153
126920: -640 -81 -570 234
126921: -640 -81 -571 315
126922: -640 -81 -572 396
126923: -640 -81 -573 477
126924: -640 -81 -574 558
126972: -649 -46 -649 78
127010: -658 -2 -651 235
127011: -658 -2 -652 316
127012: -658 -2 -653 397
127013: -658 -2 -654 478
127014: -658 -2 -655 559
127015: -658 -2 -656 640
127099: -667 -12 -650 155
127101: -667 -12 -652 317
127104: -667 -12 -655 560
127105: -667 -12 -656 641
127189: -676 -22 -650 156
127190: -676 -22 -651 237
127192: -676 -22 -653 399
127193: -676 -22 -654 480
127194: -676 -22 -655 561
127195: -676 -22 -656 642
127279: -685 -32 -650 157
127280: -685 -32 -651 238
127281: -685 -32 -652 319
127282: -685 -32 -653 400
127283: -685 -32 -654 481
127284: -685 -32 -655 562
127285: -685 -32 -656 643
127369: -694 -42 -650 158
127371: -694 -42 -652 320
127372: -694 -42 -653 401
127373: -694 -42 -654 482
127374: -694 -42 -655 563
127375: -694 -42 -656 644
127468: -703 -61 -650 160
127469: -703 -61 -651 241
127470: -703 -61 -652 322
127471: -703 -61 -653 403
127472: -703 -61 -654 484
127474: -703 -61 -656 646
127558: -712 -71 -650 161
127559: -712 -71 -651 242
127560: -712 -71 -652 323
127561: -712 -71 -653 404
127562: -712 -71 -654 485
127563: -712 -71 -655 566
127564: -712 -71 -656 647
127676: -2 -100 -12 165
127685: -2 -109 -12 166
127694: -2 -118 -12 167
127703: -2 -127 -12 168
127712: -2 -136 -12 169
127721: -2 -145 -12 170
127730: -2 -154 -12 171
128530: -92 -146 -92 98
128711: -119 -86 -93 172
128715: -119 -86 -97 496
129066: -155 -117 -97 499
129232: -173 -119 -173 104
129241: -173 -128 -173 105
129377: -191 -103 -174 183
129440: -200 -86 -174 181
129441: -200 -86 -175 262
129442: -200 -86 -176 343
129443: -200 -86 -177 424
129444: -200 -86 -178 505
129445: -200 -86 -179 586
129446: -200 -86 -180 667
129585: -209 -150 -175 269
129639: -218 -124 -175 266
129645: -218 -133 -172 24
129675: -218 -160 -175 270
129704: -227 -107 -177 426
129720: -227 -125 -175 266
129726: -227 -134 -172 24
129738: -227 -143 -175 268
129756: -227 -161 -175 270
129787: -236 -108 -179 588
129801: -236 -126 -175 266
129807: -236 -135 -172 24
129870: -245 -109 -253 31
130169: -281 -86 -255 190
130172: -281 -86 -258 433
130601: -326 -109 -336 202
130621: -326 -127 -338 366
130632: -326 -136 -340 529
130642: -326 -145 -341 611
130652: -326 -154 -342 693
130663: -335 -92 -335 119
130690: -335 -119 -335 122
130699: -335 -128 -335 123
130717: -335 -146 -335 125
130726: -335 -155 -335 126
130880: -353 -148 -336 206
130898: -362 -86 -336 199
130902: -362 -86 -340 523
130903: -362 -86 -341 604
130904: -362 -86 -342 685
131091: -380 -115 -340 526
131100: -380 -124 -340 527
131136: -380 -160 -340 531
131164: -389 -107 -341 606
131173: -389 -116 -341 607
131179: -389 -125 -338 365
131182: -389 -125 -341 608
131200: -389 -143 -341 610
131245: -398 -108 -341 606
131246: -398 -108 -342 687
131255: -398 -117 -342 688
131264: -398 -126 -342 689
131291: -398 -153 -342 692
131332: -407 -109 -419 373
131341: -407 -118 -419 374
131503: -425 -120 -419 374
131629: -443 -86 -419 370
131818: -461 -115 -419 373
131890: -470 -107 -419 372
131899: -470 -116 -419 373
131998: -479 -135 -419 375
132054: -488 -100 -502 543
132063: -488 -109 -502 544
132072: -488 -118 -502 545
132081: -488 -127 -502 546
132099: -488 -145 -502 548
132108: -488 -154 -502 549
132175: -497 -146 -497 143
132313: -515 -121 -500 383
132356: -524 -86 -498 217
132357: -524 -86 -499 298
132358: -524 -86 -500 379
132359: -524 -86 -501 460
132360: -524 -86 -502 541
132361: -524 -86 -503 622
132362: -524 -86 -504 703
132538: -542 -106 -500 381
132539: -542 -106 -501 462
132581: -542 -151 -498 224
132590: -542 -160 -498 225
132593: -542 -160 -501 468
132784: -569 -100 -584 633
132793: -569 -109 -584 634
132811: -569 -127 -584 636
132820: -569 -136 -584 637
132838: -569 -154 -584 639
133085: -605 -86 -579 226
133086: -605 -86 -580 307
133087: -605 -86 -581 388
133088: -605 -86 -582 469
133089: -605 -86 -583 550
133091: -605 -86 -585 712
133382: -632 -143 -579 232
133400: -632 -161 -579 234
133402: -632 -161 -581 396
133403: -632 -161 -582 477
133404: -632 -161 -583 558
133514: -650 -100 -666 723
133523: -650 -109 -666 724
133532: -650 -118 -666 725
133541: -650 -127 -666 726
133550: -650 -136 -666 727
133559: -650 -145 -666 728
133568: -650 -154 -666 729
133770: -677 -121 -661 320
133814: -686 -86 -660 235
133815: -686 -86 -661 316
133817: -686 -86 -663 478
133818: -686 -86 -664 559
133820: -686 -86 -666 721
134134: -713 -161 -665 648
134158: -722 -108 -662 399
134159: -722 -108 -663 480
134192: -722 -144 -660 241
134193: -722 -144 -661 322
134194: -722 -144 -662 403
134195: -722 -144 -663 484
134197: -722 -144 -665 646
134310: -12 -173 -22 245
134319: -12 -182 -22 246
134328: -12 -191 -22 247
134337: -12 -200 -22 248
134346: -12 -209 -22 249
134355: -12 -218 -22 250
134364: -12 -227 -22 251
134373: -12 -236 -22 252
135146: -102 -201 -102 176
135173: -102 -228 -102 179
135442: -138 -178 -101 92
135446: -138 -178 -105 416
135448: -138 -178 -107 578
135449: -138 -178 -108 659
135530: -147 -179 -108 659
135610: -156 -180 -107 578
135693: -165 -181 -181 21
135714: -165 -199 -184 266
135745: -165 -226 -188 593
135755: -165 -235 -189 675
135807: -174 -209 -187 510
135992: -192 -238 -183 189
136059: -201 -221 -187 511
136069: -201 -230 -188 593
136080: -210 -168 -181 19
136083: -210 -168 -184 262
136084: -210 -168 -185 343
136086: -210 -168 -187 505
136087: -210 -168 -188 586
136088: -210 -168 -189 667
136142: -210 -222 -189 673
136151: -210 -231 -189 674
136166: -219 -169 -186 424
136169: -219 -169 -189 667
136170: -219 -178 -181 20
136205: -219 -205 -189 671
136206: -219 -214 -181 24
136246: -228 -170 -185 343
136247: -228 -170 -186 424
136248: -228 -170 -187 505
136250: -228 -170 -189 667
136278: -228 -206 -181 23
136282: -228 -206 -185 347
136284: -228 -206 -187 509
136286: -228 -206 -189 671
136291: -228 -215 -185 348
136314: -228 -242 -181 27
136319: -228 -242 -186 432
136327: -237 -171 -185 343
136329: -237 -171 -187 505
136330: -237 -171 -188 586
136359: -237 -207 -181 23
136365: -237 -207 -187 509
136366: -237 -207 -188 590
136432: -246 -190 -263 112
136474: -246 -226 -269 602
136484: -246 -235 -270 684
136568: -264 -165 -264 190
136577: -264 -174 -264 191
136586: -264 -183 -264 192
136595: -264 -192 -264 193
136604: -264 -201 -264 194
136613: -264 -210 -264 195
136622: -264 -219 -264 196
136631: -264 -228 -264 197
136640: -264 -237 -264 198
136749: -282 -185 -265 273
136758: -282 -194 -265 274
136767: -282 -203 -265 275
136809: -291 -168 -262 28
136810: -291 -168 -263 109
136812: -291 -168 -265 271
136813: -291 -168 -266 352
136814: -291 -168 -267 433
136815: -291 -168 -268 514
136816: -291 -168 -269 595
136817: -291 -168 -270 676
136822: -291 -177 -266 353
136826: -291 -177 -270 677
136852: -291 -204 -269 599
136878: -291 -231 -268 521
136961: -300 -232 -270 683
136969: -300 -241 -269 603
137001: -309 -197 -265 274
137020: -309 -215 -266 357
137049: -309 -242 -268 522
137087: -318 -198 -270 679
137110: -318 -225 -266 358
137142: -327 -172 -343 38
137151: -327 -181 -343 39
137152: -327 -181 -344 120
137154: -327 -181 -346 282
137163: -327 -190 -346 283
137166: -327 -190 -349 526
137167: -327 -190 -350 607
137168: -327 -190 -351 688
137182: -327 -208 -347 366
137183: -327 -208 -348 447
137187: -327 -217 -343 43
137188: -327 -217 -344 124
137190: -327 -217 -346 286
137192: -327 -217 -348 448
137194: -327 -217 -350 610
137195: -327 -217 -351 691
137197: -327 -226 -344 125
137199: -327 -226 -346 287
137201: -327 -226 -348 449
137202: -327 -226 -349 530
137203: -327 -226 -350 611
137204: -327 -226 -351 692
137205: -327 -235 -343 45
137206: -327 -235 -344 126
137208: -327 -235 -346 288
137210: -327 -235 -348 450
137213: -327 -235 -351 693
137235: -336 -182 -346 282
137241: -336 -191 -343 40
137244: -336 -191 -346 283
137251: -336 -200 -344 122
137255: -336 -200 -348 446
137271: -336 -218 -346 286
137277: -336 -227 -343 44
137280: -336 -227 -346 287
137283: -336 -227 -349 530
137289: -336 -236 -346 288
137360: -345 -228 -345 206
137705: -390 -170 -348 442
137781: -399 -171 -343 37
137894: -408 -190 -429 454
137895: -408 -190 -430 535
137896: -408 -190 -431 616
137899: -408 -199 -425 131
137901: -408 -199 -427 293
137903: -408 -199 -429 455
137904: -408 -199 -430 536
137905: -408 -199 -431 617
137917: -408 -217 -425 133
137919: -408 -217 -427 295
137921: -408 -217 -429 457
137922: -408 -217 -430 538
137923: -408 -217 -431 619
137928: -408 -226 -427 296
137932: -408 -226 -431 620
137937: -408 -235 -427 297
137940: -408 -235 -430 540
137942: -408 -235 -432 702
138035: -426 -174 -426 209
138044: -426 -183 -426 210
138071: -426 -210 -426 213
138113: -435 -166 -432 694
138175: -435 -229 -431 620
138269: -453 -168 -426 208
138270: -453 -168 -427 289
138273: -453 -168 -430 532
138274: -453 -168 -431 613
138275: -453 -168 -432 694
138355: -462 -169 -431 613
138420: -462 -241 -424 54
138428: -462 -241 -432 702
138435: -471 -170 -430 532
138483: -471 -224 -424 52
138490: -471 -224 -431 619
138492: -471 -233 -424 53
138509: -471 -242 -432 702
138570: -480 -225 -430 538
138572: -480 -225 -432 700
138580: -480 -234 -431 620
138581: -480 -234 -432 701
138606: -489 -172 -511 542
138615: -489 -181 -511 543
138624: -489 -190 -511 544
138633: -489 -199 -511 545
138642: -489 -208 -511 546
138651: -489 -217 -511 547
138660: -489 -226 -511 548
138669: -489 -235 -511 549
138682: -498 -173 -506 137
138702: -498 -191 -508 301
138738: -498 -227 -508 305
138764: -507 -174 -507 218
138773: -507 -183 -507 219
138791: -507 -201 -507 221
138800: -507 -210 -507 222
138809: -507 -219 -507 223
138818: -507 -228 -507 224
138827: -507 -237 -507 225
138834: -516 -166 -505 55
138937: -525 -185 -509 381
139054: -534 -222 -509 385
139089: -543 -178 -508 299
139114: -543 -205 -506 140
139118: -543 -205 -510 464
139120: -543 -205 -512 626
139121: -543 -205 -513 707
139159: -552 -170 -506 136
139161: -552 -170 -508 298
139162: -552 -170 -509 379
139165: -552 -170 -512 622
139180: -552 -188 -509 381
139215: -552 -224 -508 304
139245: -561 -171 -511 541
139252: -561 -180 -509 380
139278: -561 -207 -508 302
139310: -561 -234 -513 710
139336: -570 -172 -593 632
139345: -570 -181 -593 633
139354: -570 -190 -593 634
139363: -570 -199 -593 635
139372: -570 -208 -593 636
139381: -570 -217 -593 637
139390: -570 -226 -593 638
139399: -570 -235 -593 639
139431: -579 -191 -589 310
139493: -588 -174 -588 227
139529: -588 -210 -588 231
139547: -588 -228 -588 233
139564: -597 -166 -587 145
139570: -597 -166 -593 631
139662: -606 -185 -586 66
139666: -606 -185 -590 390
139725: -615 -168 -586 64
139730: -615 -168 -591 469
139792: -615 -231 -590 395
139809: -624 -169 -589 307
139813: -624 -169 -593 631
139821: -624 -178 -592 551
139830: -624 -187 -592 552
139872: -624 -232 -589 314
139873: -624 -232 -590 395
139874: -624 -232 -591 476
139877: -624 -232 -594 719
139884: -624 -241 -592 558
139924: -633 -206 -587 149
139926: -633 -206 -589 311
139928: -633 -206 -591 473
139929: -633 -206 -592 554
139931: -633 -206 -594 716
139975: -642 -171 -593 631
139990: -642 -189 -590 390
140007: -642 -207 -589 311
140030: -642 -225 -594 718
140034: -642 -234 -589 314
140039: -642 -234 -594 719
140066: -651 -172 -675 722
140075: -651 -181 -675 723
140084: -651 -190 -675 724
140093: -651 -199 -675 725
140102: -651 -208 -675 726
140111: -651 -217 -675 727
140120: -651 -226 -675 728
140129: -651 -235 -675 729
140160: -660 -191 -670 319
140222: -669 -174 -669 236
140231: -669 -183 -669 237
140249: -669 -201 -669 239
140258: -669 -210 -669 240
140267: -669 -219 -669 241
140276: -669 -228 -669 242
140285: -669 -237 -669 243
140454: -696 -168 -667 73
140457: -696 -168 -670 316
140481: -696 -195 -667 76
140529: -696 -240 -670 324
140543: -705 -169 -675 721
140550: -705 -178 -673 560
140574: -705 -205 -670 320
140610: -705 -241 -670 324
140611: -705 -241 -671 405
140612: -705 -241 -672 486
140614: -705 -241 -674 648
140619: -714 -170 -670 316
140677: -714 -224 -674 646
140734: -723 -207 -668 158
140738: -723 -207 -672 482
140740: -723 -207 -674 644
140766: -723 -234 -673 566
140944: -22 -246 -32 325
140953: -22 -255 -32 326
140962: -22 -264 -32 327
140971: -22 -273 -32 328
140980: -22 -282 -32 329
140989: -22 -291 -32 330
140998: -22 -300 -32 331
141007: -22 -309 -32 332
141016: -22 -318 -32 333
141595: -94 -245 -116 577
141596: -94 -245 -117 658
141753: -112 -247 -112 253
142065: -139 -322 -109 18
142090: -148 -260 -116 578
142119: -148 -296 -109 15
142128: -148 -305 -109 16
142160: -157 -252 -114 415
142172: -157 -261 -117 659
142189: -157 -279 -116 580
142290: -166 -298 -190 25
142296: -166 -298 -196 511
142297: -166 -298 -197 592
142298: -166 -298 -198 673
142299: -166 -307 -190 26
142304: -166 -307 -195 431
142306: -166 -307 -197 593
142307: -166 -307 -198 674
142308: -166 -316 -190 27
142313: -166 -316 -195 432
142314: -166 -316 -196 513
142316: -166 -316 -198 675
142353: -175 -281 -190 23
142509: -193 -274 -193 265
142588: -202 -275 -191 103
142669: -211 -276 -191 103
142678: -211 -285 -191 104
142740: -220 -268 -190 21
142750: -220 -277 -191 103
142857: -229 -305 -190 25
142904: -238 -270 -192 183
142906: -238 -270 -194 345
142907: -238 -270 -195 426
142975: -247 -253 -272 110
142992: -247 -271 -271 31
143014: -247 -289 -275 357
143025: -247 -298 -277 520
143185: -265 -300 -275 358
143203: -265 -318 -275 360
143247: -274 -283 -274 275
143274: -274 -310 -274 278
143367: -283 -320 -277 522
143495: -301 -286 -279 680
143620: -319 -252 -278 595
143875: -346 -264 -353 120
143878: -346 -264 -356 363
143879: -346 -264 -357 444
143880: -346 -264 -358 525
143881: -346 -264 -359 606
143940: -355 -247 -355 280
143958: -355 -265 -355 282
143967: -355 -274 -355 283
143976: -355 -283 -355 284
143985: -355 -292 -355 285
143994: -355 -301 -355 286
144003: -355 -310 -355 287
144012: -355 -319 -355 288
144103: -373 -249 -356 361
144126: -373 -276 -352 40
144132: -373 -276 -358 526
144150: -373 -294 -358 528
144162: -373 -312 -352 44
144180: -382 -250 -352 37
144189: -382 -259 -352 38
144202: -382 -268 -356 363
144205: -382 -268 -359 606
144216: -382 -286 -352 41
144217: -382 -286 -353 122
144222: -382 -286 -358 527
144223: -382 -286 -359 608
144224: -382 -286 -360 689
144234: -382 -304 -352 43
144243: -382 -313 -352 44
144244: -382 -313 -353 125
144245: -382 -313 -354 206
144247: -382 -313 -356 368
144249: -382 -313 -358 530
144251: -382 -313 -360 692
144252: -382 -322 -352 45
144253: -382 -322 -353 126
144254: -382 -322 -354 207
144256: -382 -322 -356 369
144257: -382 -322 -357 450
144258: -382 -322 -358 531
144259: -382 -322 -359 612
144261: -391 -251 -352 37
144269: -391 -251 -360 685
144279: -391 -269 -352 39
144286: -391 -269 -359 606
144287: -391 -269 -360 687
144288: -391 -278 -352 40
144297: -391 -287 -352 41
144298: -391 -287 -353 122
144299: -391 -287 -354 203
144301: -391 -287 -356 365
144302: -391 -287 -357 446
144303: -391 -287 -358 527
144304: -391 -287 -359 608
144305: -391 -287 -360 689
144315: -391 -305 -352 43
144316: -391 -305 -353 124
144317: -391 -305 -354 205
144319: -391 -305 -356 367
144320: -391 -305 -357 448
144322: -391 -305 -359 610
144324: -391 -314 -352 44
144333: -391 -323 -352 45
144339: -391 -323 -358 531
144342: -400 -252 -352 37
144360: -400 -270 -352 39
144364: -400 -270 -356 363
144367: -400 -270 -359 606
144378: -400 -288 -352 41
144379: -400 -288 -353 122
144380: -400 -288 -354 203
144382: -400 -288 -356 365
144383: -400 -288 -357 446
144384: -400 -288 -358 527
144385: -400 -288 -359 608
144386: -400 -288 -360 689
144396: -400 -306 -352 43
144397: -400 -306 -353 124
144398: -400 -306 -354 205
144400: -400 -306 -356 367
144403: -400 -306 -359 610
144404: -400 -306 -360 691
144405: -400 -315 -352 44
144406: -400 -315 -353 125
144407: -400 -315 -354 206
144409: -400 -315 -356 368
144411: -400 -315 -358 530
144412: -400 -315 -359 611
144413: -400 -315 -360 692
144414: -400 -324 -352 45
144433: -409 -253 -434 128
144438: -409 -253 -439 533
144439: -409 -253 -440 614
144440: -409 -253 -441 695
144460: -409 -280 -434 131
144461: -409 -280 -435 212
144465: -409 -280 -439 536
144483: -409 -298 -439 538
144492: -409 -307 -439 539
144493: -409 -307 -440 620
144494: -409 -307 -441 701
144503: -409 -316 -441 702
144603: -427 -264 -433 48
144605: -427 -264 -435 210
144608: -427 -264 -438 453
144609: -427 -264 -439 534
144610: -427 -264 -440 615
144611: -427 -264 -441 696
144646: -427 -300 -440 619
144664: -427 -318 -440 621
144780: -445 -275 -439 535
144834: -454 -249 -439 532
144836: -454 -249 -441 694
144853: -454 -267 -440 615
144916: -463 -250 -440 613
144917: -463 -250 -441 694
144979: -463 -313 -440 620
145041: -472 -296 -439 537
145043: -472 -296 -441 699
145070: -472 -323 -441 702
145077: -481 -252 -439 532
145078: -481 -252 -440 613
145091: -481 -270 -435 210
145122: -481 -297 -439 537
145123: -481 -297 -440 618
145131: -481 -306 -439 538
145134: -481 -315 -433 53
145141: -481 -315 -440 620
145167: -490 -253 -520 542
145176: -490 -262 -520 543
145185: -490 -271 -520 544
145194: -490 -280 -520 545
145203: -490 -289 -520 546
145212: -490 -298 -520 547
145221: -490 -307 -520 548
145230: -490 -316 -520 549
145233: -499 -245 -514 55
145334: -508 -264 -516 219
145336: -508 -264 -518 381
145365: -508 -291 -520 546
145690: -544 -295 -521 627
145691: -544 -295 -522 708
145801: -562 -252 -515 136
145827: -562 -279 -514 58
145897: -571 -253 -602 632
145906: -571 -262 -602 633
145915: -571 -271 -602 634
145924: -571 -280 -602 635
145933: -571 -289 -602 636
145942: -571 -298 -602 637
145951: -571 -307 -602 638
145960: -571 -316 -602 639
146011: -580 -290 -599 393
146063: -589 -264 -597 228
146065: -589 -264 -599 390
146068: -589 -264 -602 633
146154: -598 -274 -598 310
146499: -634 -296 -601 555
146501: -634 -296 -603 717
146627: -652 -253 -684 722
146636: -652 -262 -684 723
146645: -652 -271 -684 724
146654: -652 -280 -684 725
146663: -652 -289 -684 726
146672: -652 -298 -684 727
146681: -652 -307 -684 728
146690: -652 -316 -684 729
146792: -670 -264 -678 237
146794: -670 -264 -680 399
147174: -706 -322 -682 567
147204: -715 -278 -676 76
147231: -715 -305 -676 79
147256: -715 -323 -683 648
147587: -32 -328 -42 406
147596: -32 -337 -42 407
147605: -32 -346 -42 408
147614: -32 -355 -42 409
147623: -32 -364 -42 410
147632: -32 -373 -42 411
147641: -32 -382 -42 412
147650: -32 -391 -42 413
147659: -32 -400 -42 414
148068: -86 -325 -118 10
148069: -86 -325 -119 91
148070: -86 -325 -120 172
148071: -86 -325 -121 253
148073: -86 -325 -123 415
148074: -86 -325 -124 496
148075: -86 -325 -125 577
148076: -86 -325 -126 658
148087: -86 -343 -119 93
148088: -86 -343 -120 174
148089: -86 -343 -121 255
148092: -86 -343 -124 498
148093: -86 -343 -125 579
148094: -86 -343 -126 660
148095: -86 -352 -118 13
148097: -86 -352 -120 175
148100: -86 -352 -123 418
148101: -86 -352 -124 499
148104: -86 -361 -118 14
148110: -86 -361 -124 500
148111: -86 -361 -125 581
148112: -86 -361 -126 662
148115: -86 -370 -120 177
148118: -86 -370 -123 420
148119: -86 -370 -124 501
148122: -86 -379 -118 16
148123: -86 -379 -119 97
148124: -86 -379 -120 178
148125: -86 -379 -121 259
148127: -86 -379 -123 421
148128: -86 -379 -124 502
148129: -86 -379 -125 583
148130: -86 -379 -126 664
148131: -86 -388 -118 17
148133: -86 -388 -120 179
148134: -86 -388 -121 260
148136: -86 -388 -123 422
148137: -86 -388 -124 503
148138: -86 -388 -125 584
148139: -86 -388 -126 665
148140: -86 -397 -118 18
148142: -86 -397 -120 180
148143: -86 -397 -121 261
148146: -86 -397 -124 504
148147: -86 -397 -125 585
148148: -86 -397 -126 666
148887: -176 -335 -199 20
148915: -176 -362 -200 104
148962: -185 -327 -202 262
148965: -185 -327 -205 505
148966: -185 -327 -206 586
148967: -185 -327 -207 667
149058: -194 -346 -199 21
149060: -194 -346 -201 183
149069: -194 -355 -201 184
149087: -194 -373 -201 186
149096: -194 -382 -201 187
149105: -194 -391 -201 188
149134: -203 -338 -203 344
149143: -203 -347 -203 345
149152: -203 -356 -203 346
149294: -221 -340 -201 182
149299: -221 -340 -206 587
149304: -221 -349 -202 264
149376: -230 -341 -202 263
149381: -230 -341 -207 668
149385: -230 -350 -202 264
149456: -239 -342 -201 182
149457: -239 -342 -202 263
149466: -239 -351 -202 264
149698: -266 -336 -281 110
149699: -266 -336 -282 191
149700: -266 -336 -283 272
149704: -266 -336 -287 596
149705: -266 -336 -288 677
149715: -266 -354 -280 31
149793: -275 -346 -286 516
149794: -275 -346 -287 597
149795: -275 -346 -288 678
149829: -275 -382 -286 520
149839: -275 -391 -287 602
149840: -275 -391 -288 683
150021: -302 -340 -280 29
150108: -311 -341 -286 515
150147: -311 -386 -280 34
150154: -311 -386 -287 601
150203: -320 -360 -282 193
150236: -320 -387 -288 682
150245: -320 -396 -288 683
150274: -329 -343 -362 120
150315: -329 -379 -367 529
150341: -338 -326 -366 442
150373: -338 -362 -362 122
150388: -338 -371 -368 609
150389: -338 -371 -369 690
150418: -347 -327 -362 118
150554: -356 -382 -363 205
150559: -356 -382 -368 610
150562: -356 -391 -362 125
150569: -356 -391 -369 692
150583: -365 -329 -365 361
150610: -365 -356 -365 364
150637: -365 -383 -365 367
150721: -374 -384 -368 610
150750: -383 -340 -361 38
150769: -383 -358 -362 121
150912: -401 -342 -361 38
151067: -419 -326 -444 208
151068: -419 -326 -445 289
151070: -419 -326 -447 451
151071: -419 -326 -448 532
151072: -419 -326 -449 613
151073: -419 -326 -450 694
151074: -419 -335 -442 47
151080: -419 -335 -448 533
151081: -419 -335 -449 614
151082: -419 -335 -450 695
151083: -419 -344 -442 48
151090: -419 -344 -449 615
151091: -419 -344 -450 696
151099: -419 -353 -449 616
151100: -419 -353 -450 697
151102: -419 -362 -443 131
151104: -419 -362 -445 293
151106: -419 -362 -447 455
151107: -419 -362 -448 536
151108: -419 -362 -449 617
151109: -419 -362 -450 698
151113: -419 -371 -445 294
151116: -419 -371 -448 537
151117: -419 -371 -449 618
151122: -419 -380 -445 295
151127: -419 -380 -450 700
151129: -419 -389 -443 134
151131: -419 -389 -445 296
151135: -419 -389 -449 620
151136: -419 -389 -450 701
151140: -419 -398 -445 297
151143: -419 -398 -448 540
151719: -491 -325 -529 541
151737: -491 -343 -529 543
151746: -491 -352 -529 544
151755: -491 -361 -529 545
151764: -491 -370 -529 546
151773: -491 -379 -529 547
151782: -491 -388 -529 548
151791: -491 -397 -529 549
151830: -500 -362 -523 59
151875: -509 -327 -523 55
151877: -509 -327 -525 217
151974: -518 -346 -523 57
151983: -518 -355 -523 58
151986: -518 -355 -526 301
151988: -518 -355 -528 463
151989: -518 -355 -529 544
151990: -518 -355 -530 625
152104: -527 -392 -527 386
152341: -554 -386 -530 628
152361: -563 -333 -523 55
152378: -563 -342 -531 704
152449: -572 -325 -611 631
152467: -572 -343 -611 633
152476: -572 -352 -611 634
152485: -572 -361 -611 635
152494: -572 -370 -611 636
152503: -572 -379 -611 637
152512: -572 -388 -611 638
152521: -572 -397 -611 639
152604: -590 -327 -604 64
152606: -590 -327 -606 226
152713: -599 -355 -605 148
152715: -599 -355 -607 310
152717: -599 -355 -609 472
152718: -599 -355 -610 553
152719: -599 -355 -611 634
152720: -599 -355 -612 715
152749: -599 -391 -605 152
152750: -599 -391 -606 233
152751: -599 -391 -607 314
152753: -599 -391 -609 476
152756: -599 -391 -612 719
152763: -599 -400 -610 558
152779: -608 -338 -608 389
152797: -608 -356 -608 391
152806: -608 -365 -608 392
152824: -608 -383 -608 394
152833: -608 -392 -608 395
152931: -626 -331 -607 307
152936: -626 -331 -612 712
152944: -626 -340 -611 632
153154: -644 -396 -605 152
153155: -644 -396 -606 233
153159: -644 -396 -610 557
153179: -653 -325 -693 721
153197: -653 -343 -693 723
153206: -653 -352 -693 724
153215: -653 -361 -693 725
153224: -653 -370 -693 726
153233: -653 -379 -693 727
153234: -653 -388 -685 80
153242: -653 -388 -693 728
153251: -653 -397 -693 729
153335: -671 -327 -687 235
153432: -680 -346 -685 75
153439: -680 -346 -692 642
153442: -680 -355 -686 157
153444: -680 -355 -688 319
153445: -680 -355 -689 400
153446: -680 -355 -690 481
153447: -680 -355 -691 562
153448: -680 -355 -692 643
153485: -680 -391 -693 728
153487: -680 -400 -686 162
153488: -680 -400 -687 243
153489: -680 -400 -688 324
153491: -680 -400 -690 486
153492: -680 -400 -691 567
153493: -680 -400 -692 648
153499: -689 -329 -689 397
153508: -689 -338 -689 398
153535: -689 -365 -689 401
153750: -716 -341 -688 317
153829: -725 -342 -686 155
153836: -725 -342 -693 722
153889: -725 -396 -692 647
154224: -42 -410 -46 1
154242: -42 -428 -46 3
154251: -42 -437 -46 4
154260: -42 -446 -46 5
154269: -42 -455 -46 6
154278: -42 -464 -46 7
154287: -42 -473 -46 8
154296: -42 -482 -46 9
154791: -105 -408 -127 10
154928: -114 -463 -129 178
154962: -123 -419 -127 11
154963: -123 -419 -128 92
154964: -123 -419 -129 173
154965: -123 -419 -130 254
154968: -123 -419 -133 497
154969: -123 -419 -134 578
154970: -123 -419 -135 659
155039: -132 -411 -132 415
155115: -141 -412 -127 10
155160: -141 -457 -127 15
155196: -150 -413 -127 10
155322: -159 -459 -127 15
155331: -159 -468 -127 16
155340: -159 -477 -127 17
155377: -168 -424 -209 102
155387: -168 -433 -210 184
155388: -168 -433 -211 265
155389: -168 -433 -212 346
155393: -168 -433 -216 670
155395: -168 -442 -209 104
155397: -168 -442 -211 266
155418: -168 -460 -214 511
155428: -168 -469 -215 593
155438: -168 -478 -216 675
155476: -177 -443 -209 104
155511: -177 -479 -208 27
155526: -186 -408 -214 505
155527: -186 -408 -215 586
155528: -186 -408 -216 667
155601: -195 -409 -208 19
155603: -195 -409 -210 181
155666: -195 -472 -210 188
155667: -195 -472 -211 269
155693: -204 -419 -210 182
155768: -213 -411 -213 424
155844: -222 -412 -208 19
155845: -222 -412 -209 100
155852: -222 -412 -216 667
155925: -231 -413 -208 19
155926: -231 -413 -209 100
155927: -231 -413 -210 181
155928: -231 -413 -211 262
155959: -231 -440 -215 589
156006: -240 -414 -208 19
156007: -240 -414 -209 100
156008: -240 -414 -210 181
156009: -240 -414 -211 262
156060: -240 -468 -208 25
156062: -240 -468 -210 187
156108: -249 -424 -292 273
156127: -249 -442 -293 356
156143: -249 -460 -291 196
156147: -249 -460 -295 520
156150: -249 -469 -289 35
156157: -249 -469 -296 602
156201: -258 -434 -295 517
156249: -267 -408 -289 28
156420: -285 -419 -289 29
156422: -285 -419 -291 191
156423: -285 -419 -292 272
156497: -294 -411 -294 433
156579: -303 -412 -295 514
156611: -303 -448 -291 194
156645: -303 -484 -289 36
156654: -312 -413 -289 28
156759: -321 -432 -295 516
156837: -330 -424 -373 282
156846: -330 -433 -373 283
156999: -348 -426 -373 282
157026: -348 -453 -373 285
157077: -357 -427 -370 39
157089: -357 -436 -373 283
157107: -357 -454 -373 285
157152: -366 -419 -373 281
157253: -375 -438 -375 445
157262: -375 -447 -375 446
157271: -375 -456 -375 447
157369: -384 -475 -374 368
157373: -384 -475 -378 692
157501: -402 -450 -371 122
157564: -411 -424 -452 129
157574: -411 -433 -453 211
157584: -411 -442 -454 293
157880: -447 -419 -453 209
157955: -456 -411 -456 451
158033: -465 -412 -453 208
158195: -483 -414 -453 208
158200: -483 -414 -458 613
158298: -492 -424 -538 543
158307: -492 -433 -538 544
158316: -492 -442 -538 545
158334: -492 -460 -538 547
158343: -492 -469 -538 548
158352: -492 -478 -538 549
158464: -510 -435 -533 139
158481: -510 -453 -532 60
158609: -528 -419 -534 218
158613: -528 -419 -538 542
158614: -528 -419 -539 623
158684: -537 -411 -537 460
158781: -546 -430 -535 300
158791: -546 -439 -536 382
159028: -573 -424 -620 633
159037: -573 -433 -620 634
159046: -573 -442 -620 635
159064: -573 -460 -620 637
159073: -573 -469 -620 638
159082: -573 -478 -620 639
159156: -582 -479 -613 72
159193: -591 -435 -614 148
159217: -591 -453 -620 636
159246: -600 -409 -613 64
159343: -609 -419 -620 632
159413: -618 -411 -618 469
159567: -627 -484 -619 558
159589: -636 -431 -614 147
159591: -636 -431 -616 309
159592: -636 -431 -617 390
159594: -636 -431 -619 552
159596: -636 -431 -621 714
159599: -636 -440 -615 229
159601: -636 -440 -617 391
159603: -636 -440 -619 553
159605: -636 -440 -621 715
159758: -654 -424 -702 723
159767: -654 -433 -702 724
159776: -654 -442 -702 725
159794: -654 -460 -702 727
159803: -654 -469 -702 728
159812: -654 -478 -702 729
159883: -663 -470 -701 647
159982: -681 -409 -701 640
160067: -690 -419 -696 236
160142: -699 -411 -699 478
160299: -717 -413 -694 73
160307: -717 -413 -702 721
160399: -726 -432 -695 156
160401: -726 -432 -697 318
160402: -726 -432 -698 399
160404: -726 -432 -700 561
160953: -61 -493 -61 487
160962: -61 -502 -61 488
160971: -61 -511 -61 489
160980: -61 -520 -61 490
160989: -61 -529 -61 491
160998: -61 -538 -61 492
161007: -61 -547 -61 493
161016: -61 -556 -61 494
161025: -61 -565 -61 495
161325: -97 -542 -136 16
161415: -106 -552 -136 17
161424: -106 -561 -136 18
161432: -106 -561 -144 666
161433: -115 -490 -136 10
161487: -115 -544 -136 16
161521: -124 -491 -143 577
161531: -124 -500 -144 659
161602: -133 -492 -143 577
161656: -133 -546 -143 583
161709: -142 -520 -142 499
161718: -142 -529 -142 500
161727: -142 -538 -142 501
161745: -142 -556 -142 503
161754: -142 -565 -142 504
161811: -151 -548 -136 16
161812: -151 -548 -137 97
161813: -151 -548 -138 178
161814: -151 -548 -139 259
161818: -151 -548 -143 583
161819: -151 -548 -144 664
161838: -160 -495 -136 10
161847: -160 -504 -136 11
161859: -160 -513 -139 255
161865: -160 -522 -136 13
161874: -160 -531 -136 14
161883: -160 -540 -136 15
161892: -160 -549 -136 16
161893: -160 -549 -137 97
161894: -160 -549 -138 178
161895: -160 -549 -139 259
161897: -160 -549 -141 421
161899: -160 -549 -143 583
161982: -169 -550 -217 26
161987: -169 -550 -222 431
161990: -169 -550 -225 674
161991: -169 -559 -217 27
161992: -169 -559 -218 108
161994: -169 -559 -220 270
161996: -169 -559 -222 432
161998: -169 -559 -224 594
161999: -169 -559 -225 675
162018: -178 -506 -217 21
162063: -178 -551 -217 26
162072: -178 -560 -217 27
162121: -187 -525 -221 347
162130: -187 -534 -221 348
162135: -187 -543 -217 25
162157: -187 -561 -221 351
162216: -196 -544 -217 25
162218: -196 -544 -219 187
162225: -196 -553 -217 26
162227: -196 -553 -219 188
162236: -196 -562 -219 189
162243: -205 -491 -217 19
162261: -205 -509 -217 21
162297: -205 -545 -217 25
162378: -214 -546 -217 25
162380: -214 -546 -219 187
162381: -214 -546 -220 268
162383: -214 -546 -222 430
162438: -223 -520 -223 508
162456: -223 -538 -223 510
162474: -223 -556 -223 512
162483: -223 -565 -223 513
162486: -232 -494 -217 19
162514: -232 -521 -218 103
162531: -232 -539 -217 24
162540: -232 -548 -217 25
162542: -232 -548 -219 187
162544: -232 -548 -221 349
162545: -232 -548 -222 430
162548: -232 -548 -225 673
162567: -241 -495 -217 19
162568: -241 -495 -218 100
162595: -241 -522 -218 103
162621: -241 -549 -217 25
162623: -241 -549 -219 187
162624: -241 -549 -220 268
162625: -241 -549 -221 349
162626: -241 -549 -222 430
162628: -241 -549 -224 592
162629: -241 -549 -225 673
162630: -241 -558 -217 26
162639: -241 -567 -217 27
162711: -250 -550 -298 35
162814: -268 -489 -302 352
162864: -268 -543 -298 34
162865: -268 -543 -299 115
162866: -268 -543 -300 196
162868: -268 -543 -302 358
162871: -268 -543 -305 601
162872: -268 -543 -306 682
163003: -286 -518 -302 355
163020: -286 -536 -301 276
163053: -295 -492 -298 28
163176: -304 -529 -304 518
163203: -304 -556 -304 521
163212: -304 -565 -304 522
163263: -313 -539 -301 276
163269: -313 -548 -298 34
163270: -313 -548 -299 115
163272: -313 -548 -301 277
163276: -313 -548 -305 601
163277: -313 -548 -306 682
163353: -322 -549 -301 277
163354: -322 -549 -302 358
163355: -322 -549 -303 439
163357: -322 -549 -305 601
163404: -331 -514 -379 40
163407: -331 -514 -382 283
163440: -331 -550 -379 44
163449: -331 -559 -379 45
163458: -340 -488 -379 37
163486: -340 -515 -380 121
163489: -340 -515 -383 364
163495: -340 -524 -380 122
163512: -340 -542 -379 43
163513: -340 -542 -380 124
163514: -340 -542 -381 205
163515: -340 -542 -382 286
163516: -340 -542 -383 367
163517: -340 -542 -384 448
163519: -340 -542 -386 610
163520: -340 -542 -387 691
163539: -349 -489 -379 37
163588: -349 -534 -383 366
163611: -349 -561 -379 45
163676: -358 -544 -381 205
163677: -358 -544 -382 286
163678: -358 -544 -383 367
163679: -358 -544 -384 448
163681: -358 -544 -386 610
163682: -358 -544 -387 691
163719: -367 -509 -379 39
163808: -376 -510 -387 687
163896: -385 -520 -385 526
163914: -385 -538 -385 528
163932: -385 -556 -385 530
163944: -394 -494 -379 37
163999: -394 -548 -380 124
164001: -394 -548 -382 286
164002: -394 -548 -383 367
164003: -394 -548 -384 448
164006: -394 -548 -387 691
164028: -403 -495 -382 280
164061: -403 -531 -379 41
164082: -403 -549 -382 286
164181: -412 -559 -463 297
164185: -412 -559 -467 621
164277: -430 -498 -460 47
164298: -430 -516 -463 292
164339: -430 -552 -468 701
164405: -439 -544 -462 214
164484: -448 -545 -460 52
164565: -457 -546 -460 52
164625: -466 -520 -466 535
164661: -466 -556 -466 539
164728: -475 -548 -461 133
164729: -475 -548 -462 214
164732: -475 -548 -465 457
164753: -475 -566 -468 702
164809: -484 -549 -461 133
164810: -484 -549 -462 214
164811: -484 -549 -463 295
164813: -484 -549 -465 457
164815: -484 -549 -467 619
164921: -502 -488 -546 460
164946: -502 -515 -544 301
164964: -502 -533 -544 303
164982: -502 -551 -544 305
164995: -502 -560 -548 630
165010: -511 -498 -545 380
165013: -511 -498 -548 623
165027: -511 -516 -544 301
165036: -511 -525 -544 302
165037: -511 -525 -545 383
165040: -511 -525 -548 626
165045: -511 -534 -544 303
165049: -511 -534 -548 627
165050: -511 -534 -549 708
165067: -511 -552 -548 629
165072: -511 -561 -544 306
165076: -511 -561 -548 630
165088: -520 -499 -542 137
165154: -520 -562 -545 387
165158: -520 -562 -549 711
165179: -529 -509 -543 219
165188: -529 -518 -543 220
165197: -529 -527 -543 221
165224: -529 -554 -543 224
165266: -538 -510 -549 705
165414: -556 -503 -544 299
165419: -556 -503 -549 704
165442: -556 -530 -545 383
165477: -556 -566 -544 306
165495: -565 -504 -544 299
165503: -565 -513 -543 219
165505: -565 -513 -545 381
165508: -565 -513 -548 624
165535: -565 -540 -548 627
165549: -565 -558 -544 305
165589: -574 -505 -629 633
165598: -574 -514 -629 634
165607: -574 -523 -629 635
165616: -574 -532 -629 636
165634: -574 -550 -629 638
165643: -574 -559 -629 639
165645: -583 -488 -622 64
165690: -583 -533 -622 69
165726: -592 -489 -622 64
165744: -592 -507 -622 66
165756: -592 -516 -625 310
165757: -592 -516 -626 391
165758: -592 -516 -627 472
165762: -592 -525 -622 68
165780: -592 -543 -622 70
165783: -592 -543 -625 313
165784: -592 -543 -626 394
165785: -592 -543 -627 475
165787: -592 -543 -629 637
165788: -592 -543 -630 718
165807: -601 -490 -622 64
165825: -601 -508 -622 66
165828: -601 -508 -625 309
165829: -601 -508 -626 390
165830: -601 -508 -627 471
165833: -601 -508 -630 714
165868: -601 -544 -629 637
165869: -601 -544 -630 718
165888: -610 -491 -622 64
165933: -610 -536 -622 69
165949: -610 -545 -629 637
165969: -619 -492 -622 64
166025: -619 -546 -624 232
166027: -619 -546 -626 394
166028: -619 -546 -627 475
166031: -619 -546 -630 718
166083: -628 -520 -628 553
166092: -628 -529 -628 554
166161: -637 -521 -625 310
166171: -637 -530 -626 392
166181: -637 -539 -627 474
166185: -637 -548 -622 70
166211: -637 -566 -630 720
166266: -646 -549 -622 70
166271: -646 -549 -627 475
166273: -646 -549 -629 637
166319: -655 -505 -711 723
166328: -655 -514 -711 724
166337: -655 -523 -711 725
166346: -655 -532 -711 726
166364: -655 -550 -711 728
166374: -664 -488 -703 73
166419: -664 -533 -703 78
166473: -673 -507 -703 75
166475: -673 -507 -705 237
166481: -673 -507 -711 723
166509: -673 -543 -703 79
166512: -673 -543 -706 322
166513: -673 -543 -707 403
166536: -682 -490 -703 73
166554: -682 -508 -703 75
166555: -682 -508 -704 156
166556: -682 -508 -705 237
166557: -682 -508 -706 318
166558: -682 -508 -707 399
166559: -682 -508 -708 480
166561: -682 -508 -710 642
166590: -682 -544 -703 79
166591: -682 -544 -704 160
166592: -682 -544 -705 241
166593: -682 -544 -706 322
166594: -682 -544 -707 403
166595: -682 -544 -708 484
166597: -682 -544 -710 646
166598: -682 -544 -711 727
166617: -691 -491 -703 73
166671: -691 -545 -703 79
166678: -691 -545 -710 646
166679: -691 -545 -711 727
166698: -700 -492 -703 73
166752: -700 -546 -703 79
166754: -700 -546 -705 241
166756: -700 -546 -707 403
166757: -700 -546 -708 484
166759: -700 -546 -710 646
166760: -700 -546 -711 727
166821: -709 -529 -709 563
166830: -709 -538 -709 564
166914: -718 -548 -703 79
166922: -718 -548 -711 727
166951: -727 -504 -704 155
166961: -727 -513 -705 237
166971: -727 -522 -706 319
166981: -727 -531 -707 401
166991: -727 -540 -708 483
166995: -727 -549 -703 79
167011: -727 -558 -710 647
167596: -71 -575 -71 568
167605: -71 -584 -71 569
167614: -71 -593 -71 570
167623: -71 -602 -71 571
167632: -71 -611 -71 572
167641: -71 -620 -71 573
167650: -71 -629 -71 574
167659: -71 -638 -71 575
167668: -71 -647 -71 576
167958: -107 -615 -145 15
167994: -116 -571 -145 10
168003: -116 -580 -145 11
168030: -116 -607 -145 14
168057: -116 -634 -145 17
168058: -116 -634 -146 98
168059: -116 -634 -147 179
168060: -116 -634 -148 260
168062: -116 -634 -150 422
168063: -116 -634 -151 503
168065: -116 -634 -153 665
168092: -125 -581 -153 659
168246: -143 -583 -145 11
168282: -143 -619 -145 15
168301: -143 -637 -146 98
168302: -143 -637 -147 179
168303: -143 -637 -148 260
168308: -143 -637 -153 665
168343: -152 -593 -152 579
168352: -152 -602 -152 580
168361: -152 -611 -152 581
168379: -152 -629 -152 583
168399: -161 -576 -145 10
168425: -161 -594 -153 660
168435: -161 -612 -145 14
168462: -161 -639 -145 17
168463: -161 -639 -146 98
168464: -161 -639 -147 179
168467: -161 -639 -150 422
168468: -161 -639 -151 503
168471: -161 -648 -145 18
168512: -170 -595 -231 427
168517: -170 -604 -227 104
168521: -170 -604 -231 428
168530: -170 -613 -231 429
168540: -170 -622 -232 511
168542: -170 -622 -234 673
168553: -170 -640 -227 108
168555: -170 -640 -229 270
168557: -170 -640 -231 432
168560: -170 -640 -234 675
168639: -179 -641 -232 513
168683: -188 -606 -231 428
168743: -197 -589 -228 183
168786: -197 -634 -226 26
168792: -197 -634 -232 512
168852: -206 -617 -229 267
168867: -206 -635 -226 26
168869: -206 -635 -228 188
168870: -206 -635 -229 269
168885: -215 -573 -226 19
168948: -215 -636 -226 26
168950: -215 -636 -228 188
168951: -215 -636 -229 269
168953: -215 -636 -231 431
168954: -215 -636 -232 512
168966: -224 -574 -226 19
168994: -224 -601 -227 103
169011: -224 -619 -226 24
169020: -224 -628 -226 25
169029: -224 -637 -226 26
169030: -224 -637 -227 107
169031: -224 -637 -228 188
169034: -224 -637 -231 431
169035: -224 -637 -232 512
169037: -224 -637 -234 674
169038: -224 -646 -226 27
169081: -233 -602 -233 589
169090: -233 -611 -233 590
169099: -233 -620 -233 591
169108: -233 -629 -233 592
169130: -242 -576 -228 181
169191: -242 -639 -226 26
169193: -242 -639 -228 188
169194: -242 -639 -229 269
169195: -242 -639 -230 350
169196: -242 -639 -231 431
169197: -242 -639 -232 512
169237: -251 -595 -308 112
169240: -251 -595 -311 355
169242: -251 -595 -313 517
169248: -251 -604 -310 275
169263: -251 -622 -307 34
169281: -251 -640 -307 36
169290: -260 -569 -307 28
169383: -269 -579 -310 272
169436: -269 -633 -309 197
169437: -269 -633 -310 278
169439: -269 -633 -312 440
169442: -269 -633 -315 683
169443: -269 -642 -307 36
169614: -296 -573 -307 28
169616: -296 -573 -309 190
169625: -296 -582 -309 191
169677: -296 -636 -307 35
169695: -305 -574 -307 28
169722: -305 -601 -307 31
169760: -305 -637 -309 197
169761: -305 -637 -310 278
169764: -305 -637 -313 521
169766: -305 -637 -315 683
169801: -314 -593 -314 597
169819: -314 -611 -314 599
169828: -314 -620 -314 600
169837: -314 -629 -314 601
169857: -323 -576 -307 28
169911: -323 -630 -307 34
169920: -323 -639 -307 35
169923: -323 -639 -310 278
169926: -323 -639 -313 521
169959: -332 -586 -391 282
169997: -332 -622 -393 448
170018: -332 -640 -396 693
170050: -341 -596 -392 364
170052: -341 -596 -394 526
170082: -341 -632 -388 44
170083: -341 -632 -389 125
170084: -341 -632 -390 206
170085: -341 -632 -391 287
170086: -341 -632 -392 368
170087: -341 -632 -393 449
170088: -341 -632 -394 530
170090: -341 -632 -396 692
170100: -350 -570 -388 37
170149: -350 -615 -392 366
170166: -350 -633 -391 287
170171: -350 -633 -396 692
170184: -359 -571 -391 280
170202: -359 -589 -391 282
170247: -359 -634 -391 287
170248: -359 -634 -392 368
170250: -359 -634 -394 530
170252: -359 -634 -396 692
170270: -368 -572 -396 685
170280: -368 -590 -388 39
170344: -377 -573 -389 118
170406: -377 -636 -388 44
170410: -377 -636 -392 368
170465: -386 -610 -393 446
170472: -386 -619 -391 285
170488: -386 -637 -389 125
170490: -386 -637 -391 287
170491: -386 -637 -392 368
170492: -386 -637 -393 449
170495: -386 -637 -396 692
170530: -395 -593 -395 606
170557: -395 -620 -395 609
170566: -395 -629 -395 610
170586: -404 -576 -388 37
170589: -404 -576 -391 280
170652: -404 -639 -391 287
170655: -404 -639 -394 530
170724: -413 -622 -472 295
170727: -413 -622 -475 538
170729: -413 -622 -477 700
170852: -431 -588 -474 453
170893: -431 -633 -470 134
170900: -431 -633 -477 701
171042: -449 -617 -475 537
171054: -449 -635 -469 53
171056: -449 -635 -471 215
171057: -449 -635 -472 296
171059: -449 -635 -474 458
171060: -449 -635 -475 539
171062: -449 -635 -477 701
171216: -467 -637 -469 53
171217: -467 -637 -470 134
171218: -467 -637 -471 215
171219: -467 -637 -472 296
171221: -467 -637 -474 458
171224: -467 -637 -477 701
171233: -467 -646 -477 702
171259: -476 -593 -476 615
171277: -476 -611 -476 617
171295: -476 -629 -476 619
171313: -476 -647 -476 621
171318: -485 -576 -472 289
171375: -485 -630 -475 538
171378: -485 -639 -469 53
171379: -485 -639 -470 134
171380: -485 -639 -471 215
171381: -485 -639 -472 296
171383: -485 -639 -474 458
171384: -485 -639 -475 539
171386: -485 -639 -477 701
171411: -494 -577 -556 542
171420: -494 -586 -556 543
171429: -494 -595 -556 544
171438: -494 -604 -556 545
171447: -494 -613 -556 546
171456: -494 -622 -556 547
171474: -494 -640 -556 549
171477: -503 -569 -550 55
171522: -503 -614 -550 60
171558: -512 -570 -550 55
171576: -512 -588 -550 57
171603: -512 -615 -550 60
171621: -512 -633 -550 62
171622: -512 -633 -551 143
171623: -512 -633 -552 224
171625: -512 -633 -554 386
171627: -512 -633 -556 548
171702: -521 -634 -550 62
171720: -530 -572 -550 55
171783: -530 -635 -550 62
171785: -530 -635 -552 224
171788: -530 -635 -555 467
171789: -530 -635 -556 548
171791: -530 -635 -558 710
171864: -539 -636 -550 62
171870: -539 -636 -556 548
171892: -548 -583 -551 137
171902: -548 -592 -552 219
171932: -548 -619 -555 465
171945: -548 -637 -550 62
171962: -548 -646 -558 711
171979: -557 -584 -557 623
171988: -557 -593 -557 624
171997: -557 -602 -557 625
172015: -557 -620 -557 627
172042: -557 -647 -557 630
172044: -566 -576 -550 55
172113: -566 -639 -556 548
172236: -584 -596 -634 310
172281: -584 -641 -634 315
172317: -593 -597 -634 310
172383: -602 -580 -637 551
172387: -602 -589 -632 147
172392: -602 -589 -637 552
172405: -602 -607 -632 149
172412: -602 -607 -639 716
172417: -602 -616 -635 393
172419: -602 -616 -637 555
172423: -602 -625 -632 151
172426: -602 -625 -635 394
172430: -602 -625 -639 718
172441: -602 -643 -632 153
172482: -611 -599 -637 553
172496: -611 -617 -633 231
172523: -611 -644 -633 234
172560: -620 -600 -634 310
172587: -620 -627 -634 313
172610: -620 -645 -639 720
172637: -629 -592 -639 714
172646: -629 -601 -639 715
172650: -629 -610 -634 311
172655: -629 -610 -639 716
172659: -629 -619 -634 312
172664: -629 -619 -639 717
172686: -629 -646 -634 315
172785: -647 -585 -634 308
172794: -647 -594 -634 309
172797: -647 -594 -637 552
172806: -647 -603 -637 553
172811: -647 -612 -633 230
172812: -647 -612 -634 311
172820: -647 -621 -633 231
172821: -647 -621 -634 312
172824: -647 -621 -637 555
172830: -647 -630 -634 313
172831: -647 -630 -635 394
172833: -647 -630 -637 556
172871: -656 -577 -720 722
172880: -656 -586 -720 723
172889: -656 -595 -720 724
172898: -656 -604 -720 725
172907: -656 -613 -720 726
172916: -656 -622 -720 727
172934: -656 -640 -720 729
172935: -665 -569 -712 73
172980: -665 -614 -712 78
173016: -674 -570 -712 73
173034: -674 -588 -712 75
173042: -674 -588 -720 723
173053: -674 -606 -713 158
173079: -674 -633 -712 80
173083: -674 -633 -716 404
173084: -674 -633 -717 485
173087: -674 -633 -720 728
173097: -683 -571 -712 73
173115: -683 -589 -712 75
173116: -683 -589 -713 156
173117: -683 -589 -714 237
173118: -683 -589 -715 318
173119: -683 -589 -716 399
173120: -683 -589 -717 480
173121: -683 -589 -718 561
173160: -683 -634 -712 80
173161: -683 -634 -713 161
173162: -683 -634 -714 242
173163: -683 -634 -715 323
173164: -683 -634 -716 404
173165: -683 -634 -717 485
173166: -683 -634 -718 566
173168: -683 -634 -720 728
173178: -692 -572 -712 73
173322: -701 -636 -712 80
173403: -710 -637 -712 80
173411: -710 -637 -720 728
173446: -719 -593 -719 642
173455: -719 -602 -719 643
173464: -719 -611 -719 644
173482: -719 -629 -719 646
173522: -728 -594 -714 237
173552: -728 -621 -717 483
173565: -728 -639 -712 80
174239: -81 -657 -81 649
174248: -81 -666 -81 650
174257: -81 -675 -81 651
174266: -81 -684 -81 652
174275: -81 -693 -81 653
174284: -81 -702 -81 654
174293: -81 -711 -81 655
174302: -81 -720 -81 656
174311: -81 -729 -81 657
174483: -108 -660 -154 11
174520: -108 -696 -155 96
174555: -117 -652 -154 10
174591: -117 -688 -154 14
174627: -117 -724 -154 18
174628: -117 -724 -155 99
174629: -117 -724 -156 180
174630: -117 -724 -157 261
174632: -117 -724 -159 423
174633: -117 -724 -160 504
174634: -117 -724 -161 585
174636: -126 -653 -154 10
174651: -126 -662 -160 497
174652: -126 -662 -161 578
174708: -126 -725 -154 18
174796: -135 -726 -161 585
174798: -144 -655 -154 10
174807: -144 -664 -154 11
174810: -144 -664 -157 254
174852: -144 -709 -154 16
174861: -144 -718 -154 17
174870: -144 -727 -154 18
174871: -144 -727 -155 99
174872: -144 -727 -156 180
174873: -144 -727 -157 261
174875: -144 -727 -159 423
174877: -144 -727 -161 585
174888: -153 -665 -154 11
174915: -153 -692 -154 14
174933: -153 -710 -154 16
174951: -153 -728 -154 18
174952: -153 -728 -155 99
174953: -153 -728 -156 180
174956: -153 -728 -159 423
174957: -153 -728 -160 504
174958: -153 -728 -161 585
174986: -162 -675 -162 660
174995: -162 -684 -162 661
175004: -162 -693 -162 662
175013: -162 -702 -162 663
175022: -162 -711 -162 664
175031: -162 -720 -162 665
175096: -171 -703 -236 106
175098: -171 -703 -238 268
175099: -171 -703 -239 349
175100: -171 -703 -240 430
175101: -171 -703 -241 511
175104: -171 -712 -235 26
175108: -171 -712 -239 350
175109: -171 -712 -240 431
175110: -171 -712 -241 512
175140: -180 -668 -235 21
175183: -180 -704 -242 592
175244: -189 -687 -240 428
175254: -189 -696 -241 510
175255: -189 -696 -242 591
175275: -189 -723 -235 27
175331: -198 -697 -237 186
175338: -198 -706 -235 25
175356: -198 -724 -235 27
175365: -207 -653 -235 19
175366: -207 -653 -236 100
175375: -207 -662 -236 101
175384: -207 -671 -236 102
175411: -207 -698 -236 105
175419: -207 -707 -235 25
175438: -207 -725 -236 108
175446: -216 -654 -235 19
175527: -225 -655 -235 19
175555: -225 -682 -236 103
175572: -225 -700 -235 24
175581: -225 -709 -235 25
175590: -225 -718 -235 26
175599: -225 -727 -235 27
175600: -225 -727 -236 108
175601: -225 -727 -237 189
175606: -225 -727 -242 594
175608: -234 -656 -235 19
175609: -234 -656 -236 100
175626: -234 -674 -235 21
175636: -234 -683 -236 103
175653: -234 -701 -235 24
175662: -234 -710 -235 25
175671: -234 -719 -235 26
175681: -234 -728 -236 108
175682: -234 -728 -237 189
175683: -234 -728 -238 270
175684: -234 -728 -239 351
175685: -234 -728 -240 432
175686: -234 -728 -241 513
175706: -243 -666 -243 668
175724: -243 -684 -243 670
175733: -243 -693 -243 671
175742: -243 -702 -243 672
175760: -243 -720 -243 674
175798: -252 -676 -317 112
175799: -252 -676 -318 193
175824: -252 -703 -316 34
175932: -270 -651 -316 28
176004: -270 -723 -316 36
176006: -270 -723 -318 198
176007: -270 -723 -319 279
176008: -270 -723 -320 360
176010: -270 -723 -322 522
176011: -270 -723 -323 603
176157: -288 -716 -316 35
176175: -297 -654 -316 28
176328: -306 -727 -316 36
176330: -306 -727 -318 198
176332: -306 -727 -320 360
176334: -306 -727 -322 522
176336: -306 -727 -324 684
176337: -315 -656 -316 28
176409: -315 -728 -316 36
176410: -315 -728 -317 117
176411: -315 -728 -318 198
176412: -315 -728 -319 279
176413: -315 -728 -320 360
176414: -315 -728 -321 441
176415: -315 -728 -322 522
176416: -315 -728 -323 603
176435: -324 -666 -324 677
176444: -324 -675 -324 678
176462: -324 -693 -324 680
176480: -324 -711 -324 682
176489: -324 -720 -324 683
176520: -333 -667 -400 282
176554: -333 -703 -398 124
176555: -333 -703 -399 205
176558: -333 -703 -402 448
176559: -333 -703 -403 529
176562: -333 -712 -397 44
176568: -333 -712 -403 530
176609: -342 -677 -399 202
176652: -342 -722 -397 45
176653: -342 -722 -398 126
176654: -342 -722 -399 207
176655: -342 -722 -400 288
176656: -342 -722 -401 369
176657: -342 -722 -402 450
176658: -342 -722 -403 531
176659: -342 -722 -404 612
176661: -351 -651 -397 37
176739: -351 -723 -403 531
176802: -360 -706 -403 529
176817: -360 -724 -400 288
176818: -360 -724 -401 369
176821: -360 -724 -404 612
176928: -378 -672 -403 525
176985: -387 -655 -397 37
177021: -387 -691 -397 41
177060: -387 -727 -400 288
177141: -396 -728 -400 288
177144: -396 -728 -403 531
177164: -405 -666 -405 686
177173: -405 -675 -405 687
177182: -405 -684 -405 688
177200: -405 -702 -405 690
177209: -405 -711 -405 691
177218: -405 -720 -405 692
177248: -414 -667 -480 210
177251: -414 -667 -483 453
177260: -414 -676 -483 454
177262: -414 -676 -485 616
177265: -414 -685 -479 131
177269: -414 -685 -483 455
177270: -414 -685 -484 536
177285: -414 -703 -481 295
177294: -414 -712 -481 296
177413: -432 -669 -483 453
177469: -432 -723 -485 621
177545: -441 -724 -480 216
177603: -450 -698 -484 537
177627: -450 -725 -481 297
177631: -450 -725 -485 621
177636: -459 -654 -481 289
177787: -468 -727 -479 135
177788: -468 -727 -480 216
177789: -468 -727 -481 297
177791: -468 -727 -483 459
177792: -468 -727 -484 540
177798: -477 -656 -481 289
177868: -477 -728 -479 135
177869: -477 -728 -480 216
177870: -477 -728 -481 297
177872: -477 -728 -483 459
177873: -477 -728 -484 540
177902: -486 -675 -486 696
177911: -486 -684 -486 697
177947: -486 -720 -486 701
177972: -495 -658 -565 542
177981: -495 -667 -565 543
177990: -495 -676 -565 544
177999: -495 -685 -565 545
178008: -495 -694 -565 546
178017: -495 -703 -565 547
178026: -495 -712 -565 548
178038: -504 -650 -559 55
178083: -504 -695 -559 60
178119: -513 -651 -559 55
178137: -513 -669 -559 57
178191: -513 -723 -559 63
178198: -513 -723 -566 630
178200: -522 -652 -559 55
178206: -522 -652 -565 541
178221: -522 -670 -562 300
178222: -522 -670 -563 381
178225: -522 -670 -566 624
178246: -522 -697 -560 141
178272: -522 -724 -559 63
178276: -522 -724 -563 387
178278: -522 -724 -565 549
178281: -531 -653 -559 55
178317: -531 -689 -559 59
178353: -531 -725 -559 63
178354: -531 -725 -560 144
178359: -531 -725 -565 549
178360: -531 -725 -566 630
178434: -540 -726 -559 63
178513: -549 -718 -566 629
178515: -549 -727 -559 63
178524: -558 -656 -559 55
178558: -558 -683 -566 625
178596: -558 -728 -559 63
178602: -558 -728 -565 549
178622: -567 -666 -567 704
178631: -567 -675 -567 705
178640: -567 -684 -567 706
178658: -567 -702 -567 708
178676: -567 -720 -567 710
178702: -576 -658 -647 632
178711: -576 -667 -647 633
178720: -576 -676 -647 634
178729: -576 -685 -647 635
178738: -576 -694 -647 636
178746: -576 -703 -646 556
178747: -576 -703 -647 637
178756: -576 -712 -647 638
178767: -585 -650 -640 64
178848: -594 -651 -640 64
178866: -594 -669 -640 66
178885: -594 -687 -641 149
178893: -594 -696 -640 69
178920: -594 -723 -640 72
178921: -594 -723 -641 153
178922: -594 -723 -642 234
178924: -594 -723 -644 396
178926: -594 -723 -646 558
178927: -594 -723 -647 639
178929: -603 -652 -640 64
178936: -603 -652 -647 631
179002: -603 -724 -641 153
179005: -603 -724 -644 396
179008: -603 -724 -647 639
179010: -612 -653 -640 64
179037: -612 -680 -640 67
179046: -612 -689 -640 68
179089: -612 -725 -647 639
179170: -621 -726 -647 639
179172: -630 -655 -640 64
179208: -630 -691 -640 68
179236: -630 -718 -641 152
179237: -630 -718 -642 233
179238: -630 -718 -643 314
179239: -630 -718 -644 395
179240: -630 -718 -645 476
179244: -630 -727 -640 72
179251: -630 -727 -647 639
179263: -639 -665 -641 146
179293: -639 -692 -644 392
179313: -639 -710 -646 556
179351: -648 -666 -648 713
179360: -648 -675 -648 714
179369: -648 -684 -648 715
179387: -648 -702 -648 717
179396: -648 -711 -648 718
179501: -666 -650 -726 478
179566: -666 -713 -728 647
179626: -675 -696 -725 402
179647: -675 -714 -728 647
179668: -684 -661 -722 155
179674: -684 -661 -728 641
179677: -684 -670 -722 156
179682: -684 -670 -727 561
179727: -684 -715 -727 566
179773: -693 -680 -728 643
179795: -693 -707 -723 241
179808: -693 -716 -727 566
179836: -702 -663 -728 641
179840: -702 -672 -723 237
179849: -702 -681 -723 238
179854: -702 -681 -728 643
179880: -702 -708 -727 565
179890: -702 -717 -728 647
179906: -711 -655 -726 478
179913: -711 -664 -724 317
179921: -711 -673 -723 237
179939: -711 -691 -723 239
179944: -711 -691 -728 644
179948: -711 -700 -723 240
179949: -711 -700 -724 321
179950: -711 -700 -725 402
179953: -711 -700 -728 645
179967: -711 -718 -724 323
179968: -711 -718 -725 404
179971: -711 -718 -728 647
179987: -720 -656 -726 478
180001: -720 -674 -722 156
180003: -720 -674 -724 318
180006: -720 -674 -727 561
180015: -720 -683 -727 562
180030: -720 -701 -724 321
180037: -720 -710 -722 160
180039: -720 -710 -724 322
180040: -720 -710 -725 403
180042: -720 -710 -727 565
180046: -720 -719 -722 161
180174: -46 -55
180175: -46 -64
180176: -46 -73
180181: -2 -11
180182: -2 -20
180183: -2 -29
180184: -2 -38
180185: -2 -47
180186: -2 -56
180187: -2 -65
180188: -2 -74
180226: -12 -21
180227: -12 -30
180228: -12 -39
180229: -12 -48
180230: -12 -57
180231: -12 -66
180232: -12 -75
180270: -22 -31
180271: -22 -40
180272: -22 -49
180273: -22 -58
180274: -22 -67
180275: -22 -76
180313: -32 -41
180314: -32 -50
180315: -32 -59
180316: -32 -68
180317: -32 -77
180355: -42 -51
180356: -42 -60
180357: -42 -69
180358: -42 -78
180399: -61 -70
180400: -61 -79
180438: -71 -80
180476: 9 18 27 36 45 54 63 72 81
180492: -100 -109
180494: -100 -127
180495: -100 -136
180496: -100 -145
180497: -100 -154
180499: -109 -127
180500: -109 -136
180501: -109 -145
180502: -109 -154
180507: -127 -136
180508: -127 -145
180509: -127 -154
180510: -136 -145
180511: -136 -154
180512: -145 -154
180513: 82 91 100 109 118 127 136 145 154
180525: -92 -128
180545: -128 -146
180546: -128 -155
180550: 83 92 101 110 119 128 137 146 155
180563: -93 -138
180569: -102 -138
180577: -120 -129
180587: 84 93 102 111 120 129 138 147 156
180617: -121 -157
180621: -139 -148
180624: 85 94 103 112 121 130 139 148 157
180625: -86 -95
180626: -86 -104
180627: -86 -113
180628: -86 -122
180629: -86 -131
180630: -86 -140
180631: -86 -149
180632: -86 -158
180698: 87 96 105 114 123 132 141 150 159
180707: -97 -106
180709: -97 -124
180712: -97 -151
180713: -97 -160
180718: -106 -151
180723: -115 -151
180727: -124 -151
180728: -124 -160
180731: -133 -160
180734: -151 -160
180735: 88 97 106 115 124 133 142 151 160
180744: -98 -107
180745: -98 -116
180748: -98 -143
180750: -98 -161
180751: -107 -116
180754: -107 -143
180758: -116 -134
180763: -125 -143
180765: -125 -161
180772: 89 98 107 116 125 134 143 152 161
180782: -99 -117
180785: -99 -144
180786: -99 -153
180788: -108 -117
180791: -108 -144
180794: -117 -126
180801: -126 -153
180806: -144 -153
180809: 90 99 108 117 126 135 144 153 162
180818: -172 -181
180821: -172 -208
180822: -172 -217
180823: -172 -226
180824: -172 -235
180825: -181 -190
180826: -181 -199
180827: -181 -208
180828: -181 -217
180829: -181 -226
180830: -181 -235
180831: -190 -199
180832: -190 -208
180833: -190 -217
180834: -190 -226
180835: -190 -235
180836: -199 -208
180837: -199 -217
180838: -199 -226
180839: -199 -235
180840: -208 -217
180841: -208 -226
180842: -208 -235
180843: -217 -226
180844: -217 -235
180845: -226 -235
180846: 163 172 181 190 199 208 217 226 235
180868: -191 -200
180869: -191 -209
180870: -191 -218
180871: -191 -227
180872: -191 -236
180875: -200 -227
180877: -209 -218
180878: -209 -227
180879: -209 -236
180882: -227 -236
180883: 164 173 182 191 200 209 218 227 236
180885: -165 -183
180888: -165 -210
180889: -165 -219
180890: -165 -228
180891: -165 -237
180894: -174 -201
180897: -174 -228
180898: -174 -237
180901: -183 -210
180908: -192 -228
180909: -192 -237
180910: -201 -210
180911: -201 -219
180912: -201 -228
180915: -210 -228
180916: -210 -237
180917: -219 -228
180920: 165 174 183 192 201 210 219 228 237
180922: -166 -184
180923: -166 -193
180924: -166 -202
180926: -166 -220
180927: -166 -229
180928: -166 -238
180932: -175 -211
180935: -175 -238
180938: -184 -211
180939: -184 -220
180943: -193 -211
180949: -202 -229
180953: -211 -238
180957: 166 175 184 193 202 211 220 229 238
180967: -176 -194
180970: -176 -221
180973: -185 -194
180974: -185 -203
180975: -185 -212
180976: -185 -221
180980: -194 -212
180981: -194 -221
180982: -194 -230
180983: -194 -239
180984: -203 -212
180985: -203 -221
180986: -203 -230
180987: -203 -239
180991: -221 -230
180992: -221 -239
180993: -230 -239
180994: 167 176 185 194 203 212 221 230 239
180996: -168 -186
180997: -168 -195
180998: -168 -204
180999: -168 -213
181000: -168 -222
181001: -168 -231
181002: -168 -240
181004: -177 -195
181010: -186 -195
181014: -186 -231
181015: -186 -240
181019: -195 -231
181020: -195 -240
181025: -213 -222
181031: 168 177 186 195 204 213 222 231 240
181032: -169 -178
181033: -169 -187
181034: -169 -196
181035: -169 -205
181036: -169 -214
181037: -169 -223
181038: -169 -232
181039: -169 -241
181042: -178 -205
181046: -178 -241
181047: -187 -196
181048: -187 -205
181049: -187 -214
181050: -187 -223
181051: -187 -232
181052: -187 -241
181053: -196 -205
181054: -196 -214
181056: -196 -232
181058: -205 -214
181059: -205 -223
181061: -205 -241
181063: -214 -232
181064: -214 -241
181067: -232 -241
181068: 169 178 187 196 205 214 223 232 241
181069: -170 -179
181070: -170 -188
181071: -170 -197
181072: -170 -206
181073: -170 -215
181074: -170 -224
181075: -170 -233
181076: -170 -242
181078: -179 -197
181079: -179 -206
181080: -179 -215
181084: -188 -197
181085: -188 -206
181086: -188 -215
181087: -188 -224
181088: -188 -233
181089: -188 -242
181090: -197 -206
181091: -197 -215
181092: -197 -224
181095: -206 -215
181097: -206 -233
181098: -206 -242
181099: -215 -224
181100: -215 -233
181101: -215 -242
181102: -224 -233
181103: -224 -242
181105: 170 179 188 197 206 215 224 233 242
181106: -171 -180
181107: -171 -189
181108: -171 -198
181109: -171 -207
181110: -171 -216
181111: -171 -225
181112: -171 -234
181113: -171 -243
181116: -180 -207
181121: -189 -198
181122: -189 -207
181123: -189 -216
181124: -189 -225
181125: -189 -234
181126: -189 -243
181127: -198 -207
181128: -198 -216
181129: -198 -225
181130: -198 -234
181132: -207 -216
181134: -207 -234
181136: -216 -225
181137: -216 -234
181138: -216 -243
181139: -225 -234
181140: -225 -243
181142: 171 180 189 198 207 216 225 234 243
181151: -253 -262
181152: -253 -271
181153: -253 -280
181154: -253 -289
181155: -253 -298
181156: -253 -307
181157: -253 -316
181159: -262 -280
181160: -262 -289
181161: -262 -298
181162: -262 -307
181163: -262 -316
181164: -271 -280
181165: -271 -289
181166: -271 -298
181167: -271 -307
181168: -271 -316
181169: -280 -289
181170: -280 -298
181171: -280 -307
181172: -280 -316
181173: -289 -298
181174: -289 -307
181175: -289 -316
181176: -298 -307
181177: -298 -316
181178: -307 -316
181179: 244 253 262 271 280 289 298 307 316
181182: -245 -272
181184: -245 -290
181185: -245 -299
181186: -245 -308
181187: -245 -317
181191: -254 -290
181202: -272 -290
181203: -272 -299
181204: -272 -308
181206: -281 -290
181208: -281 -308
181214: -299 -317
181216: 245 254 263 272 281 290 299 308 317
181218: -246 -264
181220: -246 -282
181221: -246 -291
181231: -255 -318
181253: 246 255 264 273 282 291 300 309 318
181256: -247 -274
181257: -247 -283
181259: -247 -301
181260: -247 -310
181261: -247 -319
181270: -265 -283
181272: -265 -301
181274: -265 -319
181283: -283 -319
181285: -292 -310
181290: 247 256 265 274 283 292 301 310 319
181291: -248 -257
181292: -248 -266
181293: -248 -275
181294: -248 -284
181295: -248 -293
181296: -248 -302
181297: -248 -311
181298: -248 -320
181299: -257 -266
181307: -266 -284
181308: -266 -293
181312: -275 -284
181314: -275 -302
181315: -275 -311
181316: -275 -320
181320: -284 -320
181327: 248 257 266 275 284 293 302 311 320
181330: -249 -276
181331: -249 -285
181364: 249 258 267 276 285 294 303 312 321
181365: -250 -259
181366: -250 -268
181367: -250 -277
181368: -250 -286
181369: -250 -295
181371: -250 -313
181372: -250 -322
181373: -259 -268
181380: -268 -277
181381: -268 -286
181382: -268 -295
181384: -268 -313
181385: -268 -322
181386: -277 -286
181387: -277 -295
181389: -277 -313
181390: -277 -322
181391: -286 -295
181396: -295 -313
181397: -295 -322
181401: 250 259 268 277 286 295 304 313 322
181402: -251 -260
181403: -251 -269
181404: -251 -278
181405: -251 -287
181406: -251 -296
181407: -251 -305
181409: -251 -323
181412: -260 -287
181417: -269 -278
181418: -269 -287
181419: -269 -296
181420: -269 -305
181422: -269 -323
181423: -278 -287
181424: -278 -296
181425: -278 -305
181427: -278 -323
181428: -287 -296
181429: -287 -305
181434: -296 -323
181436: -305 -323
181438: 251 260 269 278 287 296 305 314 323
181441: -252 -279
181442: -252 -288
181443: -252 -297
181444: -252 -306
181445: -252 -315
181447: -261 -270
181449: -261 -288
181454: -270 -279
181456: -270 -297
181457: -270 -306
181458: -270 -315
181460: -279 -288
181461: -279 -297
181462: -279 -306
181463: -279 -315
181465: -288 -297
181467: -288 -315
181469: -297 -306
181470: -297 -315
181472: -306 -315
181475: 252 261 270 279 288 297 306 315 324
181481: -325 -379
181483: -325 -397
181491: -343 -352
181493: -343 -370
181494: -343 -379
181495: -343 -388
181496: -343 -397
181498: -352 -370
181499: -352 -379
181500: -352 -388
181501: -352 -397
181502: -361 -370
181503: -361 -379
181504: -361 -388
181505: -361 -397
181506: -370 -379
181507: -370 -388
181508: -370 -397
181509: -379 -388
181510: -379 -397
181511: -388 -397
181512: 325 334 343 352 361 370 379 388 397
181513: -326 -335
181521: -335 -344
181522: -335 -353
181549: 326 335 344 353 362 371 380 389 398
181550: -327 -336
181551: -327 -345
181552: -327 -354
181553: -327 -363
181554: -327 -372
181555: -327 -381
181556: -327 -390
181557: -327 -399
181559: -336 -354
181560: -336 -363
181561: -336 -372
181562: -336 -381
181563: -336 -390
181564: -336 -399
181571: -354 -363
181586: 327 336 345 354 363 372 381 390 399
181598: -337 -373
181602: -346 -355
181604: -346 -373
181606: -346 -391
181607: -346 -400
181610: -355 -382
181611: -355 -391
181612: -355 -400
181617: -373 -382
181618: -373 -391
181619: -373 -400
181620: -382 -391
181621: -382 -400
181622: -391 -400
181623: 328 337 346 355 364 373 382 391 400
181624: -329 -338
181627: -329 -365
181628: -329 -374
181629: -329 -383
181630: -329 -392
181632: -338 -347
181633: -338 -356
181634: -338 -365
181635: -338 -374
181637: -338 -392
181638: -338 -401
181657: -383 -392
181658: -383 -401
181660: 329 338 347 356 365 374 383 392 401
181662: -330 -348
181663: -330 -357
181664: -330 -366
181665: -330 -375
181666: -330 -384
181667: -330 -393
181668: -330 -402
181682: -357 -366
181684: -357 -384
181685: -357 -393
181697: 330 339 348 357 366 375 384 393 402
181698: -331 -340
181700: -331 -358
181701: -331 -367
181703: -331 -385
181704: -331 -394
181705: -331 -403
181706: -340 -349
181707: -340 -358
181708: -340 -367
181709: -340 -376
181710: -340 -385
181711: -340 -394
181712: -340 -403
181714: -349 -367
181719: -358 -367
181722: -358 -394
181726: -367 -394
181733: -394 -403
181734: 331 340 349 358 367 376 385 394 403
181735: -332 -341
181739: -332 -377
181740: -332 -386
181741: -332 -395
181742: -332 -404
181743: -341 -350
181744: -341 -359
181745: -341 -368
181747: -341 -386
181748: -341 -395
181749: -341 -404
181751: -350 -368
181756: -359 -368
181758: -359 -386
181760: -359 -404
181762: -368 -386
181764: -368 -404
181771: 332 341 350 359 368 377 386 395 404
181772: -333 -342
181774: -333 -360
181775: -333 -369
181776: -333 -378
181777: -333 -387
181778: -333 -396
181780: -342 -351
181781: -342 -360
181782: -342 -369
181784: -342 -387
181785: -342 -396
181786: -342 -405
181793: -360 -369
181794: -360 -378
181795: -360 -387
181796: -360 -396
181805: -387 -396
181808: 333 342 351 360 369 378 387 396 405
181824: -424 -433
181827: -424 -460
181828: -424 -469
181829: -424 -478
181830: -433 -442
181832: -433 -460
181833: -433 -469
181834: -433 -478
181836: -442 -460
181837: -442 -469
181838: -442 -478
181842: -460 -469
181843: -460 -478
181844: -469 -478
181845: 406 415 424 433 442 451 460 469 478
181849: -407 -443
181877: -452 -470
181878: -452 -479
181881: -470 -479
181882: 407 416 425 434 443 452 461 470 479
181884: -408 -426
181886: -408 -444
181887: -408 -453
181888: -408 -462
181889: -408 -471
181890: -408 -480
181914: -453 -471
181915: -453 -480
181919: 408 417 426 435 444 453 462 471 480
181921: -409 -427
181922: -409 -436
181923: -409 -445
181924: -409 -454
181925: -409 -463
181926: -409 -472
181927: -409 -481
181935: -427 -436
181936: -427 -445
181937: -427 -454
181938: -427 -463
181940: -427 -481
181947: -445 -463
181949: -445 -481
181953: -463 -472
181956: 409 418 427 436 445 454 463 472 481
181996: -411 -438
181997: -411 -447
181998: -411 -456
181999: -411 -465
182000: -411 -474
182001: -411 -483
182030: 411 420 429 438 447 456 465 474 483
182032: -412 -430
182033: -412 -439
182034: -412 -448
182035: -412 -457
182037: -412 -475
182038: -412 -484
182047: -430 -448
182050: -430 -475
182051: -430 -484
182053: -439 -457
182056: -439 -484
182059: -448 -475
182060: -448 -484
182062: -457 -475
182063: -457 -484
182066: -475 -484
182067: 412 421 430 439 448 457 466 475 484
182069: -413 -431
182070: -413 -440
182071: -413 -449
182072: -413 -458
182073: -413 -467
182074: -413 -476
182075: -413 -485
182084: -431 -449
182085: -431 -458
182086: -431 -467
182087: -431 -476
182088: -431 -485
182089: -440 -449
182090: -440 -458
182091: -440 -467
182094: -449 -458
182095: -449 -467
182097: -449 -485
182098: -458 -467
182100: -458 -485
182102: -467 -485
182104: 413 422 431 440 449 458 467 476 485
182106: -414 -432
182107: -414 -441
182108: -414 -450
182109: -414 -459
182110: -414 -468
182111: -414 -477
182112: -414 -486
182121: -432 -450
182123: -432 -468
182125: -432 -486
182127: -441 -459
182132: -450 -468
182135: -459 -468
182136: -459 -477
182138: -468 -477
182141: 414 423 432 441 450 459 468 477 486
182158: -505 -523
182161: -505 -550
182162: -505 -559
182163: -514 -523
182166: -514 -550
182167: -514 -559
182168: -523 -532
182170: -523 -550
182171: -523 -559
182173: -532 -550
182174: -532 -559
182177: -550 -559
182178: 487 496 505 514 523 532 541 550 559
182179: -488 -497
182181: -488 -515
182183: -488 -533
182184: -488 -542
182185: -488 -551
182186: -488 -560
182189: -497 -524
182194: -506 -515
182196: -506 -533
182197: -506 -542
182201: -515 -533
182206: -524 -542
182208: -524 -560
182209: -533 -542
182210: -533 -551
182211: -533 -560
182212: -542 -551
182215: 488 497 506 515 524 533 542 551 560
182218: -489 -516
182219: -489 -525
182220: -489 -534
182221: -489 -543
182222: -489 -552
182223: -489 -561
182224: -498 -507
182227: -498 -534
182228: -498 -543
182233: -507 -534
182236: -507 -561
182239: -516 -543
182242: -525 -534
182244: -525 -552
182246: -534 -543
182249: -543 -552
182250: -543 -561
182252: 489 498 507 516 525 534 543 552 561
182253: -490 -499
182254: -490 -508
182255: -490 -517
182256: -490 -526
182257: -490 -535
182258: -490 -544
182259: -490 -553
182260: -490 -562
182265: -499 -544
182268: -508 -517
182269: -508 -526
182270: -508 -535
182271: -508 -544
182272: -508 -553
182273: -508 -562
182276: -517 -544
182277: -517 -553
182280: -526 -544
182283: -535 -544
182286: -544 -553
182287: -544 -562
182289: 490 499 508 517 526 535 544 553 562
182290: -491 -500
182291: -491 -509
182292: -491 -518
182293: -491 -527
182294: -491 -536
182295: -491 -545
182296: -491 -554
182297: -491 -563
182298: -500 -509
182302: -500 -545
182303: -500 -554
182306: -509 -527
182307: -509 -536
182308: -509 -545
182312: -518 -536
182313: -518 -545
182316: -527 -536
182320: -536 -545
182323: -545 -554
182324: -545 -563
182326: 491 500 509 518 527 536 545 554 563
182327: -492 -501
182328: -492 -510
182330: -492 -528
182331: -492 -537
182332: -492 -546
182333: -492 -555
182334: -492 -564
182347: -510 -564
182350: -519 -546
182354: -528 -546
182357: -537 -546
182360: -546 -555
182361: -546 -564
182363: 492 501 510 519 528 537 546 555 564
182372: -502 -511
182373: -502 -520
182374: -502 -529
182375: -502 -538
182377: -502 -556
182378: -502 -565
182379: -511 -520
182380: -511 -529
182381: -511 -538
182383: -511 -556
182384: -511 -565
182385: -520 -529
182386: -520 -538
182388: -520 -556
182389: -520 -565
182390: -529 -538
182392: -529 -556
182393: -529 -565
182395: -538 -556
182396: -538 -565
182399: -556 -565
182400: 493 502 511 520 529 538 547 556 565
182401: -494 -503
182402: -494 -512
182403: -494 -521
182404: -494 -530
182405: -494 -539
182406: -494 -548
182407: -494 -557
182408: -494 -566
182409: -503 -512
182413: -503 -548
182415: -503 -566
182418: -512 -539
182419: -512 -548
182421: -512 -566
182424: -521 -548
182427: -530 -539
182428: -530 -548
182430: -530 -566
182431: -539 -548
182433: -539 -566
182434: -548 -557
182435: -548 -566
182437: 494 503 512 521 530 539 548 557 566
182438: -495 -504
182439: -495 -513
182440: -495 -522
182441: -495 -531
182442: -495 -540
182443: -495 -549
182444: -495 -558
182445: -495 -567
182448: -504 -531
182450: -504 -549
182453: -513 -522
182454: -513 -531
182455: -513 -540
182456: -513 -549
182461: -522 -549
182465: -531 -549
182466: -531 -558
182468: -540 -549
182471: -549 -558
182472: -549 -567
182474: 495 504 513 522 531 540 549 558 567
182483: -577 -586
182484: -577 -595
182485: -577 -604
182487: -577 -622
182489: -577 -640
182490: -586 -595
182491: -586 -604
182493: -586 -622
182495: -586 -640
182498: -595 -622
182500: -595 -640
182502: -604 -622
182504: -604 -640
182505: -613 -622
182507: -613 -640
182509: -622 -640
182511: 568 577 586 595 604 613 622 631 640
182512: -569 -578
182513: -569 -587
182514: -569 -596
182516: -569 -614
182517: -569 -623
182518: -569 -632
182519: -569 -641
182522: -578 -605
182525: -578 -632
182529: -587 -614
182531: -587 -632
182540: -605 -632
182542: -614 -623
182543: -614 -632
182545: -623 -632
182547: -632 -641
182548: 569 578 587 596 605 614 623 632 641
182549: -570 -579
182550: -570 -588
182551: -570 -597
182552: -570 -606
182553: -570 -615
182554: -570 -624
182555: -570 -633
182556: -570 -642
182557: -579 -588
182562: -579 -633
182565: -588 -606
182566: -588 -615
182567: -588 -624
182569: -588 -642
182573: -597 -633
182574: -597 -642
182577: -606 -633
182578: -606 -642
182579: -615 -624
182580: -615 -633
182584: -633 -642
182585: 570 579 588 597 606 615 624 633 642
182586: -571 -580
182587: -571 -589
182588: -571 -598
182589: -571 -607
182590: -571 -616
182591: -571 -625
182592: -571 -634
182593: -571 -643
182594: -580 -589
182599: -580 -634
182601: -589 -598
182602: -589 -607
182603: -589 -616
182604: -589 -625
182605: -589 -634
182606: -589 -643
182610: -598 -634
182614: -607 -634
182617: -616 -634
182619: -625 -634
182621: -634 -643
182622: 571 580 589 598 607 616 625 634 643
182623: -572 -581
182624: -572 -590
182625: -572 -599
182626: -572 -608
182627: -572 -617
182628: -572 -626
182629: -572 -635
182630: -572 -644
182631: -581 -590
182638: -590 -599
182639: -590 -608
182641: -590 -626
182642: -590 -635
182644: -599 -608
182645: -599 -617
182646: -599 -626
182647: -599 -635
182652: -608 -644
182654: -617 -635
182656: -626 -635
182658: -635 -644
182659: 572 581 590 599 608 617 626 635 644
182661: -573 -591
182662: -573 -600
182663: -573 -609
182664: -573 -618
182665: -573 -627
182666: -573 -636
182667: -573 -645
182670: -582 -609
182674: -582 -645
182684: -600 -636
182688: -609 -636
182691: -618 -636
182693: -627 -636
182695: -636 -645
182696: 573 582 591 600 609 618 627 636 645
182697: -574 -583
182698: -574 -592
182699: -574 -601
182700: -574 -610
182701: -574 -619
182702: -574 -628
182703: -574 -637
182704: -574 -646
182705: -583 -592
182708: -583 -619
182710: -583 -637
182712: -592 -601
182713: -592 -610
182714: -592 -619
182715: -592 -628
182716: -592 -637
182717: -592 -646
182718: -601 -610
182721: -601 -637
182723: -610 -619
182725: -610 -637
182727: -619 -628
182728: -619 -637
182729: -619 -646
182732: -637 -646
182733: 574 583 592 601 610 619 628 637 646
182742: -584 -593
182743: -584 -602
182745: -584 -620
182746: -584 -629
182748: -584 -647
182749: -593 -602
182750: -593 -611
182751: -593 -620
182752: -593 -629
182754: -593 -647
182755: -602 -611
182756: -602 -620
182757: -602 -629
182759: -602 -647
182760: -611 -620
182761: -611 -629
182763: -611 -647
182764: -620 -629
182766: -620 -647
182768: -629 -647
182770: 575 584 593 602 611 620 629 638 647
182771: -576 -585
182772: -576 -594
182773: -576 -603
182774: -576 -612
182775: -576 -621
182776: -576 -630
182777: -576 -639
182778: -576 -648
182779: -585 -594
182783: -585 -630
182784: -585 -639
182786: -594 -603
182787: -594 -612
182789: -594 -630
182790: -594 -639
182795: -603 -639
182798: -612 -630
182799: -612 -639
182801: -621 -630
182802: -621 -639
182804: -630 -639
182805: -630 -648
182806: -639 -648
182807: 576 585 594 603 612 621 630 639 648
182820: -658 -703
182821: -658 -712
182823: -667 -676
182824: -667 -685
182826: -667 -703
182827: -667 -712
182829: -676 -685
182831: -676 -703
182832: -676 -712
182835: -685 -703
182836: -685 -712
182838: -694 -703
182839: -694 -712
182841: -703 -712
182844: 649 658 667 676 685 694 703 712 721
182845: -650 -659
182846: -650 -668
182847: -650 -677
182848: -650 -686
182849: -650 -695
182850: -650 -704
182851: -650 -713
182852: -650 -722
182865: -668 -722
182868: -677 -704
182871: -686 -695
182876: -695 -713
182877: -695 -722
182879: -704 -722
182880: -713 -722
182881: 650 659 668 677 686 695 704 713 722
182882: -651 -660
182883: -651 -669
182884: -651 -678
182885: -651 -687
182886: -651 -696
182887: -651 -705
182888: -651 -714
182889: -651 -723
182896: -660 -723
182898: -669 -687
182900: -669 -705
182901: -669 -714
182907: -678 -723
182911: -687 -723
182912: -696 -705
182913: -696 -714
182914: -696 -723
182916: -705 -723
182917: -714 -723
182918: 651 660 669 678 687 696 705 714 723
182919: -652 -661
182920: -652 -670
182921: -652 -679
182922: -652 -688
182923: -652 -697
182924: -652 -706
182925: -652 -715
182926: -652 -724
182927: -661 -670
182933: -661 -724
182936: -670 -697
182937: -670 -706
182938: -670 -715
182939: -670 -724
182948: -688 -724
182951: -697 -724
182953: -706 -724
182954: -715 -724
182955: 652 661 670 679 688 697 706 715 724
182956: -653 -662
182957: -653 -671
182958: -653 -680
182961: -653 -707
182962: -653 -716
182963: -653 -725
182964: -662 -671
182971: -671 -680
182972: -671 -689
182976: -671 -725
182978: -680 -698
182980: -680 -716
182981: -680 -725
182983: -689 -707
182984: -689 -716
182988: -698 -725
182990: -707 -725
182991: -716 -725
182992: 653 662 671 680 689 698 707 716 725
182993: -654 -663
182994: -654 -672
182995: -654 -681
182996: -654 -690
182997: -654 -699
182998: -654 -708
182999: -654 -717
183000: -654 -726
183022: -690 -726
183027: -708 -726
183029: 654 663 672 681 690 699 708 717 726
183030: -655 -664
183031: -655 -673
183032: -655 -682
183033: -655 -691
183034: -655 -700
183035: -655 -709
183036: -655 -718
183037: -655 -727
183038: -664 -673
183044: -664 -727
183047: -673 -700
183049: -673 -718
183050: -673 -727
183055: -682 -727
183059: -691 -727
183060: -700 -709
183062: -700 -727
183065: -718 -727
183066: 655 664 673 682 691 700 709 718 727
183067: -656 -665
183068: -656 -674
183069: -656 -683
183070: -656 -692
183071: -656 -701
183072: -656 -710
183073: -656 -719
183074: -656 -728
183077: -665 -692
183079: -665 -710
183081: -665 -728
183084: -674 -701
183085: -674 -710
183086: -674 -719
183087: -674 -728
183092: -683 -728
183096: -692 -728
183097: -701 -710
183099: -701 -728
183101: -710 -728
183103: 656 665 674 683 692 701 710 719 728
183112: -666 -675
183113: -666 -684
183114: -666 -693
183116: -666 -711
183117: -666 -720
183119: -675 -684
183120: -675 -693
183121: -675 -702
183122: -675 -711
183123: -675 -720
183125: -684 -693
183126: -684 -702
183127: -684 -711
183128: -684 -720
183130: -693 -702
183131: -693 -711
183132: -693 -720
183134: -702 -711
183135: -702 -720
183137: -711 -720
183140: 657 666 675 684 693 702 711 720 729
183241: -173 -92 93
183243: -173 -94 255
183245: -173 -96 417
183246: -173 -97 498
183247: -173 -98 579
183248: -173 -99 660
183254: -254 -96 418
183259: -335 -92 95
183312: -102 -181 20
183317: -102 -186 425
183318: -102 -187 506
183319: -102 -188 587
183320: -102 -189 668
183332: -264 -183 184
183333: -264 -184 265
183334: -264 -185 346
183335: -264 -186 427
183336: -264 -187 508
183337: -264 -188 589
183338: -264 -189 670
183348: -426 -181 24
183352: -426 -185 348
183354: -426 -187 510
183355: -426 -188 591
183356: -426 -189 672
183358: -507 -182 106
183359: -507 -183 187
183361: -507 -185 349
183362: -507 -186 430
183364: -507 -188 592
183365: -507 -189 673
183366: -588 -181 26
183368: -588 -183 188
183370: -588 -185 350
183371: -588 -186 431
183372: -588 -187 512
183374: -588 -189 674
183379: -669 -185 351
183380: -669 -186 432
183381: -669 -187 513
183382: -669 -188 594
183394: -112 -272 110
183396: -112 -274 272
183401: -112 -279 677
183421: -355 -272 113
183423: -355 -274 275
183424: -355 -275 356
183425: -355 -276 437
183426: -355 -277 518
183427: -355 -278 599
183428: -355 -279 680
183432: -436 -274 276
183441: -517 -274 277
183459: -679 -274 279
183487: -203 -365 363
183489: -203 -367 525
183494: -284 -363 202
183519: -527 -361 43
183523: -527 -365 367
183528: -608 -361 44
183530: -608 -363 206
183532: -608 -365 368
183533: -608 -366 449
183534: -608 -367 530
183535: -608 -368 611
183536: -608 -369 692
183537: -689 -361 45
183542: -689 -366 450
183544: -689 -368 612
183584: -375 -453 212
183610: -618 -452 134
183611: -618 -453 215
183627: -61 -541 55
183628: -61 -542 136
183629: -61 -543 217
183630: -61 -544 298
183631: -61 -545 379
183632: -61 -546 460
183634: -61 -548 622
183635: -61 -549 703
183638: -142 -543 218
183639: -142 -544 299
183640: -142 -545 380
183641: -142 -546 461
183643: -142 -548 623
183644: -142 -549 704
183648: -223 -544 300
183650: -223 -546 462
183652: -223 -548 624
183653: -223 -549 705
183655: -304 -542 139
183656: -304 -543 220
183658: -304 -545 382
183659: -304 -546 463
183661: -304 -548 625
183662: -304 -549 706
183664: -385 -542 140
183665: -385 -543 221
183666: -385 -544 302
183670: -385 -548 626
183671: -385 -549 707
183674: -466 -543 222
183676: -466 -545 384
183679: -466 -548 627
183680: -466 -549 708
183692: -628 -543 224
183693: -628 -544 305
183694: -628 -545 386
183695: -628 -546 467
183698: -628 -549 710
183701: -709 -543 225
183702: -709 -544 306
183704: -709 -546 468
183706: -709 -548 630
183708: -71 -631 64
183709: -71 -632 145
183710: -71 -633 226
183711: -71 -634 307
183712: -71 -635 388
183713: -71 -636 469
183714: -71 -637 550
183716: -71 -639 712
183719: -152 -633 227
183720: -152 -634 308
183722: -152 -636 470
183723: -152 -637 551
183725: -152 -639 713
183729: -233 -634 309
183730: -233 -635 390
183732: -233 -637 552
183734: -233 -639 714
183736: -314 -632 148
183737: -314 -633 229
183741: -314 -637 553
183743: -314 -639 715
183745: -395 -632 149
183746: -395 -633 230
183747: -395 -634 311
183748: -395 -635 392
183750: -395 -637 554
183752: -395 -639 716
183754: -476 -632 150
183755: -476 -633 231
183756: -476 -634 312
183757: -476 -635 393
183759: -476 -637 555
183761: -476 -639 717
183763: -557 -632 151
183764: -557 -633 232
183765: -557 -634 313
183766: -557 -635 394
183770: -557 -639 718
183781: -719 -632 153
183782: -719 -633 234
183783: -719 -634 315
183784: -719 -635 396
183785: -719 -636 477
183786: -719 -637 558
183789: -81 -721 73
183790: -81 -722 154
183791: -81 -723 235
183792: -81 -724 316
183793: -81 -725 397
183794: -81 -726 478
183795: -81 -727 559
183796: -81 -728 640
183800: -162 -723 236
183801: -162 -724 317
183804: -162 -727 560
183805: -162 -728 641
183810: -243 -724 318
183811: -243 -725 399
183814: -243 -728 642
183818: -324 -723 238
183820: -324 -725 400
183822: -324 -727 562
183823: -324 -728 643
183827: -405 -723 239
183828: -405 -724 320
183831: -405 -727 563
183832: -405 -728 644
183836: -486 -723 240
183837: -486 -724 321
183840: -486 -727 564
183841: -486 -728 645
183846: -567 -724 322
183850: -567 -728 646
183853: -648 -722 161
183854: -648 -723 242
183855: -648 -724 323
183856: -648 -725 404
183858: -648 -727 566
184772: -93 -173 -93 182
184846: -94 -253 -86 352
185043: -96 -419 -121 293
185047: -96 -419 -125 617
185048: -96 -419 -126 698
185108: -97 -498 -105 462
185111: -97 -498 -108 705
185190: -98 -579 -106 552
185356: -181 -22 -191 85
185359: -181 -22 -194 328
185361: -181 -22 -196 490
185362: -181 -22 -197 571
185363: -181 -22 -198 652
185655: -185 -343 -166 280
185679: -185 -346 -190 40
185684: -185 -346 -195 445
185736: -186 -424 -166 289
185739: -186 -424 -169 532
185756: -186 -426 -186 453
185761: -186 -427 -191 130
185764: -186 -427 -194 373
185766: -186 -427 -196 535
185767: -186 -427 -197 616
185768: -186 -427 -198 697
185798: -186 -431 -228 215
185800: -186 -431 -230 377
185802: -186 -431 -232 539
185805: -186 -432 -235 54
185809: -186 -432 -239 378
185838: -187 -507 -187 543
185842: -187 -508 -191 139
185845: -187 -508 -194 382
185923: -188 -589 -191 148
185926: -188 -589 -194 391
185971: -188 -594 -239 396
185978: -189 -667 -165 235
186003: -189 -670 -190 76
186007: -189 -670 -194 400
186008: -189 -670 -195 481
186095: -271 -32 -282 167
186099: -271 -32 -286 491
186100: -271 -32 -287 572
186101: -271 -32 -288 653
186140: -272 -109 -246 172
186142: -272 -109 -248 334
186143: -272 -109 -249 415
186144: -272 -109 -250 496
186145: -272 -109 -251 577
186146: -272 -109 -252 658
186464: -276 -433 -246 208
186466: -276 -433 -248 370
186468: -276 -433 -250 532
186469: -276 -433 -251 613
186470: -276 -433 -252 694
186486: -276 -435 -268 534
186487: -276 -435 -269 615
186488: -276 -435 -270 696
186523: -276 -439 -305 619
186531: -276 -440 -313 539
186533: -276 -440 -315 701
186580: -277 -518 -281 140
186632: -278 -595 -252 712
186661: -278 -599 -281 149
186662: -278 -599 -282 230
186667: -278 -599 -287 635
186742: -279 -680 -281 158
186747: -279 -680 -286 563
186833: -361 -42 -372 168
186834: -361 -42 -373 249
186835: -361 -42 -374 330
186837: -361 -42 -376 492
186838: -361 -42 -377 573
186839: -361 -42 -378 654
186953: -363 -199 -330 424
186963: -363 -200 -340 506
187224: -366 -445 -358 535
187262: -366 -449 -396 701
187277: -367 -523 -330 460
187599: -452 -127 -409 253
187602: -452 -127 -412 496
187603: -452 -127 -413 577
187604: -452 -127 -414 658
187680: -453 -208 -409 262
187683: -453 -208 -412 505
187685: -453 -208 -414 667
187690: -453 -209 -419 344
187746: -453 -215 -475 512
187748: -453 -215 -477 674
187760: -454 -289 -408 190
187766: -454 -289 -414 676
187791: -454 -292 -439 517
188085: -458 -613 -409 307
188103: -458 -615 -427 309
188327: -542 -136 -489 172
188328: -542 -136 -490 253
188329: -542 -136 -491 334
188330: -542 -136 -492 415
188332: -542 -136 -494 577
188333: -542 -136 -495 658
188407: -543 -217 -488 100
188409: -543 -217 -490 262
188410: -543 -217 -491 343
188411: -543 -217 -492 424
188413: -543 -217 -494 586
188414: -543 -217 -495 667
188488: -544 -298 -488 109
188489: -544 -298 -489 190
188491: -544 -298 -491 352
188492: -544 -298 -492 433
188494: -544 -298 -494 595
188495: -544 -298 -495 676
188544: -544 -304 -544 277
188569: -545 -379 -488 118
188570: -545 -379 -489 199
188571: -545 -379 -490 280
188573: -545 -379 -492 442
188575: -545 -379 -494 604
188576: -545 -379 -495 685
188626: -545 -385 -545 367
188650: -546 -460 -488 127
188651: -546 -460 -489 208
188652: -546 -460 -490 289
188653: -546 -460 -491 370
188654: -546 -460 -492 451
188656: -546 -460 -494 613
188657: -546 -460 -495 694
188812: -548 -622 -488 145
188813: -548 -622 -489 226
188814: -548 -622 -490 307
188815: -548 -622 -491 388
188816: -548 -622 -492 469
188819: -548 -622 -495 712
188893: -549 -703 -488 154
188894: -549 -703 -489 235
188895: -549 -703 -490 316
188896: -549 -703 -491 397
188897: -549 -703 -492 478
188899: -549 -703 -494 640
189056: -632 -145 -570 172
189057: -632 -145 -571 253
189058: -632 -145 -572 334
189059: -632 -145 -573 415
189060: -632 -145 -574 496
189062: -632 -145 -576 658
189136: -633 -226 -569 100
189138: -633 -226 -571 262
189139: -633 -226 -572 343
189140: -633 -226 -573 424
189141: -633 -226 -574 505
189143: -633 -226 -576 667
189217: -634 -307 -569 109
189218: -634 -307 -570 190
189220: -634 -307 -572 352
189221: -634 -307 -573 433
189222: -634 -307 -574 514
189224: -634 -307 -576 676
189298: -635 -388 -569 118
189299: -635 -388 -570 199
189300: -635 -388 -571 280
189302: -635 -388 -573 442
189303: -635 -388 -574 523
189305: -635 -388 -576 685
189364: -635 -395 -635 368
189380: -636 -469 -570 208
189381: -636 -469 -571 289
189382: -636 -469 -572 370
189384: -636 -469 -574 532
189386: -636 -469 -576 694
189460: -637 -550 -569 136
189461: -637 -550 -570 217
189462: -637 -550 -571 298
189463: -637 -550 -572 379
189464: -637 -550 -573 460
189467: -637 -550 -576 703
189622: -639 -712 -569 154
189623: -639 -712 -570 235
189624: -639 -712 -571 316
189625: -639 -712 -572 397
189626: -639 -712 -573 478
189627: -639 -712 -574 559
189785: -722 -154 -651 172
189786: -722 -154 -652 253
189787: -722 -154 -653 334
189788: -722 -154 -654 415
189789: -722 -154 -655 496
189790: -722 -154 -656 577
189865: -723 -235 -650 100
189867: -723 -235 -652 262
189868: -723 -235 -653 343
189869: -723 -235 -654 424
189871: -723 -235 -656 586
189946: -724 -316 -650 109
189947: -724 -316 -651 190
189949: -724 -316 -653 352
189950: -724 -316 -654 433
189951: -724 -316 -655 514
189952: -724 -316 -656 595
190027: -725 -397 -650 118
190028: -725 -397 -651 199
190029: -725 -397 -652 280
190031: -725 -397 -654 442
190032: -725 -397 -655 523
190033: -725 -397 -656 604
190102: -725 -405 -725 369
190109: -726 -478 -651 208
190110: -726 -478 -652 289
190113: -726 -478 -655 532
190114: -726 -478 -656 613
190189: -727 -559 -650 136
190190: -727 -559 -651 217
190191: -727 -559 -652 298
190192: -727 -559 -653 379
190193: -727 -559 -654 460
190195: -727 -559 -656 622
190270: -728 -640 -650 145
190271: -728 -640 -651 226
190272: -728 -640 -652 307
190273: -728 -640 -653 388
190274: -728 -640 -654 469
190275: -728 -640 -655 550
191607: -96 -419 -137 536
191608: -96 -419 -146 617
191609: -96 -419 -155 698
191917: -181 -22 -174 85
191920: -181 -22 -201 328
191922: -181 -22 -219 490
191923: -181 -22 -228 571
191924: -181 -22 -237 652
192302: -186 -424 -237 694
192325: -186 -427 -201 373
192328: -186 -427 -228 616
192361: -186 -431 -201 377
192363: -186 -431 -219 539
192365: -186 -431 -237 701
192370: -186 -432 -201 378
192383: -187 -505 -237 703
192487: -188 -589 -201 391
192564: -189 -670 -165 76
192565: -189 -670 -174 157
192568: -189 -670 -201 400
192598: -189 -673 -228 646
192656: -271 -32 -265 167
192662: -271 -32 -319 653
192703: -272 -109 -283 334
192704: -272 -109 -292 415
192705: -272 -109 -301 496
192707: -272 -109 -319 658
192719: -272 -111 -265 174
192751: -272 -114 -310 582
193084: -276 -439 -310 619
193141: -277 -518 -256 140
193148: -277 -518 -319 707
193222: -278 -599 -256 149
193228: -278 -599 -310 635
193229: -278 -599 -319 716
193303: -279 -680 -256 158
193304: -279 -680 -265 239
193308: -279 -680 -301 563
193393: -361 -42 -338 87
193397: -361 -42 -374 411
193398: -361 -42 -383 492
193399: -361 -42 -392 573
193400: -361 -42 -401 654
193482: -362 -124 -329 16
193484: -362 -124 -347 178
193510: -363 -199 -338 100
194220: -452 -134 -411 17
194292: -453 -214 -411 25
194301: -453 -215 -411 26
194373: -454 -295 -411 34
194382: -454 -296 -411 35
194391: -454 -297 -411 36
194888: -542 -136 -511 172
194889: -542 -136 -520 253
194890: -542 -136 -529 334
194891: -542 -136 -538 415
194893: -542 -136 -556 577
194894: -542 -136 -565 658
194907: -542 -138 -520 255
194968: -543 -217 -502 100
194970: -543 -217 -520 262
194971: -543 -217 -529 343
194972: -543 -217 -538 424
194974: -543 -217 -556 586
195049: -544 -298 -502 109
195050: -544 -298 -511 190
195052: -544 -298 -529 352
195053: -544 -298 -538 433
195055: -544 -298 -556 595
195056: -544 -298 -565 676
195100: -544 -303 -556 600
195130: -545 -379 -502 118
195131: -545 -379 -511 199
195132: -545 -379 -520 280
195136: -545 -379 -556 604
195137: -545 -379 -565 685
195211: -546 -460 -502 127
195212: -546 -460 -511 208
195213: -546 -460 -520 289
195214: -546 -460 -529 370
195217: -546 -460 -556 613
195218: -546 -460 -565 694
195276: -546 -467 -520 296
195373: -548 -622 -502 145
195374: -548 -622 -511 226
195375: -548 -622 -520 307
195376: -548 -622 -529 388
195377: -548 -622 -538 469
195379: -548 -622 -556 631
195380: -548 -622 -565 712
195389: -548 -623 -565 713
195447: -548 -630 -520 315
195454: -549 -703 -502 154
195455: -549 -703 -511 235
195456: -549 -703 -520 316
195457: -549 -703 -529 397
195458: -549 -703 -538 478
195460: -549 -703 -556 640
195461: -549 -703 -565 721
195528: -549 -711 -520 324
195619: -632 -145 -611 334
195620: -632 -145 -620 415
195621: -632 -145 -629 496
195623: -632 -145 -647 658
195697: -633 -226 -584 100
195699: -633 -226 -602 262
195700: -633 -226 -611 343
195701: -633 -226 -620 424
195702: -633 -226 -629 505
195704: -633 -226 -647 667
195710: -633 -227 -620 425
195778: -634 -307 -584 109
195779: -634 -307 -593 190
195781: -634 -307 -611 352
195782: -634 -307 -620 433
195783: -634 -307 -629 514
195785: -634 -307 -647 676
195833: -634 -313 -593 196
195859: -635 -388 -584 118
195860: -635 -388 -593 199
195861: -635 -388 -602 280
195863: -635 -388 -620 442
195864: -635 -388 -629 523
195866: -635 -388 -647 685
195933: -635 -396 -602 288
195940: -636 -469 -584 127
195942: -636 -469 -602 289
195943: -636 -469 -611 370
195945: -636 -469 -629 532
195947: -636 -469 -647 694
196021: -637 -550 -584 136
196022: -637 -550 -593 217
196023: -637 -550 -602 298
196024: -637 -550 -611 379
196025: -637 -550 -620 460
196028: -637 -550 -647 703
196067: -637 -555 -593 222
196075: -637 -556 -584 142
196076: -637 -556 -593 223
196183: -639 -712 -584 154
196184: -639 -712 -593 235
196185: -639 -712 -602 316
196186: -639 -712 -611 397
196187: -639 -712 -620 478
196188: -639 -712 -629 559
196203: -639 -714 -602 318
196255: -639 -720 -584 162
196347: -722 -154 -684 253
196348: -722 -154 -693 334
196349: -722 -154 -702 415
196350: -722 -154 -711 496
196351: -722 -154 -720 577
196365: -722 -156 -684 255
196374: -722 -157 -684 256
196392: -722 -159 -684 258
196401: -722 -160 -684 259
196426: -723 -235 -666 100
196428: -723 -235 -684 262
196429: -723 -235 -693 343
196430: -723 -235 -702 424
196431: -723 -235 -711 505
196432: -723 -235 -720 586
196507: -724 -316 -666 109
196508: -724 -316 -675 190
196511: -724 -316 -702 433
196512: -724 -316 -711 514
196513: -724 -316 -720 595
196553: -724 -321 -675 195
196571: -724 -323 -675 197
196588: -725 -397 -666 118
196589: -725 -397 -675 199
196590: -725 -397 -684 280
196592: -725 -397 -702 442
196593: -725 -397 -711 523
196594: -725 -397 -720 604
196598: -725 -398 -675 200
196634: -725 -402 -675 204
196669: -726 -478 -666 127
196671: -726 -478 -684 289
196672: -726 -478 -693 370
196674: -726 -478 -711 532
196675: -726 -478 -720 613
196750: -727 -559 -666 136
196751: -727 -559 -675 217
196752: -727 -559 -684 298
196753: -727 -559 -693 379
196754: -727 -559 -702 460
196756: -727 -559 -720 622
196795: -727 -564 -666 141
196808: -727 -565 -702 466
196814: -727 -566 -675 224
196831: -728 -640 -666 145
196832: -728 -640 -675 226
196833: -728 -640 -684 307
196834: -728 -640 -693 388
196835: -728 -640 -702 469
196836: -728 -640 -711 550
196841: -728 -641 -675 227
196876: -728 -645 -666 150
196992: -2 -1 -1
197110: -97 -92 -92
197256: -277 -274 -274
197274: -279 -274 -274
197338: -368 -365 -365
197625: -727 -684 -324
197640: -2 -82
197641: -2 -10
197642: -2 -91
197643: -2 -83
198336: -93 -174
198385: -93 -100 -12
198413: -94 -256
198642: -97 -137
198644: -97 -502
198656: -97 -498 -101
198689: -97 -504 -704
198720: -98 -632
198721: -98 -584
198798: -99 -666
198895: -181 -22 -246
198937: -181 -168 -210
198957: -182 -100 -12
199026: -184 -264
199029: -184 -265
199104: -185 -201
199106: -185 -347
199181: -186 -210
199183: -186 -429
199235: -186 -209 -105
199240: -186 -211 -264
199244: -186 -212 -348
199257: -187 -507
199258: -187 -219
199259: -187 -543
199260: -187 -511
199305: -187 -513 -705
199307: -187 -217 -165
199310: -187 -218 -174
199324: -187 -222 -430
199331: -187 -225 -237
199333: -187 -225 -673
199334: -188 -588
199335: -188 -228
199336: -188 -633
199337: -188 -593
199384: -188 -226 -165
199387: -188 -227 -174
199389: -188 -227 -107
199394: -188 -229 -264
199396: -188 -230 -201
199404: -188 -232 -512
199410: -188 -234 -674
199411: -189 -669
199412: -189 -237
199414: -189 -675
199461: -189 -235 -165
199464: -189 -236 -174
199466: -189 -236 -108
199473: -189 -239 -201
199475: -189 -239 -351
199489: -271 -247
199566: -272 -256
199568: -272 -110
199719: -275 -355
199722: -275 -356
199874: -277 -301
199875: -277 -544
199876: -277 -520
199901: -277 -518 -382
199921: -277 -522 -706
199923: -277 -298 -247
199936: -277 -302 -355
199953: -278 -602
199978: -278 -599 -391
199988: -278 -601 -553
199998: -278 -603 -715
200000: -278 -307 -247
200013: -278 -311 -355
200028: -279 -319
200030: -279 -684
200077: -279 -316 -247
200083: -279 -318 -265
200090: -279 -320 -355
200105: -361 -329
200134: -361 -42 -374
200136: -361 -42 -375
200182: -362 -338
200184: -362 -119
200185: -362 -335
200214: -362 -123 -419
200251: -362 -340 -524
200258: -363 -203
200261: -363 -201
200281: -363 -202 -266
200317: -363 -346 -356
200464: -366 -370 -42
200471: -366 -373 -356
200491: -367 -545
200492: -367 -529
200548: -367 -382 -356
200568: -368 -635
200569: -368 -611
200616: -368 -388 -329
200625: -368 -391 -356
200643: -369 -689
200646: -369 -693
200693: -369 -397 -329
200723: -451 -46
200876: -453 -186
200877: -453 -210
200878: -453 -426
200953: -454 -276
201107: -457 -546
201108: -457 -538
201155: -457 -460 -411
201184: -458 -636
201185: -458 -620
201230: -458 -621 -717
201232: -458 -469 -411
201261: -459 -726
201262: -459 -702
201309: -459 -478 -411
201413: -542 -142
201414: -542 -502
201490: -543 -223
201491: -543 -511
201493: -543 -219
201494: -543 -507
201541: -543 -505 -61
201567: -544 -304
201568: -544 -520
201569: -544 -277
201570: -544 -301
201618: -544 -514 -61
201644: -545 -385
201645: -545 -529
201647: -545 -383
201648: -545 -527
201695: -545 -523 -61
201721: -546 -466
201722: -546 -538
201724: -546 -465
201741: -546 -463 -520
201772: -546 -532 -61
201794: -546 -539 -627
201797: -546 -540 -708
201798: -548 -628
201799: -548 -556
201800: -548 -637
201801: -548 -629
201849: -548 -550 -61
201875: -549 -709
201876: -549 -565
201877: -549 -727
201878: -549 -711
201926: -549 -559 -61
202080: -632 -577 -71
202106: -633 -233
202107: -633 -593
202108: -633 -188
202110: -633 -588
202157: -633 -586 -71
202180: -633 -594 -647
202183: -634 -314
202184: -634 -602
202185: -634 -278
202186: -634 -310
202234: -634 -595 -71
202247: -634 -599 -391
202248: -634 -600 -620
202257: -634 -603 -647
202261: -635 -611
202263: -635 -392
202311: -635 -604 -71
202338: -636 -620
202388: -636 -613 -71
202414: -637 -557
202415: -637 -629
202416: -637 -548
202417: -637 -556
202418: -637 -628
202465: -637 -622 -71
202476: -637 -626 -611
202491: -639 -719
202492: -639 -647
202493: -639 -728
202494: -639 -720
202542: -639 -640 -71
202549: -639 -642 -234
202559: -639 -646 -629
202645: -722 -162
202646: -722 -666
202647: -722 -99
202722: -723 -243
202723: -723 -675
202726: -723 -669
202773: -723 -667 -81
202793: -723 -674 -720
202799: -724 -324
202800: -724 -684
202801: -724 -279
202802: -724 -319
202803: -724 -679
202850: -724 -676 -81
202863: -724 -680 -400
202876: -725 -405
202877: -725 -693
202878: -725 -369
202879: -725 -401
202880: -725 -689
202927: -725 -685 -81
202944: -725 -691 -711
202953: -726 -486
202954: -726 -702
202956: -726 -483
202957: -726 -699
203004: -726 -694 -81
203031: -727 -711
203033: -727 -565
203034: -727 -709
203081: -727 -703 -81
203092: -727 -707 -693
203107: -728 -648
203108: -728 -720
203109: -728 -639
203110: -728 -647
203111: -728 -719
203158: -728 -712 -81
203184: 2
203185: 12
203186: 22
203187: 32
203188: 42
203189: 46
203190: 61
203191: 71