7 2
UNSAT
0: -1 -2
8: -2 -3
9: -2 -4
10: -2 -5
11: -2 -6
12: -2 -7
13: -2 -8
14: -2 -9
52: -12 -13
53: -12 -14
54: -12 -15
55: -12 -16
56: -12 -17
57: -12 -18
95: -22 -23
96: -22 -24
97: -22 -25
98: -22 -26
99: -22 -27
114: -28 -32
137: -32 -33
138: -32 -34
139: -32 -35
140: -32 -36
152: -37 -42
178: -42 -43
179: -42 -44
180: -42 -45
190: -46 -52
218: -52 -53
219: -52 -54
228: -55 -62
229: -55 -63
294: -71 -72
369: 82 83 84 85 86 87 88 89 90
378: -92 -93
379: -92 -94
380: -92 -95
382: -92 -97
383: -92 -98
386: -93 -95
388: -93 -97
390: -93 -99
393: -94 -97
397: -95 -97
398: -95 -98
403: -97 -98
404: -97 -99
405: -98 -99
406: 91 92 93 94 95 96 97 98 99
407: -100 -101
408: -100 -102
409: -100 -103
410: -100 -104
412: -100 -106
413: -100 -107
414: -100 -108
416: -101 -103
419: -101 -106
420: -101 -107
421: -101 -108
423: -102 -104
425: -102 -106
426: -102 -107
427: -102 -108
430: -103 -106
431: -103 -107
432: -103 -108
434: -104 -106
435: -104 -107
436: -104 -108
440: -106 -107
441: -106 -108
442: -107 -108
443: 100 101 102 103 104 105 106 107 108
444: -109 -110
445: -109 -111
446: -109 -112
447: -109 -113
449: -109 -115
450: -109 -116
451: -109 -117
456: -110 -115
458: -110 -117
460: -111 -113
462: -111 -115
463: -111 -116
464: -111 -117
467: -112 -115
468: -112 -116
471: -113 -115
477: -115 -116
478: -115 -117
479: -116 -117
480: 109 110 111 112 113 114 115 116 117
481: -118 -119
482: -118 -120
483: -118 -121
484: -118 -122
486: -118 -124
487: -118 -125
488: -118 -126
489: -119 -120
490: -119 -121
493: -119 -124
494: -119 -125
495: -119 -126
496: -120 -121
497: -120 -122
499: -120 -124
500: -120 -125
501: -120 -126
502: -121 -122
504: -121 -124
505: -121 -125
506: -121 -126
508: -122 -124
509: -122 -125
510: -122 -126
514: -124 -125
515: -124 -126
516: -125 -126
517: 118 119 120 121 122 123 124 125 126
518: -127 -128
519: -127 -129
520: -127 -130
523: -127 -133
524: -127 -134
525: -127 -135
527: -128 -130
530: -128 -133
531: -128 -134
532: -128 -135
533: -129 -130
534: -129 -131
536: -129 -133
537: -129 -134
538: -129 -135
539: -130 -131
541: -130 -133
542: -130 -134
543: -130 -135
545: -131 -133
546: -131 -134
547: -131 -135
551: -133 -134
552: -133 -135
553: -134 -135
554: 127 128 129 130 131 132 133 134 135
555: -136 -137
556: -136 -138
557: -136 -139
558: -136 -140
560: -136 -142
561: -136 -143
562: -136 -144
569: -137 -144
573: -138 -142
574: -138 -143
575: -138 -144
583: -140 -143
588: -142 -143
589: -142 -144
590: -143 -144
591: 136 137 138 139 140 141 142 143 144
592: -145 -146
593: -145 -147
594: -145 -148
595: -145 -149
597: -145 -151
598: -145 -152
599: -145 -153
601: -146 -148
602: -146 -149
604: -146 -151
606: -146 -153
607: -147 -148
608: -147 -149
610: -147 -151
612: -147 -153
613: -148 -149
615: -148 -151
616: -148 -152
617: -148 -153
619: -149 -151
620: -149 -152
621: -149 -153
625: -151 -152
626: -151 -153
627: -152 -153
628: 145 146 147 148 149 150 151 152 153
629: -154 -155
630: -154 -156
631: -154 -157
632: -154 -158
634: -154 -160
635: -154 -161
636: -154 -162
637: -155 -156
638: -155 -157
639: -155 -158
641: -155 -160
643: -155 -162
644: -156 -157
645: -156 -158
647: -156 -160
648: -156 -161
650: -157 -158
652: -157 -160
653: -157 -161
654: -157 -162
656: -158 -160
657: -158 -161
658: -158 -162
662: -160 -161
663: -160 -162
664: -161 -162
665: 154 155 156 157 158 159 160 161 162
681: -165 -166
682: -165 -167
683: -165 -168
684: -165 -169
685: -165 -170
686: -165 -171
687: -166 -167
688: -166 -168
689: -166 -169
690: -166 -170
691: -166 -171
692: -167 -168
693: -167 -169
694: -167 -170
695: -167 -171
696: -168 -169
697: -168 -170
698: -168 -171
699: -169 -170
700: -169 -171
701: -170 -171
702: 163 164 165 166 167 168 169 170 171
703: -172 -173
707: -172 -177
708: -172 -178
710: -172 -180
711: -173 -174
712: -173 -175
714: -173 -177
716: -173 -179
717: -173 -180
723: -174 -180
732: -176 -180
733: -177 -178
735: -177 -180
736: -178 -179
737: -178 -180
739: 172 173 174 175 176 177 178 179 180
741: -181 -183
742: -181 -184
743: -181 -185
744: -181 -186
745: -181 -187
746: -181 -188
747: -181 -189
752: -182 -187
758: -183 -187
760: -183 -189
762: -184 -186
766: -185 -186
767: -185 -187
769: -185 -189
770: -186 -187
772: -186 -189
773: -187 -188
774: -187 -189
775: -188 -189
776: 181 182 183 184 185 186 187 188 189
777: -190 -191
778: -190 -192
779: -190 -193
780: -190 -194
781: -190 -195
782: -190 -196
783: -190 -197
784: -190 -198
788: -191 -195
791: -191 -198
794: -192 -195
799: -193 -195
803: -194 -195
807: -195 -196
808: -195 -197
809: -195 -198
811: -196 -198
813: 190 191 192 193 194 195 196 197 198
814: -199 -200
815: -199 -201
816: -199 -202
817: -199 -203
818: -199 -204
819: -199 -205
820: -199 -206
821: -199 -207
822: -200 -201
823: -200 -202
825: -200 -204
826: -200 -205
827: -200 -206
828: -200 -207
831: -201 -204
833: -201 -206
837: -202 -205
838: -202 -206
839: -202 -207
840: -203 -204
842: -203 -206
844: -204 -205
845: -204 -206
846: -204 -207
847: -205 -206
848: -205 -207
849: -206 -207
850: 199 200 201 202 203 204 205 206 207
851: -208 -209
852: -208 -210
853: -208 -211
854: -208 -212
855: -208 -213
856: -208 -214
857: -208 -215
858: -208 -216
859: -209 -210
860: -209 -211
861: -209 -212
862: -209 -213
864: -209 -215
865: -209 -216
866: -210 -211
869: -210 -214
871: -210 -216
875: -211 -215
881: -213 -214
882: -213 -215
883: -213 -216
884: -214 -215
885: -214 -216
886: -215 -216
887: 208 209 210 211 212 213 214 215 216
888: -217 -218
889: -217 -219
890: -217 -220
891: -217 -221
892: -217 -222
893: -217 -223
894: -217 -224
895: -217 -225
896: -218 -219
897: -218 -220
898: -218 -221
899: -218 -222
900: -218 -223
901: -218 -224
902: -218 -225
904: -219 -221
905: -219 -222
907: -219 -224
908: -219 -225
912: -220 -224
913: -220 -225
919: -222 -224
920: -222 -225
921: -223 -224
922: -223 -225
923: -224 -225
924: 217 218 219 220 221 222 223 224 225
925: -226 -227
926: -226 -228
927: -226 -229
928: -226 -230
929: -226 -231
930: -226 -232
931: -226 -233
932: -226 -234
934: -227 -229
935: -227 -230
936: -227 -231
937: -227 -232
938: -227 -233
939: -227 -234
942: -228 -231
943: -228 -232
944: -228 -233
945: -228 -234
947: -229 -231
950: -229 -234
951: -230 -231
954: -230 -234
955: -231 -232
956: -231 -233
957: -231 -234
960: -233 -234
961: 226 227 228 229 230 231 232 233 234
962: -235 -236
963: -235 -237
964: -235 -238
965: -235 -239
966: -235 -240
967: -235 -241
968: -235 -242
969: -235 -243
970: -236 -237
971: -236 -238
973: -236 -240
975: -236 -242
977: -237 -238
979: -237 -240
980: -237 -241
981: -237 -242
982: -237 -243
984: -238 -240
986: -238 -242
988: -239 -240
989: -239 -241
990: -239 -242
992: -240 -241
993: -240 -242
994: -240 -243
995: -241 -242
997: -242 -243
998: 235 236 237 238 239 240 241 242 243
1008: -245 -247
1009: -245 -248
1012: -245 -251
1013: -245 -252
1020: -247 -248
1023: -247 -251
1025: -248 -249
1026: -248 -250
1027: -248 -251
1028: -248 -252
1030: -249 -251
1032: -250 -251
1033: -250 -252
1034: -251 -252
1035: 244 245 246 247 248 249 250 251 252
1037: -253 -255
1039: -253 -257
1041: -253 -259
1042: -253 -260
1049: -254 -260
1050: -254 -261
1055: -255 -260
1056: -255 -261
1058: -256 -258
1059: -256 -259
1060: -256 -260
1062: -257 -258
1064: -257 -260
1067: -258 -260
1069: -259 -260
1071: -260 -261
1072: 253 254 255 256 257 258 259 260 261
1074: -262 -264
1075: -262 -265
1076: -262 -266
1079: -262 -269
1089: -264 -266
1090: -264 -267
1092: -264 -269
1094: -265 -266
1095: -265 -267
1097: -265 -269
1102: -266 -270
1104: -267 -269
1108: -269 -270
1109: 262 263 264 265 266 267 268 269 270
1111: -271 -273
1112: -271 -274
1113: -271 -275
1114: -271 -276
1125: -273 -274
1128: -273 -277
1129: -273 -278
1130: -273 -279
1132: -274 -276
1133: -274 -277
1135: -274 -279
1142: -276 -279
1146: 271 272 273 274 275 276 277 278 279
1149: -280 -283
1150: -280 -284
1151: -280 -285
1163: -282 -284
1166: -282 -287
1167: -282 -288
1169: -283 -285
1172: -283 -288
1178: -285 -287
1180: -286 -287
1181: -286 -288
1183: 280 281 282 283 284 285 286 287 288
1185: -289 -291
1187: -289 -293
1188: -289 -294
1192: -290 -291
1194: -290 -293
1195: -290 -294
1197: -290 -296
1198: -290 -297
1200: -291 -293
1201: -291 -294
1202: -291 -295
1203: -291 -296
1204: -291 -297
1206: -292 -294
1210: -293 -294
1213: -293 -297
1215: -294 -296
1216: -294 -297
1217: -295 -296
1220: 289 290 291 292 293 294 295 296 297
1221: -298 -299
1222: -298 -300
1223: -298 -301
1225: -298 -303
1226: -298 -304
1228: -298 -306
1229: -299 -300
1230: -299 -301
1232: -299 -303
1233: -299 -304
1234: -299 -305
1236: -300 -301
1237: -300 -302
1239: -300 -304
1240: -300 -305
1241: -300 -306
1247: -302 -303
1248: -302 -304
1254: -304 -305
1255: -304 -306
1256: -305 -306
1257: 298 299 300 301 302 303 304 305 306
1258: -307 -308
1259: -307 -309
1260: -307 -310
1261: -307 -311
1262: -307 -312
1263: -307 -313
1264: -307 -314
1265: -307 -315
1266: -308 -309
1272: -308 -315
1274: -309 -311
1275: -309 -312
1276: -309 -313
1278: -309 -315
1279: -310 -311
1282: -310 -314
1287: -311 -315
1290: -312 -315
1292: -313 -315
1293: -314 -315
1294: 307 308 309 310 311 312 313 314 315
1296: -316 -318
1299: -316 -321
1300: -316 -322
1301: -316 -323
1302: -316 -324
1303: -317 -318
1304: -317 -319
1305: -317 -320
1306: -317 -321
1307: -317 -322
1308: -317 -323
1309: -317 -324
1310: -318 -319
1311: -318 -320
1312: -318 -321
1313: -318 -322
1314: -318 -323
1315: -318 -324
1317: -319 -321
1319: -319 -323
1323: -320 -323
1324: -320 -324
1326: -321 -323
1327: -321 -324
1328: -322 -323
1330: -323 -324
1331: 316 317 318 319 320 321 322 323 324
1340: -326 -327
1341: -326 -328
1342: -326 -329
1343: -326 -330
1344: -326 -331
1345: -326 -332
1346: -326 -333
1347: -327 -328
1348: -327 -329
1349: -327 -330
1350: -327 -331
1351: -327 -332
1352: -327 -333
1353: -328 -329
1354: -328 -330
1355: -328 -331
1356: -328 -332
1357: -328 -333
1358: -329 -330
1359: -329 -331
1360: -329 -332
1361: -329 -333
1362: -330 -331
1363: -330 -332
1364: -330 -333
1365: -331 -332
1366: -331 -333
1367: -332 -333
1368: 325 326 327 328 329 330 331 332 333
1369: -334 -335
1370: -334 -336
1371: -334 -337
1372: -334 -338
1373: -334 -339
1374: -334 -340
1375: -334 -341
1376: -334 -342
1382: -335 -341
1387: -336 -340
1389: -336 -342
1393: -337 -341
1394: -337 -342
1396: -338 -340
1397: -338 -341
1398: -338 -342
1400: -339 -341
1401: -339 -342
1402: -340 -341
1403: -340 -342
1404: -341 -342
1405: 334 335 336 337 338 339 340 341 342
1406: -343 -344
1407: -343 -345
1408: -343 -346
1409: -343 -347
1410: -343 -348
1411: -343 -349
1412: -343 -350
1413: -343 -351
1414: -344 -345
1418: -344 -349
1419: -344 -350
1420: -344 -351
1423: -345 -348
1424: -345 -349
1426: -345 -351
1427: -346 -347
1428: -346 -348
1429: -346 -349
1430: -346 -350
1431: -346 -351
1436: -348 -349
1437: -348 -350
1438: -348 -351
1439: -349 -350
1440: -349 -351
1441: -350 -351
1442: 343 344 345 346 347 348 349 350 351
1443: -352 -353
1444: -352 -354
1445: -352 -355
1446: -352 -356
1447: -352 -357
1448: -352 -358
1449: -352 -359
1450: -352 -360
1451: -353 -354
1452: -353 -355
1453: -353 -356
1456: -353 -359
1457: -353 -360
1460: -354 -357
1463: -354 -360
1465: -355 -357
1466: -355 -358
1467: -355 -359
1468: -355 -360
1470: -356 -358
1471: -356 -359
1473: -357 -358
1474: -357 -359
1475: -357 -360
1476: -358 -359
1478: -359 -360
1479: 352 353 354 355 356 357 358 359 360
1480: -361 -362
1481: -361 -363
1483: -361 -365
1484: -361 -366
1485: -361 -367
1486: -361 -368
1487: -361 -369
1488: -362 -363
1490: -362 -365
1493: -362 -368
1494: -362 -369
1496: -363 -365
1497: -363 -366
1498: -363 -367
1499: -363 -368
1500: -363 -369
1506: -365 -366
1508: -365 -368
1509: -365 -369
1511: -366 -368
1512: -366 -369
1513: -367 -368
1515: -368 -369
1516: 361 362 363 364 365 366 367 368 369
1517: -370 -371
1519: -370 -373
1520: -370 -374
1521: -370 -375
1522: -370 -376
1523: -370 -377
1524: -370 -378
1525: -371 -372
1526: -371 -373
1527: -371 -374
1528: -371 -375
1529: -371 -376
1530: -371 -377
1531: -371 -378
1533: -372 -374
1534: -372 -375
1536: -372 -377
1537: -372 -378
1538: -373 -374
1541: -373 -377
1542: -373 -378
1543: -374 -375
1545: -374 -377
1546: -374 -378
1548: -375 -377
1549: -375 -378
1550: -376 -377
1551: -376 -378
1552: -377 -378
1553: 370 371 372 373 374 375 376 377 378
1554: -379 -380
1555: -379 -381
1556: -379 -382
1558: -379 -384
1559: -379 -385
1560: -379 -386
1563: -380 -382
1564: -380 -383
1567: -380 -386
1568: -380 -387
1569: -381 -382
1573: -381 -386
1574: -381 -387
1575: -382 -383
1576: -382 -384
1577: -382 -385
1578: -382 -386
1579: -382 -387
1582: -383 -386
1583: -383 -387
1585: -384 -386
1587: -385 -386
1589: -386 -387
1590: 379 380 381 382 383 384 385 386 387
1591: -388 -389
1592: -388 -390
1593: -388 -391
1594: -388 -392
1595: -388 -393
1596: -388 -394
1597: -388 -395
1598: -388 -396
1600: -389 -391
1601: -389 -392
1603: -389 -394
1604: -389 -395
1605: -389 -396
1606: -390 -391
1608: -390 -393
1609: -390 -394
1611: -390 -396
1612: -391 -392
1613: -391 -393
1614: -391 -394
1615: -391 -395
1616: -391 -396
1617: -392 -393
1618: -392 -394
1619: -392 -395
1620: -392 -396
1623: -393 -396
1624: -394 -395
1625: -394 -396
1626: -395 -396
1627: 388 389 390 391 392 393 394 395 396
1628: -397 -398
1629: -397 -399
1630: -397 -400
1631: -397 -401
1632: -397 -402
1633: -397 -403
1634: -397 -404
1635: -397 -405
1636: -398 -399
1637: -398 -400
1638: -398 -401
1640: -398 -403
1641: -398 -404
1643: -399 -400
1644: -399 -401
1646: -399 -403
1647: -399 -404
1648: -399 -405
1649: -400 -401
1650: -400 -402
1651: -400 -403
1652: -400 -404
1653: -400 -405
1655: -401 -403
1656: -401 -404
1657: -401 -405
1658: -402 -403
1659: -402 -404
1661: -403 -404
1662: -403 -405
1663: -404 -405
1664: 397 398 399 400 401 402 403 404 405
1665: -406 -407
1666: -406 -408
1667: -406 -409
1669: -406 -411
1670: -406 -412
1671: -406 -413
1672: -406 -414
1673: -407 -408
1674: -407 -409
1676: -407 -411
1677: -407 -412
1678: -407 -413
1679: -407 -414
1680: -408 -409
1682: -408 -411
1683: -408 -412
1684: -408 -413
1685: -408 -414
1687: -409 -411
1688: -409 -412
1689: -409 -413
1690: -409 -414
1695: -411 -412
1696: -411 -413
1697: -411 -414
1698: -412 -413
1699: -412 -414
1700: -413 -414
1701: 406 407 408 409 410 411 412 413 414
1710: -416 -417
1711: -416 -418
1712: -416 -419
1713: -416 -420
1716: -416 -423
1717: -417 -418
1718: -417 -419
1719: -417 -420
1721: -417 -422
1722: -417 -423
1723: -418 -419
1724: -418 -420
1726: -418 -422
1727: -418 -423
1728: -419 -420
1730: -419 -422
1731: -419 -423
1733: -420 -422
1734: -420 -423
1737: -422 -423
1738: 415 416 417 418 419 420 421 422 423
1739: -424 -425
1740: -424 -426
1741: -424 -427
1742: -424 -428
1743: -424 -429
1744: -424 -430
1745: -424 -431
1746: -424 -432
1747: -425 -426
1748: -425 -427
1749: -425 -428
1750: -425 -429
1751: -425 -430
1752: -425 -431
1753: -425 -432
1755: -426 -428
1756: -426 -429
1757: -426 -430
1758: -426 -431
1759: -426 -432
1760: -427 -428
1761: -427 -429
1763: -427 -431
1764: -427 -432
1765: -428 -429
1766: -428 -430
1767: -428 -431
1768: -428 -432
1769: -429 -430
1770: -429 -431
1771: -429 -432
1772: -430 -431
1773: -430 -432
1774: -431 -432
1775: 424 425 426 427 428 429 430 431 432
1776: -433 -434
1777: -433 -435
1778: -433 -436
1779: -433 -437
1780: -433 -438
1781: -433 -439
1782: -433 -440
1783: -433 -441
1784: -434 -435
1786: -434 -437
1787: -434 -438
1788: -434 -439
1789: -434 -440
1790: -434 -441
1791: -435 -436
1792: -435 -437
1793: -435 -438
1794: -435 -439
1795: -435 -440
1796: -435 -441
1797: -436 -437
1798: -436 -438
1799: -436 -439
1800: -436 -440
1801: -436 -441
1802: -437 -438
1803: -437 -439
1804: -437 -440
1805: -437 -441
1807: -438 -440
1808: -438 -441
1809: -439 -440
1810: -439 -441
1811: -440 -441
1812: 433 434 435 436 437 438 439 440 441
1813: -442 -443
1814: -442 -444
1815: -442 -445
1816: -442 -446
1817: -442 -447
1818: -442 -448
1819: -442 -449
1820: -442 -450
1821: -443 -444
1822: -443 -445
1823: -443 -446
1824: -443 -447
1825: -443 -448
1826: -443 -449
1827: -443 -450
1828: -444 -445
1829: -444 -446
1830: -444 -447
1831: -444 -448
1832: -444 -449
1833: -444 -450
1834: -445 -446
1835: -445 -447
1836: -445 -448
1838: -445 -450
1839: -446 -447
1840: -446 -448
1841: -446 -449
1842: -446 -450
1843: -447 -448
1844: -447 -449
1845: -447 -450
1846: -448 -449
1847: -448 -450
1848: -449 -450
1849: 442 443 444 445 446 447 448 449 450
1850: -451 -452
1851: -451 -453
1852: -451 -454
1854: -451 -456
1855: -451 -457
1856: -451 -458
1857: -451 -459
1858: -452 -453
1859: -452 -454
1861: -452 -456
1862: -452 -457
1863: -452 -458
1864: -452 -459
1865: -453 -454
1867: -453 -456
1868: -453 -457
1869: -453 -458
1870: -453 -459
1872: -454 -456
1873: -454 -457
1874: -454 -458
1875: -454 -459
1880: -456 -457
1881: -456 -458
1882: -456 -459
1883: -457 -458
1884: -457 -459
1885: -458 -459
1886: 451 452 453 454 455 456 457 458 459
1887: -460 -461
1888: -460 -462
1889: -460 -463
1890: -460 -464
1891: -460 -465
1892: -460 -466
1893: -460 -467
1894: -460 -468
1895: -461 -462
1897: -461 -464
1898: -461 -465
1899: -461 -466
1900: -461 -467
1901: -461 -468
1902: -462 -463
1903: -462 -464
1904: -462 -465
1905: -462 -466
1907: -462 -468
1908: -463 -464
1911: -463 -467
1912: -463 -468
1913: -464 -465
1914: -464 -466
1915: -464 -467
1916: -464 -468
1917: -465 -466
1918: -465 -467
1919: -465 -468
1920: -466 -467
1921: -466 -468
1922: -467 -468
1923: 460 461 462 463 464 465 466 467 468
1924: -469 -470
1925: -469 -471
1926: -469 -472
1927: -469 -473
1928: -469 -474
1929: -469 -475
1930: -469 -476
1931: -469 -477
1932: -470 -471
1933: -470 -472
1934: -470 -473
1935: -470 -474
1936: -470 -475
1937: -470 -476
1938: -470 -477
1939: -471 -472
1940: -471 -473
1941: -471 -474
1942: -471 -475
1943: -471 -476
1944: -471 -477
1945: -472 -473
1946: -472 -474
1947: -472 -475
1949: -472 -477
1950: -473 -474
1951: -473 -475
1952: -473 -476
1953: -473 -477
1954: -474 -475
1955: -474 -476
1956: -474 -477
1957: -475 -476
1958: -475 -477
1959: -476 -477
1960: 469 470 471 472 473 474 475 476 477
1961: -478 -479
1962: -478 -480
1963: -478 -481
1964: -478 -482
1965: -478 -483
1966: -478 -484
1967: -478 -485
1968: -478 -486
1969: -479 -480
1970: -479 -481
1971: -479 -482
1972: -479 -483
1973: -479 -484
1974: -479 -485
1975: -479 -486
1977: -480 -482
1978: -480 -483
1979: -480 -484
1980: -480 -485
1982: -481 -482
1983: -481 -483
1985: -481 -485
1987: -482 -483
1988: -482 -484
1989: -482 -485
1990: -482 -486
1991: -483 -484
1992: -483 -485
1993: -483 -486
1994: -484 -485
1996: -485 -486
1997: 478 479 480 481 482 483 484 485 486
2006: -488 -489
2008: -488 -491
2012: -488 -495
2013: -489 -490
2014: -489 -491
2016: -489 -493
2017: -489 -494
2018: -489 -495
2019: -490 -491
2021: -490 -493
2022: -490 -494
2023: -490 -495
2025: -491 -493
2026: -491 -494
2027: -491 -495
2031: -493 -494
2032: -493 -495
2033: -494 -495
2034: 487 488 489 490 491 492 493 494 495
2072: -505 -506
2073: -505 -507
2074: -505 -508
2075: -505 -509
2077: -505 -511
2078: -505 -512
2079: -505 -513
2081: -506 -508
2082: -506 -509
2085: -506 -512
2086: -506 -513
2087: -507 -508
2088: -507 -509
2090: -507 -511
2091: -507 -512
2092: -507 -513
2093: -508 -509
2096: -508 -512
2097: -508 -513
2100: -509 -512
2101: -509 -513
2105: -511 -512
2106: -511 -513
2107: -512 -513
2108: 505 506 507 508 509 510 511 512 513
2109: -514 -515
2110: -514 -516
2111: -514 -517
2112: -514 -518
2114: -514 -520
2115: -514 -521
2116: -514 -522
2117: -515 -516
2118: -515 -517
2119: -515 -518
2122: -515 -521
2123: -515 -522
2124: -516 -517
2125: -516 -518
2127: -516 -520
2128: -516 -521
2129: -516 -522
2130: -517 -518
2132: -517 -520
2133: -517 -521
2134: -517 -522
2136: -518 -520
2137: -518 -521
2138: -518 -522
2142: -520 -521
2143: -520 -522
2144: -521 -522
2145: 514 515 516 517 518 519 520 521 522
2146: -523 -524
2147: -523 -525
2148: -523 -526
2149: -523 -527
2151: -523 -529
2152: -523 -530
2153: -523 -531
2154: -524 -525
2155: -524 -526
2156: -524 -527
2158: -524 -529
2159: -524 -530
2160: -524 -531
2161: -525 -526
2162: -525 -527
2165: -525 -530
2166: -525 -531
2167: -526 -527
2169: -526 -529
2170: -526 -530
2171: -526 -531
2174: -527 -530
2175: -527 -531
2179: -529 -530
2180: -529 -531
2181: -530 -531
2182: 523 524 525 526 527 528 529 530 531
2183: -532 -533
2184: -532 -534
2185: -532 -535
2186: -532 -536
2188: -532 -538
2189: -532 -539
2190: -532 -540
2191: -533 -534
2192: -533 -535
2193: -533 -536
2195: -533 -538
2196: -533 -539
2197: -533 -540
2198: -534 -535
2199: -534 -536
2201: -534 -538
2202: -534 -539
2204: -535 -536
2207: -535 -539
2208: -535 -540
2210: -536 -538
2211: -536 -539
2212: -536 -540
2216: -538 -539
2217: -538 -540
2218: -539 -540
2219: 532 533 534 535 536 537 538 539 540
2228: -542 -543
2230: -542 -545
2232: -542 -547
2233: -542 -548
2234: -542 -549
2235: -543 -544
2236: -543 -545
2238: -543 -547
2239: -543 -548
2240: -543 -549
2241: -544 -545
2244: -544 -548
2245: -544 -549
2249: -545 -549
2253: -547 -548
2255: -548 -549
2256: 541 542 543 544 545 546 547 548 549
2257: -550 -551
2258: -550 -552
2259: -550 -553
2260: -550 -554
2262: -550 -556
2263: -550 -557
2264: -550 -558
2265: -551 -552
2266: -551 -553
2267: -551 -554
2271: -551 -558
2273: -552 -554
2275: -552 -556
2277: -552 -558
2278: -553 -554
2280: -553 -556
2282: -553 -558
2284: -554 -556
2285: -554 -557
2290: -556 -557
2291: -556 -558
2293: 550 551 552 553 554 555 556 557 558
2294: -559 -560
2295: -559 -561
2296: -559 -562
2297: -559 -563
2299: -559 -565
2300: -559 -566
2301: -559 -567
2302: -560 -561
2303: -560 -562
2304: -560 -563
2306: -560 -565
2307: -560 -566
2309: -561 -562
2310: -561 -563
2313: -561 -566
2314: -561 -567
2315: -562 -563
2317: -562 -565
2321: -563 -565
2322: -563 -566
2323: -563 -567
2330: 559 560 561 562 563 564 565 566 567
2339: -569 -570
2340: -569 -571
2341: -569 -572
2342: -569 -573
2343: -569 -574
2346: -570 -571
2347: -570 -572
2348: -570 -573
2349: -570 -574
2352: -571 -572
2353: -571 -573
2354: -571 -574
2357: -572 -573
2358: -572 -574
2361: -573 -574
2367: 568 569 570 571 572 573 574 575 576
2368: -577 -578
2369: -577 -579
2370: -577 -580
2371: -577 -581
2372: -577 -582
2373: -577 -583
2374: -577 -584
2375: -577 -585
2376: -578 -579
2377: -578 -580
2378: -578 -581
2379: -578 -582
2380: -578 -583
2381: -578 -584
2382: -578 -585
2383: -579 -580
2384: -579 -581
2385: -579 -582
2386: -579 -583
2387: -579 -584
2388: -579 -585
2389: -580 -581
2390: -580 -582
2391: -580 -583
2392: -580 -584
2393: -580 -585
2394: -581 -582
2395: -581 -583
2396: -581 -584
2397: -581 -585
2398: -582 -583
2399: -582 -584
2400: -582 -585
2403: -584 -585
2404: 577 578 579 580 581 582 583 584 585
2405: -586 -587
2406: -586 -588
2407: -586 -589
2408: -586 -590
2409: -586 -591
2410: -586 -592
2411: -586 -593
2412: -586 -594
2413: -587 -588
2414: -587 -589
2415: -587 -590
2416: -587 -591
2417: -587 -592
2418: -587 -593
2419: -587 -594
2420: -588 -589
2421: -588 -590
2422: -588 -591
2423: -588 -592
2424: -588 -593
2425: -588 -594
2426: -589 -590
2427: -589 -591
2428: -589 -592
2429: -589 -593
2430: -589 -594
2431: -590 -591
2432: -590 -592
2433: -590 -593
2434: -590 -594
2435: -591 -592
2436: -591 -593
2437: -591 -594
2438: -592 -593
2439: -592 -594
2440: -593 -594
2441: 586 587 588 589 590 591 592 593 594
2442: -595 -596
2443: -595 -597
2444: -595 -598
2445: -595 -599
2446: -595 -600
2447: -595 -601
2448: -595 -602
2449: -595 -603
2450: -596 -597
2451: -596 -598
2452: -596 -599
2453: -596 -600
2454: -596 -601
2455: -596 -602
2456: -596 -603
2457: -597 -598
2458: -597 -599
2459: -597 -600
2460: -597 -601
2461: -597 -602
2462: -597 -603
2463: -598 -599
2464: -598 -600
2465: -598 -601
2467: -598 -603
2468: -599 -600
2469: -599 -601
2470: -599 -602
2471: -599 -603
2472: -600 -601
2473: -600 -602
2474: -600 -603
2475: -601 -602
2476: -601 -603
2477: -602 -603
2478: 595 596 597 598 599 600 601 602 603
2479: -604 -605
2480: -604 -606
2481: -604 -607
2482: -604 -608
2483: -604 -609
2484: -604 -610
2485: -604 -611
2486: -604 -612
2487: -605 -606
2488: -605 -607
2489: -605 -608
2490: -605 -609
2491: -605 -610
2492: -605 -611
2493: -605 -612
2494: -606 -607
2495: -606 -608
2496: -606 -609
2497: -606 -610
2498: -606 -611
2501: -607 -609
2502: -607 -610
2503: -607 -611
2505: -608 -609
2506: -608 -610
2507: -608 -611
2508: -608 -612
2509: -609 -610
2510: -609 -611
2511: -609 -612
2512: -610 -611
2513: -610 -612
2514: -611 -612
2515: 604 605 606 607 608 609 610 611 612
2516: -613 -614
2517: -613 -615
2518: -613 -616
2519: -613 -617
2520: -613 -618
2521: -613 -619
2522: -613 -620
2523: -613 -621
2524: -614 -615
2525: -614 -616
2526: -614 -617
2527: -614 -618
2528: -614 -619
2529: -614 -620
2530: -614 -621
2531: -615 -616
2532: -615 -617
2533: -615 -618
2534: -615 -619
2535: -615 -620
2536: -615 -621
2537: -616 -617
2538: -616 -618
2539: -616 -619
2540: -616 -620
2541: -616 -621
2542: -617 -618
2543: -617 -619
2544: -617 -620
2545: -617 -621
2546: -618 -619
2547: -618 -620
2548: -618 -621
2549: -619 -620
2550: -619 -621
2551: -620 -621
2552: 613 614 615 616 617 618 619 620 621
2553: -622 -623
2554: -622 -624
2555: -622 -625
2556: -622 -626
2557: -622 -627
2558: -622 -628
2559: -622 -629
2560: -622 -630
2561: -623 -624
2562: -623 -625
2563: -623 -626
2564: -623 -627
2565: -623 -628
2566: -623 -629
2567: -623 -630
2568: -624 -625
2569: -624 -626
2570: -624 -627
2571: -624 -628
2572: -624 -629
2573: -624 -630
2574: -625 -626
2575: -625 -627
2576: -625 -628
2577: -625 -629
2578: -625 -630
2579: -626 -627
2580: -626 -628
2581: -626 -629
2582: -626 -630
2583: -627 -628
2584: -627 -629
2585: -627 -630
2586: -628 -629
2587: -628 -630
2588: -629 -630
2589: 622 623 624 625 626 627 628 629 630
2590: -631 -632
2591: -631 -633
2592: -631 -634
2593: -631 -635
2594: -631 -636
2595: -631 -637
2596: -631 -638
2597: -631 -639
2598: -632 -633
2599: -632 -634
2600: -632 -635
2601: -632 -636
2602: -632 -637
2603: -632 -638
2604: -632 -639
2605: -633 -634
2606: -633 -635
2607: -633 -636
2608: -633 -637
2609: -633 -638
2610: -633 -639
2611: -634 -635
2612: -634 -636
2613: -634 -637
2614: -634 -638
2615: -634 -639
2616: -635 -636
2617: -635 -637
2618: -635 -638
2619: -635 -639
2620: -636 -637
2621: -636 -638
2622: -636 -639
2623: -637 -638
2624: -637 -639
2625: -638 -639
2626: 631 632 633 634 635 636 637 638 639
2627: -640 -641
2630: -640 -644
2631: -640 -645
2632: -640 -646
2635: -641 -642
2636: -641 -643
2637: -641 -644
2638: -641 -645
2639: -641 -646
2642: -642 -643
2643: -642 -644
2644: -642 -645
2645: -642 -646
2648: -643 -644
2649: -643 -645
2650: -643 -646
2653: -644 -645
2654: -644 -646
2657: -645 -646
2663: 640 641 642 643 644 645 646 647 648
2672: -650 -651
2673: -650 -652
2674: -650 -653
2675: -650 -654
2679: -651 -652
2680: -651 -653
2681: -651 -654
2685: -652 -653
2686: -652 -654
2690: -653 -654
2700: 649 650 651 652 653 654 655 656 657
2701: -658 -659
2702: -658 -660
2703: -658 -661
2704: -658 -662
2705: -658 -663
2706: -658 -664
2707: -658 -665
2708: -658 -666
2709: -659 -660
2711: -659 -662
2712: -659 -663
2713: -659 -664
2714: -659 -665
2715: -659 -666
2716: -660 -661
2717: -660 -662
2718: -660 -663
2719: -660 -664
2720: -660 -665
2721: -660 -666
2723: -661 -663
2724: -661 -664
2725: -661 -665
2726: -661 -666
2727: -662 -663
2728: -662 -664
2729: -662 -665
2730: -662 -666
2731: -663 -664
2732: -663 -665
2733: -663 -666
2734: -664 -665
2735: -664 -666
2736: -665 -666
2737: 658 659 660 661 662 663 664 665 666
2738: -667 -668
2739: -667 -669
2740: -667 -670
2741: -667 -671
2742: -667 -672
2743: -667 -673
2744: -667 -674
2745: -667 -675
2746: -668 -669
2747: -668 -670
2748: -668 -671
2749: -668 -672
2750: -668 -673
2751: -668 -674
2752: -668 -675
2753: -669 -670
2754: -669 -671
2755: -669 -672
2756: -669 -673
2757: -669 -674
2758: -669 -675
2759: -670 -671
2760: -670 -672
2761: -670 -673
2762: -670 -674
2763: -670 -675
2764: -671 -672
2765: -671 -673
2766: -671 -674
2767: -671 -675
2768: -672 -673
2769: -672 -674
2770: -672 -675
2771: -673 -674
2772: -673 -675
2773: -674 -675
2774: 667 668 669 670 671 672 673 674 675
2775: -676 -677
2776: -676 -678
2777: -676 -679
2778: -676 -680
2779: -676 -681
2780: -676 -682
2781: -676 -683
2782: -676 -684
2783: -677 -678
2784: -677 -679
2785: -677 -680
2786: -677 -681
2787: -677 -682
2788: -677 -683
2789: -677 -684
2790: -678 -679
2791: -678 -680
2792: -678 -681
2793: -678 -682
2794: -678 -683
2795: -678 -684
2796: -679 -680
2797: -679 -681
2798: -679 -682
2799: -679 -683
2800: -679 -684
2801: -680 -681
2802: -680 -682
2803: -680 -683
2804: -680 -684
2805: -681 -682
2806: -681 -683
2807: -681 -684
2808: -682 -683
2809: -682 -684
2810: -683 -684
2811: 676 677 678 679 680 681 682 683 684
2812: -685 -686
2813: -685 -687
2814: -685 -688
2815: -685 -689
2816: -685 -690
2817: -685 -691
2818: -685 -692
2819: -685 -693
2820: -686 -687
2821: -686 -688
2822: -686 -689
2823: -686 -690
2824: -686 -691
2825: -686 -692
2826: -686 -693
2827: -687 -688
2828: -687 -689
2829: -687 -690
2830: -687 -691
2831: -687 -692
2832: -687 -693
2833: -688 -689
2834: -688 -690
2835: -688 -691
2836: -688 -692
2837: -688 -693
2838: -689 -690
2839: -689 -691
2840: -689 -692
2841: -689 -693
2842: -690 -691
2843: -690 -692
2844: -690 -693
2845: -691 -692
2846: -691 -693
2847: -692 -693
2848: 685 686 687 688 689 690 691 692 693
2849: -694 -695
2850: -694 -696
2851: -694 -697
2852: -694 -698
2853: -694 -699
2854: -694 -700
2855: -694 -701
2856: -694 -702
2857: -695 -696
2858: -695 -697
2859: -695 -698
2860: -695 -699
2861: -695 -700
2862: -695 -701
2863: -695 -702
2864: -696 -697
2865: -696 -698
2866: -696 -699
2867: -696 -700
2868: -696 -701
2869: -696 -702
2870: -697 -698
2871: -697 -699
2872: -697 -700
2873: -697 -701
2875: -698 -699
2877: -698 -701
2878: -698 -702
2879: -699 -700
2880: -699 -701
2882: -700 -701
2883: -700 -702
2884: -701 -702
2885: 694 695 696 697 698 699 700 701 702
2886: -703 -704
2887: -703 -705
2888: -703 -706
2889: -703 -707
2890: -703 -708
2891: -703 -709
2892: -703 -710
2893: -703 -711
2894: -704 -705
2895: -704 -706
2896: -704 -707
2897: -704 -708
2898: -704 -709
2899: -704 -710
2900: -704 -711
2901: -705 -706
2902: -705 -707
2903: -705 -708
2904: -705 -709
2905: -705 -710
2906: -705 -711
2907: -706 -707
2908: -706 -708
2909: -706 -709
2910: -706 -710
2911: -706 -711
2912: -707 -708
2913: -707 -709
2914: -707 -710
2915: -707 -711
2916: -708 -709
2917: -708 -710
2918: -708 -711
2919: -709 -710
2920: -709 -711
2921: -710 -711
2922: 703 704 705 706 707 708 709 710 711
2929: -712 -719
2931: -713 -714
2932: -713 -715
2933: -713 -716
2934: -713 -717
2935: -713 -718
2937: -713 -720
2938: -714 -715
2939: -714 -716
2940: -714 -717
2941: -714 -718
2942: -714 -719
2943: -714 -720
2944: -715 -716
2945: -715 -717
2946: -715 -718
2948: -715 -720
2949: -716 -717
2950: -716 -718
2952: -716 -720
2953: -717 -718
2954: -717 -719
2955: -717 -720
2957: -718 -720
2959: 712 713 714 715 716 717 718 719 720
2960: -721 -722
2961: -721 -723
2964: -721 -726
2965: -721 -727
2967: -721 -729
2968: -722 -723
2969: -722 -724
2971: -722 -726
2972: -722 -727
2974: -722 -729
2975: -723 -724
2976: -723 -725
2977: -723 -726
2978: -723 -727
2980: -723 -729
2982: -724 -726
2983: -724 -727
2985: -724 -729
2986: -725 -726
2989: -725 -729
2992: -726 -729
2994: -727 -729
2996: 721 722 723 724 725 726 727 728 729
3099: -2 -84 -22 28
3109: -2 -85 -32 37
3119: -2 -86 -42 46
4142: -87 -416 -12 100
4152: -87 -417 -22 109
4162: -87 -418 -32 118
4172: -87 -419 -42 127
4182: -87 -420 -52 136
4185: -87 -421 -55 82
4202: -87 -422 -72 154
4210: -87 -423 -80 145
4628: -165 -182 -12 181
4648: -165 -184 -32 199
4658: -165 -185 -42 208
4668: -165 -186 -52 217
4671: -165 -187 -55 163
4688: -165 -188 -72 235
4696: -165 -189 -80 226
4699: -166 -262 -2 172
4709: -166 -263 -12 181
4719: -166 -264 -22 190
4729: -166 -265 -32 199
4739: -166 -266 -42 208
4749: -166 -267 -52 217
4752: -166 -268 -55 163
4769: -166 -269 -72 235
4777: -166 -270 -80 226
4780: -167 -343 -2 172
4790: -167 -344 -12 181
4800: -167 -345 -22 190
4810: -167 -346 -32 199
4820: -167 -347 -42 208
4830: -167 -348 -52 217
4833: -167 -349 -55 163
4850: -167 -350 -72 235
4858: -167 -351 -80 226
4861: -168 -424 -2 172
4901: -168 -428 -42 208
4914: -168 -430 -55 163
4931: -168 -431 -72 235
4939: -168 -432 -80 226
4942: -169 -505 -2 172
4952: -169 -506 -12 181
4962: -169 -507 -22 190
4972: -169 -508 -32 199
4982: -169 -509 -42 208
4995: -169 -511 -55 163
5012: -169 -512 -72 235
5020: -169 -513 -80 226
5023: -170 -586 -2 172
5033: -170 -587 -12 181
5043: -170 -588 -22 190
5053: -170 -589 -32 199
5063: -170 -590 -42 208
5073: -170 -591 -52 217
5076: -170 -592 -55 163
5093: -170 -593 -72 235
5101: -170 -594 -80 226
5104: -171 -667 -2 172
5114: -171 -668 -12 181
5124: -171 -669 -22 190
5134: -171 -670 -32 199
5144: -171 -671 -42 208
5154: -171 -672 -52 217
5157: -171 -673 -55 163
5174: -171 -674 -72 235
5182: -171 -675 -80 226
5266: -245 -109 -2 253
5276: -245 -110 -12 262
5286: -245 -111 -22 271
5296: -245 -112 -32 280
5306: -245 -113 -42 289
5319: -245 -115 -55 244
5336: -245 -116 -72 316
5344: -245 -117 -80 307
5438: -247 -272 -12 262
5448: -247 -273 -22 271
5468: -247 -275 -42 289
5478: -247 -276 -52 298
5481: -247 -277 -55 244
5498: -247 -278 -72 316
5506: -247 -279 -80 307
5509: -248 -352 -2 253
5519: -248 -353 -12 262
5529: -248 -354 -22 271
5539: -248 -355 -32 280
5549: -248 -356 -42 289
5559: -248 -357 -52 298
5562: -248 -358 -55 244
5579: -248 -359 -72 316
5587: -248 -360 -80 307
5590: -249 -433 -2 253
5600: -249 -434 -12 262
5610: -249 -435 -22 271
5620: -249 -436 -32 280
5630: -249 -437 -42 289
5640: -249 -438 -52 298
5643: -249 -439 -55 244
5660: -249 -440 -72 316
5668: -249 -441 -80 307
5671: -250 -514 -2 253
5681: -250 -515 -12 262
5691: -250 -516 -22 271
5701: -250 -517 -32 280
5711: -250 -518 -42 289
5724: -250 -520 -55 244
5741: -250 -521 -72 316
5749: -250 -522 -80 307
5752: -251 -595 -2 253
5762: -251 -596 -12 262
5772: -251 -597 -22 271
5782: -251 -598 -32 280
5792: -251 -599 -42 289
5802: -251 -600 -52 298
5805: -251 -601 -55 244
5822: -251 -602 -72 316
5830: -251 -603 -80 307
5833: -252 -676 -2 253
5843: -252 -677 -12 262
5853: -252 -678 -22 271
5863: -252 -679 -32 280
5873: -252 -680 -42 289
5883: -252 -681 -52 298
5886: -252 -682 -55 244
5903: -252 -683 -72 316
5911: -252 -684 -80 307
5995: -326 -118 -2 334
6005: -326 -119 -12 343
6015: -326 -120 -22 352
6025: -326 -121 -32 361
6035: -326 -122 -42 370
6048: -326 -124 -55 325
6065: -326 -125 -72 397
6073: -326 -126 -80 388
6076: -327 -199 -2 334
6086: -327 -200 -12 343
6096: -327 -201 -22 352
6106: -327 -202 -32 361
6116: -327 -203 -42 370
6126: -327 -204 -52 379
6129: -327 -205 -55 325
6146: -327 -206 -72 397
6154: -327 -207 -80 388
6157: -328 -280 -2 334
6167: -328 -281 -12 343
6177: -328 -282 -22 352
6187: -328 -283 -32 361
6197: -328 -284 -42 370
6207: -328 -285 -52 379
6210: -328 -286 -55 325
6227: -328 -287 -72 397
6235: -328 -288 -80 388
6248: -329 -362 -12 343
6258: -329 -363 -22 352
6268: -329 -364 -32 361
6288: -329 -366 -52 379
6291: -329 -367 -55 325
6308: -329 -368 -72 397
6316: -329 -369 -80 388
6319: -330 -442 -2 334
6329: -330 -443 -12 343
6339: -330 -444 -22 352
6349: -330 -445 -32 361
6359: -330 -446 -42 370
6369: -330 -447 -52 379
6372: -330 -448 -55 325
6389: -330 -449 -72 397
6397: -330 -450 -80 388
6400: -331 -523 -2 334
6410: -331 -524 -12 343
6420: -331 -525 -22 352
6430: -331 -526 -32 361
6440: -331 -527 -42 370
6453: -331 -529 -55 325
6470: -331 -530 -72 397
6478: -331 -531 -80 388
6481: -332 -604 -2 334
6491: -332 -605 -12 343
6501: -332 -606 -22 352
6511: -332 -607 -32 361
6521: -332 -608 -42 370
6531: -332 -609 -52 379
6534: -332 -610 -55 325
6551: -332 -611 -72 397
6559: -332 -612 -80 388
6562: -333 -685 -2 334
6572: -333 -686 -12 343
6582: -333 -687 -22 352
6592: -333 -688 -32 361
6602: -333 -689 -42 370
6612: -333 -690 -52 379
6615: -333 -691 -55 325
6632: -333 -692 -72 397
6640: -333 -693 -80 388
6724: -407 -127 -2 415
6734: -407 -128 -12 424
6744: -407 -129 -22 433
6754: -407 -130 -32 442
6764: -407 -131 -42 451
6777: -407 -133 -55 406
6794: -407 -134 -72 478
6802: -407 -135 -80 469
6805: -408 -208 -2 415
6815: -408 -209 -12 424
6825: -408 -210 -22 433
6835: -408 -211 -32 442
6845: -408 -212 -42 451
6855: -408 -213 -52 460
6858: -408 -214 -55 406
6875: -408 -215 -72 478
6883: -408 -216 -80 469
6886: -409 -289 -2 415
6896: -409 -290 -12 424
6906: -409 -291 -22 433
6916: -409 -292 -32 442
6926: -409 -293 -42 451
6936: -409 -294 -52 460
6939: -409 -295 -55 406
6956: -409 -296 -72 478
6964: -409 -297 -80 469
7058: -411 -452 -12 424
7068: -411 -453 -22 433
7078: -411 -454 -32 442
7088: -411 -455 -42 451
7101: -411 -457 -55 406
7118: -411 -458 -72 478
7126: -411 -459 -80 469
7129: -412 -532 -2 415
7139: -412 -533 -12 424
7149: -412 -534 -22 433
7159: -412 -535 -32 442
7169: -412 -536 -42 451
7182: -412 -538 -55 406
7199: -412 -539 -72 478
7207: -412 -540 -80 469
7210: -413 -613 -2 415
7220: -413 -614 -12 424
7230: -413 -615 -22 433
7240: -413 -616 -32 442
7250: -413 -617 -42 451
7260: -413 -618 -52 460
7263: -413 -619 -55 406
7280: -413 -620 -72 478
7288: -413 -621 -80 469
7291: -414 -694 -2 415
7301: -414 -695 -12 424
7311: -414 -696 -22 433
7321: -414 -697 -32 442
7331: -414 -698 -42 451
7341: -414 -699 -52 460
7344: -414 -700 -55 406
7361: -414 -701 -72 478
7369: -414 -702 -80 469
7453: -488 -136 -2 496
7463: -488 -137 -12 505
7473: -488 -138 -22 514
7483: -488 -139 -32 523
7493: -488 -140 -42 532
7506: -488 -142 -55 487
7523: -488 -143 -72 559
7531: -488 -144 -80 550
7534: -489 -217 -2 496
7544: -489 -218 -12 505
7554: -489 -219 -22 514
7564: -489 -220 -32 523
7574: -489 -221 -42 532
7584: -489 -222 -52 541
7587: -489 -223 -55 487
7604: -489 -224 -72 559
7612: -489 -225 -80 550
7615: -490 -298 -2 496
7625: -490 -299 -12 505
7635: -490 -300 -22 514
7645: -490 -301 -32 523
7655: -490 -302 -42 532
7665: -490 -303 -52 541
7668: -490 -304 -55 487
7685: -490 -305 -72 559
7693: -490 -306 -80 550
7696: -491 -379 -2 496
7706: -491 -380 -12 505
7716: -491 -381 -22 514
7726: -491 -382 -32 523
7736: -491 -383 -42 532
7746: -491 -384 -52 541
7749: -491 -385 -55 487
7766: -491 -386 -72 559
7774: -491 -387 -80 550
7868: -493 -542 -12 505
7878: -493 -543 -22 514
7888: -493 -544 -32 523
7898: -493 -545 -42 532
7911: -493 -547 -55 487
7928: -493 -548 -72 559
7936: -493 -549 -80 550
7939: -494 -622 -2 496
7949: -494 -623 -12 505
7959: -494 -624 -22 514
7969: -494 -625 -32 523
7979: -494 -626 -42 532
7989: -494 -627 -52 541
7992: -494 -628 -55 487
8009: -494 -629 -72 559
8017: -494 -630 -80 550
8020: -495 -703 -2 496
8030: -495 -704 -12 505
8040: -495 -705 -22 514
8050: -495 -706 -32 523
8060: -495 -707 -42 532
8070: -495 -708 -52 541
8073: -495 -709 -55 487
8090: -495 -710 -72 559
8098: -495 -711 -80 550
8182: -569 -145 -2 577
8192: -569 -146 -12 586
8202: -569 -147 -22 595
8212: -569 -148 -32 604
8222: -569 -149 -42 613
8235: -569 -151 -55 568
8252: -569 -152 -72 640
8260: -569 -153 -80 631
8263: -570 -226 -2 577
8273: -570 -227 -12 586
8283: -570 -228 -22 595
8293: -570 -229 -32 604
8303: -570 -230 -42 613
8313: -570 -231 -52 622
8316: -570 -232 -55 568
8333: -570 -233 -72 640
8341: -570 -234 -80 631
8344: -571 -307 -2 577
8354: -571 -308 -12 586
8364: -571 -309 -22 595
8374: -571 -310 -32 604
8384: -571 -311 -42 613
8394: -571 -312 -52 622
8397: -571 -313 -55 568
8414: -571 -314 -72 640
8422: -571 -315 -80 631
8425: -572 -388 -2 577
8435: -572 -389 -12 586
8445: -572 -390 -22 595
8455: -572 -391 -32 604
8465: -572 -392 -42 613
8475: -572 -393 -52 622
8478: -572 -394 -55 568
8495: -572 -395 -72 640
8503: -572 -396 -80 631
8506: -573 -469 -2 577
8516: -573 -470 -12 586
8526: -573 -471 -22 595
8536: -573 -472 -32 604
8546: -573 -473 -42 613
8556: -573 -474 -52 622
8559: -573 -475 -55 568
8576: -573 -476 -72 640
8584: -573 -477 -80 631
8587: -574 -550 -2 577
8597: -574 -551 -12 586
8607: -574 -552 -22 595
8617: -574 -553 -32 604
8627: -574 -554 -42 613
8640: -574 -556 -55 568
8657: -574 -557 -72 640
8665: -574 -558 -80 631
8678: -575 -632 -12 586
8698: -575 -634 -32 604
8721: -575 -637 -55 568
8746: -575 -639 -80 631
8911: -650 -154 -2 658
8921: -650 -155 -12 667
8931: -650 -156 -22 676
8941: -650 -157 -32 685
8951: -650 -158 -42 694
8964: -650 -160 -55 649
8981: -650 -161 -72 721
8989: -650 -162 -80 712
8992: -651 -235 -2 658
9002: -651 -236 -12 667
9012: -651 -237 -22 676
9022: -651 -238 -32 685
9032: -651 -239 -42 694
9042: -651 -240 -52 703
9045: -651 -241 -55 649
9062: -651 -242 -72 721
9070: -651 -243 -80 712
9073: -652 -316 -2 658
9083: -652 -317 -12 667
9093: -652 -318 -22 676
9103: -652 -319 -32 685
9113: -652 -320 -42 694
9123: -652 -321 -52 703
9126: -652 -322 -55 649
9143: -652 -323 -72 721
9151: -652 -324 -80 712
9154: -653 -397 -2 658
9164: -653 -398 -12 667
9174: -653 -399 -22 676
9184: -653 -400 -32 685
9194: -653 -401 -42 694
9204: -653 -402 -52 703
9207: -653 -403 -55 649
9224: -653 -404 -72 721
9232: -653 -405 -80 712
9235: -654 -478 -2 658
9245: -654 -479 -12 667
9255: -654 -480 -22 676
9265: -654 -481 -32 685
9275: -654 -482 -42 694
9285: -654 -483 -52 703
9288: -654 -484 -55 649
9305: -654 -485 -72 721
9313: -654 -486 -80 712
9316: -655 -559 -2 658
9326: -655 -560 -12 667
9336: -655 -561 -22 676
9346: -655 -562 -32 685
9356: -655 -563 -42 694
9369: -655 -565 -55 649
9386: -655 -566 -72 721
9394: -655 -567 -80 712
9531: -657 -727 -55 649
9739: -12 -165 -101 11
9740: -12 -165 -102 20
9741: -12 -165 -103 29
9742: -12 -165 -104 38
9744: -12 -165 -106 56
9745: -12 -165 -107 65
9746: -12 -165 -108 74
9748: -12 -166 -110 11
9749: -12 -166 -111 20
9750: -12 -166 -112 29
9751: -12 -166 -113 38
9753: -12 -166 -115 56
9754: -12 -166 -116 65
9755: -12 -166 -117 74
9757: -12 -167 -119 11
9758: -12 -167 -120 20
9759: -12 -167 -121 29
9760: -12 -167 -122 38
9762: -12 -167 -124 56
9763: -12 -167 -125 65
9764: -12 -167 -126 74
9766: -12 -168 -128 11
9767: -12 -168 -129 20
9769: -12 -168 -131 38
9775: -12 -169 -137 11
9776: -12 -169 -138 20
9777: -12 -169 -139 29
9778: -12 -169 -140 38
9780: -12 -169 -142 56
9781: -12 -169 -143 65
9782: -12 -169 -144 74
9784: -12 -170 -146 11
9785: -12 -170 -147 20
9786: -12 -170 -148 29
9787: -12 -170 -149 38
9789: -12 -170 -151 56
9790: -12 -170 -152 65
9791: -12 -170 -153 74
9793: -12 -171 -155 11
9794: -12 -171 -156 20
9795: -12 -171 -157 29
9796: -12 -171 -158 38
9798: -12 -171 -160 56
9799: -12 -171 -161 65
9800: -12 -171 -162 74
10454: -93 -172 -87 128
10501: -93 -177 -134 146
10513: -93 -179 -146 92
10548: -94 -255 -100 83
10554: -94 -255 -106 137
10566: -94 -257 -118 83
10576: -94 -258 -128 92
10588: -94 -259 -140 119
10592: -94 -259 -144 155
10604: -94 -261 -156 101
10606: -94 -261 -158 119
10608: -94 -261 -160 137
10616: -95 -334 -87 128
10644: -95 -337 -115 137
10664: -95 -339 -135 155
10684: -95 -342 -155 92
10818: -97 -501 -127 83
10819: -97 -501 -128 92
10820: -97 -501 -129 101
10821: -97 -501 -130 110
10822: -97 -501 -131 119
10825: -97 -501 -134 146
10826: -97 -501 -135 155
10905: -98 -582 -133 137
10929: -98 -585 -157 110
10930: -98 -585 -158 119
10940: -99 -658 -87 128
11000: -99 -665 -147 101
11001: -99 -665 -148 110
11002: -99 -665 -149 119
11043: -172 -22 -109 164
11044: -172 -22 -110 173
11045: -172 -22 -111 182
11046: -172 -22 -112 191
11047: -172 -22 -113 200
11049: -172 -22 -115 218
11050: -172 -22 -116 227
11051: -172 -22 -117 236
11133: -173 -104 -118 164
11140: -173 -104 -125 227
11151: -173 -106 -136 164
11160: -173 -107 -145 164
11166: -173 -107 -151 218
11169: -173 -108 -154 164
11221: -174 -185 -125 227
11222: -174 -185 -126 236
11322: -175 -269 -145 164
11338: -175 -270 -161 227
11345: -176 -343 -87 209
11357: -176 -344 -99 236
11369: -176 -346 -111 182
11371: -176 -346 -113 200
11373: -176 -346 -115 218
11386: -176 -348 -128 173
11394: -176 -349 -136 164
11403: -176 -350 -145 164
11406: -176 -350 -148 191
11414: -176 -351 -156 182
11426: -177 -424 -87 209
11431: -177 -425 -92 173
11437: -177 -425 -98 227
11438: -177 -425 -99 236
11457: -177 -428 -118 164
11458: -177 -428 -119 173
11460: -177 -428 -121 191
11463: -177 -428 -124 218
11464: -177 -428 -125 227
11465: -177 -428 -126 236
11473: -177 -429 -134 227
11479: -177 -430 -140 200
11484: -177 -431 -145 164
11493: -177 -432 -154 164
11507: -178 -505 -87 209
11531: -178 -508 -111 182
11538: -178 -509 -118 164
11569: -178 -512 -149 200
11574: -178 -513 -154 164
11578: -178 -513 -158 200
11588: -179 -586 -87 209
11596: -179 -587 -95 200
11610: -179 -589 -109 164
11611: -179 -589 -110 173
11619: -179 -590 -118 164
11620: -179 -590 -119 173
11621: -179 -590 -120 182
11623: -179 -590 -122 200
11626: -179 -590 -125 227
11627: -179 -590 -126 236
11635: -179 -591 -134 227
11648: -179 -593 -147 182
11652: -179 -593 -151 218
11655: -179 -594 -154 164
11658: -179 -594 -157 191
11659: -179 -594 -158 200
11661: -179 -594 -160 218
11662: -179 -594 -161 227
11669: -180 -667 -87 209
11691: -180 -670 -109 164
11711: -180 -672 -129 182
11719: -180 -673 -137 173
11720: -180 -673 -138 182
11722: -180 -673 -140 200
11725: -180 -673 -143 227
11726: -180 -673 -144 236
11727: -180 -674 -145 164
11729: -180 -674 -147 182
11731: -180 -674 -149 200
11733: -180 -674 -151 218
11740: -180 -675 -158 200
11781: -253 -32 -118 245
11783: -253 -32 -120 263
11784: -253 -32 -121 272
11785: -253 -32 -122 281
11787: -253 -32 -124 299
11788: -253 -32 -125 308
11789: -253 -32 -126 317
11880: -254 -115 -136 245
11912: -255 -190 -87 290
11944: -255 -194 -119 254
11959: -255 -195 -134 308
12006: -256 -273 -100 245
12048: -256 -277 -142 299
12052: -256 -278 -146 254
12074: -257 -352 -87 290
12132: -257 -359 -145 245
12133: -257 -359 -146 254
12155: -258 -433 -87 290
12165: -258 -434 -97 299
12186: -258 -437 -118 245
12204: -258 -439 -136 245
12223: -258 -441 -155 254
12236: -259 -514 -87 290
12303: -259 -522 -154 245
12305: -259 -522 -156 263
12306: -259 -522 -157 272
12309: -259 -522 -160 299
12310: -259 -522 -161 308
12317: -260 -595 -87 290
12339: -260 -598 -109 245
12364: -260 -600 -134 308
12384: -260 -603 -154 245
12385: -260 -603 -155 254
12386: -260 -603 -156 263
12387: -260 -603 -157 272
12388: -260 -603 -158 281
12390: -260 -603 -160 299
12398: -261 -676 -87 290
12410: -261 -677 -99 317
12411: -261 -678 -100 245
12441: -261 -681 -130 272
12447: -261 -682 -136 245
12456: -261 -683 -145 245
12457: -261 -683 -146 254
12458: -261 -683 -147 263
12460: -261 -683 -149 281
12462: -261 -683 -151 299
12464: -261 -683 -153 317
12519: -334 -42 -127 326
12520: -334 -42 -128 335
12521: -334 -42 -129 344
12522: -334 -42 -130 353
12523: -334 -42 -131 362
12526: -334 -42 -134 389
12527: -334 -42 -135 398
12590: -335 -121 -117 398
12641: -336 -199 -87 371
12684: -336 -204 -130 353
12722: -337 -280 -87 371
12753: -337 -284 -118 326
12759: -337 -284 -124 380
12760: -337 -284 -125 389
12764: -337 -285 -129 344
12765: -337 -285 -130 353
12769: -337 -285 -134 389
12771: -337 -286 -136 326
12784: -337 -287 -149 362
12787: -337 -287 -152 389
12790: -337 -288 -155 335
12861: -338 -368 -145 326
12863: -338 -368 -147 344
12867: -338 -368 -151 380
12884: -339 -442 -87 371
12894: -339 -443 -97 380
12906: -339 -445 -109 326
12915: -339 -446 -118 326
12918: -339 -446 -121 353
12952: -339 -450 -155 335
12965: -340 -523 -87 371
13004: -340 -527 -126 398
13030: -340 -530 -152 389
13031: -340 -530 -153 398
13032: -340 -531 -154 326
13033: -340 -531 -155 335
13034: -340 -531 -156 344
13036: -340 -531 -158 362
13046: -341 -604 -87 371
13077: -341 -608 -118 326
13113: -341 -612 -154 326
13114: -341 -612 -155 335
13115: -341 -612 -156 344
13116: -341 -612 -157 353
13117: -341 -612 -158 362
13119: -341 -612 -160 380
13120: -341 -612 -161 389
13127: -342 -685 -87 371
13140: -342 -687 -100 326
13150: -342 -688 -110 335
13160: -342 -689 -120 344
13175: -342 -690 -135 398
13185: -342 -692 -145 326
13186: -342 -692 -146 335
13188: -342 -692 -148 353
13189: -342 -692 -149 362
13192: -342 -692 -152 389
13302: -416 -129 -100 407
13313: -416 -130 -111 425
13315: -416 -130 -113 443
13317: -416 -130 -115 461
13318: -416 -130 -116 470
13319: -416 -130 -117 479
13322: -416 -131 -120 425
13350: -416 -134 -148 434
13351: -416 -134 -149 443
13362: -416 -135 -160 461
13370: -417 -208 -87 452
13375: -417 -209 -92 416
13376: -417 -209 -93 425
13377: -417 -209 -94 434
13378: -417 -209 -95 443
13380: -417 -209 -97 461
13382: -417 -209 -99 479
13385: -417 -210 -102 425
13387: -417 -210 -104 443
13390: -417 -210 -107 470
13392: -417 -211 -109 407
13403: -417 -212 -120 425
13407: -417 -212 -124 461
13409: -417 -212 -126 479
13412: -417 -213 -129 425
13413: -417 -213 -130 434
13417: -417 -213 -134 470
13418: -417 -213 -135 479
13421: -417 -214 -138 425
13425: -417 -214 -142 461
13427: -417 -214 -144 479
13429: -417 -215 -146 416
13430: -417 -215 -147 425
13436: -417 -215 -153 479
13438: -417 -216 -155 416
13439: -417 -216 -156 425
13440: -417 -216 -157 434
13451: -418 -289 -87 452
13458: -418 -290 -94 434
13459: -418 -290 -95 443
13468: -418 -291 -104 443
13471: -418 -291 -107 470
13472: -418 -291 -108 479
13476: -418 -292 -112 434
13481: -418 -292 -117 479
13482: -418 -293 -118 407
13485: -418 -293 -121 434
13486: -418 -293 -122 443
13494: -418 -294 -130 434
13508: -418 -295 -144 479
13510: -418 -296 -146 416
13512: -418 -296 -148 434
13513: -418 -296 -149 443
13515: -418 -296 -151 461
13519: -418 -297 -155 416
13520: -418 -297 -156 425
13524: -418 -297 -160 461
13525: -418 -297 -161 470
13526: -418 -297 -162 479
13532: -419 -370 -87 452
13572: -419 -375 -127 407
13593: -419 -377 -148 434
13613: -420 -451 -87 452
13627: -420 -453 -101 416
13628: -420 -453 -102 425
13629: -420 -453 -103 434
13630: -420 -453 -104 443
13632: -420 -453 -106 461
13633: -420 -453 -107 470
13634: -420 -453 -108 479
13636: -420 -454 -110 416
13638: -420 -454 -112 434
13641: -420 -454 -115 461
13642: -420 -454 -116 470
13643: -420 -454 -117 479
13662: -420 -457 -136 407
13672: -420 -458 -146 416
13673: -420 -458 -147 425
13674: -420 -458 -148 434
13675: -420 -458 -149 443
13677: -420 -458 -151 461
13678: -420 -458 -152 470
13679: -420 -458 -153 479
13681: -420 -459 -155 416
13682: -420 -459 -156 425
13683: -420 -459 -157 434
13684: -420 -459 -158 443
13686: -420 -459 -160 461
13687: -420 -459 -161 470
13688: -420 -459 -162 479
13775: -422 -613 -87 452
13796: -422 -615 -108 479
13814: -422 -617 -126 479
13818: -422 -618 -130 434
13823: -422 -618 -135 479
13826: -422 -619 -138 425
13841: -422 -620 -153 479
13842: -422 -621 -154 407
13856: -423 -694 -87 452
13861: -423 -695 -92 416
13862: -423 -695 -93 425
13868: -423 -695 -99 479
13876: -423 -696 -107 470
13894: -423 -698 -125 470
13903: -423 -699 -134 470
13904: -423 -699 -135 479
13909: -423 -700 -140 443
13913: -423 -700 -144 479
13914: -423 -701 -145 407
13921: -423 -701 -152 470
13924: -423 -702 -155 416
14342: -501 -460 -87 533
14347: -501 -461 -92 497
14350: -501 -461 -95 524
14355: -501 -462 -100 488
14356: -501 -462 -101 497
14357: -501 -462 -102 506
14358: -501 -462 -103 515
14359: -501 -462 -104 524
14361: -501 -462 -106 542
14362: -501 -462 -107 551
14363: -501 -462 -108 560
14364: -501 -463 -109 488
14365: -501 -463 -110 497
14366: -501 -463 -111 506
14367: -501 -463 -112 515
14370: -501 -463 -115 542
14371: -501 -463 -116 551
14372: -501 -463 -117 560
14373: -501 -464 -118 488
14374: -501 -464 -119 497
14375: -501 -464 -120 506
14376: -501 -464 -121 515
14377: -501 -464 -122 524
14379: -501 -464 -124 542
14380: -501 -464 -125 551
14381: -501 -464 -126 560
14382: -501 -465 -127 488
14383: -501 -465 -128 497
14384: -501 -465 -129 506
14385: -501 -465 -130 515
14386: -501 -465 -131 524
14389: -501 -465 -134 551
14390: -501 -465 -135 560
14391: -501 -466 -136 488
14394: -501 -466 -139 515
14397: -501 -466 -142 542
14400: -501 -467 -145 488
14401: -501 -467 -146 497
14402: -501 -467 -147 506
14403: -501 -467 -148 515
14404: -501 -467 -149 524
14406: -501 -467 -151 542
14407: -501 -467 -152 551
14408: -501 -467 -153 560
14409: -501 -468 -154 488
14410: -501 -468 -155 497
14411: -501 -468 -156 506
14412: -501 -468 -157 515
14413: -501 -468 -158 524
14415: -501 -468 -160 542
14417: -501 -468 -162 560
14733: -577 -72 -154 569
14734: -577 -72 -155 578
14735: -577 -72 -156 587
14736: -577 -72 -157 596
14737: -577 -72 -158 605
14739: -577 -72 -160 623
14740: -577 -72 -161 632
14741: -577 -72 -162 641
14769: -578 -148 -109 569
14775: -578 -148 -115 623
14778: -578 -149 -118 569
14786: -578 -149 -126 641
14796: -578 -151 -136 569
14812: -578 -152 -152 632
14828: -579 -226 -87 614
14857: -579 -229 -116 632
14858: -579 -229 -117 641
14869: -579 -231 -128 578
14871: -579 -231 -130 596
14875: -579 -231 -134 632
14887: -579 -233 -146 578
14888: -579 -233 -147 587
14889: -579 -233 -148 596
14894: -579 -233 -153 641
14909: -580 -307 -87 614
14925: -580 -309 -103 596
14967: -580 -314 -145 569
14976: -580 -315 -154 569
14982: -580 -315 -160 623
14990: -581 -388 -87 614
15012: -581 -391 -109 569
15019: -581 -391 -116 632
15020: -581 -391 -117 641
15023: -581 -392 -120 587
15048: -581 -395 -145 569
15050: -581 -395 -147 587
15052: -581 -395 -149 605
15057: -581 -396 -154 569
15064: -581 -396 -161 632
15071: -582 -469 -87 614
15084: -582 -471 -100 569
15090: -582 -471 -106 623
15100: -582 -472 -116 632
15102: -582 -473 -118 569
15105: -582 -473 -121 596
15108: -582 -473 -124 623
15109: -582 -473 -125 632
15114: -582 -474 -130 596
15123: -582 -475 -139 596
15124: -582 -475 -140 605
15129: -582 -476 -145 569
15138: -582 -477 -154 569
15140: -582 -477 -156 587
15141: -582 -477 -157 596
15144: -582 -477 -160 623
15152: -583 -550 -87 614
15172: -583 -552 -107 632
15174: -583 -553 -109 569
15180: -583 -553 -115 623
15181: -583 -553 -116 632
15182: -583 -553 -117 641
15183: -583 -554 -118 569
15189: -583 -554 -124 623
15190: -583 -554 -125 632
15209: -583 -556 -144 641
15219: -583 -558 -154 569
15282: -584 -637 -136 569
15289: -584 -637 -143 632
15327: -585 -714 -100 569
15328: -585 -714 -101 578
15329: -585 -714 -102 587
15330: -585 -714 -103 596
15331: -585 -714 -104 605
15333: -585 -714 -106 623
15335: -585 -714 -108 641
15336: -585 -715 -109 569
15337: -585 -715 -110 578
15338: -585 -715 -111 587
15339: -585 -715 -112 596
15340: -585 -715 -113 605
15342: -585 -715 -115 623
15343: -585 -715 -116 632
15344: -585 -715 -117 641
15345: -585 -716 -118 569
15346: -585 -716 -119 578
15347: -585 -716 -120 587
15348: -585 -716 -121 596
15349: -585 -716 -122 605
15351: -585 -716 -124 623
15352: -585 -716 -125 632
15353: -585 -716 -126 641
15354: -585 -717 -127 569
15355: -585 -717 -128 578
15356: -585 -717 -129 587
15357: -585 -717 -130 596
15358: -585 -717 -131 605
15361: -585 -717 -134 632
15362: -585 -717 -135 641
15363: -585 -718 -136 569
15382: -585 -720 -155 578
15453: -658 -80 -145 650
15454: -658 -80 -146 659
15455: -658 -80 -147 668
15456: -658 -80 -148 677
15457: -658 -80 -149 686
15459: -658 -80 -151 704
15460: -658 -80 -152 713
15461: -658 -80 -153 722
15498: -659 -157 -109 650
15507: -659 -158 -118 650
15525: -659 -160 -136 650
15534: -659 -161 -145 650
15551: -659 -162 -162 722
15557: -660 -235 -87 695
15588: -660 -239 -118 650
15616: -660 -242 -146 659
15617: -660 -242 -147 668
15618: -660 -242 -148 677
15625: -660 -243 -155 659
15626: -660 -243 -156 668
15627: -660 -243 -157 677
15628: -660 -243 -158 686
15631: -660 -243 -161 713
15638: -661 -316 -87 695
15694: -661 -322 -143 713
15698: -661 -323 -147 668
15702: -661 -323 -151 704
15705: -661 -324 -154 650
15706: -661 -324 -155 659
15709: -661 -324 -158 686
15712: -661 -324 -161 713
15719: -662 -397 -87 695
15749: -662 -400 -117 722
15777: -662 -404 -145 650
15780: -662 -404 -148 677
15786: -662 -405 -154 650
15789: -662 -405 -157 677
15800: -663 -478 -87 695
15813: -663 -480 -100 650
15830: -663 -481 -117 722
15832: -663 -482 -119 659
15833: -663 -482 -120 668
15837: -663 -482 -124 704
15839: -663 -482 -126 722
15847: -663 -483 -134 713
15858: -663 -485 -145 650
15859: -663 -485 -146 659
15860: -663 -485 -147 668
15861: -663 -485 -148 677
15862: -663 -485 -149 686
15865: -663 -485 -152 713
15866: -663 -485 -153 722
15867: -663 -486 -154 650
15881: -664 -559 -87 695
15948: -664 -567 -154 650
15949: -664 -567 -155 659
15962: -665 -640 -87 695
15975: -665 -642 -100 650
15976: -665 -642 -101 659
15977: -665 -642 -102 668
15979: -665 -642 -104 686
15981: -665 -642 -106 704
15982: -665 -642 -107 713
15983: -665 -642 -108 722
15984: -665 -643 -109 650
15985: -665 -643 -110 659
15986: -665 -643 -111 668
15987: -665 -643 -112 677
15988: -665 -643 -113 686
15990: -665 -643 -115 704
15991: -665 -643 -116 713
15992: -665 -643 -117 722
15993: -665 -644 -118 650
15994: -665 -644 -119 659
15995: -665 -644 -120 668
15996: -665 -644 -121 677
15997: -665 -644 -122 686
15999: -665 -644 -124 704
16000: -665 -644 -125 713
16001: -665 -644 -126 722
16002: -665 -645 -127 650
16003: -665 -645 -128 659
16004: -665 -645 -129 668
16005: -665 -645 -130 677
16006: -665 -645 -131 686
16009: -665 -645 -134 713
16010: -665 -645 -135 722
16011: -665 -646 -136 650
16018: -665 -646 -143 713
16056: -666 -723 -100 650
16065: -666 -724 -109 650
16074: -666 -725 -118 650
16092: -666 -727 -136 650
16371: -22 -245 -172 3
16373: -22 -245 -174 21
16374: -22 -245 -175 30
16378: -22 -245 -179 66
16389: -22 -247 -190 3
16391: -22 -247 -192 21
16392: -22 -247 -193 30
16394: -22 -247 -195 48
16395: -22 -247 -196 57
16396: -22 -247 -197 66
16397: -22 -247 -198 75
16398: -22 -248 -199 3
16400: -22 -248 -201 21
16401: -22 -248 -202 30
16403: -22 -248 -204 48
16404: -22 -248 -205 57
16405: -22 -248 -206 66
16406: -22 -248 -207 75
16407: -22 -249 -208 3
16409: -22 -249 -210 21
16410: -22 -249 -211 30
16412: -22 -249 -213 48
16413: -22 -249 -214 57
16414: -22 -249 -215 66
16415: -22 -249 -216 75
16416: -22 -250 -217 3
16418: -22 -250 -219 21
16419: -22 -250 -220 30
16420: -22 -250 -221 39
16421: -22 -250 -222 48
16422: -22 -250 -223 57
16423: -22 -250 -224 66
16424: -22 -250 -225 75
16425: -22 -251 -226 3
16427: -22 -251 -228 21
16428: -22 -251 -229 30
16429: -22 -251 -230 39
16430: -22 -251 -231 48
16431: -22 -251 -232 57
16432: -22 -251 -233 66
16433: -22 -251 -234 75
16434: -22 -252 -235 3
16436: -22 -252 -237 21
16437: -22 -252 -238 30
16438: -22 -252 -239 39
16439: -22 -252 -240 48
16440: -22 -252 -241 57
16441: -22 -252 -242 66
16442: -22 -252 -243 75
16866: -100 -12 -181 84
16867: -100 -12 -182 93
16868: -100 -12 -183 102
16869: -100 -12 -184 111
16870: -100 -12 -185 120
16871: -100 -12 -186 129
16872: -100 -12 -187 138
16873: -100 -12 -188 147
16874: -100 -12 -189 156
16984: -101 -97 -218 93
16992: -101 -98 -226 84
17020: -102 -173 -173 93
17056: -102 -177 -209 93
17065: -102 -178 -218 93
17081: -102 -179 -234 156
17089: -102 -180 -242 147
17097: -103 -253 -169 138
17098: -103 -253 -170 147
17099: -103 -253 -171 156
17109: -103 -255 -181 84
17113: -103 -255 -185 120
17160: -103 -260 -232 138
17161: -103 -260 -233 147
17175: -104 -334 -166 111
17176: -104 -334 -167 120
17178: -104 -334 -169 138
17190: -104 -336 -181 84
17199: -104 -337 -190 84
17219: -104 -339 -210 102
17228: -104 -340 -219 102
17246: -104 -342 -237 102
17379: -106 -501 -208 84
17380: -106 -501 -209 93
17381: -106 -501 -210 102
17382: -106 -501 -211 111
17384: -106 -501 -213 129
17385: -106 -501 -214 138
17386: -106 -501 -215 147
17387: -106 -501 -216 156
17418: -107 -577 -166 111
17419: -107 -577 -167 120
17420: -107 -577 -168 129
17421: -107 -577 -169 138
17422: -107 -577 -170 147
17442: -107 -580 -190 84
17468: -107 -582 -216 156
17471: -107 -583 -219 102
17487: -107 -585 -235 84
17489: -107 -585 -237 102
17490: -107 -585 -238 111
17491: -107 -585 -239 120
17492: -107 -585 -240 129
17499: -108 -658 -166 111
17500: -108 -658 -167 120
17502: -108 -658 -169 138
17504: -108 -658 -171 156
17523: -108 -661 -190 84
17530: -108 -661 -197 147
17548: -108 -663 -215 147
17552: -108 -664 -219 102
17559: -108 -665 -226 84
17560: -108 -665 -227 93
17561: -108 -665 -228 102
17562: -108 -665 -229 111
17564: -108 -665 -231 129
17566: -108 -665 -233 147
17572: -108 -666 -239 120
17604: -181 -22 -190 165
17606: -181 -22 -192 183
17607: -181 -22 -193 192
17608: -181 -22 -194 201
17609: -181 -22 -195 210
17610: -181 -22 -196 219
17611: -181 -22 -197 228
17612: -181 -22 -198 237
17757: -183 -183 -181 165
17863: -184 -266 -206 228
17908: -185 -343 -170 228
17909: -185 -343 -171 237
17911: -185 -344 -173 174
17913: -185 -344 -175 192
17915: -185 -344 -177 210
17928: -185 -346 -190 165
17933: -185 -346 -195 210
17934: -185 -346 -196 219
17946: -185 -348 -208 165
17948: -185 -348 -210 183
17949: -185 -348 -211 192
17951: -185 -348 -213 210
17958: -185 -349 -220 192
17967: -185 -350 -229 192
17969: -185 -350 -231 210
17988: -186 -424 -169 219
18025: -186 -428 -206 228
18026: -186 -428 -207 237
18070: -187 -505 -170 228
18107: -187 -509 -207 237
18131: -187 -512 -231 210
18134: -187 -512 -234 237
18150: -188 -586 -169 219
18152: -188 -586 -171 237
18216: -188 -594 -235 165
18220: -188 -594 -239 201
18229: -189 -667 -167 201
18231: -189 -667 -169 219
18232: -189 -667 -170 228
18288: -189 -674 -226 165
18289: -189 -674 -227 174
18292: -189 -674 -230 201
18342: -262 -32 -199 246
18343: -262 -32 -200 255
18344: -262 -32 -201 264
18345: -262 -32 -202 273
18346: -262 -32 -203 282
18347: -262 -32 -204 291
18348: -262 -32 -205 300
18349: -262 -32 -206 309
18350: -262 -32 -207 318
18390: -263 -109 -166 273
18405: -263 -111 -181 246
18430: -263 -113 -206 309
18455: -263 -116 -231 291
18463: -263 -117 -239 282
18472: -264 -190 -167 282
18475: -264 -190 -170 309
18476: -264 -190 -171 318
18477: -264 -191 -172 246
18513: -264 -195 -208 246
18529: -264 -196 -224 309
18531: -264 -197 -226 246
18561: -265 -272 -175 273
18594: -265 -276 -208 246
18597: -265 -276 -211 273
18624: -265 -279 -238 273
18633: -266 -352 -166 273
18638: -266 -352 -171 318
18641: -266 -353 -174 264
18643: -266 -353 -176 282
18653: -266 -354 -186 291
18657: -266 -355 -190 246
18658: -266 -355 -191 255
18659: -266 -355 -192 264
18661: -266 -355 -194 282
18662: -266 -355 -195 291
18664: -266 -355 -197 309
18665: -266 -355 -198 318
18674: -266 -356 -207 318
18675: -266 -357 -208 246
18679: -266 -357 -212 282
18685: -266 -358 -218 255
18688: -266 -358 -221 282
18693: -266 -359 -226 246
18694: -266 -359 -227 255
18695: -266 -359 -228 264
18697: -266 -359 -230 282
18703: -266 -360 -236 255
18706: -266 -360 -239 282
18709: -266 -360 -242 309
18714: -267 -433 -166 273
18717: -267 -433 -169 300
18718: -267 -433 -170 309
18719: -267 -433 -171 318
18747: -267 -437 -199 246
18752: -267 -437 -204 291
18754: -267 -437 -206 309
18755: -267 -437 -207 318
18758: -267 -438 -210 264
18759: -267 -438 -211 273
18763: -267 -438 -215 309
18764: -267 -438 -216 318
18765: -267 -439 -217 246
18770: -267 -439 -222 291
18794: -268 -514 -165 264
18796: -268 -514 -167 282
18799: -268 -514 -170 309
18814: -268 -516 -185 282
18834: -268 -518 -205 300
18858: -268 -521 -229 273
18863: -268 -521 -234 318
18864: -268 -522 -235 246
18866: -268 -522 -237 264
18867: -268 -522 -238 273
18871: -268 -522 -242 309
18876: -269 -595 -166 273
18877: -269 -595 -167 282
18879: -269 -595 -169 300
18880: -269 -595 -170 309
18881: -269 -595 -171 318
18889: -269 -596 -179 309
18916: -269 -599 -206 309
18925: -269 -600 -215 309
18928: -269 -601 -218 255
18929: -269 -601 -219 264
18934: -269 -601 -224 309
18945: -269 -603 -235 246
18946: -269 -603 -236 255
18947: -269 -603 -237 264
18948: -269 -603 -238 273
18949: -269 -603 -239 282
18950: -269 -603 -240 291
18951: -269 -603 -241 300
18952: -269 -603 -242 309
18957: -270 -676 -166 273
18960: -270 -676 -169 300
18961: -270 -676 -170 309
18962: -270 -676 -171 318
18970: -270 -677 -179 309
18971: -270 -677 -180 318
18978: -270 -678 -187 300
18989: -270 -679 -198 318
18996: -270 -680 -205 300
18998: -270 -680 -207 318
19007: -270 -681 -216 318
19016: -270 -682 -225 318
19017: -270 -683 -226 246
19019: -270 -683 -228 264
19020: -270 -683 -229 273
19021: -270 -683 -230 282
19023: -270 -683 -232 300
19024: -270 -683 -233 309
19025: -270 -683 -234 318
19031: -270 -684 -240 291
19033: -270 -684 -242 309
19034: -270 -684 -243 318
19080: -343 -42 -208 327
19081: -343 -42 -209 336
19082: -343 -42 -210 345
19083: -343 -42 -211 354
19084: -343 -42 -212 363
19085: -343 -42 -213 372
19087: -343 -42 -215 390
19088: -343 -42 -216 399
19120: -344 -118 -167 363
19138: -344 -120 -185 363
19170: -344 -124 -217 327
19180: -344 -125 -227 336
19195: -344 -126 -242 390
19224: -345 -202 -190 327
19237: -345 -203 -203 363
19299: -346 -282 -184 354
19322: -346 -284 -207 399
19346: -346 -287 -231 372
19349: -346 -287 -234 399
19352: -346 -288 -237 345
19357: -346 -288 -242 390
19412: -347 -366 -216 399
19422: -347 -368 -226 327
19442: -348 -442 -165 345
19444: -348 -442 -167 363
19446: -348 -442 -169 381
19447: -348 -442 -170 390
19448: -348 -442 -171 399
19454: -348 -443 -177 372
19476: -348 -446 -199 327
19479: -348 -446 -202 354
19481: -348 -446 -204 372
19482: -348 -446 -205 381
19483: -348 -446 -206 390
19484: -348 -446 -207 399
19485: -348 -447 -208 327
19494: -348 -448 -217 327
19497: -348 -448 -220 354
19501: -348 -448 -224 390
19503: -348 -449 -226 327
19504: -348 -449 -227 336
19506: -348 -449 -229 354
19508: -348 -449 -231 372
19513: -348 -450 -236 336
19527: -349 -523 -169 381
19528: -349 -523 -170 390
19529: -349 -523 -171 399
19564: -349 -527 -206 390
19565: -349 -527 -207 399
19605: -350 -604 -166 354
19606: -350 -604 -167 363
19608: -350 -604 -169 381
19609: -350 -604 -170 390
19610: -350 -604 -171 399
19626: -350 -606 -187 381
19629: -350 -607 -190 327
19645: -350 -608 -206 390
19648: -350 -609 -209 336
19649: -350 -609 -210 345
19653: -350 -609 -214 381
19654: -350 -609 -215 390
19665: -350 -611 -226 327
19674: -350 -612 -235 327
19676: -350 -612 -237 345
19677: -350 -612 -238 354
19678: -350 -612 -239 363
19679: -350 -612 -240 372
19680: -350 -612 -241 381
19681: -350 -612 -242 390
19682: -350 -612 -243 399
19685: -351 -685 -165 345
19689: -351 -685 -169 381
19690: -351 -685 -170 390
19691: -351 -685 -171 399
19710: -351 -688 -190 327
19735: -351 -690 -215 390
19737: -351 -691 -217 327
19746: -351 -692 -226 327
19747: -351 -692 -227 336
19748: -351 -692 -228 345
19751: -351 -692 -231 372
19752: -351 -692 -232 381
19753: -351 -692 -233 390
19754: -351 -692 -234 399
19755: -351 -693 -235 327
19763: -351 -693 -243 399
19818: -424 -52 -217 408
19819: -424 -52 -218 417
19820: -424 -52 -219 426
19821: -424 -52 -220 435
19822: -424 -52 -221 444
19823: -424 -52 -222 453
19824: -424 -52 -223 462
19825: -424 -52 -224 471
19826: -424 -52 -225 480
19859: -425 -128 -177 453
19863: -425 -129 -181 408
19872: -425 -130 -190 408
19878: -425 -130 -196 462
19880: -425 -130 -198 480
19881: -425 -131 -199 408
19885: -425 -131 -203 444
19908: -425 -134 -226 408
19913: -425 -134 -231 453
19917: -425 -135 -235 408
19925: -425 -135 -243 480
19934: -426 -208 -171 480
19976: -426 -213 -213 453
19998: -426 -216 -235 408
20029: -427 -291 -185 444
20078: -427 -296 -234 480
20090: -428 -370 -165 426
20091: -428 -370 -166 435
20092: -428 -370 -167 444
20095: -428 -370 -170 471
20096: -428 -370 -171 480
20102: -428 -371 -177 453
20103: -428 -371 -178 462
20105: -428 -371 -180 480
20106: -428 -372 -181 408
20110: -428 -372 -185 444
20115: -428 -373 -190 408
20116: -428 -373 -191 417
20125: -428 -374 -200 417
20127: -428 -374 -202 435
20129: -428 -374 -204 453
20130: -428 -374 -205 462
20132: -428 -374 -207 480
20133: -428 -375 -208 408
20134: -428 -375 -209 417
20135: -428 -375 -210 426
20136: -428 -375 -211 435
20139: -428 -375 -214 462
20140: -428 -375 -215 471
20141: -428 -375 -216 480
20144: -428 -376 -219 426
20145: -428 -376 -220 435
20149: -428 -376 -224 471
20150: -428 -376 -225 480
20152: -428 -377 -227 417
20153: -428 -377 -228 426
20156: -428 -377 -231 453
20157: -428 -377 -232 462
20159: -428 -377 -234 480
20160: -428 -378 -235 408
20161: -428 -378 -236 417
20163: -428 -378 -238 435
20165: -428 -378 -240 453
20166: -428 -378 -241 462
20203: -429 -454 -197 471
20223: -429 -457 -217 408
20225: -429 -457 -219 426
20233: -429 -458 -227 417
20234: -429 -458 -228 426
20237: -429 -458 -231 453
20241: -429 -459 -235 408
20254: -430 -532 -167 444
20256: -430 -532 -169 462
20277: -430 -535 -190 408
20286: -430 -536 -199 408
20305: -430 -538 -218 417
20306: -430 -538 -219 426
20314: -430 -539 -227 417
20315: -430 -539 -228 426
20316: -430 -539 -229 435
20318: -430 -539 -231 453
20324: -430 -540 -237 426
20325: -430 -540 -238 435
20327: -430 -540 -240 453
20328: -430 -540 -241 462
20333: -431 -613 -165 426
20335: -431 -613 -167 444
20336: -431 -613 -168 453
20337: -431 -613 -169 462
20338: -431 -613 -170 471
20342: -431 -614 -174 426
20348: -431 -614 -180 480
20358: -431 -616 -190 408
20368: -431 -617 -200 417
20369: -431 -617 -201 426
20376: -431 -618 -208 408
20394: -431 -620 -226 408
20401: -431 -620 -233 471
20402: -431 -620 -234 480
20403: -431 -621 -235 408
20404: -431 -621 -236 417
20405: -431 -621 -237 426
20406: -431 -621 -238 435
20407: -431 -621 -239 444
20409: -431 -621 -241 462
20410: -431 -621 -242 471
20411: -431 -621 -243 480
20414: -432 -694 -165 426
20416: -432 -694 -167 444
20418: -432 -694 -169 462
20420: -432 -694 -171 480
20439: -432 -697 -190 408
20475: -432 -701 -226 408
20476: -432 -701 -227 417
20477: -432 -701 -228 426
20478: -432 -701 -229 435
20481: -432 -701 -232 462
20483: -432 -701 -234 480
20484: -432 -702 -235 408
20486: -432 -702 -237 426
20492: -432 -702 -243 480
20495: -505 -55 -165 507
20496: -505 -55 -166 516
20497: -505 -55 -167 525
20498: -505 -55 -168 534
20499: -505 -55 -169 543
20500: -505 -55 -170 552
20501: -505 -55 -171 561
20580: -506 -136 -169 543
20592: -506 -138 -181 489
20598: -506 -138 -187 543
20647: -506 -144 -236 498
20682: -507 -220 -190 489
20692: -507 -221 -200 498
20697: -507 -221 -205 543
20698: -507 -221 -206 552
20699: -507 -221 -207 561
20723: -507 -224 -231 534
20742: -508 -298 -169 543
20758: -508 -300 -185 525
20772: -508 -302 -199 489
20803: -508 -305 -230 525
20804: -508 -305 -231 534
20808: -508 -306 -235 489
20824: -509 -379 -170 552
20825: -509 -379 -171 561
20839: -509 -381 -185 525
20844: -509 -382 -190 489
20849: -509 -382 -195 534
20862: -509 -384 -208 489
20881: -509 -386 -227 498
20882: -509 -386 -228 507
20884: -509 -386 -230 525
20991: -511 -542 -175 516
21022: -511 -545 -206 552
21049: -511 -548 -233 552
21052: -511 -549 -236 498
21055: -511 -549 -239 525
21059: -511 -549 -243 561
21062: -512 -622 -165 507
21063: -512 -622 -166 516
21064: -512 -622 -167 525
21066: -512 -622 -169 543
21067: -512 -622 -170 552
21068: -512 -622 -171 561
21071: -512 -623 -174 507
21092: -512 -625 -195 534
21096: -512 -626 -199 489
21105: -512 -627 -208 489
21106: -512 -627 -209 498
21107: -512 -627 -210 507
21111: -512 -627 -214 543
21112: -512 -627 -215 552
21113: -512 -627 -216 561
21121: -512 -628 -224 552
21123: -512 -629 -226 489
21124: -512 -629 -227 498
21131: -512 -629 -234 561
21132: -512 -630 -235 489
21133: -512 -630 -236 498
21134: -512 -630 -237 507
21135: -512 -630 -238 516
21136: -512 -630 -239 525
21137: -512 -630 -240 534
21138: -512 -630 -241 543
21139: -512 -630 -242 552
21140: -512 -630 -243 561
21143: -513 -703 -165 507
21144: -513 -703 -166 516
21145: -513 -703 -167 525
21147: -513 -703 -169 543
21148: -513 -703 -170 552
21149: -513 -703 -171 561
21151: -513 -704 -173 498
21152: -513 -704 -174 507
21153: -513 -704 -175 516
21154: -513 -704 -176 525
21155: -513 -704 -177 534
21158: -513 -704 -180 561
21159: -513 -705 -181 489
21168: -513 -706 -190 489
21169: -513 -706 -191 498
21170: -513 -706 -192 507
21171: -513 -706 -193 516
21172: -513 -706 -194 525
21173: -513 -706 -195 534
21176: -513 -706 -198 561
21182: -513 -707 -204 534
21186: -513 -708 -208 489
21187: -513 -708 -209 498
21195: -513 -709 -217 489
21196: -513 -709 -218 498
21204: -513 -710 -226 489
21205: -513 -710 -227 498
21206: -513 -710 -228 507
21207: -513 -710 -229 516
21210: -513 -710 -232 543
21211: -513 -710 -233 552
21212: -513 -710 -234 561
21213: -513 -711 -235 489
21214: -513 -711 -236 498
21215: -513 -711 -237 507
21220: -513 -711 -242 552
21294: -586 -72 -235 570
21295: -586 -72 -236 579
21296: -586 -72 -237 588
21297: -586 -72 -238 597
21298: -586 -72 -239 606
21299: -586 -72 -240 615
21300: -586 -72 -241 624
21301: -586 -72 -242 633
21302: -586 -72 -243 642
21310: -587 -145 -170 633
21331: -587 -148 -191 579
21332: -587 -148 -192 588
21334: -587 -148 -194 606
21335: -587 -148 -195 615
21336: -587 -148 -196 624
21337: -587 -148 -197 633
21338: -587 -148 -198 642
21340: -587 -149 -200 579
21341: -587 -149 -201 588
21342: -587 -149 -202 597
21344: -587 -149 -204 615
21345: -587 -149 -205 624
21347: -587 -149 -207 642
21358: -587 -151 -218 579
21359: -587 -151 -219 588
21377: -587 -153 -237 588
21382: -587 -153 -242 633
21388: -588 -226 -167 606
21391: -588 -226 -170 633
21393: -588 -227 -172 570
21411: -588 -229 -190 570
21432: -588 -231 -211 597
21435: -588 -231 -214 624
21446: -588 -232 -225 642
21454: -588 -233 -233 633
21456: -588 -234 -235 570
21457: -588 -234 -236 579
21459: -588 -234 -238 597
21472: -589 -307 -170 633
21473: -589 -307 -171 642
21519: -589 -313 -217 570
21528: -589 -314 -226 570
21532: -589 -314 -230 606
21537: -589 -315 -235 570
21539: -589 -315 -237 588
21540: -589 -315 -238 597
21542: -589 -315 -240 615
21543: -589 -315 -241 624
21544: -589 -315 -242 633
21548: -590 -388 -165 588
21549: -590 -388 -166 597
21550: -590 -388 -167 606
21554: -590 -388 -171 642
21561: -590 -389 -178 624
21573: -590 -391 -190 570
21574: -590 -391 -191 579
21575: -590 -391 -192 588
21578: -590 -391 -195 615
21581: -590 -391 -198 642
21588: -590 -392 -205 624
21591: -590 -393 -208 570
21602: -590 -394 -219 588
21608: -590 -394 -225 642
21609: -590 -395 -226 570
21618: -590 -396 -235 570
21629: -591 -469 -165 588
21630: -591 -469 -166 597
21631: -591 -469 -167 606
21633: -591 -469 -169 624
21634: -591 -469 -170 633
21635: -591 -469 -171 642
21636: -591 -470 -172 570
21649: -591 -471 -185 606
21653: -591 -471 -189 642
21661: -591 -472 -197 633
21662: -591 -472 -198 642
21664: -591 -473 -200 579
21665: -591 -473 -201 588
21666: -591 -473 -202 597
21668: -591 -473 -204 615
21669: -591 -473 -205 624
21670: -591 -473 -206 633
21671: -591 -473 -207 642
21679: -591 -474 -215 633
21681: -591 -475 -217 570
21683: -591 -475 -219 588
21686: -591 -475 -222 615
21689: -591 -475 -225 642
21690: -591 -476 -226 570
21695: -591 -476 -231 615
21698: -591 -476 -234 642
21699: -591 -477 -235 570
21701: -591 -477 -237 588
21702: -591 -477 -238 597
21710: -592 -550 -165 588
21711: -592 -550 -166 597
21712: -592 -550 -167 606
21713: -592 -550 -168 615
21714: -592 -550 -169 624
21716: -592 -550 -171 642
21780: -592 -558 -235 570
21825: -593 -635 -199 570
21830: -593 -635 -204 615
21845: -593 -637 -219 588
21846: -593 -637 -220 597
21849: -593 -637 -223 624
21879: -594 -713 -172 570
21880: -594 -713 -173 579
21881: -594 -713 -174 588
21882: -594 -713 -175 597
21883: -594 -713 -176 606
21884: -594 -713 -177 615
21885: -594 -713 -178 624
21886: -594 -713 -179 633
21887: -594 -713 -180 642
21897: -594 -715 -190 570
21898: -594 -715 -191 579
21899: -594 -715 -192 588
21900: -594 -715 -193 597
21901: -594 -715 -194 606
21903: -594 -715 -196 624
21904: -594 -715 -197 633
21905: -594 -715 -198 642
21906: -594 -716 -199 570
21907: -594 -716 -200 579
21908: -594 -716 -201 588
21909: -594 -716 -202 597
21910: -594 -716 -203 606
21911: -594 -716 -204 615
21912: -594 -716 -205 624
21913: -594 -716 -206 633
21914: -594 -716 -207 642
21915: -594 -717 -208 570
21917: -594 -717 -210 588
21918: -594 -717 -211 597
21919: -594 -717 -212 606
21920: -594 -717 -213 615
21921: -594 -717 -214 624
21922: -594 -717 -215 633
21923: -594 -717 -216 642
21924: -594 -718 -217 570
21925: -594 -718 -218 579
21926: -594 -718 -219 588
21927: -594 -718 -220 597
21928: -594 -718 -221 606
21929: -594 -718 -222 615
21930: -594 -718 -223 624
21931: -594 -718 -224 633
21932: -594 -718 -225 642
21942: -594 -720 -235 570
21944: -594 -720 -237 588
22014: -667 -80 -226 651
22015: -667 -80 -227 660
22016: -667 -80 -228 669
22017: -667 -80 -229 678
22018: -667 -80 -230 687
22019: -667 -80 -231 696
22020: -667 -80 -232 705
22021: -667 -80 -233 714
22022: -667 -80 -234 723
22040: -668 -154 -171 723
22060: -668 -157 -191 660
22061: -668 -157 -192 669
22063: -668 -157 -194 687
22065: -668 -157 -196 705
22069: -668 -158 -200 660
22075: -668 -158 -206 714
22086: -668 -160 -217 651
22087: -668 -160 -218 660
22088: -668 -160 -219 669
22089: -668 -160 -220 678
22091: -668 -160 -222 696
22093: -668 -160 -224 714
22095: -668 -161 -226 651
22103: -668 -161 -234 723
22116: -669 -235 -166 678
22117: -669 -235 -167 687
22119: -669 -235 -169 705
22121: -669 -235 -171 723
22140: -669 -238 -190 651
22156: -669 -239 -206 714
22159: -669 -240 -209 660
22174: -669 -241 -224 714
22176: -669 -242 -226 651
22177: -669 -242 -227 660
22179: -669 -242 -229 678
22196: -670 -316 -165 669
22197: -670 -316 -166 678
22201: -670 -316 -170 714
22202: -670 -316 -171 723
22233: -670 -320 -202 678
22237: -670 -320 -206 714
22257: -670 -323 -226 651
22259: -670 -323 -228 669
22261: -670 -323 -230 687
22262: -670 -323 -231 696
22263: -670 -323 -232 705
22273: -670 -324 -242 714
22277: -671 -397 -165 669
22278: -671 -397 -166 678
22279: -671 -397 -167 687
22281: -671 -397 -169 705
22282: -671 -397 -170 714
22289: -671 -398 -177 696
22290: -671 -398 -178 705
22304: -671 -400 -192 669
22306: -671 -400 -194 687
22307: -671 -400 -195 696
22308: -671 -400 -196 705
22309: -671 -400 -197 714
22320: -671 -402 -208 651
22328: -671 -402 -216 723
22347: -671 -405 -235 651
22349: -671 -405 -237 669
22358: -672 -478 -165 669
22359: -672 -478 -166 678
22360: -672 -478 -167 687
22362: -672 -478 -169 705
22363: -672 -478 -170 714
22364: -672 -478 -171 723
22373: -672 -479 -180 723
22388: -672 -481 -195 696
22392: -672 -482 -199 651
22394: -672 -482 -201 669
22395: -672 -482 -202 678
22397: -672 -482 -204 696
22398: -672 -482 -205 705
22399: -672 -482 -206 714
22400: -672 -482 -207 723
22406: -672 -483 -213 696
22410: -672 -484 -217 651
22419: -672 -485 -226 651
22428: -672 -486 -235 651
22439: -673 -559 -165 669
22440: -673 -559 -166 678
22441: -673 -559 -167 687
22443: -673 -559 -169 705
22444: -673 -559 -170 714
22455: -673 -561 -181 651
22474: -673 -563 -200 660
22475: -673 -563 -201 669
22479: -673 -563 -205 705
22509: -673 -567 -235 651
22513: -673 -567 -239 687
22527: -674 -641 -172 651
22529: -674 -641 -174 669
22530: -674 -641 -175 678
22531: -674 -641 -176 687
22532: -674 -641 -177 696
22533: -674 -641 -178 705
22534: -674 -641 -179 714
22544: -674 -642 -189 723
22545: -674 -643 -190 651
22546: -674 -643 -191 660
22547: -674 -643 -192 669
22548: -674 -643 -193 678
22549: -674 -643 -194 687
22550: -674 -643 -195 696
22551: -674 -643 -196 705
22552: -674 -643 -197 714
22553: -674 -643 -198 723
22554: -674 -644 -199 651
22555: -674 -644 -200 660
22556: -674 -644 -201 669
22557: -674 -644 -202 678
22558: -674 -644 -203 687
22559: -674 -644 -204 696
22560: -674 -644 -205 705
22561: -674 -644 -206 714
22562: -674 -644 -207 723
22563: -674 -645 -208 651
22565: -674 -645 -210 669
22566: -674 -645 -211 678
22567: -674 -645 -212 687
22568: -674 -645 -213 696
22569: -674 -645 -214 705
22570: -674 -645 -215 714
22571: -674 -645 -216 723
22572: -674 -646 -217 651
22573: -674 -646 -218 660
22574: -674 -646 -219 669
22575: -674 -646 -220 678
22576: -674 -646 -221 687
22577: -674 -646 -222 696
22578: -674 -646 -223 705
22579: -674 -646 -224 714
22580: -674 -646 -225 723
22605: -675 -721 -169 705
22616: -675 -722 -180 723
22627: -675 -724 -191 660
22634: -675 -724 -198 723
22651: -675 -726 -215 714
22656: -675 -727 -220 678
23013: -32 -326 -253 4
23017: -32 -326 -257 40
23018: -32 -326 -258 49
23019: -32 -326 -259 58
23020: -32 -326 -260 67
23021: -32 -326 -261 76
23022: -32 -327 -262 4
23023: -32 -327 -263 13
23025: -32 -327 -265 31
23026: -32 -327 -266 40
23027: -32 -327 -267 49
23029: -32 -327 -269 67
23030: -32 -327 -270 76
23031: -32 -328 -271 4
23034: -32 -328 -274 31
23035: -32 -328 -275 40
23036: -32 -328 -276 49
23037: -32 -328 -277 58
23038: -32 -328 -278 67
23039: -32 -328 -279 76
23044: -32 -329 -284 40
23045: -32 -329 -285 49
23047: -32 -329 -287 67
23048: -32 -329 -288 76
23049: -32 -330 -289 4
23050: -32 -330 -290 13
23052: -32 -330 -292 31
23053: -32 -330 -293 40
23054: -32 -330 -294 49
23055: -32 -330 -295 58
23056: -32 -330 -296 67
23057: -32 -330 -297 76
23058: -32 -331 -298 4
23059: -32 -331 -299 13
23061: -32 -331 -301 31
23062: -32 -331 -302 40
23063: -32 -331 -303 49
23064: -32 -331 -304 58
23065: -32 -331 -305 67
23066: -32 -331 -306 76
23067: -32 -332 -307 4
23068: -32 -332 -308 13
23071: -32 -332 -311 40
23072: -32 -332 -312 49
23073: -32 -332 -313 58
23074: -32 -332 -314 67
23075: -32 -332 -315 76
23076: -32 -333 -316 4
23077: -32 -333 -317 13
23079: -32 -333 -319 31
23080: -32 -333 -320 40
23081: -32 -333 -321 49
23082: -32 -333 -322 58
23083: -32 -333 -323 67
23084: -32 -333 -324 76
23427: -109 -12 -262 85
23428: -109 -12 -263 94
23430: -109 -12 -265 112
23431: -109 -12 -266 121
23432: -109 -12 -267 130
23434: -109 -12 -269 148
23435: -109 -12 -270 157
23551: -110 -97 -305 148
23553: -110 -98 -307 85
23563: -110 -99 -317 94
23609: -111 -176 -282 103
23643: -111 -180 -316 85
23715: -112 -260 -307 85
23736: -113 -334 -247 112
23739: -113 -334 -250 139
23772: -113 -338 -283 112
23786: -113 -339 -297 157
23796: -113 -341 -307 85
23805: -113 -342 -316 85
23940: -115 -501 -289 85
23941: -115 -501 -290 94
23942: -115 -501 -291 103
23943: -115 -501 -292 112
23944: -115 -501 -293 121
23945: -115 -501 -294 130
23946: -115 -501 -295 139
23947: -115 -501 -296 148
23948: -115 -501 -297 157
23980: -116 -577 -248 121
23981: -116 -577 -249 130
23997: -116 -579 -265 112
24019: -116 -581 -287 148
24029: -116 -582 -297 157
24030: -116 -583 -298 85
24039: -116 -584 -307 85
24048: -116 -585 -316 85
24051: -116 -585 -319 112
24053: -116 -585 -321 130
24054: -116 -585 -322 139
24055: -116 -585 -323 148
24060: -117 -658 -247 112
24063: -117 -658 -250 139
24064: -117 -658 -251 148
24100: -117 -662 -287 148
24105: -117 -663 -292 112
24106: -117 -663 -293 121
24109: -117 -663 -296 148
24119: -117 -664 -306 157
24120: -117 -665 -307 85
24122: -117 -665 -309 103
24123: -117 -665 -310 112
24125: -117 -665 -312 130
24128: -117 -665 -315 157
24129: -117 -666 -316 85
24165: -190 -22 -271 166
24166: -190 -22 -272 175
24168: -190 -22 -274 193
24169: -190 -22 -275 202
24170: -190 -22 -276 211
24171: -190 -22 -277 220
24172: -190 -22 -278 229
24173: -190 -22 -279 238
24222: -191 -100 -247 193
24227: -191 -100 -252 238
24281: -191 -106 -306 238
24282: -191 -107 -307 166
24291: -191 -108 -316 166
24338: -192 -185 -282 184
24396: -193 -263 -259 220
24435: -193 -268 -298 166
24467: -194 -343 -249 211
24469: -194 -343 -251 229
24544: -195 -424 -245 175
24547: -195 -424 -248 202
24551: -195 -424 -252 238
24562: -195 -426 -263 175
24579: -195 -428 -280 166
24582: -195 -428 -283 193
24585: -195 -428 -286 220
24592: -195 -429 -293 202
24630: -196 -505 -250 220
24631: -196 -505 -251 229
24649: -196 -507 -269 229
24687: -196 -512 -307 166
24696: -196 -513 -316 166
24699: -196 -513 -319 193
24709: -197 -586 -248 202
24710: -197 -586 -249 211
24711: -197 -586 -250 220
24712: -197 -586 -251 229
24713: -197 -586 -252 238
24743: -197 -590 -282 184
24748: -197 -590 -287 229
24752: -197 -591 -291 184
24758: -197 -591 -297 238
24768: -197 -593 -307 166
24777: -197 -594 -316 166
24779: -197 -594 -318 184
24781: -197 -594 -320 202
24784: -197 -594 -323 229
24785: -197 -594 -324 238
24787: -198 -667 -245 175
24791: -198 -667 -249 211
24792: -198 -667 -250 220
24793: -198 -667 -251 229
24794: -198 -667 -252 238
24802: -198 -668 -260 229
24815: -198 -670 -273 184
24849: -198 -674 -307 166
24851: -198 -674 -309 184
24853: -198 -674 -311 202
24855: -198 -674 -313 220
24856: -198 -674 -314 229
24906: -271 -32 -283 274
24907: -271 -32 -284 283
24909: -271 -32 -286 301
24910: -271 -32 -287 310
24911: -271 -32 -288 319
25014: -272 -116 -310 274
25072: -273 -194 -287 310
25073: -273 -194 -288 319
25074: -273 -195 -289 247
25078: -273 -195 -293 283
25083: -273 -196 -298 247
25088: -273 -196 -303 292
25090: -273 -196 -305 310
25091: -273 -196 -306 319
25252: -275 -358 -305 310
25275: -276 -433 -247 274
25276: -276 -433 -248 283
25278: -276 -433 -250 301
25310: -276 -437 -282 265
25314: -276 -437 -286 301
25315: -276 -437 -287 310
25343: -276 -440 -315 319
25361: -277 -514 -252 319
25366: -277 -515 -257 283
25419: -277 -521 -310 274
25437: -278 -595 -247 274
25439: -278 -595 -249 292
25440: -278 -595 -250 301
25451: -278 -596 -261 319
25508: -278 -603 -318 265
25552: -279 -680 -281 256
25553: -279 -680 -282 265
25557: -279 -680 -286 301
25580: -279 -683 -309 265
25581: -279 -683 -310 274
25641: -352 -42 -289 328
25642: -352 -42 -290 337
25643: -352 -42 -291 346
25644: -352 -42 -292 355
25645: -352 -42 -293 364
25646: -352 -42 -294 373
25647: -352 -42 -295 382
25648: -352 -42 -296 391
25649: -352 -42 -297 400
25684: -353 -118 -251 391
25707: -353 -121 -274 355
25708: -353 -121 -275 364
25709: -353 -121 -276 373
25740: -353 -125 -307 328
25742: -353 -125 -309 346
25749: -353 -126 -316 328
25750: -353 -126 -317 337
25751: -353 -126 -318 346
25765: -354 -199 -251 391
25787: -354 -202 -273 346
25843: -355 -280 -248 364
25848: -355 -281 -253 328
25850: -355 -281 -255 346
25852: -355 -281 -257 364
25857: -355 -282 -262 328
25861: -355 -282 -266 364
25879: -355 -284 -284 364
25886: -355 -285 -291 346
25892: -355 -285 -297 400
25893: -355 -286 -298 328
25894: -355 -286 -299 337
25895: -355 -286 -300 346
25897: -355 -286 -302 364
25902: -355 -287 -307 328
25903: -355 -287 -308 337
25904: -355 -287 -309 346
25906: -355 -287 -311 364
25913: -355 -288 -318 346
25928: -356 -361 -252 400
25938: -356 -363 -262 328
25942: -356 -363 -266 364
25991: -356 -368 -315 400
25994: -356 -369 -318 346
25996: -356 -369 -320 364
25999: -356 -369 -323 391
26043: -357 -446 -286 382
26068: -357 -449 -311 364
26073: -357 -450 -316 328
26090: -358 -523 -252 400
26102: -358 -525 -264 346
26144: -358 -529 -306 400
26145: -358 -530 -307 328
26149: -358 -530 -311 364
26154: -358 -531 -316 328
26161: -358 -531 -323 391
26167: -359 -604 -248 364
26169: -359 -604 -250 382
26170: -359 -604 -251 391
26172: -359 -605 -253 328
26179: -359 -605 -260 391
26188: -359 -606 -269 391
26206: -359 -608 -287 391
26208: -359 -609 -289 328
26209: -359 -609 -290 337
26210: -359 -609 -291 346
26211: -359 -609 -292 355
26212: -359 -609 -293 364
26215: -359 -609 -296 391
26218: -359 -610 -299 337
26220: -359 -610 -301 355
26221: -359 -610 -302 364
26222: -359 -610 -303 373
26224: -359 -610 -305 391
26234: -359 -611 -315 400
26235: -359 -612 -316 328
26237: -359 -612 -318 346
26238: -359 -612 -319 355
26239: -359 -612 -320 364
26240: -359 -612 -321 373
26242: -359 -612 -323 391
26248: -360 -685 -248 364
26251: -360 -685 -251 391
26252: -360 -685 -252 400
26261: -360 -686 -261 400
26267: -360 -687 -267 373
26270: -360 -687 -270 400
26272: -360 -688 -272 337
26283: -360 -689 -283 355
26288: -360 -689 -288 400
26297: -360 -690 -297 400
26306: -360 -691 -306 400
26307: -360 -692 -307 328
26308: -360 -692 -308 337
26309: -360 -692 -309 346
26312: -360 -692 -312 373
26313: -360 -692 -313 382
26315: -360 -692 -315 400
26316: -360 -693 -316 328
26323: -360 -693 -323 391
26324: -360 -693 -324 400
26379: -433 -52 -298 409
26380: -433 -52 -299 418
26381: -433 -52 -300 427
26382: -433 -52 -301 436
26383: -433 -52 -302 445
26384: -433 -52 -303 454
26385: -433 -52 -304 463
26386: -433 -52 -305 472
26387: -433 -52 -306 481
26415: -434 -128 -253 409
26416: -434 -128 -254 418
26418: -434 -128 -256 436
26420: -434 -128 -258 454
26423: -434 -128 -261 481
26432: -434 -129 -270 481
26442: -434 -131 -280 409
26443: -434 -131 -281 418
26445: -434 -131 -283 436
26449: -434 -131 -287 472
26450: -434 -131 -288 481
26469: -434 -134 -307 409
26482: -434 -135 -320 445
26485: -434 -135 -323 472
26488: -435 -208 -245 418
26490: -435 -208 -247 436
26493: -435 -208 -250 463
26494: -435 -208 -251 472
26495: -435 -208 -252 481
26543: -435 -214 -300 427
26552: -435 -215 -309 427
26559: -435 -216 -316 409
26561: -435 -216 -318 427
26658: -437 -371 -253 409
26682: -437 -373 -277 463
26685: -437 -374 -280 409
26693: -437 -374 -288 481
26706: -437 -376 -301 436
26710: -437 -376 -305 472
26711: -437 -376 -306 481
26712: -437 -377 -307 409
26714: -437 -377 -309 427
26715: -437 -377 -310 436
26720: -437 -377 -315 481
26721: -437 -378 -316 409
26722: -437 -378 -317 418
26724: -437 -378 -319 436
26728: -437 -378 -323 472
26746: -438 -452 -260 472
26752: -438 -453 -266 445
26756: -438 -453 -270 481
26784: -438 -457 -298 409
26801: -438 -458 -315 481
26810: -438 -459 -324 481
26820: -439 -533 -253 409
26846: -439 -535 -279 481
26847: -439 -536 -280 409
26848: -439 -536 -281 418
26850: -439 -536 -283 436
26851: -439 -536 -284 445
26852: -439 -536 -285 454
26853: -439 -536 -286 463
26855: -439 -536 -288 481
26876: -439 -539 -309 427
26883: -439 -540 -316 409
26884: -439 -540 -317 418
26885: -439 -540 -318 427
26890: -439 -540 -323 472
26895: -440 -613 -247 436
26896: -440 -613 -248 445
26899: -440 -613 -251 472
26900: -440 -613 -252 481
26904: -440 -614 -256 436
26917: -440 -615 -269 472
26921: -440 -616 -273 427
26948: -440 -619 -300 427
26951: -440 -619 -303 454
26955: -440 -620 -307 409
26956: -440 -620 -308 418
26957: -440 -620 -309 427
26958: -440 -620 -310 436
26959: -440 -620 -311 445
26961: -440 -620 -313 463
26964: -440 -621 -316 409
26967: -440 -621 -319 436
26970: -440 -621 -322 463
26972: -440 -621 -324 481
26974: -441 -694 -245 418
26976: -441 -694 -247 436
26977: -441 -694 -248 445
26978: -441 -694 -249 454
26979: -441 -694 -250 463
26980: -441 -694 -251 472
26981: -441 -694 -252 481
26990: -441 -695 -261 481
26999: -441 -696 -270 481
27020: -441 -699 -291 427
27036: -441 -701 -307 409
27040: -441 -701 -311 445
27043: -441 -701 -314 472
27044: -441 -701 -315 481
27045: -441 -702 -316 409
27046: -441 -702 -317 418
27049: -441 -702 -320 445
27053: -441 -702 -324 481
27055: -514 -55 -245 499
27057: -514 -55 -247 517
27058: -514 -55 -248 526
27059: -514 -55 -249 535
27060: -514 -55 -250 544
27061: -514 -55 -251 553
27062: -514 -55 -252 562
27136: -515 -136 -245 499
27138: -515 -136 -247 517
27139: -515 -136 -248 526
27140: -515 -136 -249 535
27143: -515 -136 -252 562
27198: -515 -143 -307 490
27205: -515 -143 -314 553
27217: -516 -217 -245 499
27219: -516 -217 -247 517
27220: -516 -217 -248 526
27223: -516 -217 -251 553
27228: -516 -218 -256 517
27241: -516 -219 -269 553
27268: -516 -222 -296 553
27287: -516 -224 -315 562
27288: -516 -225 -316 490
27295: -516 -225 -323 553
27357: -517 -304 -304 544
27391: -518 -380 -257 526
27392: -518 -380 -258 535
27393: -518 -380 -259 544
27406: -518 -382 -272 499
27422: -518 -383 -288 562
27441: -518 -386 -307 490
27442: -518 -386 -308 499
27444: -518 -386 -310 517
27445: -518 -386 -311 526
27448: -518 -386 -314 553
27449: -518 -386 -315 562
27450: -518 -387 -316 490
27451: -518 -387 -317 499
27453: -518 -387 -319 517
27454: -518 -387 -320 526
27455: -518 -387 -321 535
27457: -518 -387 -323 553
27610: -520 -548 -314 553
27622: -521 -622 -245 499
27624: -521 -622 -247 517
27625: -521 -622 -248 526
27627: -521 -622 -250 544
27628: -521 -622 -251 553
27629: -521 -622 -252 562
27631: -521 -623 -254 499
27634: -521 -623 -257 526
27637: -521 -623 -260 553
27646: -521 -624 -269 553
27658: -521 -626 -281 499
27660: -521 -626 -283 517
27663: -521 -626 -286 544
27666: -521 -627 -289 490
27667: -521 -627 -290 499
27669: -521 -627 -292 517
27671: -521 -627 -294 535
27672: -521 -627 -295 544
27673: -521 -627 -296 553
27674: -521 -627 -297 562
27682: -521 -628 -305 553
27684: -521 -629 -307 490
27685: -521 -629 -308 499
27687: -521 -629 -310 517
27692: -521 -629 -315 562
27693: -521 -630 -316 490
27694: -521 -630 -317 499
27695: -521 -630 -318 508
27696: -521 -630 -319 517
27697: -521 -630 -320 526
27698: -521 -630 -321 535
27699: -521 -630 -322 544
27700: -521 -630 -323 553
27701: -521 -630 -324 562
27703: -522 -703 -245 499
27705: -522 -703 -247 517
27706: -522 -703 -248 526
27708: -522 -703 -250 544
27709: -522 -703 -251 553
27718: -522 -704 -260 553
27727: -522 -705 -269 553
27728: -522 -705 -270 562
27735: -522 -706 -277 544
27741: -522 -707 -283 517
27748: -522 -708 -290 499
27755: -522 -708 -297 562
27761: -522 -709 -303 535
27764: -522 -709 -306 562
27765: -522 -710 -307 490
27766: -522 -710 -308 499
27767: -522 -710 -309 508
27768: -522 -710 -310 517
27769: -522 -710 -311 526
27770: -522 -710 -312 535
27772: -522 -710 -314 553
27773: -522 -710 -315 562
27774: -522 -711 -316 490
27775: -522 -711 -317 499
27777: -522 -711 -319 517
27781: -522 -711 -323 553
27855: -595 -72 -316 571
27856: -595 -72 -317 580
27857: -595 -72 -318 589
27858: -595 -72 -319 598
27859: -595 -72 -320 607
27860: -595 -72 -321 616
27861: -595 -72 -322 625
27862: -595 -72 -323 634
27863: -595 -72 -324 643
27890: -596 -147 -270 643
27907: -596 -149 -287 634
27920: -596 -151 -300 589
27925: -596 -151 -305 634
27926: -596 -151 -306 643
27927: -596 -152 -307 571
27936: -596 -153 -316 571
27942: -596 -153 -322 625
27953: -597 -226 -252 643
27957: -597 -227 -256 598
27997: -597 -231 -296 634
28008: -597 -233 -307 571
28017: -597 -234 -316 571
28019: -597 -234 -318 589
28024: -597 -234 -323 634
28034: -598 -307 -252 643
28098: -598 -315 -316 571
28110: -599 -388 -247 598
28111: -599 -388 -248 607
28112: -599 -388 -249 616
28113: -599 -388 -250 625
28114: -599 -388 -251 634
28115: -599 -388 -252 643
28146: -599 -392 -283 598
28170: -599 -395 -307 571
28173: -599 -395 -310 598
28174: -599 -395 -311 607
28175: -599 -395 -312 616
28176: -599 -395 -313 625
28178: -599 -395 -315 643
28179: -599 -396 -316 571
28186: -599 -396 -323 634
28189: -600 -469 -245 580
28191: -600 -469 -247 598
28192: -600 -469 -248 607
28193: -600 -469 -249 616
28194: -600 -469 -250 625
28195: -600 -469 -251 634
28196: -600 -469 -252 643
28206: -600 -471 -262 571
28207: -600 -471 -263 580
28209: -600 -471 -265 598
28214: -600 -471 -270 643
28224: -600 -473 -280 571
28229: -600 -473 -285 616
28232: -600 -473 -288 643
28240: -600 -474 -296 634
28244: -600 -475 -300 589
28246: -600 -475 -302 607
28250: -600 -475 -306 643
28260: -600 -477 -316 571
28267: -600 -477 -323 634
28268: -600 -477 -324 643
28270: -601 -550 -245 580
28272: -601 -550 -247 598
28273: -601 -550 -248 607
28275: -601 -550 -250 625
28277: -601 -550 -252 643
28294: -601 -552 -269 634
28295: -601 -552 -270 643
28312: -601 -554 -287 634
28332: -601 -557 -307 571
28341: -601 -558 -316 571
28343: -601 -558 -318 589
28346: -601 -558 -321 616
28357: -602 -631 -251 634
28365: -602 -632 -259 625
28366: -602 -632 -260 634
28375: -602 -633 -269 634
28402: -602 -636 -296 634
28407: -602 -637 -301 598
28414: -602 -638 -308 580
28440: -603 -713 -253 571
28442: -603 -713 -255 589
28445: -603 -713 -258 616
28447: -603 -713 -260 634
28448: -603 -713 -261 643
28449: -603 -714 -262 571
28450: -603 -714 -263 580
28452: -603 -714 -265 598
28453: -603 -714 -266 607
28454: -603 -714 -267 616
28455: -603 -714 -268 625
28456: -603 -714 -269 634
28457: -603 -714 -270 643
28467: -603 -716 -280 571
28468: -603 -716 -281 580
28469: -603 -716 -282 589
28470: -603 -716 -283 598
28471: -603 -716 -284 607
28472: -603 -716 -285 616
28473: -603 -716 -286 625
28474: -603 -716 -287 634
28475: -603 -716 -288 643
28476: -603 -717 -289 571
28477: -603 -717 -290 580
28478: -603 -717 -291 589
28479: -603 -717 -292 598
28480: -603 -717 -293 607
28481: -603 -717 -294 616
28483: -603 -717 -296 634
28484: -603 -717 -297 643
28485: -603 -718 -298 571
28487: -603 -718 -300 589
28488: -603 -718 -301 598
28489: -603 -718 -302 607
28490: -603 -718 -303 616
28491: -603 -718 -304 625
28492: -603 -718 -305 634
28493: -603 -718 -306 643
28506: -603 -720 -319 598
28575: -676 -80 -307 652
28576: -676 -80 -308 661
28577: -676 -80 -309 670
28578: -676 -80 -310 679
28579: -676 -80 -311 688
28580: -676 -80 -312 697
28581: -676 -80 -313 706
28582: -676 -80 -314 715
28583: -676 -80 -315 724
28596: -677 -154 -247 679
28597: -677 -154 -248 688
28598: -677 -154 -249 697
28599: -677 -154 -250 706
28600: -677 -154 -251 715
28609: -677 -155 -260 715
28612: -677 -156 -263 661
28618: -677 -156 -269 715
28648: -677 -160 -299 661
28650: -677 -160 -301 679
28655: -677 -160 -306 724
28656: -677 -161 -307 652
28657: -677 -161 -308 661
28659: -677 -161 -310 679
28660: -677 -161 -311 688
28662: -677 -161 -313 706
28663: -677 -161 -314 715
28665: -677 -162 -316 652
28677: -678 -235 -247 679
28679: -678 -235 -249 697
28681: -678 -235 -251 715
28735: -678 -241 -305 715
28736: -678 -241 -306 724
28737: -678 -242 -307 652
28750: -678 -243 -320 688
28754: -678 -243 -324 724
28818: -679 -323 -307 652
28835: -679 -324 -324 724
28839: -680 -397 -247 679
28840: -680 -397 -248 688
28841: -680 -397 -249 697
28842: -680 -397 -250 706
28888: -680 -402 -296 715
28899: -680 -404 -307 652
28908: -680 -405 -316 652
28916: -680 -405 -324 724
28918: -681 -478 -245 661
28920: -681 -478 -247 679
28921: -681 -478 -248 688
28922: -681 -478 -249 697
28923: -681 -478 -250 706
28924: -681 -478 -251 715
28933: -681 -479 -260 715
28950: -681 -481 -277 706
28955: -681 -482 -282 670
28959: -681 -482 -286 706
28972: -681 -484 -299 661
28979: -681 -484 -306 724
28980: -681 -485 -307 652
28987: -681 -485 -314 715
28988: -681 -485 -315 724
29001: -682 -559 -247 679
29002: -682 -559 -248 688
29003: -682 -559 -249 697
29004: -682 -559 -250 706
29005: -682 -559 -251 715
29019: -682 -561 -265 679
29020: -682 -561 -266 688
29037: -682 -563 -283 679
29056: -682 -565 -302 688
29061: -682 -566 -307 652
29070: -682 -567 -316 652
29088: -683 -641 -253 652
29089: -683 -641 -254 661
29090: -683 -641 -255 670
29091: -683 -641 -256 679
29094: -683 -641 -259 706
29095: -683 -641 -260 715
29096: -683 -641 -261 724
29097: -683 -642 -262 652
29098: -683 -642 -263 661
29099: -683 -642 -264 670
29100: -683 -642 -265 679
29101: -683 -642 -266 688
29102: -683 -642 -267 697
29103: -683 -642 -268 706
29104: -683 -642 -269 715
29105: -683 -642 -270 724
29115: -683 -644 -280 652
29116: -683 -644 -281 661
29117: -683 -644 -282 670
29118: -683 -644 -283 679
29119: -683 -644 -284 688
29121: -683 -644 -286 706
29122: -683 -644 -287 715
29123: -683 -644 -288 724
29124: -683 -645 -289 652
29125: -683 -645 -290 661
29126: -683 -645 -291 670
29127: -683 -645 -292 679
29129: -683 -645 -294 697
29131: -683 -645 -296 715
29132: -683 -645 -297 724
29133: -683 -646 -298 652
29134: -683 -646 -299 661
29135: -683 -646 -300 670
29136: -683 -646 -301 679
29137: -683 -646 -302 688
29138: -683 -646 -303 697
29139: -683 -646 -304 706
29140: -683 -646 -305 715
29141: -683 -646 -306 724
29163: -684 -721 -247 679
29168: -684 -721 -252 724
29174: -684 -722 -258 697
29222: -684 -727 -306 724
29647: -42 -406 -326 14
29648: -42 -406 -327 23
29650: -42 -406 -329 41
29651: -42 -406 -330 50
29652: -42 -406 -331 59
29653: -42 -406 -332 68
29654: -42 -406 -333 77
29655: -42 -407 -334 5
29656: -42 -407 -335 14
29657: -42 -407 -336 23
29659: -42 -407 -338 41
29660: -42 -407 -339 50
29661: -42 -407 -340 59
29662: -42 -407 -341 68
29663: -42 -407 -342 77
29664: -42 -408 -343 5
29665: -42 -408 -344 14
29666: -42 -408 -345 23
29668: -42 -408 -347 41
29669: -42 -408 -348 50
29670: -42 -408 -349 59
29671: -42 -408 -350 68
29672: -42 -408 -351 77
29673: -42 -409 -352 5
29674: -42 -409 -353 14
29675: -42 -409 -354 23
29677: -42 -409 -356 41
29678: -42 -409 -357 50
29679: -42 -409 -358 59
29680: -42 -409 -359 68
29681: -42 -409 -360 77
29691: -42 -411 -370 5
29692: -42 -411 -371 14
29693: -42 -411 -372 23
29695: -42 -411 -374 41
29696: -42 -411 -375 50
29697: -42 -411 -376 59
29698: -42 -411 -377 68
29699: -42 -411 -378 77
29700: -42 -412 -379 5
29701: -42 -412 -380 14
29702: -42 -412 -381 23
29704: -42 -412 -383 41
29705: -42 -412 -384 50
29706: -42 -412 -385 59
29707: -42 -412 -386 68
29708: -42 -412 -387 77
29709: -42 -413 -388 5
29710: -42 -413 -389 14
29711: -42 -413 -390 23
29713: -42 -413 -392 41
29714: -42 -413 -393 50
29715: -42 -413 -394 59
29716: -42 -413 -395 68
29717: -42 -413 -396 77
29718: -42 -414 -397 5
29719: -42 -414 -398 14
29720: -42 -414 -399 23
29722: -42 -414 -401 41
29723: -42 -414 -402 50
29724: -42 -414 -403 59
29725: -42 -414 -404 68
29726: -42 -414 -405 77
29988: -118 -12 -343 86
29989: -118 -12 -344 95
29990: -118 -12 -345 104
29991: -118 -12 -346 113
29992: -118 -12 -347 122
29993: -118 -12 -348 131
29994: -118 -12 -349 140
29995: -118 -12 -350 149
29996: -118 -12 -351 158
30069: -119 -93 -343 86
30136: -120 -172 -329 122
30137: -120 -172 -330 131
30138: -120 -172 -331 140
30159: -120 -175 -352 86
30161: -120 -175 -354 104
30162: -120 -175 -355 113
30163: -120 -175 -356 122
30188: -120 -178 -381 104
30190: -120 -178 -383 122
30193: -120 -178 -386 149
30195: -120 -179 -388 86
30196: -120 -179 -389 95
30198: -120 -179 -391 113
30199: -120 -179 -392 122
30201: -120 -179 -394 140
30204: -120 -180 -397 86
30205: -120 -180 -398 95
30206: -120 -180 -399 104
30208: -120 -180 -401 122
30210: -120 -180 -403 140
30235: -121 -255 -347 122
30238: -121 -255 -350 149
30261: -121 -258 -373 113
30262: -121 -258 -374 122
30276: -121 -260 -388 86
30279: -121 -260 -391 113
30289: -121 -261 -401 122
30304: -122 -335 -335 95
30339: -122 -339 -370 86
30501: -124 -501 -370 86
30502: -124 -501 -371 95
30503: -124 -501 -372 104
30504: -124 -501 -373 113
30505: -124 -501 -374 122
30506: -124 -501 -375 131
30507: -124 -501 -376 140
30508: -124 -501 -377 149
30509: -124 -501 -378 158
30541: -125 -577 -329 122
30544: -125 -577 -332 149
30545: -125 -577 -333 158
30563: -125 -579 -351 158
30586: -125 -582 -374 122
30600: -125 -584 -388 86
30604: -125 -584 -392 122
30609: -125 -585 -397 86
30613: -125 -585 -401 122
30614: -125 -585 -402 131
30615: -125 -585 -403 140
30616: -125 -585 -404 149
30617: -125 -585 -405 158
30620: -126 -658 -327 104
30640: -126 -660 -347 122
30681: -126 -665 -388 86
30683: -126 -665 -390 104
30685: -126 -665 -392 122
30686: -126 -665 -393 131
30689: -126 -665 -396 158
30690: -126 -666 -397 86
30698: -126 -666 -405 158
30726: -199 -22 -352 167
30727: -199 -22 -353 176
30728: -199 -22 -354 185
30729: -199 -22 -355 194
30730: -199 -22 -356 203
30731: -199 -22 -357 212
30732: -199 -22 -358 221
30733: -199 -22 -359 230
30734: -199 -22 -360 239
30783: -200 -100 -328 194
30805: -200 -102 -350 230
30837: -200 -106 -382 194
30842: -200 -106 -387 239
30843: -200 -107 -388 167
30855: -200 -108 -400 194
30856: -200 -108 -401 203
30863: -201 -181 -327 185
30945: -202 -262 -328 194
30963: -202 -264 -346 194
30968: -202 -264 -351 239
31057: -203 -346 -359 230
31105: -204 -424 -326 176
31108: -204 -424 -329 203
31109: -204 -424 -330 212
31127: -204 -426 -348 212
31129: -204 -426 -350 230
31165: -204 -430 -386 230
31166: -204 -430 -387 239
31167: -204 -431 -388 167
31172: -204 -431 -393 212
31176: -204 -432 -397 167
31180: -204 -432 -401 203
31181: -204 -432 -402 212
31192: -205 -505 -332 230
31195: -205 -506 -335 176
31225: -205 -509 -365 203
31242: -205 -511 -382 194
31251: -205 -512 -391 194
31263: -205 -513 -403 221
31264: -205 -513 -404 230
31268: -206 -586 -327 185
31269: -206 -586 -328 194
31270: -206 -586 -329 203
31273: -206 -586 -332 230
31274: -206 -586 -333 239
31283: -206 -587 -342 239
31284: -206 -588 -343 167
31310: -206 -590 -369 239
31319: -206 -591 -378 239
31323: -206 -592 -382 194
31327: -206 -592 -386 230
31329: -206 -593 -388 167
31338: -206 -594 -397 167
31343: -206 -594 -402 212
31346: -206 -594 -405 239
31348: -207 -667 -326 176
31349: -207 -667 -327 185
31350: -207 -667 -328 194
31353: -207 -667 -331 221
31354: -207 -667 -332 230
31365: -207 -669 -343 167
31381: -207 -670 -359 230
31391: -207 -671 -369 239
31410: -207 -674 -388 167
31413: -207 -674 -391 194
31415: -207 -674 -393 212
31416: -207 -674 -394 221
31418: -207 -674 -396 239
31419: -207 -675 -397 167
31427: -207 -675 -405 239
31464: -280 -32 -361 248
31465: -280 -32 -362 257
31466: -280 -32 -363 266
31467: -280 -32 -364 275
31468: -280 -32 -365 284
31471: -280 -32 -368 311
31472: -280 -32 -369 320
31512: -281 -109 -328 275
31515: -281 -109 -331 302
31516: -281 -109 -332 311
31517: -281 -109 -333 320
31594: -282 -190 -329 284
31620: -282 -193 -355 275
31644: -282 -196 -379 248
31656: -282 -197 -391 275
31662: -282 -198 -397 248
31683: -283 -272 -337 275
31690: -283 -273 -344 257
31694: -283 -273 -348 293
31696: -283 -273 -350 311
31728: -283 -277 -382 275
31760: -284 -352 -333 320
31767: -284 -353 -340 302
31770: -284 -354 -343 248
31782: -284 -355 -355 275
31797: -284 -357 -370 248
31834: -285 -433 -326 257
31841: -285 -433 -333 320
31860: -285 -436 -352 248
31873: -285 -437 -365 284
31896: -285 -440 -388 248
31902: -285 -440 -394 302
31905: -285 -441 -397 248
31907: -285 -441 -399 266
31915: -286 -514 -326 257
31916: -286 -514 -327 266
31919: -286 -514 -330 293
31920: -286 -514 -331 302
31941: -286 -517 -352 248
31977: -286 -521 -388 248
31979: -286 -521 -390 266
31984: -286 -521 -395 311
31986: -286 -522 -397 248
31996: -287 -595 -326 257
31997: -287 -595 -327 266
31998: -287 -595 -328 275
32000: -287 -595 -330 293
32001: -287 -595 -331 302
32002: -287 -595 -332 311
32020: -287 -597 -350 311
32058: -287 -602 -388 248
32067: -287 -603 -397 248
32072: -287 -603 -402 293
32075: -287 -603 -405 320
32079: -288 -676 -328 275
32081: -288 -676 -330 293
32084: -288 -676 -333 320
32099: -288 -678 -348 293
32116: -288 -680 -365 284
32123: -288 -681 -372 266
32128: -288 -681 -377 311
32137: -288 -682 -386 311
32138: -288 -682 -387 320
32139: -288 -683 -388 248
32142: -288 -683 -391 275
32146: -288 -683 -395 311
32148: -288 -684 -397 248
32150: -288 -684 -399 266
32203: -361 -42 -371 338
32204: -361 -42 -372 347
32205: -361 -42 -373 356
32207: -361 -42 -375 374
32209: -361 -42 -377 392
32210: -361 -42 -378 401
32240: -362 -118 -327 347
32242: -362 -118 -329 365
32246: -362 -118 -333 401
32263: -362 -120 -350 392
32264: -362 -120 -351 401
32335: -363 -200 -341 392
32364: -363 -204 -370 329
32382: -363 -206 -388 329
32524: -365 -365 -368 392
32568: -366 -442 -331 383
32569: -366 -442 -332 392
32645: -367 -523 -327 347
32651: -367 -523 -333 401
32669: -367 -525 -351 401
32708: -367 -530 -390 347
32716: -367 -531 -398 338
32719: -367 -531 -401 365
32730: -368 -604 -331 383
32743: -368 -606 -344 338
32747: -368 -606 -348 374
32751: -368 -607 -352 329
32771: -368 -609 -372 347
32777: -368 -609 -378 401
32780: -368 -610 -381 347
32781: -368 -610 -382 356
32782: -368 -610 -383 365
32796: -368 -612 -397 329
32797: -368 -612 -398 338
32798: -368 -612 -399 347
32799: -368 -612 -400 356
32800: -368 -612 -401 365
32806: -369 -685 -326 338
32808: -369 -685 -328 356
32809: -369 -685 -329 365
32811: -369 -685 -331 383
32812: -369 -685 -332 392
32814: -369 -686 -334 329
32820: -369 -686 -340 383
32828: -369 -687 -348 374
32832: -369 -688 -352 329
32857: -369 -690 -377 392
32861: -369 -691 -381 347
32871: -369 -692 -391 356
32874: -369 -692 -394 383
32882: -369 -693 -402 374
32940: -442 -52 -379 410
32941: -442 -52 -380 419
32942: -442 -52 -381 428
32943: -442 -52 -382 437
32944: -442 -52 -383 446
32945: -442 -52 -384 455
32946: -442 -52 -385 464
32947: -442 -52 -386 473
32948: -442 -52 -387 482
32972: -443 -127 -330 455
32985: -443 -129 -343 410
32986: -443 -129 -344 419
32988: -443 -129 -346 437
32992: -443 -129 -350 473
32993: -443 -129 -351 482
32994: -443 -130 -352 410
32995: -443 -130 -353 419
32996: -443 -130 -354 428
32997: -443 -130 -355 437
32998: -443 -130 -356 446
32999: -443 -130 -357 455
33001: -443 -130 -359 473
33002: -443 -130 -360 482
33030: -443 -134 -388 410
33031: -443 -134 -389 419
33039: -443 -135 -397 410
33040: -443 -135 -398 419
33043: -443 -135 -401 446
33049: -444 -208 -326 419
33050: -444 -208 -327 428
33051: -444 -208 -328 437
33052: -444 -208 -329 446
33053: -444 -208 -330 455
33055: -444 -208 -332 473
33056: -444 -208 -333 482
33059: -444 -209 -336 428
33073: -444 -210 -350 473
33078: -444 -211 -355 437
33107: -444 -214 -384 455
33110: -444 -214 -387 482
33111: -444 -215 -388 410
33113: -444 -215 -390 428
33114: -444 -215 -391 437
33120: -444 -216 -397 410
33121: -444 -216 -398 419
33124: -444 -216 -401 446
33125: -444 -216 -402 455
33126: -444 -216 -403 464
33128: -444 -216 -405 482
33141: -445 -290 -337 437
33148: -445 -291 -344 419
33149: -445 -291 -345 428
33150: -445 -291 -346 437
33151: -445 -291 -347 446
33153: -445 -291 -349 464
33154: -445 -291 -350 473
33155: -445 -291 -351 482
33165: -445 -293 -361 410
33195: -445 -296 -391 437
33204: -445 -297 -400 437
33213: -446 -370 -328 437
33221: -446 -371 -336 428
33222: -446 -371 -337 437
33225: -446 -371 -340 464
33227: -446 -371 -342 482
33231: -446 -372 -346 437
33235: -446 -372 -350 473
33244: -446 -373 -359 473
33260: -446 -375 -375 455
33271: -446 -376 -386 473
33272: -446 -376 -387 482
33273: -446 -377 -388 410
33274: -446 -377 -389 419
33276: -446 -377 -391 437
33279: -446 -377 -394 464
33282: -446 -378 -397 410
33283: -446 -378 -398 419
33284: -446 -378 -399 428
33287: -446 -378 -402 455
33293: -447 -451 -327 428
33296: -447 -451 -330 455
33300: -447 -452 -334 410
33305: -447 -452 -339 455
33307: -447 -452 -341 473
33310: -447 -453 -344 419
33311: -447 -453 -345 428
33316: -447 -453 -350 473
33345: -447 -457 -379 410
33363: -447 -459 -397 410
33364: -447 -459 -398 419
33367: -447 -459 -401 446
33368: -447 -459 -402 455
33369: -447 -459 -403 464
33370: -447 -459 -404 473
33371: -447 -459 -405 482
33380: -448 -532 -333 482
33381: -448 -533 -334 410
33387: -448 -533 -340 464
33389: -448 -533 -342 482
33393: -448 -534 -346 437
33395: -448 -534 -348 455
33396: -448 -534 -349 464
33402: -448 -535 -355 437
33405: -448 -535 -358 464
33434: -448 -538 -387 482
33435: -448 -539 -388 410
33436: -448 -539 -389 419
33437: -448 -539 -390 428
33438: -448 -539 -391 437
33439: -448 -539 -392 446
33441: -448 -539 -394 464
33443: -448 -539 -396 482
33444: -448 -540 -397 410
33447: -448 -540 -400 437
33450: -448 -540 -403 464
33451: -448 -540 -404 473
33454: -449 -613 -326 419
33455: -449 -613 -327 428
33457: -449 -613 -329 446
33458: -449 -613 -330 455
33459: -449 -613 -331 464
33460: -449 -613 -332 473
33461: -449 -613 -333 482
33469: -449 -614 -341 473
33476: -449 -615 -348 455
33478: -449 -615 -350 473
33479: -449 -615 -351 482
33481: -449 -616 -353 419
33487: -449 -616 -359 473
33490: -449 -617 -362 419
33496: -449 -617 -368 473
33505: -449 -618 -377 473
33514: -449 -619 -386 473
33518: -449 -620 -390 428
33519: -449 -620 -391 437
33520: -449 -620 -392 446
33521: -449 -620 -393 455
33522: -449 -620 -394 464
33523: -449 -620 -395 473
33525: -449 -621 -397 410
33526: -449 -621 -398 419
33528: -449 -621 -400 437
33529: -449 -621 -401 446
33530: -449 -621 -402 455
33531: -449 -621 -403 464
33532: -449 -621 -404 473
33533: -449 -621 -405 482
33535: -450 -694 -326 419
33538: -450 -694 -329 446
33539: -450 -694 -330 455
33540: -450 -694 -331 464
33541: -450 -694 -332 473
33542: -450 -694 -333 482
33551: -450 -695 -342 482
33552: -450 -696 -343 410
33557: -450 -696 -348 455
33559: -450 -696 -350 473
33560: -450 -696 -351 482
33561: -450 -697 -352 410
33564: -450 -697 -355 437
33569: -450 -697 -360 482
33587: -450 -699 -378 482
33591: -450 -700 -382 437
33595: -450 -700 -386 473
33596: -450 -700 -387 482
33597: -450 -701 -388 410
33601: -450 -701 -392 446
33603: -450 -701 -394 464
33605: -450 -701 -396 482
33610: -450 -702 -401 446
33614: -450 -702 -405 482
33616: -523 -55 -326 500
33617: -523 -55 -327 509
33618: -523 -55 -328 518
33619: -523 -55 -329 527
33620: -523 -55 -330 536
33621: -523 -55 -331 545
33622: -523 -55 -332 554
33623: -523 -55 -333 563
33697: -524 -136 -326 500
33698: -524 -136 -327 509
33699: -524 -136 -328 518
33700: -524 -136 -329 527
33703: -524 -136 -332 554
33704: -524 -136 -333 563
33768: -524 -144 -397 491
33779: -525 -217 -327 509
33780: -525 -217 -328 518
33781: -525 -217 -329 527
33782: -525 -217 -330 536
33785: -525 -217 -333 563
33792: -525 -218 -340 545
33794: -525 -218 -342 563
33796: -525 -219 -344 500
33804: -525 -220 -352 491
33812: -525 -220 -360 563
33824: -525 -222 -372 509
33835: -525 -223 -383 527
33841: -525 -224 -389 500
33842: -525 -224 -390 509
33848: -525 -224 -396 563
33850: -525 -225 -398 500
33851: -525 -225 -399 509
33853: -525 -225 -401 527
33856: -525 -225 -404 554
33866: -526 -298 -333 563
33880: -526 -300 -347 527
33883: -526 -300 -350 554
33921: -526 -305 -388 491
33922: -526 -305 -389 500
33930: -526 -306 -397 491
33931: -526 -306 -398 500
33933: -526 -306 -400 518
33934: -526 -306 -401 527
33937: -526 -306 -404 554
33938: -526 -306 -405 563
33984: -527 -384 -370 491
33992: -527 -384 -378 563
34115: -529 -542 -339 536
34120: -529 -543 -344 500
34171: -529 -548 -395 554
34181: -529 -549 -405 563
34183: -530 -622 -326 500
34185: -530 -622 -328 518
34186: -530 -622 -329 527
34188: -530 -622 -331 545
34189: -530 -622 -332 554
34190: -530 -622 -333 563
34191: -530 -623 -334 491
34200: -530 -624 -343 491
34201: -530 -624 -344 500
34207: -530 -624 -350 554
34228: -530 -627 -371 500
34230: -530 -627 -373 518
34231: -530 -627 -374 527
34232: -530 -627 -375 536
34233: -530 -627 -376 545
34234: -530 -627 -377 554
34235: -530 -627 -378 563
34244: -530 -628 -387 563
34245: -530 -629 -388 491
34249: -530 -629 -392 527
34253: -530 -629 -396 563
34254: -530 -630 -397 491
34255: -530 -630 -398 500
34256: -530 -630 -399 509
34257: -530 -630 -400 518
34258: -530 -630 -401 527
34259: -530 -630 -402 536
34260: -530 -630 -403 545
34261: -530 -630 -404 554
34262: -530 -630 -405 563
34264: -531 -703 -326 500
34265: -531 -703 -327 509
34266: -531 -703 -328 518
34267: -531 -703 -329 527
34269: -531 -703 -331 545
34270: -531 -703 -332 554
34271: -531 -703 -333 563
34272: -531 -704 -334 491
34273: -531 -704 -335 500
34279: -531 -704 -341 554
34282: -531 -705 -344 500
34286: -531 -705 -348 536
34288: -531 -705 -350 554
34289: -531 -705 -351 563
34290: -531 -706 -352 491
34292: -531 -706 -354 509
34293: -531 -706 -355 518
34299: -531 -707 -361 491
34303: -531 -707 -365 527
34309: -531 -708 -371 500
34316: -531 -708 -378 563
34320: -531 -709 -382 518
34322: -531 -709 -384 536
34326: -531 -710 -388 491
34327: -531 -710 -389 500
34328: -531 -710 -390 509
34329: -531 -710 -391 518
34330: -531 -710 -392 527
34331: -531 -710 -393 536
34333: -531 -710 -395 554
34334: -531 -710 -396 563
34335: -531 -711 -397 491
34336: -531 -711 -398 500
34339: -531 -711 -401 527
34416: -604 -72 -397 572
34417: -604 -72 -398 581
34418: -604 -72 -399 590
34419: -604 -72 -400 599
34420: -604 -72 -401 608
34421: -604 -72 -402 617
34422: -604 -72 -403 626
34423: -604 -72 -404 635
34424: -604 -72 -405 644
34426: -605 -145 -326 581
34428: -605 -145 -328 599
34431: -605 -145 -331 626
34432: -605 -145 -332 635
34433: -605 -145 -333 644
34451: -605 -147 -351 644
34459: -605 -148 -359 635
34482: -605 -151 -382 599
34487: -605 -151 -387 644
34489: -605 -152 -389 581
34497: -605 -153 -397 572
34500: -605 -153 -400 599
34501: -605 -153 -401 608
34509: -606 -226 -328 599
34511: -606 -226 -330 617
34513: -606 -226 -332 635
34518: -606 -227 -337 599
34521: -606 -227 -340 626
34522: -606 -227 -341 635
34533: -606 -229 -352 572
34543: -606 -230 -362 581
34553: -606 -231 -372 590
34555: -606 -231 -374 608
34562: -606 -232 -381 590
34568: -606 -232 -387 644
34569: -606 -233 -388 572
34570: -606 -233 -389 581
34571: -606 -233 -390 590
34572: -606 -233 -391 599
34573: -606 -233 -392 608
34574: -606 -233 -393 617
34575: -606 -233 -394 626
34576: -606 -233 -395 635
34577: -606 -233 -396 644
34578: -606 -234 -397 572
34583: -606 -234 -402 617
34584: -606 -234 -403 626
34585: -606 -234 -404 635
34589: -607 -307 -327 590
34595: -607 -307 -333 644
34608: -607 -309 -346 599
34610: -607 -309 -348 617
34650: -607 -314 -388 572
34659: -607 -315 -397 572
34662: -607 -315 -400 599
34680: -608 -389 -337 599
34683: -608 -389 -340 626
34696: -608 -391 -353 581
34729: -608 -394 -386 635
34738: -608 -395 -395 635
34740: -608 -396 -397 572
34750: -609 -469 -326 581
34751: -609 -469 -327 590
34753: -609 -469 -329 608
34754: -609 -469 -330 617
34755: -609 -469 -331 626
34756: -609 -469 -332 635
34757: -609 -469 -333 644
34758: -609 -470 -334 572
34760: -609 -470 -336 590
34762: -609 -470 -338 608
34763: -609 -470 -339 617
34765: -609 -470 -341 635
34766: -609 -470 -342 644
34772: -609 -471 -348 617
34773: -609 -471 -349 626
34783: -609 -472 -359 635
34802: -609 -474 -378 644
34803: -609 -475 -379 572
34821: -609 -477 -397 572
34823: -609 -477 -399 590
34828: -609 -477 -404 635
34829: -609 -477 -405 644
34831: -610 -550 -326 581
34832: -610 -550 -327 590
34833: -610 -550 -328 599
34834: -610 -550 -329 608
34835: -610 -550 -330 617
34836: -610 -550 -331 626
34838: -610 -550 -333 644
34840: -610 -551 -335 581
34844: -610 -551 -339 617
34846: -610 -551 -341 635
34851: -610 -552 -346 599
34855: -610 -552 -350 635
34863: -610 -553 -358 626
34865: -610 -553 -360 644
34899: -610 -557 -394 626
34902: -610 -558 -397 572
34906: -610 -558 -401 608
34913: -611 -631 -327 590
34914: -611 -631 -328 599
34918: -611 -631 -332 635
34923: -611 -632 -337 599
34926: -611 -632 -340 626
34932: -611 -633 -346 599
34969: -611 -637 -383 608
34970: -611 -637 -384 617
34972: -611 -637 -386 635
35001: -612 -713 -334 572
35002: -612 -713 -335 581
35003: -612 -713 -336 590
35004: -612 -713 -337 599
35005: -612 -713 -338 608
35006: -612 -713 -339 617
35007: -612 -713 -340 626
35008: -612 -713 -341 635
35009: -612 -713 -342 644
35010: -612 -714 -343 572
35011: -612 -714 -344 581
35012: -612 -714 -345 590
35013: -612 -714 -346 599
35014: -612 -714 -347 608
35015: -612 -714 -348 617
35016: -612 -714 -349 626
35017: -612 -714 -350 635
35018: -612 -714 -351 644
35019: -612 -715 -352 572
35020: -612 -715 -353 581
35021: -612 -715 -354 590
35022: -612 -715 -355 599
35023: -612 -715 -356 608
35024: -612 -715 -357 617
35025: -612 -715 -358 626
35026: -612 -715 -359 635
35027: -612 -715 -360 644
35037: -612 -717 -370 572
35039: -612 -717 -372 590
35041: -612 -717 -374 608
35043: -612 -717 -376 626
35044: -612 -717 -377 635
35045: -612 -717 -378 644
35046: -612 -718 -379 572
35047: -612 -718 -380 581
35048: -612 -718 -381 590
35049: -612 -718 -382 599
35050: -612 -718 -383 608
35051: -612 -718 -384 617
35052: -612 -718 -385 626
35053: -612 -718 -386 635
35054: -612 -718 -387 644
35064: -612 -720 -397 572
35065: -612 -720 -398 581
35066: -612 -720 -399 590
35068: -612 -720 -401 608
35136: -685 -80 -388 653
35137: -685 -80 -389 662
35138: -685 -80 -390 671
35139: -685 -80 -391 680
35140: -685 -80 -392 689
35141: -685 -80 -393 698
35142: -685 -80 -394 707
35143: -685 -80 -395 716
35144: -685 -80 -396 725
35156: -686 -154 -327 671
35157: -686 -154 -328 680
35159: -686 -154 -330 698
35160: -686 -154 -331 707
35161: -686 -154 -332 716
35163: -686 -155 -334 653
35176: -686 -156 -347 689
35177: -686 -156 -348 698
35179: -686 -156 -350 716
35180: -686 -156 -351 725
35188: -686 -157 -359 716
35213: -686 -160 -384 698
35217: -686 -161 -388 653
35219: -686 -161 -390 671
35224: -686 -161 -395 716
35227: -686 -162 -398 662
35237: -687 -235 -327 671
35238: -687 -235 -328 680
35240: -687 -235 -330 698
35242: -687 -235 -332 716
35247: -687 -236 -337 680
35269: -687 -238 -359 716
35284: -687 -240 -374 689
35288: -687 -240 -378 725
35291: -687 -241 -381 671
35297: -687 -241 -387 725
35298: -687 -242 -388 653
35300: -687 -242 -390 671
35306: -687 -242 -396 725
35307: -687 -243 -397 653
35308: -687 -243 -398 662
35309: -687 -243 -399 671
35310: -687 -243 -400 680
35311: -687 -243 -401 689
35312: -687 -243 -402 698
35314: -687 -243 -404 716
35315: -687 -243 -405 725
35321: -688 -316 -330 698
35323: -688 -316 -332 716
35337: -688 -318 -346 680
35338: -688 -318 -347 689
35339: -688 -318 -348 698
35341: -688 -318 -350 716
35379: -688 -323 -388 653
35388: -688 -324 -397 653
35404: -689 -397 -332 716
35442: -689 -402 -370 653
35460: -689 -404 -388 653
35477: -689 -405 -405 725
35484: -690 -478 -331 707
35501: -690 -480 -348 698
35514: -690 -482 -361 653
35518: -690 -482 -365 689
35532: -690 -484 -379 653
35541: -690 -485 -388 653
35549: -690 -485 -396 725
35550: -690 -486 -397 653
35551: -690 -486 -398 662
35565: -691 -559 -331 707
35566: -691 -559 -332 716
35572: -691 -560 -338 689
35574: -691 -560 -340 707
35578: -691 -561 -344 662
35580: -691 -561 -346 680
35582: -691 -561 -348 698
35584: -691 -561 -350 716
35589: -691 -562 -355 680
35631: -691 -567 -397 653
35632: -691 -567 -398 662
35635: -691 -567 -401 689
35636: -691 -567 -402 698
35637: -691 -567 -403 707
35638: -691 -567 -404 716
35639: -691 -567 -405 725
35649: -692 -641 -334 653
35651: -692 -641 -336 671
35653: -692 -641 -338 689
35654: -692 -641 -339 698
35655: -692 -641 -340 707
35656: -692 -641 -341 716
35657: -692 -641 -342 725
35658: -692 -642 -343 653
35660: -692 -642 -345 671
35661: -692 -642 -346 680
35662: -692 -642 -347 689
35663: -692 -642 -348 698
35664: -692 -642 -349 707
35665: -692 -642 -350 716
35666: -692 -642 -351 725
35667: -692 -643 -352 653
35668: -692 -643 -353 662
35669: -692 -643 -354 671
35670: -692 -643 -355 680
35671: -692 -643 -356 689
35672: -692 -643 -357 698
35673: -692 -643 -358 707
35674: -692 -643 -359 716
35675: -692 -643 -360 725
35685: -692 -645 -370 653
35686: -692 -645 -371 662
35687: -692 -645 -372 671
35689: -692 -645 -374 689
35690: -692 -645 -375 698
35691: -692 -645 -376 707
35692: -692 -645 -377 716
35693: -692 -645 -378 725
35694: -692 -646 -379 653
35695: -692 -646 -380 662
35696: -692 -646 -381 671
35697: -692 -646 -382 680
35698: -692 -646 -383 689
35699: -692 -646 -384 698
35700: -692 -646 -385 707
35701: -692 -646 -386 716
35702: -692 -646 -387 725
35722: -693 -721 -326 662
35724: -693 -721 -328 680
35729: -693 -721 -333 725
35733: -693 -722 -337 680
35736: -693 -722 -340 707
35737: -693 -722 -341 716
35742: -693 -723 -346 680
35746: -693 -723 -350 716
35747: -693 -723 -351 725
35751: -693 -724 -355 680
35773: -693 -726 -377 716
35778: -693 -727 -382 680
35782: -693 -727 -386 716
35783: -693 -727 -387 725
36298: -52 -488 -416 15
36299: -52 -488 -417 24
36304: -52 -488 -422 69
36305: -52 -488 -423 78
36306: -52 -489 -424 6
36307: -52 -489 -425 15
36308: -52 -489 -426 24
36309: -52 -489 -427 33
36311: -52 -489 -429 51
36312: -52 -489 -430 60
36313: -52 -489 -431 69
36314: -52 -489 -432 78
36315: -52 -490 -433 6
36316: -52 -490 -434 15
36317: -52 -490 -435 24
36318: -52 -490 -436 33
36320: -52 -490 -438 51
36321: -52 -490 -439 60
36322: -52 -490 -440 69
36323: -52 -490 -441 78
36324: -52 -491 -442 6
36325: -52 -491 -443 15
36326: -52 -491 -444 24
36327: -52 -491 -445 33
36329: -52 -491 -447 51
36330: -52 -491 -448 60
36331: -52 -491 -449 69
36332: -52 -491 -450 78
36342: -52 -493 -460 6
36343: -52 -493 -461 15
36344: -52 -493 -462 24
36345: -52 -493 -463 33
36347: -52 -493 -465 51
36348: -52 -493 -466 60
36349: -52 -493 -467 69
36350: -52 -493 -468 78
36351: -52 -494 -469 6
36352: -52 -494 -470 15
36353: -52 -494 -471 24
36354: -52 -494 -472 33
36356: -52 -494 -474 51
36357: -52 -494 -475 60
36358: -52 -494 -476 69
36359: -52 -494 -477 78
36360: -52 -495 -478 6
36361: -52 -495 -479 15
36362: -52 -495 -480 24
36363: -52 -495 -481 33
36365: -52 -495 -483 51
36366: -52 -495 -484 60
36367: -52 -495 -485 69
36368: -52 -495 -486 78
36550: -127 -12 -425 96
36551: -127 -12 -426 105
36552: -127 -12 -427 114
36553: -127 -12 -428 123
36554: -127 -12 -429 132
36555: -127 -12 -430 141
36556: -127 -12 -431 150
36557: -127 -12 -432 159
36676: -128 -98 -470 96
36775: -130 -253 -407 96
36779: -130 -253 -411 132
36780: -130 -253 -412 141
36782: -130 -253 -414 159
36788: -130 -254 -420 132
36805: -130 -256 -437 123
36817: -130 -257 -449 150
36818: -130 -257 -450 159
36825: -130 -258 -457 141
36832: -130 -259 -464 123
37067: -133 -501 -456 132
37099: -134 -577 -407 96
37126: -134 -580 -434 96
37130: -134 -580 -438 132
37138: -134 -581 -446 123
37174: -134 -585 -482 123
37175: -134 -585 -483 132
37180: -135 -658 -407 96
37186: -135 -658 -413 150
37210: -135 -661 -437 123
37219: -135 -662 -446 123
37246: -135 -665 -473 123
37250: -135 -665 -477 159
37287: -208 -22 -433 168
37288: -208 -22 -434 177
37289: -208 -22 -435 186
37290: -208 -22 -436 195
37291: -208 -22 -437 204
37292: -208 -22 -438 213
37293: -208 -22 -439 222
37294: -208 -22 -440 231
37295: -208 -22 -441 240
37341: -209 -100 -406 168
37343: -209 -100 -408 186
37344: -209 -100 -409 195
37346: -209 -100 -411 213
37347: -209 -100 -412 222
37348: -209 -100 -413 231
37349: -209 -100 -414 240
37353: -209 -101 -418 195
37355: -209 -101 -420 213
37357: -209 -101 -422 231
37363: -209 -102 -428 204
37366: -209 -102 -431 231
37369: -209 -103 -434 177
37373: -209 -103 -438 213
37381: -209 -104 -446 204
37385: -209 -104 -450 240
37405: -209 -107 -470 177
37413: -209 -108 -478 168
37422: -210 -181 -406 168
37423: -210 -181 -407 177
37424: -210 -181 -408 186
37450: -210 -184 -434 177
37451: -210 -184 -435 186
37458: -210 -185 -442 168
37459: -210 -185 -443 177
37462: -210 -185 -446 204
37463: -210 -185 -447 213
37477: -210 -187 -461 177
37478: -210 -187 -462 186
37481: -210 -187 -465 213
37482: -210 -187 -466 222
37484: -210 -187 -468 240
37486: -210 -188 -470 177
37487: -210 -188 -471 186
37494: -210 -189 -478 168
37508: -211 -262 -411 213
37509: -211 -262 -412 222
37510: -211 -262 -413 231
37515: -211 -263 -418 195
37522: -211 -264 -425 177
37525: -211 -264 -428 204
37530: -211 -265 -433 168
37535: -211 -265 -438 213
37549: -211 -267 -452 177
37550: -211 -267 -453 186
37553: -211 -267 -456 213
37558: -211 -268 -461 177
37566: -211 -269 -469 168
37567: -211 -269 -470 177
37575: -211 -270 -478 168
37601: -212 -344 -423 240
37647: -212 -350 -469 168
37682: -213 -425 -423 240
37696: -213 -427 -437 204
37701: -213 -428 -442 168
37702: -213 -428 -443 177
37703: -213 -428 -444 186
37707: -213 -428 -448 222
37709: -213 -428 -450 240
37719: -213 -430 -460 168
37737: -213 -432 -478 168
37753: -214 -505 -413 231
37758: -214 -506 -418 195
37808: -214 -511 -468 240
37809: -214 -512 -469 168
37818: -214 -513 -478 168
37827: -215 -586 -406 168
37829: -215 -586 -408 186
37832: -215 -586 -411 213
37833: -215 -586 -412 222
37834: -215 -586 -413 231
37835: -215 -586 -414 240
37838: -215 -587 -417 186
37839: -215 -587 -418 195
37841: -215 -587 -420 213
37843: -215 -587 -422 231
37849: -215 -588 -428 204
37860: -215 -589 -439 222
37861: -215 -589 -440 231
37868: -215 -590 -447 213
37875: -215 -591 -454 195
37877: -215 -591 -456 213
37878: -215 -591 -457 222
37879: -215 -591 -458 231
37880: -215 -591 -459 240
37890: -215 -593 -469 168
37899: -215 -594 -478 168
37902: -215 -594 -481 195
37905: -215 -594 -484 222
37906: -215 -594 -485 231
37908: -216 -667 -406 168
37910: -216 -667 -408 186
37911: -216 -667 -409 195
37914: -216 -667 -412 222
37915: -216 -667 -413 231
37916: -216 -667 -414 240
37919: -216 -668 -417 186
37922: -216 -668 -420 213
37925: -216 -668 -423 240
37964: -216 -673 -462 186
37971: -216 -674 -469 168
37973: -216 -674 -471 186
37976: -216 -674 -474 213
37977: -216 -674 -475 222
37979: -216 -674 -477 240
37980: -216 -675 -478 168
38025: -289 -32 -442 249
38027: -289 -32 -444 267
38028: -289 -32 -445 276
38029: -289 -32 -446 285
38030: -289 -32 -447 294
38031: -289 -32 -448 303
38032: -289 -32 -449 312
38033: -289 -32 -450 321
38073: -290 -109 -409 276
38084: -290 -110 -420 294
38088: -290 -111 -424 249
38134: -290 -116 -470 258
38143: -290 -117 -479 258
38152: -291 -190 -407 258
38153: -291 -190 -408 267
38154: -291 -190 -409 276
38156: -291 -190 -411 294
38157: -291 -190 -412 303
38158: -291 -190 -413 312
38162: -291 -191 -417 267
38167: -291 -191 -422 312
38194: -291 -194 -449 312
38198: -291 -195 -453 267
38201: -291 -195 -456 294
38223: -291 -198 -478 249
38235: -292 -271 -409 276
38248: -292 -272 -422 312
38249: -292 -272 -423 321
38253: -292 -273 -427 276
38254: -292 -273 -428 285
38293: -292 -277 -467 312
38297: -292 -278 -471 267
38325: -293 -353 -418 276
38327: -293 -353 -420 294
38333: -293 -354 -426 267
38335: -293 -354 -428 285
38344: -293 -355 -437 285
38347: -293 -355 -440 312
38361: -293 -357 -454 276
38381: -293 -359 -474 294
38384: -293 -359 -477 321
38385: -293 -360 -478 249
38389: -293 -360 -482 285
38391: -293 -360 -484 303
38392: -293 -360 -485 312
38406: -294 -434 -418 276
38411: -294 -434 -423 321
38424: -294 -436 -436 276
38447: -294 -438 -459 321
38448: -294 -439 -460 249
38485: -295 -515 -416 258
38489: -295 -515 -420 294
38494: -295 -516 -425 258
38501: -295 -516 -432 321
38513: -295 -518 -444 267
38518: -295 -518 -449 312
38538: -295 -521 -469 249
38556: -296 -595 -406 249
38557: -296 -595 -407 258
38559: -296 -595 -409 276
38561: -296 -595 -411 294
38562: -296 -595 -412 303
38563: -296 -595 -413 312
38564: -296 -595 -414 321
38567: -296 -596 -417 267
38570: -296 -596 -420 294
38572: -296 -596 -422 312
38578: -296 -597 -428 285
38587: -296 -598 -437 285
38596: -296 -599 -446 285
38608: -296 -600 -458 312
38615: -296 -601 -465 294
38619: -296 -602 -469 249
38628: -296 -603 -478 249
38632: -296 -603 -482 285
38634: -296 -603 -484 303
38635: -296 -603 -485 312
38639: -297 -676 -408 267
38640: -297 -676 -409 276
38643: -297 -676 -412 303
38644: -297 -676 -413 312
38648: -297 -677 -417 267
38651: -297 -677 -420 294
38657: -297 -678 -426 267
38660: -297 -678 -429 294
38662: -297 -678 -431 312
38663: -297 -678 -432 321
38677: -297 -680 -446 285
38681: -297 -680 -450 321
38687: -297 -681 -456 294
38695: -297 -682 -464 285
38700: -297 -683 -469 249
38704: -297 -683 -473 285
38713: -297 -684 -482 285
38714: -297 -684 -483 294
38763: -370 -42 -451 330
38764: -370 -42 -452 339
38765: -370 -42 -453 348
38766: -370 -42 -454 357
38768: -370 -42 -456 375
38769: -370 -42 -457 384
38770: -370 -42 -458 393
38771: -370 -42 -459 402
38799: -371 -118 -406 330
38800: -371 -118 -407 339
38805: -371 -118 -412 384
38806: -371 -118 -413 393
38807: -371 -118 -414 402
38809: -371 -119 -416 339
38817: -371 -120 -424 330
38821: -371 -120 -428 366
38822: -371 -120 -429 375
38824: -371 -120 -431 393
38825: -371 -120 -432 402
38857: -371 -124 -464 366
38862: -371 -125 -469 330
38864: -371 -125 -471 348
38871: -371 -126 -478 330
38883: -372 -199 -409 357
38887: -372 -199 -413 393
38894: -372 -200 -420 375
38897: -372 -200 -423 402
38926: -372 -204 -452 339
38952: -372 -207 -478 330
38956: -372 -207 -482 366
38966: -373 -280 -411 375
38979: -373 -282 -424 330
38983: -373 -282 -428 366
38988: -373 -283 -433 330
39008: -373 -285 -453 348
39015: -373 -286 -460 330
39020: -373 -286 -465 375
39024: -373 -287 -469 330
39027: -373 -287 -472 357
39033: -373 -288 -478 330
39054: -374 -362 -418 357
39059: -374 -362 -423 402
39061: -374 -363 -425 339
39064: -374 -363 -428 366
39065: -374 -363 -429 375
39068: -374 -363 -432 402
39097: -374 -367 -461 339
39098: -374 -367 -462 348
39100: -374 -367 -464 366
39105: -374 -368 -469 330
39109: -374 -368 -473 366
39110: -374 -368 -474 375
39112: -374 -368 -476 393
39113: -374 -368 -477 402
39114: -374 -369 -478 330
39117: -374 -369 -481 357
39118: -374 -369 -482 366
39124: -375 -442 -407 339
39131: -375 -442 -414 402
39148: -375 -444 -431 393
39178: -375 -448 -461 339
39179: -375 -448 -462 348
39185: -375 -448 -468 402
39186: -375 -449 -469 330
39210: -376 -523 -412 384
39211: -376 -523 -413 393
39214: -376 -524 -416 339
39222: -376 -525 -424 330
39227: -376 -525 -429 375
39229: -376 -525 -431 393
39230: -376 -525 -432 402
39236: -376 -526 -438 375
39246: -376 -527 -448 384
39259: -376 -529 -461 339
39269: -376 -530 -471 348
39276: -376 -531 -478 330
39286: -377 -604 -407 339
39287: -377 -604 -408 348
39288: -377 -604 -409 357
39291: -377 -604 -412 384
39292: -377 -604 -413 393
39296: -377 -605 -417 348
39299: -377 -605 -420 375
39303: -377 -606 -424 330
39307: -377 -606 -428 366
39311: -377 -606 -432 402
39340: -377 -610 -461 339
39341: -377 -610 -462 348
39344: -377 -610 -465 375
39347: -377 -610 -468 402
39348: -377 -611 -469 330
39357: -377 -612 -478 330
39359: -377 -612 -480 348
39360: -377 -612 -481 357
39361: -377 -612 -482 366
39362: -377 -612 -483 375
39363: -377 -612 -484 384
39364: -377 -612 -485 393
39365: -377 -612 -486 402
39366: -378 -685 -406 330
39367: -378 -685 -407 339
39368: -378 -685 -408 348
39374: -378 -685 -414 402
39378: -378 -686 -418 357
39380: -378 -686 -420 375
39384: -378 -687 -424 330
39392: -378 -687 -432 402
39397: -378 -688 -437 366
39420: -378 -691 -460 330
39429: -378 -692 -469 330
39434: -378 -692 -474 375
39442: -378 -693 -482 366
39502: -451 -52 -461 420
39503: -451 -52 -462 429
39504: -451 -52 -463 438
39505: -451 -52 -464 447
39506: -451 -52 -465 456
39508: -451 -52 -467 474
39509: -451 -52 -468 483
39546: -452 -129 -424 411
39549: -452 -129 -427 438
39550: -452 -129 -428 447
39554: -452 -129 -432 483
39557: -452 -130 -435 429
39559: -452 -130 -437 447
39563: -452 -130 -441 483
39567: -452 -131 -445 438
39571: -452 -131 -449 474
39572: -452 -131 -450 483
39594: -452 -134 -472 438
39603: -452 -135 -481 438
39604: -452 -135 -482 447
39610: -453 -208 -407 420
39612: -453 -208 -409 438
39615: -453 -208 -412 465
39616: -453 -208 -413 474
39617: -453 -208 -414 483
39621: -453 -209 -418 438
39623: -453 -209 -420 456
39625: -453 -209 -422 474
39636: -453 -211 -433 411
39637: -453 -211 -434 420
39641: -453 -211 -438 456
39642: -453 -211 -439 465
39643: -453 -211 -440 474
39644: -453 -211 -441 483
39652: -453 -212 -449 474
39664: -453 -214 -461 420
39668: -453 -214 -465 456
39670: -453 -214 -467 474
39671: -453 -214 -468 483
39672: -453 -215 -469 411
39673: -453 -215 -470 420
39676: -453 -215 -473 447
39680: -453 -215 -477 483
39684: -453 -216 -481 438
39692: -454 -289 -408 429
39696: -454 -289 -412 465
39698: -454 -289 -414 483
39703: -454 -290 -419 447
39706: -454 -290 -422 474
39707: -454 -290 -423 483
39708: -454 -291 -424 411
39709: -454 -291 -425 420
39712: -454 -291 -428 447
39714: -454 -291 -430 465
39716: -454 -291 -432 483
39726: -454 -293 -442 411
39734: -454 -293 -450 483
39748: -454 -295 -464 447
39754: -454 -296 -470 420
39755: -454 -296 -471 429
39757: -454 -296 -473 447
39758: -454 -296 -474 456
39759: -454 -296 -475 465
39764: -454 -297 -480 429
39905: -456 -456 -459 483
39910: -456 -457 -464 447
39914: -456 -457 -468 483
39945: -457 -533 -418 438
39958: -457 -534 -431 474
39959: -457 -534 -432 483
39961: -457 -535 -434 420
39962: -457 -535 -435 429
39968: -457 -535 -441 483
39977: -457 -536 -450 483
39997: -457 -539 -470 420
39998: -457 -539 -471 429
40004: -457 -539 -477 483
40006: -457 -540 -479 420
40007: -457 -540 -480 429
40008: -457 -540 -481 438
40014: -458 -613 -406 411
40015: -458 -613 -407 420
40017: -458 -613 -409 438
40019: -458 -613 -411 456
40022: -458 -613 -414 483
40026: -458 -614 -418 438
40027: -458 -614 -419 447
40028: -458 -614 -420 456
40032: -458 -615 -424 411
40036: -458 -615 -428 447
40037: -458 -615 -429 456
40045: -458 -616 -437 447
40047: -458 -616 -439 465
40051: -458 -617 -443 420
40052: -458 -617 -444 429
40053: -458 -617 -445 438
40058: -458 -617 -450 483
40073: -458 -619 -465 456
40076: -458 -619 -468 483
40077: -458 -620 -469 411
40078: -458 -620 -470 420
40087: -458 -621 -479 420
40088: -458 -621 -480 429
40089: -458 -621 -481 438
40090: -458 -621 -482 447
40097: -459 -694 -408 429
40098: -459 -694 -409 438
40101: -459 -694 -412 465
40102: -459 -694 -413 474
40107: -459 -695 -418 438
40108: -459 -695 -419 447
40111: -459 -695 -422 474
40113: -459 -696 -424 411
40114: -459 -696 -425 420
40115: -459 -696 -426 429
40117: -459 -696 -428 447
40120: -459 -696 -431 474
40123: -459 -697 -434 420
40124: -459 -697 -435 429
40128: -459 -697 -439 465
40138: -459 -698 -449 474
40151: -459 -700 -462 429
40159: -459 -701 -470 420
40160: -459 -701 -471 429
40161: -459 -701 -472 438
40162: -459 -701 -473 447
40163: -459 -701 -474 456
40164: -459 -701 -475 465
40167: -459 -702 -478 411
40176: -532 -55 -406 492
40178: -532 -55 -408 510
40179: -532 -55 -409 519
40181: -532 -55 -411 537
40183: -532 -55 -413 555
40184: -532 -55 -414 564
40259: -533 -136 -408 510
40260: -533 -136 -409 519
40273: -533 -137 -422 555
40274: -533 -137 -423 564
40281: -533 -138 -430 546
40288: -533 -139 -437 528
40289: -533 -139 -438 537
40290: -533 -139 -439 546
40291: -533 -139 -440 555
40298: -533 -140 -447 537
40311: -533 -142 -460 492
40335: -533 -144 -484 546
40355: -534 -218 -423 564
40361: -534 -219 -429 537
40364: -534 -219 -432 564
40365: -534 -220 -433 492
40369: -534 -220 -437 528
40373: -534 -220 -441 564
40407: -534 -224 -475 546
40410: -534 -225 -478 492
40437: -535 -300 -424 492
40440: -535 -300 -427 519
40441: -535 -300 -428 528
40444: -535 -300 -431 555
40445: -535 -300 -432 564
40482: -535 -305 -469 492
40485: -535 -305 -472 519
40488: -535 -305 -475 546
40490: -535 -305 -477 564
40491: -535 -306 -478 492
40495: -535 -306 -482 528
40516: -536 -380 -422 555
40525: -536 -381 -431 555
40527: -536 -382 -433 492
40530: -536 -382 -436 519
40532: -536 -382 -438 537
40542: -536 -383 -448 546
40547: -536 -384 -453 510
40553: -536 -384 -459 564
40563: -536 -386 -469 492
40567: -536 -386 -473 528
40569: -536 -386 -475 546
40572: -536 -387 -478 492
40576: -536 -387 -482 528
40676: -538 -542 -420 537
40704: -538 -545 -448 546
40705: -538 -545 -449 555
40725: -538 -548 -469 492
40731: -538 -548 -475 546
40733: -538 -548 -477 564
40734: -538 -549 -478 492
40741: -538 -549 -485 555
40743: -539 -622 -406 492
40745: -539 -622 -408 510
40746: -539 -622 -409 519
40749: -539 -622 -412 546
40750: -539 -622 -413 555
40755: -539 -623 -418 519
40757: -539 -623 -420 537
40759: -539 -623 -422 555
40760: -539 -623 -423 564
40763: -539 -624 -426 510
40765: -539 -624 -428 528
40766: -539 -624 -429 537
40768: -539 -624 -431 555
40769: -539 -624 -432 564
40770: -539 -625 -433 492
40774: -539 -625 -437 528
40775: -539 -625 -438 537
40777: -539 -625 -440 555
40778: -539 -625 -441 564
40779: -539 -626 -442 492
40782: -539 -626 -445 519
40783: -539 -626 -446 528
40785: -539 -626 -448 546
40786: -539 -626 -449 555
40790: -539 -627 -453 510
40795: -539 -627 -458 555
40796: -539 -627 -459 564
40799: -539 -628 -462 510
40801: -539 -628 -464 528
40802: -539 -628 -465 537
40804: -539 -628 -467 555
40813: -539 -629 -476 555
40814: -539 -629 -477 564
40815: -539 -630 -478 492
40817: -539 -630 -480 510
40818: -539 -630 -481 519
40819: -539 -630 -482 528
40821: -539 -630 -484 546
40822: -539 -630 -485 555
40824: -540 -703 -406 492
40826: -540 -703 -408 510
40827: -540 -703 -409 519
40829: -540 -703 -411 537
40832: -540 -703 -414 564
40836: -540 -704 -418 519
40840: -540 -704 -422 555
40841: -540 -704 -423 564
40846: -540 -705 -428 528
40849: -540 -705 -431 555
40850: -540 -705 -432 564
40855: -540 -706 -437 528
40856: -540 -706 -438 537
40858: -540 -706 -440 555
40859: -540 -706 -441 564
40867: -540 -707 -449 555
40868: -540 -707 -450 564
40877: -540 -708 -459 564
40883: -540 -709 -465 537
40886: -540 -709 -468 564
40887: -540 -710 -469 492
40890: -540 -710 -472 519
40891: -540 -710 -473 528
40892: -540 -710 -474 537
40893: -540 -710 -475 546
40895: -540 -710 -477 564
40898: -540 -711 -480 510
40899: -540 -711 -481 519
40903: -540 -711 -485 555
40977: -613 -72 -478 573
40978: -613 -72 -479 582
40979: -613 -72 -480 591
40980: -613 -72 -481 600
40981: -613 -72 -482 609
40982: -613 -72 -483 618
40983: -613 -72 -484 627
40984: -613 -72 -485 636
40985: -613 -72 -486 645
40986: -614 -145 -406 573
40987: -614 -145 -407 582
40988: -614 -145 -408 591
40989: -614 -145 -409 600
40992: -614 -145 -412 627
40993: -614 -145 -413 636
40996: -614 -146 -416 582
41004: -614 -147 -424 573
41008: -614 -147 -428 609
41021: -614 -148 -441 645
41023: -614 -149 -443 582
41024: -614 -149 -444 591
41027: -614 -149 -447 618
41029: -614 -149 -449 636
41030: -614 -149 -450 645
41044: -614 -151 -464 609
41047: -614 -151 -467 636
41054: -614 -152 -474 618
41057: -614 -152 -477 645
41064: -614 -153 -484 627
41065: -614 -153 -485 636
41067: -615 -226 -406 573
41069: -615 -226 -408 591
41070: -615 -226 -409 600
41072: -615 -226 -411 618
41074: -615 -226 -413 636
41078: -615 -227 -417 591
41079: -615 -227 -418 600
41080: -615 -227 -419 609
41081: -615 -227 -420 618
41083: -615 -227 -422 636
41084: -615 -227 -423 645
41087: -615 -228 -426 591
41089: -615 -228 -428 609
41096: -615 -229 -435 591
41100: -615 -229 -439 627
41101: -615 -229 -440 636
41102: -615 -229 -441 645
41104: -615 -230 -443 582
41107: -615 -230 -446 609
41108: -615 -230 -447 618
41111: -615 -230 -450 645
41113: -615 -231 -452 582
41117: -615 -231 -456 618
41123: -615 -232 -462 591
41130: -615 -233 -469 573
41132: -615 -233 -471 591
41133: -615 -233 -472 600
41135: -615 -233 -474 618
41136: -615 -233 -475 627
41138: -615 -233 -477 645
41139: -615 -234 -478 573
41140: -615 -234 -479 582
41143: -615 -234 -482 609
41144: -615 -234 -483 618
41145: -615 -234 -484 627
41147: -615 -234 -486 645
41149: -616 -307 -407 582
41151: -616 -307 -409 600
41153: -616 -307 -411 618
41154: -616 -307 -412 627
41155: -616 -307 -413 636
41162: -616 -308 -420 618
41165: -616 -308 -423 645
41171: -616 -309 -429 618
41192: -616 -311 -450 645
41196: -616 -312 -454 600
41211: -616 -314 -469 573
41212: -616 -314 -470 582
41213: -616 -314 -471 591
41214: -616 -314 -472 600
41215: -616 -314 -473 609
41216: -616 -314 -474 618
41217: -616 -314 -475 627
41219: -616 -314 -477 645
41220: -616 -315 -478 573
41221: -616 -315 -479 582
41224: -616 -315 -482 609
41227: -616 -315 -485 636
41229: -617 -388 -406 573
41235: -617 -388 -412 627
41237: -617 -388 -414 645
41245: -617 -389 -422 636
41251: -617 -390 -428 609
41254: -617 -390 -431 636
41260: -617 -391 -437 609
41261: -617 -391 -438 618
41272: -617 -392 -449 636
41292: -617 -395 -469 573
41296: -617 -395 -473 609
41299: -617 -395 -476 636
41300: -617 -395 -477 645
41305: -617 -396 -482 609
41323: -618 -470 -419 609
41326: -618 -470 -422 636
41335: -618 -471 -431 636
41337: -618 -472 -433 573
41346: -618 -473 -442 573
41354: -618 -473 -450 645
41364: -618 -475 -460 573
41371: -618 -475 -467 636
41380: -618 -476 -476 636
41382: -618 -477 -478 573
41392: -619 -550 -407 582
41394: -619 -550 -409 600
41396: -619 -550 -411 618
41405: -619 -551 -420 618
41408: -619 -551 -423 645
41409: -619 -552 -424 573
41416: -619 -552 -431 636
41427: -619 -554 -442 573
41470: -619 -558 -485 636
41472: -620 -631 -406 573
41475: -620 -631 -409 600
41479: -620 -631 -413 636
41482: -620 -632 -416 582
41483: -620 -632 -417 591
41484: -620 -632 -418 600
41485: -620 -632 -419 609
41486: -620 -632 -420 618
41488: -620 -632 -422 636
41490: -620 -633 -424 573
41491: -620 -633 -425 582
41492: -620 -633 -426 591
41493: -620 -633 -427 600
41494: -620 -633 -428 609
41495: -620 -633 -429 618
41496: -620 -633 -430 627
41497: -620 -633 -431 636
41498: -620 -633 -432 645
41499: -620 -634 -433 573
41500: -620 -634 -434 582
41501: -620 -634 -435 591
41502: -620 -634 -436 600
41503: -620 -634 -437 609
41504: -620 -634 -438 618
41505: -620 -634 -439 627
41506: -620 -634 -440 636
41507: -620 -634 -441 645
41508: -620 -635 -442 573
41509: -620 -635 -443 582
41510: -620 -635 -444 591
41511: -620 -635 -445 600
41512: -620 -635 -446 609
41513: -620 -635 -447 618
41514: -620 -635 -448 627
41515: -620 -635 -449 636
41516: -620 -635 -450 645
41526: -620 -637 -460 573
41527: -620 -637 -461 582
41528: -620 -637 -462 591
41529: -620 -637 -463 600
41530: -620 -637 -464 609
41531: -620 -637 -465 618
41532: -620 -637 -466 627
41533: -620 -637 -467 636
41534: -620 -637 -468 645
41535: -620 -638 -469 573
41544: -620 -639 -478 573
41567: -621 -713 -420 618
41569: -621 -713 -422 636
41570: -621 -713 -423 645
41571: -621 -714 -424 573
41572: -621 -714 -425 582
41573: -621 -714 -426 591
41574: -621 -714 -427 600
41575: -621 -714 -428 609
41576: -621 -714 -429 618
41577: -621 -714 -430 627
41578: -621 -714 -431 636
41579: -621 -714 -432 645
41580: -621 -715 -433 573
41581: -621 -715 -434 582
41582: -621 -715 -435 591
41583: -621 -715 -436 600
41584: -621 -715 -437 609
41585: -621 -715 -438 618
41586: -621 -715 -439 627
41587: -621 -715 -440 636
41588: -621 -715 -441 645
41589: -621 -716 -442 573
41590: -621 -716 -443 582
41591: -621 -716 -444 591
41592: -621 -716 -445 600
41593: -621 -716 -446 609
41594: -621 -716 -447 618
41595: -621 -716 -448 627
41596: -621 -716 -449 636
41597: -621 -716 -450 645
41607: -621 -718 -460 573
41608: -621 -718 -461 582
41609: -621 -718 -462 591
41610: -621 -718 -463 600
41611: -621 -718 -464 609
41612: -621 -718 -465 618
41613: -621 -718 -466 627
41614: -621 -718 -467 636
41615: -621 -718 -468 645
41625: -621 -720 -478 573
41626: -621 -720 -479 582
41628: -621 -720 -481 600
41630: -621 -720 -483 618
41632: -621 -720 -485 636
41697: -694 -80 -469 654
41698: -694 -80 -470 663
41699: -694 -80 -471 672
41700: -694 -80 -472 681
41701: -694 -80 -473 690
41702: -694 -80 -474 699
41703: -694 -80 -475 708
41704: -694 -80 -476 717
41705: -694 -80 -477 726
41715: -695 -154 -406 654
41716: -695 -154 -407 663
41717: -695 -154 -408 672
41718: -695 -154 -409 681
41720: -695 -154 -411 699
41721: -695 -154 -412 708
41725: -695 -155 -416 663
41733: -695 -156 -424 654
41735: -695 -156 -426 672
41747: -695 -157 -438 699
41749: -695 -157 -440 717
41750: -695 -157 -441 726
41770: -695 -160 -461 663
41778: -695 -161 -469 654
41781: -695 -161 -472 681
41783: -695 -161 -474 699
41785: -695 -161 -476 717
41787: -695 -162 -478 654
41789: -695 -162 -480 672
41796: -696 -235 -406 654
41797: -696 -235 -407 663
41798: -696 -235 -408 672
41799: -696 -235 -409 681
41801: -696 -235 -411 699
41802: -696 -235 -412 708
41803: -696 -235 -413 717
41804: -696 -235 -414 726
41806: -696 -236 -416 663
41807: -696 -236 -417 672
41808: -696 -236 -418 681
41810: -696 -236 -420 699
41812: -696 -236 -422 717
41813: -696 -236 -423 726
41815: -696 -237 -425 663
41818: -696 -237 -428 690
41820: -696 -237 -430 708
41824: -696 -238 -434 663
41825: -696 -238 -435 672
41827: -696 -238 -437 690
41828: -696 -238 -438 699
41829: -696 -238 -439 708
41830: -696 -238 -440 717
41834: -696 -239 -444 672
41836: -696 -239 -446 690
41839: -696 -239 -449 717
41843: -696 -240 -453 672
41846: -696 -240 -456 699
41847: -696 -240 -457 708
41848: -696 -240 -458 717
41852: -696 -241 -462 672
41854: -696 -241 -464 690
41856: -696 -241 -466 708
41859: -696 -242 -469 654
41860: -696 -242 -470 663
41861: -696 -242 -471 672
41862: -696 -242 -472 681
41863: -696 -242 -473 690
41865: -696 -242 -475 708
41868: -696 -243 -478 654
41876: -696 -243 -486 726
41879: -697 -316 -408 672
41880: -697 -316 -409 681
41889: -697 -317 -418 681
41893: -697 -317 -422 717
41894: -697 -317 -423 726
41895: -697 -318 -424 654
41899: -697 -318 -428 690
41900: -697 -318 -429 699
41903: -697 -318 -432 726
41905: -697 -319 -434 663
41915: -697 -320 -444 672
41917: -697 -320 -446 690
41921: -697 -320 -450 726
41922: -697 -321 -451 654
41932: -697 -322 -461 663
41940: -697 -323 -469 654
41944: -697 -323 -473 690
41947: -697 -323 -476 717
41948: -697 -323 -477 726
41949: -697 -324 -478 654
41950: -697 -324 -479 663
41951: -697 -324 -480 672
41952: -697 -324 -481 681
41954: -697 -324 -483 699
41955: -697 -324 -484 708
41956: -697 -324 -485 717
41958: -698 -397 -406 654
41959: -698 -397 -407 663
41961: -698 -397 -409 681
41963: -698 -397 -411 699
41964: -698 -397 -412 708
41965: -698 -397 -413 717
41972: -698 -398 -420 699
41980: -698 -399 -428 690
41984: -698 -399 -432 726
41995: -698 -401 -443 663
42025: -698 -404 -473 690
42030: -698 -405 -478 654
42046: -699 -478 -413 717
42055: -699 -479 -422 717
42056: -699 -479 -423 726
42085: -699 -483 -452 663
42093: -699 -484 -460 654
42102: -699 -485 -469 654
42119: -699 -486 -486 726
42120: -700 -559 -406 654
42121: -700 -559 -407 663
42122: -700 -559 -408 672
42126: -700 -559 -412 708
42127: -700 -559 -413 717
42134: -700 -560 -420 699
42156: -700 -563 -442 654
42183: -700 -566 -469 654
42192: -700 -567 -478 654
42193: -700 -567 -479 663
42201: -701 -640 -406 654
42209: -701 -640 -414 726
42215: -701 -641 -420 699
42217: -701 -641 -422 717
42218: -701 -641 -423 726
42219: -701 -642 -424 654
42220: -701 -642 -425 663
42221: -701 -642 -426 672
42222: -701 -642 -427 681
42223: -701 -642 -428 690
42224: -701 -642 -429 699
42225: -701 -642 -430 708
42226: -701 -642 -431 717
42227: -701 -642 -432 726
42228: -701 -643 -433 654
42229: -701 -643 -434 663
42230: -701 -643 -435 672
42231: -701 -643 -436 681
42232: -701 -643 -437 690
42233: -701 -643 -438 699
42234: -701 -643 -439 708
42235: -701 -643 -440 717
42236: -701 -643 -441 726
42237: -701 -644 -442 654
42238: -701 -644 -443 663
42239: -701 -644 -444 672
42240: -701 -644 -445 681
42241: -701 -644 -446 690
42242: -701 -644 -447 699
42243: -701 -644 -448 708
42244: -701 -644 -449 717
42245: -701 -644 -450 726
42255: -701 -646 -460 654
42256: -701 -646 -461 663
42257: -701 -646 -462 672
42258: -701 -646 -463 681
42259: -701 -646 -464 690
42260: -701 -646 -465 699
42261: -701 -646 -466 708
42262: -701 -646 -467 717
42263: -701 -646 -468 726
42283: -702 -721 -407 663
42284: -702 -721 -408 672
42290: -702 -721 -414 726
42296: -702 -722 -420 699
42298: -702 -722 -422 717
42304: -702 -723 -428 690
42305: -702 -723 -429 699
42307: -702 -723 -431 717
42309: -702 -724 -433 654
42313: -702 -724 -437 690
42316: -702 -724 -440 717
42322: -702 -725 -446 690
42340: -702 -727 -464 690
42343: -702 -727 -467 717
42372: -55 -2 -496 7
42373: -55 -2 -497 16
42374: -55 -2 -498 25
42375: -55 -2 -499 34
42376: -55 -2 -500 43
42378: -55 -2 -502 61
42379: -55 -2 -503 70
42380: -55 -2 -504 79
43110: -136 -12 -505 88
43111: -136 -12 -506 97
43112: -136 -12 -507 106
43113: -136 -12 -508 115
43114: -136 -12 -509 124
43116: -136 -12 -511 142
43117: -136 -12 -512 151
43118: -136 -12 -513 160
43200: -137 -94 -514 88
43236: -137 -98 -550 88
43237: -137 -98 -551 97
43255: -138 -172 -488 97
43260: -138 -172 -493 142
43268: -138 -173 -501 133
43272: -138 -174 -505 88
43302: -138 -177 -535 115
43306: -138 -177 -539 151
43320: -138 -179 -553 115
43321: -138 -179 -554 124
43336: -139 -253 -488 97
43337: -139 -253 -489 106
43339: -139 -253 -491 124
43341: -139 -253 -493 142
43398: -139 -260 -550 88
43422: -140 -334 -493 142
43430: -140 -335 -501 133
43443: -140 -337 -514 88
43452: -140 -338 -523 88
43472: -140 -340 -543 106
43479: -140 -341 -550 88
43488: -140 -342 -559 88
43623: -142 -501 -532 88
43630: -142 -501 -539 151
43631: -142 -501 -540 160
43660: -143 -577 -488 97
43661: -143 -577 -489 106
43662: -143 -577 -490 115
43665: -143 -577 -493 142
43667: -143 -577 -495 160
43673: -143 -578 -501 133
43685: -143 -579 -513 160
43694: -143 -580 -522 160
43722: -143 -584 -550 88
43734: -143 -585 -562 115
43738: -143 -585 -566 151
43739: -143 -585 -567 160
43741: -144 -658 -488 97
43742: -144 -658 -489 106
43743: -144 -658 -490 115
43747: -144 -658 -494 151
43748: -144 -658 -495 160
43754: -144 -659 -501 133
43767: -144 -661 -514 88
43774: -144 -661 -521 151
43776: -144 -662 -523 88
43804: -144 -665 -551 97
43805: -144 -665 -552 106
43806: -144 -665 -553 115
43807: -144 -665 -554 124
43809: -144 -665 -556 142
43810: -144 -665 -557 151
43811: -144 -665 -558 160
43812: -144 -666 -559 88
43848: -217 -22 -514 169
43850: -217 -22 -516 187
43851: -217 -22 -517 196
43852: -217 -22 -518 205
43854: -217 -22 -520 223
43855: -217 -22 -521 232
43856: -217 -22 -522 241
43904: -218 -100 -489 187
43905: -218 -100 -490 196
43906: -218 -100 -491 205
43908: -218 -100 -493 223
43909: -218 -100 -494 232
43910: -218 -100 -495 241
43916: -218 -101 -501 214
43920: -218 -102 -505 169
43937: -218 -103 -522 241
43938: -218 -104 -523 169
43940: -218 -104 -525 187
43965: -218 -107 -550 169
43967: -218 -107 -552 187
43971: -218 -107 -556 223
43974: -218 -108 -559 169
43975: -218 -108 -560 178
43985: -219 -181 -489 187
44010: -219 -184 -514 169
44019: -219 -185 -523 169
44026: -219 -185 -530 232
44035: -219 -186 -539 232
44046: -219 -188 -550 169
44066: -220 -262 -489 187
44070: -220 -262 -493 223
44078: -220 -263 -501 214
44086: -220 -264 -509 205
44100: -220 -266 -523 169
44116: -220 -267 -539 232
44128: -220 -269 -551 178
44133: -220 -269 -556 223
44135: -220 -269 -558 241
44139: -220 -270 -562 196
44170: -221 -345 -512 232
44179: -221 -346 -521 232
44208: -221 -350 -550 169
44227: -222 -424 -488 178
44230: -222 -424 -491 205
44232: -222 -424 -493 223
44234: -222 -424 -495 241
44240: -222 -425 -501 214
44245: -222 -426 -506 178
44250: -222 -426 -511 223
44252: -222 -426 -513 241
44254: -222 -427 -515 178
44260: -222 -427 -521 232
44270: -222 -428 -531 241
44390: -224 -586 -489 187
44391: -224 -586 -490 196
44394: -224 -586 -493 223
44395: -224 -586 -494 232
44396: -224 -586 -495 241
44402: -224 -587 -501 214
44426: -224 -590 -525 187
44428: -224 -590 -527 205
44432: -224 -590 -531 241
44435: -224 -591 -534 187
44450: -224 -592 -549 241
44451: -224 -593 -550 169
44460: -224 -594 -559 169
44462: -224 -594 -561 187
44470: -225 -667 -488 178
44471: -225 -667 -489 187
44472: -225 -667 -490 196
44473: -225 -667 -491 205
44475: -225 -667 -493 223
44476: -225 -667 -494 232
44483: -225 -668 -501 214
44503: -225 -670 -521 232
44518: -225 -672 -536 205
44532: -225 -674 -550 169
44533: -225 -674 -551 178
44534: -225 -674 -552 187
44536: -225 -674 -554 205
44549: -225 -675 -567 241
44586: -298 -32 -523 250
44588: -298 -32 -525 268
44589: -298 -32 -526 277
44593: -298 -32 -530 313
44594: -298 -32 -531 322
44633: -299 -109 -489 268
44634: -299 -109 -490 277
44635: -299 -109 -491 286
44637: -299 -109 -493 304
44649: -299 -111 -505 250
44665: -299 -112 -521 313
44667: -299 -113 -523 250
44704: -299 -117 -560 259
44706: -299 -117 -562 277
44714: -300 -190 -489 268
44716: -300 -190 -491 286
44718: -300 -190 -493 304
44719: -300 -190 -494 313
44720: -300 -190 -495 322
44726: -300 -191 -501 295
44757: -300 -195 -532 250
44761: -300 -195 -536 286
44770: -300 -196 -545 286
44775: -300 -197 -550 250
44783: -300 -197 -558 322
44784: -300 -198 -559 250
44796: -301 -271 -490 277
44807: -301 -272 -501 295
44812: -301 -273 -506 259
44818: -301 -273 -512 313
44829: -301 -275 -523 250
44867: -301 -279 -561 268
44878: -302 -352 -491 286
44880: -302 -352 -493 304
44881: -302 -352 -494 313
44901: -302 -355 -514 250
44903: -302 -355 -516 268
44908: -302 -355 -521 313
44909: -302 -355 -522 322
44917: -302 -356 -530 313
44950: -302 -360 -563 286
44961: -303 -433 -493 304
44969: -303 -434 -501 295
44974: -303 -435 -506 259
44982: -303 -436 -514 250
44989: -303 -436 -521 313
45011: -303 -439 -543 268
45018: -303 -440 -550 250
45027: -303 -441 -559 250
45072: -304 -518 -523 250
45099: -304 -521 -550 250
45118: -305 -595 -488 259
45119: -305 -595 -489 268
45120: -305 -595 -490 277
45121: -305 -595 -491 286
45123: -305 -595 -493 304
45125: -305 -595 -495 322
45131: -305 -596 -501 295
45179: -305 -601 -549 322
45181: -305 -602 -551 259
45186: -305 -602 -556 304
45189: -305 -603 -559 250
45193: -305 -603 -563 286
45196: -305 -603 -566 313
45201: -306 -676 -490 277
45202: -306 -676 -491 286
45205: -306 -676 -494 313
45206: -306 -676 -495 322
45212: -306 -677 -501 295
45222: -306 -678 -511 304
45223: -306 -678 -512 313
45227: -306 -679 -516 268
45229: -306 -679 -518 286
45231: -306 -679 -520 304
45241: -306 -680 -530 313
45250: -306 -681 -539 313
45253: -306 -682 -542 259
45258: -306 -682 -547 304
45260: -306 -682 -549 322
45261: -306 -683 -550 250
45264: -306 -683 -553 277
45269: -306 -683 -558 322
45278: -306 -684 -567 322
45324: -379 -42 -532 331
45325: -379 -42 -533 340
45326: -379 -42 -534 349
45327: -379 -42 -535 358
45328: -379 -42 -536 367
45330: -379 -42 -538 385
45331: -379 -42 -539 394
45332: -379 -42 -540 403
45362: -380 -118 -489 349
45363: -380 -118 -490 358
45364: -380 -118 -491 367
45367: -380 -118 -494 394
45379: -380 -120 -506 340
45381: -380 -120 -508 358
45382: -380 -120 -509 367
45384: -380 -120 -511 385
45386: -380 -120 -513 403
45396: -380 -122 -523 331
45404: -380 -122 -531 403
45425: -380 -125 -552 349
45427: -380 -125 -554 367
45443: -381 -199 -489 349
45444: -381 -199 -490 358
45445: -381 -199 -491 367
45448: -381 -199 -494 394
45455: -381 -200 -501 376
45461: -381 -201 -507 349
45468: -381 -202 -514 331
45484: -381 -203 -530 394
45485: -381 -203 -531 403
45493: -381 -204 -539 394
45498: -381 -205 -544 358
45503: -381 -205 -549 403
45516: -381 -207 -562 358
45524: -382 -280 -489 349
45528: -382 -280 -493 385
45536: -382 -281 -501 376
45540: -382 -282 -505 331
45541: -382 -282 -506 340
45544: -382 -282 -509 367
45558: -382 -284 -523 331
45560: -382 -284 -525 349
45565: -382 -284 -530 394
45574: -382 -285 -539 394
45575: -382 -285 -540 403
45579: -382 -286 -544 358
45585: -382 -287 -550 331
45594: -382 -288 -559 331
45598: -382 -288 -563 367
45607: -383 -361 -491 367
45617: -383 -362 -501 376
45628: -383 -363 -512 394
45666: -383 -368 -550 331
45678: -383 -369 -562 358
45698: -384 -443 -501 376
45722: -384 -446 -525 349
45756: -384 -450 -559 331
45760: -384 -450 -563 367
45829: -385 -530 -551 340
45839: -385 -531 -561 349
45847: -386 -604 -488 340
45848: -386 -604 -489 349
45849: -386 -604 -490 358
45850: -386 -604 -491 367
45852: -386 -604 -493 385
45853: -386 -604 -494 394
45854: -386 -604 -495 403
45860: -386 -605 -501 376
45873: -386 -607 -514 331
45875: -386 -607 -516 349
45876: -386 -607 -517 358
45877: -386 -607 -518 367
45879: -386 -607 -520 385
45881: -386 -607 -522 403
45889: -386 -608 -530 394
45898: -386 -609 -539 394
45899: -386 -609 -540 403
45908: -386 -610 -549 403
45909: -386 -611 -550 331
45912: -386 -611 -553 358
45916: -386 -611 -557 394
45918: -386 -612 -559 331
45919: -386 -612 -560 340
45920: -386 -612 -561 349
45921: -386 -612 -562 358
45926: -386 -612 -567 403
45928: -387 -685 -488 340
45929: -387 -685 -489 349
45931: -387 -685 -491 367
45933: -387 -685 -493 385
45934: -387 -685 -494 394
45935: -387 -685 -495 403
45941: -387 -686 -501 376
45952: -387 -687 -512 394
45958: -387 -688 -518 367
45963: -387 -689 -523 331
45974: -387 -690 -534 349
45975: -387 -690 -535 358
45983: -387 -691 -543 349
45990: -387 -692 -550 331
45994: -387 -692 -554 367
45998: -387 -692 -558 403
45999: -387 -693 -559 331
46064: -460 -52 -543 430
46065: -460 -52 -544 439
46066: -460 -52 -545 448
46068: -460 -52 -547 466
46069: -460 -52 -548 475
46070: -460 -52 -549 484
46103: -461 -128 -501 457
46152: -461 -134 -550 412
46153: -461 -134 -551 421
46161: -461 -135 -559 412
46167: -461 -135 -565 466
46169: -461 -135 -567 484
46172: -462 -208 -489 430
46173: -462 -208 -490 439
46174: -462 -208 -491 448
46177: -462 -208 -494 475
46178: -462 -208 -495 484
46184: -462 -209 -501 457
46198: -462 -211 -515 421
46200: -462 -211 -517 439
46203: -462 -211 -520 466
46204: -462 -211 -521 475
46212: -462 -212 -529 466
46233: -462 -215 -550 412
46242: -462 -216 -559 412
46258: -463 -289 -494 475
46265: -463 -290 -501 457
46272: -463 -291 -508 439
46276: -463 -291 -512 475
46285: -463 -292 -521 475
46314: -463 -296 -550 412
46315: -463 -296 -551 421
46323: -463 -297 -559 412
46324: -463 -297 -560 421
46338: -464 -370 -493 466
46346: -464 -371 -501 457
46350: -464 -372 -505 412
46351: -464 -372 -506 421
46352: -464 -372 -507 430
46357: -464 -372 -512 475
46359: -464 -373 -514 412
46360: -464 -373 -515 421
46362: -464 -373 -517 439
46367: -464 -373 -522 484
46368: -464 -374 -523 412
46371: -464 -374 -526 439
46372: -464 -374 -527 448
46375: -464 -374 -530 475
46376: -464 -374 -531 484
46384: -464 -375 -539 475
46387: -464 -376 -542 421
46388: -464 -376 -543 430
46396: -464 -377 -551 421
46398: -464 -377 -553 439
46399: -464 -377 -554 448
46403: -464 -377 -558 484
46405: -464 -378 -560 421
46407: -464 -378 -562 439
46412: -464 -378 -567 484
46414: -465 -451 -488 421
46415: -465 -451 -489 430
46427: -465 -452 -501 457
46431: -465 -453 -505 412
46432: -465 -453 -506 421
46434: -465 -453 -508 439
46435: -465 -453 -509 448
46437: -465 -453 -511 466
46438: -465 -453 -512 475
46439: -465 -453 -513 484
46441: -465 -454 -515 421
46447: -465 -454 -521 475
46448: -465 -454 -522 484
46476: -465 -458 -550 412
46483: -465 -458 -557 475
46485: -465 -459 -559 412
46486: -465 -459 -560 421
46487: -465 -459 -561 430
46491: -465 -459 -565 466
46493: -465 -459 -567 484
46497: -466 -532 -490 439
46521: -466 -535 -514 412
46530: -466 -536 -523 412
46557: -466 -539 -550 412
46566: -466 -540 -559 412
46577: -467 -613 -489 430
46578: -467 -613 -490 439
46579: -467 -613 -491 448
46581: -467 -613 -493 466
46582: -467 -613 -494 475
46583: -467 -613 -495 484
46589: -467 -614 -501 457
46600: -467 -615 -512 475
46608: -467 -616 -520 466
46611: -467 -617 -523 412
46612: -467 -617 -524 421
46638: -467 -620 -550 412
46639: -467 -620 -551 421
46640: -467 -620 -552 430
46647: -467 -621 -559 412
46648: -467 -621 -560 421
46650: -467 -621 -562 439
46651: -467 -621 -563 448
46653: -467 -621 -565 466
46654: -467 -621 -566 475
46655: -467 -621 -567 484
46657: -468 -694 -488 421
46658: -468 -694 -489 430
46659: -468 -694 -490 439
46660: -468 -694 -491 448
46663: -468 -694 -494 475
46664: -468 -694 -495 484
46670: -468 -695 -501 457
46675: -468 -696 -506 421
46678: -468 -696 -509 448
46690: -468 -697 -521 475
46705: -468 -699 -536 448
46719: -468 -701 -550 412
46720: -468 -701 -551 421
46723: -468 -701 -554 448
46725: -468 -701 -556 466
46726: -468 -701 -557 475
46729: -468 -702 -560 421
46820: -542 -136 -489 511
46821: -542 -136 -490 520
46822: -542 -136 -491 529
46824: -542 -136 -493 547
46825: -542 -136 -494 556
46852: -542 -139 -521 556
46893: -542 -144 -562 520
46902: -543 -217 -490 520
46905: -543 -217 -493 547
46913: -543 -218 -501 538
46926: -543 -220 -514 493
46933: -543 -220 -521 556
46947: -543 -222 -535 520
46948: -543 -222 -536 529
46950: -543 -222 -538 547
46951: -543 -222 -539 556
46963: -543 -224 -551 502
46968: -543 -224 -556 547
46970: -543 -224 -558 565
46971: -543 -225 -559 493
46994: -544 -299 -501 538
47044: -544 -305 -551 502
47053: -544 -306 -560 502
47054: -544 -306 -561 511
47068: -545 -379 -494 556
47075: -545 -380 -501 538
47080: -545 -381 -506 502
47082: -545 -381 -508 520
47086: -545 -381 -512 556
47089: -545 -382 -515 502
47094: -545 -382 -520 547
47125: -545 -386 -551 502
47134: -545 -387 -560 502
47285: -547 -547 -549 565
47307: -548 -622 -490 520
47318: -548 -623 -501 538
47323: -548 -624 -506 502
47324: -548 -624 -507 511
47332: -548 -625 -515 502
47333: -548 -625 -516 511
47337: -548 -625 -520 547
47341: -548 -626 -524 502
47343: -548 -626 -526 520
47346: -548 -626 -529 547
47348: -548 -626 -531 565
47377: -548 -630 -560 502
47378: -548 -630 -561 511
47379: -548 -630 -562 520
47380: -548 -630 -563 529
47399: -549 -704 -501 538
47404: -549 -705 -506 502
47406: -549 -705 -508 520
47407: -549 -705 -509 529
47413: -549 -706 -515 502
47414: -549 -706 -516 511
47416: -549 -706 -518 529
47422: -549 -707 -524 502
47423: -549 -707 -525 511
47424: -549 -707 -526 520
47428: -549 -707 -530 556
47432: -549 -708 -534 511
47448: -549 -710 -550 493
47449: -549 -710 -551 502
47450: -549 -710 -552 511
47451: -549 -710 -553 520
47538: -622 -72 -559 574
47539: -622 -72 -560 583
47540: -622 -72 -561 592
47541: -622 -72 -562 601
47542: -622 -72 -563 610
47544: -622 -72 -565 628
47545: -622 -72 -566 637
47546: -622 -72 -567 646
47549: -623 -145 -489 592
47550: -623 -145 -490 601
47551: -623 -145 -491 610
47553: -623 -145 -493 628
47554: -623 -145 -494 637
47555: -623 -145 -495 646
47561: -623 -146 -501 619
47569: -623 -147 -509 610
47573: -623 -147 -513 646
47575: -623 -148 -515 583
47581: -623 -148 -521 637
47583: -623 -149 -523 574
47585: -623 -149 -525 592
47590: -623 -149 -530 637
47591: -623 -149 -531 646
47619: -623 -153 -559 574
47621: -623 -153 -561 592
47622: -623 -153 -562 601
47623: -623 -153 -563 610
47625: -623 -153 -565 628
47627: -623 -153 -567 646
47630: -624 -226 -489 592
47631: -624 -226 -490 601
47634: -624 -226 -493 628
47636: -624 -226 -495 646
47642: -624 -227 -501 619
47656: -624 -229 -515 583
47662: -624 -229 -521 637
47663: -624 -229 -522 646
47666: -624 -230 -525 592
47680: -624 -231 -539 637
47681: -624 -231 -540 646
47691: -624 -233 -550 574
47695: -624 -233 -554 610
47700: -624 -234 -559 574
47713: -625 -307 -491 610
47717: -625 -307 -495 646
47731: -625 -309 -509 610
47733: -625 -309 -511 628
47735: -625 -309 -513 646
47762: -625 -312 -540 646
47772: -625 -314 -550 574
47774: -625 -314 -552 592
47775: -625 -314 -553 601
47776: -625 -314 -554 610
47778: -625 -314 -556 628
47780: -625 -314 -558 646
47781: -625 -315 -559 574
47791: -626 -388 -488 583
47792: -626 -388 -489 592
47794: -626 -388 -491 610
47796: -626 -388 -493 628
47804: -626 -389 -501 619
47816: -626 -390 -513 646
47817: -626 -391 -514 574
47824: -626 -391 -521 637
47853: -626 -395 -550 574
47873: -627 -469 -489 592
47874: -627 -469 -490 601
47875: -627 -469 -491 610
47877: -627 -469 -493 628
47879: -627 -469 -495 646
47885: -627 -470 -501 619
47889: -627 -471 -505 574
47893: -627 -471 -509 610
47905: -627 -472 -521 637
47923: -627 -474 -539 637
47934: -627 -476 -550 574
47936: -627 -476 -552 592
47937: -627 -476 -553 601
47938: -627 -476 -554 610
47940: -627 -476 -556 628
47942: -627 -476 -558 646
47978: -628 -552 -513 646
47979: -628 -553 -514 574
47987: -628 -553 -522 646
47995: -628 -554 -530 637
48022: -628 -557 -557 637
48037: -629 -631 -491 610
48040: -629 -631 -494 637
48047: -629 -632 -501 619
48054: -629 -633 -508 601
48061: -629 -634 -515 583
48068: -629 -634 -522 646
48069: -629 -635 -523 574
48071: -629 -635 -525 592
48072: -629 -635 -526 601
48073: -629 -635 -527 610
48075: -629 -635 -529 628
48076: -629 -635 -530 637
48077: -629 -635 -531 646
48085: -629 -636 -539 637
48086: -629 -636 -540 646
48128: -630 -713 -501 619
48132: -630 -714 -505 574
48133: -630 -714 -506 583
48134: -630 -714 -507 592
48135: -630 -714 -508 601
48136: -630 -714 -509 610
48138: -630 -714 -511 628
48139: -630 -714 -512 637
48140: -630 -714 -513 646
48141: -630 -715 -514 574
48142: -630 -715 -515 583
48143: -630 -715 -516 592
48144: -630 -715 -517 601
48145: -630 -715 -518 610
48147: -630 -715 -520 628
48148: -630 -715 -521 637
48149: -630 -715 -522 646
48150: -630 -716 -523 574
48151: -630 -716 -524 583
48152: -630 -716 -525 592
48153: -630 -716 -526 601
48154: -630 -716 -527 610
48156: -630 -716 -529 628
48157: -630 -716 -530 637
48158: -630 -716 -531 646
48159: -630 -717 -532 574
48160: -630 -717 -533 583
48161: -630 -717 -534 592
48162: -630 -717 -535 601
48163: -630 -717 -536 610
48165: -630 -717 -538 628
48166: -630 -717 -539 637
48167: -630 -717 -540 646
48186: -630 -720 -559 574
48188: -630 -720 -561 592
48190: -630 -720 -563 610
48258: -703 -80 -550 655
48259: -703 -80 -551 664
48260: -703 -80 -552 673
48261: -703 -80 -553 682
48262: -703 -80 -554 691
48264: -703 -80 -556 709
48265: -703 -80 -557 718
48266: -703 -80 -558 727
48278: -704 -154 -489 673
48279: -704 -154 -490 682
48283: -704 -154 -494 718
48284: -704 -154 -495 727
48290: -704 -155 -501 700
48301: -704 -156 -512 718
48303: -704 -157 -514 655
48307: -704 -157 -518 691
48312: -704 -158 -523 655
48319: -704 -158 -530 718
48320: -704 -158 -531 727
48332: -704 -160 -543 673
48339: -704 -161 -550 655
48341: -704 -161 -552 673
48342: -704 -161 -553 682
48343: -704 -161 -554 691
48345: -704 -161 -556 709
48346: -704 -161 -557 718
48348: -704 -162 -559 655
48349: -704 -162 -560 664
48351: -704 -162 -562 682
48359: -705 -235 -489 673
48360: -705 -235 -490 682
48361: -705 -235 -491 691
48363: -705 -235 -493 709
48364: -705 -235 -494 718
48365: -705 -235 -495 727
48371: -705 -236 -501 700
48375: -705 -237 -505 655
48379: -705 -237 -509 691
48381: -705 -237 -511 709
48382: -705 -237 -512 718
48384: -705 -238 -514 655
48391: -705 -238 -521 718
48400: -705 -239 -530 718
48405: -705 -240 -535 682
48409: -705 -240 -539 718
48420: -705 -242 -550 655
48429: -705 -243 -559 655
48452: -706 -317 -501 700
48457: -706 -318 -506 664
48463: -706 -318 -512 718
48464: -706 -318 -513 727
48474: -706 -320 -523 655
48483: -706 -321 -532 655
48490: -706 -321 -539 718
48501: -706 -323 -550 655
48504: -706 -323 -553 682
48510: -706 -324 -559 655
48511: -706 -324 -560 664
48512: -706 -324 -561 673
48513: -706 -324 -562 682
48514: -706 -324 -563 691
48516: -706 -324 -565 709
48517: -706 -324 -566 718
48521: -707 -397 -489 673
48522: -707 -397 -490 682
48523: -707 -397 -491 691
48525: -707 -397 -493 709
48533: -707 -398 -501 700
48544: -707 -399 -512 718
48553: -707 -400 -521 718
48555: -707 -401 -523 655
48562: -707 -401 -530 718
48567: -707 -402 -535 682
48568: -707 -402 -536 691
48570: -707 -402 -538 709
48582: -707 -404 -550 655
48586: -707 -404 -554 691
48591: -707 -405 -559 655
48593: -707 -405 -561 673
48595: -707 -405 -563 691
48601: -708 -478 -488 664
48602: -708 -478 -489 673
48603: -708 -478 -490 682
48604: -708 -478 -491 691
48606: -708 -478 -493 709
48607: -708 -478 -494 718
48614: -708 -479 -501 700
48619: -708 -480 -506 664
48625: -708 -480 -512 718
48634: -708 -481 -521 718
48643: -708 -482 -530 718
48649: -708 -483 -536 691
48663: -708 -485 -550 655
48672: -708 -486 -559 655
48699: -709 -561 -505 655
48700: -709 -561 -506 664
48706: -709 -561 -512 718
48707: -709 -561 -513 727
48709: -709 -562 -515 664
48717: -709 -563 -523 655
48718: -709 -563 -524 664
48719: -709 -563 -525 673
48724: -709 -563 -530 718
48761: -709 -567 -567 727
48776: -710 -641 -501 700
48780: -710 -642 -505 655
48781: -710 -642 -506 664
48784: -710 -642 -509 691
48786: -710 -642 -511 709
48787: -710 -642 -512 718
48788: -710 -642 -513 727
48789: -710 -643 -514 655
48790: -710 -643 -515 664
48791: -710 -643 -516 673
48792: -710 -643 -517 682
48793: -710 -643 -518 691
48795: -710 -643 -520 709
48796: -710 -643 -521 718
48797: -710 -643 -522 727
48798: -710 -644 -523 655
48799: -710 -644 -524 664
48800: -710 -644 -525 673
48801: -710 -644 -526 682
48802: -710 -644 -527 691
48804: -710 -644 -529 709
48805: -710 -644 -530 718
48806: -710 -644 -531 727
48807: -710 -645 -532 655
48809: -710 -645 -534 673
48810: -710 -645 -535 682
48811: -710 -645 -536 691
48813: -710 -645 -538 709
48814: -710 -645 -539 718
48847: -711 -721 -491 691
48851: -711 -721 -495 727
48857: -711 -722 -501 700
48862: -711 -723 -506 664
48863: -711 -723 -507 673
48865: -711 -723 -509 691
48867: -711 -723 -511 709
48871: -711 -724 -515 664
48877: -711 -724 -521 718
48886: -711 -725 -530 718
48895: -711 -726 -539 718
49581: -72 -650 -577 8
49582: -72 -650 -578 17
49583: -72 -650 -579 26
49584: -72 -650 -580 35
49585: -72 -650 -581 44
49586: -72 -650 -582 53
49587: -72 -650 -583 62
49588: -72 -650 -584 71
49590: -72 -651 -586 8
49591: -72 -651 -587 17
49592: -72 -651 -588 26
49593: -72 -651 -589 35
49594: -72 -651 -590 44
49595: -72 -651 -591 53
49596: -72 -651 -592 62
49597: -72 -651 -593 71
49599: -72 -652 -595 8
49600: -72 -652 -596 17
49601: -72 -652 -597 26
49602: -72 -652 -598 35
49603: -72 -652 -599 44
49604: -72 -652 -600 53
49605: -72 -652 -601 62
49606: -72 -652 -602 71
49608: -72 -653 -604 8
49609: -72 -653 -605 17
49610: -72 -653 -606 26
49611: -72 -653 -607 35
49612: -72 -653 -608 44
49613: -72 -653 -609 53
49614: -72 -653 -610 62
49615: -72 -653 -611 71
49617: -72 -654 -613 8
49618: -72 -654 -614 17
49619: -72 -654 -615 26
49620: -72 -654 -616 35
49621: -72 -654 -617 44
49622: -72 -654 -618 53
49623: -72 -654 -619 62
49624: -72 -654 -620 71
49644: -72 -657 -640 8
49648: -72 -657 -644 44
49651: -72 -657 -647 71
49671: -145 -12 -586 89
49672: -145 -12 -587 98
49673: -145 -12 -588 107
49674: -145 -12 -589 116
49675: -145 -12 -590 125
49676: -145 -12 -591 134
49677: -145 -12 -592 143
49678: -145 -12 -593 152
49679: -145 -12 -594 161
49752: -146 -93 -586 89
49763: -146 -94 -597 107
49764: -146 -94 -598 116
49765: -146 -94 -599 125
49766: -146 -94 -600 134
49767: -146 -94 -601 143
49768: -146 -94 -602 152
49769: -146 -94 -603 161
49772: -146 -95 -606 107
49773: -146 -95 -607 116
49774: -146 -95 -608 125
49775: -146 -95 -609 134
49776: -146 -95 -610 143
49777: -146 -95 -611 152
49778: -146 -95 -612 161
49795: -146 -97 -629 152
49796: -146 -97 -630 161
49810: -146 -99 -644 125
49816: -147 -172 -569 98
49817: -147 -172 -570 107
49818: -147 -172 -571 116
49819: -147 -172 -572 125
49820: -147 -172 -573 134
49832: -147 -173 -585 161
49841: -147 -174 -594 161
49842: -147 -175 -595 89
49859: -147 -176 -612 161
49866: -147 -177 -619 143
49868: -147 -177 -621 161
49877: -147 -178 -630 161
49879: -147 -179 -632 98
49883: -147 -179 -636 134
49885: -147 -179 -638 152
49890: -147 -180 -643 116
49891: -147 -180 -644 125
49892: -147 -180 -645 134
49899: -148 -253 -571 116
49900: -148 -253 -572 125
49913: -148 -254 -585 161
49915: -148 -255 -587 98
49932: -148 -257 -604 89
49948: -148 -258 -620 152
49963: -148 -260 -635 125
49966: -148 -260 -638 152
49970: -148 -261 -642 107
49972: -148 -261 -644 125
49973: -148 -261 -645 134
49978: -149 -334 -569 98
49979: -149 -334 -570 107
49980: -149 -334 -571 116
49981: -149 -334 -572 125
49983: -149 -334 -574 143
50000: -149 -336 -591 134
50004: -149 -337 -595 89
50005: -149 -337 -596 98
50006: -149 -337 -597 107
50007: -149 -337 -598 116
50009: -149 -337 -600 134
50010: -149 -337 -601 143
50011: -149 -337 -602 152
50012: -149 -337 -603 161
50022: -149 -339 -613 89
50029: -149 -339 -620 152
50031: -149 -340 -622 89
50039: -149 -340 -630 161
50047: -149 -341 -638 152
50184: -151 -501 -613 89
50185: -151 -501 -614 98
50186: -151 -501 -615 107
50187: -151 -501 -616 116
50188: -151 -501 -617 125
50189: -151 -501 -618 134
50190: -151 -501 -619 143
50191: -151 -501 -620 152
50192: -151 -501 -621 161
50230: -152 -578 -578 98
50238: -152 -579 -586 89
50239: -152 -579 -587 98
50247: -152 -580 -595 89
50248: -152 -580 -596 98
50255: -152 -580 -603 161
50264: -152 -581 -612 161
50274: -152 -583 -622 89
50289: -152 -584 -637 143
50303: -153 -658 -570 107
50304: -153 -658 -571 116
50305: -153 -658 -572 125
50306: -153 -658 -573 134
50307: -153 -658 -574 143
50319: -153 -660 -586 89
50320: -153 -660 -587 98
50328: -153 -661 -595 89
50335: -153 -661 -602 152
50336: -153 -661 -603 161
50337: -153 -662 -604 89
50344: -153 -662 -611 152
50346: -153 -663 -613 89
50350: -153 -663 -617 125
50355: -153 -664 -622 89
50364: -153 -665 -631 89
50378: -153 -666 -645 134
50409: -226 -22 -595 170
50410: -226 -22 -596 179
50411: -226 -22 -597 188
50412: -226 -22 -598 197
50413: -226 -22 -599 206
50414: -226 -22 -600 215
50415: -226 -22 -601 224
50416: -226 -22 -602 233
50417: -226 -22 -603 242
50464: -227 -100 -569 179
50465: -227 -100 -570 188
50466: -227 -100 -571 197
50467: -227 -100 -572 206
50468: -227 -100 -573 215
50469: -227 -100 -574 224
50481: -227 -102 -586 170
50486: -227 -102 -591 215
50491: -227 -103 -596 179
50494: -227 -103 -599 206
50498: -227 -103 -603 242
50499: -227 -104 -604 170
50500: -227 -104 -605 179
50507: -227 -104 -612 242
50517: -227 -106 -622 170
50518: -227 -106 -623 179
50519: -227 -106 -624 188
50525: -227 -106 -630 242
50526: -227 -107 -631 170
50536: -227 -108 -641 179
50541: -227 -108 -646 224
50546: -228 -181 -570 188
50571: -228 -184 -595 170
50580: -228 -185 -604 170
50581: -228 -185 -605 179
50587: -228 -185 -611 233
50588: -228 -185 -612 242
50590: -228 -186 -614 179
50595: -228 -186 -619 224
50596: -228 -186 -620 233
50597: -228 -186 -621 242
50602: -228 -187 -626 206
50606: -228 -187 -630 242
50627: -229 -262 -570 188
50628: -229 -262 -571 197
50640: -229 -263 -583 224
50642: -229 -263 -585 242
50643: -229 -264 -586 170
50651: -229 -264 -594 242
50660: -229 -265 -603 242
50661: -229 -266 -604 170
50669: -229 -266 -612 242
50677: -229 -267 -620 233
50679: -229 -268 -622 170
50698: -229 -270 -641 179
50701: -229 -270 -644 206
50702: -229 -270 -645 215
50703: -229 -270 -646 224
50708: -230 -343 -570 188
50710: -230 -343 -572 206
50712: -230 -343 -574 224
50716: -230 -344 -578 179
50721: -230 -344 -583 224
50723: -230 -344 -585 242
50728: -230 -345 -590 206
50733: -230 -346 -595 170
50738: -230 -346 -600 215
50741: -230 -346 -603 242
50743: -230 -347 -605 179
50748: -230 -347 -610 224
50750: -230 -347 -612 242
50751: -230 -348 -613 170
50758: -230 -348 -620 233
50767: -230 -349 -629 233
50768: -230 -349 -630 242
50775: -230 -350 -637 224
50776: -230 -350 -638 233
50779: -230 -351 -641 179
50781: -230 -351 -643 197
50784: -230 -351 -646 224
50788: -231 -424 -569 179
50789: -231 -424 -570 188
50791: -231 -424 -572 206
50792: -231 -424 -573 215
50804: -231 -425 -585 242
50805: -231 -426 -586 170
50807: -231 -426 -588 188
50810: -231 -426 -591 215
50822: -231 -427 -603 242
50823: -231 -428 -604 170
50825: -231 -428 -606 188
50828: -231 -428 -609 215
50829: -231 -428 -610 224
50830: -231 -428 -611 233
50831: -231 -428 -612 242
50839: -231 -429 -620 233
50840: -231 -429 -621 242
50841: -231 -430 -622 170
50851: -231 -431 -632 179
50855: -231 -431 -636 215
50856: -231 -431 -637 224
50857: -231 -431 -638 233
50862: -231 -432 -643 197
50863: -231 -432 -644 206
50865: -231 -432 -646 224
50869: -232 -505 -569 179
50871: -232 -505 -571 197
50872: -232 -505 -572 206
50874: -232 -505 -574 224
50892: -232 -507 -592 224
50924: -232 -511 -624 188
50933: -232 -512 -633 188
50937: -232 -512 -637 224
50941: -232 -513 -641 179
50943: -232 -513 -643 197
50944: -232 -513 -644 206
50946: -232 -513 -646 224
50958: -233 -587 -577 170
50960: -233 -587 -579 188
50962: -233 -587 -581 206
50963: -233 -587 -582 215
50966: -233 -587 -585 242
50976: -233 -589 -595 170
50977: -233 -589 -596 179
50978: -233 -589 -597 188
50981: -233 -589 -600 215
50982: -233 -589 -601 224
50984: -233 -589 -603 242
50985: -233 -590 -604 170
50987: -233 -590 -606 188
50990: -233 -590 -609 215
50993: -233 -590 -612 242
50994: -233 -591 -613 170
50995: -233 -591 -614 179
50996: -233 -591 -615 188
50997: -233 -591 -616 197
50998: -233 -591 -617 206
51002: -233 -591 -621 242
51003: -233 -592 -622 170
51004: -233 -592 -623 179
51005: -233 -592 -624 188
51007: -233 -592 -626 206
51011: -233 -592 -630 242
51031: -234 -667 -569 179
51033: -234 -667 -571 197
51034: -234 -667 -572 206
51035: -234 -667 -573 215
51036: -234 -667 -574 224
51039: -234 -668 -577 170
51048: -234 -669 -586 170
51057: -234 -670 -595 170
51066: -234 -671 -604 170
51078: -234 -672 -616 197
51084: -234 -673 -622 170
51088: -234 -673 -626 206
51093: -234 -674 -631 170
51106: -234 -675 -644 206
51107: -234 -675 -645 215
51108: -234 -675 -646 224
51147: -307 -32 -604 251
51148: -307 -32 -605 260
51149: -307 -32 -606 269
51150: -307 -32 -607 278
51151: -307 -32 -608 287
51152: -307 -32 -609 296
51153: -307 -32 -610 305
51154: -307 -32 -611 314
51155: -307 -32 -612 323
51193: -308 -109 -569 260
51194: -308 -109 -570 269
51195: -308 -109 -571 278
51197: -308 -109 -573 296
51203: -308 -110 -579 269
51205: -308 -110 -581 287
51209: -308 -110 -585 323
51210: -308 -111 -586 251
51226: -308 -112 -602 314
51229: -308 -113 -605 260
51236: -308 -113 -612 323
51250: -308 -115 -626 287
51254: -308 -115 -630 323
51260: -308 -116 -636 296
51266: -308 -117 -642 269
51268: -308 -117 -644 287
51269: -308 -117 -645 296
51270: -308 -117 -646 305
51276: -309 -190 -571 278
51277: -309 -190 -572 287
51278: -309 -190 -573 296
51290: -309 -191 -585 323
51295: -309 -192 -590 287
51299: -309 -192 -594 323
51300: -309 -193 -595 251
51308: -309 -193 -603 323
51317: -309 -194 -612 323
51318: -309 -195 -613 251
51325: -309 -195 -620 314
51326: -309 -195 -621 323
51332: -309 -196 -627 296
51335: -309 -196 -630 323
51336: -309 -197 -631 251
51346: -309 -198 -641 260
51357: -310 -271 -571 278
51370: -310 -272 -584 314
51371: -310 -272 -585 323
51372: -310 -273 -586 251
51373: -310 -273 -587 260
51376: -310 -273 -590 287
51377: -310 -273 -591 296
51378: -310 -273 -592 305
51380: -310 -273 -594 323
51390: -310 -275 -604 251
51405: -310 -276 -619 305
51406: -310 -276 -620 314
51413: -310 -277 -627 296
51416: -310 -277 -630 323
51427: -310 -279 -641 260
51431: -310 -279 -645 296
51438: -311 -352 -571 278
51448: -311 -353 -581 287
51452: -311 -353 -585 323
51453: -311 -354 -586 251
51461: -311 -354 -594 323
51462: -311 -355 -595 251
51470: -311 -355 -603 323
51479: -311 -356 -612 323
51480: -311 -357 -613 251
51484: -311 -357 -617 287
51489: -311 -358 -622 251
51497: -311 -358 -630 323
51501: -311 -359 -634 278
51502: -311 -359 -635 287
51505: -311 -359 -638 314
51509: -311 -360 -642 269
51513: -311 -360 -646 305
51519: -312 -433 -571 278
51530: -312 -434 -582 296
51533: -312 -434 -585 323
51534: -312 -435 -586 251
51542: -312 -435 -594 323
51560: -312 -437 -612 323
51563: -312 -438 -615 269
51568: -312 -438 -620 314
51570: -312 -439 -622 251
51584: -312 -440 -636 296
51592: -312 -441 -644 287
51593: -312 -441 -645 296
51594: -312 -441 -646 305
51601: -313 -514 -572 287
51603: -313 -514 -574 305
51621: -313 -516 -592 305
51623: -313 -516 -594 323
51630: -313 -517 -601 305
51632: -313 -517 -603 323
51639: -313 -518 -610 305
51641: -313 -518 -612 323
51663: -313 -521 -634 278
51666: -313 -521 -637 305
51670: -313 -522 -641 260
51671: -313 -522 -642 269
51675: -313 -522 -646 305
51679: -314 -595 -569 260
51687: -314 -596 -577 251
51690: -314 -596 -580 278
51692: -314 -596 -582 296
51693: -314 -596 -583 305
51695: -314 -596 -585 323
51696: -314 -597 -586 251
51697: -314 -597 -587 260
51699: -314 -597 -589 278
51702: -314 -597 -592 305
51704: -314 -597 -594 323
51708: -314 -598 -598 278
51714: -314 -599 -604 251
51715: -314 -599 -605 260
51716: -314 -599 -606 269
51717: -314 -599 -607 278
51722: -314 -599 -612 323
51723: -314 -600 -613 251
51726: -314 -600 -616 278
51727: -314 -600 -617 287
51729: -314 -600 -619 305
51731: -314 -600 -621 323
51732: -314 -601 -622 251
51735: -314 -601 -625 278
51737: -314 -601 -627 296
51760: -315 -676 -569 260
51761: -315 -676 -570 269
51764: -315 -676 -573 296
51765: -315 -676 -574 305
51768: -315 -677 -577 251
51775: -315 -677 -584 314
51777: -315 -678 -586 251
51798: -315 -680 -607 278
51804: -315 -681 -613 251
51808: -315 -681 -617 287
51811: -315 -681 -620 314
51813: -315 -682 -622 251
51822: -315 -683 -631 251
51833: -315 -684 -642 269
51885: -388 -42 -613 332
51886: -388 -42 -614 341
51887: -388 -42 -615 350
51888: -388 -42 -616 359
51889: -388 -42 -617 368
51890: -388 -42 -618 377
51891: -388 -42 -619 386
51892: -388 -42 -620 395
51893: -388 -42 -621 404
51922: -389 -118 -569 341
51923: -389 -118 -570 350
51925: -389 -118 -572 368
51927: -389 -118 -574 386
51935: -389 -119 -582 377
51938: -389 -119 -585 404
51939: -389 -120 -586 332
51943: -389 -120 -590 368
51944: -389 -120 -591 377
51946: -389 -120 -593 395
51947: -389 -120 -594 404
51948: -389 -121 -595 332
51949: -389 -121 -596 341
51956: -389 -121 -603 404
51958: -389 -122 -605 341
51980: -389 -124 -627 377
51983: -389 -124 -630 404
51988: -389 -125 -635 368
51996: -389 -126 -643 359
51998: -389 -126 -645 377
51999: -389 -126 -646 386
52006: -390 -199 -572 368
52011: -390 -200 -577 332
52012: -390 -200 -578 341
52019: -390 -200 -585 404
52025: -390 -201 -591 377
52028: -390 -201 -594 404
52029: -390 -202 -595 332
52038: -390 -203 -604 332
52039: -390 -203 -605 341
52048: -390 -204 -614 341
52054: -390 -204 -620 395
52055: -390 -204 -621 404
52057: -390 -205 -623 341
52064: -390 -205 -630 404
52066: -390 -206 -632 341
52067: -390 -206 -633 350
52068: -390 -206 -634 359
52069: -390 -206 -635 368
52075: -390 -207 -641 341
52076: -390 -207 -642 350
52077: -390 -207 -643 359
52079: -390 -207 -645 377
52080: -390 -207 -646 386
52087: -391 -280 -572 368
52100: -391 -281 -585 404
52101: -391 -282 -586 332
52104: -391 -282 -589 359
52105: -391 -282 -590 368
52106: -391 -282 -591 377
52109: -391 -282 -594 404
52118: -391 -283 -603 404
52119: -391 -284 -604 332
52133: -391 -285 -618 377
52135: -391 -285 -620 395
52138: -391 -286 -623 341
52142: -391 -286 -627 377
52145: -391 -286 -630 404
52153: -391 -287 -638 395
52168: -392 -361 -572 368
52174: -392 -362 -578 341
52178: -392 -362 -582 377
52179: -392 -362 -583 386
52180: -392 -362 -584 395
52197: -392 -364 -601 386
52199: -392 -364 -603 404
52209: -392 -366 -613 332
52226: -392 -367 -630 404
52239: -392 -369 -643 359
52247: -393 -442 -570 350
52249: -393 -442 -572 368
52250: -393 -442 -573 377
52251: -393 -442 -574 386
52259: -393 -443 -582 377
52260: -393 -443 -583 386
52268: -393 -444 -591 377
52280: -393 -445 -603 404
52289: -393 -446 -612 404
52297: -393 -447 -620 395
52299: -393 -448 -622 332
52315: -393 -449 -638 395
52320: -393 -450 -643 359
52327: -394 -523 -569 341
52328: -394 -523 -570 350
52329: -394 -523 -571 359
52332: -394 -523 -574 386
52352: -394 -525 -594 404
52362: -394 -527 -604 332
52368: -394 -527 -610 386
52381: -394 -529 -623 341
52392: -394 -530 -634 359
52399: -394 -531 -641 341
52400: -394 -531 -642 350
52401: -394 -531 -643 359
52403: -394 -531 -645 377
52416: -395 -605 -577 332
52420: -395 -605 -581 368
52421: -395 -605 -582 377
52422: -395 -605 -583 386
52424: -395 -605 -585 404
52425: -395 -606 -586 332
52426: -395 -606 -587 341
52429: -395 -606 -590 368
52430: -395 -606 -591 377
52431: -395 -606 -592 386
52433: -395 -606 -594 404
52434: -395 -607 -595 332
52438: -395 -607 -599 368
52442: -395 -607 -603 404
52447: -395 -608 -608 368
52452: -395 -609 -613 332
52453: -395 -609 -614 341
52456: -395 -609 -617 368
52460: -395 -609 -621 404
52461: -395 -610 -622 332
52465: -395 -610 -626 368
52466: -395 -610 -627 377
52489: -396 -685 -569 341
52490: -396 -685 -570 350
52494: -396 -685 -574 386
52506: -396 -687 -586 332
52512: -396 -687 -592 386
52513: -396 -687 -593 395
52514: -396 -687 -594 404
52515: -396 -688 -595 332
52542: -396 -691 -622 332
52543: -396 -691 -623 341
52549: -396 -691 -629 395
52551: -396 -692 -631 332
52561: -396 -693 -641 341
52563: -396 -693 -643 359
52623: -469 -52 -622 413
52624: -469 -52 -623 422
52625: -469 -52 -624 431
52626: -469 -52 -625 440
52627: -469 -52 -626 449
52628: -469 -52 -627 458
52629: -469 -52 -628 467
52630: -469 -52 -629 476
52631: -469 -52 -630 485
52651: -470 -127 -569 422
52652: -470 -127 -570 431
52654: -470 -127 -572 449
52655: -470 -127 -573 458
52656: -470 -127 -574 467
52662: -470 -128 -580 440
52668: -470 -129 -586 413
52676: -470 -129 -594 485
52678: -470 -130 -596 422
52679: -470 -130 -597 431
52682: -470 -130 -600 458
52685: -470 -130 -603 485
52686: -470 -131 -604 413
52687: -470 -131 -605 422
52688: -470 -131 -606 431
52690: -470 -131 -608 449
52692: -470 -131 -610 467
52693: -470 -131 -611 476
52694: -470 -131 -612 485
52706: -470 -133 -624 431
52707: -470 -133 -625 440
52712: -470 -133 -630 485
52714: -470 -134 -632 422
52720: -470 -134 -638 476
52724: -470 -135 -642 431
52725: -470 -135 -643 440
52726: -470 -135 -644 449
52727: -470 -135 -645 458
52728: -470 -135 -646 467
52732: -471 -208 -569 422
52733: -471 -208 -570 431
52734: -471 -208 -571 440
52735: -471 -208 -572 449
52736: -471 -208 -573 458
52737: -471 -208 -574 467
52740: -471 -209 -577 413
52741: -471 -209 -578 422
52745: -471 -209 -582 458
52757: -471 -210 -594 485
52758: -471 -211 -595 413
52760: -471 -211 -597 431
52763: -471 -211 -600 458
52766: -471 -211 -603 485
52770: -471 -212 -607 440
52775: -471 -212 -612 485
52790: -471 -214 -627 458
52801: -471 -215 -638 476
52804: -471 -216 -641 422
52806: -471 -216 -643 440
52807: -471 -216 -644 449
52809: -471 -216 -646 467
52816: -472 -289 -572 449
52817: -472 -289 -573 458
52818: -472 -289 -574 467
52830: -472 -291 -586 413
52833: -472 -291 -589 440
52838: -472 -291 -594 485
52847: -472 -292 -603 485
52848: -472 -293 -604 413
52864: -472 -294 -620 476
52867: -472 -295 -623 422
52871: -472 -295 -627 458
52874: -472 -295 -630 485
52886: -472 -297 -642 431
52888: -472 -297 -644 449
52890: -472 -297 -646 467
52894: -473 -370 -569 422
52897: -473 -370 -572 449
52898: -473 -370 -573 458
52899: -473 -370 -574 467
52902: -473 -371 -577 413
52903: -473 -371 -578 422
52910: -473 -371 -585 485
52919: -473 -372 -594 485
52920: -473 -373 -595 413
52921: -473 -373 -596 422
52925: -473 -373 -600 458
52928: -473 -373 -603 485
52937: -473 -374 -612 485
52938: -473 -375 -613 413
52946: -473 -375 -621 485
52947: -473 -376 -622 413
52954: -473 -376 -629 476
52968: -473 -378 -643 440
52979: -474 -451 -573 458
52983: -474 -452 -577 413
52987: -474 -452 -581 449
52988: -474 -452 -582 458
52990: -474 -452 -584 476
52991: -474 -452 -585 485
52993: -474 -453 -587 422
52994: -474 -453 -588 431
52996: -474 -453 -590 449
52999: -474 -453 -593 476
53000: -474 -453 -594 485
53002: -474 -454 -596 422
53004: -474 -454 -598 440
53007: -474 -454 -601 467
53008: -474 -454 -602 476
53009: -474 -454 -603 485
53028: -474 -457 -622 413
53029: -474 -457 -623 422
53049: -474 -459 -643 440
53050: -474 -459 -644 449
53056: -475 -532 -569 422
53059: -475 -532 -572 449
53064: -475 -533 -577 413
53068: -475 -533 -581 449
53069: -475 -533 -582 458
53074: -475 -534 -587 422
53078: -475 -534 -591 458
53081: -475 -534 -594 485
53089: -475 -535 -602 476
53090: -475 -535 -603 485
53091: -475 -536 -604 413
53097: -475 -536 -610 467
53099: -475 -536 -612 485
53117: -475 -538 -630 485
53123: -475 -539 -636 458
53128: -475 -540 -641 422
53130: -475 -540 -643 440
53131: -475 -540 -644 449
53133: -475 -540 -646 467
53137: -476 -613 -569 422
53154: -476 -615 -586 413
53159: -476 -615 -591 458
53160: -476 -615 -592 467
53162: -476 -615 -594 485
53163: -476 -616 -595 413
53164: -476 -616 -596 422
53168: -476 -616 -600 458
53169: -476 -616 -601 467
53171: -476 -616 -603 485
53172: -476 -617 -604 413
53173: -476 -617 -605 422
53177: -476 -617 -609 458
53180: -476 -617 -612 485
53186: -476 -618 -618 458
53218: -477 -694 -569 422
53219: -477 -694 -570 431
53220: -477 -694 -571 440
53221: -477 -694 -572 449
53223: -477 -694 -574 467
53226: -477 -695 -577 413
53228: -477 -695 -579 431
53234: -477 -695 -585 485
53235: -477 -696 -586 413
53236: -477 -696 -587 422
53237: -477 -696 -588 431
53243: -477 -696 -594 485
53244: -477 -697 -595 413
53245: -477 -697 -596 422
53247: -477 -697 -598 440
53248: -477 -697 -599 449
53250: -477 -697 -601 467
53252: -477 -697 -603 485
53253: -477 -698 -604 413
53254: -477 -698 -605 422
53258: -477 -698 -609 458
53260: -477 -698 -611 476
53268: -477 -699 -619 467
53269: -477 -699 -620 476
53273: -477 -700 -624 431
53276: -477 -700 -627 458
53280: -477 -701 -631 413
53287: -477 -701 -638 476
53291: -477 -702 -642 431
53293: -477 -702 -644 449
53299: -550 -55 -569 503
53300: -550 -55 -570 512
53301: -550 -55 -571 521
53302: -550 -55 -572 530
53303: -550 -55 -573 539
53304: -550 -55 -574 548
53380: -551 -136 -569 503
53381: -551 -136 -570 512
53382: -551 -136 -571 521
53383: -551 -136 -572 530
53384: -551 -136 -573 539
53385: -551 -136 -574 548
53397: -551 -138 -586 494
53405: -551 -138 -594 566
53406: -551 -139 -595 494
53407: -551 -139 -596 503
53414: -551 -139 -603 566
53415: -551 -140 -604 494
53421: -551 -140 -610 548
53423: -551 -140 -612 566
53433: -551 -142 -622 494
53434: -551 -142 -623 503
53441: -551 -142 -630 566
53443: -551 -143 -632 503
53448: -551 -143 -637 548
53449: -551 -143 -638 557
53453: -551 -144 -642 512
53454: -551 -144 -643 521
53455: -551 -144 -644 530
53456: -551 -144 -645 539
53461: -552 -217 -569 503
53462: -552 -217 -570 512
53463: -552 -217 -571 521
53464: -552 -217 -572 530
53465: -552 -217 -573 539
53466: -552 -217 -574 548
53477: -552 -218 -585 566
53481: -552 -219 -589 521
53482: -552 -219 -590 530
53493: -552 -220 -601 548
53497: -552 -221 -605 503
53505: -552 -222 -613 494
53522: -552 -223 -630 566
53530: -552 -224 -638 557
53533: -552 -225 -641 503
53534: -552 -225 -642 512
53536: -552 -225 -644 530
53537: -552 -225 -645 539
53559: -553 -300 -586 494
53583: -553 -302 -610 548
53603: -553 -304 -630 566
53605: -553 -305 -632 503
53611: -553 -305 -638 557
53616: -553 -306 -643 521
53617: -553 -306 -644 530
53618: -553 -306 -645 539
53623: -554 -379 -569 503
53628: -554 -379 -574 548
53639: -554 -380 -585 566
53644: -554 -381 -590 530
53648: -554 -381 -594 566
53649: -554 -382 -595 494
53657: -554 -382 -603 566
53658: -554 -383 -604 494
53665: -554 -383 -611 557
53671: -554 -384 -617 530
53695: -554 -387 -641 503
53696: -554 -387 -642 512
53697: -554 -387 -643 521
53698: -554 -387 -644 530
53846: -556 -547 -630 566
53858: -556 -549 -642 512
53859: -556 -549 -643 521
53860: -556 -549 -644 530
53861: -556 -549 -645 539
53874: -557 -623 -577 494
53876: -557 -623 -579 512
53880: -557 -623 -583 548
53883: -557 -624 -586 494
53884: -557 -624 -587 503
53889: -557 -624 -592 548
53891: -557 -624 -594 566
53892: -557 -625 -595 494
53893: -557 -625 -596 503
53898: -557 -625 -601 548
53900: -557 -625 -603 566
53907: -557 -626 -610 548
53909: -557 -626 -612 566
53910: -557 -627 -613 494
53916: -557 -627 -619 548
53925: -557 -628 -628 548
53947: -558 -703 -569 503
53948: -558 -703 -570 512
53950: -558 -703 -572 530
53951: -558 -703 -573 539
53962: -558 -704 -584 557
53970: -558 -705 -592 548
53975: -558 -706 -597 512
53979: -558 -706 -601 548
53980: -558 -706 -602 557
53988: -558 -707 -610 548
53998: -558 -708 -620 557
54007: -558 -709 -629 557
54009: -558 -710 -631 494
54014: -558 -710 -636 539
54022: -558 -711 -644 530
54023: -558 -711 -645 539
54100: -631 -72 -641 584
54101: -631 -72 -642 593
54102: -631 -72 -643 602
54103: -631 -72 -644 611
54104: -631 -72 -645 620
54105: -631 -72 -646 629
54110: -632 -145 -570 593
54111: -632 -145 -571 602
54112: -632 -145 -572 611
54114: -632 -145 -574 629
54117: -632 -146 -577 575
54126: -632 -147 -586 575
54129: -632 -147 -589 602
54131: -632 -147 -591 620
54133: -632 -147 -593 638
54134: -632 -147 -594 647
54135: -632 -148 -595 575
54142: -632 -148 -602 638
54143: -632 -148 -603 647
54144: -632 -149 -604 575
54148: -632 -149 -608 611
54150: -632 -149 -610 629
54151: -632 -149 -611 638
54152: -632 -149 -612 647
54162: -632 -151 -622 575
54169: -632 -151 -629 638
54182: -632 -153 -642 593
54183: -632 -153 -643 602
54184: -632 -153 -644 611
54185: -632 -153 -645 620
54186: -632 -153 -646 629
54192: -633 -226 -571 602
54193: -633 -226 -572 611
54194: -633 -226 -573 620
54195: -633 -226 -574 629
54198: -633 -227 -577 575
54202: -633 -227 -581 611
54205: -633 -227 -584 638
54206: -633 -227 -585 647
54207: -633 -228 -586 575
54216: -633 -229 -595 575
54221: -633 -229 -600 620
54222: -633 -229 -601 629
54223: -633 -229 -602 638
54224: -633 -229 -603 647
54225: -633 -230 -604 575
54226: -633 -230 -605 584
54228: -633 -230 -607 602
54230: -633 -230 -609 620
54231: -633 -230 -610 629
54232: -633 -230 -611 638
54233: -633 -230 -612 647
54238: -633 -231 -617 611
54241: -633 -231 -620 638
54242: -633 -231 -621 647
54243: -633 -232 -622 575
54244: -633 -232 -623 584
54246: -633 -232 -625 602
54249: -633 -232 -628 629
54250: -633 -232 -629 638
54251: -633 -232 -630 647
54262: -633 -234 -641 584
54264: -633 -234 -643 602
54265: -633 -234 -644 611
54266: -633 -234 -645 620
54267: -633 -234 -646 629
54272: -634 -307 -570 593
54274: -634 -307 -572 611
54275: -634 -307 -573 620
54276: -634 -307 -574 629
54283: -634 -308 -581 611
54286: -634 -308 -584 638
54287: -634 -308 -585 647
54288: -634 -309 -586 575
54296: -634 -309 -594 647
54299: -634 -310 -597 593
54306: -634 -311 -604 575
54307: -634 -311 -605 584
54313: -634 -311 -611 638
54314: -634 -311 -612 647
54316: -634 -312 -614 584
54319: -634 -312 -617 611
54322: -634 -312 -620 638
54331: -634 -313 -629 638
54343: -634 -315 -641 584
54344: -634 -315 -642 593
54346: -634 -315 -644 611
54347: -634 -315 -645 620
54348: -634 -315 -646 629
54352: -635 -388 -569 584
54353: -635 -388 -570 593
54354: -635 -388 -571 602
54356: -635 -388 -573 620
54357: -635 -388 -574 629
54360: -635 -389 -577 575
54365: -635 -389 -582 620
54368: -635 -389 -585 647
54369: -635 -390 -586 575
54370: -635 -390 -587 584
54375: -635 -390 -592 629
54376: -635 -390 -593 638
54377: -635 -390 -594 647
54384: -635 -391 -601 629
54386: -635 -391 -603 647
54388: -635 -392 -605 584
54395: -635 -392 -612 647
54396: -635 -393 -613 575
54397: -635 -393 -614 584
54403: -635 -393 -620 638
54405: -635 -394 -622 575
54410: -635 -394 -627 620
54412: -635 -394 -629 638
54413: -635 -394 -630 647
54424: -635 -396 -641 584
54425: -635 -396 -642 593
54426: -635 -396 -643 602
54429: -635 -396 -646 629
54434: -636 -469 -570 593
54435: -636 -469 -571 602
54436: -636 -469 -572 611
54438: -636 -469 -574 629
54447: -636 -470 -583 629
54449: -636 -470 -585 647
54450: -636 -471 -586 575
54451: -636 -471 -587 584
54454: -636 -471 -590 611
54458: -636 -471 -594 647
54465: -636 -472 -601 629
54467: -636 -472 -603 647
54468: -636 -473 -604 575
54470: -636 -473 -606 593
54475: -636 -473 -611 638
54476: -636 -473 -612 647
54486: -636 -475 -622 575
54487: -636 -475 -623 584
54489: -636 -475 -625 602
54494: -636 -475 -630 647
54506: -636 -477 -642 593
54507: -636 -477 -643 602
54508: -636 -477 -644 611
54510: -636 -477 -646 629
54515: -637 -550 -570 593
54516: -637 -550 -571 602
54517: -637 -550 -572 611
54518: -637 -550 -573 620
54522: -637 -551 -577 575
54525: -637 -551 -580 602
54526: -637 -551 -581 611
54527: -637 -551 -582 620
54529: -637 -551 -584 638
54530: -637 -551 -585 647
54531: -637 -552 -586 575
54532: -637 -552 -587 584
54534: -637 -552 -589 602
54535: -637 -552 -590 611
54539: -637 -552 -594 647
54540: -637 -553 -595 575
54544: -637 -553 -599 611
54545: -637 -553 -600 620
54548: -637 -553 -603 647
54549: -637 -554 -604 575
54550: -637 -554 -605 584
54556: -637 -554 -611 638
54557: -637 -554 -612 647
54587: -637 -558 -642 593
54588: -637 -558 -643 602
54589: -637 -558 -644 611
54590: -637 -558 -645 620
54603: -638 -632 -577 575
54605: -638 -632 -579 593
54611: -638 -632 -585 647
54612: -638 -633 -586 575
54613: -638 -633 -587 584
54617: -638 -633 -591 620
54625: -638 -634 -599 611
54629: -638 -634 -603 647
54631: -638 -635 -605 584
54635: -638 -635 -609 620
54638: -638 -635 -612 647
54639: -638 -636 -613 575
54647: -638 -636 -621 647
54648: -638 -637 -622 575
54649: -638 -637 -623 584
54656: -638 -637 -630 647
54662: -638 -638 -636 620
54663: -638 -638 -637 629
54693: -639 -714 -586 575
54821: -712 -80 -633 674
54825: -712 -80 -637 710
54847: -713 -155 -578 665
54855: -713 -156 -586 656
54856: -713 -156 -587 665
54865: -713 -157 -596 665
54871: -713 -157 -602 719
54874: -713 -158 -605 665
54881: -713 -158 -612 728
54892: -713 -160 -623 665
54896: -713 -160 -627 701
54899: -713 -160 -630 728
54901: -713 -161 -632 665
54910: -713 -162 -641 665
54911: -713 -162 -642 674
54912: -713 -162 -643 683
54913: -713 -162 -644 692
54914: -713 -162 -645 701
54915: -713 -162 -646 710
54928: -714 -236 -578 665
54932: -714 -236 -582 701
54933: -714 -236 -583 710
54935: -714 -236 -585 728
54942: -714 -237 -592 710
54946: -714 -238 -596 665
54953: -714 -238 -603 728
54963: -714 -240 -613 656
54964: -714 -240 -614 665
54973: -714 -241 -623 665
54980: -714 -241 -630 728
54981: -714 -242 -631 656
54982: -714 -242 -632 665
54986: -714 -242 -636 701
54987: -714 -242 -637 710
54991: -714 -243 -641 665
54992: -714 -243 -642 674
54993: -714 -243 -643 683
54994: -714 -243 -644 692
54995: -714 -243 -645 701
54996: -714 -243 -646 710
55009: -715 -317 -578 665
55016: -715 -317 -585 728
55017: -715 -318 -586 656
55019: -715 -318 -588 674
55021: -715 -318 -590 692
55023: -715 -318 -592 710
55025: -715 -318 -594 728
55036: -715 -320 -605 665
55043: -715 -320 -612 728
55044: -715 -321 -613 656
55045: -715 -321 -614 665
55052: -715 -321 -621 728
55058: -715 -322 -627 701
55061: -715 -322 -630 728
55062: -715 -323 -631 656
55063: -715 -323 -632 665
55068: -715 -323 -637 710
55072: -715 -324 -641 665
55073: -715 -324 -642 674
55074: -715 -324 -643 683
55075: -715 -324 -644 692
55076: -715 -324 -645 701
55077: -715 -324 -646 710
55089: -716 -398 -577 656
55090: -716 -398 -578 665
55098: -716 -399 -586 656
55106: -716 -399 -594 728
55107: -716 -400 -595 656
55115: -716 -400 -603 728
55118: -716 -401 -606 674
55122: -716 -401 -610 710
55125: -716 -402 -613 656
55126: -716 -402 -614 665
55129: -716 -402 -617 692
55133: -716 -402 -621 728
55142: -716 -403 -630 728
55144: -716 -404 -632 665
55147: -716 -404 -635 692
55148: -716 -404 -636 701
55153: -716 -405 -641 665
55154: -716 -405 -642 674
55155: -716 -405 -643 683
55156: -716 -405 -644 692
55157: -716 -405 -645 701
55158: -716 -405 -646 710
55202: -717 -482 -609 701
55205: -717 -482 -612 728
55211: -717 -483 -618 701
55213: -717 -483 -620 719
55220: -717 -484 -627 701
55223: -717 -484 -630 728
55225: -717 -485 -632 665
55227: -717 -485 -634 683
55228: -717 -485 -635 692
55234: -717 -486 -641 665
55236: -717 -486 -643 683
55237: -717 -486 -644 692
55239: -717 -486 -646 710
55265: -718 -561 -591 701
55268: -718 -561 -594 728
55277: -718 -562 -603 728
55278: -718 -563 -604 656
55279: -718 -563 -605 665
55281: -718 -563 -607 683
55282: -718 -563 -608 692
55283: -718 -563 -609 701
55285: -718 -563 -611 719
55286: -718 -563 -612 728
55297: -718 -565 -623 665
55299: -718 -565 -625 683
55301: -718 -565 -627 701
55302: -718 -565 -628 710
55310: -718 -566 -636 701
55312: -718 -566 -638 719
55315: -718 -567 -641 665
55318: -718 -567 -644 692
55319: -718 -567 -645 701
55320: -718 -567 -646 710
55403: -719 -648 -648 728
55426: -720 -723 -590 692
55428: -720 -723 -592 710
55445: -720 -725 -609 701
56061: -80 -569 -658 9
56062: -80 -569 -659 18
56063: -80 -569 -660 27
56064: -80 -569 -661 36
56065: -80 -569 -662 45
56066: -80 -569 -663 54
56067: -80 -569 -664 63
56069: -80 -569 -666 81
56070: -80 -570 -667 9
56071: -80 -570 -668 18
56072: -80 -570 -669 27
56073: -80 -570 -670 36
56074: -80 -570 -671 45
56075: -80 -570 -672 54
56076: -80 -570 -673 63
56078: -80 -570 -675 81
56079: -80 -571 -676 9
56080: -80 -571 -677 18
56081: -80 -571 -678 27
56082: -80 -571 -679 36
56083: -80 -571 -680 45
56084: -80 -571 -681 54
56085: -80 -571 -682 63
56087: -80 -571 -684 81
56088: -80 -572 -685 9
56089: -80 -572 -686 18
56090: -80 -572 -687 27
56091: -80 -572 -688 36
56092: -80 -572 -689 45
56093: -80 -572 -690 54
56094: -80 -572 -691 63
56096: -80 -572 -693 81
56097: -80 -573 -694 9
56098: -80 -573 -695 18
56099: -80 -573 -696 27
56100: -80 -573 -697 36
56101: -80 -573 -698 45
56102: -80 -573 -699 54
56103: -80 -573 -700 63
56105: -80 -573 -702 81
56106: -80 -574 -703 9
56107: -80 -574 -704 18
56108: -80 -574 -705 27
56109: -80 -574 -706 36
56110: -80 -574 -707 45
56111: -80 -574 -708 54
56112: -80 -574 -709 63
56114: -80 -574 -711 81
56232: -154 -12 -667 90
56233: -154 -12 -668 99
56234: -154 -12 -669 108
56235: -154 -12 -670 117
56236: -154 -12 -671 126
56237: -154 -12 -672 135
56238: -154 -12 -673 144
56239: -154 -12 -674 153
56240: -154 -12 -675 162
56313: -155 -93 -667 90
56322: -155 -94 -676 90
56324: -155 -94 -678 108
56325: -155 -94 -679 117
56327: -155 -94 -681 135
56328: -155 -94 -682 144
56329: -155 -94 -683 153
56331: -155 -95 -685 90
56334: -155 -95 -688 117
56335: -155 -95 -689 126
56336: -155 -95 -690 135
56337: -155 -95 -691 144
56338: -155 -95 -692 153
56339: -155 -95 -693 162
56349: -155 -97 -703 90
56354: -155 -97 -708 135
56357: -155 -97 -711 162
56362: -155 -98 -716 126
56363: -155 -98 -717 135
56379: -156 -172 -652 117
56380: -156 -172 -653 126
56382: -156 -172 -655 144
56385: -156 -173 -658 90
56387: -156 -173 -660 108
56392: -156 -173 -665 153
56401: -156 -174 -674 153
56403: -156 -175 -676 90
56416: -156 -176 -689 126
56419: -156 -176 -692 153
56423: -156 -177 -696 108
56427: -156 -177 -700 144
56428: -156 -177 -701 153
56437: -156 -178 -710 153
56438: -156 -178 -711 162
56444: -156 -179 -717 135
56453: -156 -180 -726 135
56458: -157 -253 -650 99
56459: -157 -253 -651 108
56460: -157 -253 -652 117
56461: -157 -253 -653 126
56463: -157 -253 -655 144
56466: -157 -254 -658 90
56473: -157 -254 -665 153
56475: -157 -255 -667 90
56477: -157 -255 -669 108
56478: -157 -255 -670 117
56482: -157 -255 -674 153
56483: -157 -255 -675 162
56491: -157 -256 -683 153
56493: -157 -257 -685 90
56494: -157 -257 -686 99
56495: -157 -257 -687 108
56509: -157 -258 -701 153
56510: -157 -258 -702 162
56511: -157 -259 -703 90
56516: -157 -259 -708 135
56522: -157 -260 -714 108
56523: -157 -260 -715 117
56524: -157 -260 -716 126
56525: -157 -260 -717 135
56526: -157 -260 -718 144
56535: -157 -261 -727 144
56540: -158 -334 -651 108
56542: -158 -334 -653 126
56543: -158 -334 -654 135
56544: -158 -334 -655 144
56551: -158 -335 -662 126
56554: -158 -335 -665 153
56565: -158 -337 -676 90
56570: -158 -337 -681 135
56571: -158 -337 -682 144
56572: -158 -337 -683 153
56573: -158 -337 -684 162
56574: -158 -338 -685 90
56581: -158 -338 -692 153
56583: -158 -339 -694 90
56592: -158 -340 -703 90
56593: -158 -340 -704 99
56594: -158 -340 -705 108
56604: -158 -341 -715 117
56605: -158 -341 -716 126
56607: -158 -341 -718 144
56745: -160 -501 -694 90
56746: -160 -501 -695 99
56747: -160 -501 -696 108
56748: -160 -501 -697 117
56749: -160 -501 -698 126
56750: -160 -501 -699 135
56751: -160 -501 -700 144
56752: -160 -501 -701 153
56753: -160 -501 -702 162
56783: -161 -577 -651 108
56784: -161 -577 -652 117
56785: -161 -577 -653 126
56786: -161 -577 -654 135
56787: -161 -577 -655 144
56795: -161 -578 -663 135
56799: -161 -579 -667 90
56816: -161 -580 -684 162
56817: -161 -581 -685 90
56831: -161 -582 -699 135
56835: -161 -583 -703 90
56849: -161 -584 -717 135
56853: -161 -585 -721 90
56867: -162 -658 -654 135
56880: -162 -660 -667 90
56881: -162 -660 -668 99
56887: -162 -660 -674 153
56889: -162 -661 -676 90
56890: -162 -661 -677 99
56896: -162 -661 -683 153
56905: -162 -662 -692 153
56930: -162 -665 -717 135
56970: -235 -22 -676 171
56971: -235 -22 -677 180
56972: -235 -22 -678 189
56973: -235 -22 -679 198
56974: -235 -22 -680 207
56975: -235 -22 -681 216
56976: -235 -22 -682 225
56977: -235 -22 -683 234
56978: -235 -22 -684 243
57025: -236 -100 -650 180
57026: -236 -100 -651 189
57027: -236 -100 -652 198
57028: -236 -100 -653 207
57029: -236 -100 -654 216
57030: -236 -100 -655 225
57042: -236 -102 -667 171
57058: -236 -103 -683 234
57059: -236 -103 -684 243
57060: -236 -104 -685 171
57067: -236 -104 -692 234
57079: -236 -106 -704 180
57080: -236 -106 -705 189
57081: -236 -106 -706 198
57083: -236 -106 -708 216
57085: -236 -106 -710 234
57090: -236 -107 -715 198
57091: -236 -107 -716 207
57092: -236 -107 -717 216
57093: -236 -107 -718 225
57107: -237 -181 -651 189
57110: -237 -181 -654 216
57130: -237 -183 -674 234
57132: -237 -184 -676 171
57141: -237 -185 -685 171
57142: -237 -185 -686 180
57143: -237 -185 -687 189
57145: -237 -185 -689 207
57146: -237 -185 -690 216
57148: -237 -185 -692 234
57149: -237 -185 -693 243
57150: -237 -186 -694 171
57152: -237 -186 -696 189
57155: -237 -186 -699 216
57156: -237 -186 -700 225
57157: -237 -186 -701 234
57159: -237 -187 -703 171
57166: -237 -187 -710 234
57169: -237 -188 -713 180
57172: -237 -188 -716 207
57188: -238 -262 -651 189
57204: -238 -264 -667 171
57222: -238 -266 -685 171
57229: -238 -266 -692 234
57233: -238 -267 -696 189
57234: -238 -267 -697 198
57235: -238 -267 -698 207
57238: -238 -267 -701 234
57250: -238 -269 -713 180
57252: -238 -269 -715 198
57254: -238 -269 -717 216
57255: -238 -269 -718 225
57269: -239 -343 -651 189
57280: -239 -344 -662 207
57283: -239 -344 -665 234
57285: -239 -345 -667 171
57294: -239 -346 -676 171
57301: -239 -346 -683 234
57310: -239 -347 -692 234
57312: -239 -348 -694 171
57331: -239 -350 -713 180
57333: -239 -350 -715 198
57335: -239 -350 -717 216
57336: -239 -350 -718 225
57342: -239 -351 -724 198
57349: -240 -424 -650 180
57350: -240 -424 -651 189
57352: -240 -424 -653 207
57354: -240 -424 -655 225
57360: -240 -425 -661 198
57365: -240 -425 -666 243
57366: -240 -426 -667 171
57367: -240 -426 -668 180
57370: -240 -426 -671 207
57372: -240 -426 -673 225
57374: -240 -426 -675 243
57382: -240 -427 -683 234
57384: -240 -428 -685 171
57386: -240 -428 -687 189
57389: -240 -428 -690 216
57390: -240 -428 -691 225
57391: -240 -428 -692 234
57392: -240 -428 -693 243
57402: -240 -430 -703 171
57409: -240 -430 -710 234
57410: -240 -430 -711 243
57414: -240 -431 -715 198
57415: -240 -431 -716 207
57416: -240 -431 -717 216
57426: -240 -432 -727 225
57430: -241 -505 -650 180
57432: -241 -505 -652 198
57433: -241 -505 -653 207
57435: -241 -505 -655 225
57441: -241 -506 -661 198
57449: -241 -507 -669 189
57489: -241 -511 -709 225
57490: -241 -511 -710 234
57493: -241 -512 -713 180
57495: -241 -512 -715 198
57496: -241 -512 -716 207
57497: -241 -512 -717 216
57511: -242 -586 -650 180
57513: -242 -586 -652 198
57514: -242 -586 -653 207
57515: -242 -586 -654 216
57516: -242 -586 -655 225
57519: -242 -587 -658 171
57526: -242 -587 -665 234
57528: -242 -588 -667 171
57535: -242 -588 -674 234
57544: -242 -589 -683 234
57546: -242 -590 -685 171
57551: -242 -590 -690 216
57553: -242 -590 -692 234
57557: -242 -591 -696 189
57562: -242 -591 -701 234
57563: -242 -591 -702 243
57564: -242 -592 -703 171
57571: -242 -592 -710 234
57579: -242 -593 -718 225
57582: -242 -594 -721 171
57585: -242 -594 -724 198
57587: -242 -594 -726 216
57588: -242 -594 -727 225
57590: -242 -594 -729 243
57600: -243 -668 -658 171
57602: -243 -668 -660 189
57604: -243 -668 -662 207
57607: -243 -668 -665 234
57611: -243 -669 -669 189
57618: -243 -670 -676 171
57619: -243 -670 -677 180
57620: -243 -670 -678 189
57625: -243 -670 -683 234
57627: -243 -671 -685 171
57629: -243 -671 -687 189
57634: -243 -671 -692 234
57636: -243 -672 -694 171
57638: -243 -672 -696 189
57640: -243 -672 -698 207
57643: -243 -672 -701 234
57645: -243 -673 -703 171
57650: -243 -673 -708 216
57652: -243 -673 -710 234
57656: -243 -674 -714 189
57708: -316 -32 -685 252
57709: -316 -32 -686 261
57710: -316 -32 -687 270
57711: -316 -32 -688 279
57712: -316 -32 -689 288
57713: -316 -32 -690 297
57714: -316 -32 -691 306
57715: -316 -32 -692 315
57716: -316 -32 -693 324
57755: -317 -109 -651 270
57756: -317 -109 -652 279
57758: -317 -109 -654 297
57764: -317 -110 -660 270
57766: -317 -110 -662 288
57771: -317 -111 -667 252
57796: -317 -113 -692 315
57797: -317 -113 -693 324
57810: -317 -115 -706 279
57812: -317 -115 -708 297
57814: -317 -115 -710 315
57820: -317 -116 -716 288
57821: -317 -116 -717 297
57822: -317 -116 -718 306
57835: -318 -190 -650 261
57836: -318 -190 -651 270
57837: -318 -190 -652 279
57838: -318 -190 -653 288
57840: -318 -190 -655 306
57850: -318 -191 -665 315
57859: -318 -192 -674 315
57861: -318 -193 -676 252
57863: -318 -193 -678 270
57877: -318 -194 -692 315
57878: -318 -194 -693 324
57879: -318 -195 -694 252
57886: -318 -195 -701 315
57889: -318 -196 -704 261
57895: -318 -196 -710 315
57898: -318 -197 -713 261
57899: -318 -197 -714 270
57903: -318 -197 -718 306
57918: -319 -271 -652 279
57929: -319 -272 -663 297
57931: -319 -272 -665 315
57933: -319 -273 -667 252
57934: -319 -273 -668 261
57940: -319 -273 -674 315
57951: -319 -275 -685 252
57958: -319 -275 -692 315
57976: -319 -277 -710 315
57979: -319 -278 -713 261
57999: -320 -352 -652 279
58012: -320 -353 -665 315
58021: -320 -354 -674 315
58022: -320 -354 -675 324
58030: -320 -355 -683 315
58038: -320 -356 -691 306
58041: -320 -357 -694 252
58055: -320 -358 -708 297
58060: -320 -359 -713 261
58061: -320 -359 -714 270
58065: -320 -359 -718 306
58072: -320 -360 -725 288
58076: -320 -360 -729 324
58079: -321 -433 -651 270
58080: -321 -433 -652 279
58082: -321 -433 -654 297
58088: -321 -434 -660 270
58093: -321 -434 -665 315
58102: -321 -435 -674 315
58118: -321 -437 -690 297
58120: -321 -437 -692 315
58131: -321 -439 -703 252
58144: -321 -440 -716 288
58145: -321 -440 -717 297
58146: -321 -440 -718 306
58154: -321 -441 -726 297
58164: -322 -514 -655 306
58174: -322 -515 -665 315
58179: -322 -516 -670 279
58194: -322 -518 -685 252
58199: -322 -518 -690 297
58201: -322 -518 -692 315
58219: -322 -520 -710 315
58223: -322 -521 -714 270
58226: -322 -521 -717 297
58241: -323 -595 -651 270
58244: -323 -595 -654 297
58253: -323 -596 -663 297
58256: -323 -596 -666 324
58257: -323 -597 -667 252
58277: -323 -599 -687 270
58278: -323 -599 -688 279
58283: -323 -599 -693 324
58284: -323 -600 -694 252
58291: -323 -600 -701 315
58293: -323 -601 -703 252
58301: -323 -601 -711 324
58304: -323 -602 -714 270
58307: -323 -602 -717 297
58308: -323 -602 -718 306
58311: -323 -603 -721 252
58329: -324 -677 -658 252
58332: -324 -677 -661 279
58335: -324 -677 -664 306
58336: -324 -677 -665 315
58338: -324 -678 -667 252
58339: -324 -678 -668 261
58341: -324 -678 -670 279
58345: -324 -678 -674 315
58356: -324 -680 -685 252
58359: -324 -680 -688 279
58363: -324 -680 -692 315
58365: -324 -681 -694 252
58367: -324 -681 -696 270
58368: -324 -681 -697 279
58372: -324 -681 -701 315
58374: -324 -682 -703 252
58375: -324 -682 -704 261
58377: -324 -682 -706 279
58379: -324 -682 -708 297
58381: -324 -682 -710 315
58446: -397 -42 -694 333
58447: -397 -42 -695 342
58448: -397 -42 -696 351
58449: -397 -42 -697 360
58450: -397 -42 -698 369
58451: -397 -42 -699 378
58452: -397 -42 -700 387
58453: -397 -42 -701 396
58454: -397 -42 -702 405
58483: -398 -118 -650 342
58484: -398 -118 -651 351
58486: -398 -118 -653 369
58487: -398 -118 -654 378
58488: -398 -118 -655 387
58499: -398 -119 -666 405
58500: -398 -120 -667 333
58501: -398 -120 -668 342
58505: -398 -120 -672 378
58507: -398 -120 -674 396
58516: -398 -121 -683 396
58517: -398 -121 -684 405
58519: -398 -122 -686 342
58543: -398 -124 -710 396
58547: -398 -125 -714 351
58548: -398 -125 -715 360
58551: -398 -125 -718 387
58567: -399 -199 -653 369
58568: -399 -199 -654 378
58572: -399 -200 -658 333
58579: -399 -200 -665 396
58590: -399 -202 -676 333
58601: -399 -203 -687 351
58610: -399 -204 -696 351
58615: -399 -204 -701 396
58622: -399 -205 -708 378
58624: -399 -205 -710 396
58629: -399 -206 -715 360
58632: -399 -206 -718 387
58646: -400 -280 -651 351
58648: -400 -280 -653 369
58660: -400 -281 -665 396
58678: -400 -283 -683 396
58680: -400 -284 -685 333
58705: -400 -286 -710 396
58708: -400 -287 -713 342
58713: -400 -287 -718 387
58719: -400 -288 -724 360
58726: -401 -361 -650 342
58729: -401 -361 -653 369
58736: -401 -362 -660 351
58741: -401 -362 -665 396
58743: -401 -363 -667 333
58745: -401 -363 -669 351
58746: -401 -363 -670 360
58748: -401 -363 -672 378
58750: -401 -363 -674 396
58759: -401 -364 -683 396
58768: -401 -365 -692 396
58770: -401 -366 -694 333
58775: -401 -366 -699 378
58782: -401 -367 -706 360
58784: -401 -367 -708 378
58786: -401 -367 -710 396
58787: -401 -367 -711 405
58791: -401 -368 -715 360
58807: -402 -442 -650 342
58810: -402 -442 -653 369
58811: -402 -442 -654 378
58822: -402 -443 -665 396
58828: -402 -444 -671 369
58830: -402 -444 -673 387
58831: -402 -444 -674 396
58840: -402 -445 -683 396
58847: -402 -446 -690 378
58849: -402 -446 -692 396
58858: -402 -447 -701 396
58860: -402 -448 -703 333
58870: -402 -449 -713 342
58872: -402 -449 -715 360
58874: -402 -449 -717 378
58879: -402 -450 -722 342
58881: -402 -450 -724 360
58888: -403 -523 -650 342
58889: -403 -523 -651 351
58890: -403 -523 -652 360
58893: -403 -523 -655 387
58912: -403 -525 -674 396
58952: -403 -530 -714 351
58953: -403 -530 -715 360
58970: -404 -604 -651 351
58971: -404 -604 -652 360
58973: -404 -604 -654 378
58985: -404 -605 -666 405
58986: -404 -606 -667 333
58995: -404 -607 -676 333
58996: -404 -607 -677 342
59030: -404 -610 -711 405
59032: -404 -611 -713 342
59040: -404 -612 -721 333
59048: -404 -612 -729 405
59058: -405 -686 -658 333
59062: -405 -686 -662 369
59065: -405 -686 -665 396
59067: -405 -687 -667 333
59068: -405 -687 -668 342
59071: -405 -687 -671 369
59074: -405 -687 -674 396
59076: -405 -688 -676 333
59080: -405 -688 -680 369
59083: -405 -688 -683 396
59089: -405 -689 -689 369
59094: -405 -690 -694 333
59095: -405 -690 -695 342
59096: -405 -690 -696 351
59098: -405 -690 -698 369
59101: -405 -690 -701 396
59103: -405 -691 -703 333
59105: -405 -691 -705 351
59106: -405 -691 -706 360
59107: -405 -691 -707 369
59108: -405 -691 -708 378
59110: -405 -691 -710 396
59184: -478 -52 -703 414
59185: -478 -52 -704 423
59186: -478 -52 -705 432
59187: -478 -52 -706 441
59188: -478 -52 -707 450
59189: -478 -52 -708 459
59190: -478 -52 -709 468
59191: -478 -52 -710 477
59192: -478 -52 -711 486
59212: -479 -127 -650 423
59213: -479 -127 -651 432
59216: -479 -127 -654 459
59217: -479 -127 -655 468
59229: -479 -129 -667 414
59230: -479 -129 -668 423
59231: -479 -129 -669 432
59236: -479 -129 -674 477
59238: -479 -130 -676 414
59239: -479 -130 -677 423
59240: -479 -130 -678 432
59245: -479 -130 -683 477
59248: -479 -131 -686 423
59252: -479 -131 -690 459
59254: -479 -131 -692 477
59267: -479 -133 -705 432
59272: -479 -133 -710 477
59273: -479 -133 -711 486
59275: -479 -134 -713 423
59277: -479 -134 -715 441
59278: -479 -134 -716 450
59280: -479 -134 -718 468
59284: -479 -135 -722 423
59293: -480 -208 -650 423
59294: -480 -208 -651 432
59295: -480 -208 -652 441
59296: -480 -208 -653 450
59297: -480 -208 -654 459
59298: -480 -208 -655 468
59308: -480 -209 -665 477
59317: -480 -210 -674 477
59319: -480 -211 -676 414
59331: -480 -212 -688 441
59335: -480 -212 -692 477
59339: -480 -213 -696 432
59353: -480 -214 -710 477
59356: -480 -215 -713 423
59357: -480 -215 -714 432
59358: -480 -215 -715 441
59359: -480 -215 -716 450
59361: -480 -215 -718 468
59374: -481 -289 -650 423
59378: -481 -289 -654 459
59389: -481 -290 -665 477
59391: -481 -291 -667 414
59401: -481 -292 -677 423
59405: -481 -292 -681 459
59409: -481 -293 -685 414
59421: -481 -294 -697 441
59437: -481 -296 -713 423
59438: -481 -296 -714 432
59440: -481 -296 -716 450
59442: -481 -296 -718 468
59455: -482 -370 -650 423
59458: -482 -370 -653 450
59459: -482 -370 -654 459
59463: -482 -371 -658 414
59465: -482 -371 -660 432
59470: -482 -371 -665 477
59471: -482 -371 -666 486
59472: -482 -372 -667 414
59473: -482 -372 -668 423
59479: -482 -372 -674 477
59481: -482 -373 -676 414
59482: -482 -373 -677 423
59483: -482 -373 -678 432
59486: -482 -373 -681 459
59488: -482 -373 -683 477
59489: -482 -373 -684 486
59497: -482 -374 -692 477
59499: -482 -375 -694 414
59516: -482 -376 -711 486
59521: -482 -377 -716 450
59527: -482 -378 -722 423
59530: -482 -378 -725 450
59540: -483 -451 -654 459
59544: -483 -452 -658 414
59548: -483 -452 -662 450
59551: -483 -452 -665 477
59553: -483 -453 -667 414
59554: -483 -453 -668 423
59557: -483 -453 -671 450
59558: -483 -453 -672 459
59560: -483 -453 -674 477
59561: -483 -453 -675 486
59562: -483 -454 -676 414
59563: -483 -454 -677 423
59565: -483 -454 -679 441
59566: -483 -454 -680 450
59568: -483 -454 -682 468
59569: -483 -454 -683 477
59570: -483 -454 -684 486
59589: -483 -457 -703 414
59596: -483 -457 -710 477
59620: -484 -532 -653 450
59631: -484 -533 -664 468
59632: -484 -533 -665 477
59634: -484 -534 -667 414
59651: -484 -535 -684 486
59659: -484 -536 -692 477
59670: -484 -538 -703 414
59680: -484 -539 -713 423
59682: -484 -539 -715 441
59689: -484 -540 -722 423
59698: -485 -613 -650 423
59699: -485 -613 -651 432
59700: -485 -613 -652 441
59701: -485 -613 -653 450
59703: -485 -613 -655 468
59708: -485 -614 -660 432
59711: -485 -614 -663 459
59713: -485 -614 -665 477
59715: -485 -615 -667 414
59720: -485 -615 -672 459
59722: -485 -615 -674 477
59723: -485 -615 -675 486
59724: -485 -616 -676 414
59729: -485 -616 -681 459
59731: -485 -616 -683 477
59732: -485 -616 -684 486
59733: -485 -617 -685 414
59734: -485 -617 -686 423
59738: -485 -617 -690 459
59740: -485 -617 -692 477
59741: -485 -617 -693 486
59742: -485 -618 -694 414
59761: -485 -620 -713 423
59762: -485 -620 -714 432
59763: -485 -620 -715 441
59764: -485 -620 -716 450
59769: -485 -621 -721 414
59779: -486 -694 -650 423
59792: -486 -695 -663 459
59796: -486 -696 -667 414
59797: -486 -696 -668 423
59801: -486 -696 -672 459
59803: -486 -696 -674 477
59806: -486 -697 -677 423
59810: -486 -697 -681 459
59812: -486 -697 -683 477
59814: -486 -698 -685 414
59819: -486 -698 -690 459
59821: -486 -698 -692 477
59828: -486 -699 -699 459
59837: -486 -700 -708 459
59860: -559 -55 -650 504
59861: -559 -55 -651 513
59862: -559 -55 -652 522
59863: -559 -55 -653 531
59864: -559 -55 -654 540
59865: -559 -55 -655 549
59941: -560 -136 -650 504
59942: -560 -136 -651 513
59943: -560 -136 -652 522
59944: -560 -136 -653 531
59945: -560 -136 -654 540
59946: -560 -136 -655 549
59958: -560 -138 -667 495
59974: -560 -139 -683 558
59976: -560 -140 -685 495
59980: -560 -140 -689 531
59983: -560 -140 -692 558
59995: -560 -142 -704 504
60001: -560 -142 -710 558
60002: -560 -142 -711 567
60006: -560 -143 -715 522
60007: -560 -143 -716 531
60008: -560 -143 -717 540
60013: -560 -144 -722 504
60014: -560 -144 -723 513
60017: -560 -144 -726 540
60022: -561 -217 -650 504
60023: -561 -217 -651 513
60024: -561 -217 -652 522
60025: -561 -217 -653 531
60026: -561 -217 -654 540
60027: -561 -217 -655 549
60034: -561 -218 -662 531
60037: -561 -218 -665 558
60040: -561 -219 -668 504
60043: -561 -219 -671 531
60046: -561 -219 -674 558
60047: -561 -219 -675 567
60048: -561 -220 -676 495
60054: -561 -220 -682 549
60059: -561 -221 -687 513
60060: -561 -221 -688 522
60063: -561 -221 -691 549
60064: -561 -221 -692 558
60066: -561 -222 -694 495
60073: -561 -222 -701 558
60082: -561 -223 -710 558
60085: -561 -224 -713 504
60086: -561 -224 -714 513
60087: -561 -224 -715 522
60088: -561 -224 -716 531
60089: -561 -224 -717 540
60103: -562 -298 -650 504
60107: -562 -298 -654 540
60115: -562 -299 -662 531
60120: -562 -300 -667 495
60121: -562 -300 -668 504
60124: -562 -300 -671 531
60126: -562 -300 -673 549
60127: -562 -300 -674 558
60131: -562 -301 -678 513
60138: -562 -302 -685 495
60141: -562 -302 -688 522
60145: -562 -302 -692 558
60151: -562 -303 -698 531
60154: -562 -303 -701 558
60155: -562 -303 -702 567
60157: -562 -304 -704 504
60166: -562 -305 -713 504
60167: -562 -305 -714 513
60168: -562 -305 -715 522
60169: -562 -305 -716 531
60170: -562 -305 -717 540
60178: -562 -306 -725 531
60180: -562 -306 -727 549
60189: -563 -379 -655 549
60201: -563 -381 -667 495
60203: -563 -381 -669 513
60208: -563 -381 -674 558
60210: -563 -382 -676 495
60214: -563 -382 -680 531
60215: -563 -382 -681 540
60217: -563 -382 -683 558
60218: -563 -382 -684 567
60228: -563 -384 -694 495
60247: -563 -386 -713 504
60248: -563 -386 -714 513
60249: -563 -386 -715 522
60250: -563 -386 -716 531
60251: -563 -386 -717 540
60253: -563 -386 -719 558
60254: -563 -386 -720 567
60363: -565 -543 -667 495
60377: -565 -544 -681 540
60379: -565 -544 -683 558
60407: -565 -547 -711 567
60410: -565 -548 -714 513
60411: -565 -548 -715 522
60412: -565 -548 -716 531
60413: -565 -548 -717 540
60427: -566 -622 -650 504
60428: -566 -622 -651 513
60429: -566 -622 -652 522
60430: -566 -622 -653 531
60431: -566 -622 -654 540
60456: -566 -625 -679 522
60468: -566 -626 -691 549
60494: -566 -629 -717 540
60498: -566 -630 -721 495
60499: -566 -630 -722 504
60500: -566 -630 -723 513
60506: -566 -630 -729 567
60516: -567 -704 -658 495
60518: -567 -704 -660 513
60521: -567 -704 -663 540
60522: -567 -704 -664 549
60525: -567 -705 -667 495
60529: -567 -705 -671 531
60531: -567 -705 -673 549
60532: -567 -705 -674 558
60535: -567 -706 -677 504
60540: -567 -706 -682 549
60541: -567 -706 -683 558
60543: -567 -707 -685 495
60545: -567 -707 -687 513
60549: -567 -707 -691 549
60550: -567 -707 -692 558
60552: -567 -708 -694 495
60558: -567 -708 -700 549
60559: -567 -708 -701 558
60567: -567 -709 -709 549
60571: -567 -710 -713 504
60662: -640 -72 -723 594
60665: -640 -72 -726 621
60694: -641 -147 -674 639
60706: -641 -149 -686 585
60712: -641 -149 -692 639
60730: -641 -151 -710 639
60735: -641 -152 -715 603
60736: -641 -152 -716 612
60759: -642 -227 -658 576
60766: -642 -227 -665 639
60773: -642 -228 -672 621
60784: -642 -229 -683 639
60814: -642 -233 -713 585
60816: -642 -233 -715 603
60817: -642 -233 -716 612
60847: -643 -308 -665 639
60849: -643 -309 -667 576
60851: -643 -309 -669 594
60853: -643 -309 -671 612
60854: -643 -309 -672 621
60856: -643 -309 -674 639
60883: -643 -312 -701 639
60886: -643 -313 -704 585
60892: -643 -313 -710 639
60895: -643 -314 -713 585
60896: -643 -314 -714 594
60898: -643 -314 -716 612
60899: -643 -314 -717 621
60900: -643 -314 -718 630
60928: -644 -389 -665 639
60930: -644 -390 -667 576
60939: -644 -391 -676 576
60946: -644 -391 -683 639
60973: -644 -394 -710 639
60976: -644 -395 -713 585
60977: -644 -395 -714 594
60978: -644 -395 -715 603
60980: -644 -395 -717 621
60981: -644 -395 -718 630
61009: -645 -470 -665 639
61015: -645 -471 -671 612
61018: -645 -471 -674 639
61020: -645 -472 -676 576
61027: -645 -472 -683 639
61090: -646 -551 -665 639
61099: -646 -552 -674 639
61108: -646 -553 -683 639
61117: -646 -554 -692 639
61139: -646 -557 -714 594
61140: -646 -557 -715 603
61142: -646 -557 -717 621
61382: -721 -80 -714 675
61383: -721 -80 -715 684
61384: -721 -80 -716 693
61385: -721 -80 -717 702
61386: -721 -80 -718 711
61388: -721 -80 -720 729
61400: -722 -154 -651 675
61402: -722 -154 -653 693
61414: -722 -155 -665 720
61416: -722 -156 -667 657
61423: -722 -156 -674 720
61425: -722 -157 -676 657
61430: -722 -157 -681 702
61431: -722 -157 -682 711
61432: -722 -157 -683 720
61433: -722 -157 -684 729
61434: -722 -158 -685 657
61436: -722 -158 -687 675
61438: -722 -158 -689 693
61439: -722 -158 -690 702
61440: -722 -158 -691 711
61441: -722 -158 -692 720
61442: -722 -158 -693 729
61452: -722 -160 -703 657
61454: -722 -160 -705 675
61455: -722 -160 -706 684
61456: -722 -160 -707 693
61457: -722 -160 -708 702
61458: -722 -160 -709 711
61460: -722 -160 -711 729
61463: -722 -161 -714 675
61464: -722 -161 -715 684
61465: -722 -161 -716 693
61482: -723 -235 -652 684
61483: -723 -235 -653 693
61484: -723 -235 -654 702
61485: -723 -235 -655 711
61489: -723 -236 -659 666
61492: -723 -236 -662 693
61493: -723 -236 -663 702
61495: -723 -236 -665 720
61496: -723 -236 -666 729
61498: -723 -237 -668 666
61506: -723 -238 -676 657
61513: -723 -238 -683 720
61514: -723 -238 -684 729
61522: -723 -239 -692 720
61523: -723 -239 -693 729
61528: -723 -240 -698 693
61529: -723 -240 -699 702
61532: -723 -240 -702 729
61541: -723 -241 -711 729
61545: -723 -242 -715 684
61546: -723 -242 -716 693
61547: -723 -242 -717 702
61548: -723 -242 -718 711
61561: -724 -316 -650 666
61562: -724 -316 -651 675
61564: -724 -316 -653 693
61565: -724 -316 -654 702
61574: -724 -317 -663 702
61578: -724 -318 -667 657
61585: -724 -318 -674 720
61603: -724 -320 -692 720
61604: -724 -320 -693 729
61621: -724 -322 -710 720
61622: -724 -322 -711 729
61624: -724 -323 -713 666
61625: -724 -323 -714 675
61627: -724 -323 -716 693
61628: -724 -323 -717 702
61629: -724 -323 -718 711
61643: -725 -397 -651 675
61644: -725 -397 -652 684
61646: -725 -397 -654 702
61658: -725 -398 -666 729
61659: -725 -399 -667 657
61666: -725 -399 -674 720
61669: -725 -400 -677 666
61675: -725 -400 -683 720
61677: -725 -401 -685 657
61686: -725 -402 -694 657
61689: -725 -402 -697 684
61702: -725 -403 -710 720
61703: -725 -403 -711 729
61705: -725 -404 -713 666
61706: -725 -404 -714 675
61707: -725 -404 -715 684
61724: -726 -478 -651 675
61725: -726 -478 -652 684
61726: -726 -478 -653 693
61733: -726 -479 -660 675
61738: -726 -479 -665 720
61740: -726 -480 -667 657
61747: -726 -480 -674 720
61748: -726 -480 -675 729
61749: -726 -481 -676 657
61757: -726 -481 -684 729
61758: -726 -482 -685 657
61759: -726 -482 -686 666
61760: -726 -482 -687 675
61762: -726 -482 -689 693
61765: -726 -482 -692 720
61766: -726 -482 -693 729
61774: -726 -483 -701 720
61776: -726 -484 -703 657
61783: -726 -484 -710 720
61784: -726 -484 -711 729
61787: -726 -485 -714 675
61788: -726 -485 -715 684
61789: -726 -485 -716 693
61805: -727 -559 -651 675
61806: -727 -559 -652 684
61807: -727 -559 -653 693
61808: -727 -559 -654 702
61812: -727 -560 -658 657
61814: -727 -560 -660 675
61820: -727 -560 -666 729
61826: -727 -561 -672 702
61829: -727 -561 -675 729
61830: -727 -562 -676 657
61837: -727 -562 -683 720
61844: -727 -563 -690 702
61846: -727 -563 -692 720
61847: -727 -563 -693 729
61867: -727 -566 -713 666
61869: -727 -566 -715 684
61870: -727 -566 -716 693
61871: -727 -566 -717 702
61967: -729 -721 -651 675
61974: -729 -722 -658 657
61981: -729 -722 -665 720
61992: -729 -724 -676 657
62008: -729 -725 -692 720
62010: -729 -726 -694 657
62017: -729 -726 -701 720
62039: -729 -729 -723 675
62041: -729 -729 -725 693
62547: -55 -2 -88 61
62548: -55 -2 -89 70
62549: -55 -2 -90 79
62984: -100 -87 -417 21
62985: -100 -87 -418 30
62986: -100 -87 -419 39
62987: -100 -87 -420 48
62989: -100 -87 -422 66
62990: -100 -87 -423 75
63064: -109 -87 -416 13
63066: -109 -87 -418 31
63067: -109 -87 -419 40
63068: -109 -87 -420 49
63070: -109 -87 -422 67
63071: -109 -87 -423 76
63145: -118 -87 -416 14
63146: -118 -87 -417 23
63148: -118 -87 -419 41
63149: -118 -87 -420 50
63151: -118 -87 -422 68
63152: -118 -87 -423 77
63226: -127 -87 -416 15
63227: -127 -87 -417 24
63228: -127 -87 -418 33
63230: -127 -87 -420 51
63232: -127 -87 -422 69
63233: -127 -87 -423 78
63307: -136 -87 -416 16
63308: -136 -87 -417 25
63309: -136 -87 -418 34
63310: -136 -87 -419 43
63313: -136 -87 -422 70
63314: -136 -87 -423 79
63388: -145 -87 -416 17
63389: -145 -87 -417 26
63390: -145 -87 -418 35
63391: -145 -87 -419 44
63392: -145 -87 -420 53
63394: -145 -87 -422 71
63469: -154 -87 -416 18
63470: -154 -87 -417 27
63471: -154 -87 -418 36
63472: -154 -87 -419 45
63473: -154 -87 -420 54
63476: -154 -87 -423 81
63606: -172 -165 -184 29
63607: -172 -165 -185 38
63610: -172 -165 -188 65
63611: -172 -165 -189 74
63622: -172 -167 -344 11
63623: -172 -167 -345 20
63624: -172 -167 -346 29
63628: -172 -167 -350 65
63629: -172 -167 -351 74
63631: -172 -168 -425 11
63640: -172 -169 -506 11
63641: -172 -169 -507 20
63642: -172 -169 -508 29
63643: -172 -169 -509 38
63646: -172 -169 -512 65
63647: -172 -169 -513 74
63649: -172 -170 -587 11
63650: -172 -170 -588 20
63651: -172 -170 -589 29
63652: -172 -170 -590 38
63653: -172 -170 -591 47
63655: -172 -170 -593 65
63656: -172 -170 -594 74
63658: -172 -171 -668 11
63659: -172 -171 -669 20
63660: -172 -171 -670 29
63661: -172 -171 -671 38
63664: -172 -171 -674 65
63665: -172 -171 -675 74
63697: -181 -166 -266 39
63698: -181 -166 -267 48
63704: -181 -167 -345 21
63705: -181 -167 -346 30
63706: -181 -167 -347 39
63707: -181 -167 -348 48
63709: -181 -167 -350 66
63710: -181 -167 -351 75
63723: -181 -169 -508 30
63724: -181 -169 -509 39
63727: -181 -169 -512 66
63728: -181 -169 -513 75
63731: -181 -170 -588 21
63732: -181 -170 -589 30
63733: -181 -170 -590 39
63734: -181 -170 -591 48
63737: -181 -170 -594 75
63741: -181 -171 -670 30
63742: -181 -171 -671 39
63743: -181 -171 -672 48
63745: -181 -171 -674 66
63768: -190 -165 -184 31
63769: -190 -165 -185 40
63773: -190 -165 -189 76
63784: -190 -167 -344 13
63790: -190 -167 -350 67
63792: -190 -168 -424 4
63802: -190 -169 -506 13
63804: -190 -169 -508 31
63805: -190 -169 -509 40
63808: -190 -169 -512 67
63809: -190 -169 -513 76
63811: -190 -170 -587 13
63813: -190 -170 -589 31
63814: -190 -170 -590 40
63815: -190 -170 -591 49
63818: -190 -170 -594 76
63820: -190 -171 -668 13
63822: -190 -171 -670 31
63823: -190 -171 -671 40
63824: -190 -171 -672 49
63826: -190 -171 -674 67
63850: -199 -165 -185 41
63851: -199 -165 -186 50
63852: -199 -165 -187 59
63853: -199 -165 -188 68
63854: -199 -165 -189 77
63857: -199 -166 -264 23
63866: -199 -167 -345 23
63871: -199 -167 -350 68
63884: -199 -169 -507 23
63886: -199 -169 -509 41
63889: -199 -169 -512 68
63890: -199 -169 -513 77
63891: -199 -170 -586 5
63892: -199 -170 -587 14
63893: -199 -170 -588 23
63895: -199 -170 -590 41
63896: -199 -170 -591 50
63899: -199 -170 -594 77
63900: -199 -171 -667 5
63901: -199 -171 -668 14
63902: -199 -171 -669 23
63904: -199 -171 -671 41
63905: -199 -171 -672 50
63907: -199 -171 -674 68
63908: -199 -171 -675 77
63930: -208 -165 -184 33
63934: -208 -165 -188 69
63935: -208 -165 -189 78
63937: -208 -166 -263 15
63941: -208 -166 -267 51
63943: -208 -166 -269 69
63944: -208 -166 -270 78
63947: -208 -167 -345 24
63948: -208 -167 -346 33
63952: -208 -167 -350 69
63953: -208 -167 -351 78
63963: -208 -169 -505 6
63964: -208 -169 -506 15
63965: -208 -169 -507 24
63966: -208 -169 -508 33
63970: -208 -169 -512 69
63971: -208 -169 -513 78
63973: -208 -170 -587 15
63974: -208 -170 -588 24
63975: -208 -170 -589 33
63977: -208 -170 -591 51
63979: -208 -170 -593 69
63980: -208 -170 -594 78
63981: -208 -171 -667 6
63982: -208 -171 -668 15
63983: -208 -171 -669 24
63984: -208 -171 -670 33
63986: -208 -171 -672 51
63988: -208 -171 -674 69
63989: -208 -171 -675 78
64011: -217 -165 -184 34
64012: -217 -165 -185 43
64016: -217 -165 -189 79
64017: -217 -166 -262 7
64026: -217 -167 -343 7
64027: -217 -167 -344 16
64028: -217 -167 -345 25
64029: -217 -167 -346 34
64033: -217 -167 -350 70
64034: -217 -167 -351 79
64035: -217 -168 -424 7
64045: -217 -169 -506 16
64051: -217 -169 -512 70
64052: -217 -169 -513 79
64054: -217 -170 -587 16
64055: -217 -170 -588 25
64056: -217 -170 -589 34
64057: -217 -170 -590 43
64061: -217 -170 -594 79
64062: -217 -171 -667 7
64063: -217 -171 -668 16
64064: -217 -171 -669 25
64065: -217 -171 -670 34
64066: -217 -171 -671 43
64069: -217 -171 -674 70
64070: -217 -171 -675 79
64092: -226 -165 -184 35
64093: -226 -165 -185 44
64094: -226 -165 -186 53
64098: -226 -166 -262 8
64099: -226 -166 -263 17
64100: -226 -166 -264 26
64101: -226 -166 -265 35
64102: -226 -166 -266 44
64103: -226 -166 -267 53
64105: -226 -166 -269 71
64107: -226 -167 -343 8
64108: -226 -167 -344 17
64109: -226 -167 -345 26
64110: -226 -167 -346 35
64111: -226 -167 -347 44
64112: -226 -167 -348 53
64114: -226 -167 -350 71
64116: -226 -168 -424 8
64120: -226 -168 -428 44
64125: -226 -169 -505 8
64126: -226 -169 -506 17
64127: -226 -169 -507 26
64128: -226 -169 -508 35
64129: -226 -169 -509 44
64132: -226 -169 -512 71
64134: -226 -170 -586 8
64135: -226 -170 -587 17
64136: -226 -170 -588 26
64137: -226 -170 -589 35
64138: -226 -170 -590 44
64139: -226 -170 -591 53
64141: -226 -170 -593 71
64144: -226 -171 -668 17
64145: -226 -171 -669 26
64146: -226 -171 -670 35
64147: -226 -171 -671 44
64148: -226 -171 -672 53
64150: -226 -171 -674 71
64173: -235 -165 -184 36
64174: -235 -165 -185 45
64175: -235 -165 -186 54
64176: -235 -165 -187 63
64179: -235 -166 -262 9
64180: -235 -166 -263 18
64181: -235 -166 -264 27
64182: -235 -166 -265 36
64183: -235 -166 -266 45
64184: -235 -166 -267 54
64187: -235 -166 -270 81
64188: -235 -167 -343 9
64189: -235 -167 -344 18
64190: -235 -167 -345 27
64191: -235 -167 -346 36
64192: -235 -167 -347 45
64193: -235 -167 -348 54
64196: -235 -167 -351 81
64197: -235 -168 -424 9
64206: -235 -169 -505 9
64207: -235 -169 -506 18
64208: -235 -169 -507 27
64209: -235 -169 -508 36
64210: -235 -169 -509 45
64214: -235 -169 -513 81
64215: -235 -170 -586 9
64216: -235 -170 -587 18
64217: -235 -170 -588 27
64218: -235 -170 -589 36
64219: -235 -170 -590 45
64220: -235 -170 -591 54
64223: -235 -170 -594 81
64224: -235 -171 -667 9
64225: -235 -171 -668 18
64226: -235 -171 -669 27
64227: -235 -171 -670 36
64228: -235 -171 -671 45
64229: -235 -171 -672 54
64232: -235 -171 -675 81
64324: -253 -245 -110 11
64325: -253 -245 -111 20
64330: -253 -245 -116 65
64342: -253 -247 -272 11
64344: -253 -247 -274 29
64345: -253 -247 -275 38
64346: -253 -247 -276 47
64348: -253 -247 -278 65
64349: -253 -247 -279 74
64353: -253 -248 -355 29
64354: -253 -248 -356 38
64360: -253 -249 -434 11
64367: -253 -249 -441 74
64370: -253 -250 -516 20
64371: -253 -250 -517 29
64372: -253 -250 -518 38
64375: -253 -250 -521 65
64376: -253 -250 -522 74
64379: -253 -251 -597 20
64380: -253 -251 -598 29
64381: -253 -251 -599 38
64382: -253 -251 -600 47
64384: -253 -251 -602 65
64385: -253 -251 -603 74
64387: -253 -252 -677 11
64388: -253 -252 -678 20
64390: -253 -252 -680 38
64391: -253 -252 -681 47
64393: -253 -252 -683 65
64394: -253 -252 -684 74
64448: -262 -249 -441 75
64456: -262 -250 -521 66
64457: -262 -250 -522 75
64458: -262 -251 -595 3
64465: -262 -251 -602 66
64529: -271 -249 -441 76
64539: -271 -251 -595 4
64540: -271 -251 -596 13
64542: -271 -251 -598 31
64543: -271 -251 -599 40
64544: -271 -251 -600 49
64546: -271 -251 -602 67
64547: -271 -251 -603 76
64548: -271 -252 -676 4
64549: -271 -252 -677 13
64555: -271 -252 -683 67
64556: -271 -252 -684 76
64585: -280 -247 -272 14
64589: -280 -247 -276 50
64591: -280 -247 -278 68
64592: -280 -247 -279 77
64597: -280 -248 -356 41
64598: -280 -248 -357 50
64601: -280 -248 -360 77
64604: -280 -249 -435 23
64612: -280 -250 -515 14
64615: -280 -250 -518 41
64618: -280 -250 -521 68
64619: -280 -250 -522 77
64627: -280 -251 -602 68
64628: -280 -251 -603 77
64630: -280 -252 -677 14
64636: -280 -252 -683 68
64699: -289 -250 -521 69
64706: -289 -251 -600 51
64708: -289 -251 -602 69
64717: -289 -252 -683 69
64729: -298 -245 -110 16
64732: -298 -245 -113 43
64759: -298 -248 -356 43
64772: -298 -249 -441 79
64780: -298 -250 -521 70
64781: -298 -250 -522 79
64789: -298 -251 -602 70
64809: -307 -245 -109 8
64810: -307 -245 -110 17
64811: -307 -245 -111 26
64812: -307 -245 -112 35
64813: -307 -245 -113 44
64815: -307 -245 -115 62
64816: -307 -245 -116 71
64828: -307 -247 -272 17
64829: -307 -247 -273 26
64830: -307 -247 -274 35
64831: -307 -247 -275 44
64832: -307 -247 -276 53
64833: -307 -247 -277 62
64836: -307 -248 -352 8
64837: -307 -248 -353 17
64838: -307 -248 -354 26
64839: -307 -248 -355 35
64840: -307 -248 -356 44
64841: -307 -248 -357 53
64842: -307 -248 -358 62
64843: -307 -248 -359 71
64845: -307 -249 -433 8
64846: -307 -249 -434 17
64847: -307 -249 -435 26
64848: -307 -249 -436 35
64849: -307 -249 -437 44
64850: -307 -249 -438 53
64852: -307 -249 -440 71
64854: -307 -250 -514 8
64855: -307 -250 -515 17
64856: -307 -250 -516 26
64857: -307 -250 -517 35
64858: -307 -250 -518 44
64861: -307 -250 -521 71
64863: -307 -251 -595 8
64864: -307 -251 -596 17
64865: -307 -251 -597 26
64867: -307 -251 -599 44
64868: -307 -251 -600 53
64869: -307 -251 -601 62
64870: -307 -251 -602 71
64872: -307 -252 -676 8
64873: -307 -252 -677 17
64874: -307 -252 -678 26
64875: -307 -252 -679 35
64876: -307 -252 -680 44
64877: -307 -252 -681 53
64879: -307 -252 -683 71
64890: -316 -245 -109 9
64891: -316 -245 -110 18
64892: -316 -245 -111 27
64893: -316 -245 -112 36
64894: -316 -245 -113 45
64896: -316 -245 -115 63
64917: -316 -248 -352 9
64918: -316 -248 -353 18
64919: -316 -248 -354 27
64920: -316 -248 -355 36
64921: -316 -248 -356 45
64922: -316 -248 -357 54
64923: -316 -248 -358 63
64925: -316 -248 -360 81
64926: -316 -249 -433 9
64927: -316 -249 -434 18
64928: -316 -249 -435 27
64929: -316 -249 -436 36
64930: -316 -249 -437 45
64931: -316 -249 -438 54
64934: -316 -249 -441 81
64935: -316 -250 -514 9
64936: -316 -250 -515 18
64937: -316 -250 -516 27
64938: -316 -250 -517 36
64939: -316 -250 -518 45
64944: -316 -251 -595 9
64945: -316 -251 -596 18
64946: -316 -251 -597 27
64947: -316 -251 -598 36
64948: -316 -251 -599 45
64949: -316 -251 -600 54
64952: -316 -251 -603 81
64953: -316 -252 -676 9
64954: -316 -252 -677 18
64955: -316 -252 -678 27
64956: -316 -252 -679 36
64957: -316 -252 -680 45
64958: -316 -252 -681 54
64961: -316 -252 -684 81
64967: -325 -325 -42 46
65064: -334 -327 -202 29
65065: -334 -327 -203 38
65066: -334 -327 -204 47
65067: -334 -327 -205 56
65071: -334 -328 -281 11
65073: -334 -328 -283 29
65074: -334 -328 -284 38
65075: -334 -328 -285 47
65077: -334 -328 -287 65
65078: -334 -328 -288 74
65084: -334 -329 -366 47
65087: -334 -329 -369 74
65089: -334 -330 -443 11
65090: -334 -330 -444 20
65091: -334 -330 -445 29
65093: -334 -330 -447 47
65096: -334 -330 -450 74
65100: -334 -331 -526 29
65101: -334 -331 -527 38
65104: -334 -331 -530 65
65109: -334 -332 -607 29
65113: -334 -332 -611 65
65116: -334 -333 -686 11
65120: -334 -333 -690 47
65122: -334 -333 -692 65
65136: -343 -326 -121 30
65137: -343 -326 -122 39
65142: -343 -327 -199 3
65149: -343 -327 -206 66
65151: -343 -328 -280 3
65153: -343 -328 -282 21
65154: -343 -328 -283 30
65155: -343 -328 -284 39
65156: -343 -328 -285 48
65158: -343 -328 -287 66
65159: -343 -328 -288 75
65169: -343 -330 -442 3
65171: -343 -330 -444 21
65172: -343 -330 -445 30
65173: -343 -330 -446 39
65174: -343 -330 -447 48
65184: -343 -331 -529 57
65185: -343 -331 -530 66
65186: -343 -331 -531 75
65189: -343 -332 -606 21
65195: -343 -332 -612 75
65196: -343 -333 -685 3
65198: -343 -333 -687 21
65201: -343 -333 -690 48
65203: -343 -333 -692 66
65217: -352 -326 -121 31
65218: -352 -326 -122 40
65223: -352 -327 -199 4
65227: -352 -327 -203 40
65232: -352 -328 -280 4
65239: -352 -328 -287 67
65240: -352 -328 -288 76
65247: -352 -329 -367 58
65248: -352 -329 -368 67
65250: -352 -330 -442 4
65253: -352 -330 -445 31
65254: -352 -330 -446 40
65255: -352 -330 -447 49
65257: -352 -330 -449 67
65258: -352 -330 -450 76
65263: -352 -331 -527 40
65266: -352 -331 -530 67
65267: -352 -331 -531 76
65276: -352 -332 -612 76
65277: -352 -333 -685 4
65278: -352 -333 -686 13
65282: -352 -333 -690 49
65285: -352 -333 -693 76
65297: -361 -326 -120 23
65306: -361 -327 -201 23
65309: -361 -327 -204 50
65313: -361 -328 -280 5
65320: -361 -328 -287 68
65321: -361 -328 -288 77
65331: -361 -330 -442 5
65332: -361 -330 -443 14
65336: -361 -330 -447 50
65339: -361 -330 -450 77
65341: -361 -331 -524 14
65342: -361 -331 -525 23
65346: -361 -331 -529 59
65347: -361 -331 -530 68
65348: -361 -331 -531 77
65349: -361 -332 -604 5
65351: -361 -332 -606 23
65357: -361 -332 -612 77
65359: -361 -333 -686 14
65360: -361 -333 -687 23
65365: -361 -333 -692 68
65378: -370 -326 -120 24
65379: -370 -326 -121 33
65385: -370 -327 -199 6
65387: -370 -327 -201 24
65392: -370 -327 -206 69
65393: -370 -327 -207 78
65405: -370 -329 -363 24
65410: -370 -329 -368 69
65412: -370 -330 -442 6
65413: -370 -330 -443 15
65414: -370 -330 -444 24
65417: -370 -330 -447 51
65419: -370 -330 -449 69
65428: -370 -331 -530 69
65429: -370 -331 -531 78
65430: -370 -332 -604 6
65432: -370 -332 -606 24
65437: -370 -332 -611 69
65438: -370 -332 -612 78
65441: -370 -333 -687 24
65442: -370 -333 -688 33
65445: -370 -333 -691 60
65446: -370 -333 -692 69
65447: -370 -333 -693 78
65458: -379 -326 -119 16
65466: -379 -327 -199 7
65477: -379 -328 -282 25
65496: -379 -330 -445 34
65501: -379 -330 -450 79
65512: -379 -332 -605 16
65513: -379 -332 -606 25
65514: -379 -332 -607 34
65515: -379 -332 -608 43
65518: -379 -332 -611 70
65519: -379 -332 -612 79
65527: -379 -333 -692 70
65539: -388 -326 -119 17
65540: -388 -326 -120 26
65541: -388 -326 -121 35
65542: -388 -326 -122 44
65545: -388 -326 -125 71
65547: -388 -327 -199 8
65548: -388 -327 -200 17
65549: -388 -327 -201 26
65550: -388 -327 -202 35
65551: -388 -327 -203 44
65552: -388 -327 -204 53
65554: -388 -327 -206 71
65556: -388 -328 -280 8
65557: -388 -328 -281 17
65558: -388 -328 -282 26
65559: -388 -328 -283 35
65560: -388 -328 -284 44
65561: -388 -328 -285 53
65563: -388 -328 -287 71
65566: -388 -329 -362 17
65567: -388 -329 -363 26
65570: -388 -329 -366 53
65572: -388 -329 -368 71
65574: -388 -330 -442 8
65576: -388 -330 -444 26
65577: -388 -330 -445 35
65579: -388 -330 -447 53
65581: -388 -330 -449 71
65583: -388 -331 -523 8
65584: -388 -331 -524 17
65585: -388 -331 -525 26
65586: -388 -331 -526 35
65587: -388 -331 -527 44
65589: -388 -331 -529 62
65590: -388 -331 -530 71
65592: -388 -332 -604 8
65593: -388 -332 -605 17
65594: -388 -332 -606 26
65596: -388 -332 -608 44
65597: -388 -332 -609 53
65599: -388 -332 -611 71
65601: -388 -333 -685 8
65602: -388 -333 -686 17
65603: -388 -333 -687 26
65604: -388 -333 -688 35
65605: -388 -333 -689 44
65606: -388 -333 -690 53
65608: -388 -333 -692 71
65619: -397 -326 -118 9
65620: -397 -326 -119 18
65621: -397 -326 -120 27
65622: -397 -326 -121 36
65627: -397 -326 -126 81
65628: -397 -327 -199 9
65633: -397 -327 -204 54
65637: -397 -328 -280 9
65638: -397 -328 -281 18
65639: -397 -328 -282 27
65640: -397 -328 -283 36
65641: -397 -328 -284 45
65642: -397 -328 -285 54
65645: -397 -328 -288 81
65647: -397 -329 -362 18
65648: -397 -329 -363 27
65651: -397 -329 -366 54
65654: -397 -329 -369 81
65655: -397 -330 -442 9
65656: -397 -330 -443 18
65657: -397 -330 -444 27
65658: -397 -330 -445 36
65659: -397 -330 -446 45
65660: -397 -330 -447 54
65663: -397 -330 -450 81
65664: -397 -331 -523 9
65665: -397 -331 -524 18
65666: -397 -331 -525 27
65667: -397 -331 -526 36
65668: -397 -331 -527 45
65672: -397 -331 -531 81
65673: -397 -332 -604 9
65674: -397 -332 -605 18
65675: -397 -332 -606 27
65676: -397 -332 -607 36
65677: -397 -332 -608 45
65678: -397 -332 -609 54
65681: -397 -332 -612 81
65682: -397 -333 -685 9
65683: -397 -333 -686 18
65684: -397 -333 -687 27
65687: -397 -333 -690 54
65859: -424 -406 -52 57
65862: -424 -407 -127 3
65865: -424 -407 -130 30
65866: -424 -407 -131 39
65873: -424 -408 -210 21
65880: -424 -409 -289 3
65883: -424 -409 -292 30
65884: -424 -409 -293 39
65885: -424 -409 -294 48
65886: -424 -409 -295 57
65887: -424 -409 -296 66
65888: -424 -409 -297 75
65905: -424 -411 -458 66
65909: -424 -412 -534 21
65910: -424 -412 -535 30
65914: -424 -412 -539 66
65915: -424 -412 -540 75
65918: -424 -413 -615 21
65920: -424 -413 -617 39
65923: -424 -413 -620 66
65927: -424 -414 -696 21
65930: -424 -414 -699 48
65932: -424 -414 -701 66
65933: -424 -414 -702 75
65940: -433 -406 -52 58
65944: -433 -407 -128 13
65946: -433 -407 -130 31
65947: -433 -407 -131 40
65950: -433 -407 -134 67
65951: -433 -407 -135 76
65953: -433 -408 -209 13
65955: -433 -408 -211 31
65957: -433 -408 -213 49
65959: -433 -408 -215 67
65960: -433 -408 -216 76
65962: -433 -409 -290 13
65968: -433 -409 -296 67
65980: -433 -411 -452 13
65982: -433 -411 -454 31
65986: -433 -411 -458 67
65987: -433 -411 -459 76
65994: -433 -412 -538 58
65995: -433 -412 -539 67
65996: -433 -412 -540 76
65998: -433 -413 -614 13
66000: -433 -413 -616 31
66001: -433 -413 -617 40
66002: -433 -413 -618 49
66004: -433 -413 -620 67
66005: -433 -413 -621 76
66007: -433 -414 -695 13
66009: -433 -414 -697 31
66011: -433 -414 -699 49
66013: -433 -414 -701 67
66014: -433 -414 -702 76
66021: -442 -406 -52 59
66025: -442 -407 -128 14
66026: -442 -407 -129 23
66028: -442 -407 -131 41
66032: -442 -407 -135 77
66034: -442 -408 -209 14
66035: -442 -408 -210 23
66037: -442 -408 -212 41
66038: -442 -408 -213 50
66043: -442 -409 -290 14
66044: -442 -409 -291 23
66046: -442 -409 -293 41
66047: -442 -409 -294 50
66049: -442 -409 -296 68
66050: -442 -409 -297 77
66061: -442 -411 -452 14
66062: -442 -411 -453 23
66067: -442 -411 -458 68
66068: -442 -411 -459 77
66076: -442 -412 -539 68
66079: -442 -413 -614 14
66082: -442 -413 -617 41
66083: -442 -413 -618 50
66088: -442 -414 -695 14
66092: -442 -414 -699 50
66094: -442 -414 -701 68
66095: -442 -414 -702 77
66102: -451 -406 -52 60
66106: -451 -407 -128 15
66111: -451 -407 -133 60
66113: -451 -407 -135 78
66115: -451 -408 -209 15
66116: -451 -408 -210 24
66117: -451 -408 -211 33
66121: -451 -408 -215 69
66122: -451 -408 -216 78
66124: -451 -409 -290 15
66125: -451 -409 -291 24
66130: -451 -409 -296 69
66131: -451 -409 -297 78
66141: -451 -411 -451 6
66152: -451 -412 -534 24
66153: -451 -412 -535 33
66158: -451 -412 -540 78
66161: -451 -413 -615 24
66162: -451 -413 -616 33
66165: -451 -413 -619 60
66166: -451 -413 -620 69
66170: -451 -414 -696 24
66171: -451 -414 -697 33
66174: -451 -414 -700 60
66176: -451 -414 -702 78
66183: -460 -406 -52 61
66188: -460 -407 -129 25
66194: -460 -407 -135 79
66196: -460 -408 -209 16
66197: -460 -408 -210 25
66198: -460 -408 -211 34
66199: -460 -408 -212 43
66201: -460 -408 -214 61
66204: -460 -409 -289 7
66205: -460 -409 -290 16
66206: -460 -409 -291 25
66207: -460 -409 -292 34
66208: -460 -409 -293 43
66210: -460 -409 -295 61
66211: -460 -409 -296 70
66212: -460 -409 -297 79
66223: -460 -411 -452 16
66224: -460 -411 -453 25
66225: -460 -411 -454 34
66232: -460 -412 -533 16
66241: -460 -413 -614 16
66243: -460 -413 -616 34
66244: -460 -413 -617 43
66247: -460 -413 -620 70
66248: -460 -413 -621 79
66250: -460 -414 -695 16
66251: -460 -414 -696 25
66252: -460 -414 -697 34
66256: -460 -414 -701 70
66264: -469 -406 -52 62
66268: -469 -407 -128 17
66269: -469 -407 -129 26
66270: -469 -407 -130 35
66274: -469 -407 -134 71
66277: -469 -408 -209 17
66278: -469 -408 -210 26
66279: -469 -408 -211 35
66280: -469 -408 -212 44
66281: -469 -408 -213 53
66282: -469 -408 -214 62
66283: -469 -408 -215 71
66286: -469 -409 -290 17
66287: -469 -409 -291 26
66288: -469 -409 -292 35
66289: -469 -409 -293 44
66290: -469 -409 -294 53
66292: -469 -409 -296 71
66304: -469 -411 -452 17
66314: -469 -412 -534 26
66315: -469 -412 -535 35
66316: -469 -412 -536 44
66325: -469 -413 -617 44
66326: -469 -413 -618 53
66328: -469 -413 -620 71
66332: -469 -414 -696 26
66333: -469 -414 -697 35
66335: -469 -414 -699 53
66337: -469 -414 -701 71
66345: -478 -406 -52 63
66349: -478 -407 -128 18
66351: -478 -407 -130 36
66352: -478 -407 -131 45
66356: -478 -407 -135 81
66358: -478 -408 -209 18
66359: -478 -408 -210 27
66360: -478 -408 -211 36
66361: -478 -408 -212 45
66362: -478 -408 -213 54
66365: -478 -408 -216 81
66367: -478 -409 -290 18
66368: -478 -409 -291 27
66369: -478 -409 -292 36
66370: -478 -409 -293 45
66371: -478 -409 -294 54
66372: -478 -409 -295 63
66374: -478 -409 -297 81
66385: -478 -411 -452 18
66386: -478 -411 -453 27
66387: -478 -411 -454 36
66393: -478 -412 -532 9
66395: -478 -412 -534 27
66396: -478 -412 -535 36
66397: -478 -412 -536 45
66401: -478 -412 -540 81
66403: -478 -413 -614 18
66404: -478 -413 -615 27
66405: -478 -413 -616 36
66406: -478 -413 -617 45
66407: -478 -413 -618 54
66408: -478 -413 -619 63
66412: -478 -414 -695 18
66413: -478 -414 -696 27
66414: -478 -414 -697 36
66416: -478 -414 -699 54
66419: -478 -414 -702 81
66420: -487 -487 -55 1
66593: -505 -488 -138 21
66594: -505 -488 -139 30
66599: -505 -488 -144 75
66611: -505 -490 -300 21
66612: -505 -490 -301 30
66613: -505 -490 -302 39
66616: -505 -490 -305 66
66617: -505 -490 -306 75
66620: -505 -491 -381 21
66621: -505 -491 -382 30
66622: -505 -491 -383 39
66625: -505 -491 -386 66
66626: -505 -491 -387 75
66638: -505 -493 -543 21
66643: -505 -493 -548 66
66644: -505 -493 -549 75
66647: -505 -494 -624 21
66648: -505 -494 -625 30
66652: -505 -494 -629 66
66656: -505 -495 -705 21
66657: -505 -495 -706 30
66662: -505 -495 -711 75
66675: -514 -488 -139 31
66680: -514 -488 -144 76
66684: -514 -489 -220 31
66688: -514 -489 -224 67
66689: -514 -489 -225 76
66702: -514 -491 -382 31
66706: -514 -491 -386 67
66707: -514 -491 -387 76
66725: -514 -493 -549 76
66727: -514 -494 -623 13
66730: -514 -494 -626 40
66764: -523 -489 -219 23
66766: -523 -489 -221 41
66769: -523 -489 -224 68
66770: -523 -489 -225 77
66772: -523 -490 -299 14
66775: -523 -490 -302 41
66778: -523 -490 -305 68
66779: -523 -490 -306 77
66800: -523 -493 -543 23
66806: -523 -493 -549 77
66818: -523 -495 -705 23
66824: -523 -495 -711 77
66843: -532 -489 -217 6
66844: -532 -489 -218 15
66846: -532 -489 -220 33
66848: -532 -489 -222 51
66850: -532 -489 -224 69
66853: -532 -490 -299 15
66854: -532 -490 -300 24
66855: -532 -490 -301 33
66858: -532 -490 -304 60
66859: -532 -490 -305 69
66860: -532 -490 -306 78
66861: -532 -491 -379 6
66862: -532 -491 -380 15
66863: -532 -491 -381 24
66866: -532 -491 -384 51
66867: -532 -491 -385 60
66868: -532 -491 -386 69
66880: -532 -493 -542 15
66881: -532 -493 -543 24
66882: -532 -493 -544 33
66885: -532 -493 -547 60
66886: -532 -493 -548 69
66887: -532 -493 -549 78
66889: -532 -494 -623 15
66890: -532 -494 -624 24
66891: -532 -494 -625 33
66895: -532 -494 -629 69
66900: -532 -495 -706 33
66997: -550 -488 -137 17
66998: -550 -488 -138 26
66999: -550 -488 -139 35
67000: -550 -488 -140 44
67002: -550 -488 -142 62
67003: -550 -488 -143 71
67006: -550 -489 -218 17
67007: -550 -489 -219 26
67008: -550 -489 -220 35
67009: -550 -489 -221 44
67012: -550 -489 -224 71
67014: -550 -490 -298 8
67015: -550 -490 -299 17
67016: -550 -490 -300 26
67017: -550 -490 -301 35
67020: -550 -490 -304 62
67021: -550 -490 -305 71
67023: -550 -491 -379 8
67024: -550 -491 -380 17
67025: -550 -491 -381 26
67026: -550 -491 -382 35
67027: -550 -491 -383 44
67029: -550 -491 -385 62
67030: -550 -491 -386 71
67043: -550 -493 -543 26
67044: -550 -493 -544 35
67060: -550 -495 -704 17
67061: -550 -495 -705 26
67062: -550 -495 -706 35
67063: -550 -495 -707 44
67064: -550 -495 -708 53
67065: -550 -495 -709 62
67078: -559 -488 -137 18
67079: -559 -488 -138 27
67080: -559 -488 -139 36
67087: -559 -489 -218 18
67088: -559 -489 -219 27
67089: -559 -489 -220 36
67090: -559 -489 -221 45
67091: -559 -489 -222 54
67094: -559 -489 -225 81
67095: -559 -490 -298 9
67098: -559 -490 -301 36
67099: -559 -490 -302 45
67103: -559 -490 -306 81
67104: -559 -491 -379 9
67105: -559 -491 -380 18
67106: -559 -491 -381 27
67107: -559 -491 -382 36
67108: -559 -491 -383 45
67112: -559 -491 -387 81
67123: -559 -493 -542 18
67124: -559 -493 -543 27
67125: -559 -493 -544 36
67126: -559 -493 -545 45
67132: -559 -494 -623 18
67133: -559 -494 -624 27
67134: -559 -494 -625 36
67135: -559 -494 -626 45
67243: -577 -569 -149 38
67249: -577 -570 -227 11
67250: -577 -570 -228 20
67251: -577 -570 -229 29
67252: -577 -570 -230 38
67253: -577 -570 -231 47
67258: -577 -571 -308 11
67259: -577 -571 -309 20
67260: -577 -571 -310 29
67261: -577 -571 -311 38
67262: -577 -571 -312 47
67265: -577 -571 -315 74
67267: -577 -572 -389 11
67268: -577 -572 -390 20
67269: -577 -572 -391 29
67271: -577 -572 -393 47
67276: -577 -573 -470 11
67277: -577 -573 -471 20
67278: -577 -573 -472 29
67279: -577 -573 -473 38
67280: -577 -573 -474 47
67285: -577 -574 -551 11
67286: -577 -574 -552 20
67287: -577 -574 -553 29
67288: -577 -574 -554 38
67292: -577 -574 -558 74
67322: -586 -569 -147 21
67323: -586 -569 -148 30
67324: -586 -569 -149 39
67328: -586 -569 -153 75
67329: -586 -570 -226 3
67331: -586 -570 -228 21
67332: -586 -570 -229 30
67333: -586 -570 -230 39
67334: -586 -570 -231 48
67335: -586 -570 -232 57
67337: -586 -570 -234 75
67338: -586 -571 -307 3
67340: -586 -571 -309 21
67341: -586 -571 -310 30
67342: -586 -571 -311 39
67343: -586 -571 -312 48
67345: -586 -571 -314 66
67346: -586 -571 -315 75
67347: -586 -572 -388 3
67349: -586 -572 -390 21
67350: -586 -572 -391 30
67355: -586 -572 -396 75
67356: -586 -573 -469 3
67358: -586 -573 -471 21
67359: -586 -573 -472 30
67360: -586 -573 -473 39
67361: -586 -573 -474 48
67364: -586 -573 -477 75
67365: -586 -574 -550 3
67367: -586 -574 -552 21
67368: -586 -574 -553 30
67369: -586 -574 -554 39
67373: -586 -574 -558 75
67404: -595 -569 -148 31
67405: -595 -569 -149 40
67410: -595 -570 -226 4
67411: -595 -570 -227 13
67413: -595 -570 -229 31
67414: -595 -570 -230 40
67415: -595 -570 -231 49
67418: -595 -570 -234 76
67419: -595 -571 -307 4
67420: -595 -571 -308 13
67422: -595 -571 -310 31
67423: -595 -571 -311 40
67427: -595 -571 -315 76
67428: -595 -572 -388 4
67429: -595 -572 -389 13
67431: -595 -572 -391 31
67432: -595 -572 -392 40
67433: -595 -572 -393 49
67436: -595 -572 -396 76
67437: -595 -573 -469 4
67438: -595 -573 -470 13
67440: -595 -573 -472 31
67441: -595 -573 -473 40
67442: -595 -573 -474 49
67445: -595 -573 -477 76
67446: -595 -574 -550 4
67447: -595 -574 -551 13
67449: -595 -574 -553 31
67450: -595 -574 -554 40
67453: -595 -574 -557 67
67454: -595 -574 -558 76
67483: -604 -569 -146 14
67484: -604 -569 -147 23
67486: -604 -569 -149 41
67491: -604 -570 -226 5
67492: -604 -570 -227 14
67493: -604 -570 -228 23
67495: -604 -570 -230 41
67496: -604 -570 -231 50
67499: -604 -570 -234 77
67500: -604 -571 -307 5
67501: -604 -571 -308 14
67502: -604 -571 -309 23
67504: -604 -571 -311 41
67505: -604 -571 -312 50
67508: -604 -571 -315 77
67509: -604 -572 -388 5
67510: -604 -572 -389 14
67511: -604 -572 -390 23
67514: -604 -572 -393 50
67518: -604 -573 -469 5
67519: -604 -573 -470 14
67520: -604 -573 -471 23
67522: -604 -573 -473 41
67523: -604 -573 -474 50
67526: -604 -573 -477 77
67527: -604 -574 -550 5
67528: -604 -574 -551 14
67529: -604 -574 -552 23
67531: -604 -574 -554 41
67535: -604 -574 -558 77
67564: -613 -569 -146 15
67565: -613 -569 -147 24
67566: -613 -569 -148 33
67572: -613 -570 -226 6
67573: -613 -570 -227 15
67574: -613 -570 -228 24
67575: -613 -570 -229 33
67577: -613 -570 -231 51
67578: -613 -570 -232 60
67579: -613 -570 -233 69
67580: -613 -570 -234 78
67581: -613 -571 -307 6
67582: -613 -571 -308 15
67583: -613 -571 -309 24
67584: -613 -571 -310 33
67586: -613 -571 -312 51
67589: -613 -571 -315 78
67590: -613 -572 -388 6
67591: -613 -572 -389 15
67592: -613 -572 -390 24
67593: -613 -572 -391 33
67595: -613 -572 -393 51
67598: -613 -572 -396 78
67599: -613 -573 -469 6
67600: -613 -573 -470 15
67601: -613 -573 -471 24
67602: -613 -573 -472 33
67604: -613 -573 -474 51
67607: -613 -573 -477 78
67608: -613 -574 -550 6
67609: -613 -574 -551 15
67610: -613 -574 -552 24
67611: -613 -574 -553 33
67615: -613 -574 -557 69
67616: -613 -574 -558 78
67648: -622 -569 -149 43
67653: -622 -570 -226 7
67654: -622 -570 -227 16
67655: -622 -570 -228 25
67656: -622 -570 -229 34
67657: -622 -570 -230 43
67661: -622 -570 -234 79
67662: -622 -571 -307 7
67663: -622 -571 -308 16
67664: -622 -571 -309 25
67665: -622 -571 -310 34
67666: -622 -571 -311 43
67670: -622 -571 -315 79
67671: -622 -572 -388 7
67673: -622 -572 -390 25
67674: -622 -572 -391 34
67679: -622 -572 -396 79
67680: -622 -573 -469 7
67681: -622 -573 -470 16
67682: -622 -573 -471 25
67683: -622 -573 -472 34
67684: -622 -573 -473 43
67687: -622 -573 -476 70
67688: -622 -573 -477 79
67689: -622 -574 -550 7
67690: -622 -574 -551 16
67693: -622 -574 -554 43
67726: -631 -569 -146 17
67727: -631 -569 -147 26
67734: -631 -570 -226 8
67735: -631 -570 -227 17
67737: -631 -570 -229 35
67738: -631 -570 -230 44
67739: -631 -570 -231 53
67743: -631 -571 -307 8
67744: -631 -571 -308 17
67745: -631 -571 -309 26
67746: -631 -571 -310 35
67747: -631 -571 -311 44
67748: -631 -571 -312 53
67750: -631 -571 -314 71
67752: -631 -572 -388 8
67753: -631 -572 -389 17
67754: -631 -572 -390 26
67755: -631 -572 -391 35
67756: -631 -572 -392 44
67757: -631 -572 -393 53
67761: -631 -573 -469 8
67762: -631 -573 -470 17
67763: -631 -573 -471 26
67764: -631 -573 -472 35
67765: -631 -573 -473 44
67766: -631 -573 -474 53
67770: -631 -574 -550 8
67771: -631 -574 -551 17
67772: -631 -574 -552 26
67773: -631 -574 -553 35
67774: -631 -574 -554 44
67862: -640 -575 -633 27
67864: -640 -575 -635 45
67865: -640 -575 -636 54
67969: -658 -650 -155 11
67978: -658 -651 -236 11
67979: -658 -651 -237 20
67980: -658 -651 -238 29
67981: -658 -651 -239 38
67982: -658 -651 -240 47
67984: -658 -651 -242 65
67987: -658 -652 -317 11
67988: -658 -652 -318 20
67989: -658 -652 -319 29
67990: -658 -652 -320 38
67991: -658 -652 -321 47
67993: -658 -652 -323 65
67996: -658 -653 -398 11
67997: -658 -653 -399 20
67998: -658 -653 -400 29
67999: -658 -653 -401 38
68000: -658 -653 -402 47
68002: -658 -653 -404 65
68005: -658 -654 -479 11
68006: -658 -654 -480 20
68007: -658 -654 -481 29
68008: -658 -654 -482 38
68009: -658 -654 -483 47
68011: -658 -654 -485 65
68014: -658 -655 -560 11
68015: -658 -655 -561 20
68016: -658 -655 -562 29
68017: -658 -655 -563 38
68020: -658 -655 -566 65
68051: -667 -650 -156 21
68052: -667 -650 -157 30
68053: -667 -650 -158 39
68058: -667 -651 -235 3
68060: -667 -651 -237 21
68061: -667 -651 -238 30
68062: -667 -651 -239 39
68063: -667 -651 -240 48
68064: -667 -651 -241 57
68067: -667 -652 -316 3
68069: -667 -652 -318 21
68070: -667 -652 -319 30
68071: -667 -652 -320 39
68072: -667 -652 -321 48
68073: -667 -652 -322 57
68074: -667 -652 -323 66
68075: -667 -652 -324 75
68076: -667 -653 -397 3
68078: -667 -653 -399 21
68079: -667 -653 -400 30
68080: -667 -653 -401 39
68081: -667 -653 -402 48
68083: -667 -653 -404 66
68085: -667 -654 -478 3
68087: -667 -654 -480 21
68088: -667 -654 -481 30
68089: -667 -654 -482 39
68090: -667 -654 -483 48
68092: -667 -654 -485 66
68094: -667 -655 -559 3
68096: -667 -655 -561 21
68097: -667 -655 -562 30
68098: -667 -655 -563 39
68101: -667 -655 -566 66
68130: -676 -650 -154 4
68131: -676 -650 -155 13
68133: -676 -650 -157 31
68134: -676 -650 -158 40
68137: -676 -650 -161 67
68139: -676 -651 -235 4
68140: -676 -651 -236 13
68142: -676 -651 -238 31
68143: -676 -651 -239 40
68144: -676 -651 -240 49
68146: -676 -651 -242 67
68148: -676 -652 -316 4
68149: -676 -652 -317 13
68151: -676 -652 -319 31
68152: -676 -652 -320 40
68153: -676 -652 -321 49
68154: -676 -652 -322 58
68155: -676 -652 -323 67
68157: -676 -653 -397 4
68160: -676 -653 -400 31
68161: -676 -653 -401 40
68162: -676 -653 -402 49
68164: -676 -653 -404 67
68166: -676 -654 -478 4
68167: -676 -654 -479 13
68169: -676 -654 -481 31
68170: -676 -654 -482 40
68171: -676 -654 -483 49
68173: -676 -654 -485 67
68175: -676 -655 -559 4
68176: -676 -655 -560 13
68178: -676 -655 -562 31
68179: -676 -655 -563 40
68182: -676 -655 -566 67
68183: -676 -655 -567 76
68212: -685 -650 -155 14
68213: -685 -650 -156 23
68215: -685 -650 -158 41
68220: -685 -651 -235 5
68221: -685 -651 -236 14
68222: -685 -651 -237 23
68224: -685 -651 -239 41
68225: -685 -651 -240 50
68226: -685 -651 -241 59
68227: -685 -651 -242 68
68229: -685 -652 -316 5
68230: -685 -652 -317 14
68231: -685 -652 -318 23
68233: -685 -652 -320 41
68234: -685 -652 -321 50
68236: -685 -652 -323 68
68238: -685 -653 -397 5
68239: -685 -653 -398 14
68240: -685 -653 -399 23
68242: -685 -653 -401 41
68243: -685 -653 -402 50
68245: -685 -653 -404 68
68247: -685 -654 -478 5
68248: -685 -654 -479 14
68249: -685 -654 -480 23
68251: -685 -654 -482 41
68252: -685 -654 -483 50
68254: -685 -654 -485 68
68256: -685 -655 -559 5
68257: -685 -655 -560 14
68258: -685 -655 -561 23
68260: -685 -655 -563 41
68263: -685 -655 -566 68
68292: -694 -650 -154 6
68295: -694 -650 -157 33
68301: -694 -651 -235 6
68302: -694 -651 -236 15
68303: -694 -651 -237 24
68304: -694 -651 -238 33
68306: -694 -651 -240 51
68308: -694 -651 -242 69
68310: -694 -652 -316 6
68311: -694 -652 -317 15
68312: -694 -652 -318 24
68313: -694 -652 -319 33
68315: -694 -652 -321 51
68317: -694 -652 -323 69
68319: -694 -653 -397 6
68320: -694 -653 -398 15
68321: -694 -653 -399 24
68322: -694 -653 -400 33
68326: -694 -653 -404 69
68328: -694 -654 -478 6
68329: -694 -654 -479 15
68330: -694 -654 -480 24
68331: -694 -654 -481 33
68333: -694 -654 -483 51
68335: -694 -654 -485 69
68337: -694 -655 -559 6
68338: -694 -655 -560 15
68339: -694 -655 -561 24
68340: -694 -655 -562 33
68344: -694 -655 -566 69
68374: -703 -650 -155 16
68376: -703 -650 -157 34
68377: -703 -650 -158 43
68382: -703 -651 -235 7
68383: -703 -651 -236 16
68384: -703 -651 -237 25
68386: -703 -651 -239 43
68391: -703 -652 -316 7
68392: -703 -652 -317 16
68393: -703 -652 -318 25
68394: -703 -652 -319 34
68395: -703 -652 -320 43
68398: -703 -652 -323 70
68400: -703 -653 -397 7
68402: -703 -653 -399 25
68403: -703 -653 -400 34
68404: -703 -653 -401 43
68407: -703 -653 -404 70
68409: -703 -654 -478 7
68410: -703 -654 -479 16
68411: -703 -654 -480 25
68412: -703 -654 -481 34
68413: -703 -654 -482 43
68419: -703 -655 -560 16
68422: -703 -655 -563 43
68500: -712 -655 -560 17
68502: -712 -655 -562 35
68503: -712 -655 -563 44
68518: -712 -657 -722 17
68519: -712 -657 -723 26
68521: -712 -657 -725 44
68522: -712 -657 -726 53
68536: -721 -650 -155 18
68539: -721 -650 -158 45
68544: -721 -651 -235 9
68545: -721 -651 -236 18
68547: -721 -651 -238 36
68548: -721 -651 -239 45
68549: -721 -651 -240 54
68553: -721 -652 -316 9
68554: -721 -652 -317 18
68555: -721 -652 -318 27
68556: -721 -652 -319 36
68557: -721 -652 -320 45
68558: -721 -652 -321 54
68561: -721 -652 -324 81
68562: -721 -653 -397 9
68564: -721 -653 -399 27
68565: -721 -653 -400 36
68566: -721 -653 -401 45
68567: -721 -653 -402 54
68572: -721 -654 -479 18
68573: -721 -654 -480 27
68574: -721 -654 -481 36
68575: -721 -654 -482 45
68576: -721 -654 -483 54
68581: -721 -655 -560 18
68582: -721 -655 -561 27
68583: -721 -655 -562 36
68584: -721 -655 -563 45
68625: -2 -12 -163 82
68627: -2 -12 -165 100
68628: -2 -12 -166 109
68629: -2 -12 -167 118
68630: -2 -12 -168 127
68631: -2 -12 -169 136
68632: -2 -12 -170 145
68633: -2 -12 -171 154
69532: -101 -94 -260 147
69542: -101 -95 -342 156
69557: -101 -97 -501 129
69577: -101 -99 -665 147
69618: -110 -95 -337 112
69638: -110 -97 -501 130
69670: -119 -92 -92 95
69689: -119 -94 -255 104
69694: -119 -94 -260 149
69719: -119 -97 -501 131
69751: -128 -92 -92 96
69762: -128 -93 -175 114
69763: -128 -93 -176 123
69765: -128 -93 -178 141
69766: -128 -93 -179 150
69767: -128 -93 -180 159
69770: -128 -94 -255 105
69772: -128 -94 -257 123
69774: -128 -94 -259 141
69775: -128 -94 -260 150
69776: -128 -94 -261 159
69779: -128 -95 -336 105
69780: -128 -95 -337 114
69782: -128 -95 -339 132
69783: -128 -95 -340 141
69784: -128 -95 -341 150
69785: -128 -95 -342 159
69800: -128 -97 -501 132
69806: -128 -98 -579 105
69807: -128 -98 -580 114
69808: -128 -98 -581 123
69809: -128 -98 -582 132
69810: -128 -98 -583 141
69811: -128 -98 -584 150
69812: -128 -98 -585 159
69815: -128 -99 -660 105
69816: -128 -99 -661 114
69818: -128 -99 -663 132
69819: -128 -99 -664 141
69820: -128 -99 -665 150
69847: -137 -93 -179 151
69856: -137 -94 -260 151
69861: -137 -95 -337 115
69881: -137 -97 -501 133
69913: -146 -92 -92 98
69930: -146 -94 -253 89
69932: -146 -94 -255 107
69934: -146 -94 -257 125
69935: -146 -94 -258 134
69936: -146 -94 -259 143
69938: -146 -94 -261 161
69941: -146 -95 -336 107
69942: -146 -95 -337 116
69944: -146 -95 -339 134
69945: -146 -95 -340 143
69946: -146 -95 -341 152
69947: -146 -95 -342 161
69962: -146 -97 -501 134
69982: -146 -99 -665 152
70013: -155 -94 -255 108
70015: -155 -94 -257 126
70016: -155 -94 -258 135
70017: -155 -94 -259 144
70018: -155 -94 -260 153
70019: -155 -94 -261 162
70020: -155 -95 -334 90
70022: -155 -95 -336 108
70023: -155 -95 -337 117
70025: -155 -95 -339 135
70026: -155 -95 -340 144
70027: -155 -95 -341 153
70028: -155 -95 -342 162
70043: -155 -97 -501 135
70055: -155 -98 -585 162
70155: -173 -173 -100 83
70156: -173 -173 -101 92
70157: -173 -173 -102 101
70158: -173 -173 -103 110
70159: -173 -173 -104 119
70161: -173 -173 -106 137
70162: -173 -173 -107 146
70163: -173 -173 -108 155
70311: -191 -172 -22 112
70379: -191 -179 -594 157
70392: -200 -172 -22 113
70452: -200 -179 -586 86
70460: -200 -179 -594 158
70473: -209 -172 -22 114
70491: -209 -174 -184 114
70492: -209 -174 -185 123
70496: -209 -174 -189 159
70498: -209 -175 -263 96
70499: -209 -175 -264 105
70500: -209 -175 -265 114
70501: -209 -175 -266 123
70503: -209 -175 -268 141
70504: -209 -175 -269 150
70505: -209 -175 -270 159
70516: -209 -177 -425 96
70519: -209 -177 -428 123
70520: -209 -177 -429 132
70521: -209 -177 -430 141
70522: -209 -177 -431 150
70523: -209 -177 -432 159
70534: -209 -179 -587 96
70535: -209 -179 -588 105
70537: -209 -179 -590 123
70538: -209 -179 -591 132
70539: -209 -179 -592 141
70540: -209 -179 -593 150
70541: -209 -179 -594 159
70543: -209 -180 -668 96
70545: -209 -180 -670 114
70546: -209 -180 -671 123
70547: -209 -180 -672 132
70548: -209 -180 -673 141
70549: -209 -180 -674 150
70550: -209 -180 -675 159
70573: -218 -174 -185 124
70576: -218 -174 -188 151
70596: -218 -177 -424 88
70622: -218 -179 -594 160
70623: -218 -180 -667 88
70624: -218 -180 -668 97
70627: -218 -180 -671 124
70635: -227 -172 -22 116
70654: -227 -174 -185 125
70656: -227 -174 -187 143
70660: -227 -175 -263 98
70669: -227 -176 -344 98
70681: -227 -177 -428 125
70686: -227 -178 -505 89
70687: -227 -178 -506 98
70694: -227 -178 -513 161
70695: -227 -179 -586 89
70703: -227 -179 -594 161
70704: -227 -180 -667 89
70706: -227 -180 -669 107
70708: -227 -180 -671 125
70709: -227 -180 -672 134
70710: -227 -180 -673 143
70711: -227 -180 -674 152
70716: -236 -172 -22 117
70735: -236 -174 -185 126
70736: -236 -174 -186 135
70737: -236 -174 -187 144
70742: -236 -175 -264 108
70756: -236 -176 -350 153
70762: -236 -177 -428 126
70767: -236 -178 -505 90
70773: -236 -178 -511 144
70776: -236 -179 -586 90
70781: -236 -179 -591 135
70784: -236 -179 -594 162
70785: -236 -180 -667 90
70798: -245 -253 -32 118
70826: -245 -256 -276 127
70833: -245 -257 -355 109
70835: -245 -257 -357 127
70836: -245 -257 -358 136
70837: -245 -257 -359 145
70843: -245 -258 -437 118
70852: -245 -259 -518 118
70855: -245 -259 -521 145
70857: -245 -260 -595 82
70862: -245 -260 -600 127
70865: -245 -260 -603 154
70871: -245 -261 -681 127
70873: -245 -261 -683 145
70884: -254 -254 -109 83
70885: -254 -254 -110 92
70888: -254 -254 -113 119
70892: -254 -254 -117 155
70938: -254 -260 -595 83
70985: -263 -256 -273 102
71033: -263 -261 -681 129
71041: -272 -253 -32 121
71055: -272 -255 -190 85
71076: -272 -257 -355 112
71080: -272 -257 -359 148
71082: -272 -258 -433 85
71084: -272 -258 -435 103
71086: -272 -258 -437 121
71108: -272 -260 -603 157
71116: -272 -261 -683 148
71122: -281 -253 -32 122
71138: -281 -255 -192 104
71151: -281 -256 -277 140
71161: -281 -257 -359 149
71195: -281 -261 -681 131
71203: -290 -253 -32 123
71218: -290 -255 -191 96
71219: -290 -255 -192 105
71220: -290 -255 -193 114
71221: -290 -255 -194 123
71222: -290 -255 -195 132
71223: -290 -255 -196 141
71224: -290 -255 -197 150
71225: -290 -255 -198 159
71232: -290 -256 -277 141
71236: -290 -257 -353 96
71237: -290 -257 -354 105
71238: -290 -257 -355 114
71239: -290 -257 -356 123
71240: -290 -257 -357 132
71241: -290 -257 -358 141
71242: -290 -257 -359 150
71243: -290 -257 -360 159
71246: -290 -258 -435 105
71249: -290 -258 -438 132
71250: -290 -258 -439 141
71251: -290 -258 -440 150
71252: -290 -258 -441 159
71270: -290 -260 -603 159
71278: -290 -261 -683 150
71284: -299 -253 -32 124
71317: -299 -257 -353 97
71323: -299 -257 -359 151
71331: -299 -258 -439 142
71341: -299 -259 -521 151
71357: -299 -261 -681 133
71359: -299 -261 -683 151
71365: -308 -253 -32 125
71379: -308 -255 -190 89
71380: -308 -255 -191 98
71381: -308 -255 -192 107
71382: -308 -255 -193 116
71384: -308 -255 -195 134
71385: -308 -255 -196 143
71386: -308 -255 -197 152
71387: -308 -255 -198 161
71400: -308 -257 -355 116
71405: -308 -257 -360 161
71422: -308 -259 -521 152
71431: -308 -260 -602 152
71432: -308 -260 -603 161
71438: -308 -261 -681 134
71440: -308 -261 -683 152
71446: -317 -253 -32 126
71460: -317 -255 -190 90
71471: -317 -256 -273 108
71478: -317 -257 -352 90
71505: -317 -260 -595 90
71513: -317 -260 -603 162
71514: -317 -261 -676 90
71519: -317 -261 -681 135
71528: -326 -334 -42 127
71542: -326 -336 -200 91
71544: -326 -336 -202 109
71546: -326 -336 -204 127
71547: -326 -336 -205 136
71548: -326 -336 -206 145
71549: -326 -336 -207 154
71557: -326 -337 -287 145
71559: -326 -338 -361 82
71566: -326 -338 -368 145
71567: -326 -338 -369 154
71578: -326 -340 -524 91
71580: -326 -340 -526 109
71583: -326 -340 -529 136
71584: -326 -340 -530 145
71585: -326 -340 -531 154
71586: -326 -341 -604 82
71589: -326 -341 -607 109
71591: -326 -341 -609 127
71592: -326 -341 -610 136
71593: -326 -341 -611 145
71594: -326 -341 -612 154
71595: -326 -342 -685 82
71596: -326 -342 -686 91
71597: -326 -342 -687 100
71598: -326 -342 -688 109
71600: -326 -342 -690 127
71601: -326 -342 -691 136
71602: -326 -342 -692 145
71603: -326 -342 -693 154
71613: -335 -335 -118 83
71615: -335 -335 -120 101
71616: -335 -335 -121 110
71620: -335 -335 -125 146
71621: -335 -335 -126 155
71690: -344 -334 -42 129
71709: -344 -336 -205 138
71713: -344 -337 -281 93
71714: -344 -337 -282 102
71715: -344 -337 -283 111
71718: -344 -337 -286 138
71719: -344 -337 -287 147
71720: -344 -337 -288 156
71723: -344 -338 -363 102
71732: -344 -339 -444 102
71739: -344 -340 -523 84
71756: -344 -341 -612 156
71757: -344 -342 -685 84
71760: -344 -342 -688 111
71771: -353 -334 -42 130
71837: -353 -341 -612 157
71841: -353 -342 -688 112
71852: -362 -334 -42 131
71871: -362 -336 -205 140
71916: -362 -341 -610 140
71918: -362 -341 -612 158
71922: -362 -342 -688 113
71933: -371 -334 -42 132
71948: -371 -336 -201 105
71949: -371 -336 -202 114
71950: -371 -336 -203 123
71951: -371 -336 -204 132
71952: -371 -336 -205 141
71953: -371 -336 -206 150
71954: -371 -336 -207 159
71956: -371 -337 -281 96
71957: -371 -337 -282 105
71958: -371 -337 -283 114
71959: -371 -337 -284 123
71960: -371 -337 -285 132
71961: -371 -337 -286 141
71962: -371 -337 -287 150
71963: -371 -337 -288 159
71966: -371 -338 -363 105
71969: -371 -338 -366 132
71970: -371 -338 -367 141
71971: -371 -338 -368 150
71972: -371 -338 -369 159
71975: -371 -339 -444 105
71977: -371 -339 -446 123
71983: -371 -340 -524 96
71984: -371 -340 -525 105
71985: -371 -340 -526 114
71988: -371 -340 -529 141
71989: -371 -340 -530 150
71990: -371 -340 -531 159
71999: -371 -341 -612 159
72001: -371 -342 -686 96
72003: -371 -342 -688 114
72005: -371 -342 -690 132
72006: -371 -342 -691 141
72007: -371 -342 -692 150
72008: -371 -342 -693 159
72014: -380 -334 -42 133
72032: -380 -336 -204 133
72033: -380 -336 -205 142
72037: -380 -337 -281 97
72039: -380 -337 -283 115
72042: -380 -337 -286 142
72044: -380 -337 -288 160
72045: -380 -338 -361 88
72050: -380 -338 -366 133
72070: -380 -340 -530 151
72080: -380 -341 -612 160
72086: -380 -342 -690 133
72087: -380 -342 -691 142
72088: -380 -342 -692 151
72089: -380 -342 -693 160
72095: -389 -334 -42 134
72126: -389 -338 -361 89
72135: -389 -339 -442 89
72155: -389 -341 -606 107
72161: -389 -341 -612 161
72169: -389 -342 -692 152
72176: -398 -334 -42 135
72195: -398 -336 -205 144
72200: -398 -337 -282 108
72207: -398 -338 -361 90
72215: -398 -338 -369 162
72223: -398 -339 -449 153
72224: -398 -339 -450 162
72234: -398 -341 -604 90
72242: -398 -341 -612 162
72244: -398 -342 -686 99
72246: -398 -342 -688 117
72270: -407 -417 -208 82
72271: -407 -417 -209 91
72272: -407 -417 -210 100
72274: -407 -417 -212 118
72275: -407 -417 -213 127
72276: -407 -417 -214 136
72277: -407 -417 -215 145
72278: -407 -417 -216 154
72279: -407 -418 -289 82
72280: -407 -418 -290 91
72281: -407 -418 -291 100
72282: -407 -418 -292 109
72284: -407 -418 -294 127
72285: -407 -418 -295 136
72286: -407 -418 -296 145
72287: -407 -418 -297 154
72299: -407 -420 -453 100
72300: -407 -420 -454 109
72304: -407 -420 -458 145
72305: -407 -420 -459 154
72315: -407 -422 -613 82
72316: -407 -422 -614 91
72317: -407 -422 -615 100
72318: -407 -422 -616 109
72319: -407 -422 -617 118
72320: -407 -422 -618 127
72321: -407 -422 -619 136
72322: -407 -422 -620 145
72324: -407 -423 -694 82
72325: -407 -423 -695 91
72326: -407 -423 -696 100
72327: -407 -423 -697 109
72328: -407 -423 -698 118
72329: -407 -423 -699 127
72330: -407 -423 -700 136
72332: -407 -423 -702 154
72343: -416 -416 -128 92
72344: -416 -416 -129 101
72345: -416 -416 -130 110
72346: -416 -416 -131 119
72348: -416 -416 -133 137
72349: -416 -416 -134 146
72350: -416 -416 -135 155
72432: -425 -417 -208 84
72441: -425 -418 -289 84
72443: -425 -418 -291 102
72446: -425 -418 -294 129
72462: -425 -420 -454 111
72465: -425 -420 -457 138
72466: -425 -420 -458 147
72467: -425 -420 -459 156
72477: -425 -422 -613 84
72484: -425 -422 -620 147
72485: -425 -422 -621 156
72486: -425 -423 -694 84
72493: -425 -423 -701 147
72513: -434 -417 -208 85
72524: -434 -418 -291 103
72542: -434 -420 -453 103
72547: -434 -420 -458 148
72548: -434 -420 -459 157
72558: -434 -422 -613 85
72566: -434 -422 -621 157
72567: -434 -423 -694 85
72568: -434 -423 -695 94
72569: -434 -423 -696 103
72570: -434 -423 -697 112
72571: -434 -423 -698 121
72573: -434 -423 -700 139
72574: -434 -423 -701 148
72575: -434 -423 -702 157
72594: -443 -417 -208 86
72595: -443 -417 -209 95
72598: -443 -417 -212 122
72599: -443 -417 -213 131
72600: -443 -417 -214 140
72603: -443 -418 -289 86
72604: -443 -418 -290 95
72605: -443 -418 -291 104
72606: -443 -418 -292 113
72608: -443 -418 -294 131
72609: -443 -418 -295 140
72610: -443 -418 -296 149
72611: -443 -418 -297 158
72623: -443 -420 -453 104
72624: -443 -420 -454 113
72628: -443 -420 -458 149
72629: -443 -420 -459 158
72639: -443 -422 -613 86
72646: -443 -422 -620 149
72647: -443 -422 -621 158
72648: -443 -423 -694 86
72655: -443 -423 -701 149
72676: -452 -417 -209 96
72677: -452 -417 -210 105
72679: -452 -417 -212 123
72680: -452 -417 -213 132
72681: -452 -417 -214 141
72682: -452 -417 -215 150
72683: -452 -417 -216 159
72685: -452 -418 -290 96
72686: -452 -418 -291 105
72687: -452 -418 -292 114
72688: -452 -418 -293 123
72689: -452 -418 -294 132
72690: -452 -418 -295 141
72691: -452 -418 -296 150
72692: -452 -418 -297 159
72721: -452 -422 -614 96
72722: -452 -422 -615 105
72723: -452 -422 -616 114
72724: -452 -422 -617 123
72725: -452 -422 -618 132
72726: -452 -422 -619 141
72727: -452 -422 -620 150
72728: -452 -422 -621 159
72730: -452 -423 -695 96
72731: -452 -423 -696 105
72732: -452 -423 -697 114
72733: -452 -423 -698 123
72734: -452 -423 -699 132
72735: -452 -423 -700 141
72736: -452 -423 -701 150
72737: -452 -423 -702 159
72756: -461 -417 -208 88
72765: -461 -418 -289 88
72766: -461 -418 -290 97
72767: -461 -418 -291 106
72768: -461 -418 -292 115
72770: -461 -418 -294 133
72771: -461 -418 -295 142
72773: -461 -418 -297 160
72785: -461 -420 -453 106
72786: -461 -420 -454 115
72789: -461 -420 -457 142
72790: -461 -420 -458 151
72791: -461 -420 -459 160
72801: -461 -422 -613 88
72803: -461 -422 -615 106
72804: -461 -422 -616 115
72808: -461 -422 -620 151
72809: -461 -422 -621 160
72810: -461 -423 -694 88
72811: -461 -423 -695 97
72816: -461 -423 -700 142
72817: -461 -423 -701 151
72837: -470 -417 -208 89
72838: -470 -417 -209 98
72846: -470 -418 -289 89
72847: -470 -418 -290 98
72848: -470 -418 -291 107
72849: -470 -418 -292 116
72851: -470 -418 -294 134
72852: -470 -418 -295 143
72853: -470 -418 -296 152
72854: -470 -418 -297 161
72866: -470 -420 -453 107
72867: -470 -420 -454 116
72870: -470 -420 -457 143
72872: -470 -420 -459 161
72882: -470 -422 -613 89
72883: -470 -422 -614 98
72884: -470 -422 -615 107
72885: -470 -422 -616 116
72886: -470 -422 -617 125
72888: -470 -422 -619 143
72889: -470 -422 -620 152
72890: -470 -422 -621 161
72891: -470 -423 -694 89
72892: -470 -423 -695 98
72893: -470 -423 -696 107
72896: -470 -423 -699 134
72897: -470 -423 -700 143
72898: -470 -423 -701 152
72899: -470 -423 -702 161
72918: -479 -417 -208 90
72919: -479 -417 -209 99
72925: -479 -417 -215 153
72926: -479 -417 -216 162
72927: -479 -418 -289 90
72933: -479 -418 -295 144
72934: -479 -418 -296 153
72943: -479 -419 -377 153
72947: -479 -420 -453 108
72948: -479 -420 -454 117
72949: -479 -420 -455 126
72951: -479 -420 -457 144
72952: -479 -420 -458 153
72953: -479 -420 -459 162
72963: -479 -422 -613 90
72964: -479 -422 -614 99
72965: -479 -422 -615 108
72967: -479 -422 -617 126
72969: -479 -422 -619 144
72971: -479 -422 -621 162
72972: -479 -423 -694 90
72973: -479 -423 -695 99
72974: -479 -423 -696 108
72975: -479 -423 -697 117
72976: -479 -423 -698 126
72978: -479 -423 -700 144
72979: -479 -423 -701 153
72980: -479 -423 -702 162
73026: -488 -501 -460 82
73027: -488 -501 -461 91
73028: -488 -501 -462 100
73029: -488 -501 -463 109
73030: -488 -501 -464 118
73032: -488 -501 -466 136
73033: -488 -501 -467 145
73034: -488 -501 -468 154
73188: -506 -501 -460 84
73189: -506 -501 -461 93
73190: -506 -501 -462 102
73191: -506 -501 -463 111
73192: -506 -501 -464 120
73193: -506 -501 -465 129
73194: -506 -501 -466 138
73195: -506 -501 -467 147
73196: -506 -501 -468 156
73269: -515 -501 -460 85
73270: -515 -501 -461 94
73271: -515 -501 -462 103
73272: -515 -501 -463 112
73273: -515 -501 -464 121
73274: -515 -501 -465 130
73275: -515 -501 -466 139
73276: -515 -501 -467 148
73277: -515 -501 -468 157
73350: -524 -501 -460 86
73351: -524 -501 -461 95
73352: -524 -501 -462 104
73353: -524 -501 -463 113
73354: -524 -501 -464 122
73355: -524 -501 -465 131
73356: -524 -501 -466 140
73357: -524 -501 -467 149
73358: -524 -501 -468 158
73432: -533 -501 -461 96
73433: -533 -501 -462 105
73434: -533 -501 -463 114
73435: -533 -501 -464 123
73436: -533 -501 -465 132
73437: -533 -501 -466 141
73438: -533 -501 -467 150
73439: -533 -501 -468 159
73512: -542 -501 -460 88
73513: -542 -501 -461 97
73514: -542 -501 -462 106
73515: -542 -501 -463 115
73516: -542 -501 -464 124
73517: -542 -501 -465 133
73519: -542 -501 -467 151
73520: -542 -501 -468 160
73593: -551 -501 -460 89
73594: -551 -501 -461 98
73595: -551 -501 -462 107
73596: -551 -501 -463 116
73597: -551 -501 -464 125
73598: -551 -501 -465 134
73599: -551 -501 -466 143
73600: -551 -501 -467 152
73601: -551 -501 -468 161
73674: -560 -501 -460 90
73675: -560 -501 -461 99
73676: -560 -501 -462 108
73677: -560 -501 -463 117
73678: -560 -501 -464 126
73679: -560 -501 -465 135
73680: -560 -501 -466 144
73681: -560 -501 -467 153
73682: -560 -501 -468 162
73718: -569 -577 -72 154
73728: -569 -579 -226 82
73729: -569 -579 -227 91
73730: -569 -579 -228 100
73731: -569 -579 -229 109
73732: -569 -579 -230 118
73733: -569 -579 -231 127
73734: -569 -579 -232 136
73735: -569 -579 -233 145
73736: -569 -579 -234 154
73737: -569 -580 -307 82
73738: -569 -580 -308 91
73739: -569 -580 -309 100
73744: -569 -580 -314 145
73745: -569 -580 -315 154
73746: -569 -581 -388 82
73747: -569 -581 -389 91
73748: -569 -581 -390 100
73749: -569 -581 -391 109
73750: -569 -581 -392 118
73751: -569 -581 -393 127
73752: -569 -581 -394 136
73753: -569 -581 -395 145
73754: -569 -581 -396 154
73755: -569 -582 -469 82
73756: -569 -582 -470 91
73757: -569 -582 -471 100
73758: -569 -582 -472 109
73759: -569 -582 -473 118
73760: -569 -582 -474 127
73761: -569 -582 -475 136
73762: -569 -582 -476 145
73765: -569 -583 -551 91
73766: -569 -583 -552 100
73767: -569 -583 -553 109
73768: -569 -583 -554 118
73770: -569 -583 -556 136
73771: -569 -583 -557 145
73772: -569 -583 -558 154
73775: -569 -584 -633 100
73776: -569 -584 -634 109
73777: -569 -584 -635 118
73778: -569 -584 -636 127
73779: -569 -584 -637 136
73781: -569 -584 -639 154
73784: -569 -585 -714 100
73785: -569 -585 -715 109
73786: -569 -585 -716 118
73787: -569 -585 -717 127
73788: -569 -585 -718 136
73790: -569 -585 -720 154
73800: -578 -578 -145 83
73801: -578 -578 -146 92
73802: -578 -578 -147 101
73803: -578 -578 -148 110
73804: -578 -578 -149 119
73806: -578 -578 -151 137
73807: -578 -578 -152 146
73808: -578 -578 -153 155
73880: -587 -577 -72 156
73899: -587 -580 -307 84
73907: -587 -580 -315 156
73917: -587 -582 -469 84
73926: -587 -583 -550 84
73946: -587 -585 -714 102
73947: -587 -585 -715 111
73948: -587 -585 -716 120
73949: -587 -585 -717 129
73961: -596 -577 -72 157
73971: -596 -579 -226 85
73989: -596 -581 -388 85
73998: -596 -582 -469 85
74006: -596 -582 -477 157
74007: -596 -583 -550 85
74015: -596 -583 -558 157
74027: -596 -585 -714 103
74028: -596 -585 -715 112
74029: -596 -585 -716 121
74030: -596 -585 -717 130
74042: -605 -577 -72 158
74053: -605 -579 -227 95
74054: -605 -579 -228 104
74055: -605 -579 -229 113
74056: -605 -579 -230 122
74058: -605 -579 -232 140
74071: -605 -581 -389 95
74072: -605 -581 -390 104
74073: -605 -581 -391 113
74074: -605 -581 -392 122
74075: -605 -581 -393 131
74076: -605 -581 -394 140
74079: -605 -582 -469 86
74080: -605 -582 -470 95
74081: -605 -582 -471 104
74082: -605 -582 -472 113
74084: -605 -582 -474 131
74085: -605 -582 -475 140
74087: -605 -582 -477 158
74088: -605 -583 -550 86
74089: -605 -583 -551 95
74090: -605 -583 -552 104
74091: -605 -583 -553 113
74092: -605 -583 -554 122
74094: -605 -583 -556 140
74099: -605 -584 -633 104
74102: -605 -584 -636 131
74108: -605 -585 -714 104
74109: -605 -585 -715 113
74110: -605 -585 -716 122
74111: -605 -585 -717 131
74112: -605 -585 -718 140
74123: -614 -577 -72 159
74134: -614 -579 -227 96
74135: -614 -579 -228 105
74136: -614 -579 -229 114
74137: -614 -579 -230 123
74138: -614 -579 -231 132
74139: -614 -579 -232 141
74140: -614 -579 -233 150
74141: -614 -579 -234 159
74149: -614 -580 -314 150
74150: -614 -580 -315 159
74154: -614 -581 -391 114
74159: -614 -581 -396 159
74161: -614 -582 -470 96
74162: -614 -582 -471 105
74163: -614 -582 -472 114
74164: -614 -582 -473 123
74165: -614 -582 -474 132
74166: -614 -582 -475 141
74167: -614 -582 -476 150
74168: -614 -582 -477 159
74170: -614 -583 -551 96
74171: -614 -583 -552 105
74172: -614 -583 -553 114
74173: -614 -583 -554 123
74175: -614 -583 -556 141
74176: -614 -583 -557 150
74177: -614 -583 -558 159
74180: -614 -584 -633 105
74181: -614 -584 -634 114
74182: -614 -584 -635 123
74183: -614 -584 -636 132
74184: -614 -584 -637 141
74185: -614 -584 -638 150
74188: -614 -585 -713 96
74189: -614 -585 -714 105
74190: -614 -585 -715 114
74191: -614 -585 -716 123
74192: -614 -585 -717 132
74193: -614 -585 -718 141
74195: -614 -585 -720 159
74204: -623 -577 -72 160
74217: -623 -579 -229 115
74222: -623 -579 -234 160
74223: -623 -580 -307 88
74225: -623 -580 -309 106
74228: -623 -580 -312 133
74229: -623 -580 -313 142
74232: -623 -581 -388 88
74239: -623 -581 -395 151
74241: -623 -582 -469 88
74251: -623 -583 -551 97
74253: -623 -583 -553 115
74254: -623 -583 -554 124
74256: -623 -583 -556 142
74258: -623 -583 -558 160
74262: -623 -584 -634 115
74264: -623 -584 -636 133
74270: -623 -585 -714 106
74271: -623 -585 -715 115
74272: -623 -585 -716 124
74273: -623 -585 -717 133
74274: -623 -585 -718 142
74285: -632 -577 -72 161
74296: -632 -579 -227 98
74302: -632 -579 -233 152
74311: -632 -580 -314 152
74312: -632 -580 -315 161
74321: -632 -581 -396 161
74331: -632 -583 -550 89
74334: -632 -583 -553 116
74337: -632 -583 -556 143
74338: -632 -583 -557 152
74339: -632 -583 -558 161
74351: -632 -585 -714 107
74352: -632 -585 -715 116
74353: -632 -585 -716 125
74354: -632 -585 -717 134
74355: -632 -585 -718 143
74366: -641 -577 -72 162
74376: -641 -579 -226 90
74377: -641 -579 -227 99
74385: -641 -580 -307 90
74386: -641 -580 -308 99
74387: -641 -580 -309 108
74388: -641 -580 -310 117
74389: -641 -580 -311 126
74390: -641 -580 -312 135
74392: -641 -580 -314 153
74393: -641 -580 -315 162
74394: -641 -581 -388 90
74403: -641 -582 -469 90
74404: -641 -582 -470 99
74407: -641 -582 -473 126
74410: -641 -582 -476 153
74412: -641 -583 -550 90
74416: -641 -583 -554 126
74419: -641 -583 -557 153
74420: -641 -583 -558 162
74432: -641 -585 -714 108
74433: -641 -585 -715 117
74434: -641 -585 -716 126
74436: -641 -585 -718 144
74438: -641 -585 -720 162
74446: -650 -658 -80 145
74457: -650 -660 -235 82
74458: -650 -660 -236 91
74459: -650 -660 -237 100
74460: -650 -660 -238 109
74461: -650 -660 -239 118
74462: -650 -660 -240 127
74463: -650 -660 -241 136
74464: -650 -660 -242 145
74466: -650 -661 -316 82
74467: -650 -661 -317 91
74468: -650 -661 -318 100
74469: -650 -661 -319 109
74470: -650 -661 -320 118
74471: -650 -661 -321 127
74472: -650 -661 -322 136
74473: -650 -661 -323 145
74474: -650 -661 -324 154
74475: -650 -662 -397 82
74476: -650 -662 -398 91
74477: -650 -662 -399 100
74478: -650 -662 -400 109
74479: -650 -662 -401 118
74480: -650 -662 -402 127
74481: -650 -662 -403 136
74482: -650 -662 -404 145
74483: -650 -662 -405 154
74484: -650 -663 -478 82
74485: -650 -663 -479 91
74486: -650 -663 -480 100
74488: -650 -663 -482 118
74489: -650 -663 -483 127
74490: -650 -663 -484 136
74491: -650 -663 -485 145
74492: -650 -663 -486 154
74495: -650 -664 -561 100
74496: -650 -664 -562 109
74497: -650 -664 -563 118
74499: -650 -664 -565 136
74500: -650 -664 -566 145
74501: -650 -664 -567 154
74504: -650 -665 -642 100
74505: -650 -665 -643 109
74506: -650 -665 -644 118
74507: -650 -665 -645 127
74508: -650 -665 -646 136
74513: -650 -666 -723 100
74514: -650 -666 -724 109
74515: -650 -666 -725 118
74516: -650 -666 -726 127
74517: -650 -666 -727 136
74529: -659 -659 -154 83
74530: -659 -659 -155 92
74532: -659 -659 -157 110
74533: -659 -659 -158 119
74535: -659 -659 -160 137
74536: -659 -659 -161 146
74537: -659 -659 -162 155
74608: -668 -658 -80 147
74621: -668 -660 -237 102
74628: -668 -661 -316 84
74650: -668 -663 -482 120
74655: -668 -664 -559 84
74666: -668 -665 -642 102
74667: -668 -665 -643 111
74668: -668 -665 -644 120
74669: -668 -665 -645 129
74677: -668 -666 -725 120
74679: -668 -666 -727 138
74689: -677 -658 -80 148
74700: -677 -660 -235 85
74727: -677 -663 -478 85
74736: -677 -664 -559 85
74747: -677 -665 -642 103
74748: -677 -665 -643 112
74749: -677 -665 -644 121
74750: -677 -665 -645 130
74756: -677 -666 -723 103
74770: -686 -658 -80 149
74790: -686 -661 -316 86
74808: -686 -663 -478 86
74815: -686 -663 -485 149
74817: -686 -664 -559 86
74828: -686 -665 -642 104
74829: -686 -665 -643 113
74830: -686 -665 -644 122
74831: -686 -665 -645 131
74841: -686 -666 -727 140
74851: -695 -658 -80 150
74863: -695 -660 -236 96
74864: -695 -660 -237 105
74865: -695 -660 -238 114
74866: -695 -660 -239 123
74867: -695 -660 -240 132
74868: -695 -660 -241 141
74869: -695 -660 -242 150
74870: -695 -660 -243 159
74872: -695 -661 -317 96
74873: -695 -661 -318 105
74874: -695 -661 -319 114
74875: -695 -661 -320 123
74876: -695 -661 -321 132
74877: -695 -661 -322 141
74878: -695 -661 -323 150
74879: -695 -661 -324 159
74881: -695 -662 -398 96
74882: -695 -662 -399 105
74883: -695 -662 -400 114
74884: -695 -662 -401 123
74885: -695 -662 -402 132
74886: -695 -662 -403 141
74887: -695 -662 -404 150
74888: -695 -662 -405 159
74890: -695 -663 -479 96
74891: -695 -663 -480 105
74892: -695 -663 -481 114
74893: -695 -663 -482 123
74894: -695 -663 -483 132
74895: -695 -663 -484 141
74896: -695 -663 -485 150
74897: -695 -663 -486 159
74899: -695 -664 -560 96
74900: -695 -664 -561 105
74901: -695 -664 -562 114
74902: -695 -664 -563 123
74904: -695 -664 -565 141
74905: -695 -664 -566 150
74906: -695 -664 -567 159
74908: -695 -665 -641 96
74909: -695 -665 -642 105
74910: -695 -665 -643 114
74911: -695 -665 -644 123
74912: -695 -665 -645 132
74913: -695 -665 -646 141
74914: -695 -665 -647 150
74915: -695 -665 -648 159
74918: -695 -666 -723 105
74919: -695 -666 -724 114
74920: -695 -666 -725 123
74921: -695 -666 -726 132
74922: -695 -666 -727 141
74932: -704 -658 -80 151
74951: -704 -660 -243 160
74959: -704 -661 -323 151
74961: -704 -662 -397 88
74970: -704 -663 -478 88
74977: -704 -663 -485 151
74978: -704 -663 -486 160
74987: -704 -664 -567 160
74990: -704 -665 -642 106
74991: -704 -665 -643 115
74992: -704 -665 -644 124
74993: -704 -665 -645 133
74994: -704 -665 -646 142
75002: -704 -666 -726 133
75013: -713 -658 -80 152
75024: -713 -660 -235 89
75025: -713 -660 -236 98
75029: -713 -660 -240 134
75032: -713 -660 -243 161
75035: -713 -661 -318 107
75040: -713 -661 -323 152
75041: -713 -661 -324 161
75042: -713 -662 -397 89
75046: -713 -662 -401 125
75049: -713 -662 -404 152
75050: -713 -662 -405 161
75051: -713 -663 -478 89
75055: -713 -663 -482 125
75060: -713 -664 -559 89
75067: -713 -664 -566 152
75072: -713 -665 -643 116
75073: -713 -665 -644 125
75074: -713 -665 -645 134
75094: -722 -658 -80 153
75113: -722 -660 -243 162
75115: -722 -661 -317 99
75131: -722 -662 -405 162
75139: -722 -663 -485 153
75141: -722 -664 -559 90
75152: -722 -665 -642 108
75153: -722 -665 -643 117
75154: -722 -665 -644 126
75155: -722 -665 -645 135
75156: -722 -665 -646 144
75276: -12 -22 -244 164
75277: -12 -22 -245 173
75278: -12 -22 -246 182
75279: -12 -22 -247 191
75280: -12 -22 -248 200
75281: -12 -22 -249 209
75282: -12 -22 -250 218
75283: -12 -22 -251 227
75284: -12 -22 -252 236
76037: -93 -106 -501 209
76042: -93 -107 -578 173
76049: -93 -107 -585 236
76077: -102 -102 -172 165
76079: -102 -102 -174 183
76082: -102 -102 -177 210
76083: -102 -102 -178 219
76084: -102 -102 -179 228
76142: -111 -100 -12 184
76170: -111 -103 -256 193
76171: -111 -103 -257 202
76173: -111 -103 -259 220
76174: -111 -103 -260 229
76175: -111 -103 -261 238
76199: -111 -106 -501 211
76211: -111 -107 -585 238
76223: -120 -100 -12 185
76260: -120 -104 -337 194
76261: -120 -104 -338 203
76263: -120 -104 -340 221
76264: -120 -104 -341 230
76265: -120 -104 -342 239
76280: -120 -106 -501 212
76300: -120 -108 -665 230
76304: -129 -100 -12 186
76317: -129 -101 -97 222
76361: -129 -106 -501 213
76370: -129 -107 -582 213
76373: -129 -107 -585 240
76377: -129 -108 -661 195
76378: -129 -108 -662 204
76380: -129 -108 -664 222
76381: -129 -108 -665 231
76382: -129 -108 -666 240
76385: -138 -100 -12 187
76442: -138 -106 -501 214
76466: -147 -100 -12 188
76477: -147 -101 -95 206
76500: -147 -104 -334 170
76523: -147 -106 -501 215
76535: -147 -107 -585 242
76543: -147 -108 -665 233
76547: -156 -100 -12 189
76585: -156 -104 -338 207
76586: -156 -104 -339 216
76589: -156 -104 -342 243
76604: -156 -106 -501 216
76616: -156 -107 -585 243
76646: -165 -183 -183 181
76653: -165 -184 -262 163
76654: -165 -184 -263 172
76655: -165 -184 -264 181
76658: -165 -184 -267 208
76659: -165 -184 -268 217
76660: -165 -184 -269 226
76661: -165 -184 -270 235
76663: -165 -185 -344 172
76665: -165 -185 -346 190
76667: -165 -185 -348 208
76668: -165 -185 -349 217
76669: -165 -185 -350 226
76670: -165 -185 -351 235
76674: -165 -186 -427 190
76689: -165 -188 -586 163
76692: -165 -188 -589 190
76693: -165 -188 -590 199
76694: -165 -188 -591 208
76695: -165 -188 -592 217
76698: -165 -189 -667 163
76699: -165 -189 -668 172
76701: -165 -189 -670 190
76702: -165 -189 -671 199
76703: -165 -189 -672 208
76704: -165 -189 -673 217
76705: -165 -189 -674 226
76710: -174 -181 -22 191
76734: -174 -184 -262 164
76737: -174 -184 -265 191
76738: -174 -184 -266 200
76739: -174 -184 -267 209
76740: -174 -184 -268 218
76741: -174 -184 -269 227
76742: -174 -184 -270 236
76744: -174 -185 -344 173
76748: -174 -185 -348 209
76749: -174 -185 -349 218
76750: -174 -185 -350 227
76751: -174 -185 -351 236
76752: -174 -186 -424 164
76759: -174 -186 -431 227
76765: -174 -187 -509 200
76779: -174 -189 -667 164
76910: -192 -185 -348 211
76911: -192 -185 -349 220
76953: -201 -181 -22 194
76997: -201 -186 -426 185
77014: -201 -188 -587 176
77022: -201 -189 -667 167
77034: -210 -181 -22 195
77068: -210 -185 -344 177
77070: -210 -185 -346 195
77074: -210 -185 -350 231
77075: -210 -185 -351 240
77086: -210 -187 -506 177
77089: -210 -187 -509 204
77103: -210 -189 -667 168
77115: -219 -181 -22 196
77140: -219 -184 -263 178
77144: -219 -184 -267 214
77153: -219 -185 -348 214
77155: -219 -185 -350 232
77161: -219 -186 -428 205
77184: -219 -189 -667 169
77196: -228 -181 -22 197
77213: -228 -183 -183 188
77221: -228 -184 -263 179
77224: -228 -184 -266 206
77225: -228 -184 -267 215
77226: -228 -184 -268 224
77228: -228 -184 -270 242
77230: -228 -185 -344 179
77232: -228 -185 -346 197
77234: -228 -185 -348 215
77235: -228 -185 -349 224
77236: -228 -185 -350 233
77237: -228 -185 -351 242
77239: -228 -186 -425 179
77242: -228 -186 -428 206
77244: -228 -186 -430 224
77247: -228 -187 -505 170
77272: -228 -189 -674 233
77277: -237 -181 -22 198
77294: -237 -183 -183 189
77302: -237 -184 -263 180
77303: -237 -184 -264 189
77305: -237 -184 -266 207
77306: -237 -184 -267 216
77307: -237 -184 -268 225
77308: -237 -184 -269 234
77309: -237 -184 -270 243
77310: -237 -185 -343 171
77311: -237 -185 -344 180
77313: -237 -185 -346 198
77317: -237 -185 -350 234
77320: -237 -186 -425 180
77322: -237 -186 -427 198
77323: -237 -186 -428 207
77325: -237 -186 -430 225
77326: -237 -186 -431 234
77327: -237 -186 -432 243
77336: -237 -187 -513 243
77345: -237 -188 -594 243
77440: -255 -262 -32 200
77445: -255 -263 -109 164
77464: -255 -265 -272 173
77475: -255 -266 -355 191
77480: -255 -266 -360 236
77485: -255 -267 -437 200
77490: -255 -268 -514 164
77491: -255 -268 -515 173
77499: -255 -269 -595 164
77501: -255 -269 -597 182
77508: -255 -270 -676 164
77512: -255 -270 -680 200
77513: -255 -270 -681 209
77515: -255 -270 -683 227
77535: -264 -264 -190 165
77536: -264 -264 -191 174
77537: -264 -264 -192 183
77538: -264 -264 -193 192
77539: -264 -264 -194 201
77540: -264 -264 -195 210
77541: -264 -264 -196 219
77542: -264 -264 -197 228
77543: -264 -264 -198 237
77602: -273 -262 -32 202
77636: -273 -266 -354 184
77637: -273 -266 -355 193
77638: -273 -266 -356 202
77640: -273 -266 -358 220
77641: -273 -266 -359 229
77642: -273 -266 -360 238
77644: -273 -267 -434 175
77647: -273 -267 -437 202
77648: -273 -267 -438 211
77649: -273 -267 -439 220
77650: -273 -267 -440 229
77651: -273 -267 -441 238
77652: -273 -268 -514 166
77656: -273 -268 -518 202
77659: -273 -268 -521 229
77661: -273 -269 -595 166
77669: -273 -269 -603 238
77671: -273 -270 -677 175
77672: -273 -270 -678 184
77673: -273 -270 -679 193
77674: -273 -270 -680 202
77675: -273 -270 -681 211
77676: -273 -270 -682 220
77677: -273 -270 -683 229
77678: -273 -270 -684 238
77683: -282 -262 -32 203
77688: -282 -263 -109 167
77707: -282 -265 -272 176
77711: -282 -265 -276 212
77712: -282 -265 -277 221
77713: -282 -265 -278 230
77714: -282 -265 -279 239
77728: -282 -267 -437 203
77749: -282 -269 -602 230
77750: -282 -269 -603 239
77752: -282 -270 -677 176
77758: -282 -270 -683 230
77764: -291 -262 -32 204
77769: -291 -263 -109 168
77803: -291 -266 -359 231
77804: -291 -266 -360 240
77810: -291 -267 -438 213
77821: -291 -268 -521 231
77825: -291 -269 -597 186
77832: -291 -270 -676 168
77839: -291 -270 -683 231
77845: -300 -262 -32 205
77850: -300 -263 -109 169
77852: -300 -263 -111 187
77878: -300 -266 -353 178
77879: -300 -266 -354 187
77880: -300 -266 -355 196
77891: -300 -267 -438 214
77894: -300 -267 -441 241
77895: -300 -268 -514 169
77896: -300 -268 -515 178
77913: -300 -270 -676 169
77914: -300 -270 -677 178
77915: -300 -270 -678 187
77918: -300 -270 -681 214
77919: -300 -270 -682 223
77921: -300 -270 -684 241
77926: -309 -262 -32 206
77931: -309 -263 -109 170
77932: -309 -263 -110 179
77933: -309 -263 -111 188
77934: -309 -263 -112 197
77935: -309 -263 -113 206
77937: -309 -263 -115 224
77939: -309 -263 -117 242
77961: -309 -266 -355 197
77966: -309 -266 -360 242
77971: -309 -267 -437 206
77983: -309 -268 -521 233
77985: -309 -269 -595 170
77986: -309 -269 -596 179
77987: -309 -269 -597 188
77990: -309 -269 -600 215
77991: -309 -269 -601 224
78001: -309 -270 -683 233
78007: -318 -262 -32 207
78012: -318 -263 -109 171
78013: -318 -263 -110 180
78014: -318 -263 -111 189
78015: -318 -263 -112 198
78018: -318 -263 -115 225
78019: -318 -263 -116 234
78036: -318 -265 -277 225
78042: -318 -266 -355 198
78047: -318 -266 -360 243
78048: -318 -267 -433 171
78049: -318 -267 -434 180
78050: -318 -267 -435 189
78051: -318 -267 -436 198
78052: -318 -267 -437 207
78053: -318 -267 -438 216
78054: -318 -267 -439 225
78056: -318 -267 -441 243
78058: -318 -268 -515 180
78059: -318 -268 -516 189
78063: -318 -268 -520 225
78064: -318 -268 -521 234
78065: -318 -268 -522 243
78066: -318 -269 -595 171
78067: -318 -269 -596 180
78072: -318 -269 -601 225
78074: -318 -269 -603 243
78075: -318 -270 -676 171
78089: -327 -343 -42 208
78093: -327 -344 -118 163
78101: -327 -344 -126 235
78115: -327 -346 -284 199
78116: -327 -346 -285 208
78117: -327 -346 -286 217
78118: -327 -346 -287 226
78119: -327 -346 -288 235
78120: -327 -347 -361 163
78129: -327 -348 -442 163
78134: -327 -348 -447 208
78136: -327 -348 -449 226
78137: -327 -348 -450 235
78139: -327 -349 -524 172
78146: -327 -349 -531 235
78147: -327 -350 -604 163
78148: -327 -350 -605 172
78149: -327 -350 -606 181
78150: -327 -350 -607 190
78151: -327 -350 -608 199
78152: -327 -350 -609 208
78153: -327 -350 -610 217
78154: -327 -350 -611 226
78155: -327 -350 -612 235
78156: -327 -351 -685 163
78157: -327 -351 -686 172
78158: -327 -351 -687 181
78159: -327 -351 -688 190
78160: -327 -351 -689 199
78161: -327 -351 -690 208
78162: -327 -351 -691 217
78163: -327 -351 -692 226
78164: -327 -351 -693 235
78170: -336 -343 -42 209
78174: -336 -344 -118 164
78199: -336 -346 -287 227
78214: -336 -348 -446 200
78228: -336 -350 -604 164
78229: -336 -350 -605 173
78230: -336 -350 -606 182
78231: -336 -350 -607 191
78232: -336 -350 -608 200
78234: -336 -350 -610 218
78235: -336 -350 -611 227
78236: -336 -350 -612 236
78264: -345 -345 -199 165
78265: -345 -345 -200 174
78266: -345 -345 -201 183
78267: -345 -345 -202 192
78269: -345 -345 -204 210
78270: -345 -345 -205 219
78271: -345 -345 -206 228
78272: -345 -345 -207 237
78332: -354 -343 -42 211
78336: -354 -344 -118 166
78375: -354 -348 -445 193
78376: -354 -348 -446 202
78390: -354 -350 -604 166
78391: -354 -350 -605 175
78392: -354 -350 -606 184
78393: -354 -350 -607 193
78394: -354 -350 -608 202
78396: -354 -350 -610 220
78398: -354 -350 -612 238
78413: -363 -343 -42 212
78425: -363 -344 -126 239
78454: -363 -348 -443 176
78457: -363 -348 -446 203
78458: -363 -348 -447 212
78459: -363 -348 -448 221
78460: -363 -348 -449 230
78461: -363 -348 -450 239
78470: -363 -349 -531 239
78471: -363 -350 -604 167
78475: -363 -350 -608 203
78479: -363 -350 -612 239
78480: -363 -351 -685 167
78481: -363 -351 -686 176
78482: -363 -351 -687 185
78483: -363 -351 -688 194
78484: -363 -351 -689 203
78485: -363 -351 -690 212
78486: -363 -351 -691 221
78487: -363 -351 -692 230
78488: -363 -351 -693 239
78494: -372 -343 -42 213
78498: -372 -344 -118 168
78506: -372 -344 -126 240
78540: -372 -348 -448 222
78541: -372 -348 -449 231
78542: -372 -348 -450 240
78552: -372 -350 -604 168
78553: -372 -350 -605 177
78554: -372 -350 -606 186
78555: -372 -350 -607 195
78556: -372 -350 -608 204
78557: -372 -350 -609 213
78558: -372 -350 -610 222
78560: -372 -350 -612 240
78575: -381 -343 -42 214
78579: -381 -344 -118 169
78587: -381 -344 -126 241
78598: -381 -346 -281 178
78599: -381 -346 -282 187
78600: -381 -346 -283 196
78601: -381 -346 -284 205
78602: -381 -346 -285 214
78603: -381 -346 -286 223
78604: -381 -346 -287 232
78605: -381 -346 -288 241
78615: -381 -348 -442 169
78619: -381 -348 -446 205
78622: -381 -348 -449 232
78623: -381 -348 -450 241
78624: -381 -349 -523 169
78633: -381 -350 -604 169
78638: -381 -350 -609 214
78639: -381 -350 -610 223
78641: -381 -350 -612 241
78642: -381 -351 -685 169
78649: -381 -351 -692 232
78656: -390 -343 -42 215
78660: -390 -344 -118 170
78661: -390 -344 -119 179
78663: -390 -344 -121 197
78664: -390 -344 -122 206
78666: -390 -344 -124 224
78667: -390 -344 -125 233
78668: -390 -344 -126 242
78680: -390 -346 -282 188
78696: -390 -348 -442 170
78697: -390 -348 -443 179
78698: -390 -348 -444 188
78699: -390 -348 -445 197
78700: -390 -348 -446 206
78701: -390 -348 -447 215
78702: -390 -348 -448 224
78703: -390 -348 -449 233
78704: -390 -348 -450 242
78705: -390 -349 -523 170
78706: -390 -349 -524 179
78711: -390 -349 -529 224
78712: -390 -349 -530 233
78713: -390 -349 -531 242
78714: -390 -350 -604 170
78715: -390 -350 -605 179
78717: -390 -350 -607 197
78719: -390 -350 -609 215
78720: -390 -350 -610 224
78721: -390 -350 -611 233
78722: -390 -350 -612 242
78723: -390 -351 -685 170
78730: -390 -351 -692 233
78737: -399 -343 -42 216
78741: -399 -344 -118 171
78748: -399 -344 -125 234
78749: -399 -344 -126 243
78760: -399 -346 -281 180
78761: -399 -346 -282 189
78762: -399 -346 -283 198
78763: -399 -346 -284 207
78765: -399 -346 -286 225
78768: -399 -347 -361 171
78781: -399 -348 -446 207
78783: -399 -348 -448 225
78785: -399 -348 -450 243
78786: -399 -349 -523 171
78794: -399 -349 -531 243
78795: -399 -350 -604 171
78796: -399 -350 -605 180
78797: -399 -350 -606 189
78798: -399 -350 -607 198
78799: -399 -350 -608 207
78801: -399 -350 -610 225
78802: -399 -350 -611 234
78803: -399 -350 -612 243
78805: -399 -351 -686 180
78807: -399 -351 -688 198
78809: -399 -351 -690 216
78810: -399 -351 -691 225
78811: -399 -351 -692 234
78819: -408 -424 -52 217
78823: -408 -425 -128 172
78824: -408 -425 -129 181
78825: -408 -425 -130 190
78826: -408 -425 -131 199
78829: -408 -425 -134 226
78830: -408 -425 -135 235
78842: -408 -427 -291 181
78847: -408 -427 -296 226
78849: -408 -428 -370 163
78850: -408 -428 -371 172
78851: -408 -428 -372 181
78853: -408 -428 -374 199
78854: -408 -428 -375 208
78855: -408 -428 -376 217
78856: -408 -428 -377 226
78857: -408 -428 -378 235
78866: -408 -429 -459 235
78868: -408 -430 -533 172
78871: -408 -430 -536 199
78873: -408 -430 -538 217
78874: -408 -430 -539 226
78875: -408 -430 -540 235
78876: -408 -431 -613 163
78877: -408 -431 -614 172
78879: -408 -431 -616 190
78880: -408 -431 -617 199
78881: -408 -431 -618 208
78882: -408 -431 -619 217
78883: -408 -431 -620 226
78884: -408 -431 -621 235
78885: -408 -432 -694 163
78886: -408 -432 -695 172
78887: -408 -432 -696 181
78889: -408 -432 -698 199
78891: -408 -432 -700 217
78892: -408 -432 -701 226
78893: -408 -432 -702 235
78900: -417 -424 -52 218
78904: -417 -425 -128 173
78905: -417 -425 -129 182
78906: -417 -425 -130 191
78907: -417 -425 -131 200
78910: -417 -425 -134 227
78911: -417 -425 -135 236
78922: -417 -427 -290 173
78923: -417 -427 -291 182
78924: -417 -427 -292 191
78925: -417 -427 -293 200
78927: -417 -427 -295 218
78930: -417 -428 -370 164
78931: -417 -428 -371 173
78932: -417 -428 -372 182
78934: -417 -428 -374 200
78936: -417 -428 -376 218
78937: -417 -428 -377 227
78938: -417 -428 -378 236
78939: -417 -429 -451 164
78947: -417 -429 -459 236
78949: -417 -430 -533 173
78950: -417 -430 -534 182
78952: -417 -430 -536 200
78957: -417 -431 -613 164
78958: -417 -431 -614 173
78959: -417 -431 -615 182
78961: -417 -431 -617 200
78964: -417 -431 -620 227
78965: -417 -431 -621 236
78966: -417 -432 -694 164
78967: -417 -432 -695 173
78968: -417 -432 -696 182
78970: -417 -432 -698 200
78973: -417 -432 -701 227
78974: -417 -432 -702 236
78993: -426 -426 -208 165
78994: -426 -426 -209 174
78995: -426 -426 -210 183
78999: -426 -426 -214 219
79092: -435 -428 -370 166
79093: -435 -428 -371 175
79094: -435 -428 -372 184
79096: -435 -428 -374 202
79098: -435 -428 -376 220
79099: -435 -428 -377 229
79100: -435 -428 -378 238
79108: -435 -429 -458 229
79109: -435 -429 -459 238
79116: -435 -430 -538 220
79117: -435 -430 -539 229
79119: -435 -431 -613 166
79126: -435 -431 -620 229
79128: -435 -432 -694 166
79143: -444 -424 -52 221
79147: -444 -425 -128 176
79148: -444 -425 -129 185
79149: -444 -425 -130 194
79154: -444 -425 -135 239
79174: -444 -428 -371 176
79175: -444 -428 -372 185
79177: -444 -428 -374 203
79178: -444 -428 -375 212
79179: -444 -428 -376 221
79180: -444 -428 -377 230
79181: -444 -428 -378 239
79183: -444 -429 -452 176
79185: -444 -429 -454 194
79187: -444 -429 -456 212
79188: -444 -429 -457 221
79189: -444 -429 -458 230
79190: -444 -429 -459 239
79193: -444 -430 -534 185
79194: -444 -430 -535 194
79195: -444 -430 -536 203
79197: -444 -430 -538 221
79198: -444 -430 -539 230
79199: -444 -430 -540 239
79200: -444 -431 -613 167
79201: -444 -431 -614 176
79202: -444 -431 -615 185
79204: -444 -431 -617 203
79205: -444 -431 -618 212
79206: -444 -431 -619 221
79207: -444 -431 -620 230
79208: -444 -431 -621 239
79209: -444 -432 -694 167
79210: -444 -432 -695 176
79211: -444 -432 -696 185
79212: -444 -432 -697 194
79213: -444 -432 -698 203
79215: -444 -432 -700 221
79217: -444 -432 -702 239
79224: -453 -424 -52 222
79228: -453 -425 -128 177
79229: -453 -425 -129 186
79230: -453 -425 -130 195
79235: -453 -425 -135 240
79255: -453 -428 -371 177
79257: -453 -428 -373 195
79258: -453 -428 -374 204
79260: -453 -428 -376 222
79261: -453 -428 -377 231
79262: -453 -428 -378 240
79272: -453 -430 -532 168
79273: -453 -430 -533 177
79276: -453 -430 -536 204
79278: -453 -430 -538 222
79279: -453 -430 -539 231
79280: -453 -430 -540 240
79281: -453 -431 -613 168
79283: -453 -431 -615 186
79284: -453 -431 -616 195
79285: -453 -431 -617 204
79287: -453 -431 -619 222
79288: -453 -431 -620 231
79289: -453 -431 -621 240
79290: -453 -432 -694 168
79292: -453 -432 -696 186
79297: -453 -432 -701 231
79305: -462 -424 -52 223
79309: -462 -425 -128 178
79310: -462 -425 -129 187
79311: -462 -425 -130 196
79312: -462 -425 -131 205
79316: -462 -425 -135 241
79327: -462 -427 -290 178
79336: -462 -428 -371 178
79337: -462 -428 -372 187
79339: -462 -428 -374 205
79340: -462 -428 -375 214
79341: -462 -428 -376 223
79342: -462 -428 -377 232
79343: -462 -428 -378 241
79345: -462 -429 -452 178
79352: -462 -429 -459 241
79360: -462 -430 -539 232
79370: -462 -431 -621 241
79372: -462 -432 -695 178
79377: -462 -432 -700 223
79378: -462 -432 -701 232
79386: -471 -424 -52 224
79391: -471 -425 -129 188
79397: -471 -425 -135 242
79413: -471 -427 -295 224
79417: -471 -428 -371 179
79418: -471 -428 -372 188
79419: -471 -428 -373 197
79420: -471 -428 -374 206
79421: -471 -428 -375 215
79422: -471 -428 -376 224
79423: -471 -428 -377 233
79424: -471 -428 -378 242
79425: -471 -429 -451 170
79426: -471 -429 -452 179
79428: -471 -429 -454 197
79430: -471 -429 -456 215
79431: -471 -429 -457 224
79433: -471 -429 -459 242
79435: -471 -430 -533 179
79436: -471 -430 -534 188
79437: -471 -430 -535 197
79438: -471 -430 -536 206
79440: -471 -430 -538 224
79441: -471 -430 -539 233
79442: -471 -430 -540 242
79445: -471 -431 -615 188
79446: -471 -431 -616 197
79450: -471 -431 -620 233
79451: -471 -431 -621 242
79452: -471 -432 -694 170
79459: -471 -432 -701 233
79467: -480 -424 -52 225
79498: -480 -428 -371 180
79499: -480 -428 -372 189
79501: -480 -428 -374 207
79502: -480 -428 -375 216
79503: -480 -428 -376 225
79506: -480 -429 -451 171
79507: -480 -429 -452 180
79514: -480 -429 -459 243
79524: -480 -431 -613 171
79532: -480 -431 -621 243
79533: -480 -432 -694 171
79540: -480 -432 -701 234
79542: -489 -505 -55 163
79551: -489 -506 -136 163
79552: -489 -506 -137 172
79553: -489 -506 -138 181
79554: -489 -506 -139 190
79555: -489 -506 -140 199
79557: -489 -506 -142 217
79558: -489 -506 -143 226
79559: -489 -506 -144 235
79569: -489 -508 -298 163
79570: -489 -508 -299 172
79571: -489 -508 -300 181
79572: -489 -508 -301 190
79573: -489 -508 -302 199
79574: -489 -508 -303 208
79575: -489 -508 -304 217
79576: -489 -508 -305 226
79577: -489 -508 -306 235
79578: -489 -509 -379 163
79579: -489 -509 -380 172
79580: -489 -509 -381 181
79581: -489 -509 -382 190
79582: -489 -509 -383 199
79583: -489 -509 -384 208
79584: -489 -509 -385 217
79585: -489 -509 -386 226
79586: -489 -509 -387 235
79597: -489 -511 -542 172
79600: -489 -511 -545 199
79602: -489 -511 -547 217
79603: -489 -511 -548 226
79604: -489 -511 -549 235
79605: -489 -512 -622 163
79606: -489 -512 -623 172
79607: -489 -512 -624 181
79608: -489 -512 -625 190
79609: -489 -512 -626 199
79610: -489 -512 -627 208
79611: -489 -512 -628 217
79612: -489 -512 -629 226
79613: -489 -512 -630 235
79614: -489 -513 -703 163
79615: -489 -513 -704 172
79616: -489 -513 -705 181
79617: -489 -513 -706 190
79618: -489 -513 -707 199
79619: -489 -513 -708 208
79620: -489 -513 -709 217
79621: -489 -513 -710 226
79622: -489 -513 -711 235
79722: -507 -507 -217 165
79723: -507 -507 -218 174
79724: -507 -507 -219 183
79726: -507 -507 -221 201
79727: -507 -507 -222 210
79729: -507 -507 -224 228
79730: -507 -507 -225 237
79785: -516 -505 -55 166
79794: -516 -506 -136 166
79828: -516 -509 -386 229
79847: -516 -511 -549 238
79848: -516 -512 -622 166
79851: -516 -512 -625 193
79852: -516 -512 -626 202
79856: -516 -512 -630 238
79857: -516 -513 -703 166
79860: -516 -513 -706 193
79861: -516 -513 -707 202
79864: -516 -513 -710 229
79866: -525 -505 -55 167
79875: -525 -506 -136 167
79905: -525 -509 -382 194
79906: -525 -509 -383 203
79909: -525 -509 -386 230
79910: -525 -509 -387 239
79928: -525 -511 -549 239
79937: -525 -512 -630 239
79941: -525 -513 -706 194
79947: -534 -505 -55 168
79956: -534 -506 -136 168
79990: -534 -509 -386 231
80009: -534 -511 -549 240
80010: -534 -512 -622 168
80018: -534 -512 -630 240
80019: -534 -513 -703 168
80024: -534 -513 -708 213
80026: -534 -513 -710 231
80028: -543 -505 -55 169
80037: -543 -506 -136 169
80045: -543 -506 -144 241
80064: -543 -509 -379 169
80072: -543 -509 -387 241
80091: -543 -512 -622 169
80094: -543 -512 -625 196
80099: -543 -512 -630 241
80103: -543 -513 -706 196
80104: -543 -513 -707 205
80106: -543 -513 -709 223
80107: -543 -513 -710 232
80109: -552 -505 -55 170
80118: -552 -506 -136 170
80120: -552 -506 -138 188
80122: -552 -506 -140 206
80172: -552 -512 -622 170
80173: -552 -512 -623 179
80180: -552 -512 -630 242
80181: -552 -513 -703 170
80182: -552 -513 -704 179
80184: -552 -513 -706 197
80188: -552 -513 -710 233
80190: -561 -505 -55 171
80199: -561 -506 -136 171
80200: -561 -506 -137 180
80201: -561 -506 -138 189
80202: -561 -506 -139 198
80203: -561 -506 -140 207
80205: -561 -506 -142 225
80206: -561 -506 -143 234
80207: -561 -506 -144 243
80218: -561 -508 -299 180
80220: -561 -508 -301 198
80221: -561 -508 -302 207
80222: -561 -508 -303 216
80223: -561 -508 -304 225
80224: -561 -508 -305 234
80225: -561 -508 -306 243
80233: -561 -509 -386 234
80234: -561 -509 -387 243
80245: -561 -511 -542 180
80247: -561 -511 -544 198
80250: -561 -511 -547 225
80252: -561 -511 -549 243
80253: -561 -512 -622 171
80256: -561 -512 -625 198
80259: -561 -512 -628 225
80261: -561 -512 -630 243
80262: -561 -513 -703 171
80265: -561 -513 -706 198
80266: -561 -513 -707 207
80267: -561 -513 -708 216
80269: -561 -513 -710 234
80279: -570 -586 -72 235
80280: -570 -587 -145 163
80281: -570 -587 -146 172
80282: -570 -587 -147 181
80283: -570 -587 -148 190
80284: -570 -587 -149 199
80286: -570 -587 -151 217
80287: -570 -587 -152 226
80288: -570 -587 -153 235
80298: -570 -589 -307 163
80299: -570 -589 -308 172
80300: -570 -589 -309 181
80301: -570 -589 -310 190
80302: -570 -589 -311 199
80303: -570 -589 -312 208
80304: -570 -589 -313 217
80305: -570 -589 -314 226
80306: -570 -589 -315 235
80307: -570 -590 -388 163
80308: -570 -590 -389 172
80309: -570 -590 -390 181
80310: -570 -590 -391 190
80311: -570 -590 -392 199
80312: -570 -590 -393 208
80313: -570 -590 -394 217
80314: -570 -590 -395 226
80315: -570 -590 -396 235
80316: -570 -591 -469 163
80317: -570 -591 -470 172
80318: -570 -591 -471 181
80319: -570 -591 -472 190
80320: -570 -591 -473 199
80321: -570 -591 -474 208
80322: -570 -591 -475 217
80323: -570 -591 -476 226
80324: -570 -591 -477 235
80325: -570 -592 -550 163
80326: -570 -592 -551 172
80327: -570 -592 -552 181
80328: -570 -592 -553 190
80329: -570 -592 -554 199
80331: -570 -592 -556 217
80333: -570 -592 -558 235
80334: -570 -593 -631 163
80335: -570 -593 -632 172
80337: -570 -593 -634 190
80338: -570 -593 -635 199
80339: -570 -593 -636 208
80340: -570 -593 -637 217
80341: -570 -593 -638 226
80344: -570 -594 -713 172
80345: -570 -594 -714 181
80346: -570 -594 -715 190
80347: -570 -594 -716 199
80348: -570 -594 -717 208
80349: -570 -594 -718 217
80351: -570 -594 -720 235
80360: -579 -586 -72 236
80361: -579 -587 -145 164
80368: -579 -587 -152 227
80379: -579 -589 -307 164
80387: -579 -589 -315 236
80388: -579 -590 -388 164
80391: -579 -590 -391 191
80396: -579 -590 -396 236
80397: -579 -591 -469 164
80398: -579 -591 -470 173
80400: -579 -591 -472 191
80402: -579 -591 -474 209
80403: -579 -591 -475 218
80405: -579 -591 -477 236
80413: -579 -592 -557 227
80414: -579 -592 -558 236
80416: -579 -593 -632 173
80421: -579 -593 -637 218
80425: -579 -594 -713 173
80427: -579 -594 -715 191
80428: -579 -594 -716 200
80429: -579 -594 -717 209
80430: -579 -594 -718 218
80451: -588 -588 -226 165
80452: -588 -588 -227 174
80453: -588 -588 -228 183
80454: -588 -588 -229 192
80455: -588 -588 -230 201
80456: -588 -588 -231 210
80457: -588 -588 -232 219
80458: -588 -588 -233 228
80459: -588 -588 -234 237
80522: -597 -586 -72 238
80526: -597 -587 -148 193
80549: -597 -589 -315 238
80559: -597 -591 -469 166
80568: -597 -592 -550 166
80578: -597 -593 -632 175
80587: -597 -594 -713 175
80589: -597 -594 -715 193
80590: -597 -594 -716 202
80591: -597 -594 -717 211
80592: -597 -594 -718 220
80594: -597 -594 -720 238
80603: -606 -586 -72 239
80604: -606 -587 -145 167
80607: -606 -587 -148 194
80608: -606 -587 -149 203
80630: -606 -589 -315 239
80632: -606 -590 -389 176
80634: -606 -590 -391 194
80637: -606 -590 -394 221
80649: -606 -592 -550 167
80657: -606 -592 -558 239
80659: -606 -593 -632 176
80664: -606 -593 -637 221
80668: -606 -594 -713 176
80670: -606 -594 -715 194
80671: -606 -594 -716 203
80673: -606 -594 -718 221
80684: -615 -586 -72 240
80685: -615 -587 -145 168
80688: -615 -587 -148 195
80689: -615 -587 -149 204
80711: -615 -589 -315 240
80712: -615 -590 -388 168
80722: -615 -591 -470 177
80730: -615 -592 -550 168
80745: -615 -593 -637 222
80749: -615 -594 -713 177
80751: -615 -594 -715 195
80752: -615 -594 -716 204
80753: -615 -594 -717 213
80754: -615 -594 -718 222
80765: -624 -586 -72 241
80766: -624 -587 -145 169
80769: -624 -587 -148 196
80770: -624 -587 -149 205
80772: -624 -587 -151 223
80774: -624 -587 -153 241
80793: -624 -590 -388 169
80795: -624 -590 -390 187
80796: -624 -590 -391 196
80802: -624 -591 -469 169
80810: -624 -591 -477 241
80819: -624 -592 -558 241
80825: -624 -593 -636 214
80830: -624 -594 -713 178
80832: -624 -594 -715 196
80833: -624 -594 -716 205
80834: -624 -594 -717 214
80835: -624 -594 -718 223
80846: -633 -586 -72 242
80850: -633 -587 -148 197
80851: -633 -587 -149 206
80865: -633 -589 -307 170
80872: -633 -589 -314 233
80873: -633 -589 -315 242
80874: -633 -590 -388 170
80877: -633 -590 -391 197
80881: -633 -590 -395 233
80884: -633 -591 -470 179
80885: -633 -591 -471 188
80886: -633 -591 -472 197
80887: -633 -591 -473 206
80888: -633 -591 -474 215
80889: -633 -591 -475 224
80890: -633 -591 -476 233
80892: -633 -592 -550 170
80899: -633 -592 -557 233
80900: -633 -592 -558 242
80911: -633 -594 -713 179
80912: -633 -594 -714 188
80913: -633 -594 -715 197
80914: -633 -594 -716 206
80915: -633 -594 -717 215
80916: -633 -594 -718 224
80927: -642 -586 -72 243
80929: -642 -587 -146 180
80936: -642 -587 -153 243
80946: -642 -589 -307 171
80953: -642 -589 -314 234
80954: -642 -589 -315 243
80955: -642 -590 -388 171
80958: -642 -590 -391 198
80962: -642 -590 -395 234
80964: -642 -591 -469 171
80965: -642 -591 -470 180
80967: -642 -591 -472 198
80968: -642 -591 -473 207
80969: -642 -591 -474 216
80970: -642 -591 -475 225
80971: -642 -591 -476 234
80972: -642 -591 -477 243
80973: -642 -592 -550 171
80983: -642 -593 -632 180
80994: -642 -594 -715 198
80995: -642 -594 -716 207
80996: -642 -594 -717 216
80997: -642 -594 -718 225
80999: -642 -594 -720 243
81007: -651 -667 -80 226
81009: -651 -668 -154 163
81010: -651 -668 -155 172
81011: -651 -668 -156 181
81012: -651 -668 -157 190
81013: -651 -668 -158 199
81015: -651 -668 -160 217
81016: -651 -668 -161 226
81017: -651 -668 -162 235
81027: -651 -670 -316 163
81028: -651 -670 -317 172
81029: -651 -670 -318 181
81030: -651 -670 -319 190
81031: -651 -670 -320 199
81032: -651 -670 -321 208
81033: -651 -670 -322 217
81034: -651 -670 -323 226
81035: -651 -670 -324 235
81036: -651 -671 -397 163
81037: -651 -671 -398 172
81038: -651 -671 -399 181
81039: -651 -671 -400 190
81040: -651 -671 -401 199
81041: -651 -671 -402 208
81042: -651 -671 -403 217
81043: -651 -671 -404 226
81044: -651 -671 -405 235
81045: -651 -672 -478 163
81046: -651 -672 -479 172
81047: -651 -672 -480 181
81048: -651 -672 -481 190
81049: -651 -672 -482 199
81050: -651 -672 -483 208
81051: -651 -672 -484 217
81052: -651 -672 -485 226
81053: -651 -672 -486 235
81054: -651 -673 -559 163
81055: -651 -673 -560 172
81056: -651 -673 -561 181
81057: -651 -673 -562 190
81058: -651 -673 -563 199
81060: -651 -673 -565 217
81061: -651 -673 -566 226
81062: -651 -673 -567 235
81064: -651 -674 -641 172
81066: -651 -674 -643 190
81067: -651 -674 -644 199
81068: -651 -674 -645 208
81069: -651 -674 -646 217
81073: -651 -675 -722 172
81075: -651 -675 -724 190
81076: -651 -675 -725 199
81077: -651 -675 -726 208
81078: -651 -675 -727 217
81088: -660 -667 -80 227
81090: -660 -668 -154 164
81115: -660 -670 -323 227
81126: -660 -672 -478 164
81127: -660 -672 -479 173
81129: -660 -672 -481 191
81130: -660 -672 -482 200
81132: -660 -672 -484 218
81134: -660 -672 -486 236
81143: -660 -673 -567 236
81145: -660 -674 -641 173
81147: -660 -674 -643 191
81148: -660 -674 -644 200
81149: -660 -674 -645 209
81150: -660 -674 -646 218
81152: -660 -674 -648 236
81180: -669 -669 -235 165
81181: -669 -669 -236 174
81182: -669 -669 -237 183
81184: -669 -669 -239 201
81185: -669 -669 -240 210
81186: -669 -669 -241 219
81187: -669 -669 -242 228
81188: -669 -669 -243 237
81250: -678 -667 -80 229
81255: -678 -668 -157 193
81282: -678 -671 -400 193
81297: -678 -673 -559 166
81307: -678 -674 -641 175
81309: -678 -674 -643 193
81310: -678 -674 -644 202
81311: -678 -674 -645 211
81312: -678 -674 -646 220
81316: -678 -675 -722 175
81320: -678 -675 -726 211
81321: -678 -675 -727 220
81331: -687 -667 -80 230
81336: -687 -668 -157 194
81337: -687 -668 -158 203
81351: -687 -670 -316 167
81358: -687 -670 -323 230
81361: -687 -671 -398 176
81363: -687 -671 -400 194
81366: -687 -671 -403 221
81369: -687 -672 -478 167
81373: -687 -672 -482 203
81376: -687 -672 -485 230
81378: -687 -673 -559 167
81388: -687 -674 -641 176
81390: -687 -674 -643 194
81391: -687 -674 -644 203
81392: -687 -674 -645 212
81393: -687 -674 -646 221
81397: -687 -675 -722 176
81412: -696 -667 -80 231
81414: -696 -668 -154 168
81432: -696 -670 -316 168
81439: -696 -670 -323 231
81441: -696 -671 -397 168
81448: -696 -671 -404 231
81450: -696 -672 -478 168
81459: -696 -673 -559 168
81460: -696 -673 -560 177
81462: -696 -673 -562 195
81463: -696 -673 -563 204
81465: -696 -673 -565 222
81469: -696 -674 -641 177
81471: -696 -674 -643 195
81472: -696 -674 -644 204
81473: -696 -674 -645 213
81474: -696 -674 -646 222
81493: -705 -667 -80 232
81495: -705 -668 -154 169
81499: -705 -668 -158 205
81501: -705 -668 -160 223
81531: -705 -672 -478 169
81552: -705 -674 -643 196
81553: -705 -674 -644 205
81554: -705 -674 -645 214
81555: -705 -674 -646 223
81574: -714 -667 -80 233
81576: -714 -668 -154 170
81580: -714 -668 -158 206
81594: -714 -670 -316 170
81602: -714 -670 -324 242
81603: -714 -671 -397 170
81608: -714 -671 -402 215
81612: -714 -672 -478 170
81613: -714 -672 -479 179
81619: -714 -672 -485 233
81621: -714 -673 -559 170
81629: -714 -673 -567 242
81631: -714 -674 -641 179
81632: -714 -674 -642 188
81633: -714 -674 -643 197
81634: -714 -674 -644 206
81635: -714 -674 -645 215
81636: -714 -674 -646 224
81639: -714 -675 -721 170
81642: -714 -675 -724 197
81643: -714 -675 -725 206
81645: -714 -675 -727 224
81655: -723 -667 -80 234
81660: -723 -668 -157 198
81663: -723 -668 -160 225
81682: -723 -670 -323 234
81685: -723 -671 -398 180
81686: -723 -671 -399 189
81687: -723 -671 -400 198
81688: -723 -671 -401 207
81689: -723 -671 -402 216
81690: -723 -671 -403 225
81691: -723 -671 -404 234
81693: -723 -672 -478 171
81694: -723 -672 -479 180
81697: -723 -672 -482 207
81698: -723 -672 -483 216
81699: -723 -672 -484 225
81702: -723 -673 -559 171
81712: -723 -674 -641 180
81713: -723 -674 -642 189
81714: -723 -674 -643 198
81715: -723 -674 -644 207
81716: -723 -674 -645 216
81717: -723 -674 -646 225
81928: -22 -32 -326 255
81929: -22 -32 -327 264
81930: -22 -32 -328 273
81931: -22 -32 -329 282
81932: -22 -32 -330 291
81933: -22 -32 -331 300
81934: -22 -32 -332 309
81935: -22 -32 -333 318
82541: -94 -109 -12 263
82578: -94 -113 -337 272
82598: -94 -115 -501 290
82610: -94 -116 -585 317
82611: -94 -117 -658 245
82618: -94 -117 -665 308
82622: -103 -109 -12 264
82679: -103 -115 -501 291
82685: -103 -116 -579 264
82687: -103 -116 -581 282
82690: -103 -116 -584 309
82691: -103 -116 -585 318
82692: -103 -117 -658 246
82699: -103 -117 -665 309
82728: -112 -112 -253 247
82732: -112 -112 -257 283
82784: -121 -109 -12 266
82841: -121 -115 -501 293
82854: -121 -117 -658 248
82865: -130 -109 -12 267
82880: -130 -110 -99 321
82922: -130 -115 -501 294
82926: -130 -116 -577 249
82927: -130 -116 -578 258
82928: -130 -116 -579 267
82930: -130 -116 -581 285
82931: -130 -116 -582 294
82932: -130 -116 -583 303
82933: -130 -116 -584 312
82934: -130 -116 -585 321
82935: -130 -117 -658 249
82942: -130 -117 -665 312
82946: -139 -109 -12 268
83003: -139 -115 -501 295
83016: -139 -117 -658 250
83027: -148 -109 -12 269
83045: -148 -111 -174 269
83046: -148 -111 -175 278
83047: -148 -111 -176 287
83048: -148 -111 -177 296
83049: -148 -111 -178 305
83050: -148 -111 -179 314
83051: -148 -111 -180 323
83062: -148 -113 -335 260
83063: -148 -113 -336 269
83064: -148 -113 -337 278
83065: -148 -113 -338 287
83066: -148 -113 -339 296
83067: -148 -113 -340 305
83069: -148 -113 -342 323
83084: -148 -115 -501 296
83096: -148 -116 -585 323
83097: -148 -117 -658 251
83104: -148 -117 -665 314
83108: -157 -109 -12 270
83128: -157 -111 -176 288
83129: -157 -111 -177 297
83131: -157 -111 -179 315
83132: -157 -111 -180 324
83145: -157 -113 -337 279
83165: -157 -115 -501 297
83169: -157 -116 -577 252
83173: -157 -116 -581 288
83177: -157 -116 -585 324
83178: -157 -117 -658 252
83183: -157 -117 -663 297
83184: -157 -117 -664 306
83190: -166 -190 -22 271
83197: -166 -191 -101 253
83198: -166 -191 -102 262
83200: -166 -191 -104 280
83203: -166 -191 -107 307
83204: -166 -191 -108 316
83211: -166 -192 -187 298
83223: -166 -194 -343 244
83224: -166 -194 -344 253
83225: -166 -194 -345 262
83226: -166 -194 -346 271
83228: -166 -194 -348 289
83229: -166 -194 -349 298
83231: -166 -194 -351 316
83232: -166 -195 -424 244
83236: -166 -195 -428 280
83241: -166 -196 -505 244
83250: -166 -197 -586 244
83251: -166 -197 -587 253
83253: -166 -197 -589 271
83256: -166 -197 -592 298
83258: -166 -197 -594 316
83259: -166 -198 -667 244
83260: -166 -198 -668 253
83266: -166 -198 -674 307
83271: -175 -190 -22 272
83290: -175 -192 -185 281
83313: -175 -195 -424 245
83339: -175 -197 -594 317
83340: -175 -198 -667 245
83347: -175 -198 -674 308
83352: -184 -190 -22 273
83358: -184 -191 -100 246
83392: -184 -194 -350 309
83394: -184 -195 -424 246
83398: -184 -195 -428 282
83404: -184 -196 -506 255
83410: -184 -196 -512 309
83412: -184 -197 -586 246
83420: -184 -197 -594 318
83421: -184 -198 -667 246
83428: -184 -198 -674 309
83457: -193 -193 -262 247
83458: -193 -193 -263 256
83459: -193 -193 -264 265
83460: -193 -193 -265 274
83461: -193 -193 -266 283
83465: -193 -193 -270 319
83514: -202 -190 -22 275
83556: -202 -195 -424 248
83558: -202 -195 -426 266
83560: -202 -195 -428 284
83590: -202 -198 -674 311
83595: -211 -190 -22 276
83614: -211 -192 -185 285
83629: -211 -194 -344 258
83632: -211 -194 -347 285
83634: -211 -194 -349 303
83635: -211 -194 -350 312
83636: -211 -194 -351 321
83641: -211 -195 -428 285
83664: -211 -198 -667 249
83676: -220 -190 -22 277
83682: -220 -191 -100 250
83690: -220 -191 -108 322
83695: -220 -192 -185 286
83709: -220 -194 -343 250
83718: -220 -195 -424 250
83720: -220 -195 -426 268
83722: -220 -195 -428 286
83734: -220 -196 -512 313
83736: -220 -197 -586 250
83740: -220 -197 -590 286
83741: -220 -197 -591 295
83743: -220 -197 -593 313
83744: -220 -197 -594 322
83749: -220 -198 -671 286
83750: -220 -198 -672 295
83752: -220 -198 -674 313
83753: -220 -198 -675 322
83757: -229 -190 -22 278
83763: -229 -191 -100 251
83803: -229 -195 -428 287
83815: -229 -196 -512 314
83821: -229 -197 -590 287
83822: -229 -197 -591 296
83824: -229 -197 -593 314
83825: -229 -197 -594 323
83826: -229 -198 -667 251
83833: -229 -198 -674 314
83838: -238 -190 -22 279
83844: -238 -191 -100 252
83880: -238 -195 -424 252
83882: -238 -195 -426 270
83899: -238 -197 -587 261
83906: -238 -197 -594 324
83920: -247 -271 -32 280
83935: -247 -273 -191 253
83946: -247 -274 -274 271
83960: -247 -275 -360 316
83965: -247 -276 -437 280
83977: -247 -277 -521 307
83983: -247 -278 -599 280
83987: -247 -278 -603 316
83989: -247 -279 -677 253
83990: -247 -279 -678 262
83993: -247 -279 -681 289
83994: -247 -279 -682 298
84001: -256 -271 -32 281
84042: -256 -276 -433 245
84046: -256 -276 -437 281
84048: -256 -276 -439 299
84052: -256 -277 -515 254
84055: -256 -277 -518 281
84069: -256 -279 -676 245
84074: -256 -279 -681 290
84082: -265 -271 -32 282
84129: -265 -276 -439 300
84130: -265 -276 -440 309
84136: -265 -277 -518 282
84155: -265 -279 -681 291
84259: -283 -273 -191 257
84264: -283 -273 -196 302
84265: -283 -273 -197 311
84266: -283 -273 -198 320
84285: -283 -276 -433 248
84291: -283 -276 -439 302
84292: -283 -276 -440 311
84313: -283 -279 -677 257
84316: -283 -279 -680 284
84317: -283 -279 -681 293
84325: -292 -271 -32 285
84343: -292 -273 -194 285
84344: -292 -273 -195 294
84345: -292 -273 -196 303
84375: -292 -277 -514 249
84377: -292 -277 -516 267
84394: -292 -279 -677 258
84406: -301 -271 -32 286
84411: -301 -272 -109 250
84413: -301 -272 -111 268
84415: -301 -272 -113 286
84417: -301 -272 -115 304
84418: -301 -272 -116 313
84419: -301 -272 -117 322
84424: -301 -273 -194 286
84425: -301 -273 -195 295
84426: -301 -273 -196 304
84427: -301 -273 -197 313
84439: -301 -275 -353 259
84440: -301 -275 -354 268
84442: -301 -275 -356 286
84444: -301 -275 -358 304
84445: -301 -275 -359 313
84446: -301 -275 -360 322
84451: -301 -276 -437 286
84454: -301 -276 -440 313
84474: -301 -279 -676 250
84492: -310 -272 -109 251
84494: -310 -272 -111 269
84496: -310 -272 -113 287
84500: -310 -272 -117 323
84520: -310 -275 -353 260
84521: -310 -275 -354 269
84524: -310 -275 -357 296
84525: -310 -275 -358 305
84527: -310 -275 -360 323
84528: -310 -276 -433 251
84529: -310 -276 -434 260
84532: -310 -276 -437 287
84534: -310 -276 -439 305
84536: -310 -276 -441 323
84544: -310 -277 -521 314
84556: -310 -279 -677 260
84562: -310 -279 -683 314
84568: -319 -271 -32 288
84573: -319 -272 -109 252
84587: -319 -273 -195 297
84588: -319 -273 -196 306
84589: -319 -273 -197 315
84609: -319 -276 -433 252
84613: -319 -276 -437 288
84615: -319 -276 -439 306
84618: -319 -277 -514 252
84626: -319 -277 -522 324
84635: -319 -278 -603 324
84650: -328 -352 -42 289
84654: -328 -353 -118 244
84656: -328 -353 -120 262
84657: -328 -353 -121 271
84662: -328 -353 -126 316
84665: -328 -354 -201 262
84666: -328 -354 -202 271
84667: -328 -354 -203 280
84668: -328 -354 -204 289
84669: -328 -354 -205 298
84682: -328 -356 -362 253
84683: -328 -356 -363 262
84685: -328 -356 -365 280
84686: -328 -356 -366 289
84687: -328 -356 -367 298
84688: -328 -356 -368 307
84689: -328 -356 -369 316
84690: -328 -357 -442 244
84691: -328 -357 -443 253
84692: -328 -357 -444 262
84693: -328 -357 -445 271
84694: -328 -357 -446 280
84695: -328 -357 -447 289
84696: -328 -357 -448 298
84697: -328 -357 -449 307
84698: -328 -357 -450 316
84699: -328 -358 -523 244
84701: -328 -358 -525 262
84702: -328 -358 -526 271
84703: -328 -358 -527 280
84705: -328 -358 -529 298
84706: -328 -358 -530 307
84707: -328 -358 -531 316
84708: -328 -359 -604 244
84709: -328 -359 -605 253
84710: -328 -359 -606 262
84711: -328 -359 -607 271
84713: -328 -359 -609 289
84714: -328 -359 -610 298
84715: -328 -359 -611 307
84716: -328 -359 -612 316
84717: -328 -360 -685 244
84718: -328 -360 -686 253
84719: -328 -360 -687 262
84722: -328 -360 -690 289
84723: -328 -360 -691 298
84724: -328 -360 -692 307
84725: -328 -360 -693 316
84731: -337 -352 -42 290
84735: -337 -353 -118 245
84741: -337 -353 -124 299
84764: -337 -356 -363 263
84770: -337 -356 -369 317
84771: -337 -357 -442 245
84781: -337 -358 -524 254
84789: -337 -359 -604 245
84794: -337 -359 -609 290
84796: -337 -359 -611 308
84797: -337 -359 -612 317
84798: -337 -360 -685 245
84803: -337 -360 -690 290
84805: -337 -360 -692 308
84812: -346 -352 -42 291
84820: -346 -353 -122 282
84823: -346 -353 -125 309
84825: -346 -354 -199 246
84826: -346 -354 -200 255
84827: -346 -354 -201 264
84828: -346 -354 -202 273
84829: -346 -354 -203 282
84831: -346 -354 -205 300
84833: -346 -354 -207 318
84856: -346 -357 -446 282
84860: -346 -357 -450 318
84861: -346 -358 -523 246
84870: -346 -359 -604 246
84871: -346 -359 -605 255
84878: -346 -359 -612 318
84879: -346 -360 -685 246
84885: -346 -360 -691 300
84886: -346 -360 -692 309
84915: -355 -355 -280 247
84916: -355 -355 -281 256
84917: -355 -355 -282 265
84918: -355 -355 -283 274
84920: -355 -355 -285 292
84921: -355 -355 -286 301
84922: -355 -355 -287 310
84923: -355 -355 -288 319
85038: -364 -359 -610 302
85055: -373 -352 -42 294
85059: -373 -353 -118 249
85095: -373 -357 -442 249
85113: -373 -359 -604 249
85121: -373 -359 -612 321
85129: -373 -360 -692 312
85136: -382 -352 -42 295
85140: -382 -353 -118 250
85149: -382 -354 -199 250
85183: -382 -357 -449 313
85184: -382 -357 -450 322
85185: -382 -358 -523 250
85194: -382 -359 -604 250
85201: -382 -359 -611 313
85203: -382 -360 -685 250
85204: -382 -360 -686 259
85210: -382 -360 -692 313
85217: -391 -352 -42 296
85221: -391 -353 -118 251
85232: -391 -354 -201 269
85233: -391 -354 -202 278
85258: -391 -357 -443 260
85261: -391 -357 -446 287
85266: -391 -358 -523 251
85267: -391 -358 -524 260
85268: -391 -358 -525 269
85270: -391 -358 -527 287
85273: -391 -358 -530 314
85275: -391 -359 -604 251
85276: -391 -359 -605 260
85277: -391 -359 -606 269
85278: -391 -359 -607 278
85279: -391 -359 -608 287
85281: -391 -359 -610 305
85282: -391 -359 -611 314
85283: -391 -359 -612 323
85284: -391 -360 -685 251
85285: -391 -360 -686 260
85286: -391 -360 -687 269
85289: -391 -360 -690 296
85291: -391 -360 -692 314
85292: -391 -360 -693 323
85298: -400 -352 -42 297
85302: -400 -353 -118 252
85338: -400 -357 -442 252
85357: -400 -359 -605 261
85364: -400 -359 -612 324
85365: -400 -360 -685 252
85371: -400 -360 -691 306
85372: -400 -360 -692 315
85373: -400 -360 -693 324
85380: -409 -433 -52 298
85383: -409 -434 -127 244
85384: -409 -434 -128 253
85386: -409 -434 -130 271
85387: -409 -434 -131 280
85390: -409 -434 -134 307
85391: -409 -434 -135 316
85392: -409 -435 -208 244
85393: -409 -435 -209 253
85394: -409 -435 -210 262
85398: -409 -435 -214 298
85410: -409 -437 -370 244
85411: -409 -437 -371 253
85412: -409 -437 -372 262
85414: -409 -437 -374 280
85415: -409 -437 -375 289
85416: -409 -437 -376 298
85417: -409 -437 -377 307
85418: -409 -437 -378 316
85419: -409 -438 -451 244
85426: -409 -438 -458 307
85429: -409 -439 -533 253
85431: -409 -439 -535 271
85432: -409 -439 -536 280
85435: -409 -439 -539 307
85436: -409 -439 -540 316
85437: -409 -440 -613 244
85438: -409 -440 -614 253
85439: -409 -440 -615 262
85440: -409 -440 -616 271
85441: -409 -440 -617 280
85443: -409 -440 -619 298
85444: -409 -440 -620 307
85445: -409 -440 -621 316
85446: -409 -441 -694 244
85447: -409 -441 -695 253
85448: -409 -441 -696 262
85449: -409 -441 -697 271
85450: -409 -441 -698 280
85451: -409 -441 -699 289
85452: -409 -441 -700 298
85453: -409 -441 -701 307
85454: -409 -441 -702 316
85461: -418 -433 -52 299
85465: -418 -434 -128 254
85466: -418 -434 -129 263
85467: -418 -434 -130 272
85468: -418 -434 -131 281
85472: -418 -434 -135 317
85474: -418 -435 -209 254
85475: -418 -435 -210 263
85478: -418 -435 -213 290
85479: -418 -435 -214 299
85481: -418 -435 -216 317
85491: -418 -437 -370 245
85492: -418 -437 -371 254
85493: -418 -437 -372 263
85494: -418 -437 -373 272
85495: -418 -437 -374 281
85496: -418 -437 -375 290
85497: -418 -437 -376 299
85498: -418 -437 -377 308
85499: -418 -437 -378 317
85500: -418 -438 -451 245
85502: -418 -438 -453 263
85506: -418 -438 -457 299
85507: -418 -438 -458 308
85508: -418 -438 -459 317
85509: -418 -439 -532 245
85515: -418 -439 -538 299
85518: -418 -440 -613 245
85519: -418 -440 -614 254
85520: -418 -440 -615 263
85522: -418 -440 -617 281
85524: -418 -440 -619 299
85525: -418 -440 -620 308
85526: -418 -440 -621 317
85527: -418 -441 -694 245
85528: -418 -441 -695 254
85529: -418 -441 -696 263
85531: -418 -441 -698 281
85533: -418 -441 -700 299
85534: -418 -441 -701 308
85535: -418 -441 -702 317
85542: -427 -433 -52 300
85554: -427 -435 -208 246
85572: -427 -437 -370 246
85573: -427 -437 -371 255
85574: -427 -437 -372 264
85575: -427 -437 -373 273
85576: -427 -437 -374 282
85577: -427 -437 -375 291
85578: -427 -437 -376 300
85579: -427 -437 -377 309
85589: -427 -438 -459 318
85599: -427 -440 -613 246
85606: -427 -440 -620 309
85608: -427 -441 -694 246
85614: -427 -441 -700 300
85644: -436 -436 -289 247
85645: -436 -436 -290 256
85646: -436 -436 -291 265
85647: -436 -436 -292 274
85649: -436 -436 -294 292
85651: -436 -436 -296 310
85704: -445 -433 -52 302
85716: -445 -435 -208 248
85734: -445 -437 -370 248
85735: -445 -437 -371 257
85736: -445 -437 -372 266
85737: -445 -437 -373 275
85738: -445 -437 -374 284
85740: -445 -437 -376 302
85742: -445 -437 -378 320
85761: -445 -440 -613 248
85762: -445 -440 -614 257
85768: -445 -440 -620 311
85769: -445 -440 -621 320
85770: -445 -441 -694 248
85785: -454 -433 -52 303
85788: -454 -434 -127 249
85797: -454 -435 -208 249
85815: -454 -437 -370 249
85816: -454 -437 -371 258
85818: -454 -437 -373 276
85819: -454 -437 -374 285
85821: -454 -437 -376 303
85823: -454 -437 -378 321
85834: -454 -439 -533 258
85836: -454 -439 -535 276
85840: -454 -439 -539 312
85842: -454 -440 -613 249
85846: -454 -440 -617 285
85849: -454 -440 -620 312
85850: -454 -440 -621 321
85851: -454 -441 -694 249
85858: -454 -441 -701 312
85866: -463 -433 -52 304
85870: -463 -434 -128 259
85873: -463 -434 -131 286
85878: -463 -435 -208 250
85900: -463 -437 -374 286
85905: -463 -438 -451 250
85907: -463 -438 -453 268
85913: -463 -438 -459 322
85923: -463 -440 -613 250
85932: -463 -441 -694 250
85939: -463 -441 -701 313
85947: -472 -433 -52 305
85977: -472 -437 -370 251
85978: -472 -437 -371 260
85979: -472 -437 -372 269
85980: -472 -437 -373 278
85981: -472 -437 -374 287
85982: -472 -437 -375 296
85983: -472 -437 -376 305
85984: -472 -437 -377 314
85985: -472 -437 -378 323
86004: -472 -440 -613 251
86005: -472 -440 -614 260
86006: -472 -440 -615 269
86008: -472 -440 -617 287
86010: -472 -440 -619 305
86013: -472 -441 -694 251
86014: -472 -441 -695 260
86019: -472 -441 -700 305
86020: -472 -441 -701 314
86028: -481 -433 -52 306
86032: -481 -434 -128 261
86033: -481 -434 -129 270
86034: -481 -434 -130 279
86035: -481 -434 -131 288
86039: -481 -434 -135 324
86042: -481 -435 -210 270
86043: -481 -435 -211 279
86044: -481 -435 -212 288
86045: -481 -435 -213 297
86066: -481 -437 -378 324
86067: -481 -438 -451 252
86077: -481 -439 -533 261
86078: -481 -439 -534 270
86080: -481 -439 -536 288
86082: -481 -439 -538 306
86085: -481 -440 -613 252
86089: -481 -440 -617 288
86093: -481 -440 -621 324
86094: -481 -441 -694 252
86095: -481 -441 -695 261
86096: -481 -441 -696 270
86098: -481 -441 -698 288
86100: -481 -441 -700 306
86101: -481 -441 -701 315
86103: -490 -514 -55 244
86112: -490 -515 -136 244
86113: -490 -515 -137 253
86114: -490 -515 -138 262
86115: -490 -515 -139 271
86116: -490 -515 -140 280
86118: -490 -515 -142 298
86119: -490 -515 -143 307
86121: -490 -516 -217 244
86122: -490 -516 -218 253
86123: -490 -516 -219 262
86124: -490 -516 -220 271
86125: -490 -516 -221 280
86126: -490 -516 -222 289
86127: -490 -516 -223 298
86128: -490 -516 -224 307
86129: -490 -516 -225 316
86139: -490 -518 -379 244
86140: -490 -518 -380 253
86141: -490 -518 -381 262
86142: -490 -518 -382 271
86143: -490 -518 -383 280
86144: -490 -518 -384 289
86145: -490 -518 -385 298
86146: -490 -518 -386 307
86147: -490 -518 -387 316
86165: -490 -520 -549 316
86166: -490 -521 -622 244
86167: -490 -521 -623 253
86168: -490 -521 -624 262
86170: -490 -521 -626 280
86171: -490 -521 -627 289
86172: -490 -521 -628 298
86173: -490 -521 -629 307
86174: -490 -521 -630 316
86175: -490 -522 -703 244
86177: -490 -522 -705 262
86179: -490 -522 -707 280
86180: -490 -522 -708 289
86181: -490 -522 -709 298
86182: -490 -522 -710 307
86265: -508 -514 -55 246
86274: -508 -515 -136 246
86283: -508 -516 -217 246
86309: -508 -518 -387 318
86328: -508 -521 -622 246
86332: -508 -521 -626 282
86333: -508 -521 -627 291
86336: -508 -521 -630 318
86337: -508 -522 -703 246
86339: -508 -522 -705 264
86341: -508 -522 -707 282
86342: -508 -522 -708 291
86344: -508 -522 -710 309
86346: -517 -514 -55 247
86373: -517 -517 -298 247
86375: -517 -517 -300 265
86377: -517 -517 -302 283
86380: -517 -517 -305 310
86381: -517 -517 -306 319
86427: -526 -514 -55 248
86490: -526 -521 -622 248
86494: -526 -521 -626 284
86498: -526 -521 -630 320
86499: -526 -522 -703 248
86508: -535 -514 -55 249
86526: -535 -516 -217 249
86533: -535 -516 -224 312
86551: -535 -518 -386 312
86569: -535 -520 -548 312
86575: -535 -521 -626 285
86579: -535 -521 -630 321
86580: -535 -522 -703 249
86584: -535 -522 -707 285
86586: -535 -522 -709 303
86587: -535 -522 -710 312
86589: -544 -514 -55 250
86598: -544 -515 -136 250
86607: -544 -516 -217 250
86625: -544 -518 -379 250
86628: -544 -518 -382 277
86632: -544 -518 -386 313
86633: -544 -518 -387 322
86652: -544 -521 -622 250
86660: -544 -521 -630 322
86661: -544 -522 -703 250
86664: -544 -522 -706 277
86665: -544 -522 -707 286
86670: -553 -514 -55 251
86679: -553 -515 -136 251
86680: -553 -515 -137 260
86681: -553 -515 -138 269
86682: -553 -515 -139 278
86683: -553 -515 -140 287
86685: -553 -515 -142 305
86688: -553 -516 -217 251
86707: -553 -518 -380 260
86708: -553 -518 -381 269
86709: -553 -518 -382 278
86710: -553 -518 -383 287
86711: -553 -518 -384 296
86712: -553 -518 -385 305
86713: -553 -518 -386 314
86714: -553 -518 -387 323
86739: -553 -521 -628 305
86741: -553 -521 -630 323
86742: -553 -522 -703 251
86749: -553 -522 -710 314
86751: -562 -514 -55 252
86760: -562 -515 -136 252
86769: -562 -516 -217 252
86771: -562 -516 -219 270
86772: -562 -516 -220 279
86773: -562 -516 -221 288
86774: -562 -516 -222 297
86775: -562 -516 -223 306
86776: -562 -516 -224 315
86787: -562 -518 -379 252
86789: -562 -518 -381 270
86791: -562 -518 -383 288
86792: -562 -518 -384 297
86795: -562 -518 -387 324
86814: -562 -521 -622 252
86822: -562 -521 -630 324
86830: -562 -522 -710 315
86840: -571 -595 -72 316
86841: -571 -596 -145 244
86842: -571 -596 -146 253
86843: -571 -596 -147 262
86844: -571 -596 -148 271
86845: -571 -596 -149 280
86847: -571 -596 -151 298
86848: -571 -596 -152 307
86849: -571 -596 -153 316
86850: -571 -597 -226 244
86851: -571 -597 -227 253
86852: -571 -597 -228 262
86853: -571 -597 -229 271
86854: -571 -597 -230 280
86855: -571 -597 -231 289
86856: -571 -597 -232 298
86857: -571 -597 -233 307
86858: -571 -597 -234 316
86868: -571 -599 -388 244
86869: -571 -599 -389 253
86870: -571 -599 -390 262
86871: -571 -599 -391 271
86872: -571 -599 -392 280
86873: -571 -599 -393 289
86874: -571 -599 -394 298
86875: -571 -599 -395 307
86876: -571 -599 -396 316
86877: -571 -600 -469 244
86878: -571 -600 -470 253
86879: -571 -600 -471 262
86880: -571 -600 -472 271
86881: -571 -600 -473 280
86882: -571 -600 -474 289
86883: -571 -600 -475 298
86884: -571 -600 -476 307
86885: -571 -600 -477 316
86886: -571 -601 -550 244
86887: -571 -601 -551 253
86888: -571 -601 -552 262
86889: -571 -601 -553 271
86890: -571 -601 -554 280
86892: -571 -601 -556 298
86893: -571 -601 -557 307
86894: -571 -601 -558 316
86895: -571 -602 -631 244
86896: -571 -602 -632 253
86897: -571 -602 -633 262
86899: -571 -602 -635 280
86900: -571 -602 -636 289
86901: -571 -602 -637 298
86902: -571 -602 -638 307
86905: -571 -603 -713 253
86906: -571 -603 -714 262
86908: -571 -603 -716 280
86909: -571 -603 -717 289
86910: -571 -603 -718 298
86921: -580 -595 -72 317
86958: -580 -600 -469 245
86970: -580 -601 -553 272
86986: -580 -603 -713 254
86989: -580 -603 -716 281
86990: -580 -603 -717 290
86991: -580 -603 -718 299
87002: -589 -595 -72 318
87003: -589 -596 -145 246
87005: -589 -596 -147 264
87011: -589 -596 -153 318
87012: -589 -597 -226 246
87030: -589 -599 -388 246
87033: -589 -599 -391 273
87037: -589 -599 -395 309
87039: -589 -600 -469 246
87046: -589 -600 -476 309
87048: -589 -601 -550 246
87054: -589 -601 -556 300
87058: -589 -602 -632 255
87062: -589 -602 -636 291
87063: -589 -602 -637 300
87067: -589 -603 -713 255
87068: -589 -603 -714 264
87069: -589 -603 -715 273
87070: -589 -603 -716 282
87071: -589 -603 -717 291
87072: -589 -603 -718 300
87102: -598 -598 -307 247
87105: -598 -598 -310 274
87106: -598 -598 -311 283
87108: -598 -598 -313 301
87109: -598 -598 -314 310
87110: -598 -598 -315 319
87164: -607 -595 -72 320
87201: -607 -600 -469 248
87210: -607 -601 -550 248
87229: -607 -603 -713 257
87230: -607 -603 -714 266
87232: -607 -603 -716 284
87233: -607 -603 -717 293
87234: -607 -603 -718 302
87245: -616 -595 -72 321
87246: -616 -596 -145 249
87252: -616 -596 -151 303
87273: -616 -599 -388 249
87286: -616 -600 -473 285
87290: -616 -600 -477 321
87310: -616 -603 -713 258
87311: -616 -603 -714 267
87313: -616 -603 -716 285
87314: -616 -603 -717 294
87315: -616 -603 -718 303
87326: -625 -595 -72 322
87327: -625 -596 -145 250
87336: -625 -597 -226 250
87341: -625 -597 -231 295
87343: -625 -597 -233 313
87354: -625 -599 -388 250
87363: -625 -600 -469 250
87364: -625 -600 -470 259
87366: -625 -600 -472 277
87367: -625 -600 -473 286
87369: -625 -600 -475 304
87371: -625 -600 -477 322
87386: -625 -602 -636 295
87392: -625 -603 -714 268
87394: -625 -603 -716 286
87395: -625 -603 -717 295
87396: -625 -603 -718 304
87407: -634 -595 -72 323
87410: -634 -596 -147 269
87411: -634 -596 -148 278
87412: -634 -596 -149 287
87417: -634 -597 -226 251
87435: -634 -599 -388 251
87442: -634 -599 -395 314
87444: -634 -600 -469 251
87451: -634 -600 -476 314
87453: -634 -601 -550 251
87472: -634 -603 -713 260
87473: -634 -603 -714 269
87475: -634 -603 -716 287
87476: -634 -603 -717 296
87477: -634 -603 -718 305
87488: -643 -595 -72 324
87489: -643 -596 -145 252
87490: -643 -596 -146 261
87491: -643 -596 -147 270
87492: -643 -596 -148 279
87493: -643 -596 -149 288
87495: -643 -596 -151 306
87496: -643 -596 -152 315
87497: -643 -596 -153 324
87498: -643 -597 -226 252
87500: -643 -597 -228 270
87502: -643 -597 -230 288
87503: -643 -597 -231 297
87504: -643 -597 -232 306
87505: -643 -597 -233 315
87506: -643 -597 -234 324
87507: -643 -598 -307 252
87516: -643 -599 -388 252
87517: -643 -599 -389 261
87519: -643 -599 -391 279
87523: -643 -599 -395 315
87525: -643 -600 -469 252
87526: -643 -600 -470 261
87528: -643 -600 -472 279
87529: -643 -600 -473 288
87531: -643 -600 -475 306
87532: -643 -600 -476 315
87533: -643 -600 -477 324
87534: -643 -601 -550 252
87535: -643 -601 -551 261
87536: -643 -601 -552 270
87537: -643 -601 -553 279
87538: -643 -601 -554 288
87540: -643 -601 -556 306
87541: -643 -601 -557 315
87542: -643 -601 -558 324
87544: -643 -602 -632 261
87548: -643 -602 -636 297
87549: -643 -602 -637 306
87553: -643 -603 -713 261
87554: -643 -603 -714 270
87556: -643 -603 -716 288
87557: -643 -603 -717 297
87558: -643 -603 -718 306
87560: -643 -603 -720 324
87568: -652 -676 -80 307
87570: -652 -677 -154 244
87571: -652 -677 -155 253
87572: -652 -677 -156 262
87573: -652 -677 -157 271
87574: -652 -677 -158 280
87576: -652 -677 -160 298
87577: -652 -677 -161 307
87578: -652 -677 -162 316
87579: -652 -678 -235 244
87580: -652 -678 -236 253
87581: -652 -678 -237 262
87582: -652 -678 -238 271
87583: -652 -678 -239 280
87584: -652 -678 -240 289
87585: -652 -678 -241 298
87586: -652 -678 -242 307
87587: -652 -678 -243 316
87597: -652 -680 -397 244
87598: -652 -680 -398 253
87599: -652 -680 -399 262
87600: -652 -680 -400 271
87601: -652 -680 -401 280
87602: -652 -680 -402 289
87603: -652 -680 -403 298
87604: -652 -680 -404 307
87605: -652 -680 -405 316
87606: -652 -681 -478 244
87607: -652 -681 -479 253
87608: -652 -681 -480 262
87609: -652 -681 -481 271
87610: -652 -681 -482 280
87611: -652 -681 -483 289
87612: -652 -681 -484 298
87613: -652 -681 -485 307
87614: -652 -681 -486 316
87615: -652 -682 -559 244
87616: -652 -682 -560 253
87617: -652 -682 -561 262
87618: -652 -682 -562 271
87619: -652 -682 -563 280
87621: -652 -682 -565 298
87622: -652 -682 -566 307
87623: -652 -682 -567 316
87625: -652 -683 -641 253
87626: -652 -683 -642 262
87627: -652 -683 -643 271
87628: -652 -683 -644 280
87629: -652 -683 -645 289
87630: -652 -683 -646 298
87631: -652 -683 -647 307
87633: -652 -684 -721 244
87634: -652 -684 -722 253
87635: -652 -684 -723 262
87637: -652 -684 -725 280
87638: -652 -684 -726 289
87639: -652 -684 -727 298
87649: -661 -676 -80 308
87651: -661 -677 -154 245
87686: -661 -680 -405 317
87687: -661 -681 -478 245
87696: -661 -682 -559 245
87706: -661 -683 -641 254
87707: -661 -683 -642 263
87709: -661 -683 -644 281
87711: -661 -683 -646 299
87730: -670 -676 -80 309
87732: -670 -677 -154 246
87759: -670 -680 -397 246
87760: -670 -680 -398 255
87761: -670 -680 -399 264
87763: -670 -680 -401 282
87764: -670 -680 -402 291
87765: -670 -680 -403 300
87767: -670 -680 -405 318
87768: -670 -681 -478 246
87771: -670 -681 -481 273
87777: -670 -682 -559 246
87779: -670 -682 -561 264
87787: -670 -683 -641 255
87788: -670 -683 -642 264
87790: -670 -683 -644 282
87791: -670 -683 -645 291
87792: -670 -683 -646 300
87796: -670 -684 -722 255
87801: -670 -684 -727 300
87831: -679 -679 -316 247
87833: -679 -679 -318 265
87836: -679 -679 -321 292
87839: -679 -679 -324 319
87892: -688 -676 -80 311
87901: -688 -677 -161 311
87911: -688 -678 -243 320
87929: -688 -680 -405 320
87930: -688 -681 -478 248
87949: -688 -683 -641 257
87950: -688 -683 -642 266
87952: -688 -683 -644 284
87953: -688 -683 -645 293
87954: -688 -683 -646 302
87973: -697 -676 -80 312
87975: -697 -677 -154 249
87984: -697 -678 -235 249
87987: -697 -678 -238 276
88002: -697 -680 -397 249
88005: -697 -680 -400 276
88011: -697 -681 -478 249
88013: -697 -681 -480 267
88015: -697 -681 -482 285
88020: -697 -682 -559 249
88031: -697 -683 -642 267
88033: -697 -683 -644 285
88034: -697 -683 -645 294
88035: -697 -683 -646 303
88054: -706 -676 -80 313
88056: -706 -677 -154 250
88091: -706 -680 -405 322
88092: -706 -681 -478 250
88096: -706 -681 -482 286
88102: -706 -682 -560 259
88104: -706 -682 -562 277
88105: -706 -682 -563 286
88107: -706 -682 -565 304
88108: -706 -682 -566 313
88113: -706 -683 -643 277
88114: -706 -683 -644 286
88115: -706 -683 -645 295
88116: -706 -683 -646 304
88121: -706 -684 -723 268
88135: -715 -676 -80 314
88137: -715 -677 -154 251
88138: -715 -677 -155 260
88139: -715 -677 -156 269
88141: -715 -677 -158 287
88143: -715 -677 -160 305
88144: -715 -677 -161 314
88145: -715 -677 -162 323
88146: -715 -678 -235 251
88152: -715 -678 -241 305
88153: -715 -678 -242 314
88154: -715 -678 -243 323
88164: -715 -680 -397 251
88166: -715 -680 -399 269
88172: -715 -680 -405 323
88173: -715 -681 -478 251
88174: -715 -681 -479 260
88180: -715 -681 -485 314
88181: -715 -681 -486 323
88182: -715 -682 -559 251
88183: -715 -682 -560 260
88185: -715 -682 -562 278
88186: -715 -682 -563 287
88188: -715 -682 -565 305
88190: -715 -682 -567 323
88192: -715 -683 -641 260
88193: -715 -683 -642 269
88195: -715 -683 -644 287
88196: -715 -683 -645 296
88197: -715 -683 -646 305
88201: -715 -684 -722 260
88216: -724 -676 -80 315
88218: -724 -677 -154 252
88222: -724 -677 -158 288
88225: -724 -677 -161 315
88227: -724 -678 -235 252
88245: -724 -680 -397 252
88254: -724 -681 -478 252
88258: -724 -681 -482 288
88263: -724 -682 -559 252
88274: -724 -683 -642 270
88276: -724 -683 -644 288
88277: -724 -683 -645 297
88278: -724 -683 -646 306
88578: -32 -42 -406 328
88579: -32 -42 -407 337
88580: -32 -42 -408 346
88581: -32 -42 -409 355
88583: -32 -42 -411 373
88584: -32 -42 -412 382
88585: -32 -42 -413 391
88586: -32 -42 -414 400
89102: -95 -118 -12 344
89159: -95 -124 -501 371
89163: -95 -125 -577 326
89179: -95 -126 -665 389
89183: -104 -118 -12 345
89206: -104 -120 -179 390
89240: -104 -124 -501 372
89244: -104 -125 -577 327
89264: -113 -118 -12 346
89280: -113 -120 -172 328
89288: -113 -120 -180 400
89289: -113 -121 -253 328
89294: -113 -121 -258 373
89321: -113 -124 -501 373
89325: -113 -125 -577 328
89333: -113 -125 -585 400
89341: -113 -126 -665 391
89379: -122 -122 -334 329
89381: -122 -122 -336 347
89382: -122 -122 -337 356
89383: -122 -122 -338 365
89384: -122 -122 -339 374
89386: -122 -122 -341 392
89387: -122 -122 -342 401
89426: -131 -118 -12 348
89483: -131 -124 -501 375
89487: -131 -125 -577 330
89496: -131 -126 -658 330
89498: -131 -126 -660 348
89499: -131 -126 -661 357
89501: -131 -126 -663 375
89502: -131 -126 -664 384
89503: -131 -126 -665 393
89504: -131 -126 -666 402
89507: -140 -118 -12 349
89531: -140 -120 -180 403
89568: -140 -125 -577 331
89574: -140 -125 -583 385
89588: -149 -118 -12 350
89597: -149 -119 -93 350
89601: -149 -119 -97 386
89602: -149 -119 -98 395
89603: -149 -119 -99 404
89604: -149 -120 -172 332
89606: -149 -120 -174 350
89607: -149 -120 -175 359
89608: -149 -120 -176 368
89609: -149 -120 -177 377
89610: -149 -120 -178 386
89612: -149 -120 -180 404
89620: -149 -121 -260 395
89645: -149 -124 -501 377
89649: -149 -125 -577 332
89651: -149 -125 -579 350
89653: -149 -125 -581 368
89654: -149 -125 -582 377
89655: -149 -125 -583 386
89656: -149 -125 -584 395
89658: -149 -126 -658 332
89665: -149 -126 -665 395
89669: -158 -118 -12 351
89685: -158 -120 -172 333
89687: -158 -120 -174 351
89688: -158 -120 -175 360
89689: -158 -120 -176 369
89690: -158 -120 -177 378
89691: -158 -120 -178 387
89692: -158 -120 -179 396
89693: -158 -120 -180 405
89701: -158 -121 -260 396
89702: -158 -121 -261 405
89726: -158 -124 -501 378
89730: -158 -125 -577 333
89738: -158 -125 -585 405
89741: -158 -126 -660 351
89742: -158 -126 -661 360
89744: -158 -126 -663 378
89745: -158 -126 -664 387
89751: -167 -199 -22 352
89761: -167 -200 -104 361
89763: -167 -200 -106 379
89766: -167 -201 -181 325
89772: -167 -201 -187 379
89773: -167 -201 -188 388
89774: -167 -201 -189 397
89775: -167 -202 -262 325
89777: -167 -202 -264 343
89786: -167 -203 -345 343
89793: -167 -204 -424 325
89794: -167 -204 -425 334
89797: -167 -204 -428 361
89798: -167 -204 -429 370
89799: -167 -204 -430 379
89801: -167 -204 -432 397
89802: -167 -205 -505 325
89803: -167 -205 -506 334
89804: -167 -205 -507 343
89805: -167 -205 -508 352
89806: -167 -205 -509 361
89808: -167 -205 -511 379
89809: -167 -205 -512 388
89810: -167 -205 -513 397
89811: -167 -206 -586 325
89812: -167 -206 -587 334
89813: -167 -206 -588 343
89814: -167 -206 -589 352
89815: -167 -206 -590 361
89816: -167 -206 -591 370
89817: -167 -206 -592 379
89818: -167 -206 -593 388
89819: -167 -206 -594 397
89820: -167 -207 -667 325
89821: -167 -207 -668 334
89822: -167 -207 -669 343
89823: -167 -207 -670 352
89824: -167 -207 -671 361
89825: -167 -207 -672 370
89826: -167 -207 -673 379
89827: -167 -207 -674 388
89828: -167 -207 -675 397
89832: -176 -199 -22 353
89839: -176 -200 -101 335
89858: -176 -202 -264 344
89878: -176 -204 -428 362
89892: -176 -206 -586 326
89901: -176 -207 -667 326
89913: -185 -199 -22 354
89919: -185 -200 -100 327
89926: -185 -200 -107 390
89939: -185 -202 -264 345
89941: -185 -202 -266 363
89955: -185 -204 -424 327
89956: -185 -204 -425 336
89957: -185 -204 -426 345
89958: -185 -204 -427 354
89959: -185 -204 -428 363
89960: -185 -204 -429 372
89961: -185 -204 -430 381
89963: -185 -204 -432 399
89965: -185 -205 -506 336
89967: -185 -205 -508 354
89970: -185 -205 -511 381
89972: -185 -205 -513 399
89973: -185 -206 -586 327
89976: -185 -206 -589 354
89977: -185 -206 -590 363
89978: -185 -206 -591 372
89979: -185 -206 -592 381
89980: -185 -206 -593 390
89981: -185 -206 -594 399
89982: -185 -207 -667 327
89983: -185 -207 -668 336
89985: -185 -207 -670 354
89986: -185 -207 -671 363
89988: -185 -207 -673 381
89989: -185 -207 -674 390
89994: -194 -199 -22 355
90002: -194 -200 -102 346
90040: -194 -204 -428 364
90055: -194 -206 -587 337
90063: -194 -207 -667 328
90064: -194 -207 -668 337
90108: -203 -203 -343 329
90111: -203 -203 -346 356
90112: -203 -203 -347 365
90114: -203 -203 -349 383
90115: -203 -203 -350 392
90116: -203 -203 -351 401
90156: -212 -199 -22 357
90182: -212 -202 -264 348
90225: -212 -207 -667 330
90237: -221 -199 -22 358
90283: -221 -204 -428 367
90318: -230 -199 -22 359
90324: -230 -200 -100 332
90325: -230 -200 -101 341
90326: -230 -200 -102 350
90327: -230 -200 -103 359
90328: -230 -200 -104 368
90344: -230 -202 -264 350
90361: -230 -204 -425 341
90362: -230 -204 -426 350
90364: -230 -204 -428 368
90365: -230 -204 -429 377
90367: -230 -204 -431 395
90373: -230 -205 -509 368
90378: -230 -206 -586 332
90379: -230 -206 -587 341
90381: -230 -206 -589 359
90382: -230 -206 -590 368
90383: -230 -206 -591 377
90384: -230 -206 -592 386
90386: -230 -206 -594 404
90387: -230 -207 -667 332
90394: -230 -207 -674 395
90399: -239 -199 -22 360
90414: -239 -201 -181 333
90425: -239 -202 -264 351
90441: -239 -204 -424 333
90445: -239 -204 -428 369
90449: -239 -204 -432 405
90457: -239 -205 -512 396
90459: -239 -206 -586 333
90462: -239 -206 -589 360
90467: -239 -206 -594 405
90468: -239 -207 -667 333
90471: -239 -207 -670 360
90474: -239 -207 -673 387
90475: -239 -207 -674 396
90481: -248 -280 -32 361
90490: -248 -281 -113 361
90506: -248 -283 -273 343
90539: -248 -286 -522 397
90540: -248 -287 -595 325
90546: -248 -287 -601 379
90549: -248 -288 -676 325
90550: -248 -288 -677 334
90551: -248 -288 -678 343
90552: -248 -288 -679 352
90553: -248 -288 -680 361
90554: -248 -288 -681 370
90555: -248 -288 -682 379
90556: -248 -288 -683 388
90557: -248 -288 -684 397
90562: -257 -280 -32 362
90610: -257 -285 -440 389
90621: -257 -287 -595 326
90626: -257 -287 -600 371
90630: -257 -288 -676 326
90632: -257 -288 -678 344
90635: -257 -288 -681 371
90636: -257 -288 -682 380
90643: -266 -280 -32 363
90648: -266 -281 -109 327
90662: -266 -282 -195 372
90663: -266 -282 -196 381
90665: -266 -282 -198 399
90691: -266 -285 -440 390
90702: -266 -287 -595 327
90703: -266 -287 -596 336
90710: -266 -287 -603 399
90718: -266 -288 -683 390
90794: -275 -288 -678 346
90837: -284 -284 -352 329
90838: -284 -284 -353 338
90839: -284 -284 -354 347
90841: -284 -284 -356 365
90843: -284 -284 -358 383
90844: -284 -284 -359 392
90845: -284 -284 -360 401
90886: -293 -280 -32 366
90891: -293 -281 -109 330
90895: -293 -281 -113 366
90901: -293 -282 -191 339
90903: -293 -282 -193 357
90905: -293 -282 -195 375
90906: -293 -282 -196 384
90908: -293 -282 -198 402
90944: -293 -286 -522 402
90951: -293 -287 -601 384
90953: -293 -287 -603 402
90954: -293 -288 -676 330
90959: -293 -288 -681 375
90961: -293 -288 -683 393
90967: -302 -280 -32 367
90992: -302 -283 -273 349
91011: -302 -285 -436 358
91042: -302 -288 -683 394
91062: -311 -282 -190 332
91073: -311 -283 -273 350
91076: -311 -283 -276 377
91096: -311 -285 -440 395
91108: -311 -287 -596 341
91112: -311 -287 -600 377
91113: -311 -287 -601 386
91114: -311 -287 -602 395
91115: -311 -287 -603 404
91116: -311 -288 -676 332
91123: -311 -288 -683 395
91129: -320 -280 -32 369
91134: -320 -281 -109 333
91138: -320 -281 -113 369
91179: -320 -286 -514 333
91182: -320 -286 -517 360
91183: -320 -286 -518 369
91185: -320 -286 -520 387
91187: -320 -286 -522 405
91196: -320 -287 -603 405
91202: -320 -288 -681 378
91203: -320 -288 -682 387
91204: -320 -288 -683 396
91215: -329 -362 -118 325
91216: -329 -362 -119 334
91218: -329 -362 -121 352
91219: -329 -362 -122 361
91221: -329 -362 -124 379
91222: -329 -362 -125 388
91223: -329 -362 -126 397
91225: -329 -363 -200 334
91226: -329 -363 -201 343
91229: -329 -363 -204 370
91230: -329 -363 -205 379
91231: -329 -363 -206 388
91232: -329 -363 -207 397
91246: -329 -365 -365 361
91251: -329 -366 -442 325
91252: -329 -366 -443 334
91253: -329 -366 -444 343
91254: -329 -366 -445 352
91258: -329 -366 -449 388
91259: -329 -366 -450 397
91269: -329 -368 -604 325
91270: -329 -368 -605 334
91271: -329 -368 -606 343
91272: -329 -368 -607 352
91274: -329 -368 -609 370
91275: -329 -368 -610 379
91279: -329 -369 -686 334
91280: -329 -369 -687 343
91281: -329 -369 -688 352
91283: -329 -369 -690 370
91284: -329 -369 -691 379
91292: -338 -361 -42 371
91310: -338 -363 -204 371
91319: -338 -364 -285 371
91355: -338 -368 -609 371
91358: -338 -368 -612 398
91364: -338 -369 -690 371
91365: -338 -369 -691 380
91373: -347 -361 -42 372
91434: -347 -368 -607 354
91437: -347 -368 -610 381
91439: -347 -368 -612 399
91454: -356 -361 -42 373
91458: -356 -362 -118 328
91472: -356 -363 -204 373
91527: -356 -369 -691 382
91535: -365 -361 -42 374
91616: -374 -361 -42 375
91620: -374 -362 -118 330
91630: -374 -363 -200 339
91632: -374 -363 -202 357
91636: -374 -363 -206 393
91637: -374 -363 -207 402
91668: -374 -367 -526 357
91677: -374 -368 -607 357
91680: -374 -368 -610 384
91682: -374 -368 -612 402
91684: -374 -369 -686 339
91686: -374 -369 -688 357
91688: -374 -369 -690 375
91689: -374 -369 -691 384
91690: -374 -369 -692 393
91697: -383 -361 -42 376
91701: -383 -362 -118 331
91715: -383 -363 -204 376
91758: -383 -368 -607 358
91760: -383 -368 -609 376
91763: -383 -368 -612 403
91764: -383 -369 -685 331
91769: -383 -369 -690 376
91770: -383 -369 -691 385
91778: -392 -361 -42 377
91782: -392 -362 -118 332
91785: -392 -362 -121 359
91786: -392 -362 -122 368
91788: -392 -362 -124 386
91789: -392 -362 -125 395
91790: -392 -362 -126 404
91791: -392 -363 -199 332
91813: -392 -365 -365 368
91827: -392 -367 -523 332
91851: -392 -369 -691 386
91852: -392 -369 -692 395
91859: -401 -361 -42 378
91863: -401 -362 -118 333
91865: -401 -362 -120 351
91866: -401 -362 -121 360
91870: -401 -362 -125 396
91872: -401 -363 -199 333
91875: -401 -363 -202 360
91877: -401 -363 -204 378
91880: -401 -363 -207 405
91899: -401 -366 -442 333
91908: -401 -367 -523 333
91909: -401 -367 -524 342
91910: -401 -367 -525 351
91911: -401 -367 -526 360
91915: -401 -367 -530 396
91916: -401 -367 -531 405
91923: -401 -368 -610 387
91925: -401 -368 -612 405
92025: -419 -443 -127 326
92045: -419 -445 -291 344
92069: -419 -447 -459 398
92072: -419 -448 -534 344
92073: -419 -448 -535 353
92079: -419 -449 -613 326
92086: -419 -449 -620 389
92087: -419 -449 -621 398
92088: -419 -450 -694 326
92095: -419 -450 -701 389
92103: -428 -442 -52 381
92107: -428 -443 -128 336
92109: -428 -443 -130 354
92113: -428 -443 -134 390
92114: -428 -443 -135 399
92115: -428 -444 -208 327
92116: -428 -444 -209 336
92117: -428 -444 -210 345
92118: -428 -444 -211 354
92119: -428 -444 -212 363
92121: -428 -444 -214 381
92122: -428 -444 -215 390
92123: -428 -444 -216 399
92126: -428 -445 -291 345
92130: -428 -445 -295 381
92131: -428 -445 -296 390
92142: -428 -447 -451 327
92143: -428 -447 -452 336
92144: -428 -447 -453 345
92145: -428 -447 -454 354
92148: -428 -447 -457 381
92149: -428 -447 -458 390
92150: -428 -447 -459 399
92152: -428 -448 -533 336
92154: -428 -448 -535 354
92155: -428 -448 -536 363
92157: -428 -448 -538 381
92158: -428 -448 -539 390
92159: -428 -448 -540 399
92160: -428 -449 -613 327
92161: -428 -449 -614 336
92163: -428 -449 -616 354
92164: -428 -449 -617 363
92166: -428 -449 -619 381
92167: -428 -449 -620 390
92169: -428 -450 -694 327
92170: -428 -450 -695 336
92171: -428 -450 -696 345
92172: -428 -450 -697 354
92173: -428 -450 -698 363
92174: -428 -450 -699 372
92175: -428 -450 -700 381
92176: -428 -450 -701 390
92177: -428 -450 -702 399
92184: -437 -442 -52 382
92188: -437 -443 -128 337
92189: -437 -443 -129 346
92190: -437 -443 -130 355
92191: -437 -443 -131 364
92193: -437 -443 -133 382
92194: -437 -443 -134 391
92195: -437 -443 -135 400
92196: -437 -444 -208 328
92197: -437 -444 -209 337
92198: -437 -444 -210 346
92199: -437 -444 -211 355
92200: -437 -444 -212 364
92201: -437 -444 -213 373
92202: -437 -444 -214 382
92203: -437 -444 -215 391
92204: -437 -444 -216 400
92205: -437 -445 -289 328
92206: -437 -445 -290 337
92207: -437 -445 -291 346
92208: -437 -445 -292 355
92209: -437 -445 -293 364
92210: -437 -445 -294 373
92211: -437 -445 -295 382
92212: -437 -445 -296 391
92213: -437 -445 -297 400
92223: -437 -447 -451 328
92224: -437 -447 -452 337
92225: -437 -447 -453 346
92226: -437 -447 -454 355
92229: -437 -447 -457 382
92230: -437 -447 -458 391
92231: -437 -447 -459 400
92232: -437 -448 -532 328
92233: -437 -448 -533 337
92234: -437 -448 -534 346
92236: -437 -448 -536 364
92238: -437 -448 -538 382
92239: -437 -448 -539 391
92240: -437 -448 -540 400
92241: -437 -449 -613 328
92242: -437 -449 -614 337
92243: -437 -449 -615 346
92244: -437 -449 -616 355
92245: -437 -449 -617 364
92246: -437 -449 -618 373
92247: -437 -449 -619 382
92248: -437 -449 -620 391
92249: -437 -449 -621 400
92250: -437 -450 -694 328
92251: -437 -450 -695 337
92252: -437 -450 -696 346
92253: -437 -450 -697 355
92254: -437 -450 -698 364
92255: -437 -450 -699 373
92256: -437 -450 -700 382
92257: -437 -450 -701 391
92258: -437 -450 -702 400
92295: -446 -446 -370 329
92296: -446 -446 -371 338
92297: -446 -446 -372 347
92298: -446 -446 -373 356
92299: -446 -446 -374 365
92301: -446 -446 -376 383
92302: -446 -446 -377 392
92303: -446 -446 -378 401
92427: -464 -442 -52 385
92437: -464 -443 -134 394
92439: -464 -444 -208 331
92450: -464 -445 -291 349
92466: -464 -447 -451 331
92479: -464 -448 -536 367
92482: -464 -448 -539 394
92491: -464 -449 -620 394
92493: -464 -450 -694 331
92496: -464 -450 -697 358
92498: -464 -450 -699 376
92500: -464 -450 -701 394
92501: -464 -450 -702 403
92508: -473 -442 -52 386
92512: -473 -443 -128 341
92513: -473 -443 -129 350
92514: -473 -443 -130 359
92515: -473 -443 -131 368
92518: -473 -443 -134 395
92519: -473 -443 -135 404
92520: -473 -444 -208 332
92521: -473 -444 -209 341
92523: -473 -444 -211 359
92525: -473 -444 -213 377
92526: -473 -444 -214 386
92527: -473 -444 -215 395
92528: -473 -444 -216 404
92548: -473 -447 -452 341
92549: -473 -447 -453 350
92550: -473 -447 -454 359
92553: -473 -447 -457 386
92555: -473 -447 -459 404
92558: -473 -448 -534 350
92559: -473 -448 -535 359
92560: -473 -448 -536 368
92562: -473 -448 -538 386
92564: -473 -448 -540 404
92565: -473 -449 -613 332
92572: -473 -449 -620 395
92573: -473 -449 -621 404
92574: -473 -450 -694 332
92575: -473 -450 -695 341
92576: -473 -450 -696 350
92577: -473 -450 -697 359
92578: -473 -450 -698 368
92579: -473 -450 -699 377
92580: -473 -450 -700 386
92581: -473 -450 -701 395
92582: -473 -450 -702 404
92589: -482 -442 -52 387
92599: -482 -443 -134 396
92601: -482 -444 -208 333
92629: -482 -447 -452 342
92630: -482 -447 -453 351
92631: -482 -447 -454 360
92634: -482 -447 -457 387
92635: -482 -447 -458 396
92636: -482 -447 -459 405
92637: -482 -448 -532 333
92640: -482 -448 -535 360
92641: -482 -448 -536 369
92646: -482 -449 -613 333
92649: -482 -449 -616 360
92652: -482 -449 -619 387
92653: -482 -449 -620 396
92654: -482 -449 -621 405
92655: -482 -450 -694 333
92659: -482 -450 -698 369
92662: -482 -450 -701 396
92664: -491 -523 -55 325
92673: -491 -524 -136 325
92680: -491 -524 -143 388
92682: -491 -525 -217 325
92683: -491 -525 -218 334
92684: -491 -525 -219 343
92685: -491 -525 -220 352
92686: -491 -525 -221 361
92687: -491 -525 -222 370
92688: -491 -525 -223 379
92689: -491 -525 -224 388
92693: -491 -526 -300 343
92698: -491 -526 -305 388
92721: -491 -529 -544 352
92726: -491 -529 -549 397
92727: -491 -530 -622 325
92728: -491 -530 -623 334
92729: -491 -530 -624 343
92730: -491 -530 -625 352
92731: -491 -530 -626 361
92732: -491 -530 -627 370
92733: -491 -530 -628 379
92734: -491 -530 -629 388
92735: -491 -530 -630 397
92736: -491 -531 -703 325
92737: -491 -531 -704 334
92738: -491 -531 -705 343
92739: -491 -531 -706 352
92741: -491 -531 -708 370
92742: -491 -531 -709 379
92743: -491 -531 -710 388
92744: -491 -531 -711 397
92826: -509 -523 -55 327
92835: -509 -524 -136 327
92883: -509 -529 -544 354
92889: -509 -530 -622 327
92905: -509 -531 -710 390
92907: -518 -523 -55 328
92916: -518 -524 -136 328
92925: -518 -525 -217 328
92933: -518 -525 -225 400
92971: -518 -530 -623 337
92973: -518 -530 -625 355
92975: -518 -530 -627 373
92978: -518 -530 -630 400
92979: -518 -531 -703 328
92981: -518 -531 -705 346
92986: -518 -531 -710 391
92997: -527 -524 -136 329
93024: -527 -527 -379 329
93026: -527 -527 -381 347
93027: -527 -527 -382 356
93028: -527 -527 -383 365
93030: -527 -527 -385 383
93031: -527 -527 -386 392
93032: -527 -527 -387 401
93069: -536 -523 -55 330
93078: -536 -524 -136 330
93081: -536 -524 -139 357
93082: -536 -524 -140 366
93085: -536 -524 -143 393
93086: -536 -524 -144 402
93087: -536 -525 -217 330
93088: -536 -525 -218 339
93104: -536 -526 -306 402
93126: -536 -529 -544 357
93130: -536 -529 -548 393
93132: -536 -530 -622 330
93137: -536 -530 -627 375
93140: -536 -530 -630 402
93141: -536 -531 -703 330
93142: -536 -531 -704 339
93143: -536 -531 -705 348
93144: -536 -531 -706 357
93145: -536 -531 -707 366
93146: -536 -531 -708 375
93147: -536 -531 -709 384
93148: -536 -531 -710 393
93149: -536 -531 -711 402
93150: -545 -523 -55 331
93159: -545 -524 -136 331
93168: -545 -525 -217 331
93176: -545 -525 -225 403
93217: -545 -530 -626 367
93218: -545 -530 -627 376
93221: -545 -530 -630 403
93222: -545 -531 -703 331
93228: -545 -531 -709 385
93229: -545 -531 -710 394
93231: -554 -523 -55 332
93240: -554 -524 -136 332
93292: -554 -529 -548 395
93299: -554 -530 -627 377
93300: -554 -530 -628 386
93302: -554 -530 -630 404
93303: -554 -531 -703 332
93307: -554 -531 -707 368
93310: -554 -531 -710 395
93312: -563 -523 -55 333
93321: -563 -524 -136 333
93322: -563 -524 -137 342
93323: -563 -524 -138 351
93324: -563 -524 -139 360
93325: -563 -524 -140 369
93327: -563 -524 -142 387
93328: -563 -524 -143 396
93330: -563 -525 -217 333
93331: -563 -525 -218 342
93332: -563 -525 -219 351
93333: -563 -525 -220 360
93334: -563 -525 -221 369
93335: -563 -525 -222 378
93336: -563 -525 -223 387
93337: -563 -525 -224 396
93338: -563 -525 -225 405
93347: -563 -526 -306 405
93383: -563 -530 -630 405
93385: -563 -531 -704 342
93387: -563 -531 -706 360
93389: -563 -531 -708 378
93390: -563 -531 -709 387
93391: -563 -531 -710 396
93401: -572 -604 -72 397
93402: -572 -605 -145 325
93403: -572 -605 -146 334
93404: -572 -605 -147 343
93405: -572 -605 -148 352
93406: -572 -605 -149 361
93408: -572 -605 -151 379
93409: -572 -605 -152 388
93410: -572 -605 -153 397
93411: -572 -606 -226 325
93412: -572 -606 -227 334
93413: -572 -606 -228 343
93414: -572 -606 -229 352
93415: -572 -606 -230 361
93416: -572 -606 -231 370
93417: -572 -606 -232 379
93418: -572 -606 -233 388
93419: -572 -606 -234 397
93420: -572 -607 -307 325
93421: -572 -607 -308 334
93422: -572 -607 -309 343
93423: -572 -607 -310 352
93424: -572 -607 -311 361
93425: -572 -607 -312 370
93426: -572 -607 -313 379
93428: -572 -607 -315 397
93438: -572 -609 -469 325
93439: -572 -609 -470 334
93440: -572 -609 -471 343
93441: -572 -609 -472 352
93442: -572 -609 -473 361
93443: -572 -609 -474 370
93444: -572 -609 -475 379
93445: -572 -609 -476 388
93446: -572 -609 -477 397
93447: -572 -610 -550 325
93448: -572 -610 -551 334
93449: -572 -610 -552 343
93450: -572 -610 -553 352
93451: -572 -610 -554 361
93453: -572 -610 -556 379
93454: -572 -610 -557 388
93455: -572 -610 -558 397
93456: -572 -611 -631 325
93457: -572 -611 -632 334
93458: -572 -611 -633 343
93459: -572 -611 -634 352
93461: -572 -611 -636 370
93462: -572 -611 -637 379
93466: -572 -612 -713 334
93467: -572 -612 -714 343
93468: -572 -612 -715 352
93470: -572 -612 -717 370
93471: -572 -612 -718 379
93473: -572 -612 -720 397
93482: -581 -604 -72 398
93483: -581 -605 -145 326
93499: -581 -606 -233 389
93548: -581 -612 -714 344
93549: -581 -612 -715 353
93551: -581 -612 -717 371
93552: -581 -612 -718 380
93554: -581 -612 -720 398
93563: -590 -604 -72 399
93564: -590 -605 -145 327
93584: -590 -607 -309 345
93600: -590 -609 -469 327
93609: -590 -610 -550 327
93610: -590 -610 -551 336
93611: -590 -610 -552 345
93613: -590 -610 -554 363
93615: -590 -610 -556 381
93618: -590 -611 -631 327
93628: -590 -612 -713 336
93629: -590 -612 -714 345
93630: -590 -612 -715 354
93631: -590 -612 -716 363
93632: -590 -612 -717 372
93633: -590 -612 -718 381
93635: -590 -612 -720 399
93644: -599 -604 -72 400
93663: -599 -607 -307 328
93670: -599 -607 -314 391
93681: -599 -609 -469 328
93682: -599 -609 -470 337
93683: -599 -609 -471 346
93685: -599 -609 -473 364
93686: -599 -609 -474 373
93687: -599 -609 -475 382
93688: -599 -609 -476 391
93689: -599 -609 -477 400
93690: -599 -610 -550 328
93699: -599 -611 -631 328
93700: -599 -611 -632 337
93701: -599 -611 -633 346
93704: -599 -611 -636 373
93709: -599 -612 -713 337
93710: -599 -612 -714 346
93711: -599 -612 -715 355
93713: -599 -612 -717 373
93714: -599 -612 -718 382
93716: -599 -612 -720 400
93753: -608 -608 -388 329
93755: -608 -608 -390 347
93756: -608 -608 -391 356
93757: -608 -608 -392 365
93759: -608 -608 -394 383
93760: -608 -608 -395 392
93761: -608 -608 -396 401
93806: -617 -604 -72 402
93807: -617 -605 -145 330
93817: -617 -606 -227 339
93822: -617 -606 -232 384
93823: -617 -606 -233 393
93843: -617 -609 -469 330
93852: -617 -610 -550 330
93858: -617 -610 -556 384
93863: -617 -611 -633 348
93871: -617 -612 -713 339
93872: -617 -612 -714 348
93873: -617 -612 -715 357
93875: -617 -612 -717 375
93876: -617 -612 -718 384
93887: -626 -604 -72 403
93888: -626 -605 -145 331
93897: -626 -606 -226 331
93906: -626 -607 -307 331
93924: -626 -609 -469 331
93952: -626 -612 -713 340
93953: -626 -612 -714 349
93954: -626 -612 -715 358
93956: -626 -612 -717 376
93957: -626 -612 -718 385
93968: -635 -604 -72 404
93969: -635 -605 -145 332
93971: -635 -605 -147 350
93972: -635 -605 -148 359
93978: -635 -606 -226 332
93986: -635 -606 -234 404
93994: -635 -607 -314 395
94005: -635 -609 -469 332
94012: -635 -609 -476 395
94014: -635 -610 -550 332
94033: -635 -612 -713 341
94034: -635 -612 -714 350
94035: -635 -612 -715 359
94037: -635 -612 -717 377
94038: -635 -612 -718 386
94049: -644 -604 -72 405
94050: -644 -605 -145 333
94051: -644 -605 -146 342
94052: -644 -605 -147 351
94053: -644 -605 -148 360
94054: -644 -605 -149 369
94056: -644 -605 -151 387
94057: -644 -605 -152 396
94058: -644 -605 -153 405
94059: -644 -606 -226 333
94060: -644 -606 -227 342
94066: -644 -606 -233 396
94067: -644 -606 -234 405
94068: -644 -607 -307 333
94075: -644 -607 -314 396
94086: -644 -609 -469 333
94087: -644 -609 -470 342
94088: -644 -609 -471 351
94089: -644 -609 -472 360
94090: -644 -609 -473 369
94091: -644 -609 -474 378
94092: -644 -609 -475 387
94093: -644 -609 -476 396
94094: -644 -609 -477 405
94095: -644 -610 -550 333
94096: -644 -610 -551 342
94098: -644 -610 -553 360
94101: -644 -610 -556 387
94102: -644 -610 -557 396
94103: -644 -610 -558 405
94104: -644 -611 -631 333
94105: -644 -611 -632 342
94106: -644 -611 -633 351
94107: -644 -611 -634 360
94110: -644 -611 -637 387
94114: -644 -612 -713 342
94115: -644 -612 -714 351
94116: -644 -612 -715 360
94118: -644 -612 -717 378
94119: -644 -612 -718 387
94121: -644 -612 -720 405
94129: -653 -685 -80 388
94131: -653 -686 -154 325
94132: -653 -686 -155 334
94133: -653 -686 -156 343
94134: -653 -686 -157 352
94135: -653 -686 -158 361
94137: -653 -686 -160 379
94138: -653 -686 -161 388
94139: -653 -686 -162 397
94140: -653 -687 -235 325
94141: -653 -687 -236 334
94142: -653 -687 -237 343
94143: -653 -687 -238 352
94144: -653 -687 -239 361
94145: -653 -687 -240 370
94146: -653 -687 -241 379
94147: -653 -687 -242 388
94148: -653 -687 -243 397
94149: -653 -688 -316 325
94150: -653 -688 -317 334
94151: -653 -688 -318 343
94152: -653 -688 -319 352
94153: -653 -688 -320 361
94154: -653 -688 -321 370
94155: -653 -688 -322 379
94156: -653 -688 -323 388
94157: -653 -688 -324 397
94167: -653 -690 -478 325
94168: -653 -690 -479 334
94169: -653 -690 -480 343
94170: -653 -690 -481 352
94171: -653 -690 -482 361
94172: -653 -690 -483 370
94173: -653 -690 -484 379
94174: -653 -690 -485 388
94175: -653 -690 -486 397
94176: -653 -691 -559 325
94177: -653 -691 -560 334
94178: -653 -691 -561 343
94179: -653 -691 -562 352
94180: -653 -691 -563 361
94182: -653 -691 -565 379
94183: -653 -691 -566 388
94184: -653 -691 -567 397
94186: -653 -692 -641 334
94187: -653 -692 -642 343
94188: -653 -692 -643 352
94189: -653 -692 -644 361
94190: -653 -692 -645 370
94191: -653 -692 -646 379
94194: -653 -693 -721 325
94195: -653 -693 -722 334
94196: -653 -693 -723 343
94197: -653 -693 -724 352
94199: -653 -693 -726 370
94200: -653 -693 -727 379
94210: -662 -685 -80 389
94212: -662 -686 -154 326
94221: -662 -687 -235 326
94235: -662 -688 -321 371
94248: -662 -690 -478 326
94267: -662 -692 -641 335
94269: -662 -692 -643 353
94271: -662 -692 -645 371
94272: -662 -692 -646 380
94291: -671 -685 -80 390
94293: -671 -686 -154 327
94307: -671 -687 -240 372
94312: -671 -688 -317 336
94313: -671 -688 -318 345
94329: -671 -690 -478 327
94338: -671 -691 -559 327
94340: -671 -691 -561 345
94348: -671 -692 -641 336
94349: -671 -692 -642 345
94350: -671 -692 -643 354
94352: -671 -692 -645 372
94353: -671 -692 -646 381
94357: -671 -693 -722 336
94372: -680 -685 -80 391
94374: -680 -686 -154 328
94383: -680 -687 -235 328
94384: -680 -687 -236 337
94396: -680 -688 -320 364
94400: -680 -688 -324 400
94410: -680 -690 -478 328
94419: -680 -691 -559 328
94429: -680 -692 -641 337
94430: -680 -692 -642 346
94431: -680 -692 -643 355
94433: -680 -692 -645 373
94434: -680 -692 -646 382
94482: -689 -689 -397 329
94483: -689 -689 -398 338
94484: -689 -689 -399 347
94485: -689 -689 -400 356
94486: -689 -689 -401 365
94488: -689 -689 -403 383
94489: -689 -689 -404 392
94490: -689 -689 -405 401
94534: -698 -685 -80 393
94545: -698 -687 -235 330
94572: -698 -690 -478 330
94581: -698 -691 -559 330
94591: -698 -692 -641 339
94592: -698 -692 -642 348
94593: -698 -692 -643 357
94595: -698 -692 -645 375
94596: -698 -692 -646 384
94615: -707 -685 -80 394
94617: -707 -686 -154 331
94626: -707 -687 -235 331
94653: -707 -690 -478 331
94673: -707 -692 -642 349
94674: -707 -692 -643 358
94677: -707 -692 -646 385
94696: -716 -685 -80 395
94698: -716 -686 -154 332
94699: -716 -686 -155 341
94700: -716 -686 -156 350
94701: -716 -686 -157 359
94702: -716 -686 -158 368
94704: -716 -686 -160 386
94705: -716 -686 -161 395
94706: -716 -686 -162 404
94707: -716 -687 -235 332
94714: -716 -687 -242 395
94715: -716 -687 -243 404
94716: -716 -688 -316 332
94718: -716 -688 -318 350
94721: -716 -688 -321 377
94722: -716 -688 -322 386
94724: -716 -688 -324 404
94734: -716 -690 -478 332
94736: -716 -690 -480 350
94741: -716 -690 -485 395
94742: -716 -690 -486 404
94743: -716 -691 -559 332
94744: -716 -691 -560 341
94745: -716 -691 -561 350
94746: -716 -691 -562 359
94749: -716 -691 -565 386
94750: -716 -691 -566 395
94751: -716 -691 -567 404
94753: -716 -692 -641 341
94754: -716 -692 -642 350
94755: -716 -692 -643 359
94756: -716 -692 -644 368
94757: -716 -692 -645 377
94758: -716 -692 -646 386
94762: -716 -693 -722 341
94777: -725 -685 -80 396
94779: -725 -686 -154 333
94786: -725 -686 -161 396
94788: -725 -687 -235 333
94802: -725 -688 -321 378
94815: -725 -690 -478 333
94824: -725 -691 -559 333
94834: -725 -692 -641 342
94835: -725 -692 -642 351
94836: -725 -692 -643 360
94838: -725 -692 -645 378
94839: -725 -692 -646 387
95230: -42 -52 -488 419
95231: -42 -52 -489 428
95232: -42 -52 -490 437
95233: -42 -52 -491 446
95235: -42 -52 -493 464
95236: -42 -52 -494 473
95237: -42 -52 -495 482
95582: -87 -127 -12 424
95590: -87 -128 -92 415
95591: -87 -128 -93 424
95592: -87 -128 -94 433
95593: -87 -128 -95 442
95596: -87 -128 -98 469
95597: -87 -128 -99 478
95598: -87 -129 -172 406
95599: -87 -129 -173 415
95600: -87 -129 -174 424
95601: -87 -129 -175 433
95602: -87 -129 -176 442
95603: -87 -129 -177 451
95604: -87 -129 -178 460
95605: -87 -129 -179 469
95606: -87 -129 -180 478
95607: -87 -130 -253 406
95608: -87 -130 -254 415
95609: -87 -130 -255 424
95610: -87 -130 -256 433
95611: -87 -130 -257 442
95612: -87 -130 -258 451
95613: -87 -130 -259 460
95614: -87 -130 -260 469
95615: -87 -130 -261 478
95616: -87 -131 -334 406
95617: -87 -131 -335 415
95618: -87 -131 -336 424
95619: -87 -131 -337 433
95620: -87 -131 -338 442
95621: -87 -131 -339 451
95622: -87 -131 -340 460
95623: -87 -131 -341 469
95624: -87 -131 -342 478
95639: -87 -133 -501 451
95643: -87 -134 -577 406
95644: -87 -134 -578 415
95645: -87 -134 -579 424
95646: -87 -134 -580 433
95647: -87 -134 -581 442
95648: -87 -134 -582 451
95649: -87 -134 -583 460
95650: -87 -134 -584 469
95651: -87 -134 -585 478
95652: -87 -135 -658 406
95653: -87 -135 -659 415
95654: -87 -135 -660 424
95655: -87 -135 -661 433
95656: -87 -135 -662 442
95657: -87 -135 -663 451
95658: -87 -135 -664 460
95659: -87 -135 -665 469
95660: -87 -135 -666 478
96388: -168 -216 -674 469
96393: -177 -208 -22 434
96431: -177 -212 -348 452
96453: -177 -215 -586 407
96461: -177 -215 -594 479
96469: -177 -216 -674 470
96474: -186 -208 -22 435
96505: -186 -211 -269 471
96532: -186 -214 -512 471
96534: -186 -215 -586 408
96535: -186 -215 -587 417
96550: -186 -216 -674 471
96555: -195 -208 -22 436
96574: -195 -210 -185 445
96595: -195 -212 -350 472
96616: -195 -215 -587 418
96623: -195 -215 -594 481
96631: -195 -216 -674 472
96636: -204 -208 -22 437
96646: -204 -209 -104 446
96649: -204 -209 -107 473
96650: -204 -209 -108 482
96655: -204 -210 -185 446
96669: -204 -212 -343 410
96675: -204 -212 -349 464
96694: -204 -214 -512 473
96696: -204 -215 -586 410
96697: -204 -215 -587 419
96705: -204 -216 -667 410
96712: -204 -216 -674 473
96759: -213 -213 -424 411
96760: -213 -213 -425 420
96761: -213 -213 -426 429
96762: -213 -213 -427 438
96763: -213 -213 -428 447
96764: -213 -213 -429 456
96765: -213 -213 -430 465
96766: -213 -213 -431 474
96767: -213 -213 -432 483
96793: -213 -216 -674 474
96798: -222 -208 -22 439
96812: -222 -209 -108 484
96813: -222 -210 -181 412
96858: -222 -215 -586 412
96859: -222 -215 -587 421
96867: -222 -216 -667 412
96879: -231 -208 -22 440
96886: -231 -209 -101 422
96888: -231 -209 -103 440
96891: -231 -209 -106 467
96900: -231 -210 -187 467
96904: -231 -211 -263 422
96905: -231 -211 -264 431
96906: -231 -211 -265 440
96907: -231 -211 -266 449
96908: -231 -211 -267 458
96909: -231 -211 -268 467
96912: -231 -212 -343 413
96916: -231 -212 -347 449
96918: -231 -212 -349 467
96919: -231 -212 -350 476
96920: -231 -212 -351 485
96932: -231 -214 -507 431
96937: -231 -214 -512 476
96939: -231 -215 -586 413
96940: -231 -215 -587 422
96942: -231 -215 -589 440
96944: -231 -215 -591 458
96945: -231 -215 -592 467
96948: -231 -216 -667 413
96955: -231 -216 -674 476
96960: -240 -208 -22 441
96966: -240 -209 -100 414
96973: -240 -209 -107 477
96974: -240 -209 -108 486
96975: -240 -210 -181 414
96979: -240 -210 -185 450
96985: -240 -211 -263 423
96986: -240 -211 -264 432
96987: -240 -211 -265 441
96988: -240 -211 -266 450
96989: -240 -211 -267 459
96990: -240 -211 -268 468
96991: -240 -211 -269 477
96993: -240 -212 -343 414
97012: -240 -214 -506 423
97013: -240 -214 -507 432
97014: -240 -214 -508 441
97015: -240 -214 -509 450
97017: -240 -214 -511 468
97019: -240 -214 -513 486
97020: -240 -215 -586 414
97021: -240 -215 -587 423
97028: -240 -215 -594 486
97029: -240 -216 -667 414
97030: -240 -216 -668 423
97032: -240 -216 -670 441
97033: -240 -216 -671 450
97035: -240 -216 -673 468
97036: -240 -216 -674 477
97042: -249 -289 -32 442
97053: -249 -290 -115 460
97056: -249 -291 -190 406
97077: -249 -293 -355 433
97092: -249 -295 -514 406
97099: -249 -295 -521 469
97100: -249 -295 -522 478
97101: -249 -296 -595 406
97102: -249 -296 -596 415
97103: -249 -296 -597 424
97104: -249 -296 -598 433
97105: -249 -296 -599 442
97106: -249 -296 -600 451
97107: -249 -296 -601 460
97108: -249 -296 -602 469
97109: -249 -296 -603 478
97111: -249 -297 -677 415
97112: -249 -297 -678 424
97113: -249 -297 -679 433
97114: -249 -297 -680 442
97115: -249 -297 -681 451
97116: -249 -297 -682 460
97117: -249 -297 -683 469
97118: -249 -297 -684 478
97123: -258 -289 -32 443
97137: -258 -291 -190 407
97182: -258 -296 -595 407
97184: -258 -296 -597 425
97186: -258 -296 -599 443
97188: -258 -296 -601 461
97204: -267 -289 -32 444
97209: -267 -290 -109 408
97218: -267 -291 -190 408
97228: -267 -292 -272 417
97231: -267 -292 -275 444
97239: -267 -293 -355 435
97261: -267 -295 -521 471
97263: -267 -296 -595 408
97264: -267 -296 -596 417
97268: -267 -296 -600 453
97270: -267 -296 -602 471
97271: -267 -296 -603 480
97272: -267 -297 -676 408
97279: -267 -297 -683 471
97280: -267 -297 -684 480
97285: -276 -289 -32 445
97344: -276 -296 -595 409
97345: -276 -296 -596 418
97346: -276 -296 -597 427
97348: -276 -296 -599 445
97349: -276 -296 -600 454
97351: -276 -296 -602 472
97361: -276 -297 -684 481
97366: -285 -289 -32 446
97380: -285 -291 -190 410
97389: -285 -292 -271 410
97390: -285 -292 -272 419
97395: -285 -292 -277 464
97396: -285 -292 -278 473
97397: -285 -292 -279 482
97404: -285 -293 -358 464
97423: -285 -295 -521 473
97434: -285 -297 -676 410
97442: -285 -297 -684 482
97488: -294 -294 -433 411
97489: -294 -294 -434 420
97490: -294 -294 -435 429
97491: -294 -294 -436 438
97492: -294 -294 -437 447
97493: -294 -294 -438 456
97494: -294 -294 -439 465
97495: -294 -294 -440 474
97496: -294 -294 -441 483
97528: -303 -289 -32 448
97534: -303 -290 -110 421
97542: -303 -291 -190 412
97595: -303 -296 -603 484
97609: -312 -289 -32 449
97614: -312 -290 -109 413
97623: -312 -291 -190 413
97660: -312 -295 -515 422
97662: -312 -295 -517 440
97663: -312 -295 -518 449
97665: -312 -295 -520 467
97668: -312 -296 -595 413
97669: -312 -296 -596 422
97670: -312 -296 -597 431
97672: -312 -296 -599 449
97674: -312 -296 -601 467
97675: -312 -296 -602 476
97676: -312 -296 -603 485
97683: -312 -297 -682 467
97684: -312 -297 -683 476
97685: -312 -297 -684 485
97690: -321 -289 -32 450
97695: -321 -290 -109 414
97701: -321 -290 -115 468
97704: -321 -291 -190 414
97709: -321 -291 -195 459
97729: -321 -293 -359 477
97741: -321 -295 -515 423
97742: -321 -295 -516 432
97743: -321 -295 -517 441
97746: -321 -295 -520 468
97747: -321 -295 -521 477
97748: -321 -295 -522 486
97757: -321 -296 -603 486
97758: -321 -297 -676 414
97759: -321 -297 -677 423
97760: -321 -297 -678 432
97762: -321 -297 -680 450
97763: -321 -297 -681 459
97764: -321 -297 -682 468
97765: -321 -297 -683 477
97766: -321 -297 -684 486
97772: -330 -370 -42 451
97776: -330 -371 -118 406
97777: -330 -371 -119 415
97778: -330 -371 -120 424
97779: -330 -371 -121 433
97780: -330 -371 -122 442
97782: -330 -371 -124 460
97783: -330 -371 -125 469
97795: -330 -373 -281 415
97797: -330 -373 -283 433
97798: -330 -373 -284 442
97799: -330 -373 -285 451
97800: -330 -373 -286 460
97801: -330 -373 -287 469
97802: -330 -373 -288 478
97805: -330 -374 -363 424
97810: -330 -374 -368 469
97821: -330 -376 -523 406
97825: -330 -376 -527 442
97829: -330 -376 -531 478
97830: -330 -377 -604 406
97831: -330 -377 -605 415
97832: -330 -377 -606 424
97836: -330 -377 -610 460
97837: -330 -377 -611 469
97838: -330 -377 -612 478
97840: -330 -378 -686 415
97845: -330 -378 -691 460
97846: -330 -378 -692 469
97847: -330 -378 -693 478
97853: -339 -370 -42 452
97886: -339 -374 -363 425
97905: -339 -376 -526 434
97920: -339 -378 -685 407
97927: -339 -378 -692 470
97934: -348 -370 -42 453
97938: -348 -371 -118 408
97940: -348 -371 -120 426
97945: -348 -371 -125 471
97950: -348 -372 -202 435
97952: -348 -372 -204 453
97953: -348 -372 -205 462
97954: -348 -372 -206 471
97955: -348 -372 -207 480
97956: -348 -373 -280 408
97957: -348 -373 -281 417
97959: -348 -373 -283 435
97960: -348 -373 -284 444
97961: -348 -373 -285 453
97962: -348 -373 -286 462
97963: -348 -373 -287 471
97964: -348 -373 -288 480
97971: -348 -374 -367 462
97972: -348 -374 -368 471
97973: -348 -374 -369 480
97983: -348 -376 -523 408
97986: -348 -376 -526 435
97987: -348 -376 -527 444
97989: -348 -376 -529 462
97992: -348 -377 -604 408
97997: -348 -377 -609 453
97998: -348 -377 -610 462
98000: -348 -377 -612 480
98001: -348 -378 -685 408
98002: -348 -378 -686 417
98004: -348 -378 -688 435
98005: -348 -378 -689 444
98006: -348 -378 -690 453
98007: -348 -378 -691 462
98008: -348 -378 -692 471
98015: -357 -370 -42 454
98028: -357 -372 -199 409
98044: -357 -373 -287 472
98048: -357 -374 -363 427
98052: -357 -374 -367 463
98054: -357 -374 -369 481
98081: -357 -377 -612 481
98100: -366 -371 -118 410
98107: -366 -371 -125 473
98109: -366 -372 -199 410
98153: -366 -376 -531 482
98155: -366 -377 -605 419
98162: -366 -377 -612 482
98163: -366 -378 -685 410
98164: -366 -378 -686 419
98170: -366 -378 -692 473
98177: -375 -370 -42 456
98217: -375 -375 -442 411
98218: -375 -375 -443 420
98219: -375 -375 -444 429
98220: -375 -375 -445 438
98222: -375 -375 -447 456
98223: -375 -375 -448 465
98224: -375 -375 -449 474
98225: -375 -375 -450 483
98244: -375 -378 -685 411
98258: -384 -370 -42 457
98265: -384 -371 -121 439
98266: -384 -371 -122 448
98270: -384 -371 -126 484
98324: -384 -377 -612 484
98326: -384 -378 -686 421
98331: -384 -378 -691 466
98339: -393 -370 -42 458
98343: -393 -371 -118 413
98350: -393 -371 -125 476
98351: -393 -371 -126 485
98371: -393 -374 -362 422
98377: -393 -374 -368 476
98388: -393 -376 -523 413
98395: -393 -376 -530 476
98403: -393 -377 -610 467
98405: -393 -377 -612 485
98407: -393 -378 -686 422
98409: -393 -378 -688 440
98412: -393 -378 -691 467
98413: -393 -378 -692 476
98420: -402 -370 -42 459
98424: -402 -371 -118 414
98427: -402 -371 -121 441
98430: -402 -371 -124 468
98431: -402 -371 -125 477
98432: -402 -371 -126 486
98444: -402 -373 -282 432
98453: -402 -374 -363 432
98459: -402 -374 -369 486
98469: -402 -376 -523 414
98477: -402 -376 -531 486
98484: -402 -377 -610 468
98486: -402 -377 -612 486
98487: -402 -378 -685 414
98494: -402 -378 -692 477
98508: -411 -452 -130 433
98509: -411 -452 -131 442
98512: -411 -452 -134 469
98513: -411 -452 -135 478
98514: -411 -453 -208 406
98515: -411 -453 -209 415
98518: -411 -453 -212 442
98520: -411 -453 -214 460
98521: -411 -453 -215 469
98522: -411 -453 -216 478
98524: -411 -454 -290 415
98525: -411 -454 -291 424
98529: -411 -454 -295 460
98530: -411 -454 -296 469
98531: -411 -454 -297 478
98546: -411 -456 -456 451
98559: -411 -458 -613 406
98560: -411 -458 -614 415
98561: -411 -458 -615 424
98562: -411 -458 -616 433
98563: -411 -458 -617 442
98565: -411 -458 -619 460
98566: -411 -458 -620 469
98568: -411 -459 -694 406
98569: -411 -459 -695 415
98570: -411 -459 -696 424
98571: -411 -459 -697 433
98572: -411 -459 -698 442
98574: -411 -459 -700 460
98576: -411 -459 -702 478
98583: -420 -451 -52 461
98595: -420 -453 -208 407
98598: -420 -453 -211 434
98599: -420 -453 -212 443
98602: -420 -453 -215 470
98603: -420 -453 -216 479
98604: -420 -454 -289 407
98605: -420 -454 -290 416
98606: -420 -454 -291 425
98608: -420 -454 -293 443
98609: -420 -454 -294 452
98610: -420 -454 -295 461
98611: -420 -454 -296 470
98612: -420 -454 -297 479
98627: -420 -456 -456 452
98633: -420 -457 -534 425
98634: -420 -457 -535 434
98635: -420 -457 -536 443
98638: -420 -457 -539 470
98639: -420 -457 -540 479
98640: -420 -458 -613 407
98642: -420 -458 -615 425
98643: -420 -458 -616 434
98644: -420 -458 -617 443
98646: -420 -458 -619 461
98647: -420 -458 -620 470
98648: -420 -458 -621 479
98649: -420 -459 -694 407
98651: -420 -459 -696 425
98652: -420 -459 -697 434
98653: -420 -459 -698 443
98655: -420 -459 -700 461
98656: -420 -459 -701 470
98664: -429 -451 -52 462
98669: -429 -452 -129 426
98674: -429 -452 -134 471
98675: -429 -452 -135 480
98687: -429 -454 -291 426
98693: -429 -454 -297 480
98716: -429 -457 -536 444
98719: -429 -457 -539 471
98722: -429 -458 -614 417
98723: -429 -458 -615 426
98725: -429 -458 -617 444
98727: -429 -458 -619 462
98730: -429 -459 -694 408
98731: -429 -459 -695 417
98732: -429 -459 -696 426
98733: -429 -459 -697 435
98734: -429 -459 -698 444
98736: -429 -459 -700 462
98737: -429 -459 -701 471
98745: -438 -451 -52 463
98763: -438 -453 -214 463
98764: -438 -453 -215 472
98796: -438 -457 -535 436
98797: -438 -457 -536 445
98800: -438 -457 -539 472
98801: -438 -457 -540 481
98802: -438 -458 -613 409
98805: -438 -458 -616 436
98806: -438 -458 -617 445
98808: -438 -458 -619 463
98810: -438 -458 -621 481
98811: -438 -459 -694 409
98812: -438 -459 -695 418
98813: -438 -459 -696 427
98814: -438 -459 -697 436
98815: -438 -459 -698 445
98817: -438 -459 -700 463
98818: -438 -459 -701 472
98826: -447 -451 -52 464
98829: -447 -452 -127 410
98831: -447 -452 -129 428
98833: -447 -452 -131 446
98836: -447 -452 -134 473
98837: -447 -452 -135 482
98838: -447 -453 -208 410
98839: -447 -453 -209 419
98841: -447 -453 -211 437
98842: -447 -453 -212 446
98843: -447 -453 -213 455
98844: -447 -453 -214 464
98845: -447 -453 -215 473
98849: -447 -454 -291 428
98870: -447 -456 -456 455
98877: -447 -457 -535 437
98878: -447 -457 -536 446
98881: -447 -457 -539 473
98882: -447 -457 -540 482
98883: -447 -458 -613 410
98884: -447 -458 -614 419
98885: -447 -458 -615 428
98886: -447 -458 -616 437
98887: -447 -458 -617 446
98889: -447 -458 -619 464
98891: -447 -458 -621 482
98892: -447 -459 -694 410
98893: -447 -459 -695 419
98894: -447 -459 -696 428
98895: -447 -459 -697 437
98896: -447 -459 -698 446
98898: -447 -459 -700 464
98899: -447 -459 -701 473
98988: -465 -451 -52 466
98991: -465 -452 -127 412
99001: -465 -453 -209 421
99003: -465 -453 -211 439
99007: -465 -453 -215 475
99010: -465 -454 -290 421
99013: -465 -454 -293 448
99015: -465 -454 -295 466
99016: -465 -454 -296 475
99036: -465 -457 -532 412
99045: -465 -458 -613 412
99046: -465 -458 -614 421
99047: -465 -458 -615 430
99048: -465 -458 -616 439
99049: -465 -458 -617 448
99051: -465 -458 -619 466
99053: -465 -458 -621 484
99054: -465 -459 -694 412
99055: -465 -459 -695 421
99056: -465 -459 -696 430
99057: -465 -459 -697 439
99058: -465 -459 -698 448
99061: -465 -459 -701 475
99069: -474 -451 -52 467
99074: -474 -452 -129 431
99075: -474 -452 -130 440
99076: -474 -452 -131 449
99080: -474 -452 -135 485
99081: -474 -453 -208 413
99082: -474 -453 -209 422
99084: -474 -453 -211 440
99085: -474 -453 -212 449
99086: -474 -453 -213 458
99087: -474 -453 -214 467
99088: -474 -453 -215 476
99089: -474 -453 -216 485
99090: -474 -454 -289 413
99091: -474 -454 -290 422
99092: -474 -454 -291 431
99094: -474 -454 -293 449
99096: -474 -454 -295 467
99097: -474 -454 -296 476
99098: -474 -454 -297 485
99118: -474 -457 -533 422
99119: -474 -457 -534 431
99120: -474 -457 -535 440
99121: -474 -457 -536 449
99124: -474 -457 -539 476
99125: -474 -457 -540 485
99136: -474 -459 -695 422
99137: -474 -459 -696 431
99142: -474 -459 -701 476
99150: -483 -451 -52 468
99155: -483 -452 -129 432
99156: -483 -452 -130 441
99157: -483 -452 -131 450
99160: -483 -452 -134 477
99161: -483 -452 -135 486
99162: -483 -453 -208 414
99165: -483 -453 -211 441
99166: -483 -453 -212 450
99168: -483 -453 -214 468
99169: -483 -453 -215 477
99170: -483 -453 -216 486
99171: -483 -454 -289 414
99172: -483 -454 -290 423
99173: -483 -454 -291 432
99175: -483 -454 -293 450
99177: -483 -454 -295 468
99179: -483 -454 -297 486
99194: -483 -456 -456 459
99199: -483 -457 -533 423
99200: -483 -457 -534 432
99201: -483 -457 -535 441
99202: -483 -457 -536 450
99205: -483 -457 -539 477
99206: -483 -457 -540 486
99210: -483 -458 -616 441
99215: -483 -458 -621 486
99306: -501 -532 -55 407
99315: -501 -533 -136 407
99316: -501 -533 -137 416
99317: -501 -533 -138 425
99318: -501 -533 -139 434
99319: -501 -533 -140 443
99321: -501 -533 -142 461
99322: -501 -533 -143 470
99323: -501 -533 -144 479
99324: -501 -534 -217 407
99325: -501 -534 -218 416
99326: -501 -534 -219 425
99327: -501 -534 -220 434
99328: -501 -534 -221 443
99329: -501 -534 -222 452
99330: -501 -534 -223 461
99331: -501 -534 -224 470
99332: -501 -534 -225 479
99333: -501 -535 -298 407
99334: -501 -535 -299 416
99335: -501 -535 -300 425
99336: -501 -535 -301 434
99337: -501 -535 -302 443
99338: -501 -535 -303 452
99339: -501 -535 -304 461
99340: -501 -535 -305 470
99341: -501 -535 -306 479
99342: -501 -536 -379 407
99343: -501 -536 -380 416
99344: -501 -536 -381 425
99345: -501 -536 -382 434
99346: -501 -536 -383 443
99347: -501 -536 -384 452
99348: -501 -536 -385 461
99349: -501 -536 -386 470
99350: -501 -536 -387 479
99361: -501 -538 -542 416
99362: -501 -538 -543 425
99363: -501 -538 -544 434
99364: -501 -538 -545 443
99367: -501 -538 -548 470
99368: -501 -538 -549 479
99369: -501 -539 -622 407
99370: -501 -539 -623 416
99371: -501 -539 -624 425
99372: -501 -539 -625 434
99373: -501 -539 -626 443
99374: -501 -539 -627 452
99375: -501 -539 -628 461
99376: -501 -539 -629 470
99377: -501 -539 -630 479
99378: -501 -540 -703 407
99379: -501 -540 -704 416
99380: -501 -540 -705 425
99381: -501 -540 -706 434
99382: -501 -540 -707 443
99383: -501 -540 -708 452
99384: -501 -540 -709 461
99385: -501 -540 -710 470
99386: -501 -540 -711 479
99962: -573 -613 -72 478
99963: -573 -614 -145 406
99964: -573 -614 -146 415
99965: -573 -614 -147 424
99966: -573 -614 -148 433
99967: -573 -614 -149 442
99969: -573 -614 -151 460
99970: -573 -614 -152 469
99971: -573 -614 -153 478
99972: -573 -615 -226 406
99973: -573 -615 -227 415
99974: -573 -615 -228 424
99975: -573 -615 -229 433
99976: -573 -615 -230 442
99977: -573 -615 -231 451
99978: -573 -615 -232 460
99979: -573 -615 -233 469
99980: -573 -615 -234 478
99981: -573 -616 -307 406
99982: -573 -616 -308 415
99983: -573 -616 -309 424
99984: -573 -616 -310 433
99985: -573 -616 -311 442
99986: -573 -616 -312 451
99987: -573 -616 -313 460
99988: -573 -616 -314 469
99989: -573 -616 -315 478
99990: -573 -617 -388 406
99991: -573 -617 -389 415
99992: -573 -617 -390 424
99993: -573 -617 -391 433
99994: -573 -617 -392 442
99995: -573 -617 -393 451
99996: -573 -617 -394 460
99998: -573 -617 -396 478
100008: -573 -619 -550 406
100009: -573 -619 -551 415
100010: -573 -619 -552 424
100011: -573 -619 -553 433
100012: -573 -619 -554 442
100014: -573 -619 -556 460
100015: -573 -619 -557 469
100016: -573 -619 -558 478
100018: -573 -620 -632 415
100019: -573 -620 -633 424
100020: -573 -620 -634 433
100021: -573 -620 -635 442
100023: -573 -620 -637 460
100024: -573 -620 -638 469
100025: -573 -620 -639 478
100027: -573 -621 -713 415
100028: -573 -621 -714 424
100029: -573 -621 -715 433
100030: -573 -621 -716 442
100031: -573 -621 -717 451
100032: -573 -621 -718 460
100033: -573 -621 -719 469
100034: -573 -621 -720 478
100043: -582 -613 -72 479
100044: -582 -614 -145 407
100050: -582 -614 -151 461
100051: -582 -614 -152 470
100053: -582 -615 -226 407
100059: -582 -615 -232 461
100062: -582 -616 -307 407
100071: -582 -617 -388 407
100100: -582 -620 -633 425
100101: -582 -620 -634 434
100102: -582 -620 -635 443
100104: -582 -620 -637 461
100108: -582 -621 -713 416
100109: -582 -621 -714 425
100110: -582 -621 -715 434
100111: -582 -621 -716 443
100113: -582 -621 -718 461
100115: -582 -621 -720 479
100124: -591 -613 -72 480
100125: -591 -614 -145 408
100134: -591 -615 -226 408
100142: -591 -615 -234 480
100145: -591 -616 -309 426
100180: -591 -620 -632 417
100182: -591 -620 -634 435
100183: -591 -620 -635 444
100185: -591 -620 -637 462
100189: -591 -621 -713 417
100190: -591 -621 -714 426
100191: -591 -621 -715 435
100192: -591 -621 -716 444
100194: -591 -621 -718 462
100196: -591 -621 -720 480
100205: -600 -613 -72 481
100210: -600 -614 -149 445
100215: -600 -615 -226 409
100217: -600 -615 -228 427
100218: -600 -615 -229 436
100221: -600 -615 -232 463
100233: -600 -617 -388 409
100235: -600 -617 -390 427
100241: -600 -617 -396 481
100261: -600 -620 -632 418
100262: -600 -620 -633 427
100264: -600 -620 -635 445
100266: -600 -620 -637 463
100270: -600 -621 -713 418
100271: -600 -621 -714 427
100272: -600 -621 -715 436
100273: -600 -621 -716 445
100275: -600 -621 -718 463
100286: -609 -613 -72 482
100287: -609 -614 -145 410
100291: -609 -614 -149 446
100296: -609 -615 -226 410
100297: -609 -615 -227 419
100299: -609 -615 -229 437
100303: -609 -615 -233 473
100304: -609 -615 -234 482
100305: -609 -616 -307 410
100314: -609 -617 -388 410
100320: -609 -617 -394 464
100332: -609 -619 -550 410
100341: -609 -620 -631 410
100342: -609 -620 -632 419
100343: -609 -620 -633 428
100344: -609 -620 -634 437
100347: -609 -620 -637 464
100351: -609 -621 -713 419
100352: -609 -621 -714 428
100353: -609 -621 -715 437
100354: -609 -621 -716 446
100355: -609 -621 -717 455
100356: -609 -621 -718 464
100358: -609 -621 -720 482
100404: -618 -618 -469 411
100405: -618 -618 -470 420
100406: -618 -618 -471 429
100407: -618 -618 -472 438
100408: -618 -618 -473 447
100409: -618 -618 -474 456
100410: -618 -618 -475 465
100411: -618 -618 -476 474
100412: -618 -618 -477 483
100448: -627 -613 -72 484
100449: -627 -614 -145 412
100458: -627 -615 -226 412
100462: -627 -615 -230 448
100464: -627 -615 -232 466
100465: -627 -615 -233 475
100475: -627 -616 -315 484
100483: -627 -617 -395 475
100494: -627 -619 -550 412
100496: -627 -619 -552 430
100497: -627 -619 -553 439
100498: -627 -619 -554 448
100500: -627 -619 -556 466
100502: -627 -619 -558 484
100504: -627 -620 -632 421
100505: -627 -620 -633 430
100506: -627 -620 -634 439
100507: -627 -620 -635 448
100511: -627 -620 -639 484
100513: -627 -621 -713 421
100515: -627 -621 -715 439
100516: -627 -621 -716 448
100518: -627 -621 -718 466
100520: -627 -621 -720 484
100529: -636 -613 -72 485
100530: -636 -614 -145 413
100539: -636 -615 -226 413
100540: -636 -615 -227 422
100541: -636 -615 -228 431
100542: -636 -615 -229 440
100543: -636 -615 -230 449
100544: -636 -615 -231 458
100545: -636 -615 -232 467
100547: -636 -615 -234 485
100548: -636 -616 -307 413
100552: -636 -616 -311 449
100553: -636 -616 -312 458
100554: -636 -616 -313 467
100555: -636 -616 -314 476
100556: -636 -616 -315 485
100557: -636 -617 -388 413
100558: -636 -617 -389 422
100559: -636 -617 -390 431
100561: -636 -617 -392 449
100563: -636 -617 -394 467
100564: -636 -617 -395 476
100565: -636 -617 -396 485
100582: -636 -619 -557 476
100594: -636 -621 -713 422
100595: -636 -621 -714 431
100596: -636 -621 -715 440
100597: -636 -621 -716 449
100599: -636 -621 -718 467
100601: -636 -621 -720 485
100610: -645 -613 -72 486
100611: -645 -614 -145 414
100612: -645 -614 -146 423
100613: -645 -614 -147 432
100614: -645 -614 -148 441
100615: -645 -614 -149 450
100617: -645 -614 -151 468
100618: -645 -614 -152 477
100619: -645 -614 -153 486
100620: -645 -615 -226 414
100621: -645 -615 -227 423
100622: -645 -615 -228 432
100623: -645 -615 -229 441
100624: -645 -615 -230 450
100625: -645 -615 -231 459
100626: -645 -615 -232 468
100627: -645 -615 -233 477
100628: -645 -615 -234 486
100629: -645 -616 -307 414
100636: -645 -616 -314 477
100637: -645 -616 -315 486
100638: -645 -617 -388 414
100639: -645 -617 -389 423
100640: -645 -617 -390 432
100642: -645 -617 -392 450
100645: -645 -617 -395 477
100646: -645 -617 -396 486
100656: -645 -619 -550 414
100657: -645 -619 -551 423
100658: -645 -619 -552 432
100659: -645 -619 -553 441
100660: -645 -619 -554 450
100662: -645 -619 -556 468
100663: -645 -619 -557 477
100666: -645 -620 -632 423
100667: -645 -620 -633 432
100668: -645 -620 -634 441
100669: -645 -620 -635 450
100671: -645 -620 -637 468
100672: -645 -620 -638 477
100676: -645 -621 -714 432
100677: -645 -621 -715 441
100678: -645 -621 -716 450
100680: -645 -621 -718 468
100682: -645 -621 -720 486
100690: -654 -694 -80 469
100693: -654 -695 -155 415
100694: -654 -695 -156 424
100695: -654 -695 -157 433
100696: -654 -695 -158 442
100698: -654 -695 -160 460
100699: -654 -695 -161 469
100700: -654 -695 -162 478
100701: -654 -696 -235 406
100702: -654 -696 -236 415
100703: -654 -696 -237 424
100704: -654 -696 -238 433
100705: -654 -696 -239 442
100706: -654 -696 -240 451
100707: -654 -696 -241 460
100708: -654 -696 -242 469
100709: -654 -696 -243 478
100710: -654 -697 -316 406
100711: -654 -697 -317 415
100712: -654 -697 -318 424
100713: -654 -697 -319 433
100714: -654 -697 -320 442
100715: -654 -697 -321 451
100716: -654 -697 -322 460
100717: -654 -697 -323 469
100718: -654 -697 -324 478
100719: -654 -698 -397 406
100720: -654 -698 -398 415
100721: -654 -698 -399 424
100722: -654 -698 -400 433
100723: -654 -698 -401 442
100724: -654 -698 -402 451
100725: -654 -698 -403 460
100726: -654 -698 -404 469
100737: -654 -700 -559 406
100738: -654 -700 -560 415
100739: -654 -700 -561 424
100740: -654 -700 -562 433
100741: -654 -700 -563 442
100743: -654 -700 -565 460
100744: -654 -700 -566 469
100745: -654 -700 -567 478
100746: -654 -701 -640 406
100747: -654 -701 -641 415
100748: -654 -701 -642 424
100749: -654 -701 -643 433
100750: -654 -701 -644 442
100751: -654 -701 -645 451
100752: -654 -701 -646 460
100756: -654 -702 -722 415
100757: -654 -702 -723 424
100758: -654 -702 -724 433
100759: -654 -702 -725 442
100761: -654 -702 -727 460
100771: -663 -694 -80 470
100773: -663 -695 -154 407
100777: -663 -695 -158 443
100782: -663 -696 -235 407
100791: -663 -697 -316 407
100800: -663 -698 -397 407
100826: -663 -700 -567 479
100829: -663 -701 -642 425
100830: -663 -701 -643 434
100831: -663 -701 -644 443
100833: -663 -701 -646 461
100837: -663 -702 -722 416
100838: -663 -702 -723 425
100839: -663 -702 -724 434
100840: -663 -702 -725 443
100852: -672 -694 -80 471
100854: -672 -695 -154 408
100866: -672 -696 -238 435
100868: -672 -696 -240 453
100869: -672 -696 -241 462
100870: -672 -696 -242 471
100879: -672 -697 -323 471
100880: -672 -697 -324 480
100881: -672 -698 -397 408
100883: -672 -698 -399 426
100889: -672 -698 -405 480
100900: -672 -700 -560 417
100909: -672 -701 -641 417
100910: -672 -701 -642 426
100911: -672 -701 -643 435
100912: -672 -701 -644 444
100914: -672 -701 -646 462
100918: -672 -702 -722 417
100933: -681 -694 -80 472
100944: -681 -696 -235 409
100951: -681 -696 -242 472
100962: -681 -698 -397 409
100980: -681 -700 -559 409
100991: -681 -701 -642 427
100992: -681 -701 -643 436
100993: -681 -701 -644 445
100995: -681 -701 -646 463
100999: -681 -702 -722 418
101002: -681 -702 -725 445
101004: -681 -702 -727 463
101014: -690 -694 -80 473
101016: -690 -695 -154 410
101017: -690 -695 -155 419
101019: -690 -695 -157 437
101022: -690 -695 -160 464
101023: -690 -695 -161 473
101024: -690 -695 -162 482
101025: -690 -696 -235 410
101030: -690 -696 -240 455
101032: -690 -696 -242 473
101033: -690 -696 -243 482
101034: -690 -697 -316 410
101041: -690 -697 -323 473
101042: -690 -697 -324 482
101043: -690 -698 -397 410
101046: -690 -698 -400 437
101061: -690 -700 -559 410
101069: -690 -700 -567 482
101071: -690 -701 -641 419
101072: -690 -701 -642 428
101073: -690 -701 -643 437
101074: -690 -701 -644 446
101075: -690 -701 -645 455
101076: -690 -701 -646 464
101077: -690 -701 -647 473
101079: -690 -702 -721 410
101080: -690 -702 -722 419
101085: -690 -702 -727 464
101133: -699 -699 -478 411
101134: -699 -699 -479 420
101135: -699 -699 -480 429
101136: -699 -699 -481 438
101137: -699 -699 -482 447
101138: -699 -699 -483 456
101139: -699 -699 -484 465
101140: -699 -699 -485 474
101176: -708 -694 -80 475
101178: -708 -695 -154 412
101179: -708 -695 -155 421
101180: -708 -695 -156 430
101181: -708 -695 -157 439
101184: -708 -695 -160 466
101185: -708 -695 -161 475
101187: -708 -696 -235 412
101189: -708 -696 -237 430
101196: -708 -697 -316 412
101197: -708 -697 -317 421
101198: -708 -697 -318 430
101200: -708 -697 -320 448
101202: -708 -697 -322 466
101203: -708 -697 -323 475
101205: -708 -698 -397 412
101207: -708 -698 -399 430
101210: -708 -698 -402 457
101211: -708 -698 -403 466
101233: -708 -701 -641 421
101235: -708 -701 -643 439
101236: -708 -701 -644 448
101238: -708 -701 -646 466
101242: -708 -702 -722 421
101245: -708 -702 -725 448
101257: -717 -694 -80 476
101259: -717 -695 -154 413
101261: -717 -695 -156 431
101262: -717 -695 -157 440
101263: -717 -695 -158 449
101266: -717 -695 -161 476
101268: -717 -696 -235 413
101269: -717 -696 -236 422
101270: -717 -696 -237 431
101271: -717 -696 -238 440
101272: -717 -696 -239 449
101273: -717 -696 -240 458
101274: -717 -696 -241 467
101275: -717 -696 -242 476
101276: -717 -696 -243 485
101277: -717 -697 -316 413
101278: -717 -697 -317 422
101279: -717 -697 -318 431
101280: -717 -697 -319 440
101281: -717 -697 -320 449
101283: -717 -697 -322 467
101284: -717 -697 -323 476
101285: -717 -697 -324 485
101286: -717 -698 -397 413
101287: -717 -698 -398 422
101288: -717 -698 -399 431
101290: -717 -698 -401 449
101291: -717 -698 -402 458
101292: -717 -698 -403 467
101294: -717 -698 -405 485
101304: -717 -700 -559 413
101312: -717 -700 -567 485
101314: -717 -701 -641 422
101315: -717 -701 -642 431
101316: -717 -701 -643 440
101317: -717 -701 -644 449
101319: -717 -701 -646 467
101323: -717 -702 -722 422
101324: -717 -702 -723 431
101338: -726 -694 -80 477
101340: -726 -695 -154 414
101348: -726 -695 -162 486
101349: -726 -696 -235 414
101350: -726 -696 -236 423
101353: -726 -696 -239 450
101354: -726 -696 -240 459
101355: -726 -696 -241 468
101357: -726 -696 -243 486
101358: -726 -697 -316 414
101365: -726 -697 -323 477
101366: -726 -697 -324 486
101367: -726 -698 -397 414
101370: -726 -698 -400 441
101393: -726 -700 -567 486
101395: -726 -701 -641 423
101396: -726 -701 -642 432
101397: -726 -701 -643 441
101398: -726 -701 -644 450
101400: -726 -701 -646 468
101818: -52 -55 -2 501
102224: -97 -136 -12 506
102237: -97 -137 -97 542
102251: -97 -139 -255 506
102285: -97 -143 -577 488
102294: -97 -144 -658 488
102301: -97 -144 -665 551
102305: -106 -136 -12 507
102322: -106 -138 -173 498
102368: -106 -143 -579 507
102374: -106 -143 -585 561
102382: -106 -144 -665 552
102386: -115 -136 -12 508
102447: -115 -143 -577 490
102463: -115 -144 -665 553
102467: -124 -136 -12 509
102486: -124 -138 -175 518
102487: -124 -138 -176 527
102490: -124 -138 -179 554
102544: -124 -144 -665 554
102548: -133 -136 -12 510
102558: -133 -137 -94 519
102559: -133 -137 -95 528
102562: -133 -137 -98 555
102563: -133 -137 -99 564
102609: -133 -143 -577 492
102617: -133 -143 -585 564
102625: -133 -144 -665 555
102686: -142 -142 -501 538
102710: -151 -136 -12 512
102738: -151 -139 -256 521
102739: -151 -139 -257 530
102741: -151 -139 -259 548
102742: -151 -139 -260 557
102743: -151 -139 -261 566
102767: -151 -142 -501 539
102773: -151 -143 -579 512
102791: -160 -136 -12 513
102823: -160 -139 -260 558
102852: -160 -143 -577 495
102861: -160 -144 -658 495
102873: -169 -217 -22 514
102879: -169 -218 -100 487
102880: -169 -218 -101 496
102881: -169 -218 -102 505
102882: -169 -218 -103 514
102883: -169 -218 -104 523
102885: -169 -218 -106 541
102886: -169 -218 -107 550
102887: -169 -218 -108 559
102888: -169 -219 -181 487
102897: -169 -220 -262 487
102898: -169 -220 -263 496
102899: -169 -220 -264 505
102900: -169 -220 -265 514
102901: -169 -220 -266 523
102902: -169 -220 -267 532
102903: -169 -220 -268 541
102904: -169 -220 -269 550
102905: -169 -220 -270 559
102906: -169 -221 -343 487
102907: -169 -221 -344 496
102908: -169 -221 -345 505
102909: -169 -221 -346 514
102910: -169 -221 -347 523
102911: -169 -221 -348 532
102912: -169 -221 -349 541
102913: -169 -221 -350 550
102914: -169 -221 -351 559
102915: -169 -222 -424 487
102916: -169 -222 -425 496
102921: -169 -222 -430 541
102922: -169 -222 -431 550
102923: -169 -222 -432 559
102933: -169 -224 -586 487
102934: -169 -224 -587 496
102935: -169 -224 -588 505
102936: -169 -224 -589 514
102937: -169 -224 -590 523
102938: -169 -224 -591 532
102939: -169 -224 -592 541
102940: -169 -224 -593 550
102941: -169 -224 -594 559
102942: -169 -225 -667 487
102943: -169 -225 -668 496
102944: -169 -225 -669 505
102945: -169 -225 -670 514
102946: -169 -225 -671 523
102947: -169 -225 -672 532
102948: -169 -225 -673 541
102949: -169 -225 -674 550
102950: -169 -225 -675 559
102960: -178 -218 -100 488
102972: -178 -219 -184 515
102983: -178 -220 -267 533
102985: -178 -220 -269 551
102986: -178 -220 -270 560
103001: -178 -222 -429 533
103014: -178 -224 -586 488
103015: -178 -224 -587 497
103023: -178 -225 -667 488
103024: -178 -225 -668 497
103066: -187 -220 -269 552
103103: -187 -224 -594 561
103111: -187 -225 -674 552
103116: -196 -217 -22 517
103122: -196 -218 -100 490
103131: -196 -219 -181 490
103147: -196 -220 -269 553
103176: -196 -224 -586 490
103184: -196 -224 -594 562
103185: -196 -225 -667 490
103197: -205 -217 -22 518
103203: -205 -218 -100 491
103212: -205 -219 -181 491
103216: -205 -219 -185 527
103220: -205 -219 -189 563
103228: -205 -220 -269 554
103241: -205 -222 -426 509
103257: -205 -224 -586 491
103265: -205 -224 -594 563
103266: -205 -225 -667 491
103278: -214 -217 -22 519
103284: -214 -218 -100 492
103296: -214 -219 -184 519
103297: -214 -219 -185 528
103300: -214 -219 -188 555
103301: -214 -219 -189 564
103309: -214 -220 -269 555
103324: -214 -222 -428 528
103344: -214 -224 -592 546
103346: -214 -224 -594 564
103347: -214 -225 -667 492
103354: -214 -225 -674 555
103410: -223 -223 -505 493
103411: -223 -223 -506 502
103417: -223 -223 -512 556
103418: -223 -223 -513 565
103440: -232 -217 -22 521
103446: -232 -218 -100 494
103459: -232 -219 -185 530
103460: -232 -219 -186 539
103500: -232 -224 -586 494
103501: -232 -224 -587 503
103508: -232 -224 -594 566
103509: -232 -225 -667 494
103521: -241 -217 -22 522
103527: -241 -218 -100 495
103534: -241 -218 -107 558
103536: -241 -219 -181 495
103540: -241 -219 -185 531
103541: -241 -219 -186 540
103581: -241 -224 -586 495
103587: -241 -224 -592 549
103590: -241 -225 -667 495
103608: -250 -299 -109 487
103609: -250 -299 -110 496
103611: -250 -299 -112 514
103614: -250 -299 -115 541
103615: -250 -299 -116 550
103616: -250 -299 -117 559
103617: -250 -300 -190 487
103618: -250 -300 -191 496
103620: -250 -300 -193 514
103622: -250 -300 -195 532
103623: -250 -300 -196 541
103624: -250 -300 -197 550
103625: -250 -300 -198 559
103644: -250 -303 -433 487
103649: -250 -303 -438 532
103652: -250 -303 -441 559
103662: -250 -305 -595 487
103663: -250 -305 -596 496
103664: -250 -305 -597 505
103666: -250 -305 -599 523
103668: -250 -305 -601 541
103669: -250 -305 -602 550
103670: -250 -305 -603 559
103671: -250 -306 -676 487
103672: -250 -306 -677 496
103673: -250 -306 -678 505
103674: -250 -306 -679 514
103675: -250 -306 -680 523
103676: -250 -306 -681 532
103677: -250 -306 -682 541
103678: -250 -306 -683 550
103679: -250 -306 -684 559
103684: -259 -298 -32 524
103689: -259 -299 -109 488
103698: -259 -300 -190 488
103709: -259 -301 -273 506
103711: -259 -301 -275 524
103719: -259 -302 -355 515
103743: -259 -305 -595 488
103752: -259 -306 -676 488
103790: -268 -301 -273 507
103792: -268 -301 -275 525
103800: -268 -302 -355 516
103824: -268 -305 -595 489
103832: -268 -305 -603 561
103833: -268 -306 -676 489
103846: -277 -298 -32 526
103860: -277 -300 -190 490
103881: -277 -302 -355 517
103905: -277 -305 -595 490
103911: -277 -305 -601 544
103913: -277 -305 -603 562
103914: -277 -306 -676 490
103921: -277 -306 -683 553
103934: -286 -299 -111 509
103942: -286 -300 -191 500
103948: -286 -300 -197 554
103950: -286 -301 -271 491
103951: -286 -301 -272 500
103955: -286 -301 -276 536
103995: -286 -306 -676 491
104008: -295 -298 -32 528
104019: -295 -299 -115 546
104029: -295 -300 -197 555
104033: -295 -301 -273 510
104036: -295 -301 -276 537
104038: -295 -301 -278 555
104039: -295 -301 -279 564
104040: -295 -302 -352 492
104049: -295 -303 -433 492
104055: -295 -303 -439 546
104056: -295 -303 -440 555
104067: -295 -305 -595 492
104075: -295 -305 -603 564
104076: -295 -306 -676 492
104082: -295 -306 -682 546
104139: -304 -304 -514 493
104141: -304 -304 -516 511
104143: -304 -304 -518 529
104145: -304 -304 -520 547
104146: -304 -304 -521 556
104147: -304 -304 -522 565
104170: -313 -298 -32 530
104195: -313 -301 -273 512
104205: -313 -302 -355 521
104237: -313 -305 -603 566
104238: -313 -306 -676 494
104286: -322 -302 -355 522
104297: -322 -303 -438 540
104310: -322 -305 -595 495
104326: -322 -306 -683 558
104333: -331 -379 -42 532
104337: -331 -380 -118 487
104338: -331 -380 -119 496
104339: -331 -380 -120 505
104340: -331 -380 -121 514
104344: -331 -380 -125 550
104346: -331 -381 -199 487
104347: -331 -381 -200 496
104348: -331 -381 -201 505
104349: -331 -381 -202 514
104351: -331 -381 -204 532
104352: -331 -381 -205 541
104353: -331 -381 -206 550
104360: -331 -382 -285 532
104361: -331 -382 -286 541
104362: -331 -382 -287 550
104371: -331 -383 -368 550
104375: -331 -384 -444 505
104378: -331 -384 -447 532
104391: -331 -386 -604 487
104392: -331 -386 -605 496
104393: -331 -386 -606 505
104394: -331 -386 -607 514
104395: -331 -386 -608 523
104396: -331 -386 -609 532
104397: -331 -386 -610 541
104398: -331 -386 -611 550
104399: -331 -386 -612 559
104400: -331 -387 -685 487
104401: -331 -387 -686 496
104402: -331 -387 -687 505
104403: -331 -387 -688 514
104404: -331 -387 -689 523
104405: -331 -387 -690 532
104406: -331 -387 -691 541
104407: -331 -387 -692 550
104408: -331 -387 -693 559
104414: -340 -379 -42 533
104418: -340 -380 -118 488
104420: -340 -380 -120 506
104432: -340 -381 -204 533
104433: -340 -381 -205 542
104436: -340 -382 -280 488
104438: -340 -382 -282 506
104439: -340 -382 -283 515
104472: -340 -386 -604 488
104474: -340 -386 -606 506
104477: -340 -386 -609 533
104479: -340 -386 -611 551
104481: -340 -387 -685 488
104486: -340 -387 -690 533
104489: -340 -387 -693 560
104495: -349 -379 -42 534
104559: -349 -386 -610 543
104576: -358 -379 -42 535
104582: -358 -380 -120 508
104609: -358 -383 -363 508
104623: -358 -384 -449 553
104642: -358 -386 -612 562
104643: -358 -387 -685 490
104657: -367 -379 -42 536
104663: -367 -380 -120 509
104715: -367 -386 -604 491
104720: -367 -386 -609 536
104724: -367 -387 -685 491
104725: -367 -387 -686 500
104729: -367 -387 -690 536
104738: -376 -379 -42 537
104742: -376 -380 -118 492
104760: -376 -382 -280 492
104762: -376 -382 -282 510
104763: -376 -382 -283 519
104764: -376 -382 -284 528
104765: -376 -382 -285 537
104766: -376 -382 -286 546
104767: -376 -382 -287 555
104768: -376 -382 -288 564
104769: -376 -383 -361 492
104771: -376 -383 -363 510
104774: -376 -383 -366 537
104776: -376 -383 -368 555
104777: -376 -383 -369 564
104784: -376 -384 -448 546
104796: -376 -386 -604 492
104801: -376 -386 -609 537
104804: -376 -386 -612 564
104805: -376 -387 -685 492
104808: -376 -387 -688 519
104809: -376 -387 -689 528
104810: -376 -387 -690 537
104811: -376 -387 -691 546
104813: -376 -387 -693 564
104868: -385 -385 -523 493
104869: -385 -385 -524 502
104870: -385 -385 -525 511
104871: -385 -385 -526 520
104872: -385 -385 -527 529
104875: -385 -385 -530 556
104876: -385 -385 -531 565
104900: -394 -379 -42 539
104906: -394 -380 -120 512
104916: -394 -381 -202 521
104919: -394 -381 -205 548
104920: -394 -381 -206 557
104921: -394 -381 -207 566
104922: -394 -382 -280 494
104924: -394 -382 -282 512
104925: -394 -382 -283 521
104928: -394 -382 -286 548
104929: -394 -382 -287 557
104930: -394 -382 -288 566
104938: -394 -383 -368 557
104939: -394 -383 -369 566
104948: -394 -384 -450 566
104958: -394 -386 -604 494
104960: -394 -386 -606 512
104961: -394 -386 -607 521
104964: -394 -386 -610 548
104967: -394 -387 -685 494
104969: -394 -387 -687 512
104970: -394 -387 -688 521
104973: -394 -387 -691 548
104974: -394 -387 -692 557
104975: -394 -387 -693 566
104981: -403 -379 -42 540
104987: -403 -380 -120 513
105000: -403 -381 -205 549
105001: -403 -381 -206 558
105002: -403 -381 -207 567
105050: -403 -387 -687 513
105051: -403 -387 -688 522
105054: -403 -387 -691 549
105055: -403 -387 -692 558
105056: -403 -387 -693 567
105063: -412 -460 -52 541
105067: -412 -461 -128 496
105068: -412 -461 -129 505
105069: -412 -461 -130 514
105074: -412 -461 -135 559
105075: -412 -462 -208 487
105076: -412 -462 -209 496
105077: -412 -462 -210 505
105078: -412 -462 -211 514
105080: -412 -462 -213 532
105081: -412 -462 -214 541
105082: -412 -462 -215 550
105083: -412 -462 -216 559
105084: -412 -463 -289 487
105086: -412 -463 -291 505
105087: -412 -463 -292 514
105088: -412 -463 -293 523
105090: -412 -463 -295 541
105093: -412 -464 -370 487
105094: -412 -464 -371 496
105095: -412 -464 -372 505
105097: -412 -464 -374 523
105098: -412 -464 -375 532
105099: -412 -464 -376 541
105100: -412 -464 -377 550
105101: -412 -464 -378 559
105104: -412 -465 -453 505
105107: -412 -465 -456 532
105109: -412 -465 -458 550
105110: -412 -465 -459 559
105120: -412 -467 -613 487
105122: -412 -467 -615 505
105123: -412 -467 -616 514
105124: -412 -467 -617 523
105126: -412 -467 -619 541
105127: -412 -467 -620 550
105128: -412 -467 -621 559
105129: -412 -468 -694 487
105131: -412 -468 -696 505
105132: -412 -468 -697 514
105133: -412 -468 -698 523
105134: -412 -468 -699 532
105135: -412 -468 -700 541
105136: -412 -468 -701 550
105137: -412 -468 -702 559
105225: -430 -460 -52 543
105237: -430 -462 -208 489
105239: -430 -462 -210 507
105240: -430 -462 -211 516
105241: -430 -462 -212 525
105242: -430 -462 -213 534
105243: -430 -462 -214 543
105244: -430 -462 -215 552
105245: -430 -462 -216 561
105249: -430 -463 -292 516
105250: -430 -463 -293 525
105251: -430 -463 -294 534
105252: -430 -463 -295 543
105253: -430 -463 -296 552
105262: -430 -464 -377 552
105263: -430 -464 -378 561
105272: -430 -465 -459 561
105282: -430 -467 -613 489
105285: -430 -467 -616 516
105289: -430 -467 -620 552
105290: -430 -467 -621 561
105294: -430 -468 -697 516
105295: -430 -468 -698 525
105299: -430 -468 -702 561
105306: -439 -460 -52 544
105318: -439 -462 -208 490
105329: -439 -463 -291 508
105331: -439 -463 -293 526
105335: -439 -463 -297 562
105337: -439 -464 -371 499
105339: -439 -464 -373 517
105340: -439 -464 -374 526
105343: -439 -464 -377 553
105344: -439 -464 -378 562
105363: -439 -467 -613 490
105371: -439 -467 -621 562
105387: -448 -460 -52 545
105392: -448 -461 -129 509
105393: -448 -461 -130 518
105398: -448 -461 -135 563
105399: -448 -462 -208 491
105401: -448 -462 -210 509
105407: -448 -462 -216 563
105421: -448 -464 -374 527
105429: -448 -465 -454 518
105434: -448 -465 -459 563
105451: -448 -467 -620 554
105452: -448 -467 -621 563
105453: -448 -468 -694 491
105455: -448 -468 -696 509
105456: -448 -468 -697 518
105457: -448 -468 -698 527
105460: -448 -468 -701 554
105461: -448 -468 -702 563
105468: -457 -460 -52 546
105473: -457 -461 -129 510
105480: -457 -462 -208 492
105482: -457 -462 -210 510
105483: -457 -462 -211 519
105484: -457 -462 -212 528
105486: -457 -462 -214 546
105487: -457 -462 -215 555
105488: -457 -462 -216 564
105489: -457 -463 -289 492
105491: -457 -463 -291 510
105492: -457 -463 -292 519
105493: -457 -463 -293 528
105494: -457 -463 -294 537
105495: -457 -463 -295 546
105496: -457 -463 -296 555
105497: -457 -463 -297 564
105500: -457 -464 -372 510
105502: -457 -464 -374 528
105505: -457 -464 -377 555
105506: -457 -464 -378 564
105525: -457 -467 -613 492
105527: -457 -467 -615 510
105528: -457 -467 -616 519
105529: -457 -467 -617 528
105531: -457 -467 -619 546
105532: -457 -467 -620 555
105533: -457 -467 -621 564
105534: -457 -468 -694 492
105536: -457 -468 -696 510
105537: -457 -468 -697 519
105538: -457 -468 -698 528
105540: -457 -468 -700 546
105541: -457 -468 -701 555
105542: -457 -468 -702 564
105597: -466 -466 -532 493
105598: -466 -466 -533 502
105599: -466 -466 -534 511
105600: -466 -466 -535 520
105601: -466 -466 -536 529
105603: -466 -466 -538 547
105604: -466 -466 -539 556
105605: -466 -466 -540 565
105630: -475 -460 -52 548
105642: -475 -462 -208 494
105658: -475 -463 -296 557
105667: -475 -464 -377 557
105668: -475 -464 -378 566
105671: -475 -465 -453 512
105672: -475 -465 -454 521
105677: -475 -465 -459 566
105687: -475 -467 -613 494
105689: -475 -467 -615 512
105691: -475 -467 -617 530
105692: -475 -467 -618 539
105694: -475 -467 -620 557
105695: -475 -467 -621 566
105711: -484 -460 -52 549
105716: -484 -461 -129 513
105723: -484 -462 -208 495
105744: -484 -464 -373 522
105748: -484 -464 -377 558
105775: -484 -467 -620 558
105795: -493 -542 -136 487
105798: -493 -542 -139 514
105799: -493 -542 -140 523
105802: -493 -542 -143 550
105803: -493 -542 -144 559
105804: -493 -543 -217 487
105805: -493 -543 -218 496
105806: -493 -543 -219 505
105808: -493 -543 -221 523
105809: -493 -543 -222 532
105811: -493 -543 -224 550
105812: -493 -543 -225 559
105814: -493 -544 -299 496
105815: -493 -544 -300 505
105816: -493 -544 -301 514
105818: -493 -544 -303 532
105820: -493 -544 -305 550
105821: -493 -544 -306 559
105823: -493 -545 -380 496
105824: -493 -545 -381 505
105825: -493 -545 -382 514
105829: -493 -545 -386 550
105830: -493 -545 -387 559
105846: -493 -547 -547 541
105850: -493 -548 -623 496
105851: -493 -548 -624 505
105852: -493 -548 -625 514
105853: -493 -548 -626 523
105854: -493 -548 -627 532
105857: -493 -548 -630 559
105859: -493 -549 -704 496
105860: -493 -549 -705 505
105861: -493 -549 -706 514
105862: -493 -549 -707 523
105863: -493 -549 -708 532
105866: -493 -549 -711 559
105980: -511 -544 -303 534
105986: -511 -545 -381 507
106014: -511 -548 -625 516
106022: -511 -549 -705 507
106023: -511 -549 -706 516
106024: -511 -549 -707 525
106038: -520 -542 -136 490
106055: -520 -543 -225 562
106095: -520 -548 -625 517
106096: -520 -548 -626 526
106103: -520 -549 -705 508
106119: -529 -542 -136 491
106176: -529 -548 -625 518
106185: -529 -549 -706 518
106186: -529 -549 -707 527
106217: -538 -543 -225 564
106226: -538 -544 -306 564
106256: -538 -548 -624 510
106257: -538 -548 -625 519
106258: -538 -548 -626 528
106259: -538 -548 -627 537
106262: -538 -548 -630 564
106267: -538 -549 -707 528
106270: -538 -549 -710 555
106362: -556 -542 -136 494
106371: -556 -543 -217 494
106428: -556 -549 -706 521
106443: -565 -542 -136 495
106500: -565 -548 -625 522
106501: -565 -548 -626 531
106523: -574 -622 -72 559
106524: -574 -623 -145 487
106525: -574 -623 -146 496
106526: -574 -623 -147 505
106527: -574 -623 -148 514
106528: -574 -623 -149 523
106530: -574 -623 -151 541
106531: -574 -623 -152 550
106532: -574 -623 -153 559
106533: -574 -624 -226 487
106534: -574 -624 -227 496
106535: -574 -624 -228 505
106536: -574 -624 -229 514
106537: -574 -624 -230 523
106538: -574 -624 -231 532
106539: -574 -624 -232 541
106540: -574 -624 -233 550
106541: -574 -624 -234 559
106542: -574 -625 -307 487
106543: -574 -625 -308 496
106544: -574 -625 -309 505
106545: -574 -625 -310 514
106546: -574 -625 -311 523
106547: -574 -625 -312 532
106548: -574 -625 -313 541
106549: -574 -625 -314 550
106550: -574 -625 -315 559
106551: -574 -626 -388 487
106552: -574 -626 -389 496
106553: -574 -626 -390 505
106554: -574 -626 -391 514
106555: -574 -626 -392 523
106556: -574 -626 -393 532
106557: -574 -626 -394 541
106558: -574 -626 -395 550
106559: -574 -626 -396 559
106560: -574 -627 -469 487
106561: -574 -627 -470 496
106562: -574 -627 -471 505
106563: -574 -627 -472 514
106564: -574 -627 -473 523
106565: -574 -627 -474 532
106566: -574 -627 -475 541
106567: -574 -627 -476 550
106568: -574 -627 -477 559
106578: -574 -629 -631 487
106579: -574 -629 -632 496
106580: -574 -629 -633 505
106581: -574 -629 -634 514
106582: -574 -629 -635 523
106583: -574 -629 -636 532
106585: -574 -629 -638 550
106587: -574 -630 -712 487
106588: -574 -630 -713 496
106589: -574 -630 -714 505
106590: -574 -630 -715 514
106591: -574 -630 -716 523
106592: -574 -630 -717 532
106593: -574 -630 -718 541
106594: -574 -630 -719 550
106595: -574 -630 -720 559
106604: -583 -622 -72 560
106605: -583 -623 -145 488
106613: -583 -623 -153 560
106614: -583 -624 -226 488
106625: -583 -625 -309 506
106641: -583 -627 -469 488
106646: -583 -627 -474 533
106661: -583 -629 -633 506
106664: -583 -629 -636 533
106669: -583 -630 -713 497
106670: -583 -630 -714 506
106671: -583 -630 -715 515
106672: -583 -630 -716 524
106673: -583 -630 -717 533
106676: -583 -630 -720 560
106685: -592 -622 -72 561
106750: -592 -630 -713 498
106751: -592 -630 -714 507
106752: -592 -630 -715 516
106753: -592 -630 -716 525
106754: -592 -630 -717 534
106757: -592 -630 -720 561
106766: -601 -622 -72 562
106767: -601 -623 -145 490
106776: -601 -624 -226 490
106822: -601 -629 -632 499
106831: -601 -630 -713 499
106832: -601 -630 -714 508
106833: -601 -630 -715 517
106834: -601 -630 -716 526
106835: -601 -630 -717 535
106847: -610 -622 -72 563
106884: -610 -627 -469 491
106903: -610 -629 -632 500
106904: -610 -629 -633 509
106905: -610 -629 -634 518
106912: -610 -630 -713 500
106913: -610 -630 -714 509
106914: -610 -630 -715 518
106915: -610 -630 -716 527
106916: -610 -630 -717 536
106928: -619 -622 -72 564
106929: -619 -623 -145 492
106932: -619 -623 -148 519
106933: -619 -623 -149 528
106935: -619 -623 -151 546
106936: -619 -623 -152 555
106937: -619 -623 -153 564
106938: -619 -624 -226 492
106940: -619 -624 -228 510
106941: -619 -624 -229 519
106942: -619 -624 -230 528
106943: -619 -624 -231 537
106944: -619 -624 -232 546
106945: -619 -624 -233 555
106946: -619 -624 -234 564
106947: -619 -625 -307 492
106949: -619 -625 -309 510
106955: -619 -625 -315 564
106956: -619 -626 -388 492
106958: -619 -626 -390 510
106960: -619 -626 -392 528
106961: -619 -626 -393 537
106962: -619 -626 -394 546
106964: -619 -626 -396 564
106965: -619 -627 -469 492
106967: -619 -627 -471 510
106968: -619 -627 -472 519
106970: -619 -627 -474 537
106971: -619 -627 -475 546
106973: -619 -627 -477 564
106983: -619 -629 -631 492
106985: -619 -629 -633 510
106986: -619 -629 -634 519
106987: -619 -629 -635 528
106988: -619 -629 -636 537
106990: -619 -629 -638 555
106991: -619 -629 -639 564
106994: -619 -630 -714 510
106995: -619 -630 -715 519
106996: -619 -630 -716 528
106997: -619 -630 -717 537
107000: -619 -630 -720 564
107055: -628 -628 -550 493
107056: -628 -628 -551 502
107057: -628 -628 -552 511
107059: -628 -628 -554 529
107061: -628 -628 -556 547
107062: -628 -628 -557 556
107063: -628 -628 -558 565
107090: -637 -622 -72 566
107091: -637 -623 -145 494
107095: -637 -623 -149 530
107097: -637 -623 -151 548
107100: -637 -624 -226 494
107103: -637 -624 -229 521
107107: -637 -624 -233 557
107108: -637 -624 -234 566
107111: -637 -625 -309 512
107116: -637 -625 -314 557
107125: -637 -626 -395 557
107127: -637 -627 -469 494
107154: -637 -630 -712 494
107155: -637 -630 -713 503
107156: -637 -630 -714 512
107157: -637 -630 -715 521
107158: -637 -630 -716 530
107159: -637 -630 -717 539
107162: -637 -630 -720 566
107171: -646 -622 -72 567
107172: -646 -623 -145 495
107173: -646 -623 -146 504
107174: -646 -623 -147 513
107175: -646 -623 -148 522
107176: -646 -623 -149 531
107179: -646 -623 -152 558
107180: -646 -623 -153 567
107181: -646 -624 -226 495
107182: -646 -624 -227 504
107183: -646 -624 -228 513
107185: -646 -624 -230 531
107186: -646 -624 -231 540
107187: -646 -624 -232 549
107188: -646 -624 -233 558
107189: -646 -624 -234 567
107190: -646 -625 -307 495
107196: -646 -625 -313 549
107197: -646 -625 -314 558
107198: -646 -625 -315 567
107199: -646 -626 -388 495
107200: -646 -626 -389 504
107202: -646 -626 -391 522
107206: -646 -626 -395 558
107207: -646 -626 -396 567
107208: -646 -627 -469 495
107209: -646 -627 -470 504
107210: -646 -627 -471 513
107211: -646 -627 -472 522
107213: -646 -627 -474 540
107214: -646 -627 -475 549
107215: -646 -627 -476 558
107216: -646 -627 -477 567
107227: -646 -629 -632 504
107228: -646 -629 -633 513
107229: -646 -629 -634 522
107230: -646 -629 -635 531
107233: -646 -629 -638 558
107236: -646 -630 -713 504
107237: -646 -630 -714 513
107238: -646 -630 -715 522
107239: -646 -630 -716 531
107240: -646 -630 -717 540
107243: -646 -630 -720 567
107253: -655 -704 -154 487
107255: -655 -704 -156 505
107256: -655 -704 -157 514
107257: -655 -704 -158 523
107259: -655 -704 -160 541
107260: -655 -704 -161 550
107261: -655 -704 -162 559
107262: -655 -705 -235 487
107263: -655 -705 -236 496
107264: -655 -705 -237 505
107265: -655 -705 -238 514
107266: -655 -705 -239 523
107267: -655 -705 -240 532
107268: -655 -705 -241 541
107269: -655 -705 -242 550
107270: -655 -705 -243 559
107271: -655 -706 -316 487
107272: -655 -706 -317 496
107273: -655 -706 -318 505
107274: -655 -706 -319 514
107275: -655 -706 -320 523
107276: -655 -706 -321 532
107277: -655 -706 -322 541
107278: -655 -706 -323 550
107279: -655 -706 -324 559
107280: -655 -707 -397 487
107282: -655 -707 -399 505
107283: -655 -707 -400 514
107284: -655 -707 -401 523
107285: -655 -707 -402 532
107286: -655 -707 -403 541
107287: -655 -707 -404 550
107288: -655 -707 -405 559
107289: -655 -708 -478 487
107290: -655 -708 -479 496
107291: -655 -708 -480 505
107292: -655 -708 -481 514
107293: -655 -708 -482 523
107294: -655 -708 -483 532
107295: -655 -708 -484 541
107296: -655 -708 -485 550
107297: -655 -708 -486 559
107308: -655 -710 -641 496
107309: -655 -710 -642 505
107310: -655 -710 -643 514
107311: -655 -710 -644 523
107312: -655 -710 -645 532
107313: -655 -710 -646 541
107314: -655 -710 -647 550
107316: -655 -711 -721 487
107317: -655 -711 -722 496
107318: -655 -711 -723 505
107319: -655 -711 -724 514
107321: -655 -711 -726 532
107332: -664 -703 -80 551
107334: -664 -704 -154 488
107341: -664 -704 -161 551
107343: -664 -705 -235 488
107346: -664 -705 -238 515
107348: -664 -705 -240 533
107361: -664 -707 -397 488
107366: -664 -707 -402 533
107370: -664 -708 -478 488
107389: -664 -710 -641 497
107390: -664 -710 -642 506
107391: -664 -710 -643 515
107392: -664 -710 -644 524
107393: -664 -710 -645 533
107399: -664 -711 -723 506
107402: -664 -711 -726 533
107413: -673 -703 -80 552
107419: -673 -704 -158 525
107425: -673 -705 -236 498
107451: -673 -708 -478 489
107471: -673 -710 -642 507
107472: -673 -710 -643 516
107473: -673 -710 -644 525
107474: -673 -710 -645 534
107479: -673 -711 -722 498
107481: -673 -711 -724 516
107494: -682 -703 -80 553
107496: -682 -704 -154 490
107510: -682 -705 -240 535
107523: -682 -707 -397 490
107532: -682 -708 -478 490
107552: -682 -710 -642 508
107553: -682 -710 -643 517
107554: -682 -710 -644 526
107555: -682 -710 -645 535
107560: -682 -711 -722 499
107575: -691 -703 -80 554
107581: -691 -704 -158 527
107589: -691 -705 -238 518
107591: -691 -705 -240 536
107613: -691 -708 -478 491
107632: -691 -710 -641 500
107633: -691 -710 -642 509
107634: -691 -710 -643 518
107635: -691 -710 -644 527
107636: -691 -710 -645 536
107641: -691 -711 -722 500
107656: -700 -703 -80 555
107658: -700 -704 -154 492
107661: -700 -704 -157 519
107662: -700 -704 -158 528
107664: -700 -704 -160 546
107665: -700 -704 -161 555
107666: -700 -704 -162 564
107667: -700 -705 -235 492
107669: -700 -705 -237 510
107670: -700 -705 -238 519
107671: -700 -705 -239 528
107672: -700 -705 -240 537
107673: -700 -705 -241 546
107674: -700 -705 -242 555
107675: -700 -705 -243 564
107676: -700 -706 -316 492
107678: -700 -706 -318 510
107679: -700 -706 -319 519
107680: -700 -706 -320 528
107681: -700 -706 -321 537
107682: -700 -706 -322 546
107683: -700 -706 -323 555
107684: -700 -706 -324 564
107685: -700 -707 -397 492
107687: -700 -707 -399 510
107689: -700 -707 -401 528
107690: -700 -707 -402 537
107691: -700 -707 -403 546
107692: -700 -707 -404 555
107693: -700 -707 -405 564
107694: -700 -708 -478 492
107696: -700 -708 -480 510
107714: -700 -710 -642 510
107715: -700 -710 -643 519
107716: -700 -710 -644 528
107717: -700 -710 -645 537
107718: -700 -710 -646 546
107723: -700 -711 -723 510
107724: -700 -711 -724 519
107725: -700 -711 -725 528
107726: -700 -711 -726 537
107775: -709 -708 -478 493
107784: -709 -709 -559 493
107785: -709 -709 -560 502
107786: -709 -709 -561 511
107787: -709 -709 -562 520
107788: -709 -709 -563 529
107790: -709 -709 -565 547
107791: -709 -709 -566 556
107792: -709 -709 -567 565
107818: -718 -703 -80 557
107820: -718 -704 -154 494
107821: -718 -704 -155 503
107822: -718 -704 -156 512
107823: -718 -704 -157 521
107824: -718 -704 -158 530
107827: -718 -704 -161 557
107828: -718 -704 -162 566
107829: -718 -705 -235 494
107830: -718 -705 -236 503
107834: -718 -705 -240 539
107836: -718 -705 -242 557
107838: -718 -706 -316 494
107845: -718 -706 -323 557
107846: -718 -706 -324 566
107851: -718 -707 -401 530
107854: -718 -707 -404 557
107855: -718 -707 -405 566
107856: -718 -708 -478 494
107864: -718 -708 -486 566
107875: -718 -710 -641 503
107876: -718 -710 -642 512
107877: -718 -710 -643 521
107878: -718 -710 -644 530
107879: -718 -710 -645 539
107884: -718 -711 -722 503
107885: -718 -711 -723 512
107886: -718 -711 -724 521
107887: -718 -711 -725 530
107899: -727 -703 -80 558
107901: -727 -704 -154 495
107918: -727 -705 -243 567
107928: -727 -707 -397 495
107937: -727 -708 -478 495
107956: -727 -710 -641 504
107957: -727 -710 -642 513
107958: -727 -710 -643 522
107959: -727 -710 -644 531
107960: -727 -710 -645 540
107970: -727 -711 -727 549
108694: -80 -72 -650 585
108695: -80 -72 -651 594
108696: -80 -72 -652 603
108697: -80 -72 -653 612
108698: -80 -72 -654 621
108699: -80 -72 -655 630
108700: -80 -72 -656 639
108701: -80 -72 -657 648
108785: -98 -145 -12 587
108802: -98 -147 -173 578
108805: -98 -147 -176 605
108806: -98 -147 -177 614
108807: -98 -147 -178 623
108808: -98 -147 -179 632
108810: -98 -148 -253 569
108821: -98 -149 -336 587
108822: -98 -149 -337 596
108823: -98 -149 -338 605
108825: -98 -149 -340 623
108826: -98 -149 -341 632
108827: -98 -149 -342 641
108842: -98 -151 -501 614
108855: -98 -153 -658 569
108866: -107 -145 -12 588
108876: -107 -146 -94 597
108877: -107 -146 -95 606
108903: -107 -149 -337 597
108923: -107 -151 -501 615
108947: -116 -145 -12 589
108957: -116 -146 -94 598
108958: -116 -146 -95 607
108963: -116 -147 -172 571
108964: -116 -147 -173 580
108965: -116 -147 -174 589
108967: -116 -147 -176 607
108968: -116 -147 -177 616
108969: -116 -147 -178 625
108970: -116 -147 -179 634
108982: -116 -149 -335 580
108983: -116 -149 -336 589
108985: -116 -149 -338 607
108986: -116 -149 -339 616
108987: -116 -149 -340 625
108988: -116 -149 -341 634
109004: -116 -151 -501 616
109028: -125 -145 -12 590
109038: -125 -146 -94 599
109039: -125 -146 -95 608
109041: -125 -146 -97 626
109044: -125 -147 -172 572
109046: -125 -147 -174 590
109048: -125 -147 -176 608
109049: -125 -147 -177 617
109050: -125 -147 -178 626
109051: -125 -147 -179 635
109053: -125 -148 -253 572
109054: -125 -148 -254 581
109055: -125 -148 -255 590
109056: -125 -148 -256 599
109058: -125 -148 -258 617
109059: -125 -148 -259 626
109060: -125 -148 -260 635
109085: -125 -151 -501 617
109098: -125 -153 -658 572
109109: -134 -145 -12 591
109119: -134 -146 -94 600
109120: -134 -146 -95 609
109122: -134 -146 -97 627
109124: -134 -146 -99 645
109134: -134 -148 -253 573
109138: -134 -148 -257 609
109140: -134 -148 -259 627
109142: -134 -148 -261 645
109143: -134 -149 -334 573
109144: -134 -149 -335 582
109145: -134 -149 -336 591
109146: -134 -149 -337 600
109147: -134 -149 -338 609
109148: -134 -149 -339 618
109149: -134 -149 -340 627
109150: -134 -149 -341 636
109166: -134 -151 -501 618
109190: -143 -145 -12 592
109199: -143 -146 -93 592
109200: -143 -146 -94 601
109201: -143 -146 -95 610
109205: -143 -146 -99 646
109206: -143 -147 -172 574
109213: -143 -147 -179 637
109222: -143 -148 -260 637
109247: -143 -151 -501 619
109260: -143 -153 -658 574
109262: -143 -153 -660 592
109263: -143 -153 -661 601
109332: -152 -152 -577 575
109334: -152 -152 -579 593
109335: -152 -152 -580 602
109336: -152 -152 -581 611
109337: -152 -152 -582 620
109338: -152 -152 -583 629
109339: -152 -152 -584 638
109340: -152 -152 -585 647
109352: -161 -145 -12 594
109362: -161 -146 -94 603
109363: -161 -146 -95 612
109368: -161 -147 -172 576
109384: -161 -148 -260 639
109389: -161 -149 -337 603
109409: -161 -151 -501 621
109422: -161 -153 -658 576
109434: -170 -226 -22 595
109441: -170 -227 -101 577
109442: -170 -227 -102 586
109443: -170 -227 -103 595
109444: -170 -227 -104 604
109446: -170 -227 -106 622
109447: -170 -227 -107 631
109448: -170 -227 -108 640
109449: -170 -228 -181 568
109450: -170 -228 -182 577
109453: -170 -228 -185 604
109454: -170 -228 -186 613
109455: -170 -228 -187 622
109457: -170 -228 -189 640
109458: -170 -229 -262 568
109459: -170 -229 -263 577
109460: -170 -229 -264 586
109461: -170 -229 -265 595
109463: -170 -229 -267 613
109464: -170 -229 -268 622
109465: -170 -229 -269 631
109466: -170 -229 -270 640
109467: -170 -230 -343 568
109468: -170 -230 -344 577
109469: -170 -230 -345 586
109470: -170 -230 -346 595
109471: -170 -230 -347 604
109472: -170 -230 -348 613
109473: -170 -230 -349 622
109474: -170 -230 -350 631
109475: -170 -230 -351 640
109476: -170 -231 -424 568
109477: -170 -231 -425 577
109478: -170 -231 -426 586
109479: -170 -231 -427 595
109480: -170 -231 -428 604
109481: -170 -231 -429 613
109482: -170 -231 -430 622
109483: -170 -231 -431 631
109485: -170 -232 -505 568
109486: -170 -232 -506 577
109487: -170 -232 -507 586
109488: -170 -232 -508 595
109489: -170 -232 -509 604
109491: -170 -232 -511 622
109492: -170 -232 -512 631
109493: -170 -232 -513 640
109503: -170 -234 -667 568
109506: -170 -234 -670 595
109507: -170 -234 -671 604
109508: -170 -234 -672 613
109509: -170 -234 -673 622
109510: -170 -234 -674 631
109511: -170 -234 -675 640
109515: -179 -226 -22 596
109521: -179 -227 -100 569
109534: -179 -228 -185 605
109535: -179 -228 -186 614
109561: -179 -231 -428 605
109589: -179 -234 -672 614
109591: -179 -234 -674 632
109596: -188 -226 -22 597
109606: -188 -227 -104 606
109608: -188 -227 -106 624
109639: -188 -231 -425 579
109640: -188 -231 -426 588
109641: -188 -231 -427 597
109643: -188 -231 -429 615
109646: -188 -231 -432 642
109665: -188 -234 -667 570
109666: -188 -234 -668 579
109669: -188 -234 -671 606
109671: -188 -234 -673 624
109677: -197 -226 -22 598
109683: -197 -227 -100 571
109684: -197 -227 -101 580
109685: -197 -227 -102 589
109689: -197 -227 -106 625
109690: -197 -227 -107 634
109693: -197 -228 -182 580
109696: -197 -228 -185 607
109697: -197 -228 -186 616
109698: -197 -228 -187 625
109702: -197 -229 -263 580
109704: -197 -229 -265 598
109707: -197 -229 -268 625
109710: -197 -230 -343 571
109711: -197 -230 -344 580
109712: -197 -230 -345 589
109713: -197 -230 -346 598
109714: -197 -230 -347 607
109716: -197 -230 -349 625
109717: -197 -230 -350 634
109719: -197 -231 -424 571
109720: -197 -231 -425 580
109721: -197 -231 -426 589
109722: -197 -231 -427 598
109723: -197 -231 -428 607
109724: -197 -231 -429 616
109726: -197 -231 -431 634
109732: -197 -232 -509 607
109753: -197 -234 -674 634
109758: -206 -226 -22 599
109764: -206 -227 -100 572
109765: -206 -227 -101 581
109766: -206 -227 -102 590
109767: -206 -227 -103 599
109768: -206 -227 -104 608
109770: -206 -227 -106 626
109771: -206 -227 -107 635
109774: -206 -228 -182 581
109776: -206 -228 -184 599
109777: -206 -228 -185 608
109778: -206 -228 -186 617
109779: -206 -228 -187 626
109783: -206 -229 -263 581
109784: -206 -229 -264 590
109787: -206 -229 -267 617
109788: -206 -229 -268 626
109789: -206 -229 -269 635
109800: -206 -231 -424 572
109801: -206 -231 -425 581
109802: -206 -231 -426 590
109803: -206 -231 -427 599
109804: -206 -231 -428 608
109805: -206 -231 -429 617
109806: -206 -231 -430 626
109807: -206 -231 -431 635
109815: -206 -232 -511 626
109834: -206 -234 -674 635
109835: -206 -234 -675 644
109839: -215 -226 -22 600
109845: -215 -227 -100 573
109846: -215 -227 -101 582
109848: -215 -227 -103 600
109849: -215 -227 -104 609
109851: -215 -227 -106 627
109852: -215 -227 -107 636
109854: -215 -228 -181 573
109855: -215 -228 -182 582
109857: -215 -228 -184 600
109858: -215 -228 -185 609
109860: -215 -228 -187 627
109862: -215 -228 -189 645
109863: -215 -229 -262 573
109864: -215 -229 -263 582
109865: -215 -229 -264 591
109868: -215 -229 -267 618
109869: -215 -229 -268 627
109870: -215 -229 -269 636
109873: -215 -230 -344 582
109874: -215 -230 -345 591
109875: -215 -230 -346 600
109878: -215 -230 -349 627
109879: -215 -230 -350 636
109884: -215 -231 -427 600
109885: -215 -231 -428 609
109887: -215 -231 -430 627
109908: -215 -234 -667 573
109920: -224 -226 -22 601
109926: -224 -227 -100 574
109927: -224 -227 -101 583
109928: -224 -227 -102 592
109929: -224 -227 -103 601
109930: -224 -227 -104 610
109932: -224 -227 -106 628
109933: -224 -227 -107 637
109936: -224 -228 -182 583
109938: -224 -228 -184 601
109939: -224 -228 -185 610
109940: -224 -228 -186 619
109944: -224 -229 -262 574
109945: -224 -229 -263 583
109946: -224 -229 -264 592
109947: -224 -229 -265 601
109949: -224 -229 -267 619
109950: -224 -229 -268 628
109951: -224 -229 -269 637
109953: -224 -230 -343 574
109954: -224 -230 -344 583
109955: -224 -230 -345 592
109956: -224 -230 -346 601
109957: -224 -230 -347 610
109959: -224 -230 -349 628
109960: -224 -230 -350 637
109962: -224 -231 -424 574
109963: -224 -231 -425 583
109964: -224 -231 -426 592
109965: -224 -231 -427 601
109966: -224 -231 -428 610
109967: -224 -231 -429 619
109969: -224 -231 -431 637
109989: -224 -234 -667 574
109990: -224 -234 -668 583
109992: -224 -234 -670 601
109993: -224 -234 -671 610
109994: -224 -234 -672 619
109995: -224 -234 -673 628
109996: -224 -234 -674 637
109997: -224 -234 -675 646
110061: -233 -233 -586 575
110062: -233 -233 -587 584
110063: -233 -233 -588 593
110064: -233 -233 -589 602
110065: -233 -233 -590 611
110066: -233 -233 -591 620
110067: -233 -233 -592 629
110068: -233 -233 -593 638
110069: -233 -233 -594 647
110082: -242 -226 -22 603
110088: -242 -227 -100 576
110101: -242 -228 -185 612
110108: -242 -229 -264 594
110110: -242 -229 -266 612
110111: -242 -229 -267 621
110112: -242 -229 -268 630
110113: -242 -229 -269 639
110114: -242 -229 -270 648
110115: -242 -230 -343 576
110117: -242 -230 -345 594
110118: -242 -230 -346 603
110119: -242 -230 -347 612
110120: -242 -230 -348 621
110121: -242 -230 -349 630
110122: -242 -230 -350 639
110123: -242 -230 -351 648
110128: -242 -231 -428 612
110131: -242 -231 -431 639
110133: -242 -232 -505 576
110134: -242 -232 -506 585
110135: -242 -232 -507 594
110136: -242 -232 -508 603
110137: -242 -232 -509 612
110139: -242 -232 -511 630
110141: -242 -232 -513 648
110151: -242 -234 -667 576
110164: -251 -307 -32 604
110169: -251 -308 -109 568
110178: -251 -309 -190 568
110187: -251 -310 -271 568
110188: -251 -310 -272 577
110189: -251 -310 -273 586
110192: -251 -310 -276 613
110211: -251 -312 -439 622
110214: -251 -313 -514 568
110215: -251 -313 -515 577
110218: -251 -313 -518 604
110220: -251 -313 -520 622
110222: -251 -313 -522 640
110232: -251 -315 -676 568
110233: -251 -315 -677 577
110234: -251 -315 -678 586
110240: -251 -315 -684 640
110245: -260 -307 -32 605
110250: -260 -308 -109 569
110254: -260 -308 -113 605
110256: -260 -308 -115 623
110258: -260 -308 -117 641
110260: -260 -309 -191 578
110261: -260 -309 -192 587
110263: -260 -309 -194 605
110264: -260 -309 -195 614
110265: -260 -309 -196 623
110266: -260 -309 -197 632
110267: -260 -309 -198 641
110269: -260 -310 -272 578
110270: -260 -310 -273 587
110273: -260 -310 -276 614
110274: -260 -310 -277 623
110277: -260 -311 -352 569
110278: -260 -311 -353 578
110279: -260 -311 -354 587
110280: -260 -311 -355 596
110281: -260 -311 -356 605
110282: -260 -311 -357 614
110283: -260 -311 -358 623
110284: -260 -311 -359 632
110285: -260 -311 -360 641
110286: -260 -312 -433 569
110287: -260 -312 -434 578
110288: -260 -312 -435 587
110289: -260 -312 -436 596
110290: -260 -312 -437 605
110291: -260 -312 -438 614
110292: -260 -312 -439 623
110293: -260 -312 -440 632
110294: -260 -312 -441 641
110314: -260 -315 -677 578
110320: -260 -315 -683 632
110326: -269 -307 -32 606
110331: -269 -308 -109 570
110350: -269 -310 -272 579
110351: -269 -310 -273 588
110354: -269 -310 -276 615
110355: -269 -310 -277 624
110358: -269 -311 -352 570
110359: -269 -311 -353 579
110360: -269 -311 -354 588
110361: -269 -311 -355 597
110362: -269 -311 -356 606
110363: -269 -311 -357 615
110364: -269 -311 -358 624
110365: -269 -311 -359 633
110367: -269 -312 -433 570
110368: -269 -312 -434 579
110369: -269 -312 -435 588
110370: -269 -312 -436 597
110371: -269 -312 -437 606
110372: -269 -312 -438 615
110374: -269 -312 -440 633
110395: -269 -315 -677 579
110398: -269 -315 -680 606
110401: -269 -315 -683 633
110402: -269 -315 -684 642
110407: -278 -307 -32 607
110442: -278 -311 -355 598
110482: -278 -315 -683 634
110488: -287 -307 -32 608
110493: -287 -308 -109 572
110494: -287 -308 -110 581
110495: -287 -308 -111 590
110496: -287 -308 -112 599
110497: -287 -308 -113 608
110499: -287 -308 -115 626
110500: -287 -308 -116 635
110502: -287 -309 -190 572
110503: -287 -309 -191 581
110504: -287 -309 -192 590
110505: -287 -309 -193 599
110506: -287 -309 -194 608
110507: -287 -309 -195 617
110508: -287 -309 -196 626
110509: -287 -309 -197 635
110512: -287 -310 -272 581
110513: -287 -310 -273 590
110515: -287 -310 -275 608
110516: -287 -310 -276 617
110517: -287 -310 -277 626
110519: -287 -310 -279 644
110529: -287 -312 -433 572
110530: -287 -312 -434 581
110531: -287 -312 -435 590
110532: -287 -312 -436 599
110533: -287 -312 -437 608
110534: -287 -312 -438 617
110536: -287 -312 -440 635
110539: -287 -313 -515 581
110540: -287 -313 -516 590
110542: -287 -313 -518 608
110544: -287 -313 -520 626
110557: -287 -315 -677 581
110563: -287 -315 -683 635
110569: -296 -307 -32 609
110574: -296 -308 -109 573
110575: -296 -308 -110 582
110576: -296 -308 -111 591
110577: -296 -308 -112 600
110578: -296 -308 -113 609
110580: -296 -308 -115 627
110581: -296 -308 -116 636
110583: -296 -309 -190 573
110584: -296 -309 -191 582
110585: -296 -309 -192 591
110586: -296 -309 -193 600
110587: -296 -309 -194 609
110588: -296 -309 -195 618
110589: -296 -309 -196 627
110590: -296 -309 -197 636
110591: -296 -309 -198 645
110593: -296 -310 -272 582
110596: -296 -310 -275 609
110597: -296 -310 -276 618
110598: -296 -310 -277 627
110602: -296 -311 -353 582
110603: -296 -311 -354 591
110604: -296 -311 -355 600
110605: -296 -311 -356 609
110606: -296 -311 -357 618
110607: -296 -311 -358 627
110608: -296 -311 -359 636
110615: -296 -312 -438 618
110616: -296 -312 -439 627
110617: -296 -312 -440 636
110618: -296 -312 -441 645
110619: -296 -313 -514 573
110626: -296 -313 -521 636
110644: -296 -315 -683 636
110645: -296 -315 -684 645
110650: -305 -307 -32 610
110655: -305 -308 -109 574
110656: -305 -308 -110 583
110657: -305 -308 -111 592
110658: -305 -308 -112 601
110659: -305 -308 -113 610
110661: -305 -308 -115 628
110662: -305 -308 -116 637
110664: -305 -309 -190 574
110665: -305 -309 -191 583
110666: -305 -309 -192 592
110667: -305 -309 -193 601
110668: -305 -309 -194 610
110669: -305 -309 -195 619
110670: -305 -309 -196 628
110671: -305 -309 -197 637
110674: -305 -310 -272 583
110675: -305 -310 -273 592
110677: -305 -310 -275 610
110678: -305 -310 -276 619
110682: -305 -311 -352 574
110683: -305 -311 -353 583
110684: -305 -311 -354 592
110685: -305 -311 -355 601
110686: -305 -311 -356 610
110687: -305 -311 -357 619
110688: -305 -311 -358 628
110689: -305 -311 -359 637
110692: -305 -312 -434 583
110693: -305 -312 -435 592
110694: -305 -312 -436 601
110696: -305 -312 -438 619
110697: -305 -312 -439 628
110698: -305 -312 -440 637
110719: -305 -315 -677 583
110720: -305 -315 -678 592
110722: -305 -315 -680 610
110725: -305 -315 -683 637
110726: -305 -315 -684 646
110790: -314 -314 -595 575
110791: -314 -314 -596 584
110792: -314 -314 -597 593
110793: -314 -314 -598 602
110794: -314 -314 -599 611
110795: -314 -314 -600 620
110796: -314 -314 -601 629
110797: -314 -314 -602 638
110798: -314 -314 -603 647
110812: -323 -307 -32 612
110826: -323 -309 -190 576
110854: -323 -312 -434 585
110863: -323 -313 -515 585
110865: -323 -313 -517 603
110866: -323 -313 -518 612
110868: -323 -313 -520 630
110870: -323 -313 -522 648
110894: -332 -388 -42 613
110898: -332 -389 -118 568
110899: -332 -389 -119 577
110900: -332 -389 -120 586
110901: -332 -389 -121 595
110904: -332 -389 -124 622
110905: -332 -389 -125 631
110906: -332 -389 -126 640
110908: -332 -390 -200 577
110909: -332 -390 -201 586
110911: -332 -390 -203 604
110913: -332 -390 -205 622
110915: -332 -390 -207 640
110916: -332 -391 -280 568
110922: -332 -391 -286 622
110934: -332 -393 -442 568
110935: -332 -393 -443 577
110936: -332 -393 -444 586
110937: -332 -393 -445 595
110938: -332 -393 -446 604
110939: -332 -393 -447 613
110940: -332 -393 -448 622
110941: -332 -393 -449 631
110943: -332 -394 -523 568
110944: -332 -394 -524 577
110945: -332 -394 -525 586
110946: -332 -394 -526 595
110951: -332 -394 -531 640
110961: -332 -396 -685 568
110967: -332 -396 -691 622
110969: -332 -396 -693 640
110975: -341 -388 -42 614
110979: -341 -389 -118 569
110988: -341 -390 -199 569
110989: -341 -390 -200 578
110990: -341 -390 -201 587
110991: -341 -390 -202 596
110992: -341 -390 -203 605
110993: -341 -390 -204 614
110994: -341 -390 -205 623
110995: -341 -390 -206 632
110996: -341 -390 -207 641
110997: -341 -391 -280 569
110998: -341 -391 -281 578
110999: -341 -391 -282 587
111000: -341 -391 -283 596
111001: -341 -391 -284 605
111002: -341 -391 -285 614
111003: -341 -391 -286 623
111004: -341 -391 -287 632
111005: -341 -391 -288 641
111007: -341 -392 -362 578
111008: -341 -392 -363 587
111009: -341 -392 -364 596
111011: -341 -392 -366 614
111012: -341 -392 -367 623
111015: -341 -393 -442 569
111016: -341 -393 -443 578
111017: -341 -393 -444 587
111018: -341 -393 -445 596
111019: -341 -393 -446 605
111020: -341 -393 -447 614
111021: -341 -393 -448 623
111022: -341 -393 -449 632
111043: -341 -396 -686 578
111050: -341 -396 -693 641
111056: -350 -388 -42 615
111060: -350 -389 -118 570
111061: -350 -389 -119 579
111062: -350 -389 -120 588
111063: -350 -389 -121 597
111064: -350 -389 -122 606
111066: -350 -389 -124 624
111067: -350 -389 -125 633
111070: -350 -390 -200 579
111071: -350 -390 -201 588
111072: -350 -390 -202 597
111074: -350 -390 -204 615
111075: -350 -390 -205 624
111076: -350 -390 -206 633
111077: -350 -390 -207 642
111078: -350 -391 -280 570
111079: -350 -391 -281 579
111080: -350 -391 -282 588
111081: -350 -391 -283 597
111082: -350 -391 -284 606
111083: -350 -391 -285 615
111084: -350 -391 -286 624
111085: -350 -391 -287 633
111086: -350 -391 -288 642
111088: -350 -392 -362 579
111090: -350 -392 -364 597
111092: -350 -392 -366 615
111093: -350 -392 -367 624
111095: -350 -392 -369 642
111096: -350 -393 -442 570
111097: -350 -393 -443 579
111098: -350 -393 -444 588
111099: -350 -393 -445 597
111100: -350 -393 -446 606
111101: -350 -393 -447 615
111103: -350 -393 -449 633
111105: -350 -394 -523 570
111107: -350 -394 -525 588
111123: -350 -396 -685 570
111125: -350 -396 -687 588
111130: -350 -396 -692 633
111137: -359 -388 -42 616
111141: -359 -389 -118 571
111142: -359 -389 -119 580
111143: -359 -389 -120 589
111144: -359 -389 -121 598
111145: -359 -389 -122 607
111147: -359 -389 -124 625
111148: -359 -389 -125 634
111150: -359 -390 -199 571
111151: -359 -390 -200 580
111152: -359 -390 -201 589
111154: -359 -390 -203 607
111155: -359 -390 -204 616
111157: -359 -390 -206 634
111160: -359 -391 -281 580
111161: -359 -391 -282 589
111162: -359 -391 -283 598
111164: -359 -391 -285 616
111165: -359 -391 -286 625
111169: -359 -392 -362 580
111170: -359 -392 -363 589
111171: -359 -392 -364 598
111172: -359 -392 -365 607
111173: -359 -392 -366 616
111174: -359 -392 -367 625
111184: -359 -393 -449 634
111218: -368 -388 -42 617
111222: -368 -389 -118 572
111224: -368 -389 -120 590
111238: -368 -390 -206 635
111242: -368 -391 -282 590
111267: -368 -394 -523 572
111285: -368 -396 -685 572
111299: -377 -388 -42 618
111303: -377 -389 -118 573
111304: -377 -389 -119 582
111305: -377 -389 -120 591
111306: -377 -389 -121 600
111307: -377 -389 -122 609
111309: -377 -389 -124 627
111310: -377 -389 -125 636
111312: -377 -390 -199 573
111313: -377 -390 -200 582
111314: -377 -390 -201 591
111315: -377 -390 -202 600
111316: -377 -390 -203 609
111317: -377 -390 -204 618
111318: -377 -390 -205 627
111319: -377 -390 -206 636
111321: -377 -391 -280 573
111322: -377 -391 -281 582
111323: -377 -391 -282 591
111324: -377 -391 -283 600
111325: -377 -391 -284 609
111326: -377 -391 -285 618
111327: -377 -391 -286 627
111328: -377 -391 -287 636
111330: -377 -392 -361 573
111331: -377 -392 -362 582
111332: -377 -392 -363 591
111333: -377 -392 -364 600
111335: -377 -392 -366 618
111336: -377 -392 -367 627
111338: -377 -392 -369 645
111348: -377 -394 -523 573
111367: -377 -396 -686 582
111368: -377 -396 -687 591
111369: -377 -396 -688 600
111373: -377 -396 -692 636
111374: -377 -396 -693 645
111380: -386 -388 -42 619
111384: -386 -389 -118 574
111385: -386 -389 -119 583
111386: -386 -389 -120 592
111387: -386 -389 -121 601
111388: -386 -389 -122 610
111390: -386 -389 -124 628
111391: -386 -389 -125 637
111393: -386 -390 -199 574
111394: -386 -390 -200 583
111395: -386 -390 -201 592
111396: -386 -390 -202 601
111397: -386 -390 -203 610
111398: -386 -390 -204 619
111399: -386 -390 -205 628
111400: -386 -390 -206 637
111402: -386 -391 -280 574
111403: -386 -391 -281 583
111404: -386 -391 -282 592
111405: -386 -391 -283 601
111406: -386 -391 -284 610
111407: -386 -391 -285 619
111408: -386 -391 -286 628
111409: -386 -391 -287 637
111410: -386 -391 -288 646
111412: -386 -392 -362 583
111413: -386 -392 -363 592
111416: -386 -392 -366 619
111417: -386 -392 -367 628
111419: -386 -392 -369 646
111421: -386 -393 -443 583
111422: -386 -393 -444 592
111423: -386 -393 -445 601
111425: -386 -393 -447 619
111427: -386 -393 -449 637
111429: -386 -394 -523 574
111447: -386 -396 -685 574
111448: -386 -396 -686 583
111449: -386 -396 -687 592
111450: -386 -396 -688 601
111452: -386 -396 -690 619
111454: -386 -396 -692 637
111455: -386 -396 -693 646
111519: -395 -395 -604 575
111520: -395 -395 -605 584
111521: -395 -395 -606 593
111522: -395 -395 -607 602
111523: -395 -395 -608 611
111524: -395 -395 -609 620
111525: -395 -395 -610 629
111526: -395 -395 -611 638
111527: -395 -395 -612 647
111542: -404 -388 -42 621
111546: -404 -389 -118 576
111547: -404 -389 -119 585
111549: -404 -389 -121 603
111550: -404 -389 -122 612
111552: -404 -389 -124 630
111553: -404 -389 -125 639
111564: -404 -391 -280 576
111565: -404 -391 -281 585
111567: -404 -391 -283 603
111569: -404 -391 -285 621
111570: -404 -391 -286 630
111571: -404 -391 -287 639
111572: -404 -391 -288 648
111581: -404 -392 -369 648
111591: -404 -394 -523 576
111593: -404 -394 -525 594
111594: -404 -394 -526 603
111597: -404 -394 -529 630
111599: -404 -394 -531 648
111609: -404 -396 -685 576
111624: -413 -469 -52 622
111627: -413 -470 -127 568
111628: -413 -470 -128 577
111630: -413 -470 -130 595
111631: -413 -470 -131 604
111634: -413 -470 -134 631
111636: -413 -471 -208 568
111637: -413 -471 -209 577
111638: -413 -471 -210 586
111639: -413 -471 -211 595
111642: -413 -471 -214 622
111643: -413 -471 -215 631
111644: -413 -471 -216 640
111645: -413 -472 -289 568
111646: -413 -472 -290 577
111647: -413 -472 -291 586
111648: -413 -472 -292 595
111650: -413 -472 -294 613
111651: -413 -472 -295 622
111652: -413 -472 -296 631
111653: -413 -472 -297 640
111654: -413 -473 -370 568
111655: -413 -473 -371 577
111656: -413 -473 -372 586
111658: -413 -473 -374 604
111659: -413 -473 -375 613
111660: -413 -473 -376 622
111661: -413 -473 -377 631
111662: -413 -473 -378 640
111663: -413 -474 -451 568
111664: -413 -474 -452 577
111665: -413 -474 -453 586
111666: -413 -474 -454 595
111671: -413 -474 -459 640
111674: -413 -475 -534 586
111675: -413 -475 -535 595
111678: -413 -475 -538 622
111679: -413 -475 -539 631
111680: -413 -475 -540 640
111690: -413 -477 -694 568
111691: -413 -477 -695 577
111692: -413 -477 -696 586
111693: -413 -477 -697 595
111694: -413 -477 -698 604
111696: -413 -477 -700 622
111698: -413 -477 -702 640
111705: -422 -469 -52 623
111709: -422 -470 -128 578
111710: -422 -470 -129 587
111711: -422 -470 -130 596
111712: -422 -470 -131 605
111714: -422 -470 -133 623
111715: -422 -470 -134 632
111716: -422 -470 -135 641
111717: -422 -471 -208 569
111718: -422 -471 -209 578
111719: -422 -471 -210 587
111720: -422 -471 -211 596
111721: -422 -471 -212 605
111722: -422 -471 -213 614
111726: -422 -472 -289 569
111727: -422 -472 -290 578
111732: -422 -472 -295 623
111733: -422 -472 -296 632
111735: -422 -473 -370 569
111736: -422 -473 -371 578
111737: -422 -473 -372 587
111738: -422 -473 -373 596
111739: -422 -473 -374 605
111740: -422 -473 -375 614
111741: -422 -473 -376 623
111742: -422 -473 -377 632
111743: -422 -473 -378 641
111744: -422 -474 -451 569
111746: -422 -474 -453 587
111747: -422 -474 -454 596
111750: -422 -474 -457 623
111752: -422 -474 -459 641
111754: -422 -475 -533 578
111755: -422 -475 -534 587
111756: -422 -475 -535 596
111757: -422 -475 -536 605
111759: -422 -475 -538 623
111760: -422 -475 -539 632
111761: -422 -475 -540 641
111771: -422 -477 -694 569
111773: -422 -477 -696 587
111774: -422 -477 -697 596
111775: -422 -477 -698 605
111776: -422 -477 -699 614
111777: -422 -477 -700 623
111778: -422 -477 -701 632
111779: -422 -477 -702 641
111786: -431 -469 -52 624
111790: -431 -470 -128 579
111791: -431 -470 -129 588
111792: -431 -470 -130 597
111793: -431 -470 -131 606
111795: -431 -470 -133 624
111796: -431 -470 -134 633
111797: -431 -470 -135 642
111798: -431 -471 -208 570
111807: -431 -472 -289 570
111808: -431 -472 -290 579
111809: -431 -472 -291 588
111810: -431 -472 -292 597
111812: -431 -472 -294 615
111813: -431 -472 -295 624
111814: -431 -472 -296 633
111816: -431 -473 -370 570
111817: -431 -473 -371 579
111818: -431 -473 -372 588
111820: -431 -473 -374 606
111821: -431 -473 -375 615
111822: -431 -473 -376 624
111823: -431 -473 -377 633
111826: -431 -474 -452 579
111827: -431 -474 -453 588
111828: -431 -474 -454 597
111833: -431 -474 -459 642
111840: -431 -475 -538 624
111855: -431 -477 -697 597
111856: -431 -477 -698 606
111867: -440 -469 -52 625
111870: -440 -470 -127 571
111871: -440 -470 -128 580
111872: -440 -470 -129 589
111873: -440 -470 -130 598
111874: -440 -470 -131 607
111877: -440 -470 -134 634
111879: -440 -471 -208 571
111880: -440 -471 -209 580
111881: -440 -471 -210 589
111882: -440 -471 -211 598
111883: -440 -471 -212 607
111884: -440 -471 -213 616
111885: -440 -471 -214 625
111886: -440 -471 -215 634
111897: -440 -473 -370 571
111898: -440 -473 -371 580
111899: -440 -473 -372 589
111901: -440 -473 -374 607
111903: -440 -473 -376 625
111904: -440 -473 -377 634
111907: -440 -474 -452 580
111908: -440 -474 -453 589
111909: -440 -474 -454 598
111935: -440 -477 -696 589
111940: -440 -477 -701 634
111948: -449 -469 -52 626
111951: -449 -470 -127 572
111952: -449 -470 -128 581
111954: -449 -470 -130 599
111955: -449 -470 -131 608
111958: -449 -470 -134 635
111960: -449 -471 -208 572
111961: -449 -471 -209 581
111962: -449 -471 -210 590
111963: -449 -471 -211 599
111964: -449 -471 -212 608
111965: -449 -471 -213 617
111966: -449 -471 -214 626
111967: -449 -471 -215 635
111971: -449 -472 -291 590
111980: -449 -473 -372 590
111981: -449 -473 -373 599
111984: -449 -473 -376 626
111985: -449 -473 -377 635
111988: -449 -474 -452 581
111989: -449 -474 -453 590
111990: -449 -474 -454 599
112002: -449 -475 -538 626
112016: -449 -477 -696 590
112017: -449 -477 -697 599
112029: -458 -469 -52 627
112032: -458 -470 -127 573
112033: -458 -470 -128 582
112035: -458 -470 -130 600
112040: -458 -470 -135 645
112041: -458 -471 -208 573
112044: -458 -471 -211 600
112047: -458 -471 -214 627
112059: -458 -473 -370 573
112060: -458 -473 -371 582
112061: -458 -473 -372 591
112062: -458 -473 -373 600
112063: -458 -473 -374 609
112064: -458 -473 -375 618
112065: -458 -473 -376 627
112066: -458 -473 -377 636
112067: -458 -473 -378 645
112078: -458 -475 -533 582
112080: -458 -475 -535 600
112084: -458 -475 -539 636
112095: -458 -477 -694 573
112099: -458 -477 -698 609
112102: -458 -477 -701 636
112110: -467 -469 -52 628
112114: -467 -470 -128 583
112115: -467 -470 -129 592
112116: -467 -470 -130 601
112117: -467 -470 -131 610
112120: -467 -470 -134 637
112122: -467 -471 -208 574
112123: -467 -471 -209 583
112124: -467 -471 -210 592
112126: -467 -471 -212 610
112127: -467 -471 -213 619
112128: -467 -471 -214 628
112129: -467 -471 -215 637
112132: -467 -472 -290 583
112135: -467 -472 -293 610
112136: -467 -472 -294 619
112137: -467 -472 -295 628
112138: -467 -472 -296 637
112150: -467 -474 -452 583
112151: -467 -474 -453 592
112179: -467 -477 -697 601
112180: -467 -477 -698 610
112183: -467 -477 -701 637
112248: -476 -476 -613 575
112249: -476 -476 -614 584
112250: -476 -476 -615 593
112251: -476 -476 -616 602
112252: -476 -476 -617 611
112254: -476 -476 -619 629
112255: -476 -476 -620 638
112256: -476 -476 -621 647
112272: -485 -469 -52 630
112275: -485 -470 -127 576
112276: -485 -470 -128 585
112277: -485 -470 -129 594
112278: -485 -470 -130 603
112279: -485 -470 -131 612
112281: -485 -470 -133 630
112282: -485 -470 -134 639
112283: -485 -470 -135 648
112284: -485 -471 -208 576
112300: -485 -472 -296 639
112311: -485 -474 -451 576
112312: -485 -474 -452 585
112314: -485 -474 -454 603
112326: -485 -475 -538 630
112347: -494 -550 -55 568
112356: -494 -551 -136 568
112357: -494 -551 -137 577
112359: -494 -551 -139 595
112360: -494 -551 -140 604
112362: -494 -551 -142 622
112363: -494 -551 -143 631
112365: -494 -552 -217 568
112366: -494 -552 -218 577
112367: -494 -552 -219 586
112368: -494 -552 -220 595
112369: -494 -552 -221 604
112370: -494 -552 -222 613
112371: -494 -552 -223 622
112372: -494 -552 -224 631
112376: -494 -553 -300 586
112383: -494 -554 -379 568
112384: -494 -554 -380 577
112385: -494 -554 -381 586
112386: -494 -554 -382 595
112387: -494 -554 -383 604
112389: -494 -554 -385 622
112390: -494 -554 -386 631
112403: -494 -556 -543 586
112424: -494 -558 -708 613
112425: -494 -558 -709 622
112509: -512 -550 -55 570
112518: -512 -551 -136 570
112519: -512 -551 -137 579
112520: -512 -551 -138 588
112521: -512 -551 -139 597
112522: -512 -551 -140 606
112524: -512 -551 -142 624
112525: -512 -551 -143 633
112530: -512 -552 -220 597
112531: -512 -552 -221 606
112532: -512 -552 -222 615
112535: -512 -552 -225 642
112549: -512 -554 -383 606
112565: -512 -556 -543 588
112571: -512 -556 -549 642
112573: -512 -557 -623 579
112582: -512 -558 -704 579
112584: -512 -558 -706 597
112585: -512 -558 -707 606
112586: -512 -558 -708 615
112589: -512 -558 -711 642
112590: -521 -550 -55 571
112599: -521 -551 -136 571
112600: -521 -551 -137 580
112601: -521 -551 -138 589
112602: -521 -551 -139 598
112603: -521 -551 -140 607
112605: -521 -551 -142 625
112606: -521 -551 -143 634
112609: -521 -552 -218 580
112610: -521 -552 -219 589
112611: -521 -552 -220 598
112612: -521 -552 -221 607
112613: -521 -552 -222 616
112615: -521 -552 -224 634
112616: -521 -552 -225 643
112618: -521 -553 -299 580
112620: -521 -553 -301 598
112622: -521 -553 -303 616
112664: -521 -558 -705 589
112665: -521 -558 -706 598
112666: -521 -558 -707 607
112671: -530 -550 -55 572
112680: -530 -551 -136 572
112681: -530 -551 -137 581
112682: -530 -551 -138 590
112683: -530 -551 -139 599
112684: -530 -551 -140 608
112686: -530 -551 -142 626
112687: -530 -551 -143 635
112688: -530 -551 -144 644
112689: -530 -552 -217 572
112690: -530 -552 -218 581
112691: -530 -552 -219 590
112692: -530 -552 -220 599
112693: -530 -552 -221 608
112694: -530 -552 -222 617
112699: -530 -553 -299 581
112700: -530 -553 -300 590
112701: -530 -553 -301 599
112703: -530 -553 -303 617
112705: -530 -553 -305 635
112708: -530 -554 -380 581
112709: -530 -554 -381 590
112710: -530 -554 -382 599
112711: -530 -554 -383 608
112712: -530 -554 -384 617
112714: -530 -554 -386 635
112744: -530 -558 -704 581
112745: -530 -558 -705 590
112747: -530 -558 -707 608
112752: -539 -550 -55 573
112761: -539 -551 -136 573
112762: -539 -551 -137 582
112763: -539 -551 -138 591
112764: -539 -551 -139 600
112768: -539 -551 -143 636
112769: -539 -551 -144 645
112770: -539 -552 -217 573
112771: -539 -552 -218 582
112772: -539 -552 -219 591
112773: -539 -552 -220 600
112774: -539 -552 -221 609
112775: -539 -552 -222 618
112776: -539 -552 -223 627
112777: -539 -552 -224 636
112778: -539 -552 -225 645
112779: -539 -553 -298 573
112781: -539 -553 -300 591
112788: -539 -554 -379 573
112789: -539 -554 -380 582
112790: -539 -554 -381 591
112791: -539 -554 -382 600
112792: -539 -554 -383 609
112793: -539 -554 -384 618
112794: -539 -554 -385 627
112795: -539 -554 -386 636
112796: -539 -554 -387 645
112826: -539 -558 -705 591
112827: -539 -558 -706 600
112828: -539 -558 -707 609
112830: -539 -558 -709 627
112831: -539 -558 -710 636
112833: -548 -550 -55 574
112843: -548 -551 -137 583
112846: -548 -551 -140 610
112849: -548 -551 -143 637
112906: -548 -558 -704 583
112907: -548 -558 -705 592
112977: -557 -557 -622 575
112978: -557 -557 -623 584
112979: -557 -557 -624 593
112980: -557 -557 -625 602
112981: -557 -557 -626 611
112982: -557 -557 -627 620
112983: -557 -557 -628 629
112984: -557 -557 -629 638
112985: -557 -557 -630 647
112995: -566 -550 -55 576
113004: -566 -551 -136 576
113005: -566 -551 -137 585
113006: -566 -551 -138 594
113008: -566 -551 -140 612
113011: -566 -551 -143 639
113012: -566 -551 -144 648
113014: -566 -552 -218 585
113015: -566 -552 -219 594
113016: -566 -552 -220 603
113017: -566 -552 -221 612
113018: -566 -552 -222 621
113021: -566 -552 -225 648
113059: -566 -557 -623 585
113073: -566 -558 -709 630
113165: -584 -631 -72 641
113168: -584 -632 -147 587
113178: -584 -633 -229 596
113179: -584 -633 -230 605
113180: -584 -633 -231 614
113181: -584 -633 -232 623
113183: -584 -633 -234 641
113188: -584 -634 -311 605
113189: -584 -634 -312 614
113190: -584 -634 -313 623
113198: -584 -635 -393 614
113201: -584 -635 -396 641
113202: -584 -636 -469 569
113203: -584 -636 -470 578
113206: -584 -636 -473 605
113208: -584 -636 -475 623
113213: -584 -637 -552 587
113214: -584 -637 -553 596
113215: -584 -637 -554 605
113219: -584 -637 -558 641
113246: -593 -631 -72 642
113250: -593 -632 -148 597
113251: -593 -632 -149 606
113253: -593 -632 -151 624
113255: -593 -632 -153 642
113265: -593 -634 -307 570
113266: -593 -634 -308 579
113271: -593 -634 -313 624
113275: -593 -635 -389 579
113277: -593 -635 -391 597
113283: -593 -636 -469 570
113285: -593 -636 -471 588
113289: -593 -636 -475 624
113292: -593 -637 -550 570
113293: -593 -637 -551 579
113294: -593 -637 -552 588
113295: -593 -637 -553 597
113296: -593 -637 -554 606
113300: -593 -637 -558 642
113327: -602 -631 -72 643
113332: -602 -632 -149 607
113334: -602 -632 -151 625
113336: -602 -632 -153 643
113338: -602 -633 -227 580
113341: -602 -633 -230 607
113342: -602 -633 -231 616
113343: -602 -633 -232 625
113345: -602 -633 -234 643
113356: -602 -635 -389 580
113358: -602 -635 -391 598
113364: -602 -636 -469 571
113365: -602 -636 -470 580
113366: -602 -636 -471 589
113367: -602 -636 -472 598
113368: -602 -636 -473 607
113370: -602 -636 -475 625
113372: -602 -636 -477 643
113374: -602 -637 -551 580
113376: -602 -637 -553 598
113377: -602 -637 -554 607
113381: -602 -637 -558 643
113408: -611 -631 -72 644
113409: -611 -632 -145 572
113411: -611 -632 -147 590
113412: -611 -632 -148 599
113417: -611 -632 -153 644
113426: -611 -633 -234 644
113428: -611 -634 -308 581
113429: -611 -634 -309 590
113434: -611 -634 -314 635
113435: -611 -634 -315 644
113445: -611 -636 -469 572
113447: -611 -636 -471 590
113451: -611 -636 -475 626
113454: -611 -637 -550 572
113455: -611 -637 -551 581
113456: -611 -637 -552 590
113457: -611 -637 -553 599
113458: -611 -637 -554 608
113470: -611 -638 -638 635
113489: -620 -631 -72 645
113490: -620 -632 -145 573
113492: -620 -632 -147 591
113493: -620 -632 -148 600
113494: -620 -632 -149 609
113496: -620 -632 -151 627
113499: -620 -633 -226 573
113500: -620 -633 -227 582
113502: -620 -633 -229 600
113503: -620 -633 -230 609
113505: -620 -633 -232 627
113507: -620 -633 -234 645
113508: -620 -634 -307 573
113509: -620 -634 -308 582
113510: -620 -634 -309 591
113512: -620 -634 -311 609
113514: -620 -634 -313 627
113515: -620 -634 -314 636
113516: -620 -634 -315 645
113518: -620 -635 -389 582
113519: -620 -635 -390 591
113520: -620 -635 -391 600
113523: -620 -635 -394 627
113526: -620 -636 -469 573
113535: -620 -637 -550 573
113536: -620 -637 -551 582
113537: -620 -637 -552 591
113538: -620 -637 -553 600
113539: -620 -637 -554 609
113543: -620 -637 -558 645
113551: -620 -638 -638 636
113570: -629 -631 -72 646
113571: -629 -632 -145 574
113573: -629 -632 -147 592
113574: -629 -632 -148 601
113575: -629 -632 -149 610
113579: -629 -632 -153 646
113581: -629 -633 -227 583
113583: -629 -633 -229 601
113584: -629 -633 -230 610
113585: -629 -633 -231 619
113586: -629 -633 -232 628
113588: -629 -633 -234 646
113590: -629 -634 -308 583
113594: -629 -634 -312 619
113599: -629 -635 -389 583
113601: -629 -635 -391 601
113603: -629 -635 -393 619
113604: -629 -635 -394 628
113608: -629 -636 -470 583
113609: -629 -636 -471 592
113611: -629 -636 -473 610
113613: -629 -636 -475 628
113615: -629 -636 -477 646
113632: -629 -638 -638 637
113688: -638 -636 -469 575
113893: -665 -712 -80 632
113896: -665 -713 -155 578
113897: -665 -713 -156 587
113898: -665 -713 -157 596
113899: -665 -713 -158 605
113901: -665 -713 -160 623
113902: -665 -713 -161 632
113905: -665 -714 -236 578
113906: -665 -714 -237 587
113907: -665 -714 -238 596
113908: -665 -714 -239 605
113909: -665 -714 -240 614
113910: -665 -714 -241 623
113911: -665 -714 -242 632
113912: -665 -714 -243 641
113914: -665 -715 -317 578
113915: -665 -715 -318 587
113916: -665 -715 -319 596
113917: -665 -715 -320 605
113918: -665 -715 -321 614
113919: -665 -715 -322 623
113920: -665 -715 -323 632
113921: -665 -715 -324 641
113923: -665 -716 -398 578
113924: -665 -716 -399 587
113925: -665 -716 -400 596
113926: -665 -716 -401 605
113927: -665 -716 -402 614
113928: -665 -716 -403 623
113929: -665 -716 -404 632
113930: -665 -716 -405 641
113932: -665 -717 -479 578
113933: -665 -717 -480 587
113934: -665 -717 -481 596
113935: -665 -717 -482 605
113936: -665 -717 -483 614
113937: -665 -717 -484 623
113938: -665 -717 -485 632
113939: -665 -717 -486 641
113941: -665 -718 -560 578
113942: -665 -718 -561 587
113943: -665 -718 -562 596
113944: -665 -718 -563 605
113946: -665 -718 -565 623
113947: -665 -718 -566 632
113948: -665 -718 -567 641
113959: -665 -720 -722 578
113960: -665 -720 -723 587
113961: -665 -720 -724 596
113962: -665 -720 -725 605
113963: -665 -720 -726 614
113964: -665 -720 -727 623
113966: -665 -720 -729 641
113974: -674 -712 -80 633
113976: -674 -713 -154 570
113977: -674 -713 -155 579
113978: -674 -713 -156 588
113979: -674 -713 -157 597
113980: -674 -713 -158 606
113982: -674 -713 -160 624
113983: -674 -713 -161 633
113984: -674 -713 -162 642
113985: -674 -714 -235 570
113986: -674 -714 -236 579
113987: -674 -714 -237 588
113988: -674 -714 -238 597
113989: -674 -714 -239 606
113990: -674 -714 -240 615
113991: -674 -714 -241 624
113992: -674 -714 -242 633
113993: -674 -714 -243 642
113994: -674 -715 -316 570
113995: -674 -715 -317 579
113996: -674 -715 -318 588
113997: -674 -715 -319 597
113998: -674 -715 -320 606
113999: -674 -715 -321 615
114000: -674 -715 -322 624
114001: -674 -715 -323 633
114002: -674 -715 -324 642
114004: -674 -716 -398 579
114005: -674 -716 -399 588
114006: -674 -716 -400 597
114007: -674 -716 -401 606
114008: -674 -716 -402 615
114009: -674 -716 -403 624
114010: -674 -716 -404 633
114011: -674 -716 -405 642
114012: -674 -717 -478 570
114013: -674 -717 -479 579
114014: -674 -717 -480 588
114015: -674 -717 -481 597
114016: -674 -717 -482 606
114017: -674 -717 -483 615
114018: -674 -717 -484 624
114019: -674 -717 -485 633
114020: -674 -717 -486 642
114022: -674 -718 -560 579
114023: -674 -718 -561 588
114024: -674 -718 -562 597
114025: -674 -718 -563 606
114027: -674 -718 -565 624
114028: -674 -718 -566 633
114029: -674 -718 -567 642
114040: -674 -720 -722 579
114041: -674 -720 -723 588
114042: -674 -720 -724 597
114043: -674 -720 -725 606
114044: -674 -720 -726 615
114045: -674 -720 -727 624
114055: -683 -712 -80 634
114058: -683 -713 -155 580
114059: -683 -713 -156 589
114060: -683 -713 -157 598
114061: -683 -713 -158 607
114063: -683 -713 -160 625
114064: -683 -713 -161 634
114065: -683 -713 -162 643
114066: -683 -714 -235 571
114067: -683 -714 -236 580
114068: -683 -714 -237 589
114069: -683 -714 -238 598
114070: -683 -714 -239 607
114071: -683 -714 -240 616
114072: -683 -714 -241 625
114073: -683 -714 -242 634
114074: -683 -714 -243 643
114076: -683 -715 -317 580
114077: -683 -715 -318 589
114078: -683 -715 -319 598
114079: -683 -715 -320 607
114080: -683 -715 -321 616
114081: -683 -715 -322 625
114082: -683 -715 -323 634
114083: -683 -715 -324 643
114085: -683 -716 -398 580
114086: -683 -716 -399 589
114087: -683 -716 -400 598
114088: -683 -716 -401 607
114089: -683 -716 -402 616
114090: -683 -716 -403 625
114091: -683 -716 -404 634
114092: -683 -716 -405 643
114094: -683 -717 -479 580
114095: -683 -717 -480 589
114096: -683 -717 -481 598
114097: -683 -717 -482 607
114098: -683 -717 -483 616
114099: -683 -717 -484 625
114100: -683 -717 -485 634
114101: -683 -717 -486 643
114103: -683 -718 -560 580
114104: -683 -718 -561 589
114105: -683 -718 -562 598
114106: -683 -718 -563 607
114108: -683 -718 -565 625
114109: -683 -718 -566 634
114110: -683 -718 -567 643
114121: -683 -720 -722 580
114122: -683 -720 -723 589
114124: -683 -720 -725 607
114125: -683 -720 -726 616
114126: -683 -720 -727 625
114136: -692 -712 -80 635
114139: -692 -713 -155 581
114140: -692 -713 -156 590
114141: -692 -713 -157 599
114142: -692 -713 -158 608
114144: -692 -713 -160 626
114145: -692 -713 -161 635
114146: -692 -713 -162 644
114148: -692 -714 -236 581
114149: -692 -714 -237 590
114150: -692 -714 -238 599
114151: -692 -714 -239 608
114152: -692 -714 -240 617
114153: -692 -714 -241 626
114154: -692 -714 -242 635
114155: -692 -714 -243 644
114157: -692 -715 -317 581
114158: -692 -715 -318 590
114159: -692 -715 -319 599
114160: -692 -715 -320 608
114161: -692 -715 -321 617
114162: -692 -715 -322 626
114163: -692 -715 -323 635
114164: -692 -715 -324 644
114166: -692 -716 -398 581
114167: -692 -716 -399 590
114168: -692 -716 -400 599
114169: -692 -716 -401 608
114170: -692 -716 -402 617
114171: -692 -716 -403 626
114172: -692 -716 -404 635
114173: -692 -716 -405 644
114175: -692 -717 -479 581
114176: -692 -717 -480 590
114177: -692 -717 -481 599
114178: -692 -717 -482 608
114179: -692 -717 -483 617
114180: -692 -717 -484 626
114181: -692 -717 -485 635
114182: -692 -717 -486 644
114184: -692 -718 -560 581
114185: -692 -718 -561 590
114186: -692 -718 -562 599
114187: -692 -718 -563 608
114189: -692 -718 -565 626
114190: -692 -718 -566 635
114191: -692 -718 -567 644
114202: -692 -720 -722 581
114203: -692 -720 -723 590
114204: -692 -720 -724 599
114206: -692 -720 -726 617
114207: -692 -720 -727 626
114217: -701 -712 -80 636
114220: -701 -713 -155 582
114221: -701 -713 -156 591
114222: -701 -713 -157 600
114223: -701 -713 -158 609
114225: -701 -713 -160 627
114226: -701 -713 -161 636
114227: -701 -713 -162 645
114229: -701 -714 -236 582
114230: -701 -714 -237 591
114231: -701 -714 -238 600
114232: -701 -714 -239 609
114233: -701 -714 -240 618
114234: -701 -714 -241 627
114235: -701 -714 -242 636
114236: -701 -714 -243 645
114238: -701 -715 -317 582
114239: -701 -715 -318 591
114240: -701 -715 -319 600
114241: -701 -715 -320 609
114242: -701 -715 -321 618
114243: -701 -715 -322 627
114244: -701 -715 -323 636
114245: -701 -715 -324 645
114247: -701 -716 -398 582
114248: -701 -716 -399 591
114249: -701 -716 -400 600
114250: -701 -716 -401 609
114251: -701 -716 -402 618
114252: -701 -716 -403 627
114253: -701 -716 -404 636
114254: -701 -716 -405 645
114256: -701 -717 -479 582
114257: -701 -717 -480 591
114258: -701 -717 -481 600
114259: -701 -717 -482 609
114260: -701 -717 -483 618
114261: -701 -717 -484 627
114262: -701 -717 -485 636
114265: -701 -718 -560 582
114266: -701 -718 -561 591
114267: -701 -718 -562 600
114268: -701 -718 -563 609
114270: -701 -718 -565 627
114271: -701 -718 -566 636
114272: -701 -718 -567 645
114283: -701 -720 -722 582
114284: -701 -720 -723 591
114285: -701 -720 -724 600
114286: -701 -720 -725 609
114287: -701 -720 -726 618
114288: -701 -720 -727 627
114290: -701 -720 -729 645
114298: -710 -712 -80 637
114301: -710 -713 -155 583
114302: -710 -713 -156 592
114303: -710 -713 -157 601
114304: -710 -713 -158 610
114306: -710 -713 -160 628
114307: -710 -713 -161 637
114308: -710 -713 -162 646
114309: -710 -714 -235 574
114310: -710 -714 -236 583
114311: -710 -714 -237 592
114312: -710 -714 -238 601
114313: -710 -714 -239 610
114314: -710 -714 -240 619
114315: -710 -714 -241 628
114316: -710 -714 -242 637
114317: -710 -714 -243 646
114319: -710 -715 -317 583
114320: -710 -715 -318 592
114321: -710 -715 -319 601
114322: -710 -715 -320 610
114323: -710 -715 -321 619
114324: -710 -715 -322 628
114325: -710 -715 -323 637
114326: -710 -715 -324 646
114328: -710 -716 -398 583
114329: -710 -716 -399 592
114330: -710 -716 -400 601
114331: -710 -716 -401 610
114332: -710 -716 -402 619
114333: -710 -716 -403 628
114334: -710 -716 -404 637
114335: -710 -716 -405 646
114337: -710 -717 -479 583
114338: -710 -717 -480 592
114339: -710 -717 -481 601
114340: -710 -717 -482 610
114341: -710 -717 -483 619
114342: -710 -717 -484 628
114343: -710 -717 -485 637
114344: -710 -717 -486 646
114346: -710 -718 -560 583
114347: -710 -718 -561 592
114348: -710 -718 -562 601
114349: -710 -718 -563 610
114351: -710 -718 -565 628
114352: -710 -718 -566 637
114353: -710 -718 -567 646
114364: -710 -720 -722 583
114365: -710 -720 -723 592
114366: -710 -720 -724 601
114367: -710 -720 -725 610
114368: -710 -720 -726 619
114369: -710 -720 -727 628
114436: -719 -719 -641 584
114437: -719 -719 -642 593
114438: -719 -719 -643 602
114439: -719 -719 -644 611
114440: -719 -719 -645 620
114441: -719 -719 -646 629
114443: -719 -719 -648 647
114460: -728 -712 -80 639
115165: -72 -80 -569 665
115166: -72 -80 -570 674
115167: -72 -80 -571 683
115168: -72 -80 -572 692
115169: -72 -80 -573 701
115170: -72 -80 -574 710
115171: -72 -80 -575 719
115346: -99 -154 -12 668
115366: -99 -156 -176 686
115371: -99 -157 -253 650
115373: -99 -157 -255 668
115374: -99 -157 -256 677
115375: -99 -157 -257 686
115376: -99 -157 -258 695
115377: -99 -157 -259 704
115378: -99 -157 -260 713
115379: -99 -157 -261 722
115403: -99 -160 -501 695
115411: -99 -161 -581 686
115412: -99 -161 -582 695
115414: -99 -161 -584 713
115427: -108 -154 -12 669
115437: -108 -155 -94 678
115438: -108 -155 -95 687
115484: -108 -160 -501 696
115491: -108 -161 -580 678
115493: -108 -161 -582 696
115508: -117 -154 -12 670
115518: -117 -155 -94 679
115519: -117 -155 -95 688
115521: -117 -155 -97 706
115525: -117 -156 -173 661
115526: -117 -156 -174 670
115528: -117 -156 -176 688
115529: -117 -156 -177 697
115530: -117 -156 -178 706
115532: -117 -156 -180 724
115537: -117 -157 -257 688
115538: -117 -157 -258 697
115542: -117 -158 -334 652
115543: -117 -158 -335 661
115544: -117 -158 -336 670
115546: -117 -158 -338 688
115547: -117 -158 -339 697
115548: -117 -158 -340 706
115550: -117 -158 -342 724
115565: -117 -160 -501 697
115570: -117 -161 -578 661
115571: -117 -161 -579 670
115589: -126 -154 -12 671
115599: -126 -155 -94 680
115600: -126 -155 -95 689
115602: -126 -155 -97 707
115605: -126 -156 -172 653
115606: -126 -156 -173 662
115607: -126 -156 -174 671
115609: -126 -156 -176 689
115610: -126 -156 -177 698
115611: -126 -156 -178 707
115613: -126 -156 -180 725
115615: -126 -157 -254 662
115616: -126 -157 -255 671
115619: -126 -157 -258 698
115620: -126 -157 -259 707
115622: -126 -157 -261 725
115627: -126 -158 -338 689
115646: -126 -160 -501 698
115650: -126 -161 -577 653
115656: -126 -161 -583 707
115670: -135 -154 -12 672
115680: -135 -155 -94 681
115681: -135 -155 -95 690
115684: -135 -155 -98 717
115697: -135 -157 -255 672
115698: -135 -157 -256 681
115699: -135 -157 -257 690
115700: -135 -157 -258 699
115701: -135 -157 -259 708
115702: -135 -157 -260 717
115703: -135 -157 -261 726
115704: -135 -158 -334 654
115706: -135 -158 -336 672
115707: -135 -158 -337 681
115708: -135 -158 -338 690
115709: -135 -158 -339 699
115710: -135 -158 -340 708
115711: -135 -158 -341 717
115712: -135 -158 -342 726
115727: -135 -160 -501 699
115738: -135 -161 -584 717
115751: -144 -154 -12 673
115761: -144 -155 -94 682
115762: -144 -155 -95 691
115767: -144 -156 -172 655
115776: -144 -157 -253 655
115777: -144 -157 -254 664
115778: -144 -157 -255 673
115779: -144 -157 -256 682
115780: -144 -157 -257 691
115781: -144 -157 -258 700
115782: -144 -157 -259 709
115784: -144 -157 -261 727
115787: -144 -158 -336 673
115789: -144 -158 -338 691
115790: -144 -158 -339 700
115792: -144 -158 -341 718
115808: -144 -160 -501 700
115812: -144 -161 -577 655
115818: -144 -161 -583 709
115832: -153 -154 -12 674
115841: -153 -155 -93 674
115842: -153 -155 -94 683
115843: -153 -155 -95 692
115845: -153 -155 -97 710
115846: -153 -155 -98 719
115853: -153 -156 -177 701
115856: -153 -156 -180 728
115859: -153 -157 -255 674
115860: -153 -157 -256 683
115862: -153 -157 -258 701
115863: -153 -157 -259 710
115864: -153 -157 -260 719
115873: -153 -158 -341 719
115889: -153 -160 -501 701
115893: -153 -161 -577 656
115907: -153 -162 -663 701
115983: -162 -162 -658 657
115985: -162 -162 -660 675
115986: -162 -162 -661 684
115987: -162 -162 -662 693
115988: -162 -162 -663 702
115989: -162 -162 -664 711
115990: -162 -162 -665 720
115991: -162 -162 -666 729
115995: -171 -235 -22 676
116002: -171 -236 -101 658
116003: -171 -236 -102 667
116004: -171 -236 -103 676
116005: -171 -236 -104 685
116007: -171 -236 -106 703
116008: -171 -236 -107 712
116009: -171 -236 -108 721
116010: -171 -237 -181 649
116011: -171 -237 -182 658
116012: -171 -237 -183 667
116013: -171 -237 -184 676
116014: -171 -237 -185 685
116015: -171 -237 -186 694
116016: -171 -237 -187 703
116017: -171 -237 -188 712
116019: -171 -238 -262 649
116020: -171 -238 -263 658
116021: -171 -238 -264 667
116022: -171 -238 -265 676
116023: -171 -238 -266 685
116024: -171 -238 -267 694
116025: -171 -238 -268 703
116026: -171 -238 -269 712
116027: -171 -238 -270 721
116028: -171 -239 -343 649
116029: -171 -239 -344 658
116030: -171 -239 -345 667
116031: -171 -239 -346 676
116032: -171 -239 -347 685
116033: -171 -239 -348 694
116034: -171 -239 -349 703
116035: -171 -239 -350 712
116036: -171 -239 -351 721
116037: -171 -240 -424 649
116038: -171 -240 -425 658
116039: -171 -240 -426 667
116040: -171 -240 -427 676
116041: -171 -240 -428 685
116042: -171 -240 -429 694
116045: -171 -240 -432 721
116046: -171 -241 -505 649
116047: -171 -241 -506 658
116048: -171 -241 -507 667
116049: -171 -241 -508 676
116050: -171 -241 -509 685
116052: -171 -241 -511 703
116053: -171 -241 -512 712
116054: -171 -241 -513 721
116055: -171 -242 -586 649
116056: -171 -242 -587 658
116057: -171 -242 -588 667
116059: -171 -242 -590 685
116060: -171 -242 -591 694
116061: -171 -242 -592 703
116062: -171 -242 -593 712
116063: -171 -242 -594 721
116076: -180 -235 -22 677
116082: -180 -236 -100 650
116096: -180 -237 -186 695
116122: -180 -240 -428 686
116125: -180 -240 -431 713
116128: -180 -241 -506 659
116157: -189 -235 -22 678
116169: -189 -236 -106 705
116221: -189 -242 -590 687
116224: -189 -242 -593 714
116238: -198 -235 -22 679
116244: -198 -236 -100 652
116245: -198 -236 -101 661
116246: -198 -236 -102 670
116250: -198 -236 -106 706
116252: -198 -236 -108 724
116256: -198 -237 -184 679
116257: -198 -237 -185 688
116258: -198 -237 -186 697
116259: -198 -237 -187 706
116272: -198 -239 -344 661
116273: -198 -239 -345 670
116275: -198 -239 -347 688
116277: -198 -239 -349 706
116279: -198 -239 -351 724
116280: -198 -240 -424 652
116281: -198 -240 -425 661
116282: -198 -240 -426 670
116283: -198 -240 -427 679
116284: -198 -240 -428 688
116285: -198 -240 -429 697
116288: -198 -240 -432 724
116319: -207 -235 -22 680
116325: -207 -236 -100 653
116326: -207 -236 -101 662
116327: -207 -236 -102 671
116328: -207 -236 -103 680
116329: -207 -236 -104 689
116331: -207 -236 -106 707
116332: -207 -236 -107 716
116333: -207 -236 -108 725
116338: -207 -237 -185 689
116339: -207 -237 -186 698
116340: -207 -237 -187 707
116344: -207 -238 -263 662
116345: -207 -238 -264 671
116348: -207 -238 -267 698
116349: -207 -238 -268 707
116361: -207 -240 -424 653
116362: -207 -240 -425 662
116363: -207 -240 -426 671
116364: -207 -240 -427 680
116365: -207 -240 -428 689
116366: -207 -240 -429 698
116369: -207 -240 -432 725
116400: -216 -235 -22 681
116406: -216 -236 -100 654
116407: -216 -236 -101 663
116409: -216 -236 -103 681
116410: -216 -236 -104 690
116412: -216 -236 -106 708
116414: -216 -236 -108 726
116419: -216 -237 -185 690
116421: -216 -237 -187 708
116424: -216 -238 -262 654
116425: -216 -238 -263 663
116426: -216 -238 -264 672
116428: -216 -238 -266 690
116429: -216 -238 -267 699
116430: -216 -238 -268 708
116436: -216 -239 -346 681
116443: -216 -240 -425 663
116446: -216 -240 -428 690
116460: -216 -242 -586 654
116481: -225 -235 -22 682
116487: -225 -236 -100 655
116488: -225 -236 -101 664
116490: -225 -236 -103 682
116491: -225 -236 -104 691
116493: -225 -236 -106 709
116495: -225 -236 -108 727
116496: -225 -237 -181 655
116500: -225 -237 -185 691
116501: -225 -237 -186 700
116502: -225 -237 -187 709
116505: -225 -238 -262 655
116506: -225 -238 -263 664
116507: -225 -238 -264 673
116508: -225 -238 -265 682
116510: -225 -238 -267 700
116511: -225 -238 -268 709
116513: -225 -238 -270 727
116515: -225 -239 -344 664
116516: -225 -239 -345 673
116517: -225 -239 -346 682
116519: -225 -239 -348 700
116520: -225 -239 -349 709
116522: -225 -239 -351 727
116523: -225 -240 -424 655
116524: -225 -240 -425 664
116525: -225 -240 -426 673
116526: -225 -240 -427 682
116527: -225 -240 -428 691
116528: -225 -240 -429 700
116531: -225 -240 -432 727
116541: -225 -242 -586 655
116544: -225 -242 -589 682
116546: -225 -242 -591 700
116548: -225 -242 -593 718
116562: -234 -235 -22 683
116568: -234 -236 -100 656
116574: -234 -236 -106 710
116581: -234 -237 -185 692
116593: -234 -238 -269 719
116596: -234 -239 -344 665
116597: -234 -239 -345 674
116598: -234 -239 -346 683
116599: -234 -239 -347 692
116600: -234 -239 -348 701
116601: -234 -239 -349 710
116602: -234 -239 -350 719
116603: -234 -239 -351 728
116608: -234 -240 -428 692
116609: -234 -240 -429 701
116622: -234 -242 -586 656
116712: -243 -243 -667 657
116713: -243 -243 -668 666
116715: -243 -243 -670 684
116716: -243 -243 -671 693
116717: -243 -243 -672 702
116718: -243 -243 -673 711
116719: -243 -243 -674 720
116720: -243 -243 -675 729
116725: -252 -316 -32 685
116730: -252 -317 -109 649
116739: -252 -318 -190 649
116741: -252 -318 -192 667
116742: -252 -318 -193 676
116743: -252 -318 -194 685
116745: -252 -318 -196 703
116746: -252 -318 -197 712
116747: -252 -318 -198 721
116754: -252 -319 -277 703
116760: -252 -320 -355 676
116766: -252 -321 -433 649
116772: -252 -321 -439 703
116773: -252 -321 -440 712
116775: -252 -322 -514 649
116784: -252 -323 -595 649
116785: -252 -323 -596 658
116786: -252 -323 -597 667
116788: -252 -323 -599 685
116790: -252 -323 -601 703
116791: -252 -323 -602 712
116806: -261 -316 -32 686
116811: -261 -317 -109 650
116820: -261 -318 -190 650
116821: -261 -318 -191 659
116822: -261 -318 -192 668
116824: -261 -318 -194 686
116825: -261 -318 -195 695
116826: -261 -318 -196 704
116827: -261 -318 -197 713
116830: -261 -319 -272 659
116831: -261 -319 -273 668
116834: -261 -319 -276 695
116835: -261 -319 -277 704
116838: -261 -320 -352 650
116839: -261 -320 -353 659
116840: -261 -320 -354 668
116841: -261 -320 -355 677
116842: -261 -320 -356 686
116844: -261 -320 -358 704
116846: -261 -320 -360 722
116847: -261 -321 -433 650
116848: -261 -321 -434 659
116849: -261 -321 -435 668
116850: -261 -321 -436 677
116851: -261 -321 -437 686
116852: -261 -321 -438 695
116853: -261 -321 -439 704
116854: -261 -321 -440 713
116855: -261 -321 -441 722
116866: -261 -323 -596 659
116867: -261 -323 -597 668
116870: -261 -323 -600 695
116871: -261 -323 -601 704
116873: -261 -323 -603 722
116887: -270 -316 -32 687
116892: -270 -317 -109 651
116893: -270 -317 -110 660
116895: -270 -317 -112 678
116896: -270 -317 -113 687
116900: -270 -317 -117 723
116902: -270 -318 -191 660
116903: -270 -318 -192 669
116907: -270 -318 -196 705
116909: -270 -318 -198 723
116911: -270 -319 -272 660
116915: -270 -319 -276 696
116916: -270 -319 -277 705
116919: -270 -320 -352 651
116923: -270 -320 -356 687
116927: -270 -320 -360 723
116947: -270 -323 -596 660
116948: -270 -323 -597 669
116950: -270 -323 -599 687
116968: -279 -316 -32 688
116974: -279 -317 -110 661
116975: -279 -317 -111 670
116976: -279 -317 -112 679
116977: -279 -317 -113 688
116979: -279 -317 -115 706
116980: -279 -317 -116 715
116989: -279 -318 -197 715
116990: -279 -318 -198 724
117008: -279 -320 -360 724
117028: -279 -323 -596 661
117033: -279 -323 -601 706
117049: -288 -316 -32 689
117054: -288 -317 -109 653
117055: -288 -317 -110 662
117056: -288 -317 -111 671
117057: -288 -317 -112 680
117058: -288 -317 -113 689
117060: -288 -317 -115 707
117062: -288 -317 -117 725
117064: -288 -318 -191 662
117065: -288 -318 -192 671
117066: -288 -318 -193 680
117069: -288 -318 -196 707
117071: -288 -318 -198 725
117073: -288 -319 -272 662
117074: -288 -319 -273 671
117077: -288 -319 -276 698
117078: -288 -319 -277 707
117082: -288 -320 -353 662
117083: -288 -320 -354 671
117085: -288 -320 -356 689
117087: -288 -320 -358 707
117089: -288 -320 -360 725
117090: -288 -321 -433 653
117091: -288 -321 -434 662
117092: -288 -321 -435 671
117093: -288 -321 -436 680
117094: -288 -321 -437 689
117095: -288 -321 -438 698
117098: -288 -321 -441 725
117103: -288 -322 -518 689
117108: -288 -323 -595 653
117109: -288 -323 -596 662
117110: -288 -323 -597 671
117113: -288 -323 -600 698
117114: -288 -323 -601 707
117115: -288 -323 -602 716
117116: -288 -323 -603 725
117130: -297 -316 -32 690
117135: -297 -317 -109 654
117136: -297 -317 -110 663
117137: -297 -317 -111 672
117138: -297 -317 -112 681
117139: -297 -317 -113 690
117141: -297 -317 -115 708
117143: -297 -317 -117 726
117144: -297 -318 -190 654
117145: -297 -318 -191 663
117146: -297 -318 -192 672
117147: -297 -318 -193 681
117148: -297 -318 -194 690
117149: -297 -318 -195 699
117150: -297 -318 -196 708
117151: -297 -318 -197 717
117152: -297 -318 -198 726
117154: -297 -319 -272 663
117155: -297 -319 -273 672
117157: -297 -319 -275 690
117158: -297 -319 -276 699
117159: -297 -319 -277 708
117170: -297 -320 -360 726
117176: -297 -321 -438 699
117177: -297 -321 -439 708
117190: -297 -323 -596 663
117197: -297 -323 -603 726
117211: -306 -316 -32 691
117216: -306 -317 -109 655
117217: -306 -317 -110 664
117218: -306 -317 -111 673
117219: -306 -317 -112 682
117220: -306 -317 -113 691
117222: -306 -317 -115 709
117223: -306 -317 -116 718
117224: -306 -317 -117 727
117225: -306 -318 -190 655
117226: -306 -318 -191 664
117227: -306 -318 -192 673
117229: -306 -318 -194 691
117230: -306 -318 -195 700
117231: -306 -318 -196 709
117232: -306 -318 -197 718
117233: -306 -318 -198 727
117235: -306 -319 -272 664
117236: -306 -319 -273 673
117238: -306 -319 -275 691
117239: -306 -319 -276 700
117240: -306 -319 -277 709
117243: -306 -320 -352 655
117244: -306 -320 -353 664
117245: -306 -320 -354 673
117246: -306 -320 -355 682
117247: -306 -320 -356 691
117249: -306 -320 -358 709
117251: -306 -320 -360 727
117252: -306 -321 -433 655
117253: -306 -321 -434 664
117254: -306 -321 -435 673
117255: -306 -321 -436 682
117256: -306 -321 -437 691
117257: -306 -321 -438 700
117260: -306 -321 -441 727
117267: -306 -322 -520 709
117270: -306 -323 -595 655
117272: -306 -323 -597 673
117276: -306 -323 -601 709
117292: -315 -316 -32 692
117306: -315 -318 -190 656
117307: -315 -318 -191 665
117308: -315 -318 -192 674
117310: -315 -318 -194 692
117311: -315 -318 -195 701
117312: -315 -318 -196 710
117313: -315 -318 -197 719
117314: -315 -318 -198 728
117321: -315 -319 -277 710
117325: -315 -320 -353 665
117330: -315 -320 -358 710
117331: -315 -320 -359 719
117332: -315 -320 -360 728
117351: -315 -323 -595 656
117432: -324 -323 -595 657
117441: -324 -324 -676 657
117442: -324 -324 -677 666
117443: -324 -324 -678 675
117444: -324 -324 -679 684
117445: -324 -324 -680 693
117446: -324 -324 -681 702
117447: -324 -324 -682 711
117448: -324 -324 -683 720
117449: -324 -324 -684 729
117455: -333 -397 -42 694
117459: -333 -398 -118 649
117460: -333 -398 -119 658
117461: -333 -398 -120 667
117462: -333 -398 -121 676
117463: -333 -398 -122 685
117465: -333 -398 -124 703
117466: -333 -398 -125 712
117467: -333 -398 -126 721
117468: -333 -399 -199 649
117476: -333 -399 -207 721
117486: -333 -401 -361 649
117488: -333 -401 -363 667
117492: -333 -401 -367 703
117493: -333 -401 -368 712
117495: -333 -402 -442 649
117504: -333 -403 -523 649
117513: -333 -404 -604 649
117514: -333 -404 -605 658
117515: -333 -404 -606 667
117518: -333 -404 -609 694
117520: -333 -404 -611 712
117536: -342 -397 -42 695
117540: -342 -398 -118 650
117549: -342 -399 -199 650
117550: -342 -399 -200 659
117551: -342 -399 -201 668
117552: -342 -399 -202 677
117553: -342 -399 -203 686
117554: -342 -399 -204 695
117555: -342 -399 -205 704
117556: -342 -399 -206 713
117557: -342 -399 -207 722
117558: -342 -400 -280 650
117559: -342 -400 -281 659
117561: -342 -400 -283 677
117562: -342 -400 -284 686
117563: -342 -400 -285 695
117564: -342 -400 -286 704
117566: -342 -400 -288 722
117568: -342 -401 -362 659
117569: -342 -401 -363 668
117572: -342 -401 -366 695
117573: -342 -401 -367 704
117574: -342 -401 -368 713
117576: -342 -402 -442 650
117577: -342 -402 -443 659
117578: -342 -402 -444 668
117579: -342 -402 -445 677
117580: -342 -402 -446 686
117581: -342 -402 -447 695
117582: -342 -402 -448 704
117584: -342 -402 -450 722
117585: -342 -403 -523 650
117601: -342 -404 -611 713
117617: -351 -397 -42 696
117621: -351 -398 -118 651
117622: -351 -398 -119 660
117623: -351 -398 -120 669
117624: -351 -398 -121 678
117625: -351 -398 -122 687
117627: -351 -398 -124 705
117629: -351 -398 -126 723
117639: -351 -400 -280 651
117640: -351 -400 -281 660
117642: -351 -400 -283 678
117643: -351 -400 -284 687
117644: -351 -400 -285 696
117645: -351 -400 -286 705
117646: -351 -400 -287 714
117647: -351 -400 -288 723
117649: -351 -401 -362 660
117653: -351 -401 -366 696
117654: -351 -401 -367 705
117657: -351 -402 -442 651
117658: -351 -402 -443 660
117659: -351 -402 -444 669
117660: -351 -402 -445 678
117661: -351 -402 -446 687
117662: -351 -402 -447 696
117665: -351 -402 -450 723
117666: -351 -403 -523 651
117668: -351 -403 -525 669
117674: -351 -403 -531 723
117675: -351 -404 -604 651
117682: -351 -404 -611 714
117698: -360 -397 -42 697
117711: -360 -399 -199 652
117712: -360 -399 -200 661
117713: -360 -399 -201 670
117714: -360 -399 -202 679
117715: -360 -399 -203 688
117716: -360 -399 -204 697
117717: -360 -399 -205 706
117719: -360 -399 -207 724
117721: -360 -400 -281 661
117722: -360 -400 -282 670
117723: -360 -400 -283 679
117725: -360 -400 -285 697
117726: -360 -400 -286 706
117728: -360 -400 -288 724
117730: -360 -401 -362 661
117731: -360 -401 -363 670
117735: -360 -401 -367 706
117740: -360 -402 -444 670
117741: -360 -402 -445 679
117746: -360 -402 -450 724
117747: -360 -403 -523 652
117750: -360 -403 -526 679
117779: -369 -397 -42 698
117783: -369 -398 -118 653
117785: -369 -398 -120 671
117786: -369 -398 -121 680
117792: -369 -399 -199 653
117801: -369 -400 -280 653
117805: -369 -400 -284 689
117819: -369 -402 -442 653
117828: -369 -403 -523 653
117845: -369 -404 -612 725
117860: -378 -397 -42 699
117864: -378 -398 -118 654
117865: -378 -398 -119 663
117866: -378 -398 -120 672
117868: -378 -398 -122 690
117870: -378 -398 -124 708
117871: -378 -398 -125 717
117872: -378 -398 -126 726
117873: -378 -399 -199 654
117874: -378 -399 -200 663
117875: -378 -399 -201 672
117876: -378 -399 -202 681
117877: -378 -399 -203 690
117878: -378 -399 -204 699
117879: -378 -399 -205 708
117881: -378 -399 -207 726
117883: -378 -400 -281 663
117884: -378 -400 -282 672
117885: -378 -400 -283 681
117886: -378 -400 -284 690
117887: -378 -400 -285 699
117888: -378 -400 -286 708
117890: -378 -400 -288 726
117892: -378 -401 -362 663
117893: -378 -401 -363 672
117894: -378 -401 -364 681
117896: -378 -401 -366 699
117897: -378 -401 -367 708
117898: -378 -401 -368 717
117902: -378 -402 -444 672
117909: -378 -403 -523 654
117923: -378 -404 -609 699
117941: -387 -397 -42 700
117945: -387 -398 -118 655
117946: -387 -398 -119 664
117947: -387 -398 -120 673
117948: -387 -398 -121 682
117949: -387 -398 -122 691
117951: -387 -398 -124 709
117953: -387 -398 -126 727
117954: -387 -399 -199 655
117955: -387 -399 -200 664
117956: -387 -399 -201 673
117957: -387 -399 -202 682
117958: -387 -399 -203 691
117959: -387 -399 -204 700
117960: -387 -399 -205 709
117962: -387 -399 -207 727
117963: -387 -400 -280 655
117964: -387 -400 -281 664
117966: -387 -400 -283 682
117968: -387 -400 -285 700
117969: -387 -400 -286 709
117971: -387 -400 -288 727
117972: -387 -401 -361 655
117973: -387 -401 -362 664
117974: -387 -401 -363 673
117976: -387 -401 -365 691
117977: -387 -401 -366 700
117978: -387 -401 -367 709
117979: -387 -401 -368 718
117982: -387 -402 -443 664
117983: -387 -402 -444 673
117984: -387 -402 -445 682
117985: -387 -402 -446 691
117986: -387 -402 -447 700
117987: -387 -402 -448 709
117989: -387 -402 -450 727
117990: -387 -403 -523 655
118022: -396 -397 -42 701
118026: -396 -398 -118 656
118027: -396 -398 -119 665
118029: -396 -398 -121 683
118030: -396 -398 -122 692
118032: -396 -398 -124 710
118034: -396 -398 -126 728
118035: -396 -399 -199 656
118044: -396 -400 -280 656
118045: -396 -400 -281 665
118046: -396 -400 -282 674
118047: -396 -400 -283 683
118049: -396 -400 -285 701
118050: -396 -400 -286 710
118051: -396 -400 -287 719
118052: -396 -400 -288 728
118054: -396 -401 -362 665
118055: -396 -401 -363 674
118059: -396 -401 -367 710
118077: -396 -403 -529 710
118170: -405 -405 -685 657
118171: -405 -405 -686 666
118172: -405 -405 -687 675
118173: -405 -405 -688 684
118174: -405 -405 -689 693
118175: -405 -405 -690 702
118176: -405 -405 -691 711
118177: -405 -405 -692 720
118178: -405 -405 -693 729
118185: -414 -478 -52 703
118188: -414 -479 -127 649
118189: -414 -479 -128 658
118191: -414 -479 -130 676
118192: -414 -479 -131 685
118194: -414 -479 -133 703
118195: -414 -479 -134 712
118196: -414 -479 -135 721
118197: -414 -480 -208 649
118206: -414 -481 -289 649
118207: -414 -481 -290 658
118208: -414 -481 -291 667
118209: -414 -481 -292 676
118212: -414 -481 -295 703
118213: -414 -481 -296 712
118214: -414 -481 -297 721
118216: -414 -482 -371 658
118217: -414 -482 -372 667
118219: -414 -482 -374 685
118222: -414 -482 -377 712
118225: -414 -483 -452 658
118226: -414 -483 -453 667
118227: -414 -483 -454 676
118242: -414 -485 -613 649
118243: -414 -485 -614 658
118248: -414 -485 -619 703
118249: -414 -485 -620 712
118250: -414 -485 -621 721
118266: -423 -478 -52 704
118270: -423 -479 -128 659
118271: -423 -479 -129 668
118272: -423 -479 -130 677
118273: -423 -479 -131 686
118275: -423 -479 -133 704
118276: -423 -479 -134 713
118277: -423 -479 -135 722
118278: -423 -480 -208 650
118280: -423 -480 -210 668
118281: -423 -480 -211 677
118285: -423 -480 -215 713
118287: -423 -481 -289 650
118296: -423 -482 -370 650
118297: -423 -482 -371 659
118298: -423 -482 -372 668
118299: -423 -482 -373 677
118300: -423 -482 -374 686
118301: -423 -482 -375 695
118302: -423 -482 -376 704
118303: -423 -482 -377 713
118304: -423 -482 -378 722
118307: -423 -483 -453 668
118308: -423 -483 -454 677
118312: -423 -483 -458 713
118314: -423 -484 -532 650
118315: -423 -484 -533 659
118317: -423 -484 -535 677
118320: -423 -484 -538 704
118321: -423 -484 -539 713
118322: -423 -484 -540 722
118323: -423 -485 -613 650
118325: -423 -485 -615 668
118327: -423 -485 -617 686
118329: -423 -485 -619 704
118330: -423 -485 -620 713
118347: -432 -478 -52 705
118351: -432 -479 -128 660
118353: -432 -479 -130 678
118354: -432 -479 -131 687
118357: -432 -479 -134 714
118368: -432 -481 -289 651
118369: -432 -481 -290 660
118370: -432 -481 -291 669
118371: -432 -481 -292 678
118372: -432 -481 -293 687
118373: -432 -481 -294 696
118374: -432 -481 -295 705
118376: -432 -481 -297 723
118377: -432 -482 -370 651
118378: -432 -482 -371 660
118379: -432 -482 -372 669
118380: -432 -482 -373 678
118381: -432 -482 -374 687
118382: -432 -482 -375 696
118383: -432 -482 -376 705
118385: -432 -482 -378 723
118387: -432 -483 -452 660
118388: -432 -483 -453 669
118389: -432 -483 -454 678
118402: -432 -484 -539 714
118405: -432 -485 -614 660
118410: -432 -485 -619 705
118411: -432 -485 -620 714
118428: -441 -478 -52 706
118431: -441 -479 -127 652
118432: -441 -479 -128 661
118433: -441 -479 -129 670
118434: -441 -479 -130 679
118435: -441 -479 -131 688
118438: -441 -479 -134 715
118439: -441 -479 -135 724
118440: -441 -480 -208 652
118441: -441 -480 -209 661
118442: -441 -480 -210 670
118443: -441 -480 -211 679
118444: -441 -480 -212 688
118445: -441 -480 -213 697
118446: -441 -480 -214 706
118448: -441 -480 -216 724
118458: -441 -482 -370 652
118459: -441 -482 -371 661
118460: -441 -482 -372 670
118462: -441 -482 -374 688
118463: -441 -482 -375 697
118464: -441 -482 -376 706
118466: -441 -482 -378 724
118468: -441 -483 -452 661
118469: -441 -483 -453 670
118486: -441 -485 -614 661
118487: -441 -485 -615 670
118490: -441 -485 -618 697
118509: -450 -478 -52 707
118519: -450 -479 -134 716
118520: -450 -479 -135 725
118521: -450 -480 -208 653
118540: -450 -482 -371 662
118541: -450 -482 -372 671
118543: -450 -482 -374 689
118545: -450 -482 -376 707
118549: -450 -483 -452 662
118550: -450 -483 -453 671
118551: -450 -483 -454 680
118554: -450 -483 -457 707
118558: -450 -484 -533 662
118567: -450 -485 -614 662
118568: -450 -485 -615 671
118569: -450 -485 -616 680
118572: -450 -485 -619 707
118590: -459 -478 -52 708
118593: -459 -479 -127 654
118594: -459 -479 -128 663
118595: -459 -479 -129 672
118596: -459 -479 -130 681
118597: -459 -479 -131 690
118600: -459 -479 -134 717
118602: -459 -480 -208 654
118603: -459 -480 -209 663
118604: -459 -480 -210 672
118606: -459 -480 -212 690
118608: -459 -480 -214 708
118609: -459 -480 -215 717
118610: -459 -480 -216 726
118612: -459 -481 -290 663
118613: -459 -481 -291 672
118614: -459 -481 -292 681
118615: -459 -481 -293 690
118616: -459 -481 -294 699
118617: -459 -481 -295 708
118618: -459 -481 -296 717
118619: -459 -481 -297 726
118621: -459 -482 -371 663
118622: -459 -482 -372 672
118624: -459 -482 -374 690
118626: -459 -482 -376 708
118627: -459 -482 -377 717
118628: -459 -482 -378 726
118645: -459 -484 -539 717
118649: -459 -485 -615 672
118654: -459 -485 -620 717
118671: -468 -478 -52 709
118674: -468 -479 -127 655
118675: -468 -479 -128 664
118676: -468 -479 -129 673
118677: -468 -479 -130 682
118678: -468 -479 -131 691
118680: -468 -479 -133 709
118682: -468 -479 -135 727
118683: -468 -480 -208 655
118684: -468 -480 -209 664
118685: -468 -480 -210 673
118686: -468 -480 -211 682
118687: -468 -480 -212 691
118688: -468 -480 -213 700
118689: -468 -480 -214 709
118691: -468 -480 -216 727
118692: -468 -481 -289 655
118693: -468 -481 -290 664
118694: -468 -481 -291 673
118697: -468 -481 -294 700
118698: -468 -481 -295 709
118699: -468 -481 -296 718
118700: -468 -481 -297 727
118711: -468 -483 -452 664
118712: -468 -483 -453 673
118713: -468 -483 -454 682
118729: -468 -485 -614 664
118730: -468 -485 -615 673
118731: -468 -485 -616 682
118732: -468 -485 -617 691
118734: -468 -485 -619 709
118735: -468 -485 -620 718
118736: -468 -485 -621 727
118752: -477 -478 -52 710
118755: -477 -479 -127 656
118756: -477 -479 -128 665
118757: -477 -479 -129 674
118758: -477 -479 -130 683
118759: -477 -479 -131 692
118761: -477 -479 -133 710
118762: -477 -479 -134 719
118763: -477 -479 -135 728
118783: -477 -482 -371 665
118784: -477 -482 -372 674
118786: -477 -482 -374 692
118787: -477 -482 -375 701
118789: -477 -482 -377 719
118790: -477 -482 -378 728
118792: -477 -483 -452 665
118793: -477 -483 -453 674
118794: -477 -483 -454 683
118797: -477 -483 -457 710
118809: -477 -485 -613 656
118813: -477 -485 -617 692
118816: -477 -485 -620 719
118899: -486 -486 -694 657
118900: -486 -486 -695 666
118901: -486 -486 -696 675
118902: -486 -486 -697 684
118903: -486 -486 -698 693
118905: -486 -486 -700 711
118906: -486 -486 -701 720
118907: -486 -486 -702 729
118908: -495 -559 -55 649
118917: -495 -560 -136 649
118918: -495 -560 -137 658
118920: -495 -560 -139 676
118921: -495 -560 -140 685
118923: -495 -560 -142 703
118924: -495 -560 -143 712
118925: -495 -560 -144 721
118926: -495 -561 -217 649
118927: -495 -561 -218 658
118928: -495 -561 -219 667
118930: -495 -561 -221 685
118931: -495 -561 -222 694
118932: -495 -561 -223 703
118934: -495 -561 -225 721
118935: -495 -562 -298 649
118936: -495 -562 -299 658
118937: -495 -562 -300 667
118938: -495 -562 -301 676
118939: -495 -562 -302 685
118940: -495 -562 -303 694
118941: -495 -562 -304 703
118942: -495 -562 -305 712
118943: -495 -562 -306 721
118944: -495 -563 -379 649
118945: -495 -563 -380 658
118946: -495 -563 -381 667
118947: -495 -563 -382 676
118948: -495 -563 -383 685
118950: -495 -563 -385 703
118951: -495 -563 -386 712
118952: -495 -563 -387 721
118964: -495 -565 -543 667
118966: -495 -565 -545 685
118971: -495 -566 -622 649
118978: -495 -566 -629 712
119070: -513 -559 -55 651
119079: -513 -560 -136 651
119080: -513 -560 -137 660
119081: -513 -560 -138 669
119082: -513 -560 -139 678
119083: -513 -560 -140 687
119085: -513 -560 -142 705
119087: -513 -560 -144 723
119088: -513 -561 -217 651
119098: -513 -562 -299 660
119099: -513 -562 -300 669
119100: -513 -562 -301 678
119101: -513 -562 -302 687
119102: -513 -562 -303 696
119103: -513 -562 -304 705
119104: -513 -562 -305 714
119105: -513 -562 -306 723
119106: -513 -563 -379 651
119109: -513 -563 -382 678
119133: -513 -566 -622 651
119151: -522 -559 -55 652
119160: -522 -560 -136 652
119161: -522 -560 -137 661
119162: -522 -560 -138 670
119163: -522 -560 -139 679
119164: -522 -560 -140 688
119166: -522 -560 -142 706
119168: -522 -560 -144 724
119169: -522 -561 -217 652
119170: -522 -561 -218 661
119172: -522 -561 -220 679
119187: -522 -563 -379 652
119190: -522 -563 -382 679
119214: -522 -566 -622 652
119232: -531 -559 -55 653
119241: -531 -560 -136 653
119242: -531 -560 -137 662
119243: -531 -560 -138 671
119244: -531 -560 -139 680
119245: -531 -560 -140 689
119247: -531 -560 -142 707
119249: -531 -560 -144 725
119250: -531 -561 -217 653
119251: -531 -561 -218 662
119252: -531 -561 -219 671
119254: -531 -561 -221 689
119256: -531 -561 -223 707
119258: -531 -561 -225 725
119259: -531 -562 -298 653
119260: -531 -562 -299 662
119261: -531 -562 -300 671
119262: -531 -562 -301 680
119264: -531 -562 -303 698
119265: -531 -562 -304 707
119267: -531 -562 -306 725
119290: -531 -565 -545 689
119303: -531 -566 -630 725
119313: -540 -559 -55 654
119322: -540 -560 -136 654
119323: -540 -560 -137 663
119325: -540 -560 -139 681
119326: -540 -560 -140 690
119330: -540 -560 -144 726
119331: -540 -561 -217 654
119332: -540 -561 -218 663
119333: -540 -561 -219 672
119334: -540 -561 -220 681
119336: -540 -561 -222 699
119337: -540 -561 -223 708
119339: -540 -561 -225 726
119394: -549 -559 -55 655
119403: -549 -560 -136 655
119404: -549 -560 -137 664
119407: -549 -560 -140 691
119411: -549 -560 -144 727
119412: -549 -561 -217 655
119414: -549 -561 -219 673
119475: -558 -559 -55 656
119484: -558 -560 -136 656
119485: -558 -560 -137 665
119487: -558 -560 -139 683
119488: -558 -560 -140 692
119490: -558 -560 -142 710
119492: -558 -560 -144 728
119493: -558 -561 -217 656
119494: -558 -561 -218 665
119503: -558 -562 -299 665
119510: -558 -562 -306 728
119511: -558 -563 -379 656
119512: -558 -563 -380 665
119513: -558 -563 -381 674
119514: -558 -563 -382 683
119517: -558 -563 -385 710
119519: -558 -563 -387 728
119538: -558 -566 -622 656
119539: -558 -566 -623 665
119628: -567 -567 -703 657
119629: -567 -567 -704 666
119630: -567 -567 -705 675
119631: -567 -567 -706 684
119632: -567 -567 -707 693
119633: -567 -567 -708 702
119635: -567 -567 -710 720
119636: -567 -567 -711 729
119726: -585 -640 -72 722
119728: -585 -641 -146 659
119729: -585 -641 -147 668
119730: -585 -641 -148 677
119731: -585 -641 -149 686
119733: -585 -641 -151 704
119735: -585 -641 -153 722
119737: -585 -642 -227 659
119738: -585 -642 -228 668
119739: -585 -642 -229 677
119740: -585 -642 -230 686
119741: -585 -642 -231 695
119742: -585 -642 -232 704
119743: -585 -642 -233 713
119744: -585 -642 -234 722
119746: -585 -643 -308 659
119747: -585 -643 -309 668
119748: -585 -643 -310 677
119749: -585 -643 -311 686
119750: -585 -643 -312 695
119751: -585 -643 -313 704
119752: -585 -643 -314 713
119753: -585 -643 -315 722
119755: -585 -644 -389 659
119756: -585 -644 -390 668
119757: -585 -644 -391 677
119758: -585 -644 -392 686
119759: -585 -644 -393 695
119760: -585 -644 -394 704
119761: -585 -644 -395 713
119762: -585 -644 -396 722
119763: -585 -645 -469 650
119764: -585 -645 -470 659
119765: -585 -645 -471 668
119766: -585 -645 -472 677
119767: -585 -645 -473 686
119768: -585 -645 -474 695
119769: -585 -645 -475 704
119770: -585 -645 -476 713
119771: -585 -645 -477 722
119773: -585 -646 -551 659
119774: -585 -646 -552 668
119775: -585 -646 -553 677
119776: -585 -646 -554 686
119778: -585 -646 -556 704
119779: -585 -646 -557 713
119780: -585 -646 -558 722
119782: -585 -647 -632 659
119783: -585 -647 -633 668
119784: -585 -647 -634 677
119785: -585 -647 -635 686
119786: -585 -647 -636 695
119787: -585 -647 -637 704
119807: -594 -640 -72 723
119809: -594 -641 -146 660
119810: -594 -641 -147 669
119811: -594 -641 -148 678
119812: -594 -641 -149 687
119814: -594 -641 -151 705
119815: -594 -641 -152 714
119816: -594 -641 -153 723
119818: -594 -642 -227 660
119819: -594 -642 -228 669
119820: -594 -642 -229 678
119821: -594 -642 -230 687
119822: -594 -642 -231 696
119823: -594 -642 -232 705
119825: -594 -642 -234 723
119827: -594 -643 -308 660
119828: -594 -643 -309 669
119829: -594 -643 -310 678
119830: -594 -643 -311 687
119831: -594 -643 -312 696
119832: -594 -643 -313 705
119833: -594 -643 -314 714
119834: -594 -643 -315 723
119836: -594 -644 -389 660
119837: -594 -644 -390 669
119838: -594 -644 -391 678
119839: -594 -644 -392 687
119840: -594 -644 -393 696
119841: -594 -644 -394 705
119842: -594 -644 -395 714
119843: -594 -644 -396 723
119845: -594 -645 -470 660
119846: -594 -645 -471 669
119847: -594 -645 -472 678
119848: -594 -645 -473 687
119849: -594 -645 -474 696
119850: -594 -645 -475 705
119851: -594 -645 -476 714
119852: -594 -645 -477 723
119854: -594 -646 -551 660
119855: -594 -646 -552 669
119856: -594 -646 -553 678
119857: -594 -646 -554 687
119859: -594 -646 -556 705
119860: -594 -646 -557 714
119861: -594 -646 -558 723
119863: -594 -647 -632 660
119865: -594 -647 -634 678
119866: -594 -647 -635 687
119867: -594 -647 -636 696
119868: -594 -647 -637 705
119888: -603 -640 -72 724
119890: -603 -641 -146 661
119891: -603 -641 -147 670
119892: -603 -641 -148 679
119893: -603 -641 -149 688
119895: -603 -641 -151 706
119896: -603 -641 -152 715
119897: -603 -641 -153 724
119899: -603 -642 -227 661
119900: -603 -642 -228 670
119901: -603 -642 -229 679
119902: -603 -642 -230 688
119903: -603 -642 -231 697
119904: -603 -642 -232 706
119905: -603 -642 -233 715
119906: -603 -642 -234 724
119908: -603 -643 -308 661
119909: -603 -643 -309 670
119910: -603 -643 -310 679
119911: -603 -643 -311 688
119912: -603 -643 -312 697
119913: -603 -643 -313 706
119915: -603 -643 -315 724
119917: -603 -644 -389 661
119918: -603 -644 -390 670
119919: -603 -644 -391 679
119920: -603 -644 -392 688
119921: -603 -644 -393 697
119922: -603 -644 -394 706
119923: -603 -644 -395 715
119924: -603 -644 -396 724
119926: -603 -645 -470 661
119927: -603 -645 -471 670
119928: -603 -645 -472 679
119929: -603 -645 -473 688
119930: -603 -645 -474 697
119931: -603 -645 -475 706
119932: -603 -645 -476 715
119933: -603 -645 -477 724
119935: -603 -646 -551 661
119936: -603 -646 -552 670
119937: -603 -646 -553 679
119938: -603 -646 -554 688
119940: -603 -646 -556 706
119941: -603 -646 -557 715
119942: -603 -646 -558 724
119944: -603 -647 -632 661
119945: -603 -647 -633 670
119946: -603 -647 -634 679
119947: -603 -647 -635 688
119948: -603 -647 -636 697
119949: -603 -647 -637 706
119969: -612 -640 -72 725
119971: -612 -641 -146 662
119972: -612 -641 -147 671
119973: -612 -641 -148 680
119974: -612 -641 -149 689
119976: -612 -641 -151 707
119977: -612 -641 -152 716
119978: -612 -641 -153 725
119980: -612 -642 -227 662
119981: -612 -642 -228 671
119982: -612 -642 -229 680
119983: -612 -642 -230 689
119984: -612 -642 -231 698
119985: -612 -642 -232 707
119986: -612 -642 -233 716
119987: -612 -642 -234 725
119989: -612 -643 -308 662
119990: -612 -643 -309 671
119991: -612 -643 -310 680
119992: -612 -643 -311 689
119993: -612 -643 -312 698
119994: -612 -643 -313 707
119995: -612 -643 -314 716
119996: -612 -643 -315 725
119998: -612 -644 -389 662
119999: -612 -644 -390 671
120000: -612 -644 -391 680
120001: -612 -644 -392 689
120002: -612 -644 -393 698
120003: -612 -644 -394 707
120005: -612 -644 -396 725
120007: -612 -645 -470 662
120008: -612 -645 -471 671
120009: -612 -645 -472 680
120010: -612 -645 -473 689
120011: -612 -645 -474 698
120012: -612 -645 -475 707
120013: -612 -645 -476 716
120014: -612 -645 -477 725
120016: -612 -646 -551 662
120017: -612 -646 -552 671
120018: -612 -646 -553 680
120019: -612 -646 -554 689
120021: -612 -646 -556 707
120022: -612 -646 -557 716
120023: -612 -646 -558 725
120025: -612 -647 -632 662
120026: -612 -647 -633 671
120027: -612 -647 -634 680
120029: -612 -647 -636 698
120030: -612 -647 -637 707
120050: -621 -640 -72 726
120052: -621 -641 -146 663
120053: -621 -641 -147 672
120054: -621 -641 -148 681
120055: -621 -641 -149 690
120057: -621 -641 -151 708
120058: -621 -641 -152 717
120059: -621 -641 -153 726
120061: -621 -642 -227 663
120062: -621 -642 -228 672
120063: -621 -642 -229 681
120064: -621 -642 -230 690
120065: -621 -642 -231 699
120066: -621 -642 -232 708
120067: -621 -642 -233 717
120068: -621 -642 -234 726
120070: -621 -643 -308 663
120071: -621 -643 -309 672
120072: -621 -643 -310 681
120073: -621 -643 -311 690
120074: -621 -643 -312 699
120075: -621 -643 -313 708
120076: -621 -643 -314 717
120077: -621 -643 -315 726
120079: -621 -644 -389 663
120080: -621 -644 -390 672
120081: -621 -644 -391 681
120082: -621 -644 -392 690
120083: -621 -644 -393 699
120084: -621 -644 -394 708
120085: -621 -644 -395 717
120086: -621 -644 -396 726
120088: -621 -645 -470 663
120089: -621 -645 -471 672
120090: -621 -645 -472 681
120091: -621 -645 -473 690
120092: -621 -645 -474 699
120093: -621 -645 -475 708
120095: -621 -645 -477 726
120097: -621 -646 -551 663
120098: -621 -646 -552 672
120099: -621 -646 -553 681
120100: -621 -646 -554 690
120102: -621 -646 -556 708
120103: -621 -646 -557 717
120104: -621 -646 -558 726
120106: -621 -647 -632 663
120107: -621 -647 -633 672
120108: -621 -647 -634 681
120109: -621 -647 -635 690
120110: -621 -647 -636 699
120111: -621 -647 -637 708
120131: -630 -640 -72 727
120133: -630 -641 -146 664
120134: -630 -641 -147 673
120135: -630 -641 -148 682
120136: -630 -641 -149 691
120138: -630 -641 -151 709
120139: -630 -641 -152 718
120140: -630 -641 -153 727
120142: -630 -642 -227 664
120143: -630 -642 -228 673
120144: -630 -642 -229 682
120145: -630 -642 -230 691
120146: -630 -642 -231 700
120147: -630 -642 -232 709
120148: -630 -642 -233 718
120149: -630 -642 -234 727
120151: -630 -643 -308 664
120152: -630 -643 -309 673
120153: -630 -643 -310 682
120154: -630 -643 -311 691
120155: -630 -643 -312 700
120156: -630 -643 -313 709
120157: -630 -643 -314 718
120158: -630 -643 -315 727
120160: -630 -644 -389 664
120161: -630 -644 -390 673
120162: -630 -644 -391 682
120163: -630 -644 -392 691
120164: -630 -644 -393 700
120165: -630 -644 -394 709
120166: -630 -644 -395 718
120167: -630 -644 -396 727
120169: -630 -645 -470 664
120170: -630 -645 -471 673
120171: -630 -645 -472 682
120172: -630 -645 -473 691
120173: -630 -645 -474 700
120174: -630 -645 -475 709
120175: -630 -645 -476 718
120176: -630 -645 -477 727
120178: -630 -646 -551 664
120179: -630 -646 -552 673
120180: -630 -646 -553 682
120181: -630 -646 -554 691
120183: -630 -646 -556 709
120185: -630 -646 -558 727
120187: -630 -647 -632 664
120188: -630 -647 -633 673
120189: -630 -647 -634 682
120190: -630 -647 -635 691
120191: -630 -647 -636 700
120213: -639 -641 -145 656
120231: -639 -643 -307 656
120243: -639 -644 -391 683
120258: -639 -646 -550 656
120358: -648 -648 -713 666
120359: -648 -648 -714 675
120360: -648 -648 -715 684
120361: -648 -648 -716 693
120362: -648 -648 -717 702
120363: -648 -648 -718 711
120454: -666 -721 -80 713
120465: -666 -723 -235 650
120466: -666 -723 -236 659
120468: -666 -723 -238 677
120469: -666 -723 -239 686
120470: -666 -723 -240 695
120471: -666 -723 -241 704
120472: -666 -723 -242 713
120479: -666 -724 -321 695
120485: -666 -725 -399 668
120488: -666 -725 -402 695
120489: -666 -725 -403 704
120492: -666 -726 -478 650
120495: -666 -726 -481 677
120499: -666 -726 -485 713
120509: -666 -727 -567 722
120535: -675 -721 -80 714
120541: -675 -722 -158 687
120543: -675 -722 -160 705
120544: -675 -722 -161 714
120569: -675 -725 -402 696
120573: -675 -726 -478 651
120574: -675 -726 -479 660
120576: -675 -726 -481 678
120577: -675 -726 -482 687
120578: -675 -726 -483 696
120579: -675 -726 -484 705
120583: -675 -727 -560 660
120586: -675 -727 -563 687
120608: -675 -729 -729 723
120616: -684 -721 -80 715
120620: -684 -722 -156 670
120622: -684 -722 -158 688
120628: -684 -723 -236 661
120631: -684 -723 -239 688
120632: -684 -723 -240 697
120633: -684 -723 -241 706
120634: -684 -723 -242 715
120645: -684 -725 -397 652
120654: -684 -726 -478 652
120657: -684 -726 -481 679
120667: -684 -727 -563 688
120697: -693 -721 -80 716
120699: -693 -722 -154 653
120709: -693 -723 -236 662
120711: -693 -723 -238 680
120713: -693 -723 -240 698
120722: -693 -724 -321 698
120724: -693 -724 -323 716
120735: -693 -726 -478 653
120736: -693 -726 -479 662
120737: -693 -726 -480 671
120738: -693 -726 -481 680
120739: -693 -726 -482 689
120740: -693 -726 -483 698
120741: -693 -726 -484 707
120744: -693 -727 -559 653
120745: -693 -727 -560 662
120746: -693 -727 -561 671
120747: -693 -727 -562 680
120751: -693 -727 -566 716
120778: -702 -721 -80 717
120782: -702 -722 -156 672
120783: -702 -722 -157 681
120784: -702 -722 -158 690
120787: -702 -722 -161 717
120790: -702 -723 -236 663
120792: -702 -723 -238 681
120793: -702 -723 -239 690
120794: -702 -723 -240 699
120795: -702 -723 -241 708
120796: -702 -723 -242 717
120803: -702 -724 -321 699
120808: -702 -725 -398 663
120809: -702 -725 -399 672
120810: -702 -725 -400 681
120811: -702 -725 -401 690
120812: -702 -725 -402 699
120813: -702 -725 -403 708
120814: -702 -725 -404 717
120815: -702 -725 -405 726
120826: -702 -727 -560 663
120827: -702 -727 -561 672
120828: -702 -727 -562 681
120829: -702 -727 -563 690
120831: -702 -727 -565 708
120851: -702 -729 -729 726
120859: -711 -721 -80 718
120861: -711 -722 -154 655
120863: -711 -722 -156 673
120864: -711 -722 -157 682
120865: -711 -722 -158 691
120867: -711 -722 -160 709
120868: -711 -722 -161 718
120870: -711 -723 -235 655
120875: -711 -723 -240 700
120877: -711 -723 -242 718
120880: -711 -724 -317 664
120881: -711 -724 -318 673
120884: -711 -724 -321 700
120890: -711 -725 -399 673
120891: -711 -725 -400 682
120893: -711 -725 -402 700
120895: -711 -725 -404 718
120900: -711 -726 -481 682
120901: -711 -726 -482 691
120932: -711 -729 -729 727
120940: -720 -721 -80 719
120951: -720 -723 -235 656
120952: -720 -723 -236 665
120955: -720 -723 -239 692
120956: -720 -723 -240 701
120957: -720 -723 -241 710
120958: -720 -723 -242 719
120965: -720 -724 -321 701
120978: -720 -726 -478 656
121013: -720 -729 -729 728
121021: -729 -721 -80 720
121059: -729 -726 -478 657
121088: -729 -729 -723 675
121128: -55 -64
121132: -2 -11
121133: -2 -20
121134: -2 -29
121135: -2 -38
121136: -2 -47
121137: -2 -56
121138: -2 -65
121139: -2 -74
121177: -12 -21
121178: -12 -30
121179: -12 -39
121180: -12 -48
121181: -12 -57
121182: -12 -66
121183: -12 -75
121221: -22 -31
121222: -22 -40
121223: -22 -49
121224: -22 -58
121225: -22 -67
121226: -22 -76
121264: -32 -41
121265: -32 -50
121266: -32 -59
121267: -32 -68
121268: -32 -77
121306: -42 -51
121307: -42 -60
121308: -42 -69
121309: -42 -78
121347: -52 -61
121348: -52 -70
121349: -52 -79
121390: 8 17 26 35 44 53 62 71 80
121426: -72 -81
121443: -100 -109
121444: -100 -118
121445: -100 -127
121446: -100 -136
121447: -100 -145
121448: -100 -154
121449: -109 -118
121450: -109 -127
121451: -109 -136
121452: -109 -145
121453: -109 -154
121454: -118 -127
121455: -118 -136
121456: -118 -145
121457: -118 -154
121458: -127 -136
121459: -127 -145
121460: -127 -154
121461: -136 -145
121462: -136 -154
121463: -145 -154
121464: 82 91 100 109 118 127 136 145 154
121473: -92 -101
121475: -92 -119
121476: -92 -128
121478: -92 -146
121479: -92 -155
121482: -101 -128
121484: -101 -146
121485: -101 -155
121487: -110 -128
121488: -110 -137
121489: -110 -146
121490: -110 -155
121491: -119 -128
121492: -119 -137
121493: -119 -146
121494: -119 -155
121495: -128 -137
121496: -128 -146
121497: -128 -155
121498: -137 -146
121499: -137 -155
121500: -146 -155
121501: 83 92 101 110 119 128 137 146 155
121510: -93 -102
121513: -93 -129
121515: -93 -147
121516: -93 -156
121518: -102 -120
121519: -102 -129
121521: -102 -147
121522: -102 -156
121523: -111 -120
121524: -111 -129
121525: -111 -138
121526: -111 -147
121527: -111 -156
121528: -120 -129
121530: -120 -147
121531: -120 -156
121532: -129 -138
121533: -129 -147
121534: -129 -156
121535: -138 -147
121536: -138 -156
121537: -147 -156
121538: 84 93 102 111 120 129 138 147 156
121547: -94 -103
121548: -94 -112
121549: -94 -121
121550: -94 -130
121552: -94 -148
121553: -94 -157
121555: -103 -121
121556: -103 -130
121558: -103 -148
121559: -103 -157
121561: -112 -130
121562: -112 -139
121563: -112 -148
121564: -112 -157
121565: -121 -130
121566: -121 -139
121567: -121 -148
121568: -121 -157
121569: -130 -139
121570: -130 -148
121571: -130 -157
121572: -139 -148
121573: -139 -157
121574: -148 -157
121575: 85 94 103 112 121 130 139 148 157
121584: -95 -104
121585: -95 -113
121586: -95 -122
121587: -95 -131
121588: -95 -140
121589: -95 -149
121590: -95 -158
121591: -104 -113
121592: -104 -122
121593: -104 -131
121594: -104 -140
121595: -104 -149
121596: -104 -158
121597: -113 -122
121598: -113 -131
121599: -113 -140
121600: -113 -149
121601: -113 -158
121602: -122 -131
121603: -122 -140
121604: -122 -149
121605: -122 -158
121606: -131 -140
121607: -131 -149
121608: -131 -158
121609: -140 -149
121610: -140 -158
121611: -149 -158
121612: 86 95 104 113 122 131 140 149 158
121613: -87 -96
121614: -87 -105
121615: -87 -114
121616: -87 -123
121617: -87 -132
121618: -87 -141
121619: -87 -150
121620: -87 -159
121658: -97 -106
121659: -97 -115
121660: -97 -124
121662: -97 -142
121663: -97 -151
121664: -97 -160
121665: -106 -115
121667: -106 -133
121668: -106 -142
121669: -106 -151
121670: -106 -160
121671: -115 -124
121672: -115 -133
121674: -115 -151
121675: -115 -160
121676: -124 -133
121679: -124 -160
121682: -133 -160
121685: -151 -160
121686: 88 97 106 115 124 133 142 151 160
121695: -98 -107
121696: -98 -116
121697: -98 -125
121698: -98 -134
121699: -98 -143
121700: -98 -152
121701: -98 -161
121702: -107 -116
121703: -107 -125
121704: -107 -134
121705: -107 -143
121706: -107 -152
121707: -107 -161
121708: -116 -125
121709: -116 -134
121710: -116 -143
121711: -116 -152
121712: -116 -161
121713: -125 -134
121714: -125 -143
121715: -125 -152
121716: -125 -161
121717: -134 -143
121718: -134 -152
121719: -134 -161
121720: -143 -152
121721: -143 -161
121722: -152 -161
121723: 89 98 107 116 125 134 143 152 161
121732: -99 -108
121733: -99 -117
121734: -99 -126
121735: -99 -135
121736: -99 -144
121737: -99 -153
121738: -99 -162
121739: -108 -117
121740: -108 -126
121741: -108 -135
121742: -108 -144
121743: -108 -153
121744: -108 -162
121745: -117 -126
121746: -117 -135
121747: -117 -144
121748: -117 -153
121749: -117 -162
121750: -126 -135
121751: -126 -144
121752: -126 -153
121753: -126 -162
121754: -135 -144
121755: -135 -153
121756: -135 -162
121757: -144 -153
121758: -144 -162
121759: -153 -162
121760: 90 99 108 117 126 135 144 153 162
121769: -172 -181
121770: -172 -190
121771: -172 -199
121772: -172 -208
121773: -172 -217
121774: -172 -226
121775: -172 -235
121776: -181 -190
121777: -181 -199
121778: -181 -208
121779: -181 -217
121780: -181 -226
121781: -181 -235
121782: -190 -199
121783: -190 -208
121784: -190 -217
121785: -190 -226
121786: -190 -235
121787: -199 -208
121788: -199 -217
121789: -199 -226
121790: -199 -235
121791: -208 -217
121792: -208 -226
121793: -208 -235
121794: -217 -226
121795: -217 -235
121796: -226 -235
121797: 163 172 181 190 199 208 217 226 235
121806: -173 -182
121807: -173 -191
121808: -173 -200
121809: -173 -209
121810: -173 -218
121811: -173 -227
121812: -173 -236
121813: -182 -191
121814: -182 -200
121815: -182 -209
121816: -182 -218
121817: -182 -227
121818: -182 -236
121819: -191 -200
121820: -191 -209
121821: -191 -218
121822: -191 -227
121823: -191 -236
121824: -200 -209
121825: -200 -218
121826: -200 -227
121827: -200 -236
121828: -209 -218
121829: -209 -227
121830: -209 -236
121831: -218 -227
121832: -218 -236
121833: -227 -236
121834: 164 173 182 191 200 209 218 227 236
121835: -165 -174
121836: -165 -183
121837: -165 -192
121838: -165 -201
121839: -165 -210
121840: -165 -219
121841: -165 -228
121842: -165 -237
121843: -174 -183
121844: -174 -192
121845: -174 -201
121846: -174 -210
121847: -174 -219
121848: -174 -228
121849: -174 -237
121852: -183 -210
121853: -183 -219
121854: -183 -228
121855: -183 -237
121858: -192 -219
121860: -192 -237
121863: -201 -228
121864: -201 -237
121865: -210 -219
121866: -210 -228
121867: -210 -237
121868: -219 -228
121869: -219 -237
121870: -228 -237
121871: 165 174 183 192 201 210 219 228 237
121872: -166 -175
121873: -166 -184
121874: -166 -193
121875: -166 -202
121876: -166 -211
121877: -166 -220
121878: -166 -229
121879: -166 -238
121880: -175 -184
121881: -175 -193
121882: -175 -202
121883: -175 -211
121884: -175 -220
121885: -175 -229
121886: -175 -238
121887: -184 -193
121889: -184 -211
121890: -184 -220
121891: -184 -229
121892: -184 -238
121894: -193 -211
121895: -193 -220
121896: -193 -229
121898: -202 -211
121899: -202 -220
121900: -202 -229
121901: -202 -238
121902: -211 -220
121903: -211 -229
121904: -211 -238
121905: -220 -229
121906: -220 -238
121907: -229 -238
121908: 166 175 184 193 202 211 220 229 238
121909: -167 -176
121910: -167 -185
121911: -167 -194
121912: -167 -203
121913: -167 -212
121914: -167 -221
121915: -167 -230
121916: -167 -239
121917: -176 -185
121918: -176 -194
121922: -176 -230
121923: -176 -239
121924: -185 -194
121925: -185 -203
121926: -185 -212
121927: -185 -221
121928: -185 -230
121929: -185 -239
121931: -194 -212
121933: -194 -230
121934: -194 -239
121935: -203 -212
121937: -203 -230
121938: -203 -239
121939: -212 -221
121940: -212 -230
121941: -212 -239
121942: -221 -230
121943: -221 -239
121944: -230 -239
121945: 167 176 185 194 203 212 221 230 239
121947: -168 -186
121948: -168 -195
121949: -168 -204
121951: -168 -222
121952: -168 -231
121953: -168 -240
121954: -177 -186
121955: -177 -195
121957: -177 -213
121958: -177 -222
121959: -177 -231
121960: -177 -240
121961: -186 -195
121962: -186 -204
121963: -186 -213
121964: -186 -222
121965: -186 -231
121966: -186 -240
121967: -195 -204
121968: -195 -213
121969: -195 -222
121970: -195 -231
121971: -195 -240
121972: -204 -213
121973: -204 -222
121974: -204 -231
121975: -204 -240
121976: -213 -222
121977: -213 -231
121978: -213 -240
121979: -222 -231
121980: -222 -240
121981: -231 -240
121982: 168 177 186 195 204 213 222 231 240
121983: -169 -178
121984: -169 -187
121985: -169 -196
121986: -169 -205
121987: -169 -214
121988: -169 -223
121989: -169 -232
121990: -169 -241
121992: -178 -196
121993: -178 -205
121994: -178 -214
121996: -178 -232
121997: -178 -241
121998: -187 -196
121999: -187 -205
122000: -187 -214
122001: -187 -223
122002: -187 -232
122003: -187 -241
122004: -196 -205
122005: -196 -214
122007: -196 -232
122009: -205 -214
122010: -205 -223
122012: -205 -241
122013: -214 -223
122014: -214 -232
122016: -223 -232
122017: -223 -241
122018: -232 -241
122019: 169 178 187 196 205 214 223 232 241
122020: -170 -179
122021: -170 -188
122022: -170 -197
122023: -170 -206
122024: -170 -215
122025: -170 -224
122026: -170 -233
122027: -170 -242
122028: -179 -188
122029: -179 -197
122030: -179 -206
122031: -179 -215
122032: -179 -224
122033: -179 -233
122034: -179 -242
122035: -188 -197
122036: -188 -206
122037: -188 -215
122038: -188 -224
122039: -188 -233
122041: -197 -206
122042: -197 -215
122043: -197 -224
122044: -197 -233
122045: -197 -242
122046: -206 -215
122047: -206 -224
122048: -206 -233
122049: -206 -242
122050: -215 -224
122051: -215 -233
122052: -215 -242
122053: -224 -233
122054: -224 -242
122055: -233 -242
122056: 170 179 188 197 206 215 224 233 242
122057: -171 -180
122058: -171 -189
122059: -171 -198
122060: -171 -207
122061: -171 -216
122062: -171 -225
122063: -171 -234
122064: -171 -243
122065: -180 -189
122066: -180 -198
122067: -180 -207
122068: -180 -216
122069: -180 -225
122070: -180 -234
122071: -180 -243
122072: -189 -198
122073: -189 -207
122074: -189 -216
122075: -189 -225
122076: -189 -234
122077: -189 -243
122078: -198 -207
122079: -198 -216
122080: -198 -225
122083: -207 -216
122084: -207 -225
122085: -207 -234
122086: -207 -243
122087: -216 -225
122088: -216 -234
122089: -216 -243
122090: -225 -234
122091: -225 -243
122092: -234 -243
122093: 171 180 189 198 207 216 225 234 243
122102: -253 -262
122103: -253 -271
122104: -253 -280
122105: -253 -289
122106: -253 -298
122107: -253 -307
122108: -253 -316
122109: -262 -271
122110: -262 -280
122111: -262 -289
122112: -262 -298
122113: -262 -307
122114: -262 -316
122115: -271 -280
122117: -271 -298
122118: -271 -307
122119: -271 -316
122120: -280 -289
122121: -280 -298
122122: -280 -307
122123: -280 -316
122124: -289 -298
122125: -289 -307
122126: -289 -316
122127: -298 -307
122128: -298 -316
122129: -307 -316
122130: 244 253 262 271 280 289 298 307 316
122131: -245 -254
122132: -245 -263
122133: -245 -272
122134: -245 -281
122135: -245 -290
122136: -245 -299
122137: -245 -308
122138: -245 -317
122139: -254 -263
122140: -254 -272
122143: -254 -299
122144: -254 -308
122145: -254 -317
122146: -263 -272
122147: -263 -281
122148: -263 -290
122149: -263 -299
122150: -263 -308
122151: -263 -317
122152: -272 -281
122153: -272 -290
122154: -272 -299
122155: -272 -308
122156: -272 -317
122157: -281 -290
122158: -281 -299
122159: -281 -308
122160: -281 -317
122161: -290 -299
122162: -290 -308
122163: -290 -317
122164: -299 -308
122165: -299 -317
122166: -308 -317
122167: 245 254 263 272 281 290 299 308 317
122168: -246 -255
122169: -246 -264
122170: -246 -273
122171: -246 -282
122172: -246 -291
122173: -246 -300
122174: -246 -309
122175: -246 -318
122176: -255 -264
122177: -255 -273
122178: -255 -282
122179: -255 -291
122180: -255 -300
122181: -255 -309
122182: -255 -318
122183: -264 -273
122184: -264 -282
122185: -264 -291
122186: -264 -300
122187: -264 -309
122188: -264 -318
122189: -273 -282
122190: -273 -291
122191: -273 -300
122192: -273 -309
122193: -273 -318
122194: -282 -291
122195: -282 -300
122196: -282 -309
122197: -282 -318
122198: -291 -300
122199: -291 -309
122200: -291 -318
122201: -300 -309
122202: -300 -318
122203: -309 -318
122204: 246 255 264 273 282 291 300 309 318
122205: -247 -256
122206: -247 -265
122207: -247 -274
122208: -247 -283
122209: -247 -292
122210: -247 -301
122211: -247 -310
122212: -247 -319
122213: -256 -265
122216: -256 -292
122217: -256 -301
122218: -256 -310
122219: -256 -319
122220: -265 -274
122222: -265 -292
122223: -265 -301
122224: -265 -310
122225: -265 -319
122228: -274 -301
122229: -274 -310
122230: -274 -319
122232: -283 -301
122233: -283 -310
122235: -292 -301
122236: -292 -310
122237: -292 -319
122238: -301 -310
122239: -301 -319
122240: -310 -319
122241: 247 256 265 274 283 292 301 310 319
122242: -248 -257
122243: -248 -266
122244: -248 -275
122245: -248 -284
122246: -248 -293
122247: -248 -302
122248: -248 -311
122249: -248 -320
122250: -257 -266
122251: -257 -275
122253: -257 -293
122254: -257 -302
122255: -257 -311
122256: -257 -320
122257: -266 -275
122258: -266 -284
122259: -266 -293
122260: -266 -302
122261: -266 -311
122262: -266 -320
122265: -275 -302
122266: -275 -311
122268: -284 -293
122269: -284 -302
122270: -284 -311
122271: -284 -320
122272: -293 -302
122273: -293 -311
122274: -293 -320
122275: -302 -311
122276: -302 -320
122277: -311 -320
122278: 248 257 266 275 284 293 302 311 320
122279: -249 -258
122280: -249 -267
122281: -249 -276
122282: -249 -285
122283: -249 -294
122284: -249 -303
122285: -249 -312
122286: -249 -321
122287: -258 -267
122288: -258 -276
122290: -258 -294
122293: -258 -321
122294: -267 -276
122295: -267 -285
122296: -267 -294
122297: -267 -303
122298: -267 -312
122299: -267 -321
122301: -276 -294
122302: -276 -303
122303: -276 -312
122304: -276 -321
122305: -285 -294
122306: -285 -303
122307: -285 -312
122308: -285 -321
122309: -294 -303
122310: -294 -312
122311: -294 -321
122312: -303 -312
122313: -303 -321
122314: -312 -321
122315: 249 258 267 276 285 294 303 312 321
122316: -250 -259
122317: -250 -268
122318: -250 -277
122319: -250 -286
122320: -250 -295
122321: -250 -304
122322: -250 -313
122323: -250 -322
122325: -259 -277
122331: -268 -277
122333: -268 -295
122335: -268 -313
122337: -277 -286
122338: -277 -295
122342: -286 -295
122343: -286 -304
122346: -295 -304
122347: -295 -313
122348: -295 -322
122351: -313 -322
122352: 250 259 268 277 286 295 304 313 322
122353: -251 -260
122354: -251 -269
122355: -251 -278
122356: -251 -287
122357: -251 -296
122358: -251 -305
122359: -251 -314
122360: -251 -323
122361: -260 -269
122362: -260 -278
122363: -260 -287
122364: -260 -296
122365: -260 -305
122366: -260 -314
122367: -260 -323
122368: -269 -278
122369: -269 -287
122370: -269 -296
122371: -269 -305
122372: -269 -314
122373: -269 -323
122374: -278 -287
122375: -278 -296
122376: -278 -305
122377: -278 -314
122378: -278 -323
122379: -287 -296
122380: -287 -305
122381: -287 -314
122382: -287 -323
122383: -296 -305
122384: -296 -314
122385: -296 -323
122386: -305 -314
122387: -305 -323
122388: -314 -323
122389: 251 260 269 278 287 296 305 314 323
122390: -252 -261
122391: -252 -270
122392: -252 -279
122393: -252 -288
122394: -252 -297
122395: -252 -306
122396: -252 -315
122397: -252 -324
122398: -261 -270
122399: -261 -279
122400: -261 -288
122401: -261 -297
122402: -261 -306
122403: -261 -315
122404: -261 -324
122405: -270 -279
122406: -270 -288
122407: -270 -297
122408: -270 -306
122409: -270 -315
122410: -270 -324
122411: -279 -288
122412: -279 -297
122413: -279 -306
122414: -279 -315
122415: -279 -324
122416: -288 -297
122417: -288 -306
122418: -288 -315
122419: -288 -324
122420: -297 -306
122421: -297 -315
122422: -297 -324
122423: -306 -315
122424: -306 -324
122425: -315 -324
122426: 252 261 270 279 288 297 306 315 324
122435: -334 -343
122436: -334 -352
122437: -334 -361
122438: -334 -370
122439: -334 -379
122440: -334 -388
122441: -334 -397
122442: -343 -352
122443: -343 -361
122444: -343 -370
122445: -343 -379
122446: -343 -388
122447: -343 -397
122448: -352 -361
122449: -352 -370
122450: -352 -379
122451: -352 -388
122452: -352 -397
122453: -361 -370
122454: -361 -379
122455: -361 -388
122456: -361 -397
122457: -370 -379
122458: -370 -388
122459: -370 -397
122460: -379 -388
122461: -379 -397
122462: -388 -397
122463: 325 334 343 352 361 370 379 388 397
122464: -326 -335
122465: -326 -344
122466: -326 -353
122467: -326 -362
122468: -326 -371
122469: -326 -380
122470: -326 -389
122471: -326 -398
122472: -335 -344
122475: -335 -371
122478: -335 -398
122479: -344 -353
122480: -344 -362
122481: -344 -371
122482: -344 -380
122483: -344 -389
122484: -344 -398
122485: -353 -362
122486: -353 -371
122487: -353 -380
122488: -353 -389
122489: -353 -398
122490: -362 -371
122491: -362 -380
122492: -362 -389
122493: -362 -398
122494: -371 -380
122495: -371 -389
122496: -371 -398
122497: -380 -389
122498: -380 -398
122499: -389 -398
122500: 326 335 344 353 362 371 380 389 398
122501: -327 -336
122502: -327 -345
122503: -327 -354
122504: -327 -363
122505: -327 -372
122506: -327 -381
122507: -327 -390
122508: -327 -399
122509: -336 -345
122511: -336 -363
122512: -336 -372
122513: -336 -381
122514: -336 -390
122515: -336 -399
122516: -345 -354
122517: -345 -363
122518: -345 -372
122519: -345 -381
122520: -345 -390
122521: -345 -399
122522: -354 -363
122523: -354 -372
122524: -354 -381
122525: -354 -390
122526: -354 -399
122527: -363 -372
122528: -363 -381
122529: -363 -390
122530: -363 -399
122531: -372 -381
122532: -372 -390
122533: -372 -399
122534: -381 -390
122535: -381 -399
122536: -390 -399
122537: 327 336 345 354 363 372 381 390 399
122538: -328 -337
122539: -328 -346
122540: -328 -355
122541: -328 -364
122542: -328 -373
122543: -328 -382
122544: -328 -391
122545: -328 -400
122546: -337 -346
122547: -337 -355
122548: -337 -364
122549: -337 -373
122550: -337 -382
122551: -337 -391
122552: -337 -400
122553: -346 -355
122554: -346 -364
122555: -346 -373
122556: -346 -382
122557: -346 -391
122558: -346 -400
122559: -355 -364
122560: -355 -373
122561: -355 -382
122562: -355 -391
122563: -355 -400
122564: -364 -373
122565: -364 -382
122566: -364 -391
122567: -364 -400
122568: -373 -382
122569: -373 -391
122570: -373 -400
122571: -382 -391
122572: -382 -400
122573: -391 -400
122574: 328 337 346 355 364 373 382 391 400
122575: -329 -338
122576: -329 -347
122577: -329 -356
122578: -329 -365
122579: -329 -374
122580: -329 -383
122581: -329 -392
122582: -329 -401
122585: -338 -365
122586: -338 -374
122587: -338 -383
122588: -338 -392
122589: -338 -401
122593: -347 -383
122594: -347 -392
122595: -347 -401
122597: -356 -374
122598: -356 -383
122599: -356 -392
122600: -356 -401
122601: -365 -374
122602: -365 -383
122603: -365 -392
122604: -365 -401
122605: -374 -383
122606: -374 -392
122607: -374 -401
122608: -383 -392
122609: -383 -401
122610: -392 -401
122611: 329 338 347 356 365 374 383 392 401
122612: -330 -339
122613: -330 -348
122614: -330 -357
122615: -330 -366
122616: -330 -375
122617: -330 -384
122618: -330 -393
122619: -330 -402
122620: -339 -348
122622: -339 -366
122624: -339 -384
122625: -339 -393
122626: -339 -402
122627: -348 -357
122628: -348 -366
122629: -348 -375
122630: -348 -384
122631: -348 -393
122632: -348 -402
122633: -357 -366
122636: -357 -393
122637: -357 -402
122639: -366 -384
122640: -366 -393
122641: -366 -402
122643: -375 -393
122644: -375 -402
122645: -384 -393
122646: -384 -402
122647: -393 -402
122648: 330 339 348 357 366 375 384 393 402
122649: -331 -340
122650: -331 -349
122651: -331 -358
122652: -331 -367
122653: -331 -376
122654: -331 -385
122655: -331 -394
122656: -331 -403
122662: -340 -394
122663: -340 -403
122665: -349 -367
122670: -358 -367
122678: -367 -403
122679: -376 -385
122684: -394 -403
122685: 331 340 349 358 367 376 385 394 403
122686: -332 -341
122687: -332 -350
122688: -332 -359
122689: -332 -368
122690: -332 -377
122691: -332 -386
122692: -332 -395
122693: -332 -404
122694: -341 -350
122695: -341 -359
122696: -341 -368
122697: -341 -377
122698: -341 -386
122699: -341 -395
122700: -341 -404
122701: -350 -359
122702: -350 -368
122703: -350 -377
122704: -350 -386
122705: -350 -395
122706: -350 -404
122707: -359 -368
122708: -359 -377
122709: -359 -386
122710: -359 -395
122711: -359 -404
122712: -368 -377
122713: -368 -386
122714: -368 -395
122715: -368 -404
122716: -377 -386
122717: -377 -395
122718: -377 -404
122719: -386 -395
122720: -386 -404
122721: -395 -404
122722: 332 341 350 359 368 377 386 395 404
122723: -333 -342
122724: -333 -351
122725: -333 -360
122726: -333 -369
122727: -333 -378
122728: -333 -387
122729: -333 -396
122730: -333 -405
122731: -342 -351
122732: -342 -360
122733: -342 -369
122734: -342 -378
122735: -342 -387
122736: -342 -396
122737: -342 -405
122738: -351 -360
122739: -351 -369
122740: -351 -378
122741: -351 -387
122742: -351 -396
122743: -351 -405
122744: -360 -369
122745: -360 -378
122746: -360 -387
122747: -360 -396
122748: -360 -405
122749: -369 -378
122750: -369 -387
122751: -369 -396
122752: -369 -405
122753: -378 -387
122754: -378 -396
122755: -378 -405
122756: -387 -396
122757: -387 -405
122758: -396 -405
122759: 333 342 351 360 369 378 387 396 405
122761: -406 -424
122762: -406 -433
122763: -406 -442
122764: -406 -451
122765: -406 -460
122767: -406 -478
122775: -424 -433
122776: -424 -442
122777: -424 -451
122778: -424 -460
122779: -424 -469
122780: -424 -478
122781: -433 -442
122782: -433 -451
122783: -433 -460
122784: -433 -469
122785: -433 -478
122786: -442 -451
122787: -442 -460
122788: -442 -469
122789: -442 -478
122790: -451 -460
122791: -451 -469
122792: -451 -478
122793: -460 -469
122794: -460 -478
122795: -469 -478
122796: 406 415 424 433 442 451 460 469 478
122797: -407 -416
122798: -407 -425
122799: -407 -434
122800: -407 -443
122801: -407 -452
122802: -407 -461
122803: -407 -470
122804: -407 -479
122805: -416 -425
122806: -416 -434
122807: -416 -443
122808: -416 -452
122809: -416 -461
122810: -416 -470
122811: -416 -479
122812: -425 -434
122813: -425 -443
122814: -425 -452
122815: -425 -461
122816: -425 -470
122817: -425 -479
122818: -434 -443
122819: -434 -452
122820: -434 -461
122821: -434 -470
122822: -434 -479
122823: -443 -452
122824: -443 -461
122825: -443 -470
122826: -443 -479
122827: -452 -461
122828: -452 -470
122829: -452 -479
122830: -461 -470
122831: -461 -479
122832: -470 -479
122833: 407 416 425 434 443 452 461 470 479
122834: -408 -417
122835: -408 -426
122836: -408 -435
122837: -408 -444
122838: -408 -453
122839: -408 -462
122840: -408 -471
122841: -408 -480
122842: -417 -426
122843: -417 -435
122844: -417 -444
122845: -417 -453
122846: -417 -462
122847: -417 -471
122848: -417 -480
122849: -426 -435
122850: -426 -444
122851: -426 -453
122852: -426 -462
122853: -426 -471
122854: -426 -480
122855: -435 -444
122856: -435 -453
122857: -435 -462
122858: -435 -471
122859: -435 -480
122860: -444 -453
122861: -444 -462
122862: -444 -471
122863: -444 -480
122864: -453 -462
122865: -453 -471
122866: -453 -480
122867: -462 -471
122868: -462 -480
122869: -471 -480
122870: 408 417 426 435 444 453 462 471 480
122871: -409 -418
122872: -409 -427
122873: -409 -436
122874: -409 -445
122875: -409 -454
122876: -409 -463
122877: -409 -472
122878: -409 -481
122879: -418 -427
122880: -418 -436
122881: -418 -445
122882: -418 -454
122883: -418 -463
122884: -418 -472
122885: -418 -481
122886: -427 -436
122887: -427 -445
122888: -427 -454
122889: -427 -463
122890: -427 -472
122891: -427 -481
122893: -436 -454
122894: -436 -463
122895: -436 -472
122896: -436 -481
122897: -445 -454
122898: -445 -463
122899: -445 -472
122900: -445 -481
122901: -454 -463
122902: -454 -472
122903: -454 -481
122904: -463 -472
122905: -463 -481
122906: -472 -481
122907: 409 418 427 436 445 454 463 472 481
122908: -410 -419
122909: -410 -428
122910: -410 -437
122911: -410 -446
122913: -410 -464
122914: -410 -473
122915: -410 -482
122916: -419 -428
122917: -419 -437
122918: -419 -446
122919: -419 -455
122920: -419 -464
122921: -419 -473
122922: -419 -482
122923: -428 -437
122924: -428 -446
122925: -428 -455
122926: -428 -464
122927: -428 -473
122928: -428 -482
122929: -437 -446
122930: -437 -455
122931: -437 -464
122932: -437 -473
122933: -437 -482
122934: -446 -455
122935: -446 -464
122936: -446 -473
122937: -446 -482
122938: -455 -464
122939: -455 -473
122940: -455 -482
122941: -464 -473
122942: -464 -482
122943: -473 -482
122944: 410 419 428 437 446 455 464 473 482
122945: -411 -420
122946: -411 -429
122948: -411 -447
122949: -411 -456
122950: -411 -465
122951: -411 -474
122952: -411 -483
122953: -420 -429
122954: -420 -438
122955: -420 -447
122956: -420 -456
122957: -420 -465
122958: -420 -474
122959: -420 -483
122960: -429 -438
122961: -429 -447
122962: -429 -456
122963: -429 -465
122964: -429 -474
122966: -438 -447
122967: -438 -456
122968: -438 -465
122969: -438 -474
122970: -438 -483
122971: -447 -456
122972: -447 -465
122973: -447 -474
122974: -447 -483
122975: -456 -465
122976: -456 -474
122977: -456 -483
122978: -465 -474
122979: -465 -483
122980: -474 -483
122981: 411 420 429 438 447 456 465 474 483
122983: -412 -430
122984: -412 -439
122985: -412 -448
122986: -412 -457
122987: -412 -466
122988: -412 -475
122989: -412 -484
122997: -430 -439
122998: -430 -448
122999: -430 -457
123000: -430 -466
123001: -430 -475
123002: -430 -484
123003: -439 -448
123004: -439 -457
123005: -439 -466
123006: -439 -475
123008: -448 -457
123009: -448 -466
123010: -448 -475
123011: -448 -484
123012: -457 -466
123013: -457 -475
123014: -457 -484
123015: -466 -475
123016: -466 -484
123017: -475 -484
123018: 412 421 430 439 448 457 466 475 484
123019: -413 -422
123020: -413 -431
123021: -413 -440
123022: -413 -449
123023: -413 -458
123024: -413 -467
123025: -413 -476
123026: -413 -485
123027: -422 -431
123028: -422 -440
123029: -422 -449
123030: -422 -458
123031: -422 -467
123032: -422 -476
123033: -422 -485
123034: -431 -440
123035: -431 -449
123036: -431 -458
123037: -431 -467
123038: -431 -476
123039: -431 -485
123040: -440 -449
123041: -440 -458
123042: -440 -467
123043: -440 -476
123044: -440 -485
123045: -449 -458
123046: -449 -467
123047: -449 -476
123048: -449 -485
123049: -458 -467
123050: -458 -476
123051: -458 -485
123052: -467 -476
123053: -467 -485
123054: -476 -485
123055: 413 422 431 440 449 458 467 476 485
123056: -414 -423
123057: -414 -432
123058: -414 -441
123059: -414 -450
123060: -414 -459
123061: -414 -468
123062: -414 -477
123063: -414 -486
123064: -423 -432
123065: -423 -441
123066: -423 -450
123067: -423 -459
123068: -423 -468
123069: -423 -477
123070: -423 -486
123071: -432 -441
123072: -432 -450
123073: -432 -459
123074: -432 -468
123075: -432 -477
123077: -441 -450
123078: -441 -459
123079: -441 -468
123080: -441 -477
123081: -441 -486
123082: -450 -459
123083: -450 -468
123084: -450 -477
123085: -450 -486
123086: -459 -468
123087: -459 -477
123088: -459 -486
123089: -468 -477
123090: -468 -486
123092: 414 423 432 441 450 459 468 477 486
123108: -505 -514
123109: -505 -523
123110: -505 -532
123112: -505 -550
123113: -505 -559
123114: -514 -523
123115: -514 -532
123117: -514 -550
123118: -514 -559
123119: -523 -532
123121: -523 -550
123122: -523 -559
123124: -532 -550
123125: -532 -559
123128: -550 -559
123129: 487 496 505 514 523 532 541 550 559
123131: -488 -506
123132: -488 -515
123133: -488 -524
123134: -488 -533
123136: -488 -551
123137: -488 -560
123145: -506 -515
123146: -506 -524
123147: -506 -533
123148: -506 -542
123149: -506 -551
123150: -506 -560
123151: -515 -524
123152: -515 -533
123153: -515 -542
123154: -515 -551
123155: -515 -560
123156: -524 -533
123157: -524 -542
123158: -524 -551
123159: -524 -560
123160: -533 -542
123161: -533 -551
123162: -533 -560
123163: -542 -551
123164: -542 -560
123165: -551 -560
123166: 488 497 506 515 524 533 542 551 560
123168: -489 -507
123169: -489 -516
123170: -489 -525
123171: -489 -534
123172: -489 -543
123173: -489 -552
123174: -489 -561
123182: -507 -516
123183: -507 -525
123184: -507 -534
123185: -507 -543
123186: -507 -552
123187: -507 -561
123189: -516 -534
123190: -516 -543
123191: -516 -552
123192: -516 -561
123194: -525 -543
123195: -525 -552
123196: -525 -561
123197: -534 -543
123198: -534 -552
123199: -534 -561
123200: -543 -552
123201: -543 -561
123202: -552 -561
123203: 489 498 507 516 525 534 543 552 561
123205: -490 -508
123206: -490 -517
123207: -490 -526
123208: -490 -535
123209: -490 -544
123210: -490 -553
123211: -490 -562
123220: -508 -526
123221: -508 -535
123222: -508 -544
123223: -508 -553
123224: -508 -562
123226: -517 -535
123227: -517 -544
123228: -517 -553
123229: -517 -562
123230: -526 -535
123231: -526 -544
123232: -526 -553
123233: -526 -562
123234: -535 -544
123235: -535 -553
123236: -535 -562
123237: -544 -553
123238: -544 -562
123239: -553 -562
123240: 490 499 508 517 526 535 544 553 562
123242: -491 -509
123243: -491 -518
123244: -491 -527
123245: -491 -536
123246: -491 -545
123247: -491 -554
123248: -491 -563
123256: -509 -518
123257: -509 -527
123258: -509 -536
123259: -509 -545
123260: -509 -554
123261: -509 -563
123263: -518 -536
123264: -518 -545
123265: -518 -554
123266: -518 -563
123267: -527 -536
123268: -527 -545
123269: -527 -554
123270: -527 -563
123271: -536 -545
123272: -536 -554
123273: -536 -563
123274: -545 -554
123275: -545 -563
123276: -554 -563
123277: 491 500 509 518 527 536 545 554 563
123278: -492 -501
123286: -501 -510
123287: -501 -519
123288: -501 -528
123289: -501 -537
123290: -501 -546
123291: -501 -555
123292: -501 -564
123316: -493 -511
123317: -493 -520
123318: -493 -529
123319: -493 -538
123320: -493 -547
123321: -493 -556
123322: -493 -565
123332: -511 -538
123334: -511 -556
123335: -511 -565
123340: -520 -565
123341: -529 -538
123342: -529 -547
123344: -529 -565
123345: -538 -547
123350: -556 -565
123351: 493 502 511 520 529 538 547 556 565
123353: -494 -512
123354: -494 -521
123355: -494 -530
123356: -494 -539
123357: -494 -548
123358: -494 -557
123359: -494 -566
123367: -512 -521
123368: -512 -530
123369: -512 -539
123370: -512 -548
123371: -512 -557
123372: -512 -566
123373: -521 -530
123374: -521 -539
123375: -521 -548
123377: -521 -566
123378: -530 -539
123379: -530 -548
123381: -530 -566
123382: -539 -548
123383: -539 -557
123384: -539 -566
123385: -548 -557
123387: -557 -566
123388: 494 503 512 521 530 539 548 557 566
123390: -495 -513
123391: -495 -522
123392: -495 -531
123393: -495 -540
123394: -495 -549
123395: -495 -558
123396: -495 -567
123404: -513 -522
123405: -513 -531
123406: -513 -540
123407: -513 -549
123408: -513 -558
123409: -513 -567
123410: -522 -531
123411: -522 -540
123412: -522 -549
123413: -522 -558
123414: -522 -567
123415: -531 -540
123416: -531 -549
123417: -531 -558
123418: -531 -567
123419: -540 -549
123420: -540 -558
123421: -540 -567
123422: -549 -558
123423: -549 -567
123424: -558 -567
123425: 495 504 513 522 531 540 549 558 567
123434: -577 -586
123435: -577 -595
123436: -577 -604
123437: -577 -613
123438: -577 -622
123439: -577 -631
123440: -577 -640
123441: -586 -595
123442: -586 -604
123443: -586 -613
123444: -586 -622
123445: -586 -631
123446: -586 -640
123447: -595 -604
123448: -595 -613
123449: -595 -622
123450: -595 -631
123451: -595 -640
123452: -604 -613
123453: -604 -622
123454: -604 -631
123455: -604 -640
123456: -613 -622
123457: -613 -631
123459: -622 -631
123462: 568 577 586 595 604 613 622 631 640
123463: -569 -578
123464: -569 -587
123465: -569 -596
123466: -569 -605
123467: -569 -614
123468: -569 -623
123469: -569 -632
123470: -569 -641
123471: -578 -587
123472: -578 -596
123473: -578 -605
123474: -578 -614
123475: -578 -623
123476: -578 -632
123477: -578 -641
123478: -587 -596
123479: -587 -605
123480: -587 -614
123481: -587 -623
123482: -587 -632
123483: -587 -641
123484: -596 -605
123485: -596 -614
123486: -596 -623
123487: -596 -632
123488: -596 -641
123489: -605 -614
123490: -605 -623
123491: -605 -632
123492: -605 -641
123493: -614 -623
123494: -614 -632
123495: -614 -641
123496: -623 -632
123497: -623 -641
123498: -632 -641
123499: 569 578 587 596 605 614 623 632 641
123500: -570 -579
123501: -570 -588
123502: -570 -597
123503: -570 -606
123504: -570 -615
123505: -570 -624
123506: -570 -633
123507: -570 -642
123508: -579 -588
123510: -579 -606
123511: -579 -615
123512: -579 -624
123513: -579 -633
123514: -579 -642
123515: -588 -597
123516: -588 -606
123517: -588 -615
123518: -588 -624
123519: -588 -633
123520: -588 -642
123521: -597 -606
123522: -597 -615
123523: -597 -624
123524: -597 -633
123525: -597 -642
123526: -606 -615
123527: -606 -624
123528: -606 -633
123529: -606 -642
123530: -615 -624
123531: -615 -633
123532: -615 -642
123533: -624 -633
123534: -624 -642
123535: -633 -642
123536: 570 579 588 597 606 615 624 633 642
123537: -571 -580
123538: -571 -589
123539: -571 -598
123540: -571 -607
123541: -571 -616
123542: -571 -625
123543: -571 -634
123544: -571 -643
123545: -580 -589
123546: -580 -598
123547: -580 -607
123548: -580 -616
123549: -580 -625
123551: -580 -643
123552: -589 -598
123553: -589 -607
123554: -589 -616
123555: -589 -625
123556: -589 -634
123557: -589 -643
123559: -598 -616
123560: -598 -625
123561: -598 -634
123562: -598 -643
123563: -607 -616
123564: -607 -625
123565: -607 -634
123566: -607 -643
123567: -616 -625
123568: -616 -634
123569: -616 -643
123570: -625 -634
123571: -625 -643
123572: -634 -643
123573: 571 580 589 598 607 616 625 634 643
123574: -572 -581
123575: -572 -590
123576: -572 -599
123577: -572 -608
123578: -572 -617
123579: -572 -626
123580: -572 -635
123581: -572 -644
123582: -581 -590
123584: -581 -608
123586: -581 -626
123587: -581 -635
123588: -581 -644
123589: -590 -599
123590: -590 -608
123591: -590 -617
123592: -590 -626
123593: -590 -635
123594: -590 -644
123595: -599 -608
123596: -599 -617
123597: -599 -626
123598: -599 -635
123599: -599 -644
123600: -608 -617
123601: -608 -626
123602: -608 -635
123603: -608 -644
123604: -617 -626
123605: -617 -635
123606: -617 -644
123607: -626 -635
123608: -626 -644
123609: -635 -644
123610: 572 581 590 599 608 617 626 635 644
123611: -573 -582
123612: -573 -591
123613: -573 -600
123614: -573 -609
123615: -573 -618
123616: -573 -627
123617: -573 -636
123618: -573 -645
123619: -582 -591
123620: -582 -600
123621: -582 -609
123622: -582 -618
123623: -582 -627
123624: -582 -636
123625: -582 -645
123626: -591 -600
123627: -591 -609
123628: -591 -618
123629: -591 -627
123630: -591 -636
123631: -591 -645
123632: -600 -609
123633: -600 -618
123634: -600 -627
123635: -600 -636
123636: -600 -645
123637: -609 -618
123638: -609 -627
123639: -609 -636
123640: -609 -645
123641: -618 -627
123642: -618 -636
123643: -618 -645
123644: -627 -636
123645: -627 -645
123646: -636 -645
123647: 573 582 591 600 609 618 627 636 645
123648: -574 -583
123649: -574 -592
123650: -574 -601
123651: -574 -610
123652: -574 -619
123653: -574 -628
123654: -574 -637
123655: -574 -646
123657: -583 -601
123658: -583 -610
123659: -583 -619
123660: -583 -628
123661: -583 -637
123662: -583 -646
123663: -592 -601
123664: -592 -610
123665: -592 -619
123667: -592 -637
123668: -592 -646
123669: -601 -610
123670: -601 -619
123671: -601 -628
123672: -601 -637
123673: -601 -646
123674: -610 -619
123675: -610 -628
123676: -610 -637
123677: -610 -646
123678: -619 -628
123679: -619 -637
123680: -619 -646
123681: -628 -637
123682: -628 -646
123683: -637 -646
123684: 574 583 592 601 610 619 628 637 646
123685: -575 -584
123686: -575 -593
123687: -575 -602
123688: -575 -611
123689: -575 -620
123690: -575 -629
123691: -575 -638
123692: -575 -647
123693: -584 -593
123694: -584 -602
123695: -584 -611
123696: -584 -620
123697: -584 -629
123698: -584 -638
123699: -584 -647
123700: -593 -602
123701: -593 -611
123702: -593 -620
123703: -593 -629
123704: -593 -638
123705: -593 -647
123706: -602 -611
123707: -602 -620
123708: -602 -629
123709: -602 -638
123711: -611 -620
123712: -611 -629
123713: -611 -638
123714: -611 -647
123715: -620 -629
123716: -620 -638
123717: -620 -647
123718: -629 -638
123719: -629 -647
123720: -638 -647
123721: 575 584 593 602 611 620 629 638 647
123722: -576 -585
123723: -576 -594
123724: -576 -603
123725: -576 -612
123726: -576 -621
123727: -576 -630
123728: -576 -639
123729: -576 -648
123730: -585 -594
123731: -585 -603
123732: -585 -612
123733: -585 -621
123734: -585 -630
123735: -585 -639
123736: -585 -648
123737: -594 -603
123738: -594 -612
123739: -594 -621
123740: -594 -630
123741: -594 -639
123742: -594 -648
123743: -603 -612
123744: -603 -621
123745: -603 -630
123746: -603 -639
123747: -603 -648
123748: -612 -621
123749: -612 -630
123750: -612 -639
123751: -612 -648
123752: -621 -630
123753: -621 -639
123754: -621 -648
123755: -630 -639
123756: -630 -648
123757: -639 -648
123758: 576 585 594 603 612 621 630 639 648
123767: -658 -667
123768: -658 -676
123769: -658 -685
123770: -658 -694
123771: -658 -703
123773: -658 -721
123774: -667 -676
123775: -667 -685
123776: -667 -694
123777: -667 -703
123779: -667 -721
123780: -676 -685
123781: -676 -694
123782: -676 -703
123784: -676 -721
123785: -685 -694
123786: -685 -703
123788: -685 -721
123789: -694 -703
123791: -694 -721
123793: -703 -721
123795: 649 658 667 676 685 694 703 712 721
123796: -650 -659
123797: -650 -668
123798: -650 -677
123799: -650 -686
123800: -650 -695
123801: -650 -704
123802: -650 -713
123803: -650 -722
123807: -659 -695
123808: -659 -704
123809: -659 -713
123810: -659 -722
123811: -668 -677
123812: -668 -686
123813: -668 -695
123814: -668 -704
123815: -668 -713
123816: -668 -722
123817: -677 -686
123818: -677 -695
123819: -677 -704
123820: -677 -713
123821: -677 -722
123822: -686 -695
123823: -686 -704
123824: -686 -713
123825: -686 -722
123826: -695 -704
123827: -695 -713
123828: -695 -722
123829: -704 -713
123830: -704 -722
123831: -713 -722
123832: 650 659 668 677 686 695 704 713 722
123833: -651 -660
123834: -651 -669
123835: -651 -678
123836: -651 -687
123837: -651 -696
123838: -651 -705
123839: -651 -714
123840: -651 -723
123841: -660 -669
123842: -660 -678
123843: -660 -687
123844: -660 -696
123846: -660 -714
123847: -660 -723
123848: -669 -678
123849: -669 -687
123850: -669 -696
123851: -669 -705
123852: -669 -714
123853: -669 -723
123854: -678 -687
123855: -678 -696
123856: -678 -705
123857: -678 -714
123858: -678 -723
123859: -687 -696
123860: -687 -705
123861: -687 -714
123862: -687 -723
123863: -696 -705
123864: -696 -714
123865: -696 -723
123866: -705 -714
123867: -705 -723
123868: -714 -723
123869: 651 660 669 678 687 696 705 714 723
123870: -652 -661
123871: -652 -670
123872: -652 -679
123873: -652 -688
123874: -652 -697
123875: -652 -706
123876: -652 -715
123877: -652 -724
123878: -661 -670
123881: -661 -697
123882: -661 -706
123883: -661 -715
123884: -661 -724
123885: -670 -679
123886: -670 -688
123887: -670 -697
123888: -670 -706
123889: -670 -715
123890: -670 -724
123891: -679 -688
123892: -679 -697
123893: -679 -706
123894: -679 -715
123896: -688 -697
123897: -688 -706
123898: -688 -715
123899: -688 -724
123900: -697 -706
123901: -697 -715
123902: -697 -724
123903: -706 -715
123904: -706 -724
123905: -715 -724
123906: 652 661 670 679 688 697 706 715 724
123907: -653 -662
123908: -653 -671
123909: -653 -680
123910: -653 -689
123911: -653 -698
123912: -653 -707
123913: -653 -716
123914: -653 -725
123915: -662 -671
123917: -662 -689
123918: -662 -698
123919: -662 -707
123920: -662 -716
123921: -662 -725
123922: -671 -680
123923: -671 -689
123924: -671 -698
123925: -671 -707
123926: -671 -716
123927: -671 -725
123928: -680 -689
123929: -680 -698
123930: -680 -707
123931: -680 -716
123934: -689 -707
123935: -689 -716
123936: -689 -725
123937: -698 -707
123938: -698 -716
123939: -698 -725
123940: -707 -716
123941: -707 -725
123942: -716 -725
123943: 653 662 671 680 689 698 707 716 725
123944: -654 -663
123945: -654 -672
123946: -654 -681
123947: -654 -690
123948: -654 -699
123949: -654 -708
123950: -654 -717
123951: -654 -726
123952: -663 -672
123953: -663 -681
123954: -663 -690
123955: -663 -699
123956: -663 -708
123957: -663 -717
123958: -663 -726
123959: -672 -681
123960: -672 -690
123961: -672 -699
123962: -672 -708
123963: -672 -717
123964: -672 -726
123965: -681 -690
123966: -681 -699
123967: -681 -708
123968: -681 -717
123969: -681 -726
123970: -690 -699
123971: -690 -708
123972: -690 -717
123973: -690 -726
123974: -699 -708
123975: -699 -717
123976: -699 -726
123977: -708 -717
123978: -708 -726
123979: -717 -726
123980: 654 663 672 681 690 699 708 717 726
123981: -655 -664
123982: -655 -673
123983: -655 -682
123984: -655 -691
123985: -655 -700
123986: -655 -709
123987: -655 -718
123988: -655 -727
123990: -664 -682
123991: -664 -691
123992: -664 -700
123993: -664 -709
123994: -664 -718
123995: -664 -727
123996: -673 -682
123997: -673 -691
123998: -673 -700
123999: -673 -709
124000: -673 -718
124001: -673 -727
124002: -682 -691
124003: -682 -700
124004: -682 -709
124005: -682 -718
124006: -682 -727
124007: -691 -700
124008: -691 -709
124009: -691 -718
124010: -691 -727
124011: -700 -709
124012: -700 -718
124013: -700 -727
124014: -709 -718
124015: -709 -727
124016: -718 -727
124017: 655 664 673 682 691 700 709 718 727
124018: -656 -665
124019: -656 -674
124020: -656 -683
124021: -656 -692
124022: -656 -701
124023: -656 -710
124026: -665 -674
124027: -665 -683
124028: -665 -692
124029: -665 -701
124030: -665 -710
124031: -665 -719
124032: -665 -728
124033: -674 -683
124034: -674 -692
124035: -674 -701
124036: -674 -710
124037: -674 -719
124038: -674 -728
124039: -683 -692
124040: -683 -701
124041: -683 -710
124042: -683 -719
124043: -683 -728
124044: -692 -701
124045: -692 -710
124046: -692 -719
124047: -692 -728
124048: -701 -710
124049: -701 -719
124050: -701 -728
124051: -710 -719
124052: -710 -728
124053: -719 -728
124054: 656 665 674 683 692 701 710 719 728
124055: -657 -666
124056: -657 -675
124057: -657 -684
124058: -657 -693
124059: -657 -702
124060: -657 -711
124061: -657 -720
124063: -666 -675
124064: -666 -684
124065: -666 -693
124066: -666 -702
124067: -666 -711
124068: -666 -720
124069: -666 -729
124071: -675 -693
124072: -675 -702
124073: -675 -711
124075: -675 -729
124076: -684 -693
124077: -684 -702
124078: -684 -711
124079: -684 -720
124080: -684 -729
124081: -693 -702
124082: -693 -711
124083: -693 -720
124084: -693 -729
124085: -702 -711
124086: -702 -720
124087: -702 -729
124088: -711 -720
124089: -711 -729
124090: -720 -729
124091: 657 666 675 684 693 702 711 720 729
124156: -568 -2 89
124165: -649 -2 90
124192: -173 -92 93
124194: -173 -94 255
124195: -173 -95 336
124197: -173 -97 498
124198: -173 -98 579
124199: -173 -99 660
124204: -254 -95 337
124206: -254 -97 499
124208: -254 -99 661
124215: -335 -97 500
124219: -416 -92 96
124220: -416 -93 177
124221: -416 -94 258
124222: -416 -95 339
124225: -416 -98 582
124226: -416 -99 663
124237: -578 -92 98
124238: -578 -93 179
124239: -578 -94 260
124240: -578 -95 341
124242: -578 -97 503
124244: -578 -99 665
124246: -659 -92 99
124247: -659 -93 180
124249: -659 -95 342
124251: -659 -97 504
124252: -659 -98 585
124263: -102 -181 20
124265: -102 -183 182
124267: -102 -185 344
124268: -102 -186 425
124269: -102 -187 506
124283: -264 -183 184
124285: -264 -185 346
124286: -264 -186 427
124287: -264 -187 508
124288: -264 -188 589
124289: -264 -189 670
124290: -345 -181 23
124292: -345 -183 185
124293: -345 -184 266
124295: -345 -186 428
124296: -345 -187 509
124297: -345 -188 590
124298: -345 -189 671
124299: -426 -181 24
124301: -426 -183 186
124303: -426 -185 348
124305: -426 -187 510
124308: -507 -181 25
124310: -507 -183 187
124312: -507 -185 349
124313: -507 -186 430
124315: -507 -188 592
124316: -507 -189 673
124317: -588 -181 26
124318: -588 -182 107
124319: -588 -183 188
124320: -588 -184 269
124321: -588 -185 350
124322: -588 -186 431
124323: -588 -187 512
124325: -588 -189 674
124326: -669 -181 27
124328: -669 -183 189
124329: -669 -184 270
124330: -669 -185 351
124331: -669 -186 432
124332: -669 -187 513
124333: -669 -188 594
124346: -112 -273 191
124350: -112 -277 515
124352: -112 -279 677
124353: -193 -271 30
124354: -193 -272 111
124356: -193 -274 273
124362: -274 -271 31
124367: -274 -276 436
124372: -355 -272 113
124373: -355 -273 194
124374: -355 -274 275
124376: -355 -276 437
124377: -355 -277 518
124378: -355 -278 599
124379: -355 -279 680
124380: -436 -271 33
124381: -436 -272 114
124382: -436 -273 195
124383: -436 -274 276
124384: -436 -275 357
124386: -436 -277 519
124387: -436 -278 600
124388: -436 -279 681
124392: -517 -274 277
124393: -517 -275 358
124394: -517 -276 439
124398: -598 -271 35
124399: -598 -272 116
124400: -598 -273 197
124401: -598 -274 278
124402: -598 -275 359
124403: -598 -276 440
124404: -598 -277 521
124406: -598 -279 683
124407: -679 -271 36
124408: -679 -272 117
124409: -679 -273 198
124410: -679 -274 279
124411: -679 -275 360
124414: -679 -278 603
124425: -122 -361 38
124427: -122 -363 200
124429: -122 -365 362
124431: -122 -367 524
124432: -122 -368 605
124433: -122 -369 686
124434: -203 -361 39
124438: -203 -365 363
124439: -203 -366 444
124440: -203 -367 525
124441: -203 -368 606
124442: -203 -369 687
124443: -284 -361 40
124447: -284 -365 364
124449: -284 -367 526
124450: -284 -368 607
124451: -284 -369 688
124462: -446 -362 123
124463: -446 -363 204
124464: -446 -364 285
124465: -446 -365 366
124467: -446 -367 528
124468: -446 -368 609
124469: -446 -369 690
124470: -527 -361 43
124471: -527 -362 124
124472: -527 -363 205
124474: -527 -365 367
124477: -527 -368 610
124478: -527 -369 691
124479: -608 -361 44
124480: -608 -362 125
124481: -608 -363 206
124483: -608 -365 368
124484: -608 -366 449
124485: -608 -367 530
124487: -608 -369 692
124488: -689 -361 45
124489: -689 -362 126
124490: -689 -363 207
124491: -689 -364 288
124492: -689 -365 369
124493: -689 -366 450
124494: -689 -367 531
124495: -689 -368 612
124515: -213 -451 48
124516: -213 -452 129
124517: -213 -453 210
124518: -213 -454 291
124520: -213 -456 453
124521: -213 -457 534
124522: -213 -458 615
124523: -213 -459 696
124524: -294 -451 49
124525: -294 -452 130
124526: -294 -453 211
124529: -294 -456 454
124530: -294 -457 535
124531: -294 -458 616
124532: -294 -459 697
124534: -375 -452 131
124535: -375 -453 212
124538: -375 -456 455
124539: -375 -457 536
124540: -375 -458 617
124541: -375 -459 698
124560: -618 -451 53
124561: -618 -452 134
124562: -618 -453 215
124563: -618 -454 296
124565: -618 -456 458
124566: -618 -457 539
124568: -618 -459 701
124569: -699 -451 54
124570: -699 -452 135
124571: -699 -453 216
124572: -699 -454 297
124574: -699 -456 459
124575: -699 -457 540
124576: -699 -458 621
124589: -142 -543 218
124593: -142 -547 542
124594: -142 -548 623
124595: -142 -549 704
124597: -223 -542 138
124599: -223 -544 300
124600: -223 -545 381
124602: -223 -547 543
124604: -223 -549 705
124606: -304 -542 139
124607: -304 -543 220
124609: -304 -545 382
124611: -304 -547 544
124612: -304 -548 625
124613: -304 -549 706
124615: -385 -542 140
124617: -385 -544 302
124621: -385 -548 626
124622: -385 -549 707
124624: -466 -542 141
124626: -466 -544 303
124627: -466 -545 384
124629: -466 -547 546
124630: -466 -548 627
124631: -466 -549 708
124642: -628 -542 143
124643: -628 -543 224
124644: -628 -544 305
124645: -628 -545 386
124647: -628 -547 548
124649: -628 -549 710
124651: -709 -542 144
124652: -709 -543 225
124653: -709 -544 306
124654: -709 -545 387
124656: -709 -547 549
124657: -709 -548 630
124668: -152 -631 65
124670: -152 -633 227
124673: -152 -636 470
124674: -152 -637 551
124675: -152 -638 632
124677: -233 -631 66
124678: -233 -632 147
124680: -233 -634 309
124681: -233 -635 390
124682: -233 -636 471
124683: -233 -637 552
124684: -233 -638 633
124686: -314 -631 67
124687: -314 -632 148
124688: -314 -633 229
124690: -314 -635 391
124691: -314 -636 472
124692: -314 -637 553
124693: -314 -638 634
124695: -395 -631 68
124696: -395 -632 149
124697: -395 -633 230
124698: -395 -634 311
124700: -395 -636 473
124701: -395 -637 554
124702: -395 -638 635
124704: -476 -631 69
124705: -476 -632 150
124706: -476 -633 231
124707: -476 -634 312
124708: -476 -635 393
124710: -476 -637 555
124711: -476 -638 636
124713: -557 -631 70
124714: -557 -632 151
124715: -557 -633 232
124716: -557 -634 313
124717: -557 -635 394
124718: -557 -636 475
124719: -557 -637 556
124720: -557 -638 637
124722: -638 -631 71
124723: -638 -632 152
124749: -162 -721 74
124751: -162 -723 236
124752: -162 -724 317
124754: -162 -726 479
124755: -162 -727 560
124757: -162 -729 722
124758: -243 -721 75
124759: -243 -722 156
124761: -243 -724 318
124763: -243 -726 480
124764: -243 -727 561
124766: -243 -729 723
124767: -324 -721 76
124768: -324 -722 157
124769: -324 -723 238
124771: -324 -725 400
124772: -324 -726 481
124773: -324 -727 562
124775: -324 -729 724
124776: -405 -721 77
124777: -405 -722 158
124778: -405 -723 239
124779: -405 -724 320
124781: -405 -726 482
124782: -405 -727 563
124784: -405 -729 725
124785: -486 -721 78
124786: -486 -722 159
124787: -486 -723 240
124788: -486 -724 321
124789: -486 -725 402
124791: -486 -727 564
124793: -486 -729 726
124794: -567 -721 79
124795: -567 -722 160
124796: -567 -723 241
124797: -567 -724 322
124798: -567 -725 403
124799: -567 -726 484
124802: -567 -729 727
124806: -648 -724 323
124811: -648 -729 728
124816: -729 -725 405
125778: -93 -179 -148 269
125779: -93 -179 -149 350
125781: -93 -179 -151 512
125798: -94 -253 -87 433
125847: -94 -259 -136 34
125857: -94 -260 -146 116
125858: -94 -260 -147 197
125860: -94 -260 -149 359
125862: -94 -260 -151 521
125864: -94 -260 -153 683
125879: -95 -334 -87 442
125902: -95 -337 -110 121
125903: -95 -337 -111 202
125907: -95 -337 -115 526
125909: -95 -337 -117 688
125922: -95 -339 -130 285
125926: -95 -339 -134 609
125927: -95 -339 -135 690
125928: -95 -340 -136 43
125937: -95 -341 -145 44
125946: -95 -342 -154 45
126081: -97 -501 -127 60
126083: -97 -501 -129 222
126084: -97 -501 -130 303
126085: -97 -501 -131 384
126087: -97 -501 -133 546
126088: -97 -501 -134 627
126089: -97 -501 -135 708
126122: -98 -577 -87 469
126164: -98 -582 -129 231
126165: -98 -582 -130 312
126166: -98 -582 -131 393
126170: -98 -582 -135 717
126171: -98 -583 -136 70
126190: -98 -585 -155 153
126191: -98 -585 -156 234
126192: -98 -585 -157 315
126193: -98 -585 -158 396
126203: -99 -658 -87 478
126252: -99 -664 -136 79
126262: -99 -665 -146 161
126263: -99 -665 -147 242
126264: -99 -665 -148 323
126265: -99 -665 -149 404
126307: -181 -22 -191 85
126308: -181 -22 -192 166
126310: -181 -22 -194 328
126311: -181 -22 -195 409
126312: -181 -22 -196 490
126313: -181 -22 -197 571
126314: -181 -22 -198 652
126428: -182 -107 -231 422
126448: -183 -181 -170 586
126578: -184 -268 -219 196
126594: -184 -270 -235 36
126606: -185 -343 -166 280
126610: -185 -343 -170 604
126611: -185 -343 -171 685
126618: -185 -344 -178 524
126620: -185 -344 -180 686
126630: -185 -346 -190 40
126632: -185 -346 -192 202
126635: -185 -346 -195 445
126636: -185 -346 -196 526
126637: -185 -346 -197 607
126649: -185 -348 -209 123
126651: -185 -348 -211 285
126654: -185 -348 -214 528
126656: -185 -348 -216 690
126657: -185 -349 -217 43
126658: -185 -349 -218 124
126659: -185 -349 -219 205
126662: -185 -349 -222 448
126664: -185 -349 -224 610
126665: -185 -349 -225 691
126666: -185 -350 -226 44
126667: -185 -350 -227 125
126671: -185 -350 -231 449
126672: -185 -350 -232 530
126674: -185 -350 -234 692
126675: -185 -351 -235 45
126676: -185 -351 -236 126
126682: -185 -351 -242 612
126687: -186 -424 -166 289
126690: -186 -424 -169 532
126691: -186 -424 -170 613
126711: -186 -427 -190 49
126721: -186 -428 -200 131
126723: -186 -428 -202 293
126726: -186 -428 -205 536
126727: -186 -428 -206 617
126728: -186 -428 -207 698
126742: -186 -430 -221 376
126746: -186 -430 -225 700
126747: -186 -431 -226 53
126751: -186 -431 -230 377
126753: -186 -431 -232 539
126755: -186 -431 -234 701
126756: -186 -432 -235 54
126762: -186 -432 -241 540
126768: -187 -505 -166 298
126772: -187 -505 -170 622
126773: -187 -505 -171 703
126793: -187 -508 -191 139
126801: -187 -509 -199 59
126802: -187 -509 -200 140
126803: -187 -509 -201 221
126806: -187 -509 -204 464
126809: -187 -509 -207 707
126819: -187 -511 -217 61
126828: -187 -512 -226 62
126830: -187 -512 -228 224
126831: -187 -512 -229 305
126832: -187 -512 -230 386
126833: -187 -512 -231 467
126836: -187 -512 -234 710
126837: -187 -513 -235 63
126842: -187 -513 -240 468
126849: -188 -586 -166 307
126850: -188 -586 -167 388
126852: -188 -586 -169 550
126854: -188 -586 -171 712
126859: -188 -587 -176 389
126861: -188 -587 -178 551
126919: -188 -594 -236 153
126920: -188 -594 -237 234
126921: -188 -594 -238 315
126922: -188 -594 -239 396
126923: -188 -594 -240 477
126930: -189 -667 -166 316
126931: -189 -667 -167 397
126933: -189 -667 -169 559
126934: -189 -667 -170 640
126942: -189 -668 -178 560
126953: -189 -669 -189 723
126964: -189 -671 -200 158
126991: -189 -674 -227 161
126993: -189 -674 -229 323
126994: -189 -674 -230 404
126995: -189 -674 -231 485
127044: -271 -32 -280 5
127045: -271 -32 -281 86
127046: -271 -32 -282 167
127047: -271 -32 -283 248
127049: -271 -32 -285 410
127050: -271 -32 -286 491
127051: -271 -32 -287 572
127052: -271 -32 -288 653
127093: -272 -109 -248 334
127094: -272 -109 -249 415
127095: -272 -109 -250 496
127096: -272 -109 -251 577
127113: -272 -111 -268 498
127148: -272 -115 -303 421
127152: -272 -116 -307 17
127154: -272 -116 -309 179
127156: -272 -116 -311 341
127158: -272 -116 -313 503
127160: -272 -116 -315 665
127161: -272 -117 -316 18
127163: -272 -117 -318 180
127211: -273 -194 -285 428
127213: -273 -194 -287 590
127214: -273 -194 -288 671
127216: -273 -195 -290 105
127221: -273 -195 -295 510
127223: -273 -195 -297 672
127228: -273 -196 -302 349
127231: -273 -196 -305 592
127232: -273 -196 -306 673
127233: -273 -197 -307 26
127242: -273 -198 -316 27
127243: -273 -198 -317 108
127258: -274 -271 -251 595
127339: -275 -352 -251 604
127357: -275 -354 -269 606
127395: -275 -359 -307 44
127404: -275 -360 -316 45
127414: -276 -433 -245 127
127420: -276 -433 -251 613
127450: -276 -437 -281 131
127455: -276 -437 -286 536
127456: -276 -437 -287 617
127457: -276 -437 -288 698
127468: -276 -439 -299 133
127469: -276 -439 -300 214
127474: -276 -439 -305 619
127479: -276 -440 -310 296
127482: -276 -440 -313 539
127499: -277 -514 -249 460
127501: -277 -514 -251 622
127502: -277 -514 -252 703
127508: -277 -515 -258 461
127510: -277 -515 -260 623
127511: -277 -515 -261 704
127517: -277 -516 -267 462
127519: -277 -516 -269 624
127537: -277 -518 -287 626
127538: -277 -518 -288 707
127556: -277 -520 -306 709
127558: -277 -521 -308 143
127562: -277 -521 -312 467
127567: -277 -522 -317 144
127568: -277 -522 -318 225
127570: -277 -522 -320 387
127576: -278 -595 -245 145
127578: -278 -595 -247 307
127580: -278 -595 -249 469
127583: -278 -595 -252 712
127592: -278 -596 -261 713
127611: -278 -599 -280 68
127616: -278 -599 -285 473
127621: -278 -600 -290 150
127626: -278 -600 -295 555
127628: -278 -600 -297 717
127649: -278 -603 -318 234
127651: -278 -603 -320 396
127652: -278 -603 -321 477
127670: -279 -677 -258 479
127698: -279 -680 -286 563
127701: -279 -681 -289 78
127702: -279 -681 -290 159
127720: -279 -683 -308 161
127721: -279 -683 -309 242
127723: -279 -683 -311 404
127782: -361 -42 -370 6
127784: -361 -42 -372 168
127785: -361 -42 -373 249
127786: -361 -42 -374 330
127787: -361 -42 -375 411
127788: -361 -42 -376 492
127789: -361 -42 -377 573
127790: -361 -42 -378 654
127820: -362 -118 -327 172
127821: -362 -118 -328 253
127823: -362 -118 -330 415
127824: -362 -118 -331 496
127825: -362 -118 -332 577
127841: -362 -120 -348 417
127881: -362 -125 -388 17
127883: -362 -125 -390 179
127885: -362 -125 -392 341
127886: -362 -125 -393 422
127892: -362 -126 -399 180
127894: -362 -126 -401 342
127895: -362 -126 -402 423
127896: -362 -126 -403 504
127897: -362 -126 -404 585
127898: -362 -126 -405 666
127931: -363 -202 -357 427
127932: -363 -202 -358 508
127933: -363 -202 -359 589
127944: -363 -204 -370 24
127945: -363 -204 -371 105
127947: -363 -204 -373 267
127952: -363 -204 -378 672
127956: -363 -205 -382 268
127965: -363 -206 -391 269
127971: -363 -207 -397 27
128026: -364 -285 -371 114
128057: -364 -288 -402 441
128134: -365 -369 -398 126
128138: -365 -369 -402 450
128143: -366 -442 -326 127
128144: -366 -442 -327 208
128149: -366 -442 -332 613
128150: -366 -442 -333 694
128207: -366 -449 -390 215
128214: -366 -450 -397 54
128226: -367 -523 -328 298
128228: -367 -523 -330 460
128231: -367 -523 -333 703
128240: -367 -524 -342 704
128248: -367 -525 -350 624
128286: -367 -530 -388 62
128288: -367 -530 -390 224
128289: -367 -530 -391 305
128290: -367 -530 -392 386
128291: -367 -530 -393 467
128295: -367 -531 -397 63
128296: -367 -531 -398 144
128297: -367 -531 -399 225
128298: -367 -531 -400 306
128299: -367 -531 -401 387
128300: -367 -531 -402 468
128302: -367 -531 -404 630
128305: -368 -604 -326 145
128306: -368 -604 -327 226
128307: -368 -604 -328 307
128310: -368 -604 -331 550
128312: -368 -604 -333 712
128325: -368 -606 -346 309
128327: -368 -606 -348 471
128350: -368 -609 -371 150
128352: -368 -609 -373 312
128353: -368 -609 -374 393
128359: -368 -610 -380 151
128361: -368 -610 -382 313
128363: -368 -610 -384 475
128377: -368 -612 -398 153
128378: -368 -612 -399 234
128379: -368 -612 -400 315
128381: -368 -612 -402 477
128386: -369 -685 -326 154
128388: -369 -685 -328 316
128391: -369 -685 -331 559
128392: -369 -685 -332 640
128394: -369 -686 -334 74
128396: -369 -686 -336 236
128400: -369 -686 -340 560
128401: -369 -686 -341 641
128430: -369 -690 -370 78
128433: -369 -690 -373 321
128449: -369 -692 -389 161
128450: -369 -692 -390 242
128451: -369 -692 -391 323
128453: -369 -692 -393 485
128520: -451 -52 -460 7
128521: -451 -52 -461 88
128522: -451 -52 -462 169
128523: -451 -52 -463 250
128524: -451 -52 -464 331
128526: -451 -52 -466 493
128527: -451 -52 -467 574
128528: -451 -52 -468 655
128563: -452 -128 -422 578
128568: -452 -129 -427 255
128569: -452 -129 -428 336
128570: -452 -129 -429 417
128571: -452 -129 -430 498
128572: -452 -129 -431 579
128578: -452 -130 -437 337
128580: -452 -130 -439 499
128583: -452 -131 -442 14
128585: -452 -131 -444 176
128586: -452 -131 -445 257
128588: -452 -131 -447 419
128589: -452 -131 -448 500
128590: -452 -131 -449 581
128610: -452 -134 -469 17
128613: -452 -134 -472 260
128614: -452 -134 -473 341
128616: -452 -134 -475 503
128617: -452 -134 -476 584
128618: -452 -134 -477 665
128619: -452 -135 -478 18
128621: -452 -135 -480 180
128623: -452 -135 -482 342
128624: -452 -135 -483 423
128625: -452 -135 -484 504
128626: -452 -135 -485 585
128628: -453 -208 -406 19
128629: -453 -208 -407 100
128634: -453 -208 -412 505
128635: -453 -208 -413 586
128636: -453 -208 -414 667
128659: -453 -211 -437 346
128661: -453 -211 -439 508
128662: -453 -211 -440 589
128691: -453 -215 -469 26
128695: -453 -215 -473 350
128697: -453 -215 -475 512
128699: -453 -215 -477 674
128700: -453 -216 -478 27
128710: -454 -289 -407 109
128715: -454 -289 -412 514
128725: -454 -290 -422 596
128726: -454 -290 -423 677
128728: -454 -291 -425 111
128733: -454 -291 -430 516
128734: -454 -291 -431 597
128735: -454 -291 -432 678
128746: -454 -293 -443 113
128752: -454 -293 -449 599
128768: -454 -295 -465 439
128772: -454 -296 -469 35
128773: -454 -296 -470 116
128774: -454 -296 -471 197
128776: -454 -296 -473 359
128779: -454 -296 -476 602
128780: -454 -296 -477 683
128781: -454 -297 -478 36
128783: -454 -297 -480 198
128785: -454 -297 -482 360
128929: -456 -457 -464 376
128953: -457 -532 -407 136
128966: -457 -533 -420 461
128968: -457 -533 -422 623
128969: -457 -533 -423 704
128972: -457 -534 -426 219
128978: -457 -534 -432 705
128986: -457 -535 -440 625
128990: -457 -536 -444 221
129016: -457 -539 -470 143
129020: -457 -539 -474 467
129022: -457 -539 -476 629
129024: -457 -540 -478 63
129025: -457 -540 -479 144
129026: -457 -540 -480 225
129027: -457 -540 -481 306
129031: -457 -540 -485 630
129033: -458 -613 -406 64
129034: -458 -613 -407 145
129035: -458 -613 -408 226
129036: -458 -613 -409 307
129039: -458 -613 -412 550
129041: -458 -613 -414 712
129047: -458 -614 -420 470
129050: -458 -614 -423 713
129051: -458 -615 -424 66
129054: -458 -615 -427 309
129055: -458 -615 -428 390
129062: -458 -616 -435 229
129064: -458 -616 -437 391
129068: -458 -616 -441 715
129070: -458 -617 -443 149
129071: -458 -617 -444 230
129075: -458 -617 -448 554
129089: -458 -619 -462 232
129106: -458 -621 -479 153
129107: -458 -621 -480 234
129108: -458 -621 -481 315
129109: -458 -621 -482 396
129115: -459 -694 -407 154
129116: -459 -694 -408 235
129117: -459 -694 -409 316
129120: -459 -694 -412 559
129121: -459 -694 -413 640
129130: -459 -695 -422 641
129132: -459 -696 -424 75
129138: -459 -696 -430 561
129145: -459 -697 -437 400
129148: -459 -697 -440 643
129152: -459 -698 -444 239
129156: -459 -698 -448 563
129157: -459 -698 -449 644
129169: -459 -700 -461 160
129173: -459 -700 -465 484
129178: -459 -701 -470 161
129179: -459 -701 -471 242
129180: -459 -701 -472 323
129184: -459 -701 -476 647
129188: -459 -702 -480 243
129278: -542 -136 -489 172
129279: -542 -136 -490 253
129280: -542 -136 -491 334
129283: -542 -136 -494 577
129284: -542 -136 -495 658
129348: -542 -144 -559 18
129355: -542 -144 -566 585
129360: -543 -217 -490 262
129361: -543 -217 -491 343
129364: -543 -217 -494 586
129365: -543 -217 -495 667
129371: -543 -218 -501 425
129400: -543 -221 -530 590
129401: -543 -221 -531 671
129420: -543 -224 -550 26
129423: -543 -224 -553 269
129424: -543 -224 -554 350
129428: -543 -224 -558 674
129429: -543 -225 -559 27
129432: -543 -225 -562 270
129444: -544 -298 -493 514
129452: -544 -299 -501 434
129482: -544 -302 -531 680
129487: -544 -303 -536 357
129490: -544 -303 -539 600
129501: -544 -305 -550 35
129505: -544 -305 -554 359
129510: -544 -306 -559 36
129517: -544 -306 -566 603
129533: -545 -380 -501 443
129546: -545 -382 -514 40
129554: -545 -382 -522 688
129567: -545 -384 -535 285
129582: -545 -386 -550 44
129591: -545 -387 -559 45
129700: -547 -543 -506 138
129706: -547 -543 -512 624
129725: -547 -545 -531 707
129744: -547 -548 -550 62
129748: -547 -548 -554 386
129753: -547 -549 -559 63
129754: -547 -549 -560 144
129764: -548 -622 -489 226
129776: -548 -623 -501 470
129783: -548 -624 -508 309
129784: -548 -624 -509 390
129789: -548 -625 -514 67
129791: -548 -625 -516 229
129793: -548 -625 -518 391
129797: -548 -625 -522 715
129798: -548 -626 -523 68
129800: -548 -626 -525 230
129801: -548 -626 -526 311
129804: -548 -626 -529 554
129806: -548 -626 -531 716
129825: -548 -629 -550 71
129826: -548 -629 -551 152
129835: -548 -630 -560 153
129836: -548 -630 -561 234
129837: -548 -630 -562 315
129838: -548 -630 -563 396
129846: -549 -703 -490 316
129850: -549 -703 -494 640
129857: -549 -704 -501 479
129861: -549 -705 -505 75
129864: -549 -705 -508 318
129865: -549 -705 -509 399
129868: -549 -705 -512 642
129870: -549 -706 -514 76
129872: -549 -706 -516 238
129874: -549 -706 -518 400
129877: -549 -706 -521 643
129879: -549 -707 -523 77
129881: -549 -707 -525 239
129882: -549 -707 -526 320
129883: -549 -707 -527 401
129886: -549 -707 -530 644
129888: -549 -708 -532 78
129890: -549 -708 -534 240
129891: -549 -708 -535 321
129892: -549 -708 -536 402
129908: -549 -710 -552 242
129909: -549 -710 -553 323
129910: -549 -710 -554 404
129915: -549 -711 -559 81
129997: -631 -72 -641 90
129998: -631 -72 -642 171
129999: -631 -72 -643 252
130000: -631 -72 -644 333
130001: -631 -72 -645 414
130002: -631 -72 -646 495
130003: -631 -72 -647 576
130007: -632 -145 -570 172
130008: -632 -145 -571 253
130009: -632 -145 -572 334
130010: -632 -145 -573 415
130011: -632 -145 -574 496
130026: -632 -147 -589 255
130028: -632 -147 -591 417
130029: -632 -147 -592 498
130034: -632 -148 -597 175
130036: -632 -148 -599 337
130037: -632 -148 -600 418
130039: -632 -148 -602 580
130041: -632 -149 -604 14
130043: -632 -149 -606 176
130044: -632 -149 -607 257
130046: -632 -149 -609 419
130047: -632 -149 -610 500
130048: -632 -149 -611 581
130061: -632 -151 -624 178
130067: -632 -151 -630 664
130081: -632 -153 -644 342
130082: -632 -153 -645 423
130083: -632 -153 -646 504
130087: -633 -226 -569 100
130090: -633 -226 -572 343
130091: -633 -226 -573 424
130092: -633 -226 -574 505
130100: -633 -227 -582 425
130101: -633 -227 -583 506
130114: -633 -229 -596 103
130117: -633 -229 -599 346
130118: -633 -229 -600 427
130127: -633 -230 -609 428
130132: -633 -231 -614 105
130139: -633 -231 -621 672
130140: -633 -232 -622 25
130161: -633 -234 -643 270
130162: -633 -234 -644 351
130163: -633 -234 -645 432
130164: -633 -234 -646 513
130168: -634 -307 -569 109
130169: -634 -307 -570 190
130172: -634 -307 -573 433
130190: -634 -309 -591 435
130208: -634 -311 -609 437
130213: -634 -312 -614 114
130214: -634 -312 -615 195
130220: -634 -312 -621 681
130221: -634 -313 -622 34
130229: -634 -313 -630 682
130241: -634 -315 -642 198
130244: -634 -315 -645 441
130245: -634 -315 -646 522
130249: -635 -388 -569 118
130250: -635 -388 -570 199
130251: -635 -388 -571 280
130254: -635 -388 -574 523
130262: -635 -389 -582 443
130266: -635 -390 -586 39
130276: -635 -391 -596 121
130280: -635 -391 -600 445
130294: -635 -393 -614 123
130299: -635 -393 -619 528
130300: -635 -393 -620 609
130304: -635 -394 -624 205
130323: -635 -396 -643 288
130326: -635 -396 -646 531
130330: -636 -469 -569 127
130331: -636 -469 -570 208
130332: -636 -469 -571 289
130333: -636 -469 -572 370
130335: -636 -469 -574 532
130351: -636 -471 -590 372
130356: -636 -472 -595 49
130363: -636 -472 -602 616
130366: -636 -473 -605 131
130384: -636 -475 -623 133
130387: -636 -475 -626 376
130403: -636 -477 -642 216
130404: -636 -477 -643 297
130412: -637 -550 -570 217
130413: -637 -550 -571 298
130414: -637 -550 -572 379
130415: -637 -550 -573 460
130421: -637 -551 -579 218
130422: -637 -551 -580 299
130423: -637 -551 -581 380
130424: -637 -551 -582 461
130428: -637 -552 -586 57
130430: -637 -552 -588 219
130431: -637 -552 -589 300
130432: -637 -552 -590 381
130436: -637 -552 -594 705
130438: -637 -553 -596 139
130439: -637 -553 -597 220
130441: -637 -553 -599 382
130447: -637 -554 -605 140
130448: -637 -554 -606 221
130449: -637 -554 -607 302
130450: -637 -554 -608 383
130451: -637 -554 -609 464
130464: -637 -556 -622 61
130483: -637 -558 -641 144
130484: -637 -558 -642 225
130485: -637 -558 -643 306
130486: -637 -558 -644 387
130487: -637 -558 -645 468
130523: -638 -634 -600 472
130717: -721 -80 -713 89
130718: -721 -80 -714 170
130719: -721 -80 -715 251
130720: -721 -80 -716 332
130721: -721 -80 -717 413
130722: -721 -80 -718 494
130723: -721 -80 -719 575
130737: -722 -154 -652 253
130738: -722 -154 -653 334
130739: -722 -154 -654 415
130740: -722 -154 -655 496
130759: -722 -156 -674 579
130763: -722 -157 -678 175
130772: -722 -158 -687 176
130773: -722 -158 -688 257
130775: -722 -158 -690 419
130776: -722 -158 -691 500
130788: -722 -160 -703 16
130790: -722 -160 -705 178
130801: -722 -161 -716 341
130803: -722 -161 -718 503
130816: -723 -235 -650 100
130819: -723 -235 -653 343
130820: -723 -235 -654 424
130821: -723 -235 -655 505
130824: -723 -236 -658 20
130829: -723 -236 -663 425
130831: -723 -236 -665 587
130846: -723 -238 -680 346
130849: -723 -238 -683 589
130856: -723 -239 -690 428
130858: -723 -239 -692 590
130861: -723 -240 -695 105
130862: -723 -240 -696 186
130866: -723 -240 -700 510
130867: -723 -240 -701 591
130882: -723 -242 -716 350
130883: -723 -242 -717 431
130884: -723 -242 -718 512
130897: -724 -316 -650 109
130898: -724 -316 -651 190
130900: -724 -316 -653 352
130901: -724 -316 -654 433
130902: -724 -316 -655 514
130912: -724 -317 -665 596
130919: -724 -318 -672 435
130921: -724 -318 -674 597
130937: -724 -320 -690 437
130942: -724 -321 -695 114
130943: -724 -321 -696 195
130947: -724 -321 -700 519
130961: -724 -323 -714 197
130978: -725 -397 -650 118
130979: -725 -397 -651 199
130980: -725 -397 -652 280
130982: -725 -397 -654 442
130983: -725 -397 -655 523
131000: -725 -399 -672 444
131009: -725 -400 -681 445
131023: -725 -402 -695 123
131024: -725 -402 -696 204
131028: -725 -402 -700 528
131041: -725 -404 -713 125
131059: -726 -478 -650 127
131060: -726 -478 -651 208
131061: -726 -478 -652 289
131062: -726 -478 -653 370
131064: -726 -478 -655 532
131067: -726 -479 -658 47
131079: -726 -480 -670 291
131085: -726 -481 -676 49
131087: -726 -481 -678 211
131095: -726 -482 -686 131
131096: -726 -482 -687 212
131100: -726 -482 -691 536
131101: -726 -482 -692 617
131113: -726 -484 -704 133
131123: -726 -485 -714 215
131124: -726 -485 -715 296
131125: -726 -485 -716 377
131141: -727 -559 -651 217
131142: -727 -559 -652 298
131143: -727 -559 -653 379
131144: -727 -559 -654 460
131156: -727 -560 -666 704
131160: -727 -561 -670 300
131161: -727 -561 -671 381
131164: -727 -561 -674 624
131170: -727 -562 -680 382
131200: -727 -565 -710 628
131317: -729 -722 -665 641
131319: -729 -723 -667 75
131350: -729 -726 -698 402
131382: -2 -82
131384: -2 -91
131385: -2 -83
131415: -2 -87 -415
131438: -2 -12 -19
131440: -2 -12 -164
132075: -93 -173
132076: -93 -101
132078: -93 -174
132105: -93 -177 -128
132108: -93 -177 -425
132127: -93 -100 -12
132147: -93 -107 -578
132152: -94 -254
132153: -94 -110
132154: -94 -272
132155: -94 -256
132156: -94 -112
132189: -94 -259 -142
132192: -94 -260 -146
132199: -94 -261 -162
132207: -94 -110 -94
132209: -94 -111 -173
132216: -94 -113 -337
132223: -94 -116 -146
132226: -94 -117 -155
132229: -95 -335
132232: -95 -338
132233: -95 -122
132240: -95 -335 -95
132243: -95 -335 -335
132247: -95 -336 -200
132251: -95 -337 -112
132252: -95 -337 -281
132259: -95 -339 -128
132262: -95 -339 -443
132269: -95 -341 -146
132284: -95 -119 -95
132286: -95 -120 -173
132290: -95 -121 -257
132300: -95 -125 -146
132303: -95 -126 -155
132384: -97 -137
132385: -97 -542
132413: -97 -501 -128
132416: -97 -501 -461
132457: -97 -144 -155
132460: -98 -578
132461: -98 -146
132462: -98 -632
132463: -98 -584
132471: -98 -578 -98
132493: -98 -582 -470
132522: -98 -149 -119
132523: -98 -149 -335
132537: -99 -659
132538: -99 -155
132539: -99 -722
132540: -99 -666
132541: -99 -162
132548: -99 -659 -99
132577: -99 -665 -146
132597: -99 -157 -254
132615: -181 -165
132634: -181 -22 -192
132636: -181 -22 -193
132676: -181 -167 -201
132678: -181 -167 -343
132684: -181 -169 -505
132768: -184 -264
132770: -184 -273
132771: -184 -265
132778: -184 -263 -174
132781: -184 -263 -111
132784: -184 -264 -184
132787: -184 -264 -264
132808: -184 -269 -228
132813: -184 -270 -237
132820: -184 -190 -22
132821: -184 -191 -174
132839: -184 -197 -228
132845: -185 -345
132847: -185 -363
132848: -185 -347
132850: -185 -343 -165
132857: -185 -344 -173
132865: -185 -346 -192
132867: -185 -346 -193
132868: -185 -346 -282
132877: -185 -348 -213
132878: -185 -348 -444
132882: -185 -349 -223
132883: -185 -349 -525
132890: -185 -351 -237
132898: -185 -200 -174
132910: -185 -204 -210
132912: -185 -204 -428
132919: -185 -207 -237
132922: -186 -426
132923: -186 -210
132924: -186 -453
132925: -186 -429
132950: -186 -428 -372
132993: -186 -215 -228
132996: -186 -216 -237
132999: -187 -507
133000: -187 -219
133001: -187 -543
133002: -187 -511
133026: -187 -509 -203
133039: -187 -512 -228
133044: -187 -513 -237
133052: -187 -218 -174
133070: -187 -224 -228
133072: -187 -224 -592
133073: -187 -225 -237
133076: -188 -588
133077: -188 -228
133078: -188 -633
133079: -188 -593
133080: -188 -233
133089: -188 -587 -147
133153: -189 -669
133154: -189 -237
133155: -189 -723
133156: -189 -675
133157: -189 -243
133196: -189 -674 -642
133203: -189 -235 -165
133211: -189 -237 -189
133231: -271 -247
133255: -271 -32 -283
133257: -271 -32 -284
133258: -271 -32 -328
133307: -272 -112
133308: -272 -256
133310: -272 -110
133335: -272 -113 -337
133349: -272 -116 -314
133378: -272 -260 -310
133381: -272 -261 -319
133384: -273 -193
133385: -273 -265
133387: -273 -192
133388: -273 -264
133392: -273 -190 -22
133409: -273 -194 -283
133416: -273 -195 -294
133419: -273 -196 -301
133421: -273 -196 -304
133446: -273 -266 -283
133449: -273 -267 -292
133450: -273 -267 -436
133452: -273 -268 -301
133455: -273 -269 -310
133461: -275 -355
133464: -275 -356
133482: -275 -355 -275
133513: -275 -280 -32
133538: -276 -436
133539: -276 -292
133540: -276 -454
133541: -276 -438
133559: -276 -436 -276
133566: -276 -437 -373
133573: -276 -439 -301
133599: -276 -292 -276
133609: -276 -296 -310
133612: -276 -297 -319
133615: -277 -517
133616: -277 -301
133617: -277 -544
133618: -277 -520
133627: -277 -515 -254
133673: -277 -300 -196
133678: -277 -302 -355
133686: -277 -305 -310
133689: -277 -306 -319
133692: -278 -598
133693: -278 -310
133694: -278 -634
133695: -278 -602
133696: -278 -314
133753: -278 -310 -278
133756: -278 -311 -359
133762: -278 -313 -521
133769: -279 -679
133770: -279 -319
133771: -279 -724
133772: -279 -684
133774: -279 -676 -247
133796: -279 -680 -284
133822: -279 -317 -256
133824: -279 -317 -117
133827: -279 -318 -198
133847: -361 -329
133876: -361 -42 -374
133878: -361 -42 -375
133904: -361 -327 -199
133906: -361 -328 -284
133912: -361 -330 -446
133916: -361 -331 -523
133923: -362 -122
133924: -362 -338
133926: -362 -119
133938: -362 -120 -347
133940: -362 -120 -345
133941: -362 -120 -176
133994: -362 -341 -392
133997: -362 -342 -401
134000: -363 -203
134002: -363 -185
134004: -363 -345
134030: -363 -204 -374
134033: -363 -204 -428
134038: -363 -205 -509
134050: -363 -343 -329
134053: -363 -344 -338
134064: -363 -347 -363
134067: -363 -348 -444
134071: -363 -350 -392
134074: -363 -351 -401
134154: -366 -446
134155: -366 -374
134157: -366 -447
134159: -366 -442 -329
134180: -366 -446 -366
134206: -366 -370 -42
134228: -366 -378 -401
134231: -367 -527
134234: -367 -529
134271: -367 -530 -392
134276: -367 -531 -401
134305: -367 -387 -401
134308: -368 -608
134309: -368 -392
134310: -368 -635
134311: -368 -611
134312: -368 -395
134323: -368 -606 -347
134331: -368 -607 -311
134355: -368 -612 -405
134356: -368 -612 -716
134374: -368 -393 -446
134382: -368 -396 -401
134384: -368 -396 -692
134385: -369 -689
134386: -369 -401
134388: -369 -693
134389: -369 -405
134390: -369 -685 -329
134395: -369 -686 -338
134397: -369 -686 -335
134408: -369 -688 -320
134415: -369 -690 -374
134425: -369 -692 -392
134427: -369 -692 -395
134438: -369 -398 -338
134443: -369 -399 -207
134453: -369 -403 -383
134455: -369 -403 -531
134463: -451 -411
134466: -451 -406
134497: -451 -52 -465
134498: -451 -52 -460
134499: -451 -52 -466
134529: -451 -411 -451
134540: -452 -420
134542: -452 -128
134556: -452 -129 -426
134566: -452 -131 -446
134577: -452 -133 -501
134579: -452 -134 -474
134586: -452 -135 -486
134595: -452 -417 -429
134598: -452 -418 -438
134610: -452 -422 -474
134613: -452 -423 -483
134616: -453 -213
134617: -453 -429
134619: -453 -210
134620: -453 -426
134626: -453 -209 -420
134628: -453 -209 -416
134643: -453 -212 -446
134653: -453 -214 -466
134656: -453 -215 -474
134658: -453 -215 -476
134666: -453 -424 -411
134669: -453 -425 -420
134671: -453 -425 -129
134678: -453 -428 -447
134680: -453 -428 -372
134686: -453 -430 -534
134687: -453 -431 -474
134688: -453 -431 -618
134690: -453 -432 -483
134693: -454 -294
134694: -454 -438
134696: -454 -292
134697: -454 -436
134698: -454 -289 -411
134720: -454 -293 -446
134735: -454 -296 -476
134736: -454 -296 -600
134741: -454 -297 -681
134746: -454 -434 -420
134755: -454 -437 -447
134764: -454 -440 -474
134767: -454 -441 -483
134848: -457 -465
134850: -457 -538
134851: -457 -466
134864: -457 -534 -426
134892: -457 -540 -483
134904: -457 -462 -213
134911: -457 -464 -376
134914: -457 -465 -457
134919: -457 -467 -618
134924: -458 -618
134925: -458 -474
134926: -458 -636
134927: -458 -620
134934: -458 -614 -420
134936: -458 -614 -416
134941: -458 -615 -426
134942: -458 -615 -231
134947: -458 -616 -312
134951: -458 -617 -446
134955: -458 -618 -458
134959: -458 -619 -465
134969: -458 -621 -483
134971: -458 -621 -486
134977: -458 -470 -420
134982: -458 -471 -215
135001: -459 -699
135002: -459 -483
135003: -459 -726
135004: -459 -702
135005: -459 -486
135006: -459 -694 -411
135011: -459 -695 -420
135013: -459 -695 -416
135019: -459 -696 -240
135023: -459 -697 -436
135024: -459 -697 -321
135026: -459 -698 -447
135028: -459 -698 -446
135029: -459 -698 -402
135036: -459 -700 -465
135041: -459 -701 -474
135054: -459 -479 -420
135056: -459 -479 -135
135058: -459 -480 -213
135064: -459 -482 -375
135065: -459 -482 -378
135068: -459 -483 -459
135069: -459 -484 -465
135081: -541 -55
135155: -542 -142
135158: -542 -137
135173: -542 -138 -178
135191: -542 -142 -542
135220: -542 -501 -538
135221: -542 -501 -466
135232: -543 -223
135233: -543 -511
135234: -543 -187
135235: -543 -219
135274: -543 -224 -557
135287: -543 -506 -138
135292: -543 -508 -304
135303: -543 -512 -556
135306: -543 -513 -565
135309: -544 -304
135310: -544 -520
135312: -544 -301
135313: -544 -517
135337: -544 -302 -358
135373: -544 -518 -382
135384: -544 -522 -709
135386: -545 -385
135389: -545 -383
135391: -545 -379 -493
135403: -545 -381 -507
135422: -545 -385 -545
135540: -548 -628
135541: -548 -556
135542: -548 -637
135543: -548 -629
135553: -548 -623 -151
135555: -548 -624 -511
135557: -548 -624 -507
135562: -548 -625 -517
135563: -548 -625 -313
135565: -548 -626 -529
135567: -548 -626 -527
135568: -548 -626 -394
135590: -548 -550 -493
135617: -549 -709
135618: -549 -565
135619: -549 -727
135620: -549 -711
135621: -549 -567
135632: -549 -705 -511
135634: -549 -705 -507
135637: -549 -706 -520
135639: -549 -706 -517
135644: -549 -707 -527
135667: -549 -559 -493
135673: -549 -561 -511
135695: -631 -575
135739: -631 -72 -647
135759: -631 -573 -620
135771: -632 -152
135772: -632 -584
135774: -632 -146
135793: -632 -148 -598
135794: -632 -148 -260
135796: -632 -149 -611
135812: -632 -152 -632
135830: -632 -580 -602
135836: -632 -582 -620
135844: -632 -584 -632
135848: -633 -233
135849: -633 -593
135851: -633 -228
135852: -633 -588
135860: -633 -227 -578
135871: -633 -229 -269
135876: -633 -230 -350
135889: -633 -233 -633
135901: -633 -587 -584
135907: -633 -589 -602
135908: -633 -589 -314
135911: -633 -590 -395
135913: -633 -591 -620
135914: -633 -591 -476
135921: -633 -593 -633
135922: -633 -594 -647
135925: -634 -314
135926: -634 -602
135928: -634 -310
135957: -634 -312 -618
135966: -634 -314 -634
135982: -634 -597 -233
135988: -634 -599 -395
135990: -634 -600 -620
135993: -634 -601 -629
136001: -634 -603 -715
136002: -635 -395
136003: -635 -611
136005: -635 -392
136039: -635 -394 -628
136043: -635 -395 -635
136046: -635 -395 -395
136055: -635 -605 -584
136056: -635 -605 -152
136057: -635 -605 -149
136059: -635 -606 -233
136060: -635 -606 -230
136062: -635 -607 -314
136067: -635 -609 -620
136069: -635 -609 -473
136076: -635 -612 -647
136079: -636 -476
136080: -636 -620
136082: -636 -474
136083: -636 -618
136096: -636 -471 -588
136114: -636 -475 -629
136120: -636 -476 -636
136135: -636 -615 -593
136136: -636 -615 -233
136142: -636 -617 -395
136143: -636 -617 -393
136156: -637 -557
136157: -637 -629
136159: -637 -556
136160: -637 -628
136168: -637 -551 -578
136171: -637 -552 -593
136173: -637 -552 -588
136176: -637 -553 -602
136178: -637 -553 -598
136183: -637 -554 -608
136197: -637 -557 -637
136209: -637 -623 -584
136210: -637 -623 -152
136212: -637 -624 -593
136213: -637 -624 -233
136215: -637 -625 -602
136216: -637 -625 -314
136219: -637 -626 -395
136221: -637 -627 -620
136230: -637 -630 -647
136234: -639 -647
136298: -639 -645 -620
136311: -721 -657
136350: -721 -80 -720
136377: -721 -654 -478
136380: -721 -655 -559
136387: -722 -162
136388: -722 -666
136389: -722 -99
136390: -722 -155
136391: -722 -659
136402: -722 -156 -675
136409: -722 -157 -679
136414: -722 -158 -689
136433: -722 -162 -722
136458: -722 -665 -720
136464: -723 -243
136465: -723 -675
136467: -723 -237
136487: -723 -238 -270
136496: -723 -240 -699
136510: -723 -243 -723
136524: -723 -670 -324
136527: -723 -671 -405
136530: -723 -672 -486
136531: -723 -672 -480
136532: -723 -673 -711
136533: -723 -673 -567
136535: -723 -674 -720
136536: -723 -674 -648
136540: -723 -675 -723
136541: -724 -324
136542: -724 -684
136544: -724 -319
136598: -724 -678 -243
136604: -724 -680 -405
136607: -724 -681 -486
136610: -724 -682 -567
136612: -724 -683 -720
136617: -724 -684 -724
136618: -725 -405
136619: -725 -693
136621: -725 -401
136628: -725 -398 -666
136648: -725 -402 -702
136650: -725 -402 -699
136664: -725 -405 -725
136675: -725 -687 -243
136678: -725 -688 -324
136683: -725 -690 -702
136684: -725 -690 -486
136686: -725 -691 -711
136687: -725 -691 -567
136689: -725 -692 -720
136695: -726 -486
136696: -726 -702
136698: -726 -483
136699: -726 -699
136705: -726 -479 -666
136741: -726 -486 -726
136749: -726 -695 -162
136751: -726 -696 -675
136752: -726 -696 -243
136758: -726 -698 -405
136768: -726 -701 -645
136771: -726 -702 -726
136772: -727 -567
136773: -727 -711
136775: -727 -565
136789: -727 -561 -669
136832: -727 -706 -324
136835: -727 -707 -405
136926: 2
136927: 12
136928: 22
136929: 32
136930: 42
136931: 52
136932: 55
136933: 72