1 1 1 1 1 3
UNSAT
0: -1 -2
1: -1 -3
2: -1 -4
3: -1 -5
4: -1 -6
5: -1 -7
6: -1 -8
36: -10 -11
37: -10 -12
38: -10 -13
39: -10 -14
40: -10 -15
41: -10 -16
71: -19 -20
72: -19 -21
73: -19 -22
74: -19 -23
75: -19 -24
105: -28 -29
106: -28 -30
107: -28 -31
108: -28 -32
138: -37 -38
139: -37 -39
140: -37 -40
170: -46 -47
172: -47 -48
200: -54 -56
245: -67 -68
246: -67 -69
247: -67 -70
248: -67 -71
249: -67 -72
250: -68 -69
251: -68 -70
252: -68 -71
253: -68 -72
254: -69 -70
255: -69 -71
256: -69 -72
257: -70 -71
258: -70 -72
259: -71 -72
260: 65 66 67 68 69 70 71 72
274: -75 -76
275: -75 -77
276: -75 -78
277: -75 -79
278: -75 -80
279: -76 -77
280: -76 -78
281: -76 -79
282: -76 -80
283: -77 -78
284: -77 -79
285: -77 -80
286: -78 -79
287: -78 -80
288: -79 -80
289: 73 74 75 76 77 78 79 80
291: -81 -83
292: -81 -84
293: -81 -85
294: -81 -86
295: -81 -87
296: -81 -88
318: 81 82 83 84 85 86 87 88
319: -89 -90
320: -89 -91
321: -89 -92
322: -89 -93
323: -89 -94
324: -89 -95
325: -89 -96
327: -90 -92
347: 89 90 91 92 93 94 95 96
348: -97 -98
349: -97 -99
350: -97 -100
351: -97 -101
352: -97 -102
353: -97 -103
354: -97 -104
355: -98 -99
356: -98 -100
357: -98 -101
359: -98 -103
360: -98 -104
372: -101 -104
374: -102 -104
375: -103 -104
376: 97 98 99 100 101 102 103 104
377: -105 -106
380: -105 -109
381: -105 -110
382: -105 -111
383: -105 -112
384: -106 -107
386: -106 -109
387: -106 -110
388: -106 -111
394: -107 -112
398: -108 -112
401: -109 -112
403: -110 -112
405: 105 106 107 108 109 110 111 112
406: -113 -114
407: -113 -115
409: -113 -117
411: -113 -119
413: -114 -115
414: -114 -116
415: -114 -117
417: -114 -119
418: -114 -120
419: -115 -116
421: -115 -118
423: -115 -120
426: -116 -119
433: -119 -120
434: 113 114 115 116 117 118 119 120
435: -121 -122
436: -121 -123
438: -121 -125
439: -121 -126
441: -121 -128
442: -122 -123
443: -122 -124
444: -122 -125
445: -122 -126
446: -122 -127
447: -122 -128
456: -124 -128
463: 121 122 123 124 125 126 127 128
472: -130 -132
474: -130 -134
476: -130 -136
482: -132 -133
484: -132 -135
487: -133 -135
489: -134 -135
490: -134 -136
491: -135 -136
492: 129 130 131 132 133 134 135 136
493: -137 -138
494: -137 -139
495: -137 -140
496: -137 -141
497: -137 -142
498: -137 -143
499: -137 -144
500: -138 -139
506: -139 -140
509: -139 -143
521: 137 138 139 140 141 142 143 144
530: -146 -148
531: -146 -149
532: -146 -150
533: -146 -151
534: -146 -152
540: -148 -149
541: -148 -150
542: -148 -151
543: -148 -152
544: -149 -150
545: -149 -151
546: -149 -152
547: -150 -151
548: -150 -152
549: -151 -152
550: 145 146 147 148 149 150 151 152
551: -153 -154
552: -153 -155
553: -153 -156
554: -153 -157
555: -153 -158
556: -153 -159
557: -153 -160
558: -154 -155
559: -154 -156
561: -154 -158
562: -154 -159
563: -154 -160
564: -155 -156
566: -155 -158
568: -155 -160
579: 153 154 155 156 157 158 159 160
580: -161 -162
581: -161 -163
582: -161 -164
583: -161 -165
584: -161 -166
585: -161 -167
586: -161 -168
587: -162 -163
588: -162 -164
589: -162 -165
593: -163 -164
594: -163 -165
597: -163 -168
608: 161 162 163 164 165 166 167 168
609: -169 -170
610: -169 -171
611: -169 -172
613: -169 -174
614: -169 -175
616: -170 -171
622: -171 -172
623: -171 -173
624: -171 -174
625: -171 -175
626: -171 -176
637: 169 170 171 172 173 174 175 176
638: -177 -178
639: -177 -179
640: -177 -180
642: -177 -182
643: -177 -183
644: -177 -184
645: -178 -179
649: -178 -183
651: -179 -180
652: -179 -181
653: -179 -182
654: -179 -183
655: -179 -184
658: -180 -183
661: -181 -183
662: -181 -184
667: -185 -186
668: -185 -187
669: -185 -188
671: -185 -190
673: -185 -192
674: -186 -187
678: -186 -191
680: -187 -188
681: -187 -189
682: -187 -190
683: -187 -191
684: -187 -192
686: -188 -190
688: -188 -192
695: 185 186 187 188 189 190 191 192
703: -194 -195
705: -194 -197
706: -194 -198
707: -194 -199
712: -195 -199
713: -195 -200
718: -197 -198
719: -197 -199
720: -197 -200
721: -198 -199
722: -198 -200
723: -199 -200
724: 193 194 195 196 197 198 199 200
725: -201 -202
726: -201 -203
727: -201 -204
728: -201 -205
729: -201 -206
730: -201 -207
731: -201 -208
733: -202 -204
735: -202 -206
739: -203 -205
740: -203 -206
744: -204 -206
745: -204 -207
746: -204 -208
751: -206 -208
753: 201 202 203 204 205 206 207 208
754: -209 -210
756: -209 -212
757: -209 -213
758: -209 -214
759: -209 -215
760: -209 -216
762: -210 -212
767: -211 -212
772: -212 -213
773: -212 -214
774: -212 -215
779: -214 -215
780: -214 -216
782: 209 210 211 212 213 214 215 216
790: -218 -219
792: -218 -221
793: -218 -222
794: -218 -223
795: -218 -224
797: -219 -221
798: -219 -222
799: -219 -223
800: -219 -224
805: -221 -222
806: -221 -223
807: -221 -224
808: -222 -223
809: -222 -224
810: -223 -224
811: 217 218 219 220 221 222 223 224
812: -225 -226
813: -225 -227
814: -225 -228
815: -225 -229
816: -225 -230
817: -225 -231
818: -225 -232
820: -226 -228
825: -227 -228
830: -228 -229
832: -228 -231
839: -231 -232
840: 225 226 227 228 229 230 231 232
842: -233 -235
843: -233 -236
845: -233 -238
849: -234 -236
850: -234 -237
851: -234 -238
854: -235 -236
855: -235 -237
859: -236 -237
860: -236 -238
861: -236 -239
862: -236 -240
863: -237 -238
864: -237 -239
865: -237 -240
870: -241 -242
872: -241 -244
874: -241 -246
875: -241 -247
876: -241 -248
878: -242 -244
880: -242 -246
881: -242 -247
882: -242 -248
883: -243 -244
888: -244 -245
889: -244 -246
891: -244 -248
894: -245 -248
896: -246 -248
898: 241 242 243 244 245 246 247 248
899: -249 -250
900: -249 -251
901: -249 -252
902: -249 -253
903: -249 -254
905: -249 -256
907: -250 -252
911: -250 -256
913: -251 -253
916: -251 -256
917: -252 -253
918: -252 -254
920: -252 -256
926: -255 -256
927: 249 250 251 252 253 254 255 256
936: -258 -260
944: -259 -263
947: -260 -262
948: -260 -263
949: -260 -264
956: 257 258 259 260 261 262 263 264
957: -265 -266
958: -265 -267
959: -265 -268
960: -265 -269
961: -265 -270
962: -265 -271
963: -265 -272
966: -266 -269
970: -267 -268
975: -268 -269
977: -268 -271
985: 265 266 267 268 269 270 271 272
986: -273 -274
987: -273 -275
988: -273 -276
989: -273 -277
990: -273 -278
991: -273 -279
992: -273 -280
995: -274 -277
998: -274 -280
1000: -275 -277
1004: -276 -277
1009: -277 -279
1010: -277 -280
1014: 273 274 275 276 277 278 279 280
1015: -281 -282
1016: -281 -283
1017: -281 -284
1018: -281 -285
1019: -281 -286
1020: -281 -287
1021: -281 -288
1029: -283 -285
1033: -284 -285
1038: -285 -287
1043: 281 282 283 284 285 286 287 288
1051: -290 -291
1052: -290 -292
1054: -290 -294
1055: -290 -295
1057: -291 -292
1059: -291 -294
1060: -291 -295
1061: -291 -296
1063: -292 -294
1064: -292 -295
1065: -292 -296
1069: -294 -295
1070: -294 -296
1071: -295 -296
1072: 289 290 291 292 293 294 295 296
1074: -297 -299
1075: -297 -300
1076: -297 -301
1078: -297 -303
1083: -298 -302
1084: -298 -303
1085: -298 -304
1092: -300 -302
1093: -300 -303
1097: -301 -304
1101: 297 298 299 300 301 302 303 304
1103: -305 -307
1104: -305 -308
1105: -305 -309
1109: -306 -307
1111: -306 -309
1113: -306 -311
1115: -307 -308
1116: -307 -309
1117: -307 -310
1119: -307 -312
1120: -308 -309
1122: -308 -311
1126: -309 -312
1129: -311 -312
1130: 305 306 307 308 309 310 311 312
1131: -313 -314
1132: -313 -315
1133: -313 -316
1134: -313 -317
1136: -313 -319
1137: -313 -320
1140: -314 -317
1143: -314 -320
1145: -315 -317
1149: -316 -317
1150: -316 -318
1152: -316 -320
1155: -317 -320
1159: 313 314 315 316 317 318 319 320
1178: -324 -325
1188: 321 322 323 324 325 326 327 328
1189: -329 -330
1190: -329 -331
1191: -329 -332
1192: -329 -333
1194: -329 -335
1195: -329 -336
1217: 329 330 331 332 333 334 335 336
1219: -337 -339
1220: -337 -340
1221: -337 -341
1223: -337 -343
1224: -337 -344
1230: -338 -344
1239: -340 -344
1246: 337 338 339 340 341 342 343 344
1247: -345 -346
1249: -345 -348
1252: -345 -351
1253: -345 -352
1259: -346 -352
1271: -349 -352
1275: 345 346 347 348 349 350 351 352
1276: -353 -354
1277: -353 -355
1278: -353 -356
1279: -353 -357
1281: -353 -359
1282: -353 -360
1292: -355 -359
1293: -355 -360
1296: -356 -359
1297: -356 -360
1304: 353 354 355 356 357 358 359 360
1333: 361 362 363 364 365 366 367 368
1335: -369 -371
1339: -369 -375
1340: -369 -376
1355: -372 -376
1361: -375 -376
1390: -383 -384
1391: 377 378 379 380 381 382 383 384
1399: -386 -387
1401: -386 -389
1404: -386 -392
1406: -387 -389
1416: -389 -392
1420: 385 386 387 388 389 390 391 392
1421: -393 -394
1423: -393 -396
1424: -393 -397
1425: -393 -398
1427: -393 -400
1449: 393 394 395 396 397 398 399 400
1450: -401 -402
1451: -401 -403
1452: -401 -404
1453: -401 -405
1454: -401 -406
1463: -403 -404
1478: 401 402 403 404 405 406 407 408
1479: -409 -410
1480: -409 -411
1481: -409 -412
1482: -409 -413
1483: -409 -414
1484: -409 -415
1485: -409 -416
1507: 409 410 411 412 413 414 415 416
1509: -417 -419
1510: -417 -420
1511: -417 -421
1512: -417 -422
1514: -417 -424
1523: -419 -422
1536: 417 418 419 420 421 422 423 424
1556: -428 -430
1559: -429 -430
1562: -430 -431
1575: -434 -437
1590: -437 -440
1594: 433 434 435 436 437 438 439 440
1595: -441 -442
1599: -441 -446
1600: -441 -447
1621: -446 -448
1623: 441 442 443 444 445 446 447 448
1652: 449 450 451 452 453 454 455 456
1653: -457 -458
1655: -457 -460
1656: -457 -461
1657: -457 -462
1658: -457 -463
1668: -459 -462
1681: 457 458 459 460 461 462 463 464
1682: -465 -466
1683: -465 -467
1684: -465 -468
1685: -465 -469
1686: -465 -470
1687: -465 -471
1693: -466 -471
1701: -468 -470
1710: 465 466 467 468 469 470 471 472
1711: -473 -474
1712: -473 -475
1713: -473 -476
1714: -473 -477
1715: -473 -478
1716: -473 -479
1717: -473 -480
1739: 473 474 475 476 477 478 479 480
1740: -481 -482
1741: -481 -483
1743: -481 -485
1744: -481 -486
1745: -481 -487
1760: -484 -487
1768: 481 482 483 484 485 486 487 488
1775: -489 -496
1794: -494 -495
1797: 489 490 491 492 493 494 495 496
1803: -497 -503
1805: -498 -499
1807: -498 -501
1819: -500 -504
1821: -501 -503
1823: -502 -503
1826: 497 498 499 500 501 502 503 504
1844: -507 -512
1851: -509 -512
1855: 505 506 507 508 509 510 511 512
2496: -67 -137 -1 65
2505: -67 -138 -10 73
2514: -67 -139 -19 81
2523: -67 -140 -28 89
2532: -67 -141 -37 97
2542: -67 -142 -47 113
2551: -67 -143 -56 121
2557: -67 -144 -62 105
2560: -68 -201 -1 65
2569: -68 -202 -10 73
2578: -68 -203 -19 81
2587: -68 -204 -28 89
2596: -68 -205 -37 97
2606: -68 -206 -47 113
2615: -68 -207 -56 121
2621: -68 -208 -62 105
2624: -69 -265 -1 65
2633: -69 -266 -10 73
2642: -69 -267 -19 81
2651: -69 -268 -28 89
2660: -69 -269 -37 97
2670: -69 -270 -47 113
2679: -69 -271 -56 121
2685: -69 -272 -62 105
2688: -70 -329 -1 65
2697: -70 -330 -10 73
2706: -70 -331 -19 81
2715: -70 -332 -28 89
2724: -70 -333 -37 97
2734: -70 -334 -47 113
2749: -70 -336 -62 105
2752: -71 -393 -1 65
2761: -71 -394 -10 73
2770: -71 -395 -19 81
2779: -71 -396 -28 89
2788: -71 -397 -37 97
2798: -71 -398 -47 113
2807: -71 -399 -56 121
2813: -71 -400 -62 105
2816: -72 -457 -1 65
2825: -72 -458 -10 73
2834: -72 -459 -19 81
2843: -72 -460 -28 89
2852: -72 -461 -37 97
2871: -72 -463 -56 121
2877: -72 -464 -62 105
2944: -130 -81 -1 129
2953: -130 -82 -10 137
2971: -130 -84 -28 153
2980: -130 -85 -37 161
2990: -130 -86 -47 177
2999: -130 -87 -56 185
3005: -130 -88 -62 169
3072: -132 -209 -1 129
3081: -132 -210 -10 137
3090: -132 -211 -19 145
3099: -132 -212 -28 153
3108: -132 -213 -37 161
3118: -132 -214 -47 177
3127: -132 -215 -56 185
3133: -132 -216 -62 169
3136: -133 -273 -1 129
3145: -133 -274 -10 137
3163: -133 -276 -28 153
3172: -133 -277 -37 161
3182: -133 -278 -47 177
3191: -133 -279 -56 185
3197: -133 -280 -62 169
3200: -134 -337 -1 129
3209: -134 -338 -10 137
3218: -134 -339 -19 145
3227: -134 -340 -28 153
3236: -134 -341 -37 161
3261: -134 -344 -62 169
3264: -135 -401 -1 129
3273: -135 -402 -10 137
3291: -135 -404 -28 153
3300: -135 -405 -37 161
3310: -135 -406 -47 177
3325: -135 -408 -62 169
3328: -136 -465 -1 129
3337: -136 -466 -10 137
3346: -136 -467 -19 145
3355: -136 -468 -28 153
3364: -136 -469 -37 161
3374: -136 -470 -47 177
3383: -136 -471 -56 185
3389: -136 -472 -62 169
3456: -194 -89 -1 193
3465: -194 -90 -10 201
3474: -194 -91 -19 209
3483: -194 -92 -28 217
3502: -194 -94 -47 241
3511: -194 -95 -56 249
3517: -194 -96 -62 233
3520: -195 -153 -1 193
3529: -195 -154 -10 201
3538: -195 -155 -19 209
3547: -195 -156 -28 217
3556: -195 -157 -37 225
3566: -195 -158 -47 241
3575: -195 -159 -56 249
3581: -195 -160 -62 233
3648: -197 -281 -1 193
3657: -197 -282 -10 201
3666: -197 -283 -19 209
3675: -197 -284 -28 217
3684: -197 -285 -37 225
3694: -197 -286 -47 241
3703: -197 -287 -56 249
3709: -197 -288 -62 233
3712: -198 -345 -1 193
3721: -198 -346 -10 201
3730: -198 -347 -19 209
3739: -198 -348 -28 217
3748: -198 -349 -37 225
3758: -198 -350 -47 241
3767: -198 -351 -56 249
3773: -198 -352 -62 233
3776: -199 -409 -1 193
3785: -199 -410 -10 201
3794: -199 -411 -19 209
3803: -199 -412 -28 217
3812: -199 -413 -37 225
3822: -199 -414 -47 241
3831: -199 -415 -56 249
3837: -199 -416 -62 233
3840: -200 -473 -1 193
3849: -200 -474 -10 201
3858: -200 -475 -19 209
3867: -200 -476 -28 217
3876: -200 -477 -37 225
3886: -200 -478 -47 241
3895: -200 -479 -56 249
3901: -200 -480 -62 233
3968: -258 -97 -1 257
3977: -258 -98 -10 265
3995: -258 -100 -28 281
4014: -258 -102 -47 305
4023: -258 -103 -56 313
4029: -258 -104 -62 297
4032: -259 -161 -1 257
4041: -259 -162 -10 265
4050: -259 -163 -19 273
4059: -259 -164 -28 281
4078: -259 -166 -47 305
4087: -259 -167 -56 313
4093: -259 -168 -62 297
4096: -260 -225 -1 257
4105: -260 -226 -10 265
4114: -260 -227 -19 273
4123: -260 -228 -28 281
4151: -260 -231 -56 313
4157: -260 -232 -62 297
4224: -262 -353 -1 257
4233: -262 -354 -10 265
4251: -262 -356 -28 281
4279: -262 -359 -56 313
4285: -262 -360 -62 297
4288: -263 -417 -1 257
4306: -263 -419 -19 273
4315: -263 -420 -28 281
4324: -263 -421 -37 289
4334: -263 -422 -47 305
4352: -264 -481 -1 257
4361: -264 -482 -10 265
4370: -264 -483 -19 273
4379: -264 -484 -28 281
4388: -264 -485 -37 289
4407: -264 -487 -56 313
4480: -322 -105 -1 321
4489: -322 -106 -10 329
4544: -323 -169 -1 321
4553: -323 -170 -10 329
4562: -323 -171 -19 337
4571: -323 -172 -28 345
4608: -324 -233 -1 321
4635: -324 -236 -28 345
4644: -324 -237 -37 353
4672: -325 -297 -1 321
4681: -325 -298 -10 329
4708: -325 -301 -37 353
4727: -325 -303 -56 377
4736: -326 -361 -1 321
4846: -327 -430 -47 369
4855: -327 -431 -56 377
4992: -386 -113 -1 385
5001: -386 -114 -10 393
5028: -386 -117 -37 417
5053: -386 -120 -62 425
5056: -387 -177 -1 385
5074: -387 -179 -19 401
5083: -387 -180 -28 409
5111: -387 -183 -56 441
5120: -388 -241 -1 385
5147: -388 -244 -28 409
5166: -388 -246 -47 433
5184: -389 -305 -1 385
5193: -389 -306 -10 393
5202: -389 -307 -19 401
5211: -389 -308 -28 409
5220: -389 -309 -37 417
5230: -389 -310 -47 433
5245: -389 -312 -62 425
5330: -391 -435 -19 401
5339: -391 -436 -28 409
5348: -391 -437 -37 417
5373: -391 -440 -62 425
5376: -392 -497 -1 385
5385: -392 -498 -10 393
5394: -392 -499 -19 401
5403: -392 -500 -28 409
5412: -392 -501 -37 417
5422: -392 -502 -47 433
5431: -392 -503 -56 441
5437: -392 -504 -62 425
5504: -450 -121 -1 449
5513: -450 -122 -10 457
5531: -450 -124 -28 473
5568: -451 -185 -1 449
5577: -451 -186 -10 457
5586: -451 -187 -19 465
5595: -451 -188 -28 473
5632: -452 -249 -1 449
5641: -452 -250 -10 457
5659: -452 -252 -28 473
5687: -452 -255 -56 505
5696: -453 -313 -1 449
5732: -453 -317 -37 481
5751: -453 -319 -56 505
5760: -454 -377 -1 449
5769: -454 -378 -10 457
5806: -454 -382 -47 497
5815: -454 -383 -56 505
5821: -454 -384 -62 489
5897: -456 -506 -10 457
5906: -456 -507 -19 465
5924: -456 -509 -37 481
5934: -456 -510 -47 497
6035: -10 -67 -84 26
6036: -10 -67 -85 34
6037: -10 -67 -86 42
6038: -10 -67 -87 50
6039: -10 -67 -88 58
6040: -10 -68 -89 2
6042: -10 -68 -91 18
6043: -10 -68 -92 26
6045: -10 -68 -94 42
6046: -10 -68 -95 50
6047: -10 -68 -96 58
6048: -10 -69 -97 2
6050: -10 -69 -99 18
6051: -10 -69 -100 26
6052: -10 -69 -101 34
6055: -10 -69 -104 58
6056: -10 -70 -105 2
6058: -10 -70 -107 18
6059: -10 -70 -108 26
6060: -10 -70 -109 34
6062: -10 -70 -111 50
6063: -10 -70 -112 58
6064: -10 -71 -113 2
6066: -10 -71 -115 18
6067: -10 -71 -116 26
6068: -10 -71 -117 34
6069: -10 -71 -118 42
6070: -10 -71 -119 50
6071: -10 -71 -120 58
6072: -10 -72 -121 2
6074: -10 -72 -123 18
6075: -10 -72 -124 26
6077: -10 -72 -126 42
6078: -10 -72 -127 50
6079: -10 -72 -128 58
6602: -75 -138 -75 82
6616: -75 -140 -89 66
6624: -75 -141 -97 66
6713: -76 -208 -122 74
6817: -78 -333 -98 74
6841: -78 -336 -122 74
6917: -80 -457 -70 106
6928: -80 -459 -81 66
6931: -80 -459 -84 90
6938: -80 -460 -91 82
6995: -137 -19 -84 154
6996: -137 -19 -85 162
6997: -137 -19 -86 170
6998: -137 -19 -87 178
6999: -137 -19 -88 186
7064: -138 -84 -89 130
7131: -139 -148 -92 154
7137: -139 -149 -98 138
7143: -139 -149 -104 186
7145: -139 -150 -106 138
7153: -139 -151 -114 138
7161: -139 -152 -122 138
7180: -140 -210 -77 162
7192: -140 -212 -89 130
7193: -140 -212 -90 138
7234: -141 -273 -67 146
7249: -141 -275 -82 138
7264: -141 -277 -97 130
7300: -142 -337 -69 162
7353: -142 -344 -122 138
7385: -143 -404 -90 138
7426: -144 -465 -67 146
7435: -144 -466 -76 154
7436: -144 -466 -77 162
7439: -144 -466 -80 186
7441: -144 -467 -82 138
7463: -144 -469 -104 186
7464: -144 -470 -105 130
7512: -201 -28 -89 194
7513: -201 -28 -90 202
7514: -201 -28 -91 210
7516: -201 -28 -93 226
7517: -201 -28 -94 234
7518: -201 -28 -95 242
7519: -201 -28 -96 250
7619: -203 -153 -68 218
7620: -203 -153 -69 226
7626: -203 -154 -75 210
7629: -203 -154 -78 234
7630: -203 -154 -79 242
7631: -203 -154 -80 250
7641: -203 -156 -90 202
7721: -204 -222 -106 202
7725: -204 -222 -110 234
7727: -204 -222 -112 250
7729: -204 -223 -114 202
7731: -204 -223 -116 218
7734: -204 -223 -119 242
7737: -204 -224 -122 202
7739: -204 -224 -124 218
7743: -204 -224 -128 250
7747: -205 -281 -68 218
7776: -205 -285 -97 194
7818: -206 -346 -75 210
7856: -206 -351 -113 194
7875: -207 -409 -68 218
7886: -207 -410 -79 242
7939: -208 -473 -68 218
8032: -265 -37 -97 258
8033: -265 -37 -98 266
8035: -265 -37 -100 282
8037: -265 -37 -102 298
8038: -265 -37 -103 306
8039: -265 -37 -104 314
8132: -267 -161 -69 290
8196: -268 -225 -69 290
8205: -268 -226 -78 298
8207: -268 -226 -80 314
8216: -268 -228 -89 258
8281: -269 -292 -90 266
8284: -269 -292 -93 290
8286: -269 -292 -95 306
8287: -269 -292 -96 314
8305: -269 -295 -114 266
8313: -269 -296 -122 266
8323: -270 -353 -68 282
8324: -270 -353 -69 290
8326: -270 -353 -71 306
8387: -271 -417 -68 282
8388: -271 -417 -69 290
8389: -271 -417 -70 298
8451: -272 -481 -68 282
8452: -272 -481 -69 290
8463: -272 -482 -80 314
8476: -272 -484 -93 290
8560: -329 -47 -113 322
8561: -329 -47 -114 330
8562: -329 -47 -115 338
8563: -329 -47 -116 346
8564: -329 -47 -117 354
8567: -329 -47 -120 378
8645: -331 -169 -70 362
8657: -331 -171 -82 330
8721: -332 -235 -82 330
8729: -332 -236 -90 330
8733: -332 -236 -94 362
8773: -333 -297 -70 362
8800: -333 -301 -97 322
8805: -333 -301 -102 362
8809: -333 -302 -106 330
8864: -334 -365 -97 322
8880: -334 -367 -113 322
8881: -334 -367 -114 330
8930: -335 -429 -99 338
8937: -335 -430 -106 330
8962: -336 -489 -67 338
8963: -336 -489 -68 346
8964: -336 -489 -69 354
8977: -336 -491 -82 330
9080: -393 -56 -121 386
9081: -393 -56 -122 394
9082: -393 -56 -123 402
9083: -393 -56 -124 410
9158: -395 -177 -71 434
9169: -395 -179 -82 394
9233: -396 -243 -82 394
9241: -396 -244 -90 394
9246: -396 -244 -95 434
9248: -396 -245 -97 386
9259: -396 -246 -108 410
9291: -397 -306 -76 410
9312: -397 -309 -97 386
9318: -397 -309 -103 434
9346: -398 -369 -67 402
9348: -398 -369 -69 418
9361: -398 -371 -82 394
9440: -399 -437 -97 386
9465: -399 -440 -122 394
9521: -400 -503 -114 394
9576: -457 -62 -105 450
9577: -457 -62 -106 458
9578: -457 -62 -107 466
9579: -457 -62 -108 474
9580: -457 -62 -109 482
9582: -457 -62 -111 498
9668: -459 -185 -69 482
9671: -459 -185 -72 506
9681: -459 -187 -82 458
9685: -459 -187 -86 490
9687: -459 -187 -88 506
9688: -459 -188 -89 450
9721: -459 -192 -122 458
9735: -460 -249 -72 506
9753: -460 -252 -90 458
9759: -460 -252 -96 506
9785: -460 -256 -122 458
9797: -461 -313 -70 490
9799: -461 -313 -72 506
9824: -461 -317 -97 450
9831: -461 -317 -104 506
9913: -462 -384 -122 458
9922: -463 -441 -67 466
9923: -463 -441 -68 474
9924: -463 -441 -69 482
10000: -464 -507 -81 450
10010: -464 -508 -91 466
10024: -464 -510 -105 450
10025: -464 -510 -106 458
10041: -464 -512 -122 458
10184: -19 -130 -137 3
10187: -19 -130 -140 27
10201: -19 -132 -154 11
10206: -19 -132 -159 51
10208: -19 -133 -161 3
10211: -19 -133 -164 27
10216: -19 -134 -169 3
10217: -19 -134 -170 11
10219: -19 -134 -172 27
10224: -19 -135 -177 3
10227: -19 -135 -180 27
10228: -19 -135 -181 35
10229: -19 -135 -182 43
10231: -19 -135 -184 59
10232: -19 -136 -185 3
10233: -19 -136 -186 11
10235: -19 -136 -188 27
10236: -19 -136 -189 35
10237: -19 -136 -190 43
10238: -19 -136 -191 51
10568: -81 -10 -137 67
10570: -81 -10 -139 83
10571: -81 -10 -140 91
10573: -81 -10 -142 107
10574: -81 -10 -143 115
10575: -81 -10 -144 123
10649: -82 -76 -154 75
10650: -82 -76 -155 83
10651: -82 -76 -156 91
10655: -82 -76 -160 123
10657: -82 -77 -162 75
10658: -82 -77 -163 83
10660: -82 -77 -165 99
10661: -82 -77 -166 107
10663: -82 -77 -168 123
10674: -82 -79 -179 83
10682: -82 -80 -187 83
10685: -82 -80 -190 107
10687: -82 -80 -192 123
10712: -83 -140 -153 67
10773: -84 -203 -150 107
10776: -84 -204 -153 67
10817: -85 -265 -130 75
10836: -85 -267 -149 99
10848: -85 -269 -161 67
10881: -86 -329 -130 75
10883: -86 -329 -132 91
10945: -87 -393 -130 75
10947: -87 -393 -132 91
10948: -87 -393 -133 99
11009: -88 -457 -130 75
11011: -88 -457 -132 91
11336: -149 -274 -137 131
11343: -149 -274 -144 187
11352: -149 -276 -153 131
11400: -150 -338 -137 131
11450: -150 -344 -187 147
11478: -151 -403 -151 179
11496: -151 -406 -169 131
11498: -151 -406 -171 147
11532: -152 -466 -141 163
11608: -209 -28 -153 195
11609: -209 -28 -154 203
11610: -209 -28 -155 211
11613: -209 -28 -158 235
11614: -209 -28 -159 243
11615: -209 -28 -160 251
11651: -210 -89 -132 219
11656: -210 -90 -137 195
11658: -210 -90 -139 211
11660: -210 -90 -141 227
11665: -210 -91 -146 203
11674: -210 -92 -155 211
11786: -212 -218 -139 211
11787: -212 -218 -140 219
11810: -212 -221 -163 211
11811: -212 -221 -164 219
11812: -212 -221 -165 227
11818: -212 -222 -171 211
11826: -212 -223 -179 211
11827: -212 -223 -180 219
11834: -212 -224 -187 211
11839: -212 -224 -192 251
11872: -213 -285 -161 195
11969: -215 -409 -130 203
11971: -215 -409 -132 219
12033: -216 -473 -130 203
12035: -216 -473 -132 219
12036: -216 -473 -133 227
12130: -273 -37 -163 275
12131: -273 -37 -164 283
12133: -273 -37 -166 299
12134: -273 -37 -167 307
12135: -273 -37 -168 315
12164: -274 -97 -133 291
12168: -274 -98 -137 259
12292: -276 -225 -133 291
12301: -276 -226 -142 299
12302: -276 -226 -143 307
12303: -276 -226 -144 315
12312: -276 -228 -153 259
12329: -276 -230 -170 267
12378: -277 -292 -155 275
12379: -277 -292 -156 283
12380: -277 -292 -157 291
12382: -277 -292 -159 307
12383: -277 -292 -160 315
12394: -277 -294 -171 275
12402: -277 -295 -179 275
12420: -278 -353 -133 291
12439: -278 -355 -152 315
12474: -278 -360 -187 275
12520: -279 -422 -169 259
12536: -279 -424 -185 259
12656: -337 -47 -177 323
12657: -337 -47 -178 331
12658: -337 -47 -179 339
12659: -337 -47 -180 347
12660: -337 -47 -181 355
12677: -338 -105 -134 363
12678: -338 -105 -135 371
12680: -338 -106 -137 323
12682: -338 -106 -139 339
12805: -340 -233 -134 363
12824: -340 -236 -153 323
12829: -340 -236 -158 363
12842: -340 -238 -171 339
12867: -341 -297 -132 347
12896: -341 -301 -161 323
12976: -342 -367 -177 323
13025: -343 -429 -162 331
13034: -343 -430 -171 339
13057: -344 -489 -130 331
13059: -344 -489 -132 347
13176: -401 -56 -185 387
13177: -401 -56 -186 395
13178: -401 -56 -187 403
13179: -401 -56 -188 411
13180: -401 -56 -189 419
13192: -402 -114 -137 387
13336: -404 -244 -153 387
13338: -404 -244 -155 403
13340: -404 -244 -157 419
13342: -404 -244 -159 435
13370: -404 -248 -187 403
13408: -405 -309 -161 387
13410: -405 -309 -163 403
13441: -406 -369 -130 395
13443: -406 -369 -132 411
13672: -465 -62 -169 451
13673: -465 -62 -170 459
13674: -465 -62 -171 467
13675: -465 -62 -172 475
13676: -465 -62 -173 483
13679: -465 -62 -176 507
13703: -466 -121 -136 507
13704: -466 -122 -137 451
13706: -466 -122 -139 467
13711: -466 -122 -144 507
13841: -468 -251 -146 459
13848: -468 -252 -153 451
13855: -468 -252 -160 507
13882: -468 -256 -187 467
13889: -469 -313 -130 459
13891: -469 -313 -132 475
13895: -469 -313 -136 507
13907: -469 -315 -148 475
13920: -469 -317 -161 451
13922: -469 -317 -163 467
13925: -469 -317 -166 491
13946: -469 -320 -187 467
14010: -470 -384 -187 467
14017: -471 -441 -130 459
14019: -471 -441 -132 475
14020: -471 -441 -133 483
14120: -472 -510 -169 451
14344: -28 -194 -201 4
14349: -28 -194 -206 44
14350: -28 -194 -207 52
14351: -28 -194 -208 60
14352: -28 -195 -209 4
14353: -28 -195 -210 12
14354: -28 -195 -211 20
14357: -28 -195 -214 44
14358: -28 -195 -215 52
14359: -28 -195 -216 60
14368: -28 -197 -225 4
14369: -28 -197 -226 12
14370: -28 -197 -227 20
14376: -28 -198 -233 4
14377: -28 -198 -234 12
14378: -28 -198 -235 20
14380: -28 -198 -237 36
14382: -28 -198 -239 52
14383: -28 -198 -240 60
14384: -28 -199 -241 4
14385: -28 -199 -242 12
14386: -28 -199 -243 20
14388: -28 -199 -245 36
14389: -28 -199 -246 44
14391: -28 -199 -248 60
14392: -28 -200 -249 4
14393: -28 -200 -250 12
14394: -28 -200 -251 20
14396: -28 -200 -253 36
14397: -28 -200 -254 44
14666: -89 -10 -203 84
14667: -89 -10 -204 92
14668: -89 -10 -205 100
14669: -89 -10 -206 108
14670: -89 -10 -207 116
14671: -89 -10 -208 124
14737: -90 -75 -210 76
14739: -90 -75 -212 92
14753: -90 -77 -226 76
14755: -90 -77 -228 92
14756: -90 -77 -229 100
14761: -90 -78 -234 76
14763: -90 -78 -236 92
14765: -90 -78 -238 108
14769: -90 -79 -242 76
14771: -90 -79 -244 92
14779: -90 -80 -252 92
14781: -90 -80 -254 108
14783: -90 -80 -256 124
14785: -91 -137 -194 76
14788: -91 -137 -197 100
14800: -91 -139 -209 68
14913: -93 -265 -194 76
14941: -93 -268 -222 108
15108: -96 -457 -197 100
15187: -153 -19 -212 156
15188: -153 -19 -213 164
15189: -153 -19 -214 172
15190: -153 -19 -215 180
15191: -153 -19 -216 188
15234: -154 -81 -195 148
15240: -154 -82 -201 132
15243: -154 -82 -204 156
15305: -155 -146 -202 140
15306: -155 -146 -203 148
15307: -155 -146 -204 156
15309: -155 -146 -206 172
15330: -155 -149 -227 148
15331: -155 -149 -228 156
15332: -155 -149 -229 164
15339: -155 -150 -236 156
15341: -155 -150 -238 172
15347: -155 -151 -244 156
15354: -155 -152 -251 148
15355: -155 -152 -252 156
15426: -157 -273 -195 148
15456: -157 -277 -225 132
15490: -158 -337 -195 148
15494: -158 -337 -199 180
15554: -159 -401 -195 148
15618: -160 -465 -195 148
15621: -160 -465 -198 172
15622: -160 -465 -199 180
15769: -218 -92 -218 204
15840: -219 -157 -225 196
15946: -221 -282 -203 212
15964: -221 -284 -221 228
15987: -221 -287 -244 220
16001: -222 -345 -194 204
16010: -222 -346 -203 212
16059: -222 -352 -252 220
16074: -223 -410 -203 212
16094: -223 -412 -223 244
16099: -223 -413 -228 220
16145: -224 -475 -210 204
16159: -224 -476 -224 252
16224: -281 -37 -225 260
16225: -281 -37 -226 268
16226: -281 -37 -227 276
16227: -281 -37 -228 284
16229: -281 -37 -230 300
16230: -281 -37 -231 308
16231: -281 -37 -232 316
16260: -282 -97 -197 292
16264: -282 -98 -201 260
16314: -282 -104 -251 276
16377: -283 -168 -250 268
16392: -284 -226 -201 260
16459: -285 -290 -204 284
16467: -285 -291 -212 284
16491: -285 -294 -236 284
16499: -285 -295 -244 284
16507: -285 -296 -252 284
16508: -285 -296 -253 292
16578: -287 -417 -195 276
16644: -288 -481 -197 292
16752: -345 -47 -241 324
16753: -345 -47 -242 332
16754: -345 -47 -243 340
16755: -345 -47 -244 348
16756: -345 -47 -245 356
16773: -346 -105 -198 364
16774: -346 -105 -199 372
16776: -346 -106 -201 324
16779: -346 -106 -204 348
16781: -346 -106 -206 364
16811: -346 -110 -236 348
16837: -347 -169 -198 364
16851: -347 -171 -212 348
16875: -347 -174 -236 348
16961: -349 -297 -194 332
16992: -349 -301 -225 324
16997: -349 -301 -230 364
17003: -349 -302 -236 348
17057: -350 -365 -226 332
17072: -350 -367 -241 324
17093: -351 -425 -198 364
17131: -351 -430 -236 348
17153: -352 -489 -194 332
17154: -352 -489 -195 340
17272: -409 -56 -249 388
17273: -409 -56 -250 396
17274: -409 -56 -251 404
17275: -409 -56 -252 412
17276: -409 -56 -253 420
17277: -409 -56 -254 428
17278: -409 -56 -255 436
17279: -409 -56 -256 444
17286: -410 -113 -199 436
17288: -410 -114 -201 388
17294: -410 -114 -207 436
17360: -411 -179 -209 388
17363: -411 -179 -212 412
17369: -411 -180 -218 396
17395: -411 -183 -244 412
17478: -413 -305 -199 436
17498: -413 -308 -219 404
17504: -413 -309 -225 388
17608: -415 -434 -201 388
17610: -415 -434 -203 404
17613: -415 -434 -206 428
17617: -415 -435 -210 396
17619: -415 -435 -212 412
17632: -415 -437 -225 388
17636: -415 -437 -229 420
17656: -415 -440 -249 388
17659: -415 -440 -252 412
17715: -416 -503 -244 412
17768: -473 -62 -233 452
17769: -473 -62 -234 460
17770: -473 -62 -235 468
17771: -473 -62 -236 476
17772: -473 -62 -237 484
17774: -473 -62 -239 500
17775: -473 -62 -240 508
17799: -474 -121 -200 508
17800: -474 -122 -201 452
17807: -474 -122 -208 508
17847: -474 -127 -248 508
17851: -474 -128 -252 476
17861: -475 -185 -198 492
17862: -475 -185 -199 500
17863: -475 -185 -200 508
17872: -475 -187 -209 452
17875: -475 -187 -212 476
17885: -475 -188 -222 492
17915: -475 -192 -252 476
17991: -477 -313 -200 508
18016: -477 -317 -225 452
18043: -477 -320 -252 476
18113: -479 -441 -194 460
18114: -479 -441 -195 468
18116: -479 -441 -197 484
18184: -480 -506 -201 452
18187: -480 -506 -204 476
18195: -480 -507 -212 476
18219: -480 -510 -236 476
18504: -37 -258 -265 5
18507: -37 -258 -268 29
18511: -37 -258 -272 61
18512: -37 -259 -273 5
18515: -37 -259 -276 29
18517: -37 -259 -278 45
18518: -37 -259 -279 53
18519: -37 -259 -280 61
18520: -37 -260 -281 5
18525: -37 -260 -286 45
18526: -37 -260 -287 53
18527: -37 -260 -288 61
18536: -37 -262 -297 5
18537: -37 -262 -298 13
18538: -37 -262 -299 21
18539: -37 -262 -300 29
18542: -37 -262 -303 53
18543: -37 -262 -304 61
18544: -37 -263 -305 5
18545: -37 -263 -306 13
18546: -37 -263 -307 21
18547: -37 -263 -308 29
18551: -37 -263 -312 61
18552: -37 -264 -313 5
18553: -37 -264 -314 13
18554: -37 -264 -315 21
18557: -37 -264 -318 45
18558: -37 -264 -319 53
18760: -97 -10 -265 69
18762: -97 -10 -267 85
18763: -97 -10 -268 93
18764: -97 -10 -269 101
18765: -97 -10 -270 109
18766: -97 -10 -271 117
18767: -97 -10 -272 125
18833: -98 -75 -274 77
18834: -98 -75 -275 85
18836: -98 -75 -277 101
18837: -98 -75 -278 109
18843: -98 -76 -284 93
18844: -98 -76 -285 101
18847: -98 -76 -288 125
18857: -98 -78 -298 77
18860: -98 -78 -301 101
18865: -98 -79 -306 77
18873: -98 -80 -314 77
18876: -98 -80 -317 101
18879: -98 -80 -320 125
18981: -100 -205 -294 109
19073: -102 -329 -258 77
19109: -102 -333 -294 109
19120: -102 -335 -305 69
19137: -103 -393 -258 77
19174: -103 -397 -295 117
19192: -103 -400 -313 69
19203: -104 -457 -260 93
19239: -104 -461 -296 125
19252: -104 -463 -309 101
19280: -161 -19 -273 133
19281: -161 -19 -274 141
19283: -161 -19 -276 157
19284: -161 -19 -277 165
19285: -161 -19 -278 173
19286: -161 -19 -279 181
19287: -161 -19 -280 189
19340: -162 -82 -269 165
19361: -162 -85 -290 141
19366: -162 -85 -295 181
19401: -163 -146 -266 141
19404: -163 -146 -269 165
19419: -163 -148 -284 157
19420: -163 -148 -285 165
19434: -163 -150 -299 149
19436: -163 -150 -301 165
19438: -163 -150 -303 181
19444: -163 -151 -309 165
19447: -163 -151 -312 189
19450: -163 -152 -315 149
19452: -163 -152 -317 165
19455: -163 -152 -320 189
19458: -164 -209 -259 149
19480: -164 -212 -281 133
19484: -164 -212 -285 165
19495: -164 -213 -296 189
19650: -167 -401 -259 149
19713: -168 -465 -258 141
19714: -168 -465 -259 149
19747: -168 -469 -292 157
19800: -225 -28 -281 197
19802: -225 -28 -283 213
19804: -225 -28 -285 229
19805: -225 -28 -286 237
19806: -225 -28 -287 245
19807: -225 -28 -288 253
19873: -226 -93 -290 205
19890: -226 -95 -307 213
19907: -227 -153 -260 221
19920: -227 -155 -273 197
19978: -228 -218 -267 213
19979: -228 -218 -268 221
19980: -228 -218 -269 229
19988: -228 -219 -277 229
20011: -228 -222 -300 221
20019: -228 -223 -308 221
20020: -228 -223 -309 229
20027: -228 -224 -316 221
20225: -232 -473 -258 205
20227: -232 -473 -260 221
20427: -291 -162 -268 285
20488: -292 -226 -265 261
20683: -295 -418 -268 285
20710: -295 -421 -295 309
20747: -296 -482 -268 285
20785: -296 -487 -306 269
20848: -353 -47 -305 325
20849: -353 -47 -306 333
20850: -353 -47 -307 341
20851: -353 -47 -308 349
20852: -353 -47 -309 357
20854: -353 -47 -311 373
21132: -358 -362 -269 357
21140: -358 -363 -277 357
21172: -358 -367 -309 357
21224: -359 -430 -297 325
21249: -360 -489 -258 333
21250: -360 -489 -259 341
21251: -360 -489 -260 349
21287: -360 -493 -296 381
21297: -360 -495 -306 333
21368: -417 -56 -313 389
21369: -417 -56 -314 397
21370: -417 -56 -315 405
21371: -417 -56 -316 413
21372: -417 -56 -317 421
21374: -417 -56 -319 437
21382: -418 -113 -263 437
21405: -418 -116 -286 429
21510: -420 -241 -263 437
21556: -420 -247 -309 421
21633: -422 -369 -258 397
21634: -422 -369 -259 405
21669: -422 -373 -294 429
21716: -423 -435 -277 421
21812: -424 -503 -309 421
21864: -481 -62 -297 453
21865: -481 -62 -298 461
21866: -481 -62 -299 469
21867: -481 -62 -300 477
21868: -481 -62 -301 485
21869: -481 -62 -302 493
21900: -482 -122 -269 485
21903: -482 -122 -272 509
21944: -482 -128 -313 453
22012: -483 -192 -317 485
22024: -484 -250 -265 453
22028: -484 -250 -269 485
22032: -484 -251 -273 453
22036: -484 -251 -277 485
22064: -484 -255 -305 453
22068: -484 -255 -309 485
22076: -484 -256 -317 485
22200: -486 -384 -313 453
22209: -487 -441 -258 461
22210: -487 -441 -259 469
22211: -487 -441 -260 477
22728: -47 -386 -329 6
22734: -47 -386 -335 54
22736: -47 -387 -337 6
22737: -47 -387 -338 14
22739: -47 -387 -340 30
22740: -47 -387 -341 38
22744: -47 -388 -345 6
22745: -47 -388 -346 14
22752: -47 -389 -353 6
22755: -47 -389 -356 30
22757: -47 -389 -358 46
22758: -47 -389 -359 54
22768: -47 -391 -369 6
22776: -47 -392 -377 6
22777: -47 -392 -378 14
22778: -47 -392 -379 22
22780: -47 -392 -381 38
22782: -47 -392 -383 54
22856: -105 -10 -329 70
22858: -105 -10 -331 86
22859: -105 -10 -332 94
22860: -105 -10 -333 102
22861: -105 -10 -334 110
22863: -105 -10 -336 126
22929: -106 -75 -338 78
22937: -106 -76 -346 78
22939: -106 -76 -348 94
22943: -106 -76 -352 126
22948: -106 -77 -357 102
22951: -106 -77 -360 126
22977: -107 -137 -322 78
23061: -108 -203 -342 110
23133: -109 -268 -350 110
23136: -109 -269 -353 70
23141: -109 -269 -358 110
23301: -112 -457 -326 110
23302: -112 -457 -327 118
23376: -169 -19 -337 134
23377: -169 -19 -338 142
23379: -169 -19 -340 158
23380: -169 -19 -341 166
23381: -169 -19 -342 174
23382: -169 -19 -343 182
23383: -169 -19 -344 190
23435: -170 -82 -332 158
23436: -170 -82 -333 166
23503: -171 -146 -336 190
23514: -171 -148 -347 150
23515: -171 -148 -348 158
23524: -171 -149 -357 166
23527: -171 -149 -360 190
23541: -171 -151 -374 174
23576: -172 -212 -345 134
23618: -173 -273 -323 150
23621: -173 -273 -326 174
23648: -173 -277 -353 134
23653: -173 -277 -358 174
23738: -174 -344 -379 150
23814: -176 -465 -327 182
23896: -233 -28 -345 198
23897: -233 -28 -346 206
23900: -233 -28 -349 230
23901: -233 -28 -350 238
23902: -233 -28 -351 246
23903: -233 -28 -352 254
23951: -234 -90 -336 254
23976: -234 -94 -361 198
23977: -234 -94 -362 206
23978: -234 -94 -363 214
23981: -234 -94 -366 238
24016: -235 -155 -337 198
24073: -236 -218 -330 206
24079: -236 -218 -336 254
24082: -236 -219 -339 214
24087: -236 -219 -344 254
24099: -236 -221 -356 222
24100: -236 -221 -357 230
24103: -236 -221 -360 254
24115: -236 -223 -372 222
24168: -237 -286 -361 198
24169: -237 -286 -362 206
24170: -237 -286 -363 214
24172: -237 -286 -365 230
24173: -237 -286 -366 238
24174: -237 -286 -367 246
24240: -238 -351 -369 198
24251: -238 -352 -380 222
24260: -239 -409 -325 230
24423: -297 -37 -360 318
24456: -298 -98 -329 262
24488: -298 -102 -361 262
24489: -298 -102 -362 270
24490: -298 -102 -363 278
24491: -298 -102 -364 286
24492: -298 -102 -365 294
24493: -298 -102 -366 302
24516: -299 -161 -325 294
24528: -299 -163 -337 262
24589: -300 -226 -334 302
24655: -301 -290 -336 318
24658: -301 -291 -339 278
24662: -301 -291 -343 310
24663: -301 -291 -344 318
24764: -302 -360 -381 294
25486: -426 -114 -335 438
25629: -428 -244 -350 430
25630: -428 -244 -351 438
25646: -428 -246 -367 438
25701: -429 -309 -358 430
25734: -430 -369 -327 438
25782: -430 -375 -375 438
25800: -431 -434 -329 390
25806: -431 -434 -335 438
25830: -431 -437 -359 438
25992: -490 -122 -329 454
26071: -491 -187 -344 510
26182: -493 -313 -327 502
26288: -494 -383 -369 454
26309: -495 -441 -326 494
26888: -56 -450 -393 7
26896: -56 -451 -401 7
26904: -56 -452 -409 7
26912: -56 -453 -417 7
26921: -56 -454 -426 15
26926: -56 -454 -431 55
26936: -56 -456 -441 7
26952: -113 -10 -393 71
26954: -113 -10 -395 87
26955: -113 -10 -396 95
26956: -113 -10 -397 103
26957: -113 -10 -398 111
26958: -113 -10 -399 119
27026: -114 -75 -403 87
27033: -114 -76 -410 79
27034: -114 -76 -411 87
27035: -114 -76 -412 95
27037: -114 -76 -414 111
27038: -114 -76 -415 119
27044: -114 -77 -421 103
27045: -114 -77 -422 111
27068: -114 -80 -445 103
27071: -114 -80 -448 127
27073: -115 -137 -386 79
27088: -115 -139 -401 71
27137: -116 -201 -386 79
27158: -116 -203 -407 119
27160: -116 -204 -409 71
27184: -116 -207 -433 71
27187: -116 -207 -436 95
27190: -116 -207 -439 119
27230: -117 -268 -415 119
27232: -117 -269 -417 71
27271: -118 -329 -392 127
27354: -119 -396 -411 87
27384: -119 -400 -441 71
27395: -120 -457 -388 95
27396: -120 -457 -389 103
27398: -120 -457 -391 119
27472: -177 -19 -401 135
27473: -177 -19 -402 143
27475: -177 -19 -404 159
27476: -177 -19 -405 167
27477: -177 -19 -406 175
27478: -177 -19 -407 183
27479: -177 -19 -408 191
27522: -178 -81 -387 151
27550: -178 -84 -415 183
27609: -179 -148 -410 143
27610: -179 -148 -411 151
27611: -179 -148 -412 159
27613: -179 -148 -414 175
27617: -179 -149 -418 143
27618: -179 -149 -419 151
27620: -179 -149 -421 167
27621: -179 -149 -422 175
27643: -179 -152 -444 159
27650: -180 -209 -387 151
27672: -180 -212 -409 135
27678: -180 -212 -415 183
27696: -180 -215 -433 135
27697: -180 -215 -434 143
27699: -180 -215 -436 159
27700: -180 -215 -437 167
27702: -180 -215 -439 183
27744: -181 -277 -417 135
27783: -182 -337 -392 191
27858: -183 -403 -403 151
27882: -183 -406 -427 151
27992: -241 -28 -409 199
27994: -241 -28 -411 215
27996: -241 -28 -413 231
27997: -241 -28 -414 239
27998: -241 -28 -415 247
28035: -242 -89 -388 223
28080: -242 -95 -433 199
28081: -242 -95 -434 207
28082: -242 -95 -435 215
28084: -242 -95 -437 231
28086: -242 -95 -439 247
28171: -244 -218 -396 223
28173: -244 -218 -398 239
28178: -244 -219 -403 215
28179: -244 -219 -404 223
28181: -244 -219 -406 239
28196: -244 -221 -421 231
28197: -244 -221 -422 239
28205: -244 -222 -430 239
28221: -244 -224 -446 239
28256: -245 -285 -417 199
28395: -247 -414 -428 223
28417: -248 -473 -386 207
28512: -305 -37 -417 263
28517: -305 -37 -422 303
28548: -306 -97 -389 295
28550: -306 -97 -391 311
28552: -306 -98 -393 263
28592: -306 -103 -433 263
28593: -306 -103 -434 271
28594: -306 -103 -435 279
28598: -306 -103 -439 311
28660: -307 -167 -437 295
28676: -308 -225 -389 295
28686: -308 -226 -399 311
28696: -308 -228 -409 263
28720: -308 -231 -433 263
28722: -308 -231 -435 279
28723: -308 -231 -436 287
28726: -308 -231 -439 311
28748: -309 -290 -397 295
28763: -309 -292 -412 287
28765: -309 -292 -414 303
28767: -309 -292 -416 319
28807: -310 -353 -392 319
28908: -311 -422 -429 295
28956: -312 -484 -413 295
29046: -369 -47 -439 375
29047: -369 -47 -440 383
29063: -370 -105 -392 383
29064: -370 -106 -393 327
29127: -371 -169 -392 383
29255: -373 -297 -392 383
29446: -376 -489 -391 375
30105: -498 -124 -410 463
30129: -498 -127 -434 463
30219: -500 -250 -396 479
30227: -500 -251 -404 479
30238: -500 -252 -415 503
30239: -500 -252 -416 511
30243: -500 -253 -420 479
30251: -500 -254 -428 479
30259: -500 -255 -436 479
30267: -500 -256 -444 479
30273: -501 -313 -386 463
30275: -501 -313 -388 479
30324: -501 -319 -437 487
30327: -501 -319 -440 511
30856: -62 -322 -457 8
30864: -62 -323 -465 8
30872: -62 -324 -473 8
30875: -62 -324 -476 32
30880: -62 -325 -481 8
30882: -62 -325 -483 24
30888: -62 -326 -489 8
30890: -62 -326 -491 24
30893: -62 -326 -494 48
30897: -62 -327 -498 16
30898: -62 -327 -499 24
30899: -62 -327 -500 32
30900: -62 -327 -501 40
30901: -62 -327 -502 48
31048: -121 -10 -457 72
31050: -121 -10 -459 88
31051: -121 -10 -460 96
31052: -121 -10 -461 104
31053: -121 -10 -462 112
31054: -121 -10 -463 120
31055: -121 -10 -464 128
31122: -122 -75 -467 88
31126: -122 -75 -471 120
31129: -122 -76 -474 80
31130: -122 -76 -475 88
31131: -122 -76 -476 96
31132: -122 -76 -477 104
31134: -122 -76 -479 120
31140: -122 -77 -485 104
31142: -122 -77 -487 120
31149: -122 -78 -494 112
31150: -122 -78 -495 120
31151: -122 -78 -496 128
31184: -123 -139 -465 72
31255: -124 -203 -472 128
31288: -124 -208 -505 72
31289: -124 -208 -506 80
31290: -124 -208 -507 88
31291: -124 -208 -508 96
31292: -124 -208 -509 104
31295: -124 -208 -512 128
31328: -125 -269 -481 72
31429: -127 -393 -454 112
31568: -185 -19 -465 136
31569: -185 -19 -466 144
31571: -185 -19 -468 160
31572: -185 -19 -469 168
31573: -185 -19 -470 176
31574: -185 -19 -471 184
31575: -185 -19 -472 192
31627: -186 -82 -460 160
31628: -186 -82 -461 168
31630: -186 -82 -463 184
31694: -187 -146 -463 184
31706: -187 -148 -475 152
31707: -187 -148 -476 160
31716: -187 -149 -485 168
31718: -187 -149 -487 184
31721: -187 -150 -490 144
31722: -187 -150 -491 152
31725: -187 -150 -494 176
31727: -187 -150 -496 192
31768: -188 -212 -473 136
31800: -188 -216 -505 136
31803: -188 -216 -508 160
31804: -188 -216 -509 168
31807: -188 -216 -512 192
31840: -189 -277 -481 136
32088: -249 -28 -473 200
32090: -249 -28 -475 216
32092: -249 -28 -477 232
32094: -249 -28 -479 248
32095: -249 -28 -480 256
32136: -250 -90 -457 200
32142: -250 -90 -463 248
32208: -251 -155 -465 200
32265: -252 -218 -458 208
32267: -252 -218 -460 224
32268: -252 -218 -461 232
32270: -252 -218 -463 248
32274: -252 -219 -467 216
32275: -252 -219 -468 224
32278: -252 -219 -471 248
32290: -252 -221 -483 216
32291: -252 -221 -484 224
32292: -252 -221 -485 232
32294: -252 -221 -487 248
32295: -252 -221 -488 256
32299: -252 -222 -492 224
32301: -252 -222 -494 240
32302: -252 -222 -495 248
32303: -252 -222 -496 256
32352: -253 -285 -481 200
32388: -254 -345 -453 232
32453: -255 -409 -454 240
32523: -256 -474 -460 224
32563: -256 -479 -500 224
32608: -313 -37 -481 264
32609: -313 -37 -482 272
32610: -313 -37 -483 280
32611: -313 -37 -484 288
32613: -313 -37 -486 304
32614: -313 -37 -487 312
32615: -313 -37 -488 320
32696: -314 -104 -505 264
32697: -314 -104 -506 272
32698: -314 -104 -507 280
32699: -314 -104 -508 288
32700: -314 -104 -509 296
32703: -314 -104 -512 320
32711: -315 -161 -456 320
32720: -315 -163 -465 264
32772: -316 -225 -453 296
32783: -316 -226 -464 320
32792: -316 -228 -473 264
32826: -316 -232 -507 280
32827: -316 -232 -508 288
32828: -316 -232 -509 296
32831: -316 -232 -512 320
32846: -317 -290 -463 312
32850: -317 -291 -467 280
32875: -317 -294 -492 288
32877: -317 -294 -494 304
32879: -317 -294 -496 320
33136: -377 -47 -497 328
33142: -377 -47 -503 376
33274: -379 -176 -507 344
33277: -379 -176 -510 368
33291: -380 -234 -460 352
33305: -380 -236 -474 336
33315: -380 -237 -484 352
33523: -383 -431 -500 352
33552: -384 -491 -465 328
33560: -384 -492 -473 328
33581: -384 -494 -494 368
33587: -384 -495 -500 352
33663: -441 -56 -512 448
33777: -443 -183 -498 400
33803: -444 -242 -460 416
33811: -444 -243 -468 416
33927: -446 -369 -456 448
34088: -448 -502 -489 392
34207: -506 -124 -480 512
34312: -508 -250 -457 456
34493: -510 -384 -510 496
35294: -81 -68 -207 51
35295: -81 -68 -208 59
35299: -81 -69 -268 27
35307: -81 -70 -332 27
35308: -81 -70 -333 35
35311: -81 -70 -336 59
35315: -81 -71 -396 27
35372: -89 -70 -333 36
35380: -89 -71 -397 36
35386: -89 -72 -459 20
35388: -89 -72 -461 36
35413: -97 -67 -142 45
35414: -97 -67 -143 53
35415: -97 -67 -144 61
35418: -97 -68 -203 21
35421: -97 -68 -206 45
35422: -97 -68 -207 53
35423: -97 -68 -208 61
35434: -97 -70 -331 21
35435: -97 -70 -332 29
35451: -97 -72 -460 29
35491: -105 -69 -268 30
35514: -105 -72 -459 22
35515: -105 -72 -460 30
35516: -105 -72 -461 38
35555: -113 -69 -268 31
35615: -121 -68 -208 64
35636: -121 -71 -397 40
35740: -137 -132 -213 34
35742: -137 -132 -215 50
35756: -137 -134 -341 34
35764: -137 -135 -405 34
35771: -137 -136 -468 26
35772: -137 -136 -469 34
35852: -153 -130 -85 36
35853: -153 -130 -86 44
35854: -153 -130 -87 52
35884: -153 -134 -341 36
35889: -153 -135 -402 12
35893: -153 -135 -406 44
35917: -161 -130 -86 45
35934: -161 -132 -215 53
35944: -161 -134 -337 5
35947: -161 -134 -340 29
35949: -161 -134 -342 45
35963: -161 -136 -468 29
36062: -177 -132 -215 55
36064: -177 -133 -273 7
36076: -177 -134 -341 39
36244: -201 -195 -157 34
36247: -201 -195 -160 58
36258: -201 -197 -283 18
36268: -201 -198 -349 34
36269: -201 -198 -350 42
36270: -201 -198 -351 50
36279: -201 -199 -416 58
36282: -201 -200 -475 18
36286: -201 -200 -479 50
36321: -209 -197 -282 11
36345: -209 -200 -474 11
36437: -225 -195 -158 45
36438: -225 -195 -159 53
36465: -225 -199 -410 13
36466: -225 -199 -411 21
36470: -225 -199 -415 53
36474: -225 -200 -475 21
36518: -233 -197 -287 54
36532: -233 -199 -413 38
36663: -249 -199 -416 64
36795: -265 -264 -484 26
36813: -273 -258 -102 43
36815: -273 -258 -104 59
36851: -273 -263 -420 27
36862: -273 -264 -487 51
36887: -281 -259 -168 60
36922: -281 -264 -483 20
37074: -305 -259 -163 23
37099: -305 -262 -356 31
37266: -329 -323 -171 18
37275: -329 -324 -236 26
37339: -337 -324 -236 27
37348: -337 -325 -301 35
37394: -345 -323 -171 20
37449: -353 -322 -106 13
37458: -353 -323 -171 21
37467: -353 -324 -236 29
37577: -369 -322 -106 15
37586: -369 -323 -171 23
37595: -369 -324 -236 31
37604: -369 -325 -301 39
37778: -393 -387 -179 18
37833: -401 -386 -114 11
37851: -401 -388 -244 27
37860: -401 -389 -309 35
37897: -409 -386 -114 12
37904: -409 -387 -177 4
37924: -409 -389 -309 36
37950: -409 -392 -503 52
37961: -417 -386 -114 13
37966: -417 -386 -119 53
37970: -417 -387 -179 21
37971: -417 -387 -180 29
37979: -417 -388 -244 29
38014: -417 -392 -503 53
38153: -441 -386 -114 16
38162: -441 -387 -179 24
38164: -441 -387 -181 40
38171: -441 -388 -244 32
38299: -457 -452 -252 26
38308: -457 -453 -317 34
38319: -457 -454 -384 58
38363: -465 -452 -252 27
38379: -465 -454 -380 27
38381: -465 -454 -382 43
38383: -465 -454 -384 59
38409: -473 -450 -122 12
38418: -473 -451 -187 20
38473: -481 -450 -122 13
38491: -481 -452 -252 29
38511: -481 -454 -384 61
38537: -489 -450 -122 14
38794: -10 -10 -67 82
38795: -10 -10 -68 90
38796: -10 -10 -69 98
38797: -10 -10 -70 106
38798: -10 -10 -71 114
38799: -10 -10 -72 122
39388: -82 -76 -205 99
39407: -82 -78 -336 123
39459: -90 -77 -268 92
39462: -90 -77 -271 116
39482: -90 -80 -459 84
39534: -98 -78 -335 117
39535: -98 -78 -336 125
39571: -106 -75 -140 94
39584: -106 -77 -265 70
39700: -122 -75 -141 104
39706: -122 -76 -203 88
39722: -122 -78 -331 88
39764: -130 -139 -149 97
39765: -130 -139 -150 105
39769: -130 -140 -210 73
39897: -146 -140 -210 75
39938: -154 -137 -19 84
39963: -154 -140 -212 92
39969: -154 -141 -274 76
39971: -154 -141 -276 92
39973: -154 -141 -278 108
39975: -154 -141 -280 124
40025: -162 -140 -210 77
40059: -162 -144 -468 93
40084: -170 -139 -149 102
40089: -170 -140 -210 78
40130: -178 -137 -19 87
40194: -186 -137 -19 88
40212: -186 -139 -149 104
40284: -194 -204 -221 97
40285: -194 -204 -222 105
40286: -194 -204 -223 113
40287: -194 -204 -224 121
40328: -202 -202 -89 66
40329: -202 -202 -90 74
40387: -210 -201 -28 91
40402: -210 -203 -155 83
40464: -218 -203 -153 68
40481: -218 -205 -282 76
40496: -218 -207 -409 68
40504: -218 -208 -473 68
40515: -226 -201 -28 93
40579: -234 -201 -28 94
40604: -234 -204 -221 102
40643: -242 -201 -28 95
40657: -242 -203 -154 79
40707: -250 -201 -28 96
40772: -258 -265 -37 97
40803: -258 -269 -292 89
40805: -258 -269 -294 105
40806: -258 -269 -295 113
40807: -258 -269 -296 121
40840: -266 -266 -97 66
40841: -266 -266 -98 74
40842: -266 -266 -99 82
40843: -266 -266 -100 90
40845: -266 -266 -102 106
40847: -266 -266 -104 122
40900: -274 -265 -37 99
40914: -274 -267 -163 83
40931: -274 -269 -292 91
40964: -282 -265 -37 100
40987: -282 -268 -228 92
41042: -290 -267 -163 85
41051: -290 -268 -228 93
41064: -290 -270 -353 69
41072: -290 -271 -417 69
41080: -290 -272 -481 69
41092: -298 -265 -37 102
41122: -298 -269 -291 86
41156: -306 -265 -37 103
41220: -314 -265 -37 104
41250: -314 -269 -291 88
41269: -314 -271 -422 112
41286: -322 -329 -47 113
41352: -330 -330 -105 66
41414: -338 -329 -47 115
41426: -338 -331 -171 83
41478: -346 -329 -47 116
41499: -346 -332 -236 92
41528: -346 -336 -489 68
41572: -354 -333 -301 101
41734: -378 -329 -47 120
41799: -386 -393 -56 121
41828: -386 -397 -309 97
41832: -386 -398 -369 65
41847: -386 -399 -440 121
41849: -386 -400 -498 73
41864: -394 -394 -113 66
41927: -402 -393 -56 123
41938: -402 -395 -179 83
42011: -410 -396 -244 92
42084: -418 -397 -309 101
42119: -426 -393 -56 126
42183: -434 -393 -56 127
42225: -434 -399 -434 79
42247: -442 -393 -56 128
42291: -442 -399 -436 96
42309: -450 -457 -62 105
42352: -450 -463 -441 65
42376: -458 -458 -121 66
42377: -458 -458 -122 74
42437: -466 -457 -62 107
42450: -466 -459 -187 83
42463: -466 -460 -256 123
42480: -466 -463 -441 67
42485: -466 -463 -446 107
42523: -474 -460 -252 92
42544: -474 -463 -441 68
42565: -482 -457 -62 109
42596: -482 -461 -317 101
42629: -490 -457 -62 110
42672: -490 -463 -441 70
42682: -490 -464 -507 86
42693: -498 -457 -62 111
42736: -498 -463 -441 71
42800: -506 -463 -441 72
42961: -19 -19 -130 139
42963: -19 -19 -132 155
42964: -19 -19 -133 163
42965: -19 -19 -134 171
42966: -19 -19 -135 179
42967: -19 -19 -136 187
43329: -67 -81 -10 137
43339: -67 -82 -76 153
43340: -67 -82 -77 161
43341: -67 -82 -78 169
43342: -67 -82 -79 177
43343: -67 -82 -80 185
43393: -75 -81 -10 138
43418: -75 -84 -203 146
43426: -75 -85 -267 146
43440: -75 -87 -393 130
43448: -75 -88 -457 130
43472: -83 -83 -137 131
43474: -83 -83 -139 147
43547: -91 -84 -204 156
43585: -99 -81 -10 141
43713: -115 -81 -10 143
43739: -115 -84 -204 159
43810: -123 -85 -267 152
43966: -139 -152 -471 178
44045: -155 -146 -86 172
44069: -155 -149 -278 172
44071: -155 -149 -280 188
44079: -155 -150 -344 188
44085: -155 -151 -406 172
44212: -171 -151 -405 166
44213: -171 -151 -406 174
44331: -187 -150 -340 160
44355: -195 -209 -28 153
44380: -195 -212 -221 161
44381: -195 -212 -222 169
44383: -195 -212 -224 185
44419: -203 -209 -28 154
44425: -203 -210 -90 138
44496: -211 -211 -153 131
44498: -211 -211 -155 147
44552: -219 -210 -89 132
44570: -219 -212 -219 148
44576: -219 -213 -281 132
44584: -219 -214 -345 132
44600: -219 -216 -473 132
44675: -235 -209 -28 158
44697: -235 -212 -218 142
44739: -243 -209 -28 159
44765: -243 -212 -222 175
44825: -251 -212 -218 144
44834: -251 -213 -283 152
44868: -259 -273 -37 161
44902: -259 -277 -295 177
44903: -259 -277 -296 185
44932: -267 -273 -37 162
44937: -267 -274 -98 138
44954: -267 -276 -227 146
44966: -267 -277 -295 178
45008: -275 -275 -161 131
45010: -275 -275 -163 147
45060: -283 -273 -37 164
45080: -283 -276 -225 132
45160: -291 -278 -353 133
45188: -299 -273 -37 166
45232: -299 -279 -417 134
45243: -299 -280 -484 158
45252: -307 -273 -37 167
45257: -307 -274 -98 143
45316: -315 -273 -37 168
45446: -331 -337 -47 178
45449: -331 -338 -106 138
45494: -331 -343 -431 178
45520: -339 -339 -169 131
45574: -347 -337 -47 180
45595: -347 -340 -236 156
45624: -347 -344 -489 132
45638: -355 -337 -47 181
45640: -355 -338 -105 133
45668: -355 -341 -301 165
45686: -355 -343 -431 181
45830: -379 -337 -47 184
45851: -379 -340 -236 160
45877: -379 -343 -430 176
45895: -387 -401 -56 185
45928: -387 -406 -369 129
45959: -395 -401 -56 186
46087: -411 -401 -56 188
46088: -411 -402 -113 132
46107: -411 -404 -244 156
46180: -419 -405 -309 165
46215: -427 -401 -56 190
46279: -435 -401 -56 191
46405: -451 -465 -62 169
46473: -459 -466 -122 138
46544: -467 -467 -185 131
46546: -467 -467 -187 147
46597: -475 -465 -62 172
46619: -475 -468 -252 156
46624: -475 -469 -313 132
46631: -475 -469 -320 188
46661: -483 -465 -62 173
46692: -483 -469 -317 165
46725: -491 -465 -62 174
46789: -499 -465 -62 175
46853: -507 -465 -62 176
46880: -507 -469 -313 136
47129: -28 -28 -194 204
47130: -28 -28 -195 212
47132: -28 -28 -197 228
47133: -28 -28 -198 236
47134: -28 -28 -199 244
47135: -28 -28 -200 252
47425: -68 -89 -10 201
47434: -68 -90 -75 209
47436: -68 -90 -77 225
47437: -68 -90 -78 233
47438: -68 -90 -79 241
47439: -68 -90 -80 249
47499: -76 -90 -76 218
47504: -76 -91 -137 194
47508: -76 -91 -141 226
47520: -76 -93 -265 194
47523: -76 -93 -268 218
47528: -76 -94 -329 194
47536: -76 -95 -393 194
47544: -76 -96 -457 194
47553: -84 -89 -10 203
47567: -84 -90 -80 251
47570: -84 -91 -139 211
47640: -92 -92 -201 196
47642: -92 -92 -203 212
47643: -92 -92 -204 220
47681: -100 -89 -10 205
47716: -100 -93 -269 229
47745: -108 -89 -10 206
47809: -116 -89 -10 207
47873: -124 -89 -10 208
47938: -132 -153 -19 209
47953: -132 -155 -146 201
47956: -132 -155 -149 225
47957: -132 -155 -150 233
47958: -132 -155 -151 241
47959: -132 -155 -152 249
48002: -140 -153 -19 210
48009: -140 -154 -82 202
48066: -148 -153 -19 211
48073: -148 -154 -82 203
48083: -148 -155 -148 219
48099: -148 -157 -276 219
48104: -148 -158 -337 195
48112: -148 -159 -401 195
48155: -156 -156 -212 220
48194: -164 -153 -19 213
48258: -172 -153 -19 214
48322: -180 -153 -19 215
48386: -188 -153 -19 216
48638: -212 -224 -479 243
48712: -228 -218 -89 197
48753: -228 -223 -410 205
48757: -228 -223 -414 237
48821: -236 -223 -414 238
48865: -244 -221 -282 207
48889: -244 -224 -474 207
48894: -244 -224 -479 247
48929: -252 -221 -282 208
48934: -252 -221 -287 248
48937: -252 -222 -346 208
48938: -252 -222 -347 216
48940: -252 -222 -349 232
48993: -260 -285 -290 201
48997: -260 -285 -294 233
48998: -260 -285 -295 241
48999: -260 -285 -296 249
49028: -268 -281 -37 226
49033: -268 -282 -98 202
49043: -268 -283 -164 218
49092: -276 -281 -37 227
49147: -276 -288 -484 219
49176: -284 -284 -225 196
49179: -284 -284 -228 220
49227: -292 -282 -100 221
49235: -292 -283 -164 221
49256: -292 -286 -353 197
49259: -292 -286 -356 221
49263: -292 -286 -360 253
49264: -292 -287 -417 197
49272: -292 -288 -481 197
49348: -308 -281 -37 231
49377: -308 -285 -290 207
49412: -316 -281 -37 232
49430: -316 -283 -167 248
49478: -324 -345 -47 241
49531: -324 -352 -492 217
49545: -332 -346 -106 202
49608: -340 -346 -105 195
49618: -340 -347 -171 211
49656: -340 -352 -489 195
49688: -348 -348 -233 196
49691: -348 -348 -236 220
49692: -348 -348 -237 228
49764: -356 -349 -301 229
49781: -356 -351 -430 237
49784: -356 -352 -489 197
49862: -372 -345 -47 247
49926: -380 -345 -47 248
49973: -380 -351 -430 240
49978: -380 -352 -491 216
49991: -388 -409 -56 249
50024: -388 -414 -369 193
50055: -396 -409 -56 250
50057: -396 -410 -114 202
50119: -404 -409 -56 251
50152: -404 -414 -369 195
50161: -404 -415 -434 203
50200: -412 -412 -241 196
50247: -420 -409 -56 253
50276: -420 -413 -309 229
50299: -420 -416 -500 221
50311: -428 -409 -56 254
50366: -428 -416 -503 246
50375: -436 -409 -56 255
50439: -444 -409 -56 256
50544: -452 -479 -441 193
50565: -460 -473 -62 234
50608: -460 -479 -441 194
50642: -468 -475 -187 211
50672: -468 -479 -441 195
50677: -468 -479 -446 235
50712: -476 -476 -249 196
50714: -476 -476 -251 212
50715: -476 -476 -252 220
50788: -484 -477 -317 229
50821: -492 -473 -62 238
50864: -492 -479 -441 198
50885: -500 -473 -62 239
50928: -500 -479 -441 199
50949: -508 -473 -62 240
50992: -508 -479 -441 200
51297: -37 -37 -258 269
51298: -37 -37 -259 277
51299: -37 -37 -260 285
51301: -37 -37 -262 301
51302: -37 -37 -263 309
51303: -37 -37 -264 317
51530: -69 -98 -75 273
51532: -69 -98 -77 289
51533: -69 -98 -78 297
51534: -69 -98 -79 305
51535: -69 -98 -80 313
51596: -77 -98 -77 290
51600: -77 -99 -137 258
51624: -77 -102 -329 258
51632: -77 -103 -393 258
51640: -77 -104 -457 258
51649: -85 -97 -10 267
51713: -93 -97 -10 268
51728: -93 -99 -137 260
51754: -93 -102 -331 276
51755: -93 -102 -332 284
51756: -93 -102 -333 292
51759: -93 -102 -336 316
51762: -93 -103 -395 276
51763: -93 -103 -396 284
51764: -93 -103 -397 292
51765: -93 -103 -398 300
51772: -93 -104 -461 292
51812: -101 -101 -269 293
51841: -109 -97 -10 270
51850: -109 -98 -75 278
51900: -109 -104 -461 294
51905: -117 -97 -10 271
51969: -125 -97 -10 272
51978: -125 -98 -75 280
52034: -133 -161 -19 273
52051: -133 -163 -148 281
52053: -133 -163 -150 297
52054: -133 -163 -151 305
52055: -133 -163 -152 313
52065: -133 -165 -274 265
52098: -141 -161 -19 274
52105: -141 -162 -82 266
52140: -141 -166 -341 290
52156: -141 -168 -469 290
52162: -149 -161 -19 275
52180: -149 -163 -149 291
52216: -149 -168 -465 259
52226: -157 -161 -19 276
52251: -157 -164 -212 284
52324: -165 -165 -277 293
52354: -173 -161 -19 278
52418: -181 -161 -19 279
52433: -181 -163 -146 271
52472: -181 -168 -465 263
52482: -189 -161 -19 280
52547: -197 -225 -28 281
52569: -197 -228 -218 265
52573: -197 -228 -222 297
52574: -197 -228 -223 305
52575: -197 -228 -224 313
52611: -205 -225 -28 282
52617: -205 -226 -90 266
52631: -205 -227 -160 314
52634: -205 -228 -219 274
52675: -213 -225 -28 283
52697: -213 -228 -218 267
52703: -213 -228 -224 315
52739: -221 -225 -28 284
52745: -221 -226 -90 268
52748: -221 -226 -93 292
52778: -221 -230 -347 276
52784: -221 -231 -409 260
52786: -221 -231 -411 276
52792: -221 -232 -473 260
52836: -229 -229 -285 293
52931: -245 -225 -28 287
52995: -253 -225 -28 288
53144: -269 -292 -225 258
53173: -269 -295 -422 298
53182: -269 -296 -487 306
53208: -277 -292 -225 259
53384: -301 -290 -97 262
53574: -325 -353 -47 305
53576: -325 -354 -105 257
53577: -325 -354 -106 265
53638: -333 -353 -47 306
53641: -333 -354 -106 266
53688: -333 -360 -489 258
53704: -341 -354 -105 259
53714: -341 -355 -171 275
53752: -341 -360 -489 259
53766: -349 -353 -47 308
53787: -349 -356 -236 284
53791: -349 -356 -240 316
53816: -349 -360 -489 260
53856: -357 -357 -297 261
53958: -373 -353 -47 311
54022: -381 -353 -47 312
54025: -381 -354 -106 272
54087: -389 -417 -56 313
54102: -389 -419 -183 305
54151: -397 -417 -56 314
54184: -397 -422 -369 258
54215: -405 -417 -56 315
54226: -405 -419 -179 275
54248: -405 -422 -369 259
54279: -413 -417 -56 316
54299: -413 -420 -244 284
54372: -421 -421 -309 293
54471: -437 -417 -56 319
54516: -437 -423 -437 295
54535: -445 -417 -56 320
54597: -453 -481 -62 297
54601: -453 -482 -122 265
54610: -453 -483 -187 273
54704: -461 -487 -441 258
54738: -469 -483 -187 275
54768: -469 -487 -441 259
54811: -477 -484 -252 284
54832: -477 -487 -441 260
54880: -485 -485 -313 261
54917: -493 -481 -62 302
54981: -501 -481 -62 303
55056: -509 -483 -185 264
55601: -62 -47 -386 336
55602: -62 -47 -387 344
55603: -62 -47 -388 352
55604: -62 -47 -389 360
55606: -62 -47 -391 376
55607: -62 -47 -392 384
55617: -70 -105 -10 329
55626: -70 -106 -75 337
55627: -70 -106 -76 345
55628: -70 -106 -77 353
55681: -78 -105 -10 330
55698: -78 -107 -139 338
55699: -78 -107 -140 346
55706: -78 -108 -203 338
55707: -78 -108 -204 346
55736: -78 -112 -457 322
55809: -94 -105 -10 332
55873: -102 -105 -10 333
55976: -110 -110 -329 326
55982: -110 -110 -335 374
55983: -110 -110 -336 382
56065: -126 -105 -10 336
56078: -126 -106 -79 376
56090: -126 -108 -203 344
56130: -134 -169 -19 337
56145: -134 -171 -146 329
56148: -134 -171 -149 353
56150: -134 -171 -151 369
56201: -142 -170 -82 330
56258: -150 -169 -19 339
56265: -150 -170 -82 331
56292: -150 -173 -277 355
56293: -150 -173 -278 363
56312: -150 -176 -465 323
56329: -158 -170 -82 332
56488: -174 -174 -337 326
56495: -174 -174 -344 382
56578: -190 -169 -19 344
56643: -198 -233 -28 345
56665: -198 -236 -218 329
56666: -198 -236 -219 337
56668: -198 -236 -221 353
56670: -198 -236 -223 369
56707: -206 -233 -28 346
56713: -206 -234 -90 330
56720: -206 -235 -153 322
56741: -206 -237 -286 362
56786: -214 -235 -155 339
56805: -214 -237 -286 363
56835: -222 -233 -28 348
56840: -222 -234 -89 324
56888: -222 -240 -473 324
57000: -238 -238 -345 326
57007: -238 -238 -352 382
57061: -246 -237 -286 367
57091: -254 -233 -28 352
57097: -254 -234 -90 336
57125: -254 -237 -286 368
57144: -254 -240 -473 328
57156: -262 -297 -37 353
57185: -262 -301 -290 329
57186: -262 -301 -291 337
57190: -262 -301 -295 369
57191: -262 -301 -296 377
57348: -286 -297 -37 356
57379: -286 -301 -292 348
57403: -286 -304 -484 348
57412: -294 -297 -37 357
57417: -294 -298 -98 333
57423: -294 -298 -104 381
57432: -294 -300 -225 325
57433: -294 -300 -226 333
57435: -294 -300 -228 349
57461: -294 -303 -422 365
57464: -294 -304 -481 325
57512: -302 -302 -353 326
57519: -302 -302 -360 382
57629: -318 -300 -230 368
57709: -326 -366 -366 361
57744: -334 -363 -169 322
57760: -334 -365 -297 322
57816: -342 -364 -233 323
57864: -350 -362 -105 324
57888: -350 -365 -297 324
57931: -358 -362 -108 349
57939: -358 -363 -172 349
58340: -406 -429 -309 355
58461: -422 -428 -246 365
58536: -430 -430 -369 326
58537: -430 -430 -370 334
58538: -430 -430 -371 342
58539: -430 -430 -372 350
58543: -430 -430 -376 382
58696: -454 -490 -121 321
58697: -454 -490 -122 329
58704: -454 -491 -185 321
58720: -454 -493 -313 321
58757: -462 -489 -62 362
58821: -470 -489 -62 363
58885: -478 -489 -62 364
58949: -486 -489 -62 365
59049: -494 -494 -378 334
59141: -510 -489 -62 368
59577: -47 -56 -450 398
59578: -47 -56 -451 406
59579: -47 -56 -452 414
59580: -47 -56 -453 422
59581: -47 -56 -454 430
59583: -47 -56 -456 446
59722: -71 -114 -75 401
59723: -71 -114 -76 409
59727: -71 -114 -80 441
59802: -79 -116 -203 402
59806: -79 -116 -207 434
59841: -87 -113 -10 395
59878: -87 -117 -271 435
59969: -103 -113 -10 397
60033: -111 -113 -10 398
60050: -111 -115 -139 406
60059: -111 -116 -204 414
60068: -111 -117 -269 422
60147: -119 -119 -396 415
60149: -119 -119 -398 431
60226: -135 -177 -19 401
60241: -135 -179 -146 393
60243: -135 -179 -148 409
60244: -135 -179 -149 417
60247: -135 -179 -152 441
60297: -143 -178 -82 394
60354: -151 -177 -19 403
60361: -151 -178 -82 395
60379: -151 -180 -212 411
60425: -159 -178 -82 396
60540: -167 -184 -469 421
60553: -175 -178 -82 398
60571: -175 -180 -212 414
60657: -183 -183 -402 399
60659: -183 -183 -404 415
60661: -183 -183 -406 431
60663: -183 -183 -408 447
60739: -199 -241 -28 409
60761: -199 -244 -218 393
60762: -199 -244 -219 401
60764: -199 -244 -221 417
60803: -207 -241 -28 410
60809: -207 -242 -90 394
60867: -215 -241 -28 411
60872: -215 -242 -89 387
60931: -223 -241 -28 412
60937: -223 -242 -90 396
60938: -223 -242 -91 404
60940: -223 -242 -93 420
60941: -223 -242 -94 428
60942: -223 -242 -95 436
60944: -223 -243 -153 388
60946: -223 -243 -155 404
61168: -247 -247 -409 391
61281: -263 -309 -290 393
61282: -263 -309 -291 401
61285: -263 -309 -294 425
61287: -263 -309 -296 441
61342: -271 -308 -231 434
61352: -271 -310 -353 386
61368: -271 -312 -481 386
61406: -279 -308 -231 435
61508: -295 -305 -37 421
61522: -295 -307 -163 405
61529: -295 -308 -226 397
61531: -295 -308 -228 413
61560: -295 -312 -481 389
61572: -303 -305 -37 422
61598: -303 -308 -231 438
61607: -303 -309 -296 446
61624: -303 -312 -481 390
61680: -311 -311 -417 391
61710: -319 -306 -103 440
61726: -319 -308 -231 440
61766: -327 -369 -47 433
61830: -335 -369 -47 434
61894: -343 -369 -47 435
61958: -351 -369 -47 436
61979: -351 -372 -236 412
62022: -359 -369 -47 437
62086: -367 -369 -47 438
62326: -391 -439 -439 433
62364: -399 -436 -245 418
62472: -415 -434 -113 388
62476: -415 -434 -117 420
62944: -471 -501 -313 387
63049: -487 -498 -122 397
63056: -487 -499 -185 389
63122: -495 -499 -187 406
63216: -503 -503 -441 391
63221: -503 -503 -446 431
63721: -56 -62 -322 463
63722: -56 -62 -323 471
63723: -56 -62 -324 479
63724: -56 -62 -325 487
63725: -56 -62 -326 495
63726: -56 -62 -327 503
63809: -72 -121 -10 457
63818: -72 -122 -75 465
63819: -72 -122 -76 473
63821: -72 -122 -78 489
63873: -80 -121 -10 458
63898: -80 -124 -203 466
63908: -80 -125 -269 482
63911: -80 -125 -272 506
64065: -104 -121 -10 461
64312: -128 -128 -457 456
64318: -128 -128 -463 504
64322: -136 -185 -19 465
64337: -136 -187 -146 457
64340: -136 -187 -149 481
64386: -144 -185 -19 466
64393: -144 -186 -82 458
64415: -144 -188 -216 506
64450: -152 -185 -19 467
64463: -152 -186 -88 507
64475: -152 -188 -212 475
64479: -152 -188 -216 507
64481: -152 -189 -274 459
64496: -152 -191 -401 451
64514: -160 -185 -19 468
64539: -160 -188 -212 476
64676: -176 -189 -277 486
64735: -184 -188 -216 511
64743: -184 -189 -280 511
64824: -192 -192 -465 456
64835: -200 -249 -28 473
64857: -200 -252 -218 457
64860: -200 -252 -221 481
64861: -200 -252 -222 489
64862: -200 -252 -223 497
64904: -208 -250 -89 450
64905: -208 -250 -90 458
64976: -216 -251 -153 451
65027: -224 -249 -28 476
65033: -224 -250 -90 460
65040: -224 -251 -153 452
65045: -224 -251 -158 492
65063: -224 -253 -288 508
65072: -224 -255 -409 452
65234: -248 -251 -155 471
65255: -248 -253 -288 511
65264: -248 -255 -409 455
65336: -256 -256 -473 456
65342: -256 -256 -479 504
65348: -264 -313 -37 481
65375: -264 -316 -232 505
65377: -264 -317 -290 457
65381: -264 -317 -294 489
65412: -272 -313 -37 482
65417: -272 -314 -98 458
65476: -280 -313 -37 483
65604: -296 -313 -37 485
65625: -296 -316 -226 461
65648: -296 -319 -417 453
65695: -304 -316 -232 510
65732: -312 -313 -37 487
65759: -312 -316 -232 511
65776: -312 -319 -417 455
65848: -320 -320 -481 456
65851: -320 -320 -484 480
65854: -320 -320 -487 504
65926: -336 -377 -47 498
65974: -336 -383 -431 498
66011: -344 -380 -236 475
66054: -352 -377 -47 500
66121: -360 -378 -106 461
66267: -376 -380 -236 479
66360: -384 -384 -489 456
66362: -384 -384 -491 472
66366: -384 -384 -495 504
66375: -392 -441 -56 505
66395: -392 -444 -244 473
66408: -392 -446 -369 449
66439: -400 -441 -56 506
66503: -408 -441 -56 507
66567: -416 -441 -56 508
66582: -416 -443 -183 500
66587: -416 -444 -244 476
66631: -424 -441 -56 509
66660: -424 -445 -309 485
66759: -440 -441 -56 511
66781: -440 -444 -246 495
66943: -456 -512 -512 505
66972: -464 -508 -253 482
66976: -464 -509 -313 450
67040: -472 -509 -313 451
67084: -480 -506 -125 484
67104: -480 -509 -313 452
67112: -480 -510 -377 452
67115: -480 -510 -380 476
67162: -488 -508 -251 469
68051: -81 -19 -68 203
68052: -81 -19 -69 267
68053: -81 -19 -70 331
68054: -81 -19 -71 395
68055: -81 -19 -72 459
68122: -89 -28 -67 140
68123: -89 -28 -68 204
68124: -89 -28 -69 268
68125: -89 -28 -70 332
68126: -89 -28 -71 396
68127: -89 -28 -72 460
68194: -97 -37 -67 141
68195: -97 -37 -68 205
68196: -97 -37 -69 269
68197: -97 -37 -70 333
68198: -97 -37 -71 397
68199: -97 -37 -72 461
68282: -105 -62 -67 144
68283: -105 -62 -68 208
68284: -105 -62 -69 272
68286: -105 -62 -71 400
68287: -105 -62 -72 464
68330: -113 -47 -67 142
68331: -113 -47 -68 206
68332: -113 -47 -69 270
68333: -113 -47 -70 334
68335: -113 -47 -72 462
68402: -121 -56 -67 143
68403: -121 -56 -68 207
68404: -121 -56 -69 271
68405: -121 -56 -70 335
68406: -121 -56 -71 399
68489: -137 -10 -130 82
68491: -137 -10 -132 210
68492: -137 -10 -133 274
68493: -137 -10 -134 338
68494: -137 -10 -135 402
68495: -137 -10 -136 466
68633: -153 -28 -130 84
68635: -153 -28 -132 212
68636: -153 -28 -133 276
68637: -153 -28 -134 340
68638: -153 -28 -135 404
68639: -153 -28 -136 468
68705: -161 -37 -130 85
68707: -161 -37 -132 213
68708: -161 -37 -133 277
68709: -161 -37 -134 341
68710: -161 -37 -135 405
68711: -161 -37 -136 469
68793: -169 -62 -130 88
68795: -169 -62 -132 216
68796: -169 -62 -133 280
68798: -169 -62 -135 408
68799: -169 -62 -136 472
68841: -177 -47 -130 86
68843: -177 -47 -132 214
68844: -177 -47 -133 278
68845: -177 -47 -134 342
68847: -177 -47 -136 470
68913: -185 -56 -130 87
68915: -185 -56 -132 215
68916: -185 -56 -133 279
68917: -185 -56 -134 343
68918: -185 -56 -135 407
69001: -201 -10 -194 90
69002: -201 -10 -195 154
69004: -201 -10 -197 282
69005: -201 -10 -198 346
69006: -201 -10 -199 410
69007: -201 -10 -200 474
69073: -209 -19 -194 91
69076: -209 -19 -197 283
69077: -209 -19 -198 347
69078: -209 -19 -199 411
69079: -209 -19 -200 475
69217: -225 -37 -194 93
69218: -225 -37 -195 157
69220: -225 -37 -197 285
69221: -225 -37 -198 349
69222: -225 -37 -199 413
69223: -225 -37 -200 477
69305: -233 -62 -194 96
69306: -233 -62 -195 160
69308: -233 -62 -197 288
69310: -233 -62 -199 416
69311: -233 -62 -200 480
69353: -241 -47 -194 94
69354: -241 -47 -195 158
69356: -241 -47 -197 286
69357: -241 -47 -198 350
69359: -241 -47 -200 478
69425: -249 -56 -194 95
69426: -249 -56 -195 159
69428: -249 -56 -197 287
69429: -249 -56 -198 351
69430: -249 -56 -199 415
69513: -265 -10 -258 98
69514: -265 -10 -259 162
69515: -265 -10 -260 226
69517: -265 -10 -262 354
69518: -265 -10 -263 418
69519: -265 -10 -264 482
69585: -273 -19 -258 99
69587: -273 -19 -260 227
69589: -273 -19 -262 355
69590: -273 -19 -263 419
69591: -273 -19 -264 483
69657: -281 -28 -258 100
69658: -281 -28 -259 164
69659: -281 -28 -260 228
69661: -281 -28 -262 356
69662: -281 -28 -263 420
69663: -281 -28 -264 484
69817: -297 -62 -258 104
69818: -297 -62 -259 168
69819: -297 -62 -260 232
69822: -297 -62 -263 424
69823: -297 -62 -264 488
69865: -305 -47 -258 102
69866: -305 -47 -259 166
69867: -305 -47 -260 230
69871: -305 -47 -264 486
69937: -313 -56 -258 103
69938: -313 -56 -259 167
69939: -313 -56 -260 231
69941: -313 -56 -262 359
69942: -313 -56 -263 423
70025: -329 -10 -322 106
70026: -329 -10 -323 170
70027: -329 -10 -324 234
70028: -329 -10 -325 298
70029: -329 -10 -326 362
70030: -329 -10 -327 426
70097: -337 -19 -322 107
70098: -337 -19 -323 171
70099: -337 -19 -324 235
70100: -337 -19 -325 299
70101: -337 -19 -326 363
70102: -337 -19 -327 427
70169: -345 -28 -322 108
70170: -345 -28 -323 172
70171: -345 -28 -324 236
70172: -345 -28 -325 300
70173: -345 -28 -326 364
70174: -345 -28 -327 428
70241: -353 -37 -322 109
70242: -353 -37 -323 173
70243: -353 -37 -324 237
70244: -353 -37 -325 301
70245: -353 -37 -326 365
70246: -353 -37 -327 429
70377: -369 -47 -322 110
70378: -369 -47 -323 174
70379: -369 -47 -324 238
70380: -369 -47 -325 302
70381: -369 -47 -326 366
70382: -369 -47 -327 430
70449: -377 -56 -322 111
70537: -393 -10 -386 114
70538: -393 -10 -387 178
70539: -393 -10 -388 242
70540: -393 -10 -389 306
70542: -393 -10 -391 434
70543: -393 -10 -392 498
70609: -401 -19 -386 115
70610: -401 -19 -387 179
70611: -401 -19 -388 243
70612: -401 -19 -389 307
70614: -401 -19 -391 435
70615: -401 -19 -392 499
70681: -409 -28 -386 116
70682: -409 -28 -387 180
70683: -409 -28 -388 244
70684: -409 -28 -389 308
70686: -409 -28 -391 436
70687: -409 -28 -392 500
70753: -417 -37 -386 117
70754: -417 -37 -387 181
70755: -417 -37 -388 245
70756: -417 -37 -389 309
70758: -417 -37 -391 437
70759: -417 -37 -392 501
70961: -441 -56 -386 119
70962: -441 -56 -387 183
70963: -441 -56 -388 247
70964: -441 -56 -389 311
70966: -441 -56 -391 439
70967: -441 -56 -392 503
71049: -457 -10 -450 122
71050: -457 -10 -451 186
71051: -457 -10 -452 250
71052: -457 -10 -453 314
71053: -457 -10 -454 378
71055: -457 -10 -456 506
71121: -465 -19 -450 123
71122: -465 -19 -451 187
71123: -465 -19 -452 251
71124: -465 -19 -453 315
71125: -465 -19 -454 379
71127: -465 -19 -456 507
71193: -473 -28 -450 124
71194: -473 -28 -451 188
71195: -473 -28 -452 252
71196: -473 -28 -453 316
71197: -473 -28 -454 380
71199: -473 -28 -456 508
71265: -481 -37 -450 125
71266: -481 -37 -451 189
71267: -481 -37 -452 253
71268: -481 -37 -453 317
71269: -481 -37 -454 381
71271: -481 -37 -456 509
71354: -489 -62 -451 192
71355: -489 -62 -452 256
71356: -489 -62 -453 320
71357: -489 -62 -454 384
71359: -489 -62 -456 512
71553: -10 -66 -10 65
71569: -10 -82 -10 67
71577: -10 -90 -10 68
71585: -10 -98 -10 69
71593: -10 -106 -10 70
71601: -10 -114 -10 71
71609: -10 -122 -10 72
72274: -98 -85 -75 139
72275: -98 -85 -76 203
72286: -98 -93 -79 396
72287: -98 -93 -80 460
72298: -98 -109 -75 142
72301: -98 -109 -78 334
72303: -98 -109 -80 462
72314: -98 -125 -75 144
72319: -98 -125 -80 464
72324: -106 -70 -77 265
72338: -106 -86 -75 139
72346: -106 -94 -75 140
72347: -106 -94 -76 204
72355: -106 -102 -76 205
72356: -106 -102 -77 269
72380: -106 -126 -77 272
72404: -114 -87 -77 267
72411: -114 -95 -76 204
72419: -114 -103 -76 205
72423: -114 -103 -80 461
72426: -114 -111 -75 142
72427: -114 -111 -76 206
72428: -114 -111 -77 270
72476: -122 -96 -77 268
72477: -122 -96 -78 332
72538: -130 -89 -139 148
72546: -130 -97 -139 149
72554: -130 -105 -139 150
72562: -130 -113 -139 151
72570: -130 -121 -139 152
72601: -138 -90 -138 84
72609: -138 -98 -138 85
72617: -138 -106 -138 86
72625: -138 -114 -138 87
72633: -138 -122 -138 88
72676: -146 -99 -141 277
72704: -154 -68 -137 17
72712: -154 -76 -137 18
72714: -154 -76 -139 146
72768: -162 -69 -137 17
72792: -162 -93 -137 20
72832: -170 -70 -137 17
72840: -170 -78 -137 18
72887: -170 -118 -144 471
72896: -178 -71 -137 17
72935: -178 -103 -144 469
72944: -178 -119 -137 23
72960: -186 -72 -137 17
73006: -186 -112 -143 406
73043: -194 -81 -204 219
73059: -194 -97 -204 221
73067: -194 -105 -204 222
73075: -194 -113 -204 223
73083: -194 -121 -204 224
73105: -202 -82 -202 91
73121: -202 -98 -202 93
73129: -202 -106 -202 94
73137: -202 -114 -202 95
73145: -202 -122 -202 96
73152: -210 -67 -201 25
73163: -210 -75 -204 218
73164: -210 -75 -205 282
73234: -218 -84 -203 155
73252: -218 -100 -205 285
73261: -218 -108 -206 350
73270: -218 -116 -207 415
73279: -218 -124 -208 480
73280: -226 -69 -201 25
73291: -226 -77 -204 218
73344: -234 -70 -201 25
73408: -242 -71 -201 25
73472: -250 -72 -201 25
73485: -250 -80 -206 346
73556: -258 -81 -269 291
73564: -258 -89 -269 292
73580: -258 -105 -269 294
73588: -258 -113 -269 295
73596: -258 -121 -269 296
73617: -266 -82 -266 99
73625: -266 -90 -266 100
73641: -266 -106 -266 102
73657: -266 -122 -266 104
73672: -274 -75 -265 34
73676: -274 -75 -269 290
73709: -274 -107 -270 358
73717: -274 -115 -270 359
73725: -274 -123 -270 360
73728: -282 -68 -265 33
73736: -282 -76 -265 34
73740: -282 -76 -269 290
73810: -290 -85 -267 163
73819: -290 -93 -268 228
73846: -290 -117 -271 423
73855: -290 -125 -272 488
73856: -298 -70 -265 33
73864: -298 -78 -265 34
73920: -306 -71 -265 33
73984: -314 -72 -265 33
74084: -322 -97 -333 301
74129: -330 -82 -330 107
74137: -330 -90 -330 108
74161: -330 -114 -330 111
74169: -330 -122 -330 112
74176: -338 -67 -329 41
74186: -338 -75 -331 170
74187: -338 -75 -332 234
74188: -338 -75 -333 298
74189: -338 -75 -334 362
74240: -346 -68 -329 41
74250: -346 -76 -331 170
74252: -346 -76 -333 298
74253: -346 -76 -334 362
74254: -346 -76 -335 426
74280: -346 -108 -329 46
74311: -354 -69 -336 489
74314: -354 -77 -331 170
74315: -354 -77 -332 234
74317: -354 -77 -334 362
74318: -354 -77 -335 426
74504: -378 -80 -329 42
74510: -378 -80 -335 426
74511: -378 -80 -336 490
74576: -386 -81 -393 51
74584: -386 -89 -393 52
74592: -386 -97 -393 53
74600: -386 -105 -393 54
74604: -386 -105 -397 310
74641: -394 -82 -394 115
74649: -394 -90 -394 116
74657: -394 -98 -394 117
74681: -394 -122 -394 120
74693: -402 -67 -398 369
74696: -402 -75 -393 50
74699: -402 -75 -396 242
74700: -402 -75 -397 306
74701: -402 -75 -398 370
74702: -402 -75 -399 434
74752: -410 -68 -393 49
74760: -410 -76 -393 50
74762: -410 -76 -395 178
74764: -410 -76 -397 306
74766: -410 -76 -399 434
74767: -410 -76 -400 498
74826: -418 -77 -395 178
74827: -418 -77 -396 242
74830: -418 -77 -399 434
74888: -426 -78 -393 50
74893: -426 -78 -398 370
75088: -450 -81 -457 59
75153: -458 -82 -458 123
75161: -458 -90 -458 124
75169: -458 -98 -458 125
75177: -458 -106 -458 126
75200: -466 -67 -457 57
75211: -466 -75 -460 250
75212: -466 -75 -461 314
75214: -466 -75 -463 442
75215: -466 -75 -464 506
75274: -474 -76 -459 186
75276: -474 -76 -461 314
75277: -474 -76 -462 378
75279: -474 -76 -464 506
75323: -474 -124 -460 256
75328: -482 -69 -457 57
75338: -482 -77 -459 186
75339: -482 -77 -460 250
75343: -482 -77 -464 506
75464: -498 -79 -457 58
75470: -498 -79 -463 442
75518: -498 -127 -463 448
75714: -19 -131 -19 129
75722: -19 -139 -19 130
75738: -19 -155 -19 132
75746: -19 -163 -19 133
75754: -19 -171 -19 134
75762: -19 -179 -19 135
75770: -19 -187 -19 136
76121: -67 -153 -82 76
76129: -67 -161 -82 77
76137: -67 -169 -82 78
76145: -67 -177 -82 79
76153: -67 -185 -82 80
76187: -75 -154 -84 204
76196: -75 -162 -85 269
76250: -83 -155 -83 140
76266: -83 -171 -83 142
76288: -91 -132 -81 9
76352: -99 -133 -81 9
76416: -107 -134 -81 9
76480: -115 -135 -81 9
76531: -115 -183 -84 207
76544: -123 -136 -81 9
76889: -163 -157 -146 84
76891: -163 -157 -148 212
76894: -163 -157 -151 404
76895: -163 -157 -152 468
76905: -163 -173 -146 86
76921: -163 -189 -146 88
76939: -171 -142 -148 210
76940: -171 -142 -149 274
76942: -171 -142 -151 402
76955: -171 -158 -148 212
76956: -171 -158 -149 276
76961: -171 -166 -146 85
76964: -171 -166 -149 277
76966: -171 -166 -151 405
76985: -171 -190 -146 88
76988: -171 -190 -149 280
76996: -179 -135 -149 273
77003: -179 -143 -148 210
77004: -179 -143 -149 274
77019: -179 -159 -148 212
77023: -179 -159 -152 468
77028: -179 -167 -149 277
77031: -179 -167 -152 469
77035: -179 -175 -148 214
77036: -179 -175 -149 278
77067: -187 -144 -148 210
77068: -187 -144 -149 274
77083: -187 -160 -148 212
77092: -187 -168 -149 277
77093: -187 -168 -150 341
77099: -187 -176 -148 214
77101: -187 -176 -150 342
77108: -187 -184 -149 279
77131: -195 -137 -212 218
77155: -195 -161 -212 221
77163: -195 -169 -212 222
77171: -195 -177 -212 223
77179: -195 -185 -212 224
77184: -203 -130 -209 25
77189: -203 -130 -214 345
77203: -203 -146 -212 219
77213: -203 -154 -214 348
77221: -203 -162 -214 349
77245: -203 -186 -214 352
77258: -211 -139 -211 154
77321: -219 -140 -210 90
77366: -219 -180 -215 415
77375: -219 -188 -216 480
77384: -227 -141 -209 26
77395: -227 -149 -212 219
77440: -235 -134 -209 25
77480: -235 -174 -209 30
77504: -243 -135 -209 25
77568: -251 -136 -209 25
77589: -251 -152 -214 347
77644: -259 -137 -277 290
77660: -259 -153 -277 292
77676: -259 -169 -277 294
77684: -259 -177 -277 295
77692: -259 -185 -277 296
77716: -267 -146 -277 291
77720: -267 -154 -273 36
77770: -275 -139 -275 162
77786: -275 -155 -275 164
77818: -275 -187 -275 168
77824: -283 -132 -273 33
77844: -283 -148 -277 291
77897: -291 -141 -274 98
77915: -291 -157 -276 228
77951: -291 -189 -280 488
77952: -299 -134 -273 33
77972: -299 -150 -277 291
78016: -307 -135 -273 33
78067: -307 -183 -276 231
78068: -307 -183 -277 295
78070: -307 -183 -279 423
78080: -315 -136 -273 33
78097: -315 -152 -274 99
78152: -323 -137 -337 42
78169: -323 -153 -338 108
78176: -323 -161 -337 45
78208: -331 -130 -337 41
78227: -331 -146 -340 235
78228: -331 -146 -341 299
78229: -331 -146 -342 363
78248: -331 -170 -337 46
78282: -339 -139 -339 170
78298: -339 -155 -339 172
78306: -339 -163 -339 173
78322: -339 -179 -339 175
78336: -347 -132 -337 41
78352: -347 -148 -337 43
78353: -347 -148 -338 107
78356: -347 -148 -341 299
78357: -347 -148 -342 363
78417: -355 -149 -338 107
78419: -355 -149 -340 235
78421: -355 -149 -342 363
78604: -379 -144 -341 298
78608: -379 -152 -337 43
78615: -379 -152 -344 491
78639: -379 -176 -344 494
78647: -379 -184 -344 495
78664: -387 -137 -401 50
78680: -387 -153 -401 52
78688: -387 -161 -401 53
78694: -387 -161 -407 437
78720: -395 -130 -401 49
78725: -395 -130 -406 369
78794: -403 -139 -403 178
78810: -403 -155 -403 180
78818: -403 -163 -403 181
78842: -403 -187 -403 184
78848: -411 -132 -401 49
78868: -411 -148 -405 307
78869: -411 -148 -406 371
78870: -411 -148 -407 435
78929: -419 -149 -402 115
78931: -419 -149 -404 243
78934: -419 -149 -407 435
78992: -427 -150 -401 51
78997: -427 -150 -406 371
79120: -443 -152 -401 51
79176: -451 -137 -465 58
79192: -451 -153 -465 60
79200: -451 -161 -465 61
79232: -459 -130 -465 57
79251: -459 -146 -468 251
79252: -459 -146 -469 315
79255: -459 -146 -472 507
79264: -459 -162 -465 61
79306: -467 -139 -467 186
79338: -467 -171 -467 190
79377: -475 -148 -466 123
79380: -475 -148 -469 315
79383: -475 -148 -472 507
79440: -483 -149 -465 59
79441: -483 -149 -466 123
79443: -483 -149 -468 251
79445: -483 -149 -470 379
79447: -483 -149 -472 507
79470: -483 -173 -471 446
79504: -491 -150 -465 59
79552: -499 -135 -465 57
79564: -499 -143 -469 314
79568: -499 -151 -465 59
79875: -28 -196 -28 193
79883: -28 -204 -28 194
79891: -28 -212 -28 195
79907: -28 -228 -28 197
79915: -28 -236 -28 198
79923: -28 -244 -28 199
79931: -28 -252 -28 200
80209: -68 -209 -90 75
80225: -68 -225 -90 77
80233: -68 -233 -90 78
80241: -68 -241 -90 79
80249: -68 -249 -90 80
80274: -76 -210 -91 139
80292: -76 -226 -93 269
80301: -76 -234 -94 334
80310: -76 -242 -95 399
80320: -84 -195 -89 9
80345: -84 -219 -90 76
80346: -84 -219 -91 140
80403: -92 -212 -92 203
80427: -92 -236 -92 206
80435: -92 -244 -92 207
80443: -92 -252 -92 208
80448: -100 -197 -89 9
80464: -100 -213 -89 11
80473: -100 -221 -90 76
80512: -108 -198 -89 9
80576: -116 -199 -89 9
80577: -116 -199 -90 73
80600: -116 -223 -89 12
80607: -116 -223 -96 460
80640: -124 -200 -89 9
80665: -124 -224 -90 76
80696: -124 -256 -89 16
80714: -132 -201 -155 146
80738: -132 -225 -155 149
80746: -132 -233 -155 150
80754: -132 -241 -155 151
80762: -132 -249 -155 152
80768: -140 -194 -153 17
80841: -148 -203 -154 82
80868: -148 -227 -157 277
80877: -148 -235 -158 342
80881: -148 -243 -154 87
80886: -148 -243 -159 407
80895: -148 -251 -160 472
80907: -156 -204 -156 210
80939: -156 -236 -156 214
80947: -156 -244 -156 215
80955: -156 -252 -156 216
80960: -164 -197 -153 17
80964: -164 -197 -157 273
80965: -164 -197 -158 337
80966: -164 -197 -159 401
80968: -164 -205 -153 18
80984: -164 -221 -153 20
80988: -164 -221 -157 276
81088: -180 -199 -153 17
81113: -180 -223 -154 84
81119: -180 -223 -160 468
81152: -188 -200 -153 17
81208: -188 -256 -153 24
81302: -204 -210 -223 411
81322: -204 -234 -219 158
81330: -204 -242 -219 159
81333: -204 -242 -222 351
81338: -204 -250 -219 160
81340: -204 -250 -221 288
81342: -204 -250 -223 416
81377: -212 -227 -218 93
81385: -212 -235 -218 94
81393: -212 -243 -218 95
81397: -212 -243 -222 351
81398: -212 -243 -223 415
81401: -212 -251 -218 96
81482: -228 -205 -219 154
81486: -228 -205 -223 410
81489: -228 -213 -218 91
81513: -228 -237 -218 94
81514: -228 -237 -219 158
81529: -228 -253 -218 96
81550: -236 -206 -223 410
81554: -236 -214 -219 155
81556: -236 -214 -221 283
81558: -236 -214 -223 411
81570: -236 -230 -219 157
81572: -236 -230 -221 285
81594: -236 -254 -219 160
81596: -236 -254 -221 288
81598: -236 -254 -223 416
81610: -244 -207 -219 154
81612: -244 -207 -221 282
81617: -244 -215 -218 91
81618: -244 -215 -219 155
81620: -244 -215 -221 283
81623: -244 -215 -224 475
81636: -244 -231 -221 285
81642: -244 -239 -219 158
81644: -244 -239 -221 286
81658: -244 -255 -219 160
81660: -244 -255 -221 288
81676: -252 -208 -221 282
81682: -252 -216 -219 155
81684: -252 -216 -221 283
81713: -252 -248 -218 95
81714: -252 -248 -219 159
81716: -252 -248 -221 287
81740: -260 -201 -285 290
81748: -260 -209 -285 291
81772: -260 -233 -285 294
81780: -260 -241 -285 295
81788: -260 -249 -285 296
81808: -268 -210 -281 35
81820: -268 -218 -285 292
81864: -276 -203 -281 34
81880: -276 -219 -281 36
81884: -276 -219 -285 292
81904: -276 -243 -281 39
81939: -284 -212 -284 227
81963: -284 -236 -284 230
81971: -284 -244 -284 231
81979: -284 -252 -284 232
81993: -292 -205 -282 98
82002: -292 -213 -283 163
82029: -292 -237 -286 358
82038: -292 -245 -287 423
82048: -300 -198 -281 33
82112: -308 -199 -281 33
82136: -308 -223 -281 36
82140: -308 -223 -285 292
82176: -316 -200 -281 33
82232: -316 -256 -281 40
82256: -324 -209 -345 43
82258: -324 -209 -347 171
82272: -324 -225 -345 45
82304: -332 -194 -345 41
82330: -332 -218 -347 172
82332: -332 -218 -349 300
82333: -332 -218 -350 364
82334: -332 -218 -351 428
82368: -340 -195 -345 41
82392: -340 -219 -345 44
82393: -340 -219 -346 108
82396: -340 -219 -349 300
82397: -340 -219 -350 364
82398: -340 -219 -351 428
82483: -348 -244 -348 239
82491: -348 -252 -348 240
82496: -356 -197 -345 41
82521: -356 -221 -346 108
82522: -356 -221 -347 172
82525: -356 -221 -350 364
82710: -380 -216 -351 427
82712: -380 -224 -345 44
82719: -380 -224 -352 492
82743: -380 -248 -352 495
82760: -388 -201 -409 50
82768: -388 -209 -409 51
82784: -388 -225 -409 53
82816: -396 -194 -409 49
82821: -396 -194 -414 369
82822: -396 -194 -415 433
82840: -396 -218 -409 52
82842: -396 -218 -411 180
82844: -396 -218 -413 308
82846: -396 -218 -415 436
82847: -396 -218 -416 500
82864: -396 -242 -409 55
82880: -404 -195 -409 49
82885: -404 -195 -414 369
82886: -404 -195 -415 433
82888: -404 -203 -409 50
82910: -404 -219 -415 436
82955: -412 -204 -412 242
82963: -412 -212 -412 243
82979: -412 -228 -412 245
82987: -412 -236 -412 246
83003: -412 -252 -412 248
83033: -420 -221 -410 116
83034: -420 -221 -411 180
83038: -420 -221 -415 436
83039: -420 -221 -416 500
83048: -420 -237 -409 54
83054: -420 -237 -415 438
83072: -428 -198 -409 49
83096: -428 -222 -409 52
83097: -428 -222 -410 116
83100: -428 -222 -413 308
83101: -428 -222 -414 372
83102: -428 -222 -415 436
83206: -444 -200 -415 433
83262: -444 -256 -415 440
83281: -452 -209 -474 123
83303: -452 -225 -480 509
83353: -460 -218 -474 124
83356: -460 -218 -477 316
83358: -460 -218 -479 444
83359: -460 -218 -480 508
83392: -468 -195 -473 57
83399: -468 -195 -480 505
83416: -468 -219 -473 60
83422: -468 -219 -479 444
83453: -468 -251 -478 384
83454: -468 -251 -479 448
83475: -476 -212 -476 251
83491: -476 -228 -476 253
83499: -476 -236 -476 254
83507: -476 -244 -476 255
83545: -484 -221 -474 124
83550: -484 -221 -479 444
83551: -484 -221 -480 508
83566: -484 -237 -479 446
83639: -492 -246 -480 511
83648: -500 -199 -473 57
83672: -500 -223 -473 60
83678: -500 -223 -479 444
83710: -500 -255 -479 448
83711: -500 -255 -480 512
84036: -37 -261 -37 257
84044: -37 -269 -37 258
84052: -37 -277 -37 259
84060: -37 -285 -37 260
84076: -37 -301 -37 262
84084: -37 -309 -37 263
84092: -37 -317 -37 264
84305: -69 -273 -98 75
84313: -69 -281 -98 76
84329: -69 -297 -98 78
84337: -69 -305 -98 79
84345: -69 -313 -98 80
84370: -77 -274 -99 139
84379: -77 -282 -100 204
84397: -77 -298 -102 334
84406: -77 -306 -103 399
84415: -77 -314 -104 464
84416: -85 -259 -97 9
84449: -85 -291 -98 77
84480: -93 -260 -97 9
84489: -93 -268 -98 74
84513: -93 -292 -98 77
84543: -93 -316 -104 464
84608: -109 -262 -97 9
84648: -109 -302 -97 14
84672: -117 -263 -97 9
84720: -117 -311 -97 15
84736: -125 -264 -97 9
84810: -133 -265 -163 146
84826: -133 -281 -163 148
84842: -133 -297 -163 150
84850: -133 -305 -163 151
84858: -133 -313 -163 152
84898: -141 -290 -163 149
84901: -141 -290 -166 341
84937: -149 -267 -162 82
84955: -149 -283 -164 212
85026: -157 -292 -163 149
85040: -157 -308 -161 23
85084: -165 -285 -165 276
85120: -173 -262 -161 17
85184: -181 -263 -161 17
85192: -181 -271 -161 18
85219: -181 -295 -164 213
85232: -181 -311 -161 23
85248: -189 -264 -161 17
85323: -197 -265 -228 218
85331: -197 -273 -228 219
85355: -197 -297 -228 222
85363: -197 -305 -228 223
85371: -197 -313 -228 224
85376: -205 -258 -225 25
85392: -205 -274 -225 27
85408: -205 -290 -225 29
85411: -205 -290 -228 221
85437: -205 -314 -230 352
85479: -213 -291 -232 477
85490: -213 -307 -227 159
85496: -213 -315 -225 32
85513: -221 -268 -226 90
85522: -221 -276 -227 155
85549: -221 -300 -230 350
85558: -221 -308 -231 415
85567: -221 -316 -232 480
85632: -237 -262 -225 25
85666: -237 -294 -227 157
85672: -237 -302 -225 30
85696: -245 -263 -225 25
85744: -245 -311 -225 31
85760: -253 -264 -225 25
85907: -269 -274 -292 227
85911: -269 -274 -296 483
85918: -269 -282 -295 420
85931: -269 -298 -292 230
85939: -269 -306 -292 231
85941: -269 -306 -294 359
85947: -269 -314 -292 232
85961: -277 -267 -290 98
85963: -277 -267 -292 226
85967: -277 -267 -296 482
85971: -277 -275 -292 227
85977: -277 -283 -290 100
85979: -277 -283 -292 228
85993: -277 -299 -290 102
85995: -277 -299 -292 230
85999: -277 -299 -296 486
86003: -277 -307 -292 231
86011: -277 -315 -292 232
86031: -285 -268 -296 482
86037: -285 -276 -294 355
86057: -285 -300 -290 102
86154: -301 -270 -291 162
86169: -301 -286 -290 100
86194: -301 -310 -291 167
86201: -301 -318 -290 104
86218: -309 -271 -291 162
86235: -309 -287 -292 228
86251: -309 -303 -292 230
86267: -309 -319 -292 232
86285: -317 -272 -294 354
86301: -317 -288 -294 356
86321: -317 -312 -290 103
86322: -317 -312 -291 167
86344: -325 -265 -353 42
86352: -325 -273 -353 43
86360: -325 -281 -353 44
86363: -325 -281 -356 236
86405: -333 -258 -358 361
86434: -333 -290 -355 173
86435: -333 -290 -356 237
86437: -333 -290 -358 365
86438: -333 -290 -359 429
86439: -333 -290 -360 493
86469: -341 -259 -358 361
86497: -341 -291 -354 109
86499: -341 -291 -356 237
86501: -341 -291 -358 365
86520: -341 -315 -353 48
86561: -349 -292 -354 109
86562: -349 -292 -355 173
86565: -349 -292 -358 365
86568: -349 -300 -353 46
86575: -349 -300 -360 494
86604: -357 -269 -357 298
86620: -357 -285 -357 300
86644: -357 -309 -357 303
86725: -373 -263 -358 361
86784: -381 -264 -353 41
86823: -381 -296 -360 493
86856: -389 -265 -417 50
86858: -389 -265 -419 178
86864: -389 -273 -417 51
86872: -389 -281 -417 52
86944: -397 -290 -417 53
86984: -405 -267 -417 50
87009: -405 -291 -418 117
87011: -405 -291 -420 245
87014: -405 -291 -423 437
87073: -413 -292 -418 117
87074: -413 -292 -419 181
87075: -413 -292 -420 245
87078: -413 -292 -423 437
87164: -421 -317 -421 312
87205: -429 -294 -422 373
87424: -461 -258 -481 57
87472: -461 -306 -481 63
87488: -469 -259 -481 57
87526: -469 -291 -487 445
87552: -477 -260 -481 57
87585: -477 -292 -482 125
87586: -477 -292 -483 189
87587: -477 -292 -484 253
87589: -477 -292 -486 381
87590: -477 -292 -487 445
87591: -477 -292 -488 509
87628: -485 -269 -485 314
87660: -485 -301 -485 318
87668: -485 -309 -485 319
87782: -501 -295 -487 445
87806: -501 -319 -487 448
88326: -62 -328 -47 385
88334: -62 -336 -47 386
88342: -62 -344 -47 387
88350: -62 -352 -47 388
88358: -62 -360 -47 389
88366: -62 -368 -47 390
88374: -62 -376 -47 391
88382: -62 -384 -47 392
88401: -70 -337 -106 75
88409: -70 -345 -106 76
88417: -70 -353 -106 77
88425: -70 -361 -106 78
88433: -70 -369 -106 79
88441: -70 -377 -106 80
88468: -78 -338 -109 267
88470: -78 -338 -111 395
88471: -78 -338 -112 459
88476: -78 -346 -109 268
88478: -78 -346 -111 396
88640: -102 -325 -105 9
88656: -102 -341 -105 11
88717: -110 -334 -110 330
88725: -110 -342 -110 331
88733: -110 -350 -110 332
88741: -110 -358 -110 333
88768: -118 -327 -105 9
88906: -134 -329 -171 146
88922: -134 -345 -171 148
88930: -134 -353 -171 149
88938: -134 -361 -171 150
88946: -134 -369 -171 151
88954: -134 -377 -171 152
88998: -142 -354 -175 405
89035: -150 -331 -172 210
89038: -150 -331 -175 402
89039: -150 -331 -176 466
89054: -150 -347 -175 404
89221: -174 -326 -174 337
89237: -174 -342 -174 339
89253: -174 -358 -174 341
89261: -174 -366 -174 342
89280: -182 -327 -169 17
89419: -198 -329 -236 218
89427: -198 -337 -236 219
89443: -198 -353 -236 221
89451: -198 -361 -236 222
89459: -198 -369 -236 223
89467: -198 -377 -236 224
89500: -206 -346 -237 284
89536: -214 -323 -233 25
89757: -238 -350 -238 348
89792: -246 -327 -233 25
89820: -246 -351 -237 284
89852: -246 -383 -237 288
89932: -262 -329 -301 290
89940: -262 -337 -301 291
89948: -262 -345 -301 292
89964: -262 -361 -301 294
89980: -262 -377 -301 296
90203: -294 -349 -300 228
90269: -302 -350 -302 356
90277: -302 -358 -302 357
90285: -302 -366 -302 358
90441: -326 -329 -362 106
90459: -326 -345 -364 236
90468: -326 -353 -365 301
90750: -358 -381 -367 432
91027: -398 -338 -428 243
91057: -398 -370 -426 119
91083: -406 -331 -428 242
91122: -406 -371 -427 183
91153: -414 -340 -426 115
91226: -422 -349 -427 180
91242: -422 -365 -427 182
91258: -422 -381 -427 184
91269: -430 -326 -430 369
91301: -430 -358 -430 373
91325: -430 -382 -430 376
91475: -454 -337 -492 251
91476: -454 -337 -493 315
91479: -454 -337 -496 507
91552: -462 -354 -489 61
91640: -470 -379 -489 64
91680: -478 -356 -489 61
91728: -486 -341 -489 59
91768: -486 -381 -489 64
91837: -494 -382 -494 384
92295: -47 -390 -56 449
92303: -47 -398 -56 450
92311: -47 -406 -56 451
92319: -47 -414 -56 452
92327: -47 -422 -56 453
92335: -47 -430 -56 454
92343: -47 -438 -56 455
92351: -47 -446 -56 456
92497: -71 -401 -114 75
92505: -71 -409 -114 76
92513: -71 -417 -114 77
92521: -71 -425 -114 78
92529: -71 -433 -114 79
92537: -71 -441 -114 80
92615: -87 -387 -120 457
92736: -103 -389 -113 9
92878: -119 -399 -119 394
92886: -119 -407 -119 395
92894: -119 -415 -119 396
92902: -119 -423 -119 397
92918: -119 -439 -119 399
92928: -127 -392 -113 9
93002: -135 -393 -179 146
93018: -135 -409 -179 148
93026: -135 -417 -179 149
93034: -135 -425 -179 150
93042: -135 -433 -179 151
93050: -135 -441 -179 152
93063: -143 -386 -184 465
93382: -183 -391 -183 401
93398: -183 -407 -183 403
93406: -183 -415 -183 404
93430: -183 -439 -183 407
93438: -183 -447 -183 408
93440: -191 -392 -177 17
93515: -199 -393 -244 218
93523: -199 -401 -244 219
93539: -199 -417 -244 221
93547: -199 -425 -244 222
93555: -199 -433 -244 223
93563: -199 -441 -244 224
93621: -207 -434 -246 351
93706: -223 -396 -243 154
93708: -223 -396 -245 282
93711: -223 -396 -248 474
93716: -223 -404 -245 283
93753: -223 -444 -242 96
93754: -223 -444 -243 160
93757: -223 -444 -246 352
93902: -247 -399 -247 410
93918: -247 -415 -247 412
93942: -247 -439 -247 415
93952: -255 -392 -241 25
93997: -255 -432 -246 350
94028: -263 -393 -309 290
94036: -263 -401 -309 291
94044: -263 -409 -309 292
94060: -263 -425 -309 294
94068: -263 -433 -309 295
94076: -263 -441 -309 296
94087: -271 -386 -312 481
94377: -303 -430 -306 102
94438: -311 -423 -311 421
94454: -311 -439 -311 423
94473: -319 -400 -306 98
94487: -319 -408 -312 483
94536: -327 -393 -369 42
94544: -327 -401 -369 43
94552: -327 -409 -369 44
94728: -351 -396 -369 42
94760: -351 -428 -369 46
95049: -391 -393 -434 114
95058: -391 -401 -435 179
95067: -391 -409 -436 244
95076: -391 -417 -437 309
95108: -399 -386 -437 305
95132: -399 -410 -437 308
95244: -415 -396 -437 306
95268: -415 -420 -437 309
95297: -423 -389 -434 113
95321: -423 -413 -434 116
95513: -447 -416 -434 116
95516: -447 -416 -437 308
95691: -471 -395 -500 250
95705: -471 -411 -498 124
95761: -479 -404 -498 123
95803: -479 -444 -500 256
95819: -487 -397 -500 250
95825: -487 -405 -498 123
95942: -503 -391 -503 441
95950: -503 -399 -503 442
95966: -503 -415 -503 444
96453: -56 -455 -62 321
96461: -56 -463 -62 322
96469: -56 -471 -62 323
96477: -56 -479 -62 324
96485: -56 -487 -62 325
96493: -56 -495 -62 326
96501: -56 -503 -62 327
96509: -56 -511 -62 328
96593: -72 -465 -122 75
96601: -72 -473 -122 76
96609: -72 -481 -122 77
96617: -72 -489 -122 78
96625: -72 -497 -122 79
96633: -72 -505 -122 80
96848: -104 -469 -121 11
96896: -112 -454 -121 9
96899: -112 -454 -124 201
97047: -128 -472 -128 459
97055: -128 -480 -128 460
97098: -136 -457 -187 146
97114: -136 -473 -187 148
97122: -136 -481 -187 149
97130: -136 -489 -187 150
97138: -136 -497 -187 151
97146: -136 -505 -187 152
97344: -168 -453 -185 17
97352: -168 -461 -185 18
97408: -176 -454 -185 17
97599: -192 -512 -192 472
97611: -200 -457 -252 218
97619: -200 -465 -252 219
97635: -200 -481 -252 221
97643: -200 -489 -252 222
97651: -200 -497 -252 223
97659: -200 -505 -252 224
97806: -224 -460 -255 410
97825: -224 -484 -250 93
97830: -224 -484 -255 413
97886: -232 -477 -255 412
97920: -240 -454 -249 25
98124: -264 -457 -317 290
98132: -264 -465 -317 291
98140: -264 -473 -317 292
98164: -264 -497 -317 295
98172: -264 -505 -317 296
98176: -272 -450 -313 33
98214: -272 -482 -319 421
98432: -304 -454 -313 33
98591: -320 -480 -320 484
98623: -320 -512 -320 488
98688: -336 -450 -377 41
98777: -344 -475 -378 108
98785: -344 -483 -378 109
98794: -344 -491 -379 174
98811: -344 -507 -380 240
98859: -352 -492 -380 238
98891: -360 -461 -380 234
98897: -360 -469 -378 107
98899: -360 -469 -380 235
98924: -360 -493 -381 302
98929: -360 -501 -378 111
98939: -360 -509 -380 240
99079: -384 -456 -384 489
99087: -384 -464 -384 490
99119: -384 -496 -384 494
99135: -384 -512 -384 496
99145: -392 -457 -442 114
99152: -392 -465 -441 51
99160: -392 -473 -441 52
99376: -416 -500 -441 55
99657: -456 -457 -506 122
99675: -456 -473 -508 252
99684: -456 -481 -509 317
99841: -480 -452 -506 121
99877: -480 -484 -510 381
100119: -512 -472 -512 507
100135: -512 -488 -512 509
100160: -1 -9
100161: -1 -17
100162: -1 -25
100163: -1 -33
100164: -1 -41
100165: -1 -49
100166: -1 -57
100196: -10 -18
100197: -10 -26
100198: -10 -34
100199: -10 -42
100200: -10 -50
100201: -10 -58
100231: -19 -27
100232: -19 -35
100233: -19 -43
100234: -19 -51
100235: -19 -59
100265: -28 -36
100266: -28 -44
100267: -28 -52
100268: -28 -60
100298: -37 -45
100299: -37 -53
100300: -37 -61
100333: 6 14 22 30 38 46 54 62
100359: -47 -55
100360: -47 -63
100390: -56 -64
100405: -81 -89
100406: -81 -97
100407: -81 -105
100408: -81 -113
100409: -81 -121
100410: -89 -97
100411: -89 -105
100412: -89 -113
100413: -89 -121
100414: -97 -105
100415: -97 -113
100416: -97 -121
100417: -105 -113
100418: -105 -121
100419: -113 -121
100420: 65 73 81 89 97 105 113 121
100440: -90 -106
100441: -90 -114
100442: -90 -122
100443: -98 -106
100445: -98 -122
100447: -106 -122
100448: -114 -122
100449: 66 74 82 90 98 106 114 122
100450: -67 -75
100451: -67 -83
100452: -67 -91
100453: -67 -99
100454: -67 -107
100455: -67 -115
100456: -67 -123
100457: -75 -83
100458: -75 -91
100459: -75 -99
100460: -75 -107
100461: -75 -115
100462: -75 -123
100469: -91 -107
100472: -99 -107
100475: -107 -115
100476: -107 -123
100478: 67 75 83 91 99 107 115 123
100479: -68 -76
100480: -68 -84
100481: -68 -92
100482: -68 -100
100483: -68 -108
100484: -68 -116
100485: -68 -124
100486: -76 -84
100487: -76 -92
100488: -76 -100
100489: -76 -108
100490: -76 -116
100491: -76 -124
100494: -84 -108
100506: -116 -124
100507: 68 76 84 92 100 108 116 124
100508: -69 -77
100509: -69 -85
100510: -69 -93
100512: -69 -109
100513: -69 -117
100514: -69 -125
100515: -77 -85
100516: -77 -93
100517: -77 -101
100518: -77 -109
100519: -77 -117
100520: -77 -125
100526: -93 -101
100536: 69 77 85 93 101 109 117 125
100537: -70 -78
100538: -70 -86
100539: -70 -94
100540: -70 -102
100543: -70 -126
100544: -78 -86
100545: -78 -94
100546: -78 -102
100547: -78 -110
100549: -78 -126
100561: -102 -126
100565: 70 78 86 94 102 110 118 126
100566: -71 -79
100567: -71 -87
100568: -71 -95
100569: -71 -103
100570: -71 -111
100571: -71 -119
100572: -71 -127
100573: -79 -87
100574: -79 -95
100575: -79 -103
100576: -79 -111
100582: -87 -119
100594: 71 79 87 95 103 111 119 127
100595: -72 -80
100596: -72 -88
100597: -72 -96
100598: -72 -104
100599: -72 -112
100600: -72 -120
100601: -72 -128
100602: -80 -88
100603: -80 -96
100604: -80 -104
100605: -80 -112
100606: -80 -120
100607: -80 -128
100623: 72 80 88 96 104 112 120 128
100632: -137 -153
100633: -137 -161
100634: -137 -169
100635: -137 -177
100636: -137 -185
100642: -153 -161
100643: -153 -169
100644: -153 -177
100645: -153 -185
100646: -161 -169
100647: -161 -177
100648: -161 -185
100649: -169 -177
100650: -169 -185
100651: -177 -185
100652: 129 137 145 153 161 169 177 185
100654: -130 -146
100655: -130 -154
100656: -130 -162
100657: -130 -170
100658: -130 -178
100659: -130 -186
100666: -146 -154
100667: -146 -162
100668: -146 -170
100669: -146 -178
100670: -146 -186
100671: -154 -162
100672: -154 -170
100673: -154 -178
100681: 130 138 146 154 162 170 178 186
100691: -139 -163
100692: -139 -171
100693: -139 -179
100694: -139 -187
100701: -155 -171
100703: -155 -187
100704: -163 -171
100705: -163 -179
100706: -163 -187
100708: -171 -187
100709: -179 -187
100710: 131 139 147 155 163 171 179 187
100711: -132 -140
100712: -132 -148
100713: -132 -156
100714: -132 -164
100715: -132 -172
100716: -132 -180
100717: -132 -188
100718: -140 -148
100720: -140 -164
100724: -148 -156
100725: -148 -164
100726: -148 -172
100727: -148 -180
100728: -148 -188
100734: -164 -180
100738: -180 -188
100739: 132 140 148 156 164 172 180 188
100740: -133 -141
100741: -133 -149
100742: -133 -157
100743: -133 -165
100744: -133 -173
100745: -133 -181
100746: -133 -189
100747: -141 -149
100748: -141 -157
100749: -141 -165
100750: -141 -173
100751: -141 -181
100753: -149 -157
100754: -149 -165
100755: -149 -173
100756: -149 -181
100757: -149 -189
100759: -157 -173
100762: -165 -173
100766: -173 -189
100768: 133 141 149 157 165 173 181 189
100769: -134 -142
100770: -134 -150
100771: -134 -158
100772: -134 -166
100773: -134 -174
100775: -134 -190
100776: -142 -150
100779: -142 -174
100782: -150 -158
100783: -150 -166
100784: -150 -174
100786: -150 -190
100796: -182 -190
100797: 134 142 150 158 166 174 182 190
100798: -135 -143
100799: -135 -151
100800: -135 -159
100801: -135 -167
100802: -135 -175
100805: -143 -151
100809: -143 -183
100811: -151 -159
100812: -151 -167
100813: -151 -175
100818: -159 -183
100821: -167 -183
100826: 135 143 151 159 167 175 183 191
100827: -136 -144
100828: -136 -152
100829: -136 -160
100830: -136 -168
100832: -136 -184
100833: -136 -192
100834: -144 -152
100840: -152 -160
100841: -152 -168
100842: -152 -176
100843: -152 -184
100844: -152 -192
100855: 136 144 152 160 168 176 184 192
100863: -201 -209
100865: -201 -225
100866: -201 -233
100867: -201 -241
100868: -201 -249
100870: -209 -225
100871: -209 -233
100872: -209 -241
100873: -209 -249
100878: -225 -233
100879: -225 -241
100880: -225 -249
100881: -233 -241
100882: -233 -249
100883: -241 -249
100884: 193 201 209 217 225 233 241 249
100885: -194 -202
100886: -194 -210
100887: -194 -218
100888: -194 -226
100889: -194 -234
100890: -194 -242
100891: -194 -250
100893: -202 -218
100898: -210 -218
100899: -210 -226
100901: -210 -242
100902: -210 -250
100903: -218 -226
100904: -218 -234
100905: -218 -242
100906: -218 -250
100909: -226 -250
100911: -234 -250
100912: -242 -250
100913: 194 202 210 218 226 234 242 250
100914: -195 -203
100916: -195 -219
100917: -195 -227
100918: -195 -235
100919: -195 -243
100920: -195 -251
100921: -203 -211
100922: -203 -219
100923: -203 -227
100925: -203 -243
100926: -203 -251
100932: -219 -227
100933: -219 -235
100934: -219 -243
100935: -219 -251
100941: -243 -251
100942: 195 203 211 219 227 235 243 251
100952: -204 -228
100954: -204 -244
100955: -204 -252
100957: -212 -228
100958: -212 -236
100959: -212 -244
100960: -212 -252
100965: -228 -236
100966: -228 -244
100967: -228 -252
100968: -236 -244
100969: -236 -252
100970: -244 -252
100971: 196 204 212 220 228 236 244 252
100972: -197 -205
100973: -197 -213
100974: -197 -221
100975: -197 -229
100976: -197 -237
100977: -197 -245
100978: -197 -253
100979: -205 -213
100980: -205 -221
100983: -205 -245
100984: -205 -253
100985: -213 -221
100990: -221 -229
100991: -221 -237
100992: -221 -245
100993: -221 -253
101000: 197 205 213 221 229 237 245 253
101001: -198 -206
101002: -198 -214
101003: -198 -222
101004: -198 -230
101006: -198 -246
101007: -198 -254
101009: -206 -222
101014: -214 -222
101019: -222 -230
101021: -222 -246
101022: -222 -254
101029: 198 206 214 222 230 238 246 254
101030: -199 -207
101031: -199 -215
101032: -199 -223
101033: -199 -231
101034: -199 -239
101035: -199 -247
101036: -199 -255
101037: -207 -215
101038: -207 -223
101043: -215 -223
101048: -223 -231
101049: -223 -239
101050: -223 -247
101051: -223 -255
101058: 199 207 215 223 231 239 247 255
101059: -200 -208
101060: -200 -216
101061: -200 -224
101062: -200 -232
101063: -200 -240
101064: -200 -248
101065: -200 -256
101067: -208 -224
101068: -208 -232
101071: -208 -256
101072: -216 -224
101076: -216 -256
101077: -224 -232
101078: -224 -240
101079: -224 -248
101080: -224 -256
101086: -248 -256
101087: 200 208 216 224 232 240 248 256
101095: -265 -273
101096: -265 -281
101098: -265 -297
101099: -265 -305
101100: -265 -313
101101: -273 -281
101103: -273 -297
101104: -273 -305
101105: -273 -313
101107: -281 -297
101108: -281 -305
101109: -281 -313
101113: -297 -305
101114: -297 -313
101115: -305 -313
101116: 257 265 273 281 289 297 305 313
101117: -258 -266
101118: -258 -274
101119: -258 -282
101120: -258 -290
101121: -258 -298
101122: -258 -306
101123: -258 -314
101126: -266 -290
101130: -274 -282
101131: -274 -290
101132: -274 -298
101133: -274 -306
101134: -274 -314
101135: -282 -290
101136: -282 -298
101137: -282 -306
101139: -290 -298
101140: -290 -306
101141: -290 -314
101142: -298 -306
101144: -306 -314
101145: 258 266 274 282 290 298 306 314
101146: -259 -267
101147: -259 -275
101148: -259 -283
101149: -259 -291
101151: -259 -307
101152: -259 -315
101155: -267 -291
101157: -267 -307
101160: -275 -291
101164: -283 -291
101166: -283 -307
101168: -291 -299
101169: -291 -307
101170: -291 -315
101173: -307 -315
101174: 259 267 275 283 291 299 307 315
101175: -260 -268
101176: -260 -276
101178: -260 -292
101179: -260 -300
101180: -260 -308
101181: -260 -316
101184: -268 -292
101186: -268 -308
101187: -268 -316
101189: -276 -292
101191: -276 -308
101192: -276 -316
101193: -284 -292
101197: -292 -300
101198: -292 -308
101199: -292 -316
101202: -308 -316
101203: 260 268 276 284 292 300 308 316
101214: -269 -301
101216: -269 -317
101219: -277 -301
101220: -277 -309
101221: -277 -317
101223: -285 -301
101224: -285 -309
101225: -285 -317
101232: 261 269 277 285 293 301 309 317
101233: -262 -270
101234: -262 -278
101235: -262 -286
101236: -262 -294
101238: -262 -310
101239: -262 -318
101242: -270 -294
101247: -278 -294
101251: -286 -294
101256: -294 -310
101261: 262 270 278 286 294 302 310 318
101262: -263 -271
101263: -263 -279
101264: -263 -287
101265: -263 -295
101266: -263 -303
101269: -271 -279
101271: -271 -295
101276: -279 -295
101278: -279 -311
101280: -287 -295
101284: -295 -303
101290: 263 271 279 287 295 303 311 319
101291: -264 -272
101292: -264 -280
101293: -264 -288
101294: -264 -296
101296: -264 -312
101297: -264 -320
101300: -272 -296
101303: -272 -320
101305: -280 -296
101309: -288 -296
101314: -296 -312
101319: 264 272 280 288 296 304 312 320
101327: -329 -337
101328: -329 -345
101329: -329 -353
101330: -329 -361
101331: -329 -369
101332: -329 -377
101333: -337 -345
101334: -337 -353
101335: -337 -361
101336: -337 -369
101337: -337 -377
101338: -345 -353
101339: -345 -361
101340: -345 -369
101341: -345 -377
101343: -353 -369
101344: -353 -377
101345: -361 -369
101347: -369 -377
101348: 321 329 337 345 353 361 369 377
101350: -322 -338
101351: -322 -346
101352: -322 -354
101356: -330 -338
101357: -330 -346
101364: -338 -362
101368: -346 -362
101371: -354 -362
101377: 322 330 338 346 354 362 370 378
101378: -323 -331
101379: -323 -339
101380: -323 -347
101381: -323 -355
101382: -323 -363
101384: -323 -379
101386: -331 -347
101387: -331 -355
101388: -331 -363
101391: -339 -347
101397: -347 -363
101399: -347 -379
101400: -355 -363
101406: 323 331 339 347 355 363 371 379
101407: -324 -332
101408: -324 -340
101410: -324 -356
101414: -332 -340
101417: -332 -364
101419: -332 -380
101421: -340 -356
101422: -340 -364
101424: -340 -380
101429: -356 -364
101433: -364 -380
101435: 324 332 340 348 356 364 372 380
101436: -325 -333
101437: -325 -341
101438: -325 -349
101439: -325 -357
101440: -325 -365
101444: -333 -349
101445: -333 -357
101446: -333 -365
101448: -333 -381
101450: -341 -357
101451: -341 -365
101454: -349 -357
101455: -349 -365
101457: -349 -381
101462: -365 -381
101464: 325 333 341 349 357 365 373 381
101466: -326 -342
101467: -326 -350
101468: -326 -358
101475: -334 -366
101480: -342 -366
101483: -350 -358
101484: -350 -366
101489: -358 -382
101494: -327 -335
101495: -327 -343
101496: -327 -351
101497: -327 -359
101522: 327 335 343 351 359 367 375 383
101530: -336 -344
101536: -344 -352
101543: -352 -376
101546: -360 -376
101551: 328 336 344 352 360 368 376 384
101559: -393 -401
101560: -393 -409
101561: -393 -417
101562: -393 -425
101564: -393 -441
101565: -401 -409
101566: -401 -417
101567: -401 -425
101568: -401 -433
101569: -401 -441
101570: -409 -417
101571: -409 -425
101572: -409 -433
101573: -409 -441
101574: -417 -425
101575: -417 -433
101576: -417 -441
101578: -425 -441
101579: -433 -441
101580: 385 393 401 409 417 425 433 441
101581: -386 -394
101582: -386 -402
101583: -386 -410
101586: -386 -434
101587: -386 -442
101588: -394 -402
101594: -402 -410
101597: -402 -434
101600: -410 -426
101601: -410 -434
101604: -418 -434
101608: -434 -442
101610: -387 -395
101611: -387 -403
101612: -387 -411
101614: -387 -427
101615: -387 -435
101618: -395 -411
101621: -395 -435
101623: -403 -411
101630: -411 -435
101633: -419 -435
101637: -435 -443
101638: 387 395 403 411 419 427 435 443
101639: -388 -396
101640: -388 -404
101641: -388 -412
101642: -388 -420
101644: -388 -436
101646: -396 -404
101650: -396 -436
101662: -420 -436
101667: 388 396 404 412 420 428 436 444
101668: -389 -397
101669: -389 -405
101670: -389 -413
101673: -389 -437
101674: -389 -445
101675: -397 -405
101676: -397 -413
101679: -397 -437
101680: -397 -445
101681: -405 -413
101684: -405 -437
101686: -413 -421
101688: -413 -437
101691: -421 -437
101695: -437 -445
101696: 389 397 405 413 421 429 437 445
101714: -406 -446
101725: 390 398 406 414 422 430 438 446
101726: -391 -399
101727: -391 -407
101728: -391 -415
101731: -391 -439
101734: -399 -415
101737: -399 -439
101740: -407 -423
101742: -407 -439
101746: -415 -439
101747: -415 -447
101754: 391 399 407 415 423 431 439 447
101755: -392 -400
101756: -392 -408
101757: -392 -416
101758: -392 -424
101760: -392 -440
101761: -392 -448
101763: -400 -416
101766: -400 -440
101768: -408 -416
101771: -408 -440
101773: -416 -424
101775: -416 -440
101776: -416 -448
101791: -457 -465
101792: -457 -473
101793: -457 -481
101794: -457 -489
101795: -457 -497
101796: -457 -505
101797: -465 -473
101798: -465 -481
101799: -465 -489
101800: -465 -497
101802: -473 -481
101803: -473 -489
101805: -473 -505
101806: -481 -489
101807: -481 -497
101809: -489 -497
101812: 449 457 465 473 481 489 497 505
101814: -450 -466
101815: -450 -474
101820: -458 -466
101826: -466 -474
101830: -466 -506
101831: -474 -482
101833: -474 -498
101834: -474 -506
101836: -482 -498
101837: -482 -506
101841: 450 458 466 474 482 490 498 506
101842: -451 -459
101844: -451 -475
101845: -451 -483
101846: -451 -491
101847: -451 -499
101848: -451 -507
101854: -459 -507
101860: -475 -483
101863: -475 -507
101866: -483 -507
101868: -491 -507
101870: 451 459 467 475 483 491 499 507
101871: -452 -460
101872: -452 -468
101874: -452 -484
101883: -460 -508
101886: -468 -492
101895: -484 -508
101899: 452 460 468 476 484 492 500 508
101900: -453 -461
101901: -453 -469
101902: -453 -477
101905: -453 -501
101906: -453 -509
101907: -461 -469
101911: -461 -501
101917: -469 -509
101918: -477 -485
101921: -477 -509
101925: -493 -501
101927: -501 -509
101928: 453 461 469 477 485 493 501 509
101929: -454 -462
101930: -454 -470
101931: -454 -478
101932: -454 -486
101933: -454 -494
101935: -454 -510
101957: 454 462 470 478 486 494 502 510
101969: -463 -503
101986: 455 463 471 479 487 495 503 511
101987: -456 -464
101988: -456 -472
101989: -456 -480
101993: -456 -512
101994: -464 -472
101997: -464 -496
102004: -472 -512
102024: -65 -1 2
102032: -129 -1 3
102040: -193 -1 4
102048: -257 -1 5
102056: -321 -1 6
102064: -385 -1 7
102072: -449 -1 8
102081: -10 -74 73
102082: -10 -75 137
102083: -10 -76 201
102084: -10 -77 265
102085: -10 -78 329
102086: -10 -79 393
102087: -10 -80 457
102099: -138 -76 203
102100: -138 -77 267
102103: -138 -80 459
102106: -202 -75 140
102108: -202 -77 268
102111: -202 -80 460
102114: -266 -75 141
102115: -266 -76 205
102117: -266 -78 333
102118: -266 -79 397
102122: -330 -75 142
102123: -330 -76 206
102124: -330 -77 270
102127: -330 -80 462
102130: -394 -75 143
102131: -394 -76 207
102132: -394 -77 271
102133: -394 -78 335
102135: -394 -80 463
102138: -458 -75 144
102139: -458 -76 208
102140: -458 -77 272
102142: -458 -79 400
102145: -19 -146 81
102146: -19 -147 145
102147: -19 -148 209
102148: -19 -149 273
102149: -19 -150 337
102150: -19 -151 401
102151: -19 -152 465
102155: -83 -148 210
102158: -83 -151 402
102169: -211 -146 84
102172: -211 -149 276
102173: -211 -150 340
102177: -275 -146 85
102179: -275 -148 213
102181: -275 -150 341
102182: -275 -151 405
102183: -275 -152 469
102185: -339 -146 86
102187: -339 -148 214
102188: -339 -149 278
102190: -339 -151 406
102191: -339 -152 470
102193: -403 -146 87
102195: -403 -148 215
102196: -403 -149 279
102197: -403 -150 343
102201: -467 -146 88
102203: -467 -148 216
102204: -467 -149 280
102205: -467 -150 344
102209: -28 -218 89
102210: -28 -219 153
102211: -28 -220 217
102212: -28 -221 281
102213: -28 -222 345
102214: -28 -223 409
102215: -28 -224 473
102218: -92 -219 154
102220: -92 -221 282
102222: -92 -223 410
102223: -92 -224 474
102225: -156 -218 91
102228: -156 -221 283
102230: -156 -223 411
102241: -284 -218 93
102242: -284 -219 157
102246: -284 -223 413
102247: -284 -224 477
102249: -348 -218 94
102250: -348 -219 158
102252: -348 -221 286
102254: -348 -223 414
102255: -348 -224 478
102257: -412 -218 95
102258: -412 -219 159
102260: -412 -221 287
102261: -412 -222 351
102263: -412 -224 479
102265: -476 -218 96
102266: -476 -219 160
102268: -476 -221 288
102269: -476 -222 352
102273: -37 -290 97
102274: -37 -291 161
102275: -37 -292 225
102276: -37 -293 289
102277: -37 -294 353
102278: -37 -295 417
102279: -37 -296 481
102282: -101 -291 162
102283: -101 -292 226
102285: -101 -294 354
102286: -101 -295 418
102289: -165 -290 99
102291: -165 -292 227
102293: -165 -294 355
102294: -165 -295 419
102295: -165 -296 483
102302: -229 -295 420
102313: -357 -290 102
102314: -357 -291 166
102315: -357 -292 230
102319: -357 -296 486
102321: -421 -290 103
102322: -421 -291 167
102323: -421 -292 231
102325: -421 -294 359
102327: -421 -296 487
102330: -485 -291 168
102331: -485 -292 232
102333: -485 -294 360
102334: -485 -295 424
102355: -174 -364 235
102361: -238 -362 108
102369: -302 -362 109
102370: -302 -363 173
102371: -302 -364 237
102385: -430 -362 111
102387: -430 -364 239
102388: -430 -365 303
102389: -430 -366 367
102390: -430 -367 431
102410: -119 -435 178
102412: -119 -437 306
102417: -183 -434 115
102419: -183 -436 243
102420: -183 -437 307
102423: -183 -440 499
102425: -247 -434 116
102428: -247 -437 308
102433: -311 -434 117
102434: -311 -435 181
102435: -311 -436 245
102438: -311 -439 437
102441: -375 -434 118
102444: -375 -437 310
102446: -375 -439 438
102457: -503 -434 120
102459: -503 -436 248
102460: -503 -437 312
102484: -192 -509 315
102492: -256 -509 316
102498: -320 -507 189
102505: -384 -506 126
102506: -384 -507 190
102507: -384 -508 254
102511: -384 -512 510
103171: -75 -137 -68 209
103172: -75 -137 -69 273
103173: -75 -137 -70 337
103174: -75 -137 -71 401
103175: -75 -137 -72 465
103234: -76 -201 -67 153
103236: -76 -201 -69 281
103237: -76 -201 -70 345
103238: -76 -201 -71 409
103239: -76 -201 -72 473
103299: -77 -265 -68 225
103301: -77 -265 -70 353
103302: -77 -265 -71 417
103303: -77 -265 -72 481
103308: -77 -266 -77 290
103363: -78 -329 -68 233
103364: -78 -329 -69 297
103366: -78 -329 -71 425
103367: -78 -329 -72 489
103417: -78 -336 -122 112
103427: -79 -393 -68 241
103428: -79 -393 -69 305
103429: -79 -393 -70 369
103431: -79 -393 -72 497
103490: -80 -457 -67 185
103491: -80 -457 -68 249
103492: -80 -457 -69 313
103493: -80 -457 -70 377
103494: -80 -457 -71 441
103619: -146 -81 -132 201
103620: -146 -81 -133 265
103621: -146 -81 -134 329
103622: -146 -81 -135 393
103623: -146 -81 -136 457
103745: -148 -209 -130 89
103748: -148 -209 -133 281
103749: -148 -209 -134 345
103750: -148 -209 -135 409
103751: -148 -209 -136 473
103809: -149 -273 -130 97
103811: -149 -273 -132 225
103813: -149 -273 -134 353
103814: -149 -273 -135 417
103815: -149 -273 -136 481
103828: -149 -275 -149 291
103873: -150 -337 -130 105
103875: -150 -337 -132 233
103876: -150 -337 -133 297
103879: -150 -337 -136 489
103937: -151 -401 -130 113
103940: -151 -401 -133 305
103941: -151 -401 -134 369
103943: -151 -401 -136 497
104001: -152 -465 -130 121
104003: -152 -465 -132 249
104004: -152 -465 -133 313
104005: -152 -465 -134 377
104006: -152 -465 -135 441
104130: -218 -89 -195 137
104132: -218 -89 -197 265
104133: -218 -89 -198 329
104134: -218 -89 -199 393
104135: -218 -89 -200 457
104193: -219 -153 -194 81
104196: -219 -153 -197 273
104197: -219 -153 -198 337
104198: -219 -153 -199 401
104199: -219 -153 -200 465
104321: -221 -281 -194 97
104322: -221 -281 -195 161
104325: -221 -281 -198 353
104326: -221 -281 -199 417
104327: -221 -281 -200 481
104385: -222 -345 -194 105
104386: -222 -345 -195 169
104388: -222 -345 -197 297
104390: -222 -345 -199 425
104391: -222 -345 -200 489
104392: -222 -346 -201 42
104449: -223 -409 -194 113
104450: -223 -409 -195 177
104452: -223 -409 -197 305
104453: -223 -409 -198 369
104455: -223 -409 -200 497
104513: -224 -473 -194 121
104514: -224 -473 -195 185
104516: -224 -473 -197 313
104517: -224 -473 -198 377
104518: -224 -473 -199 441
104642: -290 -97 -259 137
104643: -290 -97 -260 201
104645: -290 -97 -262 329
104646: -290 -97 -263 393
104647: -290 -97 -264 457
104705: -291 -161 -258 81
104707: -291 -161 -260 209
104709: -291 -161 -262 337
104710: -291 -161 -263 401
104711: -291 -161 -264 465
104748: -291 -166 -301 278
104769: -292 -225 -258 89
104770: -292 -225 -259 153
104773: -292 -225 -262 345
104774: -292 -225 -263 409
104775: -292 -225 -264 473
104897: -294 -353 -258 105
104898: -294 -353 -259 169
104899: -294 -353 -260 233
104902: -294 -353 -263 425
104903: -294 -353 -264 489
104961: -295 -417 -258 113
104962: -295 -417 -259 177
104963: -295 -417 -260 241
104965: -295 -417 -262 369
104967: -295 -417 -264 497
105025: -296 -481 -258 121
105026: -296 -481 -259 185
105027: -296 -481 -260 249
105029: -296 -481 -262 377
105030: -296 -481 -263 441
105044: -296 -483 -277 315
105154: -362 -105 -323 137
105158: -362 -105 -327 393
105222: -363 -169 -327 401
105286: -364 -233 -327 409
105671: -434 -113 -392 457
105685: -434 -115 -406 331
105696: -434 -117 -417 13
105735: -435 -177 -392 465
105799: -436 -241 -392 473
105858: -437 -305 -387 161
105863: -437 -305 -392 481
105864: -437 -306 -393 34
105866: -437 -306 -395 162
105869: -437 -306 -398 354
105877: -437 -307 -406 355
105908: -437 -311 -437 295
106056: -440 -498 -393 58
106181: -506 -121 -454 329
106245: -507 -185 -454 337
106277: -507 -189 -486 341
106309: -508 -249 -454 345
106345: -508 -254 -490 94
106373: -509 -313 -454 353
106493: -510 -384 -510 368
107268: -75 -137 -98 273
107269: -75 -137 -106 337
107270: -75 -137 -114 401
107271: -75 -137 -122 465
107308: -75 -142 -98 278
107332: -76 -201 -98 281
107333: -76 -201 -106 345
107334: -76 -201 -114 409
107335: -76 -201 -122 473
107367: -76 -205 -122 477
107374: -76 -206 -114 414
107394: -77 -265 -82 161
107395: -77 -265 -90 225
107397: -77 -265 -106 353
107398: -77 -265 -114 417
107399: -77 -265 -122 481
107459: -78 -329 -90 233
107460: -78 -329 -98 297
107463: -78 -329 -122 489
107522: -79 -393 -82 177
107524: -79 -393 -98 305
107525: -79 -393 -106 369
107588: -80 -457 -98 313
107589: -80 -457 -106 377
107590: -80 -457 -114 441
107716: -146 -81 -163 265
107717: -146 -81 -171 329
107718: -146 -81 -179 393
107719: -146 -81 -187 457
107755: -146 -86 -155 206
107841: -148 -209 -139 89
107844: -148 -209 -163 281
107845: -148 -209 -171 345
107846: -148 -209 -179 409
107847: -148 -209 -187 473
107905: -149 -273 -139 97
107907: -149 -273 -155 225
107909: -149 -273 -171 353
107910: -149 -273 -179 417
107911: -149 -273 -187 481
107950: -149 -278 -179 422
107969: -150 -337 -139 105
107972: -150 -337 -163 297
107975: -150 -337 -187 489
108025: -150 -344 -139 112
108033: -151 -401 -139 113
108036: -151 -401 -163 305
108037: -151 -401 -171 369
108075: -151 -406 -155 246
108097: -152 -465 -139 121
108099: -152 -465 -155 249
108100: -152 -465 -163 313
108101: -152 -465 -171 377
108102: -152 -465 -179 441
108148: -152 -471 -163 319
108226: -218 -89 -212 137
108228: -218 -89 -228 265
108229: -218 -89 -236 329
108230: -218 -89 -244 393
108231: -218 -89 -252 457
108279: -218 -95 -252 463
108282: -218 -96 -212 144
108289: -219 -153 -204 81
108292: -219 -153 -228 273
108293: -219 -153 -236 337
108294: -219 -153 -244 401
108295: -219 -153 -252 465
108417: -221 -281 -204 97
108421: -221 -281 -236 353
108422: -221 -281 -244 417
108423: -221 -281 -252 481
108481: -222 -345 -204 105
108482: -222 -345 -212 169
108484: -222 -345 -228 297
108486: -222 -345 -244 425
108487: -222 -345 -252 489
108537: -222 -352 -204 112
108545: -223 -409 -204 113
108546: -223 -409 -212 177
108548: -223 -409 -228 305
108549: -223 -409 -236 369
108609: -224 -473 -204 121
108610: -224 -473 -212 185
108612: -224 -473 -228 313
108614: -224 -473 -244 441
108738: -290 -97 -277 137
108739: -290 -97 -285 201
108741: -290 -97 -301 329
108742: -290 -97 -309 393
108743: -290 -97 -317 457
108779: -290 -102 -285 206
108801: -291 -161 -269 81
108803: -291 -161 -285 209
108805: -291 -161 -301 337
108806: -291 -161 -309 401
108807: -291 -161 -317 465
108865: -292 -225 -269 89
108866: -292 -225 -277 153
108869: -292 -225 -301 345
108870: -292 -225 -309 409
108871: -292 -225 -317 473
108993: -294 -353 -269 105
108994: -294 -353 -277 169
108995: -294 -353 -285 233
108998: -294 -353 -309 425
108999: -294 -353 -317 489
109057: -295 -417 -269 113
109058: -295 -417 -277 177
109059: -295 -417 -285 241
109061: -295 -417 -301 369
109063: -295 -417 -317 497
109098: -295 -422 -277 182
109121: -296 -481 -269 121
109122: -296 -481 -277 185
109123: -296 -481 -285 249
109126: -296 -481 -309 441
109324: -363 -170 -358 274
109596: -367 -428 -358 308
109803: -434 -118 -415 206
109954: -437 -305 -407 161
109971: -437 -307 -415 227
110147: -440 -497 -415 249
110163: -440 -499 -415 251
110337: -507 -185 -464 81
110417: -508 -251 -464 91
110539: -510 -378 -480 234
111651: -73 -10
111721: -75 -82
111722: -75 -146
111723: -75 -139
111740: -75 -140 -90
111745: -75 -141 -98
111760: -75 -144 -122
111766: -75 -81 -10
111783: -75 -87 -114
111789: -76 -202
111790: -76 -90
111791: -76 -218
111792: -76 -204
111835: -76 -89 -10
111852: -76 -95 -114
111858: -77 -266
111859: -77 -98
111860: -77 -290
111861: -77 -269
111904: -77 -97 -10
111927: -78 -330
111928: -78 -106
111929: -78 -362
111930: -78 -334
111973: -78 -105 -10
111993: -78 -112 -122
111996: -79 -394
111997: -79 -114
111998: -79 -434
112042: -79 -113 -10
112055: -79 -117 -271
112065: -80 -458
112066: -80 -122
112067: -80 -506
112068: -80 -464
112111: -80 -121 -10
112121: -80 -124 -208
112134: -145 -19
112203: -146 -83
112204: -146 -139
112205: -146 -75
112207: -146 -138
112249: -146 -137 -19
112260: -146 -141 -163
112269: -146 -144 -187
112272: -148 -211
112273: -148 -155
112274: -148 -219
112275: -148 -212
112318: -148 -153 -19
112341: -149 -275
112342: -149 -163
112343: -149 -291
112344: -149 -277
112387: -149 -161 -19
112404: -149 -167 -179
112410: -150 -339
112411: -150 -171
112412: -150 -363
112413: -150 -342
112456: -150 -169 -19
112476: -150 -176 -187
112479: -151 -403
112480: -151 -179
112481: -151 -435
112525: -151 -177 -19
112545: -151 -184 -187
112548: -152 -467
112549: -152 -187
112550: -152 -507
112594: -152 -185 -19
112604: -152 -188 -216
112617: -217 -28
112686: -218 -92
112687: -218 -204
112688: -218 -76
112689: -218 -90
112690: -218 -202
112732: -218 -201 -28
112742: -218 -204 -218
112746: -218 -206 -236
112752: -218 -208 -252
112755: -219 -156
112756: -219 -212
112757: -219 -148
112758: -219 -155
112759: -219 -211
112801: -219 -209 -28
112825: -221 -228
112826: -221 -292
112827: -221 -285
112864: -221 -288 -252
112870: -221 -225 -28
112884: -221 -230 -236
112893: -222 -348
112894: -222 -236
112895: -222 -364
112933: -222 -352 -252
112939: -222 -233 -28
112941: -222 -234 -204
112952: -222 -237 -286
112962: -223 -412
112963: -223 -244
112964: -223 -436
112965: -223 -415
112977: -223 -411 -212
112992: -223 -414 -236
113008: -223 -241 -28
113019: -223 -245 -228
113022: -223 -246 -236
113031: -224 -476
113032: -224 -252
113033: -224 -508
113034: -224 -480
113077: -224 -249 -28
113088: -224 -253 -228
113100: -289 -37
113169: -290 -101
113170: -290 -269
113171: -290 -77
113172: -290 -98
113173: -290 -266
113215: -290 -265 -37
113232: -290 -271 -309
113237: -290 -272 -482
113238: -291 -165
113239: -291 -277
113240: -291 -149
113241: -291 -163
113242: -291 -275
113284: -291 -273 -37
113307: -292 -229
113308: -292 -285
113309: -292 -221
113310: -292 -228
113311: -292 -284
113353: -292 -281 -37
113367: -292 -286 -301
113376: -294 -357
113377: -294 -301
113378: -294 -365
113422: -294 -297 -37
113426: -294 -298 -102
113442: -294 -304 -317
113445: -295 -421
113446: -295 -309
113447: -295 -437
113491: -295 -305 -37
113495: -295 -306 -103
113501: -295 -308 -231
113514: -296 -485
113515: -296 -317
113516: -296 -509
113560: -296 -313 -37
113564: -296 -314 -104
113584: -361 -326
113619: -361 -47 -369
113654: -362 -78
113655: -362 -106
113697: -362 -329 -326
113723: -363 -150
113724: -363 -171
113766: -363 -337 -326
113785: -363 -343 -430
113791: -364 -350
113793: -364 -236
113803: -364 -234 -94
113818: -364 -237 -286
113835: -364 -345 -326
113862: -365 -301
113901: -365 -304 -384
113928: -367 -430
113931: -367 -431
113975: -367 -369 -47
114067: -433 -391
114138: -434 -114
114180: -434 -393 -391
114204: -435 -183
114207: -435 -179
114227: -435 -180 -215
114249: -435 -401 -391
114276: -436 -244
114286: -436 -242 -95
114344: -437 -295
114345: -437 -309
114352: -437 -306 -399
114355: -437 -306 -103
114361: -437 -307 -275
114365: -437 -308 -231
114374: -437 -310 -430
114387: -437 -417 -391
114394: -437 -419 -183
114480: -440 -503
114483: -440 -504
114500: -440 -500 -415
114513: -440 -502 -383
114527: -440 -441 -56
114580: -505 -62 -489
114621: -506 -122
114690: -507 -187
114691: -507 -467
114710: -507 -188 -216
114732: -507 -465 -456
114735: -507 -466 -464
114759: -508 -252
114801: -508 -473 -456
114828: -509 -317
114873: -509 -482 -464
114894: -510 -384
114941: -510 -489 -62
115032: 1
115033: 10
115034: 19
115035: 28
115036: 37
115037: 47
115038: 56