1 2 2 3
UNSAT
0: -1 -2
1: -1 -3
2: -1 -4
3: -1 -5
4: -1 -6
5: -1 -7
6: -1 -8
36: -10 -11
42: -11 -12
43: -11 -13
44: -11 -14
45: -11 -15
46: -11 -16
66: -18 -20
67: -18 -21
68: -18 -22
69: -18 -23
70: -18 -24
105: -28 -29
109: -29 -30
110: -29 -31
111: -29 -32
135: -36 -38
136: -36 -39
137: -36 -40
170: -46 -47
172: -47 -48
200: -54 -56
231: 57 58 59 60 61 62 63 64
250: -68 -69
251: -68 -70
252: -68 -71
253: -68 -72
254: -69 -70
255: -69 -71
256: -69 -72
257: -70 -71
258: -70 -72
259: -71 -72
260: 65 66 67 68 69 70 71 72
261: -73 -74
263: -73 -76
264: -73 -77
270: -74 -77
271: -74 -78
272: -74 -79
273: -74 -80
280: -76 -78
288: -79 -80
289: 73 74 75 76 77 78 79 80
292: -81 -84
293: -81 -85
294: -81 -86
298: -82 -84
299: -82 -85
300: -82 -86
308: -84 -85
309: -84 -86
310: -84 -87
311: -84 -88
312: -85 -86
313: -85 -87
314: -85 -88
315: -86 -87
316: -86 -88
317: -87 -88
318: 81 82 83 84 85 86 87 88
319: -89 -90
320: -89 -91
321: -89 -92
322: -89 -93
323: -89 -94
324: -89 -95
325: -89 -96
327: -90 -92
329: -90 -94
333: -91 -93
334: -91 -94
335: -91 -95
336: -91 -96
344: -94 -95
347: 89 90 91 92 93 94 95 96
348: -97 -98
349: -97 -99
350: -97 -100
351: -97 -101
352: -97 -102
353: -97 -103
354: -97 -104
355: -98 -99
356: -98 -100
358: -98 -102
359: -98 -103
360: -98 -104
361: -99 -100
362: -99 -101
363: -99 -102
364: -99 -103
365: -99 -104
366: -100 -101
368: -100 -103
369: -100 -104
376: 97 98 99 100 101 102 103 104
377: -105 -106
378: -105 -107
379: -105 -108
380: -105 -109
381: -105 -110
382: -105 -111
383: -105 -112
384: -106 -107
385: -106 -108
387: -106 -110
389: -106 -112
390: -107 -108
391: -107 -109
394: -107 -112
395: -108 -109
396: -108 -110
398: -108 -112
399: -109 -110
403: -110 -112
404: -111 -112
405: 105 106 107 108 109 110 111 112
406: -113 -114
407: -113 -115
408: -113 -116
409: -113 -117
410: -113 -118
411: -113 -119
412: -113 -120
413: -114 -115
414: -114 -116
415: -114 -117
416: -114 -118
418: -114 -120
419: -115 -116
420: -115 -117
423: -115 -120
424: -116 -117
425: -116 -118
426: -116 -119
427: -116 -120
429: -117 -119
432: -118 -120
433: -119 -120
434: 113 114 115 116 117 118 119 120
435: -121 -122
436: -121 -123
437: -121 -124
438: -121 -125
439: -121 -126
440: -121 -127
441: -121 -128
442: -122 -123
443: -122 -124
444: -122 -125
445: -122 -126
446: -122 -127
447: -122 -128
448: -123 -124
449: -123 -125
450: -123 -126
453: -124 -125
454: -124 -126
455: -124 -127
456: -124 -128
459: -125 -128
460: -126 -127
463: 121 122 123 124 125 126 127 128
482: -132 -133
483: -132 -134
484: -132 -135
485: -132 -136
486: -133 -134
487: -133 -135
488: -133 -136
489: -134 -135
490: -134 -136
491: -135 -136
492: 129 130 131 132 133 134 135 136
511: -140 -141
512: -140 -142
513: -140 -143
514: -140 -144
515: -141 -142
516: -141 -143
517: -141 -144
518: -142 -143
519: -142 -144
520: -143 -144
521: 137 138 139 140 141 142 143 144
523: -145 -147
524: -145 -148
525: -145 -149
528: -145 -152
535: -147 -148
536: -147 -149
537: -147 -150
538: -147 -151
539: -147 -152
540: -148 -149
541: -148 -150
542: -148 -151
543: -148 -152
544: -149 -150
546: -149 -152
549: -151 -152
550: 145 146 147 148 149 150 151 152
552: -153 -155
553: -153 -156
554: -153 -157
555: -153 -158
556: -153 -159
557: -153 -160
565: -155 -157
566: -155 -158
567: -155 -159
568: -155 -160
569: -156 -157
576: -158 -159
578: -159 -160
579: 153 154 155 156 157 158 159 160
580: -161 -162
581: -161 -163
582: -161 -164
583: -161 -165
584: -161 -166
585: -161 -167
586: -161 -168
587: -162 -163
588: -162 -164
591: -162 -167
592: -162 -168
593: -163 -164
596: -163 -167
598: -164 -165
599: -164 -166
600: -164 -167
601: -164 -168
603: -165 -167
604: -165 -168
608: 161 162 163 164 165 166 167 168
609: -169 -170
610: -169 -171
611: -169 -172
612: -169 -173
613: -169 -174
614: -169 -175
615: -169 -176
616: -170 -171
617: -170 -172
618: -170 -173
619: -170 -174
620: -170 -175
621: -170 -176
622: -171 -172
623: -171 -173
624: -171 -174
625: -171 -175
626: -171 -176
627: -172 -173
628: -172 -174
629: -172 -175
630: -172 -176
631: -173 -174
632: -173 -175
633: -173 -176
634: -174 -175
637: 169 170 171 172 173 174 175 176
638: -177 -178
639: -177 -179
640: -177 -180
641: -177 -181
642: -177 -182
643: -177 -183
645: -178 -179
646: -178 -180
647: -178 -181
648: -178 -182
649: -178 -183
650: -178 -184
651: -179 -180
652: -179 -181
653: -179 -182
654: -179 -183
656: -180 -181
657: -180 -182
658: -180 -183
659: -180 -184
660: -181 -182
661: -181 -183
662: -181 -184
665: -183 -184
666: 177 178 179 180 181 182 183 184
667: -185 -186
668: -185 -187
669: -185 -188
670: -185 -189
671: -185 -190
672: -185 -191
673: -185 -192
674: -186 -187
675: -186 -188
676: -186 -189
677: -186 -190
678: -186 -191
679: -186 -192
680: -187 -188
681: -187 -189
682: -187 -190
683: -187 -191
684: -187 -192
685: -188 -189
686: -188 -190
687: -188 -191
688: -188 -192
689: -189 -190
691: -189 -192
692: -190 -191
693: -190 -192
694: -191 -192
695: 185 186 187 188 189 190 191 192
706: -194 -198
707: -194 -199
708: -194 -200
711: -195 -198
712: -195 -199
713: -195 -200
721: -198 -199
722: -198 -200
723: -199 -200
724: 193 194 195 196 197 198 199 200
725: -201 -202
726: -201 -203
727: -201 -204
728: -201 -205
729: -201 -206
730: -201 -207
731: -201 -208
732: -202 -203
734: -202 -205
735: -202 -206
738: -203 -204
739: -203 -205
740: -203 -206
742: -203 -208
743: -204 -205
747: -205 -206
748: -205 -207
749: -205 -208
752: -207 -208
753: 201 202 203 204 205 206 207 208
754: -209 -210
755: -209 -211
756: -209 -212
757: -209 -213
758: -209 -214
759: -209 -215
760: -209 -216
761: -210 -211
762: -210 -212
763: -210 -213
768: -211 -213
772: -212 -213
773: -212 -214
774: -212 -215
775: -212 -216
776: -213 -214
777: -213 -215
778: -213 -216
779: -214 -215
780: -214 -216
781: -215 -216
782: 209 210 211 212 213 214 215 216
784: -217 -219
785: -217 -220
791: -218 -220
794: -218 -223
796: -219 -220
804: -220 -224
809: -222 -224
811: 217 218 219 220 221 222 223 224
812: -225 -226
813: -225 -227
817: -225 -231
819: -226 -227
820: -226 -228
822: -226 -230
823: -226 -231
824: -226 -232
825: -227 -228
827: -227 -230
828: -227 -231
829: -227 -232
831: -228 -230
832: -228 -231
837: -230 -231
838: -230 -232
839: -231 -232
840: 225 226 227 228 229 230 231 232
841: -233 -234
842: -233 -235
843: -233 -236
844: -233 -237
845: -233 -238
846: -233 -239
847: -233 -240
848: -234 -235
849: -234 -236
850: -234 -237
851: -234 -238
852: -234 -239
854: -235 -236
855: -235 -237
859: -236 -237
860: -236 -238
861: -236 -239
862: -236 -240
863: -237 -238
864: -237 -239
865: -237 -240
867: -238 -240
869: 233 234 235 236 237 238 239 240
870: -241 -242
871: -241 -243
872: -241 -244
873: -241 -245
874: -241 -246
875: -241 -247
876: -241 -248
877: -242 -243
878: -242 -244
879: -242 -245
881: -242 -247
882: -242 -248
883: -243 -244
884: -243 -245
885: -243 -246
886: -243 -247
888: -244 -245
889: -244 -246
891: -244 -248
892: -245 -246
893: -245 -247
894: -245 -248
895: -246 -247
896: -246 -248
897: -247 -248
898: 241 242 243 244 245 246 247 248
899: -249 -250
900: -249 -251
901: -249 -252
902: -249 -253
903: -249 -254
904: -249 -255
905: -249 -256
906: -250 -251
907: -250 -252
908: -250 -253
911: -250 -256
912: -251 -252
913: -251 -253
915: -251 -255
917: -252 -253
918: -252 -254
919: -252 -255
920: -252 -256
921: -253 -254
922: -253 -255
923: -253 -256
924: -254 -255
925: -254 -256
927: 249 250 251 252 253 254 255 256
935: -258 -259
938: -258 -262
939: -258 -263
940: -258 -264
943: -259 -262
944: -259 -263
945: -259 -264
953: -262 -263
954: -262 -264
955: -263 -264
956: 257 258 259 260 261 262 263 264
957: -265 -266
958: -265 -267
959: -265 -268
960: -265 -269
961: -265 -270
962: -265 -271
963: -265 -272
964: -266 -267
965: -266 -268
966: -266 -269
968: -266 -271
970: -267 -268
971: -267 -269
972: -267 -270
973: -267 -271
974: -267 -272
975: -268 -269
976: -268 -270
977: -268 -271
978: -268 -272
979: -269 -270
981: -269 -272
985: 265 266 267 268 269 270 271 272
986: -273 -274
987: -273 -275
988: -273 -276
989: -273 -277
990: -273 -278
991: -273 -279
992: -273 -280
993: -274 -275
994: -274 -276
995: -274 -277
996: -274 -278
997: -274 -279
998: -274 -280
999: -275 -276
1000: -275 -277
1002: -275 -279
1004: -276 -277
1005: -276 -278
1006: -276 -279
1007: -276 -280
1008: -277 -278
1009: -277 -279
1010: -277 -280
1011: -278 -279
1012: -278 -280
1013: -279 -280
1014: 273 274 275 276 277 278 279 280
1015: -281 -282
1016: -281 -283
1019: -281 -286
1020: -281 -287
1021: -281 -288
1022: -282 -283
1024: -282 -285
1025: -282 -286
1026: -282 -287
1027: -282 -288
1030: -283 -286
1031: -283 -287
1032: -283 -288
1040: -286 -287
1041: -286 -288
1042: -287 -288
1043: 281 282 283 284 285 286 287 288
1044: -289 -290
1045: -289 -291
1047: -289 -293
1050: -289 -296
1051: -290 -291
1053: -290 -293
1058: -291 -293
1059: -291 -294
1067: -293 -295
1072: 289 290 291 292 293 294 295 296
1073: -297 -298
1074: -297 -299
1075: -297 -300
1076: -297 -301
1077: -297 -302
1078: -297 -303
1079: -297 -304
1080: -298 -299
1081: -298 -300
1082: -298 -301
1083: -298 -302
1084: -298 -303
1085: -298 -304
1086: -299 -300
1087: -299 -301
1089: -299 -303
1091: -300 -301
1092: -300 -302
1095: -301 -302
1096: -301 -303
1097: -301 -304
1099: -302 -304
1100: -303 -304
1101: 297 298 299 300 301 302 303 304
1102: -305 -306
1103: -305 -307
1104: -305 -308
1105: -305 -309
1106: -305 -310
1107: -305 -311
1108: -305 -312
1109: -306 -307
1110: -306 -308
1111: -306 -309
1112: -306 -310
1113: -306 -311
1114: -306 -312
1115: -307 -308
1116: -307 -309
1119: -307 -312
1120: -308 -309
1121: -308 -310
1123: -308 -312
1124: -309 -310
1125: -309 -311
1126: -309 -312
1128: -310 -312
1129: -311 -312
1130: 305 306 307 308 309 310 311 312
1131: -313 -314
1132: -313 -315
1133: -313 -316
1134: -313 -317
1135: -313 -318
1136: -313 -319
1137: -313 -320
1138: -314 -315
1139: -314 -316
1140: -314 -317
1141: -314 -318
1142: -314 -319
1143: -314 -320
1144: -315 -316
1145: -315 -317
1147: -315 -319
1149: -316 -317
1150: -316 -318
1151: -316 -319
1152: -316 -320
1155: -317 -320
1156: -318 -319
1157: -318 -320
1158: -319 -320
1159: 313 314 315 316 317 318 319 320
1167: -322 -323
1168: -322 -324
1169: -322 -325
1170: -322 -326
1173: -323 -324
1175: -323 -326
1179: -324 -326
1188: 321 322 323 324 325 326 327 328
1189: -329 -330
1190: -329 -331
1192: -329 -333
1193: -329 -334
1196: -330 -331
1204: -331 -334
1207: -332 -333
1209: -332 -335
1216: -335 -336
1217: 329 330 331 332 333 334 335 336
1218: -337 -338
1219: -337 -339
1223: -337 -343
1225: -338 -339
1226: -338 -340
1233: -339 -342
1236: -340 -341
1240: -341 -342
1241: -341 -343
1246: 337 338 339 340 341 342 343 344
1247: -345 -346
1249: -345 -348
1250: -345 -349
1251: -345 -350
1252: -345 -351
1253: -345 -352
1264: -347 -352
1275: 345 346 347 348 349 350 351 352
1276: -353 -354
1278: -353 -356
1279: -353 -357
1280: -353 -358
1282: -353 -360
1283: -354 -355
1284: -354 -356
1286: -354 -358
1287: -354 -359
1288: -354 -360
1294: -356 -357
1295: -356 -358
1297: -356 -360
1303: -359 -360
1304: 353 354 355 356 357 358 359 360
1309: -361 -366
1315: -362 -366
1320: -363 -366
1323: -364 -365
1324: -364 -366
1327: -365 -366
1333: 361 362 363 364 365 366 367 368
1352: -372 -373
1354: -372 -375
1362: 369 370 371 372 373 374 375 376
1366: -377 -381
1369: -377 -384
1381: -380 -381
1385: -381 -382
1391: 377 378 379 380 381 382 383 384
1406: -387 -389
1420: 385 386 387 388 389 390 391 392
1421: -393 -394
1422: -393 -395
1425: -393 -398
1428: -394 -395
1432: -394 -399
1445: -397 -400
1447: -398 -400
1449: 393 394 395 396 397 398 399 400
1450: -401 -402
1451: -401 -403
1453: -401 -405
1454: -401 -406
1455: -401 -407
1456: -401 -408
1457: -402 -403
1458: -402 -404
1460: -402 -406
1461: -402 -407
1471: -404 -408
1473: -405 -407
1477: -407 -408
1478: 401 402 403 404 405 406 407 408
1479: -409 -410
1481: -409 -412
1482: -409 -413
1483: -409 -414
1493: -411 -413
1501: -413 -414
1507: 409 410 411 412 413 414 415 416
1508: -417 -418
1509: -417 -419
1510: -417 -420
1511: -417 -421
1512: -417 -422
1513: -417 -423
1523: -419 -422
1536: 417 418 419 420 421 422 423 424
1541: -425 -430
1544: -426 -427
1551: -427 -429
1559: -429 -430
1561: -429 -432
1565: 425 426 427 428 429 430 431 432
1580: -435 -437
1582: -435 -439
1586: -436 -439
1594: 433 434 435 436 437 438 439 440
1620: -446 -447
1623: 441 442 443 444 445 446 447 448
1632: -450 -452
1637: -451 -452
1643: -452 -454
1645: -452 -456
1652: 449 450 451 452 453 454 455 456
1653: -457 -458
1654: -457 -459
1655: -457 -460
1658: -457 -463
1659: -457 -464
1676: -461 -463
1678: -462 -463
1680: -463 -464
1681: 457 458 459 460 461 462 463 464
1687: -465 -471
1689: -466 -467
1710: 465 466 467 468 469 470 471 472
1711: -473 -474
1713: -473 -476
1714: -473 -477
1716: -473 -479
1719: -474 -476
1729: -476 -477
1734: -477 -479
1739: 473 474 475 476 477 478 479 480
1740: -481 -482
1741: -481 -483
1742: -481 -484
1743: -481 -485
1744: -481 -486
1745: -481 -487
1753: -483 -484
1754: -483 -485
1758: -484 -485
1763: -485 -487
1765: -486 -487
1768: 481 482 483 484 485 486 487 488
1784: -491 -494
1797: 489 490 491 492 493 494 495 496
1801: -497 -501
1803: -497 -503
1805: -498 -499
1816: -500 -501
1825: -503 -504
1826: 497 498 499 500 501 502 503 504
1828: -505 -507
1840: -507 -508
1842: -507 -510
1844: -507 -512
1855: 505 506 507 508 509 510 511 512
2560: -68 -201 -1 65
2570: -68 -202 -11 81
2577: -68 -203 -18 73
2588: -68 -204 -29 97
2595: -68 -205 -36 89
2606: -68 -206 -47 113
2615: -68 -207 -56 121
2621: -68 -208 -62 105
2624: -69 -265 -1 65
2634: -69 -266 -11 81
2641: -69 -267 -18 73
2652: -69 -268 -29 97
2659: -69 -269 -36 89
2670: -69 -270 -47 113
2679: -69 -271 -56 121
2685: -69 -272 -62 105
2688: -70 -329 -1 65
2698: -70 -330 -11 81
2705: -70 -331 -18 73
2716: -70 -332 -29 97
2723: -70 -333 -36 89
2743: -70 -335 -56 121
2749: -70 -336 -62 105
2752: -71 -393 -1 65
2762: -71 -394 -11 81
2769: -71 -395 -18 73
2780: -71 -396 -29 97
2787: -71 -397 -36 89
2798: -71 -398 -47 113
2807: -71 -399 -56 121
2813: -71 -400 -62 105
2816: -72 -457 -1 65
2826: -72 -458 -11 81
2833: -72 -459 -18 73
2844: -72 -460 -29 97
2851: -72 -461 -36 89
2862: -72 -462 -47 113
2871: -72 -463 -56 121
2877: -72 -464 -62 105
3008: -131 -145 -1 129
3072: -132 -209 -1 129
3082: -132 -210 -11 145
3089: -132 -211 -18 137
3100: -132 -212 -29 161
3107: -132 -213 -36 153
3118: -132 -214 -47 177
3127: -132 -215 -56 185
3136: -133 -273 -1 129
3146: -133 -274 -11 145
3153: -133 -275 -18 137
3164: -133 -276 -29 161
3171: -133 -277 -36 153
3182: -133 -278 -47 177
3191: -133 -279 -56 185
3197: -133 -280 -62 169
3200: -134 -337 -1 129
3210: -134 -338 -11 145
3217: -134 -339 -18 137
3228: -134 -340 -29 161
3235: -134 -341 -36 153
3246: -134 -342 -47 177
3255: -134 -343 -56 185
3261: -134 -344 -62 169
3264: -135 -401 -1 129
3274: -135 -402 -11 145
3281: -135 -403 -18 137
3292: -135 -404 -29 161
3299: -135 -405 -36 153
3310: -135 -406 -47 177
3319: -135 -407 -56 185
3325: -135 -408 -62 169
3328: -136 -465 -1 129
3338: -136 -466 -11 145
3345: -136 -467 -18 137
3356: -136 -468 -29 161
3363: -136 -469 -36 153
3374: -136 -470 -47 177
3383: -136 -471 -56 185
3389: -136 -472 -62 169
3456: -194 -89 -1 193
3466: -194 -90 -11 209
3473: -194 -91 -18 201
3484: -194 -92 -29 225
3491: -194 -93 -36 217
3502: -194 -94 -47 241
3511: -194 -95 -56 249
3517: -194 -96 -62 233
3520: -195 -153 -1 193
3530: -195 -154 -11 209
3537: -195 -155 -18 201
3548: -195 -156 -29 225
3555: -195 -157 -36 217
3566: -195 -158 -47 241
3575: -195 -159 -56 249
3581: -195 -160 -62 233
3712: -198 -345 -1 193
3722: -198 -346 -11 209
3729: -198 -347 -18 201
3740: -198 -348 -29 225
3747: -198 -349 -36 217
3758: -198 -350 -47 241
3767: -198 -351 -56 249
3773: -198 -352 -62 233
3776: -199 -409 -1 193
3786: -199 -410 -11 209
3793: -199 -411 -18 201
3804: -199 -412 -29 225
3811: -199 -413 -36 217
3822: -199 -414 -47 241
3831: -199 -415 -56 249
3837: -199 -416 -62 233
3840: -200 -473 -1 193
3850: -200 -474 -11 209
3857: -200 -475 -18 201
3868: -200 -476 -29 225
3875: -200 -477 -36 217
3886: -200 -478 -47 241
3895: -200 -479 -56 249
3901: -200 -480 -62 233
3968: -258 -97 -1 257
3978: -258 -98 -11 273
3985: -258 -99 -18 265
3996: -258 -100 -29 289
4003: -258 -101 -36 281
4014: -258 -102 -47 305
4023: -258 -103 -56 313
4029: -258 -104 -62 297
4032: -259 -161 -1 257
4042: -259 -162 -11 273
4049: -259 -163 -18 265
4060: -259 -164 -29 289
4067: -259 -165 -36 281
4078: -259 -166 -47 305
4087: -259 -167 -56 313
4093: -259 -168 -62 297
4160: -261 -289 -1 257
4224: -262 -353 -1 257
4234: -262 -354 -11 273
4241: -262 -355 -18 265
4252: -262 -356 -29 289
4259: -262 -357 -36 281
4270: -262 -358 -47 305
4279: -262 -359 -56 313
4285: -262 -360 -62 297
4288: -263 -417 -1 257
4298: -263 -418 -11 273
4305: -263 -419 -18 265
4316: -263 -420 -29 289
4323: -263 -421 -36 281
4334: -263 -422 -47 305
4343: -263 -423 -56 313
4349: -263 -424 -62 297
4352: -264 -481 -1 257
4362: -264 -482 -11 273
4369: -264 -483 -18 265
4380: -264 -484 -29 289
4387: -264 -485 -36 281
4398: -264 -486 -47 305
4407: -264 -487 -56 313
4413: -264 -488 -62 297
4480: -322 -105 -1 321
4490: -322 -106 -11 337
4497: -322 -107 -18 329
4508: -322 -108 -29 353
4515: -322 -109 -36 345
4535: -322 -111 -56 377
4541: -322 -112 -62 361
4544: -323 -169 -1 321
4554: -323 -170 -11 337
4561: -323 -171 -18 329
4572: -323 -172 -29 353
4579: -323 -173 -36 345
4599: -323 -175 -56 377
4605: -323 -176 -62 361
4608: -324 -233 -1 321
4618: -324 -234 -11 337
4636: -324 -236 -29 353
4643: -324 -237 -36 345
4654: -324 -238 -47 369
4663: -324 -239 -56 377
4669: -324 -240 -62 361
4672: -325 -297 -1 321
4682: -325 -298 -11 337
4689: -325 -299 -18 329
4700: -325 -300 -29 353
4707: -325 -301 -36 345
4718: -325 -302 -47 369
4727: -325 -303 -56 377
4733: -325 -304 -62 361
4736: -326 -361 -1 321
4746: -326 -362 -11 337
4753: -326 -363 -18 329
4764: -326 -364 -29 353
4771: -326 -365 -36 345
4791: -326 -367 -56 377
4800: -327 -425 -1 321
4810: -327 -426 -11 337
4817: -327 -427 -18 329
4828: -327 -428 -29 353
4835: -327 -429 -36 345
4846: -327 -430 -47 369
4855: -327 -431 -56 377
4861: -327 -432 -62 361
4992: -386 -113 -1 385
5002: -386 -114 -11 401
5009: -386 -115 -18 393
5020: -386 -116 -29 417
5027: -386 -117 -36 409
5038: -386 -118 -47 433
5056: -387 -177 -1 385
5066: -387 -178 -11 401
5084: -387 -180 -29 417
5091: -387 -181 -36 409
5102: -387 -182 -47 433
5117: -387 -184 -62 425
5120: -388 -241 -1 385
5155: -388 -245 -36 409
5184: -389 -305 -1 385
5194: -389 -306 -11 401
5201: -389 -307 -18 393
5212: -389 -308 -29 417
5219: -389 -309 -36 409
5230: -389 -310 -47 433
5245: -389 -312 -62 425
5312: -391 -433 -1 385
5322: -391 -434 -11 401
5329: -391 -435 -18 393
5340: -391 -436 -29 417
5376: -392 -497 -1 385
5386: -392 -498 -11 401
5393: -392 -499 -18 393
5411: -392 -501 -36 409
5422: -392 -502 -47 433
5431: -392 -503 -56 441
5437: -392 -504 -62 425
5504: -450 -121 -1 449
5514: -450 -122 -11 465
5521: -450 -123 -18 457
5532: -450 -124 -29 481
5550: -450 -126 -47 497
5559: -450 -127 -56 505
5568: -451 -185 -1 449
5578: -451 -186 -11 465
5596: -451 -188 -29 481
5603: -451 -189 -36 473
5614: -451 -190 -47 497
5632: -452 -249 -1 449
5642: -452 -250 -11 465
5649: -452 -251 -18 457
5667: -452 -253 -36 473
5687: -452 -255 -56 505
5696: -453 -313 -1 449
5706: -453 -314 -11 465
5713: -453 -315 -18 457
5724: -453 -316 -29 481
5731: -453 -317 -36 473
5742: -453 -318 -47 497
5751: -453 -319 -56 505
5757: -453 -320 -62 489
5777: -454 -379 -18 457
5821: -454 -384 -62 489
5888: -456 -505 -1 449
5905: -456 -507 -18 457
5923: -456 -509 -36 473
5934: -456 -510 -47 497
6104: -11 -132 -89 2
6108: -11 -132 -93 34
6110: -11 -132 -95 50
6111: -11 -132 -96 58
6112: -11 -133 -97 2
6115: -11 -133 -100 26
6116: -11 -133 -101 34
6117: -11 -133 -102 42
6118: -11 -133 -103 50
6120: -11 -134 -105 2
6121: -11 -134 -106 10
6123: -11 -134 -108 26
6124: -11 -134 -109 34
6125: -11 -134 -110 42
6126: -11 -134 -111 50
6127: -11 -134 -112 58
6128: -11 -135 -113 2
6129: -11 -135 -114 10
6131: -11 -135 -116 26
6132: -11 -135 -117 34
6133: -11 -135 -118 42
6134: -11 -135 -119 50
6135: -11 -135 -120 58
6136: -11 -136 -121 2
6137: -11 -136 -122 10
6139: -11 -136 -124 26
6140: -11 -136 -125 34
6141: -11 -136 -126 42
6142: -11 -136 -127 50
6143: -11 -136 -128 58
6480: -73 -11 -81 66
6481: -73 -11 -82 74
6484: -73 -11 -85 98
6485: -73 -11 -86 106
6486: -73 -11 -87 114
6487: -73 -11 -88 122
6660: -76 -201 -69 98
6667: -76 -202 -76 90
6698: -76 -206 -107 82
6708: -76 -207 -117 98
6723: -77 -265 -68 90
6725: -77 -265 -70 106
6741: -77 -267 -86 106
6742: -77 -267 -87 114
6743: -77 -267 -88 122
6745: -77 -268 -90 74
6746: -77 -268 -91 82
6762: -77 -270 -107 82
6769: -77 -271 -114 74
6787: -78 -329 -68 90
6804: -78 -331 -85 98
6816: -78 -333 -97 66
6818: -78 -333 -99 82
6851: -79 -393 -68 90
6853: -79 -393 -70 106
6872: -79 -396 -89 66
6883: -79 -397 -100 90
6890: -79 -398 -107 82
6895: -79 -398 -112 122
6915: -80 -457 -68 90
6932: -80 -459 -85 98
6961: -80 -463 -114 74
6988: -137 -18 -77 162
7188: -140 -211 -85 162
7200: -140 -213 -97 130
7201: -140 -213 -98 138
7256: -141 -276 -89 130
7258: -141 -276 -91 146
7316: -142 -339 -85 162
7354: -142 -344 -123 146
7384: -143 -404 -89 130
7435: -144 -466 -76 154
7436: -144 -466 -77 162
7444: -144 -467 -85 162
7448: -144 -468 -89 130
7456: -144 -469 -97 130
7460: -144 -469 -101 162
7474: -144 -471 -115 146
7520: -201 -29 -97 194
7521: -201 -29 -98 202
7522: -201 -29 -99 210
7523: -201 -29 -100 218
7524: -201 -29 -101 226
7525: -201 -29 -102 234
7526: -201 -29 -103 242
7527: -201 -29 -104 250
7592: -202 -94 -105 194
7594: -202 -94 -107 210
7610: -202 -96 -123 210
7611: -202 -96 -124 218
7620: -203 -153 -69 226
7624: -203 -154 -73 194
7640: -203 -156 -89 194
7651: -203 -157 -100 218
7659: -203 -158 -108 218
7760: -205 -283 -81 194
7764: -205 -283 -85 226
7765: -205 -283 -86 234
7766: -205 -283 -87 242
7767: -205 -283 -88 250
7778: -205 -285 -99 210
7785: -205 -286 -106 202
7786: -205 -286 -107 210
7787: -205 -286 -108 218
7788: -205 -286 -109 226
7789: -205 -286 -110 234
7792: -205 -287 -113 194
7793: -205 -287 -114 202
7794: -205 -287 -115 210
7795: -205 -287 -116 218
7796: -205 -287 -117 226
7797: -205 -287 -118 234
7800: -205 -288 -121 194
7801: -205 -288 -122 202
7802: -205 -288 -123 210
7803: -205 -288 -124 218
7804: -205 -288 -125 226
7805: -205 -288 -126 234
7807: -205 -288 -128 250
7814: -206 -345 -71 242
7828: -206 -347 -85 226
7831: -206 -347 -88 250
7842: -206 -349 -99 210
7878: -207 -409 -71 242
7879: -207 -409 -72 250
7892: -207 -411 -85 226
7904: -207 -413 -97 194
7941: -208 -473 -70 234
7956: -208 -475 -85 226
7970: -208 -477 -99 210
7974: -208 -477 -103 242
8024: -265 -36 -89 258
8025: -265 -36 -90 266
8026: -265 -36 -91 274
8028: -265 -36 -93 290
8029: -265 -36 -94 298
8030: -265 -36 -95 306
8031: -265 -36 -96 314
8100: -266 -101 -101 290
8133: -267 -161 -70 298
8134: -267 -161 -71 306
8135: -267 -161 -72 314
8136: -267 -162 -73 258
8153: -267 -164 -90 266
8154: -267 -164 -91 274
8168: -267 -166 -105 258
8184: -267 -168 -121 258
8208: -268 -227 -81 258
8209: -268 -227 -82 266
8211: -268 -227 -84 282
8213: -268 -227 -86 298
8214: -268 -227 -87 306
8215: -268 -227 -88 314
8217: -268 -228 -90 266
8218: -268 -228 -91 274
8221: -268 -228 -94 298
8232: -268 -230 -105 258
8233: -268 -230 -106 266
8234: -268 -230 -107 274
8235: -268 -230 -108 282
8236: -268 -230 -109 290
8237: -268 -230 -110 298
8238: -268 -230 -111 306
8239: -268 -230 -112 314
8240: -268 -231 -113 258
8241: -268 -231 -114 266
8242: -268 -231 -115 274
8243: -268 -231 -116 282
8244: -268 -231 -117 290
8245: -268 -231 -118 298
8246: -268 -231 -119 306
8247: -268 -231 -120 314
8248: -268 -232 -121 258
8249: -268 -232 -122 266
8250: -268 -232 -123 274
8251: -268 -232 -124 282
8252: -268 -232 -125 290
8275: -269 -291 -84 282
8314: -269 -296 -123 274
8325: -270 -353 -70 298
8326: -270 -353 -71 306
8467: -272 -483 -84 282
8478: -272 -484 -95 306
8480: -272 -485 -97 258
8560: -329 -47 -113 322
8561: -329 -47 -114 330
8562: -329 -47 -115 338
8563: -329 -47 -116 346
8564: -329 -47 -117 354
8565: -329 -47 -118 362
8566: -329 -47 -119 370
8567: -329 -47 -120 378
8602: -330 -108 -91 338
8608: -330 -109 -97 322
8621: -330 -110 -110 362
8624: -330 -111 -113 322
8626: -330 -111 -115 338
8634: -330 -112 -123 338
8648: -331 -170 -73 322
8660: -331 -171 -85 354
8672: -331 -173 -97 322
8673: -331 -173 -98 330
8689: -331 -175 -114 330
8693: -331 -175 -118 362
8702: -331 -176 -127 370
8730: -332 -236 -91 338
8736: -332 -237 -97 322
8739: -332 -237 -100 346
8741: -332 -237 -102 362
8742: -332 -237 -103 370
8772: -333 -297 -69 354
8777: -333 -298 -74 330
8779: -333 -298 -76 346
8788: -333 -299 -85 354
8792: -333 -300 -89 322
8800: -333 -301 -97 322
8837: -334 -361 -70 362
8852: -334 -363 -85 354
8856: -334 -364 -89 322
8880: -334 -367 -113 322
8885: -334 -367 -118 362
8920: -335 -428 -89 322
8966: -336 -489 -71 370
8992: -336 -493 -97 322
9009: -336 -495 -114 330
9080: -393 -56 -121 386
9081: -393 -56 -122 394
9082: -393 -56 -123 402
9083: -393 -56 -124 410
9084: -393 -56 -125 418
9086: -393 -56 -127 434
9160: -395 -178 -73 386
9176: -395 -180 -89 386
9184: -395 -181 -97 386
9192: -395 -182 -105 386
9248: -396 -245 -97 386
9251: -396 -245 -100 410
9257: -396 -246 -106 394
9274: -396 -248 -123 402
9289: -397 -306 -74 394
9301: -397 -307 -86 426
9304: -397 -308 -89 386
9337: -397 -312 -122 394
9464: -399 -440 -121 386
9476: -400 -497 -69 418
9492: -400 -499 -85 418
9576: -457 -62 -105 450
9577: -457 -62 -106 458
9578: -457 -62 -107 466
9579: -457 -62 -108 474
9580: -457 -62 -109 482
9581: -457 -62 -110 490
9582: -457 -62 -111 498
9583: -457 -62 -112 506
9634: -458 -125 -99 466
9639: -458 -125 -104 506
9642: -458 -126 -107 466
9647: -458 -126 -112 506
9650: -458 -127 -115 466
9663: -458 -128 -128 506
9672: -459 -186 -73 450
9680: -459 -187 -81 450
9687: -459 -187 -88 506
9688: -459 -188 -89 450
9739: -460 -250 -76 474
9760: -460 -253 -97 450
9763: -460 -253 -100 474
9799: -461 -313 -72 506
9801: -461 -314 -74 458
9816: -461 -316 -89 450
9821: -461 -316 -94 490
9824: -461 -317 -97 450
9859: -462 -377 -68 474
9876: -462 -379 -85 482
9880: -462 -380 -89 450
9890: -462 -381 -99 466
9905: -462 -383 -114 458
9982: -463 -448 -127 498
10003: -464 -507 -84 474
10010: -464 -508 -91 466
10014: -464 -508 -95 498
10024: -464 -510 -105 450
10136: -18 -68 -153 3
10138: -18 -68 -155 19
10139: -18 -68 -156 27
10140: -18 -68 -157 35
10141: -18 -68 -158 43
10142: -18 -68 -159 51
10143: -18 -68 -160 59
10144: -18 -69 -161 3
10146: -18 -69 -163 19
10147: -18 -69 -164 27
10148: -18 -69 -165 35
10149: -18 -69 -166 43
10150: -18 -69 -167 51
10151: -18 -69 -168 59
10152: -18 -70 -169 3
10154: -18 -70 -171 19
10155: -18 -70 -172 27
10156: -18 -70 -173 35
10160: -18 -71 -177 3
10162: -18 -71 -179 19
10163: -18 -71 -180 27
10164: -18 -71 -181 35
10167: -18 -71 -184 59
10168: -18 -72 -185 3
10170: -18 -72 -187 19
10171: -18 -72 -188 27
10172: -18 -72 -189 35
10173: -18 -72 -190 43
10175: -18 -72 -192 59
10576: -81 -11 -145 67
10578: -81 -11 -147 83
10579: -81 -11 -148 91
10581: -81 -11 -150 107
10784: -84 -205 -161 67
10785: -84 -205 -162 75
10787: -84 -205 -164 91
10796: -84 -206 -173 99
10803: -84 -207 -180 91
10829: -85 -266 -142 107
10832: -85 -267 -145 67
10836: -85 -267 -149 99
10841: -85 -268 -154 75
10891: -86 -330 -140 91
10892: -86 -330 -141 99
10895: -86 -330 -144 123
10904: -86 -332 -153 67
10912: -86 -333 -161 67
10974: -87 -396 -159 115
10976: -87 -397 -161 67
10985: -87 -398 -170 75
10987: -87 -398 -172 91
11026: -88 -459 -147 83
11040: -88 -461 -161 67
11057: -88 -463 -178 75
11084: -145 -18 -141 163
11085: -145 -18 -142 171
11086: -145 -18 -143 179
11087: -145 -18 -144 187
11216: -147 -147 -145 131
11268: -148 -209 -133 163
11269: -148 -209 -134 171
11271: -148 -209 -136 187
11297: -148 -213 -162 139
11298: -148 -213 -163 147
11303: -148 -213 -168 187
11319: -148 -215 -184 187
11321: -148 -216 -186 139
11331: -149 -273 -132 155
11341: -149 -274 -142 171
11342: -149 -274 -143 179
11353: -149 -276 -154 139
11358: -149 -276 -159 179
11361: -149 -277 -162 139
11371: -149 -278 -172 155
11396: -150 -337 -133 163
11407: -150 -338 -144 187
11424: -150 -341 -161 131
11448: -150 -344 -185 131
11449: -150 -344 -186 139
11460: -151 -401 -133 163
11461: -151 -401 -134 171
11463: -151 -401 -136 187
11469: -151 -402 -142 171
11531: -152 -466 -140 155
11616: -209 -29 -161 195
11617: -209 -29 -162 203
11618: -209 -29 -163 211
11619: -209 -29 -164 219
11620: -209 -29 -165 227
11621: -209 -29 -166 235
11622: -209 -29 -167 243
11623: -209 -29 -168 251
11664: -210 -91 -145 195
11672: -210 -92 -153 195
11676: -210 -92 -157 227
11677: -210 -92 -158 235
11678: -210 -92 -159 243
11679: -210 -92 -160 251
11739: -211 -156 -156 219
11791: -212 -218 -144 251
11852: -213 -282 -141 227
11853: -213 -282 -142 235
11854: -213 -282 -143 243
11855: -213 -282 -144 251
11880: -213 -286 -169 195
11881: -213 -286 -170 203
11882: -213 -286 -171 211
11883: -213 -286 -172 219
11884: -213 -286 -173 227
11888: -213 -287 -177 195
11889: -213 -287 -178 203
11890: -213 -287 -179 211
11891: -213 -287 -180 219
11892: -213 -287 -181 227
11894: -213 -287 -183 243
11896: -213 -288 -185 195
11897: -213 -288 -186 203
11898: -213 -288 -187 211
11899: -213 -288 -188 219
11900: -213 -288 -189 227
11936: -214 -349 -161 195
11939: -214 -349 -164 219
11952: -214 -351 -177 195
11986: -215 -411 -147 211
11998: -215 -412 -159 243
12056: -216 -476 -153 195
12064: -216 -477 -161 195
12070: -216 -477 -167 243
12083: -216 -479 -180 219
12120: -273 -36 -153 259
12121: -273 -36 -154 267
12122: -273 -36 -155 275
12123: -273 -36 -156 283
12124: -273 -36 -157 291
12125: -273 -36 -158 299
12126: -273 -36 -159 307
12127: -273 -36 -160 315
12163: -274 -97 -132 283
12165: -274 -97 -134 299
12171: -274 -98 -140 283
12173: -274 -98 -142 299
12175: -274 -98 -144 315
12186: -274 -100 -155 275
12188: -274 -100 -157 291
12192: -274 -101 -161 259
12194: -274 -101 -163 275
12200: -274 -102 -169 259
12204: -274 -102 -173 291
12205: -274 -102 -174 299
12208: -274 -103 -177 259
12216: -274 -104 -185 259
12252: -275 -164 -157 291
12260: -275 -165 -165 291
12264: -275 -166 -169 259
12265: -275 -166 -170 267
12268: -275 -166 -173 291
12273: -275 -167 -178 267
12275: -275 -167 -180 283
12281: -275 -168 -186 267
12284: -275 -168 -189 291
12300: -276 -226 -141 291
12301: -276 -226 -142 299
12302: -276 -226 -143 307
12303: -276 -226 -144 315
12313: -276 -228 -154 267
12328: -276 -230 -169 259
12329: -276 -230 -170 267
12330: -276 -230 -171 275
12331: -276 -230 -172 283
12332: -276 -230 -173 291
12334: -276 -230 -175 307
12335: -276 -230 -176 315
12336: -276 -231 -177 259
12337: -276 -231 -178 267
12338: -276 -231 -179 275
12339: -276 -231 -180 283
12340: -276 -231 -181 291
12342: -276 -231 -183 307
12344: -276 -232 -185 259
12345: -276 -232 -186 267
12346: -276 -232 -187 275
12347: -276 -232 -188 283
12348: -276 -232 -189 291
12366: -277 -290 -143 307
12367: -277 -290 -144 315
12384: -277 -293 -161 259
12401: -277 -295 -178 267
12409: -277 -296 -186 267
12412: -277 -296 -189 291
12440: -278 -356 -153 259
12444: -278 -356 -157 291
12447: -278 -356 -160 315
12448: -278 -357 -161 259
12487: -279 -417 -136 315
12512: -279 -421 -161 259
12574: -280 -484 -159 307
12576: -280 -485 -161 259
12578: -280 -485 -163 275
12656: -337 -47 -177 323
12657: -337 -47 -178 331
12658: -337 -47 -179 339
12659: -337 -47 -180 347
12660: -337 -47 -181 355
12661: -337 -47 -182 363
12662: -337 -47 -183 371
12663: -337 -47 -184 379
12688: -338 -107 -145 323
12728: -338 -112 -185 323
12761: -339 -172 -154 331
12768: -339 -173 -161 323
12773: -339 -173 -166 363
12781: -339 -174 -174 363
12784: -339 -175 -177 323
12789: -339 -175 -182 363
12805: -340 -233 -134 363
12815: -340 -234 -144 379
12818: -340 -235 -147 339
12820: -340 -235 -149 355
12832: -340 -237 -161 323
12869: -341 -297 -134 363
12879: -341 -298 -144 379
12888: -341 -300 -153 323
12933: -342 -361 -134 363
12998: -343 -425 -135 371
13059: -344 -489 -132 347
13176: -401 -56 -185 387
13177: -401 -56 -186 395
13178: -401 -56 -187 403
13179: -401 -56 -188 411
13180: -401 -56 -189 419
13181: -401 -56 -190 427
13182: -401 -56 -191 435
13183: -401 -56 -192 443
13200: -402 -115 -145 387
13219: -402 -117 -164 411
13253: -403 -177 -134 427
13273: -403 -180 -154 395
13280: -403 -181 -161 387
13302: -403 -183 -183 435
13304: -403 -184 -185 387
13310: -403 -184 -191 435
13316: -404 -241 -133 419
13318: -404 -241 -135 435
13344: -404 -245 -161 387
13347: -404 -245 -164 411
13379: -405 -305 -132 411
13381: -405 -305 -134 427
13382: -405 -305 -135 435
13389: -405 -306 -142 427
13400: -405 -308 -153 387
13404: -405 -308 -157 419
13458: -406 -371 -147 403
13510: -407 -433 -135 435
13579: -408 -498 -140 411
13672: -465 -62 -169 451
13673: -465 -62 -170 459
13674: -465 -62 -171 467
13675: -465 -62 -172 475
13676: -465 -62 -173 483
13677: -465 -62 -174 491
13678: -465 -62 -175 499
13712: -466 -123 -145 451
13714: -466 -123 -147 467
13743: -466 -126 -176 507
13744: -466 -127 -177 451
13823: -467 -192 -192 507
13838: -468 -250 -143 499
13856: -468 -253 -161 451
13895: -469 -313 -136 507
13900: -469 -314 -141 483
13902: -469 -314 -143 499
13912: -469 -316 -153 451
13963: -470 -378 -140 475
14028: -471 -442 -141 483
14098: -472 -507 -147 467
14120: -472 -510 -169 451
14408: -29 -258 -201 4
14409: -29 -258 -202 12
14410: -29 -258 -203 20
14411: -29 -258 -204 28
14413: -29 -258 -206 44
14414: -29 -258 -207 52
14415: -29 -258 -208 60
14416: -29 -259 -209 4
14417: -29 -259 -210 12
14418: -29 -259 -211 20
14419: -29 -259 -212 28
14421: -29 -259 -214 44
14422: -29 -259 -215 52
14423: -29 -259 -216 60
14440: -29 -262 -233 4
14441: -29 -262 -234 12
14442: -29 -262 -235 20
14443: -29 -262 -236 28
14445: -29 -262 -238 44
14446: -29 -262 -239 52
14447: -29 -262 -240 60
14448: -29 -263 -241 4
14449: -29 -263 -242 12
14450: -29 -263 -243 20
14451: -29 -263 -244 28
14453: -29 -263 -246 44
14454: -29 -263 -247 52
14455: -29 -263 -248 60
14456: -29 -264 -249 4
14457: -29 -264 -250 12
14458: -29 -264 -251 20
14459: -29 -264 -252 28
14461: -29 -264 -254 44
14462: -29 -264 -255 52
14463: -29 -264 -256 60
14672: -89 -11 -209 68
14673: -89 -11 -210 76
14674: -89 -11 -211 84
14675: -89 -11 -212 92
14676: -89 -11 -213 100
14677: -89 -11 -214 108
14678: -89 -11 -215 116
14679: -89 -11 -216 124
14721: -90 -73 -194 76
14774: -90 -79 -247 116
14780: -90 -80 -253 100
14818: -91 -141 -227 84
14821: -91 -141 -230 108
14822: -91 -141 -231 116
14823: -91 -141 -232 124
14824: -91 -142 -233 68
14827: -91 -142 -236 92
14829: -91 -142 -238 108
14832: -91 -143 -241 68
14834: -91 -143 -243 84
14835: -91 -143 -244 92
14839: -91 -143 -248 124
14840: -91 -144 -249 68
14842: -91 -144 -251 84
14843: -91 -144 -252 92
14844: -91 -144 -253 100
14904: -92 -208 -249 68
14905: -92 -208 -250 76
14906: -92 -208 -251 84
14908: -92 -208 -253 100
14914: -93 -265 -195 84
14917: -93 -265 -198 108
14936: -93 -268 -217 68
14951: -93 -269 -232 124
14952: -93 -270 -233 68
14958: -93 -270 -239 116
14960: -93 -271 -241 68
14961: -93 -271 -242 76
14968: -93 -272 -249 68
14977: -94 -329 -194 76
14992: -94 -331 -209 68
14997: -94 -331 -214 108
15010: -94 -333 -227 84
15014: -94 -333 -231 116
15024: -94 -335 -241 68
15036: -94 -336 -253 100
15037: -94 -336 -254 108
15042: -95 -393 -195 84
15056: -95 -395 -209 68
15074: -95 -397 -227 84
15084: -95 -398 -237 100
15143: -96 -461 -232 124
15176: -153 -18 -201 132
15177: -153 -18 -202 140
15178: -153 -18 -203 148
15179: -153 -18 -204 156
15180: -153 -18 -205 164
15181: -153 -18 -206 172
15182: -153 -18 -207 180
15183: -153 -18 -208 188
15264: -154 -85 -225 132
15265: -154 -85 -226 140
15266: -154 -85 -227 148
15267: -154 -85 -228 156
15269: -154 -85 -230 172
15270: -154 -85 -231 180
15271: -154 -85 -232 188
15272: -154 -86 -233 132
15273: -154 -86 -234 140
15274: -154 -86 -235 148
15276: -154 -86 -237 164
15280: -154 -87 -241 132
15281: -154 -87 -242 140
15282: -154 -87 -243 148
15283: -154 -87 -244 156
15284: -154 -87 -245 164
15286: -154 -87 -247 180
15288: -154 -88 -249 132
15289: -154 -88 -250 140
15290: -154 -88 -251 148
15291: -154 -88 -252 156
15292: -154 -88 -253 164
15293: -154 -88 -254 172
15295: -154 -88 -256 188
15298: -155 -145 -195 148
15329: -155 -149 -226 140
15336: -155 -150 -233 132
15337: -155 -150 -234 140
15338: -155 -150 -235 148
15339: -155 -150 -236 156
15340: -155 -150 -237 164
15341: -155 -150 -238 172
15346: -155 -151 -243 148
15348: -155 -151 -245 164
15370: -156 -210 -203 148
15378: -156 -211 -211 148
15412: -156 -215 -245 164
15420: -156 -216 -253 164
15425: -157 -273 -194 140
15448: -157 -276 -217 132
15457: -157 -277 -226 140
15464: -157 -278 -233 132
15466: -157 -278 -235 148
15472: -157 -279 -241 132
15480: -157 -280 -249 132
15521: -158 -341 -226 140
15554: -159 -401 -195 148
15557: -159 -401 -198 172
15649: -160 -469 -226 140
15712: -217 -29 -225 196
15713: -217 -29 -226 204
15715: -217 -29 -228 220
15717: -217 -29 -230 236
15718: -217 -29 -231 244
15719: -217 -29 -232 252
15764: -218 -91 -213 228
15781: -218 -93 -230 236
15783: -218 -93 -232 252
15788: -218 -94 -237 228
15809: -219 -153 -194 204
15820: -219 -154 -205 228
15821: -219 -154 -206 236
15828: -219 -155 -213 228
15834: -219 -156 -219 212
15845: -219 -157 -230 236
15846: -219 -157 -231 244
16001: -222 -345 -194 204
16002: -222 -345 -195 212
16006: -222 -345 -199 244
16016: -222 -347 -209 196
16065: -223 -409 -194 204
16069: -223 -409 -198 236
16074: -223 -410 -203 212
16080: -223 -411 -209 196
16094: -223 -412 -223 244
16098: -223 -413 -227 212
16101: -223 -413 -230 236
16123: -223 -416 -252 220
16130: -224 -473 -195 212
16134: -224 -473 -199 244
16144: -224 -475 -209 196
16150: -224 -475 -215 244
16166: -224 -477 -231 244
16168: -224 -478 -233 196
16171: -224 -478 -236 220
16176: -224 -479 -241 196
16180: -224 -479 -245 228
16216: -281 -36 -217 260
16272: -282 -99 -209 260
16275: -282 -99 -212 284
16276: -282 -99 -213 292
16290: -282 -101 -227 276
16293: -282 -101 -230 300
16294: -282 -101 -231 308
16295: -282 -101 -232 316
16300: -282 -102 -237 292
16328: -283 -162 -201 260
16353: -283 -165 -226 268
16362: -283 -166 -235 276
16370: -283 -167 -243 276
16373: -283 -167 -246 300
16378: -283 -168 -251 276
16525: -286 -354 -206 300
16546: -286 -357 -227 276
16550: -286 -357 -231 308
16609: -287 -421 -226 268
16610: -287 -421 -227 276
16613: -287 -421 -230 300
16620: -287 -422 -237 292
16674: -288 -485 -227 276
16677: -288 -485 -230 300
16684: -288 -486 -237 292
16752: -345 -47 -241 324
16753: -345 -47 -242 332
16754: -345 -47 -243 340
16755: -345 -47 -244 348
16756: -345 -47 -245 356
16757: -345 -47 -246 364
16758: -345 -47 -247 372
16759: -345 -47 -248 380
16777: -346 -106 -202 332
16784: -346 -107 -209 324
16802: -346 -109 -227 340
16806: -346 -109 -231 372
16807: -346 -109 -232 380
16834: -347 -169 -195 340
16840: -347 -170 -201 324
16842: -347 -170 -203 340
16846: -347 -170 -207 372
16858: -347 -172 -219 340
16871: -347 -173 -232 380
16908: -348 -234 -205 356
16941: -348 -238 -238 364
16948: -348 -239 -245 356
16957: -348 -240 -254 364
16966: -349 -297 -199 372
16968: -349 -298 -201 324
16983: -349 -299 -216 380
16984: -349 -300 -217 324
16993: -349 -301 -226 332
17016: -349 -304 -249 324
17036: -350 -362 -205 356
17044: -350 -363 -213 356
17063: -350 -365 -232 380
17072: -350 -367 -241 324
17186: -352 -493 -227 340
17272: -409 -56 -249 388
17273: -409 -56 -250 396
17274: -409 -56 -251 404
17275: -409 -56 -252 412
17276: -409 -56 -253 420
17277: -409 -56 -254 428
17278: -409 -56 -255 436
17286: -410 -113 -199 436
17296: -410 -115 -209 388
17350: -411 -177 -199 436
17352: -411 -178 -201 388
17354: -411 -178 -203 404
17356: -411 -178 -205 420
17377: -411 -181 -226 396
17378: -411 -181 -227 404
17379: -411 -181 -228 412
17381: -411 -181 -230 428
17383: -411 -181 -232 444
17428: -412 -243 -213 420
17452: -412 -246 -237 420
17462: -412 -247 -247 436
17464: -412 -248 -249 388
17468: -412 -248 -253 420
17480: -413 -306 -201 388
17488: -413 -307 -209 388
17496: -413 -308 -217 388
17509: -413 -309 -230 428
17512: -413 -310 -233 388
17538: -414 -369 -195 404
17596: -414 -376 -253 420
17597: -414 -376 -254 428
17606: -415 -433 -199 436
17656: -415 -440 -249 388
17665: -416 -497 -194 396
17768: -473 -62 -233 452
17769: -473 -62 -234 460
17770: -473 -62 -235 468
17771: -473 -62 -236 476
17772: -473 -62 -237 484
17774: -473 -62 -239 500
17775: -473 -62 -240 508
17794: -474 -121 -195 468
17808: -474 -123 -209 452
17811: -474 -123 -212 476
17830: -474 -125 -231 500
17843: -474 -127 -244 476
17858: -475 -185 -195 468
17864: -475 -186 -201 452
17868: -475 -186 -205 484
17890: -475 -189 -227 468
17894: -475 -189 -231 500
17940: -476 -251 -213 484
17972: -476 -255 -245 484
17992: -477 -314 -201 452
18004: -477 -315 -213 484
18008: -477 -316 -217 452
18022: -477 -317 -231 500
18032: -477 -319 -241 452
18035: -477 -319 -244 476
18040: -477 -320 -249 452
18069: -478 -379 -214 492
18153: -479 -446 -234 460
18216: -480 -510 -233 452
18440: -36 -194 -265 5
18441: -36 -194 -266 13
18442: -36 -194 -267 21
18444: -36 -194 -269 37
18445: -36 -194 -270 45
18446: -36 -194 -271 53
18447: -36 -194 -272 61
18449: -36 -195 -274 13
18453: -36 -195 -278 45
18454: -36 -195 -279 53
18455: -36 -195 -280 61
18472: -36 -198 -297 5
18473: -36 -198 -298 13
18474: -36 -198 -299 21
18476: -36 -198 -301 37
18477: -36 -198 -302 45
18478: -36 -198 -303 53
18479: -36 -198 -304 61
18480: -36 -199 -305 5
18481: -36 -199 -306 13
18482: -36 -199 -307 21
18484: -36 -199 -309 37
18485: -36 -199 -310 45
18486: -36 -199 -311 53
18487: -36 -199 -312 61
18488: -36 -200 -313 5
18489: -36 -200 -314 13
18490: -36 -200 -315 21
18492: -36 -200 -317 37
18493: -36 -200 -318 45
18494: -36 -200 -319 53
18495: -36 -200 -320 61
18768: -97 -11 -273 69
18769: -97 -11 -274 77
18770: -97 -11 -275 85
18771: -97 -11 -276 93
18772: -97 -11 -277 101
18773: -97 -11 -278 109
18774: -97 -11 -279 117
18775: -97 -11 -280 125
18860: -98 -78 -301 101
18871: -98 -79 -312 125
18904: -99 -140 -281 69
18906: -99 -140 -283 85
18908: -99 -140 -285 101
18909: -99 -140 -286 109
18910: -99 -140 -287 117
18911: -99 -140 -288 125
18920: -99 -142 -297 69
18921: -99 -142 -298 77
18922: -99 -142 -299 85
18923: -99 -142 -300 93
18924: -99 -142 -301 101
18925: -99 -142 -302 109
18928: -99 -143 -305 69
18929: -99 -143 -306 77
18930: -99 -143 -307 85
18931: -99 -143 -308 93
18934: -99 -143 -311 117
18936: -99 -144 -313 69
18937: -99 -144 -314 77
18938: -99 -144 -315 85
18939: -99 -144 -316 93
18943: -99 -144 -320 125
18946: -100 -201 -259 85
18949: -100 -201 -262 109
18952: -100 -202 -265 69
18955: -100 -202 -268 93
18960: -100 -203 -273 69
18970: -100 -204 -283 85
18976: -100 -205 -289 69
18978: -100 -205 -291 85
18980: -100 -205 -293 101
18988: -100 -206 -301 101
18992: -100 -207 -305 69
19014: -101 -265 -263 117
19015: -101 -265 -264 125
19017: -101 -266 -266 77
19024: -101 -267 -273 69
19049: -101 -270 -298 77
19050: -101 -270 -299 85
19051: -101 -270 -300 93
19057: -101 -271 -306 77
19059: -101 -271 -308 93
19065: -101 -272 -314 77
19067: -101 -272 -316 93
19089: -102 -331 -274 77
19098: -102 -332 -283 85
19217: -104 -459 -274 77
19236: -104 -461 -293 101
19272: -161 -18 -265 133
19273: -161 -18 -266 141
19274: -161 -18 -267 149
19275: -161 -18 -268 157
19276: -161 -18 -269 165
19277: -161 -18 -270 173
19278: -161 -18 -271 181
19279: -161 -18 -272 189
19352: -162 -84 -281 133
19353: -162 -84 -282 141
19356: -162 -84 -285 165
19357: -162 -84 -286 173
19358: -162 -84 -287 181
19359: -162 -84 -288 189
19377: -162 -87 -306 141
19379: -162 -87 -308 157
19385: -162 -88 -314 141
19387: -162 -88 -316 157
19461: -164 -209 -262 173
19476: -164 -211 -277 165
19485: -164 -212 -286 173
19486: -164 -212 -287 181
19488: -164 -213 -289 133
19496: -164 -214 -297 133
19504: -164 -215 -305 133
19508: -164 -215 -309 165
19512: -164 -216 -313 133
19538: -165 -275 -275 149
19560: -165 -278 -297 133
19563: -165 -278 -300 157
19568: -165 -279 -305 133
19571: -165 -279 -308 157
19579: -165 -280 -316 157
19592: -166 -338 -265 133
19595: -166 -338 -268 157
19596: -166 -338 -269 165
19609: -166 -340 -282 141
19632: -166 -343 -305 133
19649: -167 -401 -258 141
19650: -167 -401 -259 149
19659: -167 -402 -268 157
19673: -167 -404 -282 141
19677: -167 -404 -286 173
19699: -167 -407 -308 157
19704: -167 -408 -313 133
19720: -168 -466 -265 133
19731: -168 -467 -276 157
19737: -168 -468 -282 141
19857: -226 -91 -274 205
19859: -226 -91 -276 221
19865: -226 -92 -282 205
19868: -226 -92 -285 229
19869: -226 -92 -286 237
19912: -227 -154 -265 197
19914: -227 -154 -267 213
19929: -227 -156 -282 205
19933: -227 -156 -286 237
20104: -230 -346 -265 197
20107: -230 -346 -268 221
20115: -230 -347 -276 221
20122: -230 -348 -283 213
20155: -230 -352 -316 221
20173: -231 -410 -270 237
20179: -231 -411 -276 221
20186: -231 -412 -283 213
20190: -231 -412 -287 245
20194: -231 -413 -291 213
20203: -231 -414 -300 221
20204: -231 -414 -301 229
20232: -232 -474 -265 197
20250: -232 -476 -283 213
20253: -232 -476 -286 237
20272: -232 -479 -305 197
20275: -232 -479 -308 221
20314: -289 -36 -283 277
20317: -289 -36 -286 301
20318: -289 -36 -287 309
20319: -289 -36 -288 317
20354: -290 -97 -259 277
20357: -290 -97 -262 301
20358: -290 -97 -263 309
20372: -290 -99 -277 293
20373: -290 -99 -278 301
20381: -290 -100 -286 301
20382: -290 -100 -287 309
20411: -290 -104 -316 285
20422: -291 -161 -263 309
20424: -291 -162 -265 261
20425: -291 -162 -266 269
20427: -291 -162 -268 285
20445: -291 -164 -286 301
20459: -291 -166 -300 285
20460: -291 -166 -301 293
20464: -291 -167 -305 261
20468: -291 -167 -309 293
20610: -294 -353 -259 277
20614: -294 -353 -263 309
20616: -294 -354 -265 261
20619: -294 -354 -268 285
20633: -294 -356 -282 269
20639: -294 -356 -288 317
20651: -294 -358 -300 285
20660: -294 -359 -309 293
20671: -294 -360 -320 317
20674: -295 -417 -259 277
20680: -295 -418 -265 261
20683: -295 -418 -268 285
20688: -295 -419 -273 261
20697: -295 -420 -282 269
20715: -295 -422 -300 285
20716: -295 -422 -301 293
20741: -296 -481 -262 301
20744: -296 -482 -265 261
20747: -296 -482 -268 285
20752: -296 -483 -273 261
20761: -296 -484 -282 269
20766: -296 -484 -287 309
20775: -296 -485 -296 317
20776: -296 -486 -297 261
20784: -296 -487 -305 261
20795: -296 -488 -316 285
20848: -353 -47 -305 325
20849: -353 -47 -306 333
20850: -353 -47 -307 341
20851: -353 -47 -308 349
20852: -353 -47 -309 357
20853: -353 -47 -310 365
20854: -353 -47 -311 373
20855: -353 -47 -312 381
20869: -354 -105 -262 365
20880: -354 -107 -273 325
20881: -354 -107 -274 333
20889: -354 -108 -282 333
20894: -354 -108 -287 373
20895: -354 -108 -288 381
20900: -354 -109 -293 357
20933: -355 -169 -262 365
20936: -355 -170 -265 325
20938: -355 -170 -267 341
20947: -355 -171 -276 349
20959: -355 -172 -288 381
21008: -356 -235 -273 325
21024: -356 -237 -289 325
21028: -356 -237 -293 357
21048: -356 -240 -313 325
21101: -357 -302 -302 365
21107: -357 -303 -308 349
21125: -358 -361 -262 365
21128: -358 -362 -265 325
21129: -358 -362 -266 333
21130: -358 -362 -267 341
21131: -358 -362 -268 349
21132: -358 -362 -269 357
21134: -358 -362 -271 373
21137: -358 -363 -274 333
21138: -358 -363 -275 341
21139: -358 -363 -276 349
21140: -358 -363 -277 357
21142: -358 -363 -279 373
21145: -358 -364 -282 333
21151: -358 -364 -288 381
21168: -358 -367 -305 325
21210: -359 -428 -283 341
21250: -360 -489 -259 341
21271: -360 -491 -280 381
21273: -360 -492 -282 333
21288: -360 -494 -297 325
21300: -360 -495 -309 357
21310: -360 -496 -319 373
21368: -417 -56 -313 389
21369: -417 -56 -314 397
21370: -417 -56 -315 405
21371: -417 -56 -316 413
21372: -417 -56 -317 421
21373: -417 -56 -318 429
21374: -417 -56 -319 437
21375: -417 -56 -320 445
21382: -418 -113 -263 437
21392: -418 -115 -273 389
21395: -418 -115 -276 413
21399: -418 -115 -280 445
21405: -418 -116 -286 429
21407: -418 -116 -288 445
21433: -418 -120 -314 397
21448: -419 -178 -265 389
21450: -419 -178 -267 405
21455: -419 -178 -272 445
21474: -419 -181 -291 405
21520: -420 -243 -273 389
21533: -420 -244 -286 429
21536: -420 -245 -289 389
21544: -420 -246 -297 389
21548: -420 -246 -301 421
21584: -421 -307 -273 389
21611: -421 -310 -300 413
21624: -421 -312 -313 389
21633: -422 -369 -258 397
21663: -422 -372 -288 445
21691: -422 -376 -316 413
21692: -422 -376 -317 421
21702: -423 -433 -263 437
21707: -423 -434 -268 413
21716: -423 -435 -277 421
21752: -423 -440 -313 389
21811: -424 -503 -308 413
21864: -481 -62 -297 453
21865: -481 -62 -298 461
21866: -481 -62 -299 469
21867: -481 -62 -300 477
21868: -481 -62 -301 485
21869: -481 -62 -302 493
21870: -481 -62 -303 501
21871: -481 -62 -304 509
21890: -482 -121 -259 469
21895: -482 -121 -264 509
21904: -482 -123 -273 453
21914: -482 -124 -283 469
21918: -482 -124 -287 501
21935: -482 -126 -304 509
21943: -482 -127 -312 509
21960: -483 -186 -265 453
21963: -483 -186 -268 477
21971: -483 -187 -276 477
21978: -483 -188 -283 469
21982: -483 -188 -287 501
22005: -483 -191 -310 493
22018: -484 -249 -259 469
22024: -484 -250 -265 453
22032: -484 -251 -273 453
22048: -484 -253 -289 453
22055: -484 -253 -296 509
22064: -484 -255 -305 453
22123: -485 -318 -300 477
22143: -485 -320 -320 509
22279: -488 -505 -264 509
22283: -488 -506 -268 477
22288: -488 -507 -273 453
22312: -488 -510 -297 453
22728: -47 -386 -329 6
22729: -47 -386 -330 14
22730: -47 -386 -331 22
22731: -47 -386 -332 30
22734: -47 -386 -335 54
22736: -47 -387 -337 6
22737: -47 -387 -338 14
22739: -47 -387 -340 30
22740: -47 -387 -341 38
22742: -47 -387 -343 54
22744: -47 -388 -345 6
22745: -47 -388 -346 14
22746: -47 -388 -347 22
22748: -47 -388 -349 38
22750: -47 -388 -351 54
22752: -47 -389 -353 6
22753: -47 -389 -354 14
22754: -47 -389 -355 22
22755: -47 -389 -356 30
22758: -47 -389 -359 54
22772: -47 -391 -373 38
22780: -47 -392 -381 38
22781: -47 -392 -382 46
22782: -47 -392 -383 54
22864: -105 -11 -337 70
22865: -105 -11 -338 78
22866: -105 -11 -339 86
22868: -105 -11 -341 102
22869: -105 -11 -342 110
22871: -105 -11 -344 126
22961: -106 -79 -370 78
22970: -106 -80 -379 86
23000: -107 -140 -345 70
23001: -107 -140 -346 78
23002: -107 -140 -347 86
23009: -107 -141 -354 78
23026: -107 -143 -371 86
23032: -107 -144 -377 70
23033: -107 -144 -378 78
23034: -107 -144 -379 86
23037: -107 -144 -382 110
23041: -108 -201 -322 78
23042: -108 -201 -323 86
23044: -108 -201 -325 102
23051: -108 -202 -332 94
23060: -108 -203 -341 102
23064: -108 -204 -345 70
23092: -108 -207 -373 102
23128: -109 -268 -345 70
23132: -109 -268 -349 102
23177: -110 -330 -330 78
23216: -110 -335 -369 70
23240: -111 -394 -329 70
23298: -112 -457 -323 86
23299: -112 -457 -324 94
23300: -112 -457 -325 102
23301: -112 -457 -326 110
23346: -112 -463 -371 86
23347: -112 -463 -372 94
23348: -112 -463 -373 102
23349: -112 -463 -374 110
23351: -112 -463 -376 126
23368: -169 -18 -329 134
23369: -169 -18 -330 142
23370: -169 -18 -331 150
23373: -169 -18 -334 174
23374: -169 -18 -335 182
23375: -169 -18 -336 190
23448: -170 -84 -345 134
23456: -170 -85 -353 134
23457: -170 -85 -354 142
23458: -170 -85 -355 150
23472: -170 -87 -369 134
23475: -170 -87 -372 158
23487: -170 -88 -384 190
23504: -171 -147 -337 134
23512: -171 -148 -345 134
23516: -171 -148 -349 166
23557: -172 -209 -326 174
23565: -172 -210 -334 174
23568: -172 -211 -337 134
23584: -172 -213 -353 134
23585: -172 -213 -354 142
23586: -172 -213 -355 150
23610: -172 -216 -379 150
23618: -173 -273 -323 150
23619: -173 -273 -324 158
23622: -173 -273 -327 182
23626: -173 -274 -331 150
23627: -173 -274 -332 158
23636: -173 -275 -341 166
23637: -173 -275 -342 174
23640: -173 -276 -345 134
23642: -173 -276 -347 150
23644: -173 -276 -349 166
23647: -173 -276 -352 190
23648: -173 -277 -353 134
23653: -173 -277 -358 174
23698: -174 -339 -339 150
23745: -175 -401 -322 142
23747: -175 -401 -324 158
23748: -175 -401 -325 166
23749: -175 -401 -326 174
23758: -175 -402 -335 182
23763: -175 -403 -340 158
23768: -175 -404 -345 134
23811: -176 -465 -324 158
23904: -233 -29 -353 198
23905: -233 -29 -354 206
23906: -233 -29 -355 214
23907: -233 -29 -356 222
23908: -233 -29 -357 230
23909: -233 -29 -358 238
23910: -233 -29 -359 246
23911: -233 -29 -360 254
23952: -234 -91 -337 198
23960: -234 -92 -345 198
23965: -234 -92 -350 238
23966: -234 -92 -351 246
23968: -234 -93 -353 198
24067: -236 -217 -324 222
24081: -236 -219 -338 206
24113: -236 -223 -370 206
24136: -237 -282 -329 198
24137: -237 -282 -330 206
24138: -237 -282 -331 214
24139: -237 -282 -332 222
24140: -237 -282 -333 230
24141: -237 -282 -334 238
24142: -237 -282 -335 246
24143: -237 -282 -336 254
24144: -237 -283 -337 198
24145: -237 -283 -338 206
24147: -237 -283 -340 222
24148: -237 -283 -341 230
24149: -237 -283 -342 238
24151: -237 -283 -344 254
24178: -237 -287 -371 214
24179: -237 -287 -372 222
24180: -237 -287 -373 230
24183: -237 -287 -376 254
24184: -237 -288 -377 198
24186: -237 -288 -379 214
24187: -237 -288 -380 222
24188: -237 -288 -381 230
24189: -237 -288 -382 238
24191: -237 -288 -384 254
24219: -238 -348 -348 222
24272: -239 -411 -337 198
24280: -239 -412 -345 198
24288: -239 -413 -353 198
24321: -240 -473 -322 206
24324: -240 -473 -325 230
24337: -240 -475 -338 206
24338: -240 -475 -339 214
24341: -240 -475 -342 238
24343: -240 -475 -344 254
24408: -297 -36 -345 262
24409: -297 -36 -346 270
24410: -297 -36 -347 278
24411: -297 -36 -348 286
24412: -297 -36 -349 294
24413: -297 -36 -350 302
24414: -297 -36 -351 310
24415: -297 -36 -352 318
24453: -298 -97 -326 302
24462: -298 -98 -335 310
24464: -298 -99 -337 262
24470: -298 -99 -343 310
24472: -298 -100 -345 262
24473: -298 -100 -346 270
24483: -298 -101 -356 286
24501: -298 -103 -374 302
24520: -299 -162 -329 262
24584: -300 -226 -329 262
24586: -300 -226 -331 278
24587: -300 -226 -332 286
24589: -300 -226 -334 302
24590: -300 -226 -335 310
24592: -300 -227 -337 262
24593: -300 -227 -338 270
24595: -300 -227 -340 286
24596: -300 -227 -341 294
24624: -300 -231 -369 262
24627: -300 -231 -372 286
24628: -300 -231 -373 294
24629: -300 -231 -374 302
24630: -300 -231 -375 310
24631: -300 -231 -376 318
24632: -300 -232 -377 262
24633: -300 -232 -378 270
24634: -300 -232 -379 278
24635: -300 -232 -380 286
24636: -300 -232 -381 294
24637: -300 -232 -382 302
24638: -300 -232 -383 310
24639: -300 -232 -384 318
24649: -301 -290 -330 270
24651: -301 -290 -332 286
24653: -301 -290 -334 302
24654: -301 -290 -335 310
24655: -301 -290 -336 318
24656: -301 -291 -337 262
24657: -301 -291 -338 270
24659: -301 -291 -340 286
24663: -301 -291 -344 318
24688: -301 -295 -369 262
24689: -301 -295 -370 270
24690: -301 -295 -371 278
24691: -301 -295 -372 286
24692: -301 -295 -373 294
24693: -301 -295 -374 302
24694: -301 -295 -375 310
24699: -301 -296 -380 286
24700: -301 -296 -381 294
24701: -301 -296 -382 302
24703: -301 -296 -384 318
24707: -302 -353 -324 286
24728: -302 -356 -345 262
24740: -302 -357 -357 294
24752: -302 -359 -369 262
24844: -304 -482 -333 294
24848: -304 -483 -337 262
24851: -304 -483 -340 286
24855: -304 -483 -344 318
24944: -361 -47 -369 326
24945: -361 -47 -370 334
24949: -361 -47 -374 366
24950: -361 -47 -375 374
24951: -361 -47 -376 382
24964: -362 -105 -325 358
24979: -362 -107 -340 350
24980: -362 -107 -341 358
24989: -362 -108 -350 366
25015: -362 -111 -376 382
25018: -362 -112 -379 342
25020: -362 -112 -381 358
25021: -362 -112 -382 366
25023: -362 -112 -384 382
25092: -364 -233 -325 358
25125: -364 -237 -358 366
25127: -364 -237 -360 382
25155: -365 -297 -324 350
25162: -365 -298 -331 342
25181: -365 -300 -350 366
25208: -365 -304 -377 326
25215: -365 -304 -384 382
25290: -367 -426 -331 342
25464: -425 -56 -377 390
25469: -425 -56 -382 430
25470: -425 -56 -383 438
25471: -425 -56 -384 446
25488: -426 -115 -337 390
25505: -426 -117 -354 398
25529: -426 -120 -378 398
25562: -427 -180 -347 406
25570: -427 -181 -355 406
25603: -428 -241 -324 414
25611: -428 -242 -332 414
25619: -428 -243 -340 414
25632: -428 -245 -353 390
25633: -428 -245 -354 398
25659: -428 -248 -380 414
25670: -429 -305 -327 438
25676: -429 -306 -333 422
25684: -429 -307 -341 422
25688: -429 -308 -345 390
25692: -429 -308 -349 422
25704: -429 -310 -361 390
25708: -429 -310 -365 422
25709: -429 -310 -366 430
25724: -429 -312 -381 422
25736: -430 -370 -329 390
25782: -430 -375 -375 438
25808: -431 -435 -337 390
25906: -432 -503 -371 406
25909: -432 -503 -374 430
25963: -489 -62 -364 478
26000: -490 -123 -337 454
26032: -490 -127 -369 454
26061: -491 -186 -334 494
26113: -492 -249 -322 462
26124: -492 -250 -333 486
26144: -492 -253 -353 454
26180: -493 -313 -325 486
26200: -493 -316 -345 454
26231: -493 -319 -376 510
26376: -496 -506 -329 454
26888: -56 -450 -393 7
26889: -56 -450 -394 15
26890: -56 -450 -395 23
26892: -56 -450 -397 39
26895: -56 -450 -400 63
26896: -56 -451 -401 7
26897: -56 -451 -402 15
26900: -56 -451 -405 39
26902: -56 -451 -407 55
26903: -56 -451 -408 63
26904: -56 -452 -409 7
26907: -56 -452 -412 31
26908: -56 -452 -413 39
26912: -56 -453 -417 7
26913: -56 -453 -418 15
26914: -56 -453 -419 23
26915: -56 -453 -420 31
26920: -56 -454 -425 7
26921: -56 -454 -426 15
26922: -56 -454 -427 23
26923: -56 -454 -428 31
26926: -56 -454 -431 55
26939: -56 -456 -444 31
26942: -56 -456 -447 55
26960: -113 -11 -401 71
26961: -113 -11 -402 79
26964: -113 -11 -405 103
26965: -113 -11 -406 111
26966: -113 -11 -407 119
27050: -114 -78 -427 87
27052: -114 -78 -429 103
27071: -114 -80 -448 127
27096: -115 -140 -409 71
27097: -115 -140 -410 79
27098: -115 -140 -411 87
27105: -115 -141 -418 79
27107: -115 -141 -420 95
27114: -115 -142 -427 87
27128: -115 -144 -441 71
27130: -115 -144 -443 87
27134: -115 -144 -447 119
27173: -116 -205 -422 111
27196: -116 -208 -445 103
27202: -117 -265 -387 87
27207: -117 -265 -392 127
27210: -117 -266 -395 87
27211: -117 -266 -396 95
27214: -117 -266 -399 119
27215: -117 -266 -400 127
27216: -117 -267 -401 71
27218: -117 -267 -403 87
27224: -117 -268 -409 71
27259: -117 -272 -444 95
27283: -118 -331 -404 95
27285: -118 -331 -406 111
27326: -118 -336 -447 119
27337: -119 -394 -394 79
27344: -119 -395 -401 71
27394: -120 -457 -387 87
27395: -120 -457 -388 95
27396: -120 -457 -389 103
27398: -120 -457 -391 119
27464: -177 -18 -393 135
27465: -177 -18 -394 143
27466: -177 -18 -395 151
27467: -177 -18 -396 159
27469: -177 -18 -398 175
27470: -177 -18 -399 183
27471: -177 -18 -400 191
27544: -178 -84 -409 135
27548: -178 -84 -413 167
27552: -178 -85 -417 135
27553: -178 -85 -418 143
27554: -178 -85 -419 151
27580: -178 -88 -445 167
27616: -179 -149 -417 135
27680: -180 -213 -417 135
27681: -180 -213 -418 143
27708: -180 -216 -445 167
27715: -181 -273 -388 159
27716: -181 -273 -389 167
27718: -181 -273 -391 183
27719: -181 -273 -392 191
27728: -181 -275 -401 135
27736: -181 -276 -409 135
27737: -181 -276 -410 143
27738: -181 -276 -411 151
27739: -181 -276 -412 159
27740: -181 -276 -413 167
27741: -181 -276 -414 175
27742: -181 -276 -415 183
27743: -181 -276 -416 191
27744: -181 -277 -417 135
27771: -181 -280 -444 159
27782: -182 -337 -391 183
27848: -183 -402 -393 135
28000: -241 -29 -417 199
28001: -241 -29 -418 207
28002: -241 -29 -419 215
28003: -241 -29 -420 223
28004: -241 -29 -421 231
28005: -241 -29 -422 239
28006: -241 -29 -423 247
28007: -241 -29 -424 255
28056: -242 -92 -409 199
28057: -242 -92 -410 207
28058: -242 -92 -411 215
28060: -242 -92 -413 231
28061: -242 -92 -414 239
28062: -242 -92 -415 247
28063: -242 -92 -416 255
28064: -242 -93 -417 199
28071: -242 -93 -424 255
28097: -243 -153 -386 207
28098: -243 -153 -387 215
28102: -243 -153 -391 247
28178: -244 -219 -403 215
28232: -245 -282 -393 199
28235: -245 -282 -396 223
28236: -245 -282 -397 231
28237: -245 -282 -398 239
28239: -245 -282 -400 255
28240: -245 -283 -401 199
28241: -245 -283 -402 207
28243: -245 -283 -404 223
28267: -245 -286 -428 223
28268: -245 -286 -429 231
28269: -245 -286 -430 239
28271: -245 -286 -432 255
28280: -245 -288 -441 199
28281: -245 -288 -442 207
28282: -245 -288 -443 215
28283: -245 -288 -444 223
28284: -245 -288 -445 231
28286: -245 -288 -447 247
28287: -245 -288 -448 255
28292: -246 -345 -389 231
28384: -247 -413 -417 199
28433: -248 -475 -402 207
28504: -305 -36 -409 263
28505: -305 -36 -410 271
28506: -305 -36 -411 279
28507: -305 -36 -412 287
28508: -305 -36 -413 295
28509: -305 -36 -414 303
28510: -305 -36 -415 311
28511: -305 -36 -416 319
28546: -306 -97 -387 279
28560: -306 -99 -401 263
28567: -306 -99 -408 319
28572: -306 -100 -413 295
28576: -306 -101 -417 263
28632: -307 -164 -409 263
28640: -307 -165 -417 263
28680: -308 -226 -393 263
28683: -308 -226 -396 287
28684: -308 -226 -397 295
28686: -308 -226 -399 311
28688: -308 -227 -401 263
28689: -308 -227 -402 271
28691: -308 -227 -404 287
28692: -308 -227 -405 295
28693: -308 -227 -406 303
28695: -308 -227 -408 319
28715: -308 -230 -428 287
28716: -308 -230 -429 295
28728: -308 -232 -441 263
28731: -308 -232 -444 287
28732: -308 -232 -445 295
28734: -308 -232 -447 311
28781: -309 -294 -430 303
28782: -309 -294 -431 311
28802: -310 -353 -387 279
28803: -310 -353 -388 287
28844: -310 -358 -429 295
28900: -311 -421 -421 295
29042: -369 -47 -435 343
29043: -369 -47 -436 351
29057: -370 -105 -386 335
29075: -370 -107 -404 351
29081: -370 -108 -410 335
29082: -370 -108 -411 343
29085: -370 -108 -414 367
29090: -370 -109 -419 343
29144: -371 -172 -409 327
29188: -372 -233 -389 359
29216: -372 -237 -417 327
29221: -372 -237 -422 367
29222: -372 -237 -423 375
29252: -373 -297 -389 359
29272: -373 -300 -409 327
29275: -373 -300 -412 351
29280: -373 -301 -417 327
29308: -373 -304 -445 359
29309: -373 -304 -446 367
29320: -374 -362 -393 327
29330: -374 -363 -403 343
29567: -433 -56 -448 447
29587: -434 -115 -404 415
29590: -434 -115 -407 439
29613: -434 -118 -430 431
29644: -435 -178 -397 423
29659: -435 -180 -412 415
29661: -435 -180 -414 431
29662: -435 -180 -415 439
29667: -435 -181 -420 415
29669: -435 -181 -422 431
29671: -435 -181 -424 447
29734: -436 -245 -423 439
29790: -437 -308 -415 439
29969: -440 -499 -402 399
29971: -440 -499 -404 415
30056: -497 -62 -425 455
30057: -497 -62 -426 463
30059: -497 -62 -428 479
30060: -497 -62 -429 487
30062: -497 -62 -431 503
30063: -497 -62 -432 511
30096: -498 -123 -401 455
30122: -498 -126 -427 471
30154: -499 -186 -395 471
30158: -499 -186 -399 503
30215: -500 -249 -392 511
30219: -500 -250 -396 479
30221: -500 -250 -398 495
30227: -500 -251 -404 479
30235: -500 -252 -412 479
30240: -500 -253 -417 455
30251: -500 -254 -428 479
30292: -501 -315 -405 487
30296: -501 -316 -409 455
30300: -501 -316 -413 487
30316: -501 -318 -429 487
30373: -502 -381 -422 495
30392: -502 -384 -441 455
30394: -502 -384 -443 471
30395: -502 -384 -444 479
30398: -502 -384 -447 503
30399: -502 -384 -448 511
30431: -503 -444 -416 511
30463: -503 -448 -448 511
30856: -62 -322 -457 8
30858: -62 -322 -459 24
30859: -62 -322 -460 32
30860: -62 -322 -461 40
30861: -62 -322 -462 48
30863: -62 -322 -464 64
30864: -62 -323 -465 8
30865: -62 -323 -466 16
30867: -62 -323 -468 32
30868: -62 -323 -469 40
30869: -62 -323 -470 48
30872: -62 -324 -473 8
30874: -62 -324 -475 24
30875: -62 -324 -476 32
30876: -62 -324 -477 40
30877: -62 -324 -478 48
30880: -62 -325 -481 8
30881: -62 -325 -482 16
30882: -62 -325 -483 24
30883: -62 -325 -484 32
30884: -62 -325 -485 40
30885: -62 -325 -486 48
30888: -62 -326 -489 8
30891: -62 -326 -492 32
30893: -62 -326 -494 48
30896: -62 -327 -497 8
30898: -62 -327 -499 24
30899: -62 -327 -500 32
30900: -62 -327 -501 40
30901: -62 -327 -502 48
31056: -121 -11 -465 72
31057: -121 -11 -466 80
31059: -121 -11 -468 96
31060: -121 -11 -469 104
31062: -121 -11 -471 120
31063: -121 -11 -472 128
31158: -122 -79 -503 120
31192: -123 -140 -473 72
31194: -123 -140 -475 88
31195: -123 -140 -476 96
31201: -123 -141 -482 80
31206: -123 -141 -487 120
31208: -123 -142 -489 72
31210: -123 -142 -491 88
31214: -123 -142 -495 120
31218: -123 -143 -499 88
31223: -123 -143 -504 128
31239: -124 -201 -456 128
31297: -125 -265 -450 80
31298: -125 -265 -451 88
31301: -125 -265 -454 112
31312: -125 -267 -465 72
31320: -125 -268 -473 72
31324: -125 -268 -477 104
31378: -126 -331 -467 88
31454: -127 -396 -479 120
31462: -127 -397 -487 120
31466: -127 -398 -491 88
31467: -127 -398 -492 96
31468: -127 -398 -493 104
31469: -127 -398 -494 112
31471: -127 -398 -496 128
31560: -185 -18 -457 136
31561: -185 -18 -458 144
31562: -185 -18 -459 152
31566: -185 -18 -463 184
31567: -185 -18 -464 192
31631: -186 -82 -464 192
31640: -186 -84 -473 136
31648: -186 -85 -481 136
31649: -186 -85 -482 144
31650: -186 -85 -483 152
31656: -186 -86 -489 136
31658: -186 -86 -491 152
31663: -186 -86 -496 192
31666: -186 -87 -499 152
31708: -187 -148 -477 168
31754: -188 -210 -459 152
31776: -188 -213 -481 136
31777: -188 -213 -482 144
31832: -189 -276 -473 136
31834: -189 -276 -475 152
31836: -189 -276 -477 168
31840: -189 -277 -481 136
31851: -189 -278 -492 160
31888: -190 -339 -465 136
31940: -191 -401 -453 168
31943: -191 -401 -456 192
31946: -191 -402 -459 152
32096: -249 -29 -481 200
32097: -249 -29 -482 208
32098: -249 -29 -483 216
32099: -249 -29 -484 224
32101: -249 -29 -486 240
32102: -249 -29 -487 248
32103: -249 -29 -488 256
32129: -250 -89 -450 208
32132: -250 -89 -453 232
32135: -250 -89 -456 256
32152: -250 -92 -473 200
32153: -250 -92 -474 208
32154: -250 -92 -475 216
32156: -250 -92 -477 232
32157: -250 -92 -478 240
32158: -250 -92 -479 248
32159: -250 -92 -480 256
32165: -250 -93 -486 240
32196: -251 -153 -453 232
32200: -251 -154 -457 200
32221: -251 -156 -478 240
32307: -252 -223 -500 224
32328: -253 -282 -457 200
32330: -253 -282 -459 216
32331: -253 -282 -460 224
32332: -253 -282 -461 232
32333: -253 -282 -462 240
32335: -253 -282 -464 256
32336: -253 -283 -465 200
32337: -253 -283 -466 208
32339: -253 -283 -468 224
32340: -253 -283 -469 232
32360: -253 -286 -489 200
32361: -253 -286 -490 208
32363: -253 -286 -492 224
32364: -253 -286 -493 232
32365: -253 -286 -494 240
32366: -253 -286 -495 248
32367: -253 -286 -496 256
32368: -253 -287 -497 200
32371: -253 -287 -500 224
32372: -253 -287 -501 232
32375: -253 -287 -504 256
32387: -254 -345 -452 224
32472: -255 -412 -473 200
32539: -256 -476 -476 224
32544: -256 -477 -481 200
32600: -313 -36 -473 264
32602: -313 -36 -475 280
32603: -313 -36 -476 288
32604: -313 -36 -477 296
32606: -313 -36 -479 312
32607: -313 -36 -480 320
32641: -314 -97 -450 272
32642: -314 -97 -451 280
32643: -314 -97 -452 288
32645: -314 -97 -454 304
32647: -314 -97 -456 320
32656: -314 -99 -465 264
32664: -314 -100 -473 264
32665: -314 -100 -474 272
32671: -314 -100 -480 320
32672: -314 -101 -481 264
32679: -314 -101 -488 320
32776: -316 -226 -457 264
32779: -316 -226 -460 288
32784: -316 -227 -465 264
32785: -316 -227 -466 272
32787: -316 -227 -468 288
32788: -316 -227 -469 296
32790: -316 -227 -471 312
32797: -316 -228 -478 304
32799: -316 -228 -480 320
32809: -316 -230 -490 272
32811: -316 -230 -492 288
32812: -316 -230 -493 296
32813: -316 -230 -494 304
32814: -316 -230 -495 312
32816: -316 -231 -497 264
32818: -316 -231 -499 280
32819: -316 -231 -500 288
32820: -316 -231 -501 296
32821: -316 -231 -502 304
32822: -316 -231 -503 312
32823: -316 -231 -504 320
32883: -317 -295 -500 288
32886: -317 -295 -503 312
32900: -318 -353 -453 296
32903: -318 -353 -456 320
32992: -319 -421 -481 264
33005: -319 -422 -494 304
33032: -320 -482 -457 264
33048: -320 -484 -473 264
33060: -320 -485 -485 296
33072: -320 -487 -497 264
33136: -377 -47 -497 328
33137: -377 -47 -498 336
33139: -377 -47 -500 352
33141: -377 -47 -502 368
33142: -377 -47 -503 376
33143: -377 -47 -504 384
33177: -378 -108 -474 336
33201: -378 -111 -498 336
33224: -379 -170 -457 328
33234: -379 -171 -467 344
33240: -379 -172 -473 328
33283: -380 -233 -452 352
33312: -380 -237 -481 328
33313: -380 -237 -482 336
33331: -380 -239 -500 352
33349: -381 -297 -454 368
33356: -381 -298 -461 360
33364: -381 -299 -469 360
33368: -381 -300 -473 328
33372: -381 -300 -477 360
33378: -381 -301 -483 344
33396: -381 -303 -501 360
33401: -381 -304 -506 336
33494: -383 -427 -471 376
33496: -383 -428 -473 328
33502: -383 -428 -479 376
33504: -383 -429 -481 328
33574: -384 -493 -487 376
33581: -384 -494 -494 368
33660: -441 -56 -509 424
33738: -443 -178 -459 408
33804: -444 -242 -461 424
33824: -444 -245 -481 392
33860: -445 -305 -453 424
33880: -445 -308 -473 392
33882: -445 -308 -475 408
33902: -445 -310 -495 440
33927: -446 -369 -456 448
34062: -448 -498 -463 440
34153: -505 -62 -490 464
34184: -506 -122 -457 456
34199: -506 -123 -472 512
34264: -507 -188 -473 456
34278: -507 -189 -487 504
34292: -507 -191 -501 488
34467: -510 -381 -484 480
35358: -89 -68 -207 52
35359: -89 -68 -208 60
35371: -89 -70 -332 28
35429: -97 -69 -270 45
35430: -97 -69 -271 53
35431: -97 -69 -272 61
35436: -97 -70 -333 37
35437: -97 -70 -334 45
35452: -97 -72 -461 37
35483: -105 -68 -204 30
35484: -105 -68 -205 38
35509: -105 -71 -398 46
35547: -113 -68 -204 31
35548: -113 -68 -205 39
35551: -113 -68 -208 63
35612: -121 -68 -205 40
35883: -153 -134 -340 28
35893: -153 -135 -406 44
35897: -153 -136 -466 12
35899: -153 -136 -468 28
35902: -153 -136 -471 52
35932: -161 -132 -213 37
35935: -161 -132 -216 61
35937: -161 -133 -274 13
35942: -161 -133 -279 53
35948: -161 -134 -341 37
35951: -161 -134 -344 61
35957: -161 -135 -406 45
35958: -161 -135 -407 53
35964: -161 -136 -469 37
36027: -169 -136 -468 30
36028: -169 -136 -469 38
36070: -177 -133 -279 55
36071: -177 -133 -280 63
36238: -201 -194 -95 50
36239: -201 -194 -96 58
36246: -201 -195 -159 50
36268: -201 -198 -349 34
36270: -201 -198 -351 50
36271: -201 -198 -352 58
36277: -201 -199 -414 42
36302: -209 -194 -95 51
36334: -209 -198 -351 51
36335: -209 -198 -352 59
36414: -217 -200 -479 52
36490: -233 -194 -91 22
36498: -233 -195 -155 22
36502: -233 -195 -159 54
36522: -233 -198 -347 22
36525: -233 -198 -350 46
36526: -233 -198 -351 54
36533: -233 -199 -414 46
36534: -233 -199 -415 54
36554: -241 -194 -91 23
36566: -241 -195 -159 55
36596: -241 -199 -413 39
36598: -241 -199 -415 55
36618: -249 -194 -91 24
36756: -265 -259 -165 34
36777: -265 -262 -354 10
36793: -265 -264 -482 10
36798: -265 -264 -487 50
36814: -273 -258 -103 51
36815: -273 -258 -104 59
36818: -273 -259 -163 19
36853: -273 -263 -422 43
36860: -273 -264 -485 35
36862: -273 -264 -487 51
36874: -281 -258 -99 20
36881: -281 -259 -162 12
36945: -289 -259 -162 13
37010: -297 -259 -163 22
37033: -297 -262 -354 14
37038: -297 -262 -359 54
37041: -297 -263 -418 14
37045: -297 -263 -422 46
37067: -305 -258 -100 31
37073: -305 -259 -162 15
37075: -305 -259 -164 31
37078: -305 -259 -167 55
37079: -305 -259 -168 63
37097: -305 -262 -354 15
37098: -305 -262 -355 23
37102: -305 -262 -359 55
37103: -305 -262 -360 63
37106: -305 -263 -419 23
37107: -305 -263 -420 31
37111: -305 -263 -424 63
37118: -305 -264 -487 55
37137: -313 -259 -162 16
37138: -313 -259 -163 24
37139: -313 -259 -164 32
37167: -313 -262 -360 64
37267: -329 -323 -172 26
37273: -329 -324 -234 10
37338: -337 -324 -235 19
37366: -337 -327 -431 51
37386: -345 -322 -107 20
37387: -345 -322 -108 28
37395: -345 -323 -172 28
37414: -345 -325 -303 52
37427: -345 -327 -428 28
37449: -353 -322 -106 13
37450: -353 -322 -107 21
37470: -353 -324 -239 53
37471: -353 -324 -240 61
37495: -353 -327 -432 61
37544: -361 -326 -361 6
37645: -377 -322 -110 48
37785: -393 -388 -242 10
37788: -393 -388 -245 34
37839: -401 -386 -120 59
37852: -401 -388 -245 35
37859: -401 -389 -308 27
37898: -409 -386 -115 20
37927: -409 -389 -312 60
37962: -417 -386 -115 21
37972: -417 -387 -181 37
37977: -417 -388 -242 13
38180: -441 -389 -309 40
38294: -457 -451 -191 50
38297: -457 -452 -250 10
38300: -457 -452 -253 34
38305: -457 -453 -314 10
38346: -465 -450 -123 19
38349: -465 -450 -126 43
38350: -465 -450 -127 51
38364: -465 -452 -253 35
38411: -473 -450 -124 28
38419: -473 -451 -188 28
38437: -473 -453 -318 44
38438: -473 -453 -319 52
38443: -473 -454 -380 28
38493: -481 -452 -254 45
38508: -481 -454 -381 37
38866: -18 -11 -131 83
38867: -18 -11 -132 91
38868: -18 -11 -133 99
38869: -18 -11 -134 107
38870: -18 -11 -135 115
38871: -18 -11 -136 123
39362: -82 -73 -11 83
39426: -90 -73 -11 84
39490: -98 -73 -11 85
39554: -106 -73 -11 86
39587: -106 -77 -268 94
39602: -106 -79 -395 86
39604: -106 -79 -397 102
39605: -106 -79 -398 110
39651: -114 -77 -268 95
39662: -114 -78 -335 119
39715: -122 -77 -268 96
39733: -122 -79 -398 112
39963: -154 -140 -212 92
39964: -154 -140 -213 100
39965: -154 -140 -214 108
39966: -154 -140 -215 116
39967: -154 -140 -216 124
39969: -154 -141 -274 76
39971: -154 -141 -276 92
39974: -154 -141 -279 116
39975: -154 -141 -280 124
39977: -154 -142 -338 76
39978: -154 -142 -339 84
39979: -154 -142 -340 92
39980: -154 -142 -341 100
39982: -154 -142 -343 116
39983: -154 -142 -344 124
39985: -154 -143 -402 76
39986: -154 -143 -403 84
39993: -154 -144 -466 76
39994: -154 -144 -467 84
40001: -162 -137 -18 77
40025: -162 -140 -210 77
40036: -162 -141 -277 101
40037: -162 -141 -278 109
40038: -162 -141 -279 117
40039: -162 -141 -280 125
40041: -162 -142 -338 77
40042: -162 -142 -339 85
40050: -162 -143 -403 85
40059: -162 -144 -468 93
40062: -162 -144 -471 117
40111: -170 -142 -344 126
40114: -170 -143 -403 86
40121: -170 -144 -466 78
40126: -170 -144 -471 118
40163: -178 -141 -276 95
40169: -178 -142 -338 79
40182: -178 -143 -407 119
40183: -178 -143 -408 127
40186: -178 -144 -467 87
40190: -178 -144 -471 119
40218: -186 -140 -211 88
40220: -186 -140 -213 104
40233: -186 -142 -338 80
40234: -186 -142 -339 88
40239: -186 -142 -344 128
40241: -186 -143 -402 80
40242: -186 -143 -403 88
40245: -186 -143 -406 112
40252: -186 -144 -469 104
40260: -194 -201 -29 97
40272: -194 -203 -153 65
40274: -194 -203 -155 81
40276: -194 -203 -157 97
40290: -194 -205 -283 81
40293: -194 -205 -286 105
40295: -194 -205 -288 121
40296: -194 -206 -345 65
40299: -194 -206 -348 89
40303: -194 -206 -352 121
40307: -194 -207 -412 89
40312: -194 -208 -473 65
40314: -194 -208 -475 81
40315: -194 -208 -476 89
40316: -194 -208 -477 97
40317: -194 -208 -478 105
40318: -194 -208 -479 113
40328: -202 -202 -89 66
40330: -202 -202 -91 82
40331: -202 -202 -92 90
40332: -202 -202 -93 98
40333: -202 -202 -94 106
40334: -202 -202 -95 114
40388: -210 -201 -29 99
40403: -210 -203 -156 91
40410: -210 -204 -219 83
40417: -210 -205 -282 75
40418: -210 -205 -283 83
40421: -210 -205 -286 107
40422: -210 -205 -287 115
40423: -210 -205 -288 123
40424: -210 -206 -345 67
40434: -210 -207 -411 83
40440: -210 -208 -473 67
40452: -218 -201 -29 100
40482: -218 -205 -283 84
40485: -218 -205 -286 108
40488: -218 -206 -345 68
40516: -226 -201 -29 101
40528: -226 -203 -153 69
40530: -226 -203 -155 85
40531: -226 -203 -156 93
40532: -226 -203 -157 101
40546: -226 -205 -283 85
40549: -226 -205 -286 109
40550: -226 -205 -287 117
40551: -226 -205 -288 125
40563: -226 -207 -412 93
40571: -226 -208 -476 93
40580: -234 -201 -29 102
40622: -234 -206 -351 118
40628: -234 -207 -413 102
40644: -242 -201 -29 103
40708: -250 -201 -29 104
40771: -258 -265 -36 89
40784: -258 -267 -161 65
40786: -258 -267 -163 81
40787: -258 -267 -164 89
40794: -258 -268 -227 81
40795: -258 -268 -228 89
40797: -258 -268 -230 105
40799: -258 -268 -232 121
40802: -258 -269 -291 81
40808: -258 -270 -353 65
40812: -258 -270 -357 97
40820: -258 -271 -421 97
40821: -258 -271 -422 105
40828: -258 -272 -485 97
40840: -266 -266 -97 66
40842: -266 -266 -99 82
40843: -266 -266 -100 90
40899: -274 -265 -36 91
40922: -274 -268 -227 83
40925: -274 -268 -230 107
40927: -274 -268 -232 123
40936: -274 -270 -353 67
40963: -282 -265 -36 92
40976: -282 -267 -161 68
40979: -282 -267 -164 92
40986: -282 -268 -227 84
40987: -282 -268 -228 92
40989: -282 -268 -230 108
40990: -282 -268 -231 116
40991: -282 -268 -232 124
40999: -282 -269 -296 124
41003: -282 -270 -356 92
41019: -282 -272 -484 92
41027: -290 -265 -36 93
41043: -290 -267 -164 93
41050: -290 -268 -227 85
41053: -290 -268 -230 109
41054: -290 -268 -231 117
41055: -290 -268 -232 125
41057: -290 -269 -290 77
41091: -298 -265 -36 94
41114: -298 -268 -227 86
41117: -298 -268 -230 110
41122: -298 -269 -291 86
41155: -306 -265 -36 95
41178: -306 -268 -227 87
41192: -306 -270 -353 71
41204: -306 -271 -421 103
41219: -314 -265 -36 96
41242: -314 -268 -227 88
41286: -322 -329 -47 113
41296: -322 -331 -169 65
41298: -322 -331 -171 81
41308: -322 -332 -237 97
41312: -322 -333 -297 65
41315: -322 -333 -300 89
41333: -322 -335 -430 105
41352: -330 -330 -105 66
41354: -330 -330 -107 82
41355: -330 -330 -108 90
41358: -330 -330 -111 114
41359: -330 -330 -112 122
41414: -338 -329 -47 115
41436: -338 -332 -237 99
41478: -346 -329 -47 116
41492: -346 -331 -173 100
41507: -346 -333 -300 92
41514: -346 -334 -363 84
41542: -354 -329 -47 117
41553: -354 -331 -170 77
41564: -354 -332 -237 101
41568: -354 -333 -297 69
41606: -362 -329 -47 118
41656: -362 -336 -489 70
41734: -378 -329 -47 120
41799: -386 -393 -56 121
41810: -386 -395 -179 81
41820: -386 -396 -245 97
41827: -386 -397 -308 89
41848: -386 -400 -497 65
41864: -394 -394 -113 66
41866: -394 -394 -115 82
41869: -394 -394 -118 106
41871: -394 -394 -120 122
41927: -402 -393 -56 123
41991: -410 -393 -56 124
42002: -410 -395 -179 84
42004: -410 -395 -181 100
42019: -410 -397 -308 92
42055: -418 -393 -56 125
42076: -418 -396 -245 101
42080: -418 -397 -305 69
42110: -418 -400 -503 117
42119: -426 -393 -56 126
42130: -426 -395 -179 86
42247: -442 -393 -56 128
42309: -450 -457 -62 105
42322: -450 -459 -187 81
42332: -450 -460 -253 97
42376: -458 -458 -121 66
42377: -458 -458 -122 74
42378: -458 -458 -123 82
42379: -458 -458 -124 90
42380: -458 -458 -125 98
42381: -458 -458 -126 106
42382: -458 -458 -127 114
42383: -458 -458 -128 122
42437: -466 -457 -62 107
42531: -474 -461 -316 92
42549: -474 -463 -446 108
42565: -482 -457 -62 109
42588: -482 -460 -253 101
42629: -490 -457 -62 110
42693: -498 -457 -62 111
42757: -506 -457 -62 112
42889: -11 -18 -66 138
42891: -11 -18 -68 154
42892: -11 -18 -69 162
42893: -11 -18 -70 170
42894: -11 -18 -71 178
42895: -11 -18 -72 186
43522: -91 -81 -11 148
43582: -91 -88 -463 180
43586: -99 -81 -11 149
43625: -99 -86 -330 141
43634: -99 -87 -395 149
43637: -99 -87 -398 173
43641: -99 -88 -458 141
43642: -99 -88 -459 149
43674: -107 -84 -203 150
43681: -107 -85 -266 142
43682: -107 -85 -267 150
43697: -107 -87 -394 142
43698: -107 -87 -395 150
43706: -107 -88 -459 150
43745: -115 -85 -266 143
43746: -115 -85 -267 151
43754: -115 -86 -331 151
43757: -115 -86 -334 175
43765: -115 -87 -398 175
43769: -115 -88 -458 143
43770: -115 -88 -459 151
43774: -115 -88 -463 183
43809: -123 -85 -266 144
43810: -123 -85 -267 152
43812: -123 -85 -269 168
43814: -123 -85 -271 184
43818: -123 -86 -331 152
43823: -123 -86 -336 192
43826: -123 -87 -395 152
43829: -123 -87 -398 176
43830: -123 -87 -399 184
43858: -131 -147 -147 145
43905: -139 -145 -18 138
44033: -155 -145 -18 140
44067: -155 -149 -276 156
44080: -155 -151 -401 132
44097: -163 -145 -18 141
44114: -163 -147 -147 149
44124: -163 -148 -213 165
44161: -171 -145 -18 142
44188: -171 -148 -213 166
44189: -171 -148 -214 174
44193: -171 -149 -274 142
44195: -171 -149 -276 158
44225: -179 -145 -18 143
44259: -179 -149 -276 159
44267: -179 -150 -340 159
44286: -179 -152 -471 183
44289: -187 -145 -18 144
44316: -187 -148 -213 168
44323: -187 -149 -276 160
44337: -187 -151 -402 144
44341: -187 -151 -406 176
44356: -195 -209 -29 161
44363: -195 -210 -92 153
44364: -195 -210 -93 161
44381: -195 -212 -222 169
44385: -195 -213 -282 137
44389: -195 -213 -286 169
44390: -195 -213 -287 177
44394: -195 -214 -347 145
44395: -195 -214 -348 153
44400: -195 -215 -409 129
44401: -195 -215 -410 137
44402: -195 -215 -411 145
44403: -195 -215 -412 153
44405: -195 -215 -414 169
44410: -195 -216 -475 145
44411: -195 -216 -476 153
44420: -203 -209 -29 162
44441: -203 -212 -218 138
44449: -203 -213 -282 138
44453: -203 -213 -286 170
44454: -203 -213 -287 178
44455: -203 -213 -288 186
44456: -203 -214 -345 130
44478: -203 -216 -479 178
44497: -211 -211 -154 139
44499: -211 -211 -156 155
44500: -211 -211 -157 163
44501: -211 -211 -158 171
44548: -219 -209 -29 164
44570: -219 -212 -219 148
44577: -219 -213 -282 140
44581: -219 -213 -286 172
44582: -219 -213 -287 180
44583: -219 -213 -288 188
44612: -227 -209 -29 165
44619: -227 -210 -92 157
44641: -227 -213 -282 141
44645: -227 -213 -286 173
44646: -227 -213 -287 181
44647: -227 -213 -288 189
44651: -227 -214 -348 157
44660: -227 -215 -413 165
44664: -227 -216 -473 133
44667: -227 -216 -476 157
44676: -235 -209 -29 166
44696: -235 -212 -217 134
44705: -235 -213 -282 142
44740: -243 -209 -29 167
44769: -243 -213 -282 143
44776: -243 -214 -345 135
44804: -251 -209 -29 168
44824: -251 -212 -217 136
44833: -251 -213 -282 144
44867: -259 -273 -36 153
44872: -259 -274 -97 129
44873: -259 -274 -98 137
44875: -259 -274 -100 153
44889: -259 -276 -226 137
44891: -259 -276 -228 153
44893: -259 -276 -230 169
44894: -259 -276 -231 177
44904: -259 -278 -353 129
44916: -259 -279 -421 161
44921: -259 -280 -482 137
44924: -259 -280 -485 161
44931: -267 -273 -36 154
44953: -267 -276 -226 138
44958: -267 -276 -231 178
44959: -267 -276 -232 186
45008: -275 -275 -161 131
45009: -275 -275 -162 139
45010: -275 -275 -163 147
45011: -275 -275 -164 155
45013: -275 -275 -166 171
45014: -275 -275 -167 179
45015: -275 -275 -168 187
45059: -283 -273 -36 156
45064: -283 -274 -97 132
45067: -283 -274 -100 156
45068: -283 -274 -101 164
45086: -283 -276 -231 180
45095: -283 -277 -296 188
45096: -283 -278 -353 132
45108: -283 -279 -421 164
45123: -291 -273 -36 157
45128: -291 -274 -97 133
45145: -291 -276 -226 141
45149: -291 -276 -230 173
45150: -291 -276 -231 181
45154: -291 -277 -291 149
45161: -291 -278 -354 141
45187: -299 -273 -36 158
45217: -299 -277 -290 142
45251: -307 -273 -36 159
45288: -307 -278 -353 135
45382: -323 -337 -47 177
45385: -323 -338 -106 137
45404: -323 -340 -237 161
45408: -323 -341 -297 129
45411: -323 -341 -300 153
45415: -323 -341 -304 185
45446: -331 -337 -47 178
45520: -339 -339 -169 131
45521: -339 -339 -170 139
45522: -339 -339 -171 147
45523: -339 -339 -172 155
45524: -339 -339 -173 163
45527: -339 -339 -176 187
45574: -347 -337 -47 180
45592: -347 -340 -233 132
45596: -347 -340 -237 164
45600: -347 -341 -297 132
45603: -347 -341 -300 156
45638: -355 -337 -47 181
45643: -355 -338 -108 157
45660: -355 -340 -237 165
45664: -355 -341 -297 133
45667: -355 -341 -300 157
45673: -355 -342 -362 141
45683: -355 -343 -428 157
45702: -363 -337 -47 182
45731: -363 -341 -300 158
45766: -371 -337 -47 183
45771: -371 -338 -108 159
45830: -379 -337 -47 184
45835: -379 -338 -108 160
45848: -379 -340 -233 136
45895: -387 -401 -56 185
45899: -387 -402 -116 153
45916: -387 -404 -245 161
45920: -387 -405 -305 129
45923: -387 -405 -308 153
45932: -387 -406 -373 161
45950: -387 -408 -503 177
46032: -403 -403 -177 131
46033: -403 -403 -178 139
46035: -403 -403 -180 155
46036: -403 -403 -181 163
46038: -403 -403 -183 179
46087: -411 -401 -56 188
46115: -411 -405 -308 156
46151: -419 -401 -56 189
46168: -419 -404 -241 133
46172: -419 -404 -245 165
46176: -419 -405 -305 133
46179: -419 -405 -308 157
46215: -427 -401 -56 190
46279: -435 -401 -56 191
46405: -451 -465 -62 169
46428: -451 -468 -253 161
46469: -459 -465 -62 170
46544: -467 -467 -185 131
46545: -467 -467 -186 139
46547: -467 -467 -188 155
46548: -467 -467 -189 163
46597: -475 -465 -62 172
46620: -475 -468 -253 164
46627: -475 -469 -316 156
46661: -483 -465 -62 173
46684: -483 -468 -253 165
46691: -483 -469 -316 157
46748: -491 -468 -253 166
46789: -499 -465 -62 175
46797: -499 -466 -126 175
46853: -507 -465 -62 176
47201: -36 -29 -258 205
47202: -36 -29 -259 213
47204: -36 -29 -261 229
47205: -36 -29 -262 237
47206: -36 -29 -263 245
47207: -36 -29 -264 253
47426: -68 -89 -11 209
47444: -68 -91 -141 225
47446: -68 -91 -143 241
47447: -68 -91 -144 249
47458: -68 -93 -267 209
47465: -68 -94 -330 201
47473: -68 -95 -394 201
47477: -68 -95 -398 233
47481: -68 -96 -458 201
47490: -76 -89 -11 210
47510: -76 -91 -143 242
47544: -76 -96 -457 194
47548: -76 -96 -461 226
47554: -84 -89 -11 211
47571: -84 -91 -140 219
47572: -84 -91 -141 227
47573: -84 -91 -142 235
47574: -84 -91 -143 243
47575: -84 -91 -144 251
47584: -84 -93 -265 195
47640: -92 -92 -201 196
47642: -92 -92 -203 212
47645: -92 -92 -206 236
47646: -92 -92 -207 244
47647: -92 -92 -208 252
47682: -100 -89 -11 213
47701: -100 -91 -142 237
47702: -100 -91 -143 245
47703: -100 -91 -144 253
47732: -100 -95 -397 229
47736: -100 -96 -457 197
47740: -100 -96 -461 229
47746: -108 -89 -11 214
47787: -108 -94 -332 222
47788: -108 -94 -333 230
47793: -108 -95 -394 206
47810: -116 -89 -11 215
47852: -116 -94 -333 231
47874: -124 -89 -11 216
47892: -124 -91 -141 232
47894: -124 -91 -143 248
47914: -124 -94 -331 216
47916: -124 -94 -333 232
47925: -124 -95 -398 240
47937: -132 -153 -18 201
47945: -132 -154 -82 201
47948: -132 -154 -85 225
47949: -132 -154 -86 233
47950: -132 -154 -87 241
47951: -132 -154 -88 249
47969: -132 -157 -274 201
47984: -132 -159 -401 193
47987: -132 -159 -404 217
47994: -132 -160 -467 209
47998: -132 -160 -471 241
48001: -140 -153 -18 202
48009: -140 -154 -82 202
48012: -140 -154 -85 226
48013: -140 -154 -86 234
48014: -140 -154 -87 242
48015: -140 -154 -88 250
48034: -140 -157 -275 210
48065: -148 -153 -18 203
48076: -148 -154 -85 227
48077: -148 -154 -86 235
48079: -148 -154 -88 251
48122: -148 -160 -467 211
48152: -156 -156 -209 196
48156: -156 -156 -213 228
48157: -156 -156 -214 236
48158: -156 -156 -215 244
48159: -156 -156 -216 252
48193: -164 -153 -18 205
48204: -164 -154 -85 229
48205: -164 -154 -86 237
48206: -164 -154 -87 245
48207: -164 -154 -88 253
48213: -164 -155 -150 237
48239: -164 -158 -344 253
48240: -164 -159 -401 197
48251: -164 -160 -468 221
48254: -164 -160 -471 245
48257: -172 -153 -18 206
48297: -172 -158 -338 206
48321: -180 -153 -18 207
48332: -180 -154 -85 231
48341: -180 -155 -150 239
48356: -180 -157 -277 231
48369: -180 -159 -402 207
48385: -188 -153 -18 208
48396: -188 -154 -85 232
48404: -188 -155 -149 232
48406: -188 -155 -151 248
48420: -188 -157 -277 232
48432: -188 -159 -401 200
48532: -204 -219 -157 226
48580: -212 -217 -29 227
48586: -212 -218 -91 211
48616: -212 -222 -345 195
48638: -212 -224 -479 243
48784: -236 -219 -153 198
48828: -236 -224 -477 230
48836: -244 -217 -29 231
48859: -244 -220 -220 223
48894: -244 -224 -479 247
48900: -252 -217 -29 232
48944: -252 -223 -409 200
49027: -268 -281 -36 218
49034: -268 -282 -99 210
49037: -268 -282 -102 234
49039: -268 -282 -104 250
49041: -268 -283 -162 202
49042: -268 -283 -163 210
49043: -268 -283 -164 218
49046: -268 -283 -167 242
49067: -268 -286 -356 218
49068: -268 -286 -357 226
49071: -268 -286 -360 250
49075: -268 -287 -420 218
49076: -268 -287 -421 226
49077: -268 -287 -422 234
49081: -268 -288 -482 202
49083: -268 -288 -484 218
49084: -268 -288 -485 226
49097: -276 -282 -98 203
49098: -276 -282 -99 211
49132: -276 -286 -357 227
49139: -276 -287 -420 219
49140: -276 -287 -421 227
49147: -276 -288 -484 219
49289: -300 -282 -98 206
49290: -300 -282 -99 214
49291: -300 -282 -100 222
49297: -300 -283 -162 206
49299: -300 -283 -164 222
49300: -300 -283 -165 230
49327: -300 -286 -360 254
49331: -300 -287 -420 222
49332: -300 -287 -421 230
49333: -300 -287 -422 238
49339: -300 -288 -484 222
49340: -300 -288 -485 230
49342: -300 -288 -487 246
49347: -308 -281 -36 223
49388: -308 -286 -357 231
49389: -308 -286 -358 239
49394: -308 -287 -419 215
49403: -308 -288 -484 223
49404: -308 -288 -485 231
49419: -316 -282 -100 224
49428: -316 -283 -165 232
49451: -316 -286 -356 224
49452: -316 -286 -357 232
49455: -316 -286 -360 256
49458: -316 -287 -419 216
49461: -316 -287 -422 240
49470: -316 -288 -487 248
49478: -324 -345 -47 241
49482: -324 -346 -107 209
49487: -324 -346 -112 249
49488: -324 -347 -169 193
49508: -324 -349 -301 225
49520: -324 -351 -425 193
49528: -324 -352 -489 193
49542: -332 -345 -47 242
49547: -332 -346 -108 218
49553: -332 -347 -170 202
49606: -340 -345 -47 243
49608: -340 -346 -105 195
49610: -340 -346 -107 211
49616: -340 -347 -169 195
49617: -340 -347 -170 203
49633: -340 -349 -298 203
49639: -340 -349 -304 251
49688: -348 -348 -233 196
49689: -348 -348 -234 204
49690: -348 -348 -235 212
49692: -348 -348 -237 228
49694: -348 -348 -239 244
49734: -356 -345 -47 245
49738: -356 -346 -107 213
49745: -356 -347 -170 205
49798: -364 -345 -47 246
49811: -364 -347 -172 222
49842: -364 -351 -427 214
49862: -372 -345 -47 247
49875: -372 -347 -172 223
49926: -380 -345 -47 248
49991: -388 -409 -56 249
50020: -388 -413 -309 225
50028: -388 -414 -373 225
50064: -396 -411 -177 194
50119: -404 -409 -56 251
50120: -404 -410 -113 195
50121: -404 -410 -114 203
50122: -404 -410 -115 211
50132: -404 -411 -181 227
50144: -404 -413 -305 195
50162: -404 -415 -435 211
50200: -412 -412 -241 196
50203: -412 -412 -244 220
50204: -412 -412 -245 228
50206: -412 -412 -247 244
50247: -420 -409 -56 253
50311: -428 -409 -56 254
50366: -428 -416 -503 246
50375: -436 -409 -56 255
50441: -444 -410 -114 208
50448: -444 -411 -177 200
50501: -452 -473 -62 233
50532: -452 -477 -317 225
50548: -452 -479 -445 225
50565: -460 -473 -62 234
50629: -468 -473 -62 235
50634: -468 -474 -123 211
50671: -468 -478 -384 251
50716: -476 -476 -253 228
50757: -484 -473 -62 237
50766: -484 -474 -127 245
50800: -484 -479 -441 197
50826: -492 -474 -123 214
50885: -500 -473 -62 239
50890: -500 -474 -123 215
50913: -500 -477 -314 207
50949: -508 -473 -62 240
51225: -29 -36 -194 268
51226: -29 -36 -195 276
51227: -29 -36 -196 284
51229: -29 -36 -198 300
51230: -29 -36 -199 308
51231: -29 -36 -200 316
51522: -69 -97 -11 273
51541: -69 -99 -142 297
51543: -69 -99 -144 313
51545: -69 -100 -202 265
51586: -77 -97 -11 274
51596: -77 -98 -77 290
51603: -77 -99 -140 282
51605: -77 -99 -142 298
51607: -77 -99 -144 314
51650: -85 -97 -11 275
51659: -85 -98 -76 283
51667: -85 -99 -140 283
51669: -85 -99 -142 299
51670: -85 -99 -143 307
51671: -85 -99 -144 315
51672: -85 -100 -201 259
51673: -85 -100 -202 267
51689: -85 -102 -330 267
51696: -85 -103 -393 259
51697: -85 -103 -394 267
51698: -85 -103 -395 275
51704: -85 -104 -457 259
51705: -85 -104 -458 267
51714: -93 -97 -11 276
51731: -93 -99 -140 284
51759: -93 -102 -336 316
51808: -101 -101 -265 261
51810: -101 -101 -267 277
51811: -101 -101 -268 285
51813: -101 -101 -270 301
51814: -101 -101 -271 309
51842: -109 -97 -11 278
51859: -109 -99 -140 286
51906: -117 -97 -11 279
51915: -117 -98 -76 287
51923: -117 -99 -140 287
51931: -117 -100 -204 287
51970: -125 -97 -11 280
52021: -125 -103 -398 304
52033: -133 -161 -18 265
52043: -133 -162 -84 281
52045: -133 -162 -86 297
52047: -133 -162 -88 313
52056: -133 -164 -209 257
52080: -133 -167 -401 257
52082: -133 -167 -403 273
52090: -133 -168 -467 273
52091: -133 -168 -468 281
52097: -141 -161 -18 266
52107: -141 -162 -84 282
52110: -141 -162 -87 306
52111: -141 -162 -88 314
52120: -141 -164 -209 258
52137: -141 -166 -338 266
52138: -141 -166 -339 274
52144: -141 -167 -401 258
52145: -141 -167 -402 266
52161: -149 -161 -18 267
52171: -149 -162 -84 283
52180: -149 -163 -149 291
52208: -149 -167 -401 259
52225: -157 -161 -18 268
52235: -157 -162 -84 284
52245: -157 -163 -150 300
52246: -157 -163 -151 308
52247: -157 -163 -152 316
52267: -157 -166 -340 284
52276: -157 -167 -405 292
52281: -157 -168 -466 268
52282: -157 -168 -467 276
52284: -157 -168 -469 292
52320: -165 -165 -273 261
52321: -165 -165 -274 269
52323: -165 -165 -276 285
52325: -165 -165 -278 301
52327: -165 -165 -280 317
52353: -173 -161 -18 270
52363: -173 -162 -84 286
52400: -173 -167 -401 262
52417: -181 -161 -18 271
52427: -181 -162 -84 287
52463: -181 -166 -344 319
52481: -189 -161 -18 272
52491: -189 -162 -84 288
52499: -189 -163 -148 288
52507: -189 -164 -212 288
52618: -205 -226 -91 274
52620: -205 -226 -93 290
52651: -205 -230 -348 282
52652: -205 -230 -349 290
52655: -205 -230 -352 314
52659: -205 -231 -412 282
52660: -205 -231 -413 290
52667: -205 -232 -476 282
52668: -205 -232 -477 290
52670: -205 -232 -479 306
52690: -213 -227 -155 275
52691: -213 -227 -156 283
52693: -213 -227 -158 299
52694: -213 -227 -159 307
52695: -213 -227 -160 315
52715: -213 -230 -348 283
52716: -213 -230 -349 291
52723: -213 -231 -412 283
52724: -213 -231 -413 291
52730: -213 -232 -475 275
52731: -213 -232 -476 283
52732: -213 -232 -477 291
52734: -213 -232 -479 307
52874: -237 -226 -91 278
52876: -237 -226 -93 294
52884: -237 -227 -157 294
52905: -237 -230 -346 270
52915: -237 -231 -412 286
52916: -237 -231 -413 294
52917: -237 -231 -414 302
52924: -237 -232 -477 294
52926: -237 -232 -479 310
52939: -245 -226 -92 287
52948: -245 -227 -157 295
52971: -245 -230 -348 287
52972: -245 -230 -349 295
52973: -245 -230 -350 303
52978: -245 -231 -411 279
52981: -245 -231 -414 303
52988: -245 -232 -477 295
53011: -253 -227 -156 288
53012: -253 -227 -157 296
53035: -253 -230 -348 288
53036: -253 -230 -349 296
53039: -253 -230 -352 320
53046: -253 -231 -415 312
53049: -253 -232 -474 272
53054: -253 -232 -479 312
53092: -261 -293 -293 289
53156: -269 -293 -293 290
53187: -277 -289 -36 283
53194: -277 -290 -99 275
53232: -277 -295 -417 259
53240: -277 -296 -481 259
53242: -277 -296 -483 275
53379: -301 -289 -36 286
53384: -301 -290 -97 262
53386: -301 -290 -99 278
53387: -301 -290 -100 286
53395: -301 -291 -164 286
53425: -301 -295 -418 270
53426: -301 -295 -419 278
53427: -301 -295 -420 286
53434: -301 -296 -483 278
53435: -301 -296 -484 286
53450: -309 -290 -99 279
53483: -309 -294 -356 287
53502: -309 -296 -487 311
53507: -317 -289 -36 288
53521: -317 -291 -162 272
53540: -317 -293 -293 296
53574: -325 -353 -47 305
53578: -325 -354 -107 273
53583: -325 -354 -112 313
53584: -325 -355 -169 257
53627: -325 -360 -492 281
53629: -325 -360 -494 297
53638: -333 -353 -47 306
53648: -333 -355 -169 258
53649: -333 -355 -170 266
53656: -333 -356 -233 258
53702: -341 -353 -47 307
53706: -341 -354 -107 275
53720: -341 -356 -233 259
53737: -341 -358 -362 267
53766: -349 -353 -47 308
53781: -349 -355 -174 300
53856: -357 -357 -297 261
53857: -357 -357 -298 269
53859: -357 -357 -300 285
53860: -357 -357 -301 293
53894: -365 -353 -47 310
53962: -373 -354 -107 279
53973: -373 -355 -174 303
54022: -381 -353 -47 312
54087: -389 -417 -56 313
54107: -389 -420 -244 281
54123: -389 -422 -372 281
54126: -389 -422 -375 305
54151: -397 -417 -56 314
54160: -397 -419 -177 258
54215: -405 -417 -56 315
54218: -405 -418 -115 275
54232: -405 -420 -241 259
54255: -405 -422 -376 315
54258: -405 -423 -435 275
54279: -413 -417 -56 316
54282: -413 -418 -115 276
54327: -413 -423 -440 316
54368: -421 -421 -305 261
54369: -421 -421 -306 269
54370: -421 -421 -307 277
54371: -421 -421 -308 285
54407: -429 -417 -56 318
54412: -429 -418 -117 294
54417: -429 -419 -178 270
54471: -437 -417 -56 319
54538: -445 -418 -115 280
54597: -453 -481 -62 297
54621: -453 -484 -254 297
54643: -453 -487 -444 281
54647: -453 -487 -448 313
54661: -461 -481 -62 298
54673: -461 -483 -186 266
54725: -469 -481 -62 299
54730: -469 -482 -123 275
54789: -477 -481 -62 300
54880: -485 -485 -313 261
54881: -485 -485 -314 269
54882: -485 -485 -315 277
54883: -485 -485 -316 285
54884: -485 -485 -317 293
54885: -485 -485 -318 301
54886: -485 -485 -319 309
54917: -493 -481 -62 302
54934: -493 -483 -191 310
54981: -501 -481 -62 303
55045: -509 -481 -62 304
55100: -509 -488 -509 296
55601: -62 -47 -386 336
55602: -62 -47 -387 344
55603: -62 -47 -388 352
55604: -62 -47 -389 360
55606: -62 -47 -391 376
55607: -62 -47 -392 384
55618: -70 -105 -11 337
55630: -70 -106 -79 369
55638: -70 -107 -143 369
55639: -70 -107 -144 377
55641: -70 -108 -202 329
55644: -70 -108 -205 353
55646: -70 -108 -207 369
55648: -70 -109 -265 321
55651: -70 -109 -268 345
55665: -70 -111 -394 329
55668: -70 -111 -397 353
55672: -70 -112 -457 321
55674: -70 -112 -459 337
55682: -78 -105 -11 338
55704: -78 -108 -201 322
55712: -78 -109 -265 322
55715: -78 -109 -268 346
55746: -86 -105 -11 339
55763: -86 -107 -140 347
55764: -86 -107 -141 355
55766: -86 -107 -143 371
55767: -86 -107 -144 379
55772: -86 -108 -205 355
55776: -86 -109 -265 323
55779: -86 -109 -268 347
55810: -94 -105 -11 340
55843: -94 -109 -268 348
55874: -102 -105 -11 341
55896: -102 -108 -201 325
55900: -102 -108 -205 357
55979: -110 -110 -332 350
55981: -110 -110 -334 366
56015: -118 -106 -80 383
56056: -118 -112 -457 327
56066: -126 -105 -11 344
56078: -126 -106 -79 376
56088: -126 -108 -201 328
56096: -126 -109 -265 328
56112: -126 -111 -393 328
56117: -126 -111 -398 368
56119: -126 -111 -400 384
56120: -126 -112 -457 328
56129: -134 -169 -18 329
56139: -134 -170 -84 345
56140: -134 -170 -85 353
56152: -134 -172 -209 321
56154: -134 -172 -211 337
56156: -134 -172 -213 353
56159: -134 -172 -216 377
56160: -134 -173 -273 321
56161: -134 -173 -274 329
56162: -134 -173 -275 337
56163: -134 -173 -276 345
56164: -134 -173 -277 353
56167: -134 -173 -280 377
56176: -134 -175 -401 321
56178: -134 -175 -403 337
56179: -134 -175 -404 345
56185: -134 -176 -466 329
56190: -134 -176 -471 369
56193: -142 -169 -18 330
56201: -142 -170 -82 330
56203: -142 -170 -84 346
56204: -142 -170 -85 354
56206: -142 -170 -87 370
56207: -142 -170 -88 378
56214: -142 -171 -151 370
56219: -142 -172 -212 346
56220: -142 -172 -213 354
56225: -142 -173 -274 330
56227: -142 -173 -276 346
56242: -142 -175 -403 338
56257: -150 -169 -18 331
56280: -150 -172 -209 323
56290: -150 -173 -275 339
56304: -150 -175 -401 323
56321: -158 -169 -18 332
56333: -158 -170 -86 364
56351: -158 -172 -216 380
56352: -158 -173 -273 324
56385: -166 -169 -18 333
56395: -166 -170 -84 349
56396: -166 -170 -85 357
56412: -166 -172 -213 357
56416: -166 -173 -273 325
56488: -174 -174 -337 326
56489: -174 -174 -338 334
56536: -182 -172 -209 327
56542: -182 -172 -215 375
56560: -182 -175 -401 327
56574: -182 -176 -471 375
56577: -190 -169 -18 336
56600: -190 -172 -209 328
56604: -190 -172 -213 360
56624: -190 -175 -401 328
56644: -198 -233 -29 353
56648: -198 -234 -89 321
56650: -198 -234 -91 337
56651: -198 -234 -92 345
56655: -198 -234 -96 377
56657: -198 -235 -154 329
56659: -198 -235 -156 345
56673: -198 -237 -282 329
56674: -198 -237 -283 337
56676: -198 -237 -285 353
56678: -198 -237 -287 369
56688: -198 -239 -409 321
56690: -198 -239 -411 337
56691: -198 -239 -412 345
56696: -198 -240 -473 321
56700: -198 -240 -477 353
56708: -206 -233 -29 354
56713: -206 -234 -90 330
56719: -206 -234 -96 378
56721: -206 -235 -154 330
56737: -206 -237 -282 330
56762: -206 -240 -475 338
56772: -214 -233 -29 355
56801: -214 -237 -282 331
56802: -214 -237 -283 339
56836: -222 -233 -29 356
56840: -222 -234 -89 324
56843: -222 -234 -92 348
56848: -222 -235 -153 324
56861: -222 -236 -222 364
56865: -222 -237 -282 332
56866: -222 -237 -283 340
56870: -222 -237 -287 372
56871: -222 -237 -288 380
56900: -230 -233 -29 357
56905: -230 -234 -90 333
56907: -230 -234 -92 349
56908: -230 -234 -93 357
56912: -230 -235 -153 325
56913: -230 -235 -154 333
56915: -230 -235 -156 349
56916: -230 -235 -157 357
56920: -230 -236 -217 325
56929: -230 -237 -282 333
56930: -230 -237 -283 341
56932: -230 -237 -285 357
56934: -230 -237 -287 373
56935: -230 -237 -288 381
56948: -230 -239 -413 357
57000: -238 -238 -345 326
57004: -238 -238 -349 358
57028: -246 -233 -29 359
57034: -246 -234 -91 343
57041: -246 -235 -154 335
57063: -246 -237 -288 383
57096: -254 -234 -89 328
57101: -254 -234 -94 368
57102: -254 -234 -95 376
57104: -254 -235 -153 328
57119: -254 -236 -224 384
57125: -254 -237 -286 368
57127: -254 -237 -288 384
57141: -254 -239 -414 368
57155: -262 -297 -36 345
57160: -262 -298 -97 321
57162: -262 -298 -99 337
57163: -262 -298 -100 345
57164: -262 -298 -101 353
57168: -262 -299 -161 321
57169: -262 -299 -162 329
57173: -262 -299 -166 361
57177: -262 -300 -226 329
57178: -262 -300 -227 337
57179: -262 -300 -228 345
57182: -262 -300 -231 369
57184: -262 -301 -289 321
57201: -262 -303 -418 329
57208: -262 -304 -481 321
57211: -262 -304 -484 345
57214: -262 -304 -487 369
57283: -278 -297 -36 347
57290: -278 -298 -99 339
57306: -278 -300 -227 339
57337: -278 -304 -482 331
57347: -286 -297 -36 348
57353: -286 -298 -98 332
57354: -286 -298 -99 340
57356: -286 -298 -101 356
57360: -286 -299 -161 324
57361: -286 -299 -162 332
57369: -286 -300 -226 332
57370: -286 -300 -227 340
57371: -286 -300 -228 348
57374: -286 -300 -231 372
57375: -286 -300 -232 380
57377: -286 -301 -290 332
57380: -286 -301 -293 356
57383: -286 -301 -296 380
57396: -286 -303 -421 356
57404: -286 -304 -485 356
57420: -294 -298 -101 357
57433: -294 -300 -226 333
57438: -294 -300 -231 373
57439: -294 -300 -232 381
57445: -294 -301 -294 365
57460: -294 -303 -421 357
57464: -294 -304 -481 325
57471: -294 -304 -488 381
57515: -302 -302 -356 350
57519: -302 -302 -360 382
57592: -310 -304 -481 327
57593: -310 -304 -482 335
57594: -310 -304 -483 343
57595: -310 -304 -484 351
57598: -310 -304 -487 375
57599: -310 -304 -488 383
57603: -318 -297 -36 352
57630: -318 -300 -231 376
57631: -318 -300 -232 384
57633: -318 -301 -290 336
57703: -326 -365 -304 377
57709: -326 -366 -366 361
57745: -334 -363 -170 330
57754: -334 -364 -235 338
57756: -334 -364 -237 354
57773: -334 -366 -366 362
57798: -342 -361 -47 371
57802: -342 -362 -107 339
57820: -342 -364 -237 355
57825: -342 -365 -298 331
57837: -342 -366 -366 363
57926: -358 -361 -47 373
57930: -358 -362 -107 341
57932: -358 -362 -109 357
57936: -358 -363 -169 325
57948: -358 -364 -237 357
58076: -374 -364 -237 359
58144: -382 -365 -297 328
58341: -406 -429 -310 363
58392: -414 -428 -241 324
58405: -414 -429 -310 364
58439: -422 -425 -56 381
58464: -422 -429 -305 325
58539: -430 -430 -372 350
58540: -430 -430 -373 358
58631: -446 -425 -56 384
58661: -446 -429 -310 368
58723: -454 -493 -316 345
58770: -462 -491 -187 338
59108: -502 -493 -317 359
59110: -502 -493 -319 375
59141: -510 -489 -62 368
59577: -47 -56 -450 398
59578: -47 -56 -451 406
59579: -47 -56 -452 414
59580: -47 -56 -453 422
59581: -47 -56 -454 430
59583: -47 -56 -456 446
59714: -71 -113 -11 401
59731: -71 -115 -140 409
59733: -71 -115 -142 425
59735: -71 -115 -144 441
59737: -71 -116 -202 393
59740: -71 -116 -205 417
59744: -71 -117 -265 385
59747: -71 -117 -268 409
59769: -71 -120 -458 393
59772: -71 -120 -461 417
59808: -79 -117 -265 386
59842: -87 -113 -11 403
59859: -87 -115 -140 411
59860: -87 -115 -141 419
59861: -87 -115 -142 427
59863: -87 -115 -144 443
59864: -87 -116 -201 387
59866: -87 -116 -203 403
59867: -87 -116 -204 411
59872: -87 -117 -265 387
59875: -87 -117 -268 411
59881: -87 -118 -330 395
59896: -87 -120 -457 387
59897: -87 -120 -458 395
59906: -95 -113 -11 404
59939: -95 -117 -268 412
59948: -95 -118 -333 420
59989: -103 -115 -142 429
59992: -103 -116 -201 389
59996: -103 -116 -205 421
60003: -103 -117 -268 413
60034: -111 -113 -11 406
60047: -111 -114 -80 446
60051: -111 -115 -140 414
60064: -111 -117 -265 390
60073: -111 -118 -330 398
60078: -111 -118 -335 438
60088: -111 -120 -457 390
60094: -111 -120 -463 438
60144: -119 -119 -393 391
60147: -119 -119 -396 415
60149: -119 -119 -398 431
60162: -127 -113 -11 408
60173: -127 -114 -78 432
60189: -127 -116 -206 432
60192: -127 -117 -265 392
60201: -127 -118 -330 400
60202: -127 -118 -331 408
60204: -127 -118 -333 424
60207: -127 -118 -336 448
60225: -135 -177 -18 393
60235: -135 -178 -84 409
60236: -135 -178 -85 417
60237: -135 -178 -86 425
60248: -135 -180 -209 385
60252: -135 -180 -213 417
60255: -135 -180 -216 441
60256: -135 -181 -273 385
60258: -135 -181 -275 401
60259: -135 -181 -276 409
60265: -135 -182 -338 393
60267: -135 -182 -340 409
60282: -135 -184 -467 401
60289: -143 -177 -18 394
60299: -143 -178 -84 410
60300: -143 -178 -85 418
60301: -143 -178 -86 426
60307: -143 -179 -148 410
60309: -143 -179 -150 426
60311: -143 -179 -152 442
60312: -143 -180 -209 386
60317: -143 -180 -214 426
60320: -143 -181 -273 386
60322: -143 -181 -275 402
60323: -143 -181 -276 410
60353: -151 -177 -18 395
60384: -151 -181 -273 387
60386: -151 -181 -275 403
60387: -151 -181 -276 411
60392: -151 -182 -337 387
60417: -159 -177 -18 396
60436: -159 -179 -149 420
60441: -159 -180 -210 396
60443: -159 -180 -212 412
60444: -159 -180 -213 420
60445: -159 -180 -214 428
60451: -159 -181 -276 412
60481: -167 -177 -18 397
60491: -167 -178 -84 413
60508: -167 -180 -213 421
60512: -167 -181 -273 389
60545: -175 -177 -18 398
60568: -175 -180 -209 390
60576: -175 -181 -273 390
60584: -175 -182 -337 390
60606: -175 -184 -471 438
60656: -183 -183 -401 391
60657: -183 -183 -402 399
60659: -183 -183 -404 415
60673: -191 -177 -18 400
60696: -191 -180 -209 392
60704: -191 -181 -273 392
60712: -191 -182 -337 392
60729: -191 -184 -466 400
60740: -199 -241 -29 417
60744: -199 -242 -89 385
60746: -199 -242 -91 401
60747: -199 -242 -92 409
60752: -199 -243 -153 385
60753: -199 -243 -154 393
60755: -199 -243 -156 409
60769: -199 -245 -282 393
60770: -199 -245 -283 401
60775: -199 -245 -288 441
60776: -199 -246 -345 385
60778: -199 -246 -347 401
60780: -199 -246 -349 417
60783: -199 -246 -352 441
60792: -199 -248 -473 385
60794: -199 -248 -475 401
60804: -207 -241 -29 418
60817: -207 -243 -154 394
60833: -207 -245 -282 394
60842: -207 -246 -347 402
60874: -215 -242 -91 403
60903: -215 -245 -288 443
60932: -223 -241 -29 420
60936: -223 -242 -89 388
60939: -223 -242 -92 412
60947: -223 -243 -156 412
60965: -223 -245 -286 428
60966: -223 -245 -287 436
60967: -223 -245 -288 444
60968: -223 -246 -345 388
60996: -231 -241 -29 421
61001: -231 -242 -90 397
61008: -231 -243 -153 389
61009: -231 -243 -154 397
61011: -231 -243 -156 413
61025: -231 -245 -282 397
61026: -231 -245 -283 405
61029: -231 -245 -286 429
61031: -231 -245 -288 445
61032: -231 -246 -345 389
61051: -231 -248 -476 413
61052: -231 -248 -477 421
61060: -239 -241 -29 422
61064: -239 -242 -89 390
61066: -239 -242 -91 406
61093: -239 -245 -286 430
61095: -239 -245 -288 446
61096: -239 -246 -345 390
61118: -239 -248 -479 438
61170: -247 -247 -411 407
61172: -247 -247 -413 423
61201: -255 -243 -154 400
61224: -255 -246 -345 392
61251: -263 -305 -36 409
61256: -263 -306 -97 385
61258: -263 -306 -99 401
61260: -263 -306 -101 417
61264: -263 -307 -161 385
61265: -263 -307 -162 393
61268: -263 -307 -165 417
61273: -263 -308 -226 393
61274: -263 -308 -227 401
61275: -263 -308 -228 409
61279: -263 -308 -232 441
61288: -263 -310 -353 385
61291: -263 -310 -356 409
61295: -263 -310 -360 441
61306: -263 -312 -483 401
61308: -263 -312 -485 417
61315: -271 -305 -36 410
61328: -271 -307 -161 386
61379: -279 -305 -36 411
61386: -279 -306 -99 403
61402: -279 -308 -227 403
61417: -279 -310 -354 395
61443: -287 -305 -36 412
61448: -287 -306 -97 388
61451: -287 -306 -100 412
61452: -287 -306 -101 420
61458: -287 -307 -163 404
61465: -287 -308 -226 396
61466: -287 -308 -227 404
61469: -287 -308 -230 428
61471: -287 -308 -232 444
61474: -287 -309 -291 404
61480: -287 -310 -353 388
61500: -287 -312 -485 420
61507: -295 -305 -36 413
61512: -295 -306 -97 389
61530: -295 -308 -227 405
61533: -295 -308 -230 429
61535: -295 -308 -232 445
61544: -295 -310 -353 389
61571: -303 -305 -36 414
61593: -303 -308 -226 398
61597: -303 -308 -230 430
61608: -303 -310 -353 390
61630: -303 -312 -487 438
61682: -311 -311 -419 407
61683: -311 -311 -420 415
61685: -311 -311 -422 431
61722: -319 -308 -227 408
61733: -319 -309 -294 432
61736: -319 -310 -353 392
61743: -319 -310 -360 448
61779: -327 -371 -172 409
61788: -327 -372 -237 417
61792: -327 -373 -297 385
61795: -327 -373 -300 409
61796: -327 -373 -301 417
61830: -335 -369 -47 434
61863: -335 -373 -304 442
61944: -343 -376 -489 387
61976: -351 -372 -233 388
62044: -359 -372 -237 421
62086: -367 -369 -47 438
62113: -367 -373 -298 398
62214: -383 -369 -47 440
62217: -383 -370 -106 400
62223: -383 -370 -112 448
62298: -391 -436 -243 401
62309: -391 -437 -310 425
62326: -391 -439 -439 433
62353: -399 -435 -178 394
62548: -423 -435 -181 421
62554: -423 -436 -243 405
62618: -431 -436 -243 406
62917: -471 -497 -62 427
62981: -479 -497 -62 428
62989: -479 -498 -126 428
63003: -479 -500 -252 412
63072: -487 -501 -313 389
63109: -495 -497 -62 430
63128: -495 -500 -249 390
63136: -495 -501 -313 390
63216: -503 -503 -441 391
63218: -503 -503 -443 407
63219: -503 -503 -444 415
63220: -503 -503 -445 423
63221: -503 -503 -446 431
63721: -56 -62 -322 463
63722: -56 -62 -323 471
63723: -56 -62 -324 479
63724: -56 -62 -325 487
63725: -56 -62 -326 495
63726: -56 -62 -327 503
63810: -72 -121 -11 465
63829: -72 -123 -142 489
63830: -72 -123 -143 497
63832: -72 -124 -201 449
63833: -72 -124 -202 457
63836: -72 -124 -205 481
63843: -72 -125 -268 473
63845: -72 -125 -270 489
63849: -72 -126 -330 457
63852: -72 -126 -333 481
63858: -72 -127 -395 465
63874: -80 -121 -11 466
63891: -80 -123 -140 474
63904: -80 -125 -265 450
63912: -80 -126 -329 450
63913: -80 -126 -330 458
63914: -80 -126 -331 466
63915: -80 -126 -332 474
63917: -80 -126 -334 490
63919: -80 -126 -336 506
63920: -80 -127 -393 450
63921: -80 -127 -394 458
63927: -80 -127 -400 506
63938: -88 -121 -11 467
63955: -88 -123 -140 475
63956: -88 -123 -141 483
63957: -88 -123 -142 491
63958: -88 -123 -143 499
63960: -88 -124 -201 451
63963: -88 -124 -204 475
63968: -88 -125 -265 451
63977: -88 -126 -330 459
64022: -96 -123 -143 500
64035: -96 -125 -268 476
64066: -104 -121 -11 469
64088: -104 -124 -201 453
64092: -104 -124 -205 485
64099: -104 -125 -268 477
64152: -112 -124 -201 454
64168: -112 -126 -329 454
64170: -112 -126 -331 470
64174: -112 -126 -335 502
64176: -112 -127 -393 454
64179: -112 -127 -396 478
64181: -112 -127 -398 494
64205: -120 -122 -78 495
64213: -120 -123 -142 495
64216: -120 -124 -201 455
64224: -120 -125 -265 455
64227: -120 -125 -268 479
64232: -120 -126 -329 455
64234: -120 -126 -331 471
64235: -120 -126 -332 479
64236: -120 -126 -333 487
64237: -120 -126 -334 495
64238: -120 -126 -335 503
64241: -120 -127 -394 463
64312: -128 -128 -457 456
64313: -128 -128 -458 464
64321: -136 -185 -18 457
64331: -136 -186 -84 473
64332: -136 -186 -85 481
64334: -136 -186 -87 497
64344: -136 -188 -209 449
64348: -136 -188 -213 481
64352: -136 -189 -273 449
64354: -136 -189 -275 465
64355: -136 -189 -276 473
64362: -136 -190 -339 465
64368: -136 -191 -401 449
64369: -136 -191 -402 457
64385: -144 -185 -18 458
64393: -144 -186 -82 458
64395: -144 -186 -84 474
64396: -144 -186 -85 482
64398: -144 -186 -87 498
64400: -144 -187 -145 450
64408: -144 -188 -209 450
64411: -144 -188 -212 474
64412: -144 -188 -213 482
64432: -144 -191 -401 450
64459: -152 -186 -84 475
64472: -152 -188 -209 451
64476: -152 -188 -213 483
64488: -152 -190 -337 451
64490: -152 -190 -339 467
64496: -152 -191 -401 451
64521: -160 -186 -82 460
64544: -160 -189 -273 452
64577: -168 -185 -18 461
64588: -168 -186 -85 485
64600: -168 -188 -209 453
64604: -168 -188 -213 485
64610: -168 -189 -275 469
64680: -176 -190 -337 454
64688: -176 -191 -401 454
64705: -184 -185 -18 463
64713: -184 -186 -82 463
64830: -192 -192 -471 504
64836: -200 -249 -29 481
64840: -200 -250 -89 449
64842: -200 -250 -91 465
64843: -200 -250 -92 473
64848: -200 -251 -153 449
64849: -200 -251 -154 457
64851: -200 -251 -156 473
64865: -200 -253 -282 457
64866: -200 -253 -283 465
64869: -200 -253 -286 489
64870: -200 -253 -287 497
64872: -200 -254 -345 449
64874: -200 -254 -347 465
64880: -200 -255 -409 449
64884: -200 -255 -413 481
64885: -200 -255 -414 489
64900: -208 -249 -29 482
64913: -208 -251 -154 458
64929: -208 -253 -282 458
64930: -208 -253 -283 466
64946: -208 -255 -411 466
64964: -216 -249 -29 483
64970: -216 -250 -91 467
64994: -216 -253 -283 467
64998: -216 -253 -287 499
65028: -224 -249 -29 484
65032: -224 -250 -89 452
65035: -224 -250 -92 476
65057: -224 -253 -282 460
65058: -224 -253 -283 468
65061: -224 -253 -286 492
65062: -224 -253 -287 500
65092: -232 -249 -29 485
65097: -232 -250 -90 461
65099: -232 -250 -92 477
65100: -232 -250 -93 485
65106: -232 -251 -155 469
65107: -232 -251 -156 477
65121: -232 -253 -282 461
65122: -232 -253 -283 469
65125: -232 -253 -286 493
65126: -232 -253 -287 501
65128: -232 -254 -345 453
65156: -240 -249 -29 486
65192: -240 -254 -345 454
65220: -248 -249 -29 487
65224: -248 -250 -89 455
65253: -248 -253 -286 495
65254: -248 -253 -287 503
65256: -248 -254 -345 455
65337: -256 -256 -474 464
65339: -256 -256 -476 480
65342: -256 -256 -479 504
65347: -264 -313 -36 473
65352: -264 -314 -97 449
65354: -264 -314 -99 465
65355: -264 -314 -100 473
65356: -264 -314 -101 481
65361: -264 -315 -162 457
65363: -264 -315 -164 473
65364: -264 -315 -165 481
65366: -264 -315 -167 497
65369: -264 -316 -226 457
65370: -264 -316 -227 465
65374: -264 -316 -231 497
65384: -264 -318 -353 449
65385: -264 -318 -354 457
65388: -264 -318 -357 481
65395: -264 -319 -420 473
65396: -264 -319 -421 481
65433: -272 -316 -226 458
65434: -272 -316 -227 466
65475: -280 -313 -36 475
65482: -280 -314 -99 467
65498: -280 -316 -227 467
65501: -280 -316 -230 491
65521: -280 -319 -418 459
65539: -288 -313 -36 476
65546: -288 -314 -99 468
65548: -288 -314 -101 484
65552: -288 -315 -161 452
65561: -288 -316 -226 460
65562: -288 -316 -227 468
65565: -288 -316 -230 492
65566: -288 -316 -231 500
65570: -288 -317 -291 468
65576: -288 -318 -353 452
65580: -288 -318 -357 484
65603: -296 -313 -36 477
65608: -296 -314 -97 453
65617: -296 -315 -162 461
65625: -296 -316 -226 461
65626: -296 -316 -227 469
65630: -296 -316 -231 501
65639: -296 -317 -296 509
65648: -296 -319 -417 453
65649: -296 -319 -418 461
65667: -304 -313 -36 478
65702: -304 -317 -295 502
65704: -304 -318 -353 454
65712: -304 -319 -417 454
65714: -304 -319 -419 470
65717: -304 -319 -422 494
65731: -312 -313 -36 479
65736: -312 -314 -97 455
65744: -312 -315 -161 455
65757: -312 -316 -230 495
65758: -312 -316 -231 503
65771: -312 -318 -356 479
65775: -312 -318 -360 511
65781: -312 -319 -422 495
65848: -320 -320 -481 456
65849: -320 -320 -482 464
65850: -320 -320 -483 472
65854: -320 -320 -487 504
65990: -344 -377 -47 499
66000: -344 -379 -169 451
66144: -360 -381 -297 453
66155: -360 -382 -364 477
66246: -376 -377 -47 503
66272: -376 -381 -297 455
66361: -384 -384 -490 464
66363: -384 -384 -492 480
66364: -384 -384 -493 488
66366: -384 -384 -495 504
66375: -392 -441 -56 505
66376: -392 -442 -113 449
66379: -392 -442 -116 473
66400: -392 -445 -305 449
66506: -408 -442 -115 467
66536: -408 -446 -369 451
66567: -416 -441 -56 508
66588: -416 -444 -245 484
66652: -424 -444 -245 485
66695: -432 -441 -56 510
66697: -432 -442 -114 462
66759: -440 -441 -56 511
66807: -440 -447 -440 511
66943: -456 -512 -512 505
66961: -464 -507 -186 458
67018: -472 -506 -123 467
67164: -488 -508 -253 485
67216: -496 -507 -185 454
67221: -496 -507 -190 494
67223: -496 -507 -192 510
67987: -73 -18 -68 203
67988: -73 -18 -69 267
67989: -73 -18 -70 331
67990: -73 -18 -71 395
67991: -73 -18 -72 459
68041: -81 -11 -66 74
68044: -81 -11 -69 266
68045: -81 -11 -70 330
68047: -81 -11 -72 458
68131: -89 -36 -68 205
68132: -89 -36 -69 269
68133: -89 -36 -70 333
68134: -89 -36 -71 397
68135: -89 -36 -72 461
68187: -97 -29 -68 204
68188: -97 -29 -69 268
68189: -97 -29 -70 332
68190: -97 -29 -71 396
68191: -97 -29 -72 460
68283: -105 -62 -68 208
68284: -105 -62 -69 272
68285: -105 -62 -70 336
68286: -105 -62 -71 400
68287: -105 -62 -72 464
68331: -113 -47 -68 206
68332: -113 -47 -69 270
68333: -113 -47 -70 334
68334: -113 -47 -71 398
68403: -121 -56 -68 207
68404: -121 -56 -69 271
68405: -121 -56 -70 335
68406: -121 -56 -71 399
68407: -121 -56 -72 463
68498: -137 -18 -131 147
68555: -145 -11 -132 210
68556: -145 -11 -133 274
68557: -145 -11 -134 338
68558: -145 -11 -135 402
68559: -145 -11 -136 466
68643: -153 -36 -132 213
68644: -153 -36 -133 277
68645: -153 -36 -134 341
68646: -153 -36 -135 405
68647: -153 -36 -136 469
68699: -161 -29 -132 212
68700: -161 -29 -133 276
68701: -161 -29 -134 340
68702: -161 -29 -135 404
68703: -161 -29 -136 468
68795: -169 -62 -132 216
68796: -169 -62 -133 280
68797: -169 -62 -134 344
68798: -169 -62 -135 408
68799: -169 -62 -136 472
68843: -177 -47 -132 214
68844: -177 -47 -133 278
68845: -177 -47 -134 342
68846: -177 -47 -135 406
68847: -177 -47 -136 470
68915: -185 -56 -132 215
68916: -185 -56 -133 279
68917: -185 -56 -134 343
68918: -185 -56 -135 407
68919: -185 -56 -136 471
69009: -201 -18 -194 91
69010: -201 -18 -195 155
69013: -201 -18 -198 347
69014: -201 -18 -199 411
69015: -201 -18 -200 475
69065: -209 -11 -194 90
69066: -209 -11 -195 154
69069: -209 -11 -198 346
69070: -209 -11 -199 410
69071: -209 -11 -200 474
69153: -217 -36 -194 93
69154: -217 -36 -195 157
69157: -217 -36 -198 349
69158: -217 -36 -199 413
69159: -217 -36 -200 477
69209: -225 -29 -194 92
69211: -225 -29 -196 220
69305: -233 -62 -194 96
69306: -233 -62 -195 160
69309: -233 -62 -198 352
69310: -233 -62 -199 416
69311: -233 -62 -200 480
69353: -241 -47 -194 94
69354: -241 -47 -195 158
69357: -241 -47 -198 350
69358: -241 -47 -199 414
69359: -241 -47 -200 478
69425: -249 -56 -194 95
69426: -249 -56 -195 159
69429: -249 -56 -198 351
69430: -249 -56 -199 415
69431: -249 -56 -200 479
69521: -265 -18 -258 99
69522: -265 -18 -259 163
69525: -265 -18 -262 355
69526: -265 -18 -263 419
69527: -265 -18 -264 483
69577: -273 -11 -258 98
69578: -273 -11 -259 162
69581: -273 -11 -262 354
69582: -273 -11 -263 418
69583: -273 -11 -264 482
69665: -281 -36 -258 101
69666: -281 -36 -259 165
69668: -281 -36 -261 293
69721: -289 -29 -258 100
69722: -289 -29 -259 164
69725: -289 -29 -262 356
69726: -289 -29 -263 420
69727: -289 -29 -264 484
69817: -297 -62 -258 104
69818: -297 -62 -259 168
69821: -297 -62 -262 360
69822: -297 -62 -263 424
69823: -297 -62 -264 488
69865: -305 -47 -258 102
69866: -305 -47 -259 166
69869: -305 -47 -262 358
69870: -305 -47 -263 422
69871: -305 -47 -264 486
69938: -313 -56 -259 167
69941: -313 -56 -262 359
69942: -313 -56 -263 423
69943: -313 -56 -264 487
70033: -329 -18 -322 107
70034: -329 -18 -323 171
70035: -329 -18 -324 235
70036: -329 -18 -325 299
70037: -329 -18 -326 363
70038: -329 -18 -327 427
70089: -337 -11 -322 106
70090: -337 -11 -323 170
70091: -337 -11 -324 234
70092: -337 -11 -325 298
70093: -337 -11 -326 362
70094: -337 -11 -327 426
70177: -345 -36 -322 109
70178: -345 -36 -323 173
70179: -345 -36 -324 237
70180: -345 -36 -325 301
70181: -345 -36 -326 365
70182: -345 -36 -327 429
70233: -353 -29 -322 108
70234: -353 -29 -323 172
70235: -353 -29 -324 236
70236: -353 -29 -325 300
70237: -353 -29 -326 364
70238: -353 -29 -327 428
70330: -361 -62 -323 176
70377: -369 -47 -322 110
70378: -369 -47 -323 174
70379: -369 -47 -324 238
70380: -369 -47 -325 302
70381: -369 -47 -326 366
70382: -369 -47 -327 430
70449: -377 -56 -322 111
70450: -377 -56 -323 175
70453: -377 -56 -326 367
70545: -393 -18 -386 115
70546: -393 -18 -387 179
70548: -393 -18 -389 307
70550: -393 -18 -391 435
70551: -393 -18 -392 499
70601: -401 -11 -386 114
70602: -401 -11 -387 178
70603: -401 -11 -388 242
70604: -401 -11 -389 306
70606: -401 -11 -391 434
70607: -401 -11 -392 498
70689: -409 -36 -386 117
70690: -409 -36 -387 181
70691: -409 -36 -388 245
70692: -409 -36 -389 309
70694: -409 -36 -391 437
70695: -409 -36 -392 501
70745: -417 -29 -386 116
70746: -417 -29 -387 180
70747: -417 -29 -388 244
70748: -417 -29 -389 308
70750: -417 -29 -391 436
70751: -417 -29 -392 500
70844: -425 -62 -389 312
70846: -425 -62 -391 440
70964: -441 -56 -389 311
70966: -441 -56 -391 439
71057: -457 -18 -450 123
71058: -457 -18 -451 187
71059: -457 -18 -452 251
71060: -457 -18 -453 315
71061: -457 -18 -454 379
71063: -457 -18 -456 507
71113: -465 -11 -450 122
71114: -465 -11 -451 186
71115: -465 -11 -452 250
71116: -465 -11 -453 314
71117: -465 -11 -454 378
71119: -465 -11 -456 506
71201: -473 -36 -450 125
71202: -473 -36 -451 189
71203: -473 -36 -452 253
71204: -473 -36 -453 317
71205: -473 -36 -454 381
71207: -473 -36 -456 509
71257: -481 -29 -450 124
71258: -481 -29 -451 188
71259: -481 -29 -452 252
71260: -481 -29 -453 316
71261: -481 -29 -454 380
71263: -481 -29 -456 508
71353: -489 -62 -450 128
71355: -489 -62 -452 256
71359: -489 -62 -456 512
71401: -497 -47 -450 126
71404: -497 -47 -453 318
71407: -497 -47 -456 510
71474: -505 -56 -451 191
71475: -505 -56 -452 255
71476: -505 -56 -453 319
71618: -18 -67 -11 129
71626: -18 -75 -11 130
71634: -18 -83 -11 131
71642: -18 -91 -11 132
71650: -18 -99 -11 133
71658: -18 -107 -11 134
71666: -18 -115 -11 135
71674: -18 -123 -11 136
72113: -74 -114 -74 79
72237: -90 -108 -78 334
72246: -90 -116 -79 399
72275: -98 -85 -76 203
72277: -98 -85 -78 331
72278: -98 -85 -79 395
72279: -98 -85 -80 459
72323: -106 -70 -76 201
72327: -106 -70 -80 457
72340: -106 -86 -77 267
72342: -106 -86 -79 395
72343: -106 -86 -80 459
72350: -106 -94 -79 396
72375: -106 -118 -80 463
72383: -106 -126 -80 464
72431: -114 -111 -80 462
72445: -114 -127 -78 336
72447: -114 -127 -80 464
72451: -122 -72 -76 201
72453: -122 -72 -78 329
72454: -122 -72 -79 393
72485: -122 -104 -78 333
72493: -122 -112 -78 334
72494: -122 -112 -79 398
72501: -122 -120 -78 335
72577: -138 -66 -138 81
72704: -154 -68 -137 17
72706: -154 -68 -139 145
72707: -154 -68 -140 209
72708: -154 -68 -141 273
72709: -154 -68 -142 337
72710: -154 -68 -143 401
72711: -154 -68 -144 465
72770: -162 -69 -139 145
72771: -162 -69 -140 209
72772: -162 -69 -141 273
72773: -162 -69 -142 337
72774: -162 -69 -143 401
72775: -162 -69 -144 465
72832: -170 -70 -137 17
72834: -170 -70 -139 145
72835: -170 -70 -140 209
72836: -170 -70 -141 273
72837: -170 -70 -142 337
72838: -170 -70 -143 401
72839: -170 -70 -144 465
72843: -170 -78 -140 210
72854: -170 -86 -143 403
72855: -170 -86 -144 467
72859: -170 -94 -140 212
72869: -170 -102 -142 341
72875: -170 -110 -140 214
72896: -178 -71 -137 17
72898: -178 -71 -139 145
72899: -178 -71 -140 209
72900: -178 -71 -141 273
72901: -178 -71 -142 337
72902: -178 -71 -143 401
72903: -178 -71 -144 465
72907: -178 -79 -140 210
72917: -178 -87 -142 339
72923: -178 -95 -140 212
72960: -186 -72 -137 17
72962: -186 -72 -139 145
72963: -186 -72 -140 209
72964: -186 -72 -141 273
72965: -186 -72 -142 337
72966: -186 -72 -143 401
72967: -186 -72 -144 465
72983: -186 -88 -144 467
73032: -194 -73 -201 26
73036: -194 -73 -205 282
73040: -194 -81 -201 27
73044: -194 -81 -205 283
73058: -194 -97 -203 157
73059: -194 -97 -204 221
73060: -194 -97 -205 285
73061: -194 -97 -206 349
73062: -194 -97 -207 413
73063: -194 -97 -208 477
73068: -194 -105 -205 286
73072: -194 -113 -201 31
73076: -194 -113 -205 287
73084: -194 -121 -205 288
73097: -202 -74 -202 90
73113: -202 -90 -202 92
73121: -202 -98 -202 93
73129: -202 -106 -202 94
73145: -202 -122 -202 96
73176: -210 -91 -201 28
73180: -210 -91 -205 284
73188: -210 -99 -205 285
73195: -210 -107 -204 222
73197: -210 -107 -206 350
73206: -210 -115 -207 415
73211: -210 -123 -204 224
73221: -218 -68 -206 345
73232: -218 -84 -201 27
73256: -218 -108 -201 30
73264: -218 -116 -201 31
73266: -218 -116 -203 159
73272: -218 -124 -201 32
73280: -226 -69 -201 25
73284: -226 -69 -205 281
73288: -226 -77 -201 26
73292: -226 -77 -205 282
73299: -226 -85 -204 219
73300: -226 -85 -205 283
73301: -226 -85 -206 347
73302: -226 -85 -207 411
73303: -226 -85 -208 475
73304: -226 -93 -201 28
73308: -226 -93 -205 284
73316: -226 -101 -205 285
73320: -226 -109 -201 30
73323: -226 -109 -204 222
73324: -226 -109 -205 286
73328: -226 -117 -201 31
73332: -226 -117 -205 287
73336: -226 -125 -201 32
73340: -226 -125 -205 288
73344: -234 -70 -201 25
73348: -234 -70 -205 281
73357: -234 -78 -206 346
73363: -234 -86 -204 219
73364: -234 -86 -205 283
73366: -234 -86 -207 411
73367: -234 -86 -208 475
73372: -234 -94 -205 284
73373: -234 -94 -206 348
73380: -234 -102 -205 285
73408: -242 -71 -201 25
73410: -242 -71 -203 153
73418: -242 -79 -203 154
73427: -242 -87 -204 219
73428: -242 -87 -205 283
73429: -242 -87 -206 347
73431: -242 -87 -208 475
73442: -242 -103 -203 157
73444: -242 -103 -205 285
73450: -242 -111 -203 158
73474: -250 -72 -203 153
73476: -250 -72 -205 281
73485: -250 -80 -206 346
73491: -250 -88 -204 219
73492: -250 -88 -205 283
73493: -250 -88 -206 347
73494: -250 -88 -207 411
73500: -250 -96 -205 284
73508: -250 -104 -205 285
73533: -250 -128 -206 352
73544: -258 -73 -265 34
73546: -258 -73 -267 162
73547: -258 -73 -268 226
73555: -258 -81 -268 227
73562: -258 -89 -267 164
73564: -258 -89 -269 292
73565: -258 -89 -270 356
73566: -258 -89 -271 420
73576: -258 -105 -265 38
73578: -258 -105 -267 166
73579: -258 -105 -268 230
73584: -258 -113 -265 39
73586: -258 -113 -267 167
73587: -258 -113 -268 231
73595: -258 -121 -268 232
73691: -274 -91 -268 228
73696: -274 -99 -265 37
73699: -274 -99 -268 229
73704: -274 -107 -265 38
73707: -274 -107 -268 230
73708: -274 -107 -269 294
73712: -274 -115 -265 39
73715: -274 -115 -268 231
73720: -274 -123 -265 40
73723: -274 -123 -268 232
73739: -282 -76 -268 226
73742: -282 -76 -271 418
73747: -282 -84 -268 227
73748: -282 -84 -269 291
73763: -282 -100 -268 229
73771: -282 -108 -268 230
73779: -282 -116 -268 231
73787: -282 -124 -268 232
73788: -282 -124 -269 296
73795: -290 -69 -268 225
73808: -290 -85 -265 35
73832: -290 -109 -265 38
73835: -290 -109 -268 230
73843: -290 -117 -268 231
73851: -290 -125 -268 232
73856: -298 -70 -265 33
73859: -298 -70 -268 225
73872: -298 -86 -265 35
73875: -298 -86 -268 227
73883: -298 -94 -268 228
73888: -298 -102 -265 37
73920: -306 -71 -265 33
73922: -306 -71 -267 161
73923: -306 -71 -268 225
73930: -306 -79 -267 162
73931: -306 -79 -268 226
73936: -306 -87 -265 35
73939: -306 -87 -268 227
73947: -306 -95 -268 228
73984: -314 -72 -265 33
73987: -314 -72 -268 225
74000: -314 -88 -265 35
74011: -314 -96 -268 228
74074: -322 -89 -331 172
74075: -322 -89 -332 236
74076: -322 -89 -333 300
74077: -322 -89 -334 364
74078: -322 -89 -335 428
74082: -322 -97 -331 173
74083: -322 -97 -332 237
74084: -322 -97 -333 301
74085: -322 -97 -334 365
74086: -322 -97 -335 429
74087: -322 -97 -336 493
74104: -322 -121 -329 48
74121: -330 -74 -330 106
74129: -330 -82 -330 107
74137: -330 -90 -330 108
74145: -330 -98 -330 109
74153: -330 -106 -330 110
74161: -330 -114 -330 111
74169: -330 -122 -330 112
74208: -338 -99 -329 45
74237: -338 -123 -334 368
74240: -346 -68 -329 41
74263: -346 -84 -336 491
74285: -346 -108 -334 366
74304: -354 -69 -329 41
74307: -354 -69 -332 233
74308: -354 -69 -333 297
74312: -354 -77 -329 42
74322: -354 -85 -331 171
74325: -354 -85 -334 363
74326: -354 -85 -335 427
74327: -354 -85 -336 491
74340: -354 -101 -333 301
74384: -362 -86 -329 43
74397: -362 -94 -334 364
74419: -362 -118 -332 239
74432: -370 -71 -329 41
74434: -370 -71 -331 169
74493: -370 -127 -334 368
74516: -378 -88 -333 299
74541: -378 -112 -334 366
74584: -386 -89 -393 52
74586: -386 -89 -395 180
74588: -386 -89 -397 308
74590: -386 -89 -399 436
74595: -386 -97 -396 245
74596: -386 -97 -397 309
74607: -386 -105 -400 502
74649: -394 -90 -394 116
74657: -394 -98 -394 117
74665: -394 -106 -394 118
74673: -394 -114 -394 119
74681: -394 -122 -394 120
74712: -402 -91 -393 52
74720: -402 -99 -393 53
74728: -402 -107 -393 54
74731: -402 -107 -396 246
74733: -402 -107 -398 374
74747: -402 -123 -396 248
74751: -402 -123 -400 504
74774: -410 -84 -399 435
74777: -410 -92 -394 116
74778: -410 -92 -395 180
74779: -410 -92 -396 244
74780: -410 -92 -397 308
74782: -410 -92 -399 436
74783: -410 -92 -400 500
74816: -418 -69 -393 49
74818: -418 -69 -395 177
74819: -418 -69 -396 241
74820: -418 -69 -397 305
74821: -418 -69 -398 369
74822: -418 -69 -399 433
74832: -418 -85 -393 51
74834: -418 -85 -395 179
74836: -418 -85 -397 307
74837: -418 -85 -398 371
74838: -418 -85 -399 435
74839: -418 -85 -400 499
74848: -418 -101 -393 53
74898: -426 -86 -395 179
74902: -426 -86 -399 435
74948: -434 -71 -397 305
74960: -434 -87 -393 51
75010: -442 -72 -395 177
75106: -450 -97 -459 189
75107: -450 -97 -460 253
75145: -458 -74 -458 122
75153: -458 -82 -458 123
75161: -458 -90 -458 124
75169: -458 -98 -458 125
75177: -458 -106 -458 126
75185: -458 -114 -458 127
75193: -458 -122 -458 128
75228: -466 -91 -461 316
75250: -466 -115 -459 191
75264: -474 -68 -457 57
75266: -474 -68 -459 185
75269: -474 -68 -462 377
75285: -474 -84 -462 379
75287: -474 -84 -464 507
75288: -474 -92 -457 60
75301: -474 -100 -462 381
75302: -474 -100 -463 445
75303: -474 -100 -464 509
75328: -482 -69 -457 57
75330: -482 -69 -459 185
75331: -482 -69 -460 249
75332: -482 -69 -461 313
75333: -482 -69 -462 377
75334: -482 -69 -463 441
75335: -482 -69 -464 505
75344: -482 -85 -457 59
75346: -482 -85 -459 187
75349: -482 -85 -462 379
75350: -482 -85 -463 443
75351: -482 -85 -464 507
75414: -490 -86 -463 443
75416: -490 -94 -457 60
75453: -490 -126 -462 384
75455: -490 -126 -464 512
75456: -498 -71 -457 57
75472: -498 -87 -457 59
75475: -498 -87 -460 251
75476: -498 -87 -461 315
75536: -506 -88 -457 59
75649: -11 -130 -18 65
75657: -11 -138 -18 66
75665: -11 -146 -18 67
75673: -11 -154 -18 68
75681: -11 -162 -18 69
75689: -11 -170 -18 70
75697: -11 -178 -18 71
75705: -11 -186 -18 72
76226: -83 -131 -83 137
76288: -91 -132 -81 9
76289: -91 -132 -82 73
76291: -91 -132 -84 201
76292: -91 -132 -85 265
76293: -91 -132 -86 329
76294: -91 -132 -87 393
76295: -91 -132 -88 457
76300: -91 -140 -85 266
76323: -91 -164 -84 205
76332: -91 -172 -85 270
76339: -91 -180 -84 207
76340: -91 -180 -85 271
76347: -91 -188 -84 208
76352: -99 -133 -81 9
76353: -99 -133 -82 73
76355: -99 -133 -84 201
76356: -99 -133 -85 265
76357: -99 -133 -86 329
76358: -99 -133 -87 393
76359: -99 -133 -88 457
76366: -99 -141 -87 394
76373: -99 -149 -86 331
76380: -99 -157 -85 268
76389: -99 -165 -86 333
76395: -99 -173 -84 206
76416: -107 -134 -81 9
76417: -107 -134 -82 73
76419: -107 -134 -84 201
76420: -107 -134 -85 265
76421: -107 -134 -86 329
76422: -107 -134 -87 393
76423: -107 -134 -88 457
76427: -107 -142 -84 202
76428: -107 -142 -85 266
76451: -107 -166 -84 205
76452: -107 -166 -85 269
76453: -107 -166 -86 333
76480: -115 -135 -81 9
76481: -115 -135 -82 73
76483: -115 -135 -84 201
76484: -115 -135 -85 265
76485: -115 -135 -86 329
76486: -115 -135 -87 393
76487: -115 -135 -88 457
76491: -115 -143 -84 202
76492: -115 -143 -85 266
76493: -115 -143 -86 330
76499: -115 -151 -84 203
76515: -115 -167 -84 205
76544: -123 -136 -81 9
76545: -123 -136 -82 73
76547: -123 -136 -84 201
76548: -123 -136 -85 265
76549: -123 -136 -86 329
76550: -123 -136 -87 393
76551: -123 -136 -88 457
76555: -123 -144 -84 202
76556: -123 -144 -85 266
76559: -123 -144 -88 458
76579: -123 -168 -84 205
76580: -123 -168 -85 269
76589: -123 -176 -86 334
76762: -147 -155 -147 148
76770: -147 -163 -147 149
76778: -147 -171 -147 150
76794: -147 -187 -147 152
76804: -155 -132 -149 273
76814: -155 -140 -151 402
76819: -155 -148 -148 211
76838: -155 -164 -151 405
76846: -155 -172 -151 406
76852: -155 -180 -149 279
76853: -155 -180 -150 343
76862: -155 -188 -151 408
76893: -163 -157 -150 340
76894: -163 -157 -151 404
76895: -163 -157 -152 468
76907: -163 -173 -148 214
76931: -171 -134 -148 209
76934: -171 -134 -151 401
76935: -171 -134 -152 465
76940: -171 -142 -149 274
76949: -171 -150 -150 339
76995: -179 -135 -148 209
76996: -179 -135 -149 273
76997: -179 -135 -150 337
77003: -179 -143 -148 210
77004: -179 -143 -149 274
77021: -179 -159 -150 340
77027: -179 -167 -148 213
77035: -179 -175 -148 214
77036: -179 -175 -149 278
77059: -187 -136 -148 209
77060: -187 -136 -149 273
77061: -187 -136 -150 337
77067: -187 -144 -148 210
77068: -187 -144 -149 274
77079: -187 -152 -152 467
77080: -187 -160 -145 20
77083: -187 -160 -148 212
77110: -187 -184 -151 407
77139: -195 -145 -212 219
77142: -195 -145 -215 411
77143: -195 -145 -216 475
77153: -195 -161 -210 93
77155: -195 -161 -212 221
77156: -195 -161 -213 285
77157: -195 -161 -214 349
77158: -195 -161 -215 413
77159: -195 -161 -216 477
77160: -195 -169 -209 30
77164: -195 -169 -213 286
77165: -195 -169 -214 350
77166: -195 -169 -215 414
77167: -195 -169 -216 478
77168: -195 -177 -209 31
77172: -195 -177 -213 287
77174: -195 -177 -215 415
77176: -195 -185 -209 32
77181: -195 -185 -214 352
77212: -203 -154 -213 284
77220: -203 -162 -213 285
77236: -203 -178 -213 287
77240: -203 -186 -209 32
77244: -203 -186 -213 288
77274: -211 -155 -211 156
77282: -211 -163 -211 157
77290: -211 -171 -211 158
77298: -211 -179 -211 159
77315: -219 -132 -212 217
77316: -219 -132 -213 281
77320: -219 -140 -209 26
77364: -219 -180 -213 287
77376: -227 -133 -209 25
77380: -227 -133 -213 281
77384: -227 -141 -209 26
77388: -227 -141 -213 282
77392: -227 -149 -209 27
77396: -227 -149 -213 283
77404: -227 -157 -213 284
77412: -227 -165 -213 285
77414: -227 -165 -215 413
77416: -227 -173 -209 30
77420: -227 -173 -213 286
77428: -227 -181 -213 287
77436: -227 -189 -213 288
77440: -235 -134 -209 25
77444: -235 -134 -213 281
77448: -235 -142 -209 26
77452: -235 -142 -213 282
77460: -235 -150 -213 283
77476: -235 -166 -213 285
77500: -235 -190 -213 288
77504: -243 -135 -209 25
77508: -243 -135 -213 281
77512: -243 -143 -209 26
77516: -243 -143 -213 282
77524: -243 -151 -213 283
77532: -243 -159 -213 284
77540: -243 -167 -213 285
77564: -243 -191 -213 288
77568: -251 -136 -209 25
77571: -251 -136 -212 217
77572: -251 -136 -213 281
77574: -251 -136 -215 409
77575: -251 -136 -216 473
77576: -251 -144 -209 26
77580: -251 -144 -213 282
77584: -251 -152 -209 27
77588: -251 -152 -213 283
77596: -251 -160 -213 284
77604: -251 -168 -213 285
77612: -251 -176 -213 286
77613: -251 -176 -214 350
77648: -259 -145 -273 35
77657: -259 -153 -274 100
77660: -259 -153 -277 292
77661: -259 -153 -278 356
77662: -259 -153 -279 420
77663: -259 -153 -280 484
77672: -259 -169 -273 38
77675: -259 -169 -276 230
77680: -259 -177 -273 39
77683: -259 -177 -276 231
77685: -259 -177 -278 359
77688: -259 -185 -273 40
77693: -259 -185 -278 360
77721: -267 -154 -274 100
77731: -267 -162 -276 229
77736: -267 -170 -273 38
77739: -267 -170 -276 230
77747: -267 -178 -276 231
77755: -267 -186 -276 232
77778: -275 -147 -275 163
77786: -275 -155 -275 164
77794: -275 -163 -275 165
77802: -275 -171 -275 166
77818: -275 -187 -275 168
77824: -283 -132 -273 33
77825: -283 -132 -274 97
77835: -283 -140 -276 226
77836: -283 -140 -277 290
77837: -283 -140 -278 354
77839: -283 -140 -280 482
77840: -283 -148 -273 35
77844: -283 -148 -277 291
77845: -283 -148 -278 355
77852: -283 -156 -277 292
77856: -283 -164 -273 37
77868: -283 -172 -277 294
77875: -283 -180 -276 231
77884: -283 -188 -277 296
77895: -291 -133 -280 481
77896: -291 -141 -273 34
77928: -291 -173 -273 38
77931: -291 -173 -276 230
77939: -291 -181 -276 231
77952: -299 -134 -273 33
77955: -299 -134 -276 225
77956: -299 -134 -277 289
77960: -299 -142 -273 34
77963: -299 -142 -276 226
77964: -299 -142 -277 290
77966: -299 -142 -279 418
77967: -299 -142 -280 482
77968: -299 -150 -273 35
77979: -299 -158 -276 228
78016: -307 -135 -273 33
78019: -307 -135 -276 225
78027: -307 -143 -276 226
78028: -307 -143 -277 290
78029: -307 -143 -278 354
78031: -307 -143 -280 482
78035: -307 -151 -276 227
78043: -307 -159 -276 228
78048: -307 -167 -273 37
78067: -307 -183 -276 231
78080: -315 -136 -273 33
78083: -315 -136 -276 225
78084: -315 -136 -277 289
78086: -315 -136 -279 417
78091: -315 -144 -276 226
78092: -315 -144 -277 290
78093: -315 -144 -278 354
78094: -315 -144 -279 418
78099: -315 -152 -276 227
78107: -315 -160 -276 228
78108: -315 -160 -277 292
78115: -315 -168 -276 229
78131: -315 -184 -276 231
78169: -323 -153 -338 108
78172: -323 -153 -341 300
78173: -323 -153 -342 364
78174: -323 -153 -343 428
78175: -323 -153 -344 492
78176: -323 -161 -337 45
78179: -323 -161 -340 237
78180: -323 -161 -341 301
78200: -323 -185 -337 48
78207: -323 -185 -344 496
78232: -331 -154 -337 44
78233: -331 -154 -338 108
78237: -331 -154 -342 364
78248: -331 -170 -337 46
78262: -331 -178 -343 431
78269: -331 -186 -342 368
78290: -339 -147 -339 171
78314: -339 -171 -339 174
78322: -339 -179 -339 175
78330: -339 -187 -339 176
78336: -347 -132 -337 41
78339: -347 -132 -340 233
78345: -347 -140 -338 106
78388: -347 -180 -341 303
78392: -347 -188 -337 48
78400: -355 -133 -337 41
78404: -355 -133 -341 297
78408: -355 -141 -337 42
78413: -355 -141 -342 362
78415: -355 -141 -344 490
78436: -355 -165 -341 301
78467: -363 -134 -340 233
78468: -363 -134 -341 297
78472: -363 -142 -337 42
78539: -371 -143 -340 234
78552: -371 -159 -337 44
78555: -371 -159 -340 236
78592: -379 -136 -337 41
78595: -379 -136 -340 233
78596: -379 -136 -341 297
78598: -379 -136 -343 425
78599: -379 -136 -344 489
78603: -379 -144 -340 234
78604: -379 -144 -341 298
78605: -379 -144 -342 362
78684: -387 -153 -405 308
78688: -387 -161 -401 53
78689: -387 -161 -402 117
78691: -387 -161 -404 245
78692: -387 -161 -405 309
78695: -387 -161 -408 501
78696: -387 -169 -401 54
78744: -395 -154 -401 52
78766: -395 -170 -407 438
78783: -395 -186 -408 504
78802: -403 -147 -403 179
78810: -403 -155 -403 180
78818: -403 -163 -403 181
78826: -403 -171 -403 182
78834: -403 -179 -403 183
78842: -403 -187 -403 184
78848: -411 -132 -401 49
78851: -411 -132 -404 241
78852: -411 -132 -405 305
78853: -411 -132 -406 369
78857: -411 -140 -402 114
78865: -411 -148 -402 115
78889: -411 -172 -402 118
78897: -411 -180 -402 119
78905: -411 -188 -402 120
78908: -411 -188 -405 312
78910: -411 -188 -407 440
78911: -411 -188 -408 504
78912: -419 -133 -401 49
78926: -419 -141 -407 434
78929: -419 -149 -402 115
78948: -419 -165 -405 309
78953: -419 -173 -402 118
78961: -419 -181 -402 119
78969: -419 -189 -402 120
78987: -427 -142 -404 242
78988: -427 -142 -405 306
78990: -427 -142 -407 434
79043: -435 -135 -404 241
79045: -435 -135 -406 369
79048: -435 -143 -401 50
79081: -435 -175 -402 118
79097: -435 -191 -402 120
79105: -443 -136 -402 113
79115: -443 -144 -404 242
79116: -443 -144 -405 306
79117: -443 -144 -406 370
79118: -443 -144 -407 434
79126: -443 -152 -407 435
79196: -451 -153 -469 316
79206: -451 -161 -471 445
79215: -451 -169 -472 510
79256: -459 -154 -465 60
79265: -459 -162 -466 125
79267: -459 -162 -468 253
79270: -459 -162 -471 445
79271: -459 -162 -472 509
79287: -459 -178 -472 511
79314: -467 -147 -467 187
79330: -467 -163 -467 189
79346: -467 -179 -467 191
79354: -467 -187 -467 192
79360: -475 -132 -465 57
79363: -475 -132 -468 249
79369: -475 -140 -466 122
79387: -475 -156 -468 252
79415: -475 -180 -472 511
79424: -483 -133 -465 57
79425: -483 -133 -466 121
79432: -483 -141 -465 58
79435: -483 -141 -468 250
79438: -483 -141 -471 442
79439: -483 -141 -472 506
79441: -483 -149 -466 123
79443: -483 -149 -468 251
79445: -483 -149 -470 379
79449: -483 -157 -466 124
79451: -483 -157 -468 252
79452: -483 -157 -469 316
79460: -483 -165 -469 317
79479: -483 -181 -472 511
79489: -491 -134 -466 121
79497: -491 -142 -466 122
79499: -491 -142 -468 250
79500: -491 -142 -469 314
79502: -491 -142 -471 442
79503: -491 -142 -472 506
79545: -491 -190 -466 128
79551: -491 -190 -472 512
79552: -499 -135 -465 57
79553: -499 -135 -466 121
79558: -499 -135 -471 441
79563: -499 -143 -468 250
79564: -499 -143 -469 314
79566: -499 -143 -471 442
79567: -499 -143 -472 506
79598: -499 -175 -471 446
79615: -499 -191 -472 512
79620: -507 -136 -469 313
79649: -507 -168 -466 125
79940: -36 -197 -29 257
79948: -36 -205 -29 258
79956: -36 -213 -29 259
79964: -36 -221 -29 260
79972: -36 -229 -29 261
79980: -36 -237 -29 262
79988: -36 -245 -29 263
79996: -36 -253 -29 264
80209: -68 -209 -90 75
80210: -68 -209 -91 139
80212: -68 -209 -93 267
80213: -68 -209 -94 331
80214: -68 -209 -95 395
80215: -68 -209 -96 459
80216: -68 -217 -89 12
80224: -68 -225 -89 13
80226: -68 -225 -91 141
80234: -68 -233 -91 142
80242: -68 -241 -91 143
80250: -68 -249 -91 144
80258: -76 -194 -91 137
80261: -76 -194 -94 329
80288: -76 -226 -89 13
80308: -76 -242 -93 271
80322: -84 -195 -91 137
80324: -84 -195 -93 265
80328: -84 -203 -89 10
80330: -84 -203 -91 138
80338: -84 -211 -91 139
80344: -84 -219 -89 12
80346: -84 -219 -91 140
80352: -84 -227 -89 13
80353: -84 -227 -90 77
80354: -84 -227 -91 141
80357: -84 -227 -94 333
80358: -84 -227 -95 397
80359: -84 -227 -96 461
80360: -84 -235 -89 14
80370: -84 -243 -91 143
80378: -84 -251 -91 144
80395: -92 -204 -92 202
80403: -92 -212 -92 203
80419: -92 -228 -92 205
80427: -92 -236 -92 206
80435: -92 -244 -92 207
80443: -92 -252 -92 208
80456: -100 -205 -89 10
80458: -100 -205 -91 138
80466: -100 -213 -91 139
80490: -100 -237 -91 142
80492: -100 -237 -93 270
80493: -100 -237 -94 334
80497: -100 -245 -90 79
80502: -100 -245 -95 399
80508: -100 -253 -93 272
80509: -100 -253 -94 336
80512: -108 -198 -89 9
80514: -108 -198 -91 137
80519: -108 -198 -96 457
80530: -108 -214 -91 139
80536: -108 -222 -89 12
80544: -108 -230 -89 13
80545: -108 -230 -90 77
80546: -108 -230 -91 141
80550: -108 -230 -95 397
80551: -108 -230 -96 461
80576: -116 -199 -89 9
80580: -116 -199 -93 265
80584: -116 -207 -89 10
80594: -116 -215 -91 139
80597: -116 -215 -94 331
80605: -116 -223 -94 332
80608: -116 -231 -89 13
80609: -116 -231 -90 77
80610: -116 -231 -91 141
80612: -116 -231 -93 269
80613: -116 -231 -94 333
80615: -116 -231 -96 461
80637: -116 -255 -94 336
80640: -124 -200 -89 9
80642: -124 -200 -91 137
80644: -124 -200 -93 265
80645: -124 -200 -94 329
80648: -124 -208 -89 10
80658: -124 -216 -91 139
80672: -124 -232 -89 13
80673: -124 -232 -90 77
80674: -124 -232 -91 141
80676: -124 -232 -93 269
80677: -124 -232 -94 333
80678: -124 -232 -95 397
80679: -124 -232 -96 461
80714: -132 -201 -155 146
80716: -132 -201 -157 274
80718: -132 -201 -159 402
80719: -132 -201 -160 466
80737: -132 -225 -154 85
80744: -132 -233 -153 22
80751: -132 -233 -160 470
80753: -132 -241 -154 87
80765: -132 -249 -158 344
80769: -140 -194 -154 81
80784: -140 -210 -153 19
80785: -140 -210 -154 83
80792: -140 -218 -153 20
80793: -140 -218 -154 84
80801: -140 -226 -154 85
80809: -140 -234 -154 86
80816: -140 -242 -153 23
80817: -140 -242 -154 87
80825: -140 -250 -154 88
80833: -148 -195 -154 81
80837: -148 -195 -158 337
80838: -148 -195 -159 401
80839: -148 -195 -160 465
80915: -156 -212 -156 211
80923: -156 -220 -156 212
80939: -156 -236 -156 214
80947: -156 -244 -156 215
80955: -156 -252 -156 216
80969: -164 -205 -154 82
80973: -164 -205 -158 338
80974: -164 -205 -159 402
80976: -164 -213 -153 19
80978: -164 -213 -155 147
80981: -164 -213 -158 339
80982: -164 -213 -159 403
80983: -164 -213 -160 467
81000: -164 -237 -153 22
81002: -164 -237 -155 150
81005: -164 -237 -158 342
81018: -164 -253 -155 152
81020: -164 -253 -157 280
81023: -164 -253 -160 472
81024: -172 -198 -153 17
81025: -172 -198 -154 81
81028: -172 -198 -157 273
81033: -172 -206 -154 82
81036: -172 -206 -157 274
81041: -172 -214 -154 83
81042: -172 -214 -155 147
81044: -172 -214 -157 275
81046: -172 -214 -159 403
81047: -172 -214 -160 467
81054: -172 -222 -159 404
81056: -172 -230 -153 21
81058: -172 -230 -155 149
81060: -172 -230 -157 277
81061: -172 -230 -158 341
81072: -172 -246 -153 23
81088: -180 -199 -153 17
81089: -180 -199 -154 81
81092: -180 -199 -157 273
81093: -180 -199 -158 337
81097: -180 -207 -154 82
81106: -180 -215 -155 147
81109: -180 -215 -158 339
81110: -180 -215 -159 403
81112: -180 -223 -153 20
81114: -180 -223 -155 148
81120: -180 -231 -153 21
81122: -180 -231 -155 149
81124: -180 -231 -157 277
81125: -180 -231 -158 341
81127: -180 -231 -160 469
81128: -180 -239 -153 22
81152: -188 -200 -153 17
81153: -188 -200 -154 81
81156: -188 -200 -157 273
81161: -188 -208 -154 82
81169: -188 -216 -154 83
81173: -188 -216 -158 339
81174: -188 -216 -159 403
81175: -188 -216 -160 467
81182: -188 -224 -159 404
81184: -188 -232 -153 21
81186: -188 -232 -155 149
81188: -188 -232 -157 277
81189: -188 -232 -158 341
81190: -188 -232 -159 405
81191: -188 -232 -160 469
81192: -188 -240 -153 22
81200: -188 -248 -153 23
81208: -188 -256 -153 24
81305: -204 -218 -218 92
81345: -212 -195 -218 89
81350: -212 -195 -223 409
81359: -212 -203 -224 474
81370: -212 -219 -219 156
81401: -212 -251 -218 96
81405: -212 -251 -222 352
81451: -220 -236 -220 222
81546: -236 -206 -219 154
81559: -236 -214 -224 475
81602: -244 -199 -219 153
81621: -244 -215 -222 347
81622: -244 -215 -223 411
81634: -244 -231 -219 157
81637: -244 -231 -222 349
81665: -252 -200 -218 89
81666: -252 -200 -219 153
81697: -252 -232 -218 93
81792: -268 -194 -281 33
81793: -268 -194 -282 97
81794: -268 -194 -283 161
81796: -268 -194 -285 289
81797: -268 -194 -286 353
81798: -268 -194 -287 417
81799: -268 -194 -288 481
81825: -268 -226 -282 101
81829: -268 -226 -286 357
81831: -268 -226 -288 485
81833: -268 -234 -282 102
81841: -268 -242 -282 103
81842: -268 -242 -283 167
81849: -268 -250 -282 104
81856: -276 -195 -281 33
81857: -276 -195 -282 97
81858: -276 -195 -283 161
81860: -276 -195 -285 289
81861: -276 -195 -286 353
81862: -276 -195 -287 417
81863: -276 -195 -288 481
81923: -284 -196 -284 225
82048: -300 -198 -281 33
82049: -300 -198 -282 97
82050: -300 -198 -283 161
82052: -300 -198 -285 289
82053: -300 -198 -286 353
82054: -300 -198 -287 417
82055: -300 -198 -288 481
82066: -300 -214 -283 163
82085: -300 -230 -286 357
82090: -300 -238 -283 166
82112: -308 -199 -281 33
82113: -308 -199 -282 97
82114: -308 -199 -283 161
82116: -308 -199 -285 289
82117: -308 -199 -286 353
82118: -308 -199 -287 417
82119: -308 -199 -288 481
82126: -308 -207 -287 418
82138: -308 -223 -283 164
82145: -308 -231 -282 101
82146: -308 -231 -283 165
82150: -308 -231 -287 421
82151: -308 -231 -288 485
82166: -308 -247 -287 423
82176: -316 -200 -281 33
82177: -316 -200 -282 97
82178: -316 -200 -283 161
82180: -316 -200 -285 289
82181: -316 -200 -286 353
82182: -316 -200 -287 417
82183: -316 -200 -288 481
82194: -316 -216 -283 163
82209: -316 -232 -282 101
82210: -316 -232 -283 165
82213: -316 -232 -286 357
82214: -316 -232 -287 421
82215: -316 -232 -288 485
82250: -324 -201 -347 170
82252: -324 -201 -349 298
82253: -324 -201 -350 362
82254: -324 -201 -351 426
82256: -324 -209 -345 43
82261: -324 -209 -350 363
82290: -324 -241 -347 175
82298: -324 -249 -347 176
82301: -324 -249 -350 368
82302: -324 -249 -351 432
82304: -332 -194 -345 41
82311: -332 -194 -352 489
82336: -332 -226 -345 45
82338: -332 -226 -347 173
82341: -332 -226 -350 365
82342: -332 -226 -351 429
82343: -332 -226 -352 493
82360: -332 -250 -345 48
82368: -340 -195 -345 41
82370: -340 -195 -347 169
82376: -340 -203 -345 42
82394: -340 -219 -347 172
82397: -340 -219 -350 364
82400: -340 -227 -345 45
82401: -340 -227 -346 109
82404: -340 -227 -349 301
82405: -340 -227 -350 365
82406: -340 -227 -351 429
82407: -340 -227 -352 493
82413: -340 -235 -350 366
82443: -348 -204 -348 234
82451: -348 -212 -348 235
82475: -348 -236 -348 238
82483: -348 -244 -348 239
82491: -348 -252 -348 240
82512: -356 -213 -345 43
82536: -356 -237 -345 46
82537: -356 -237 -346 110
82551: -356 -245 -352 495
82565: -364 -198 -350 361
82592: -364 -230 -345 45
82624: -372 -199 -345 41
82648: -372 -223 -345 44
82656: -372 -231 -345 45
82657: -372 -231 -346 109
82658: -372 -231 -347 173
82661: -372 -231 -350 365
82663: -372 -231 -352 493
82688: -380 -200 -345 41
82695: -380 -200 -352 489
82720: -380 -232 -345 45
82721: -380 -232 -346 109
82722: -380 -232 -347 173
82725: -380 -232 -350 365
82726: -380 -232 -351 429
82744: -380 -256 -345 48
82762: -388 -201 -411 178
82792: -388 -233 -409 54
82816: -396 -194 -409 49
82818: -396 -194 -411 177
82824: -396 -202 -409 50
82825: -396 -202 -410 114
82826: -396 -202 -411 178
82828: -396 -202 -413 306
82829: -396 -202 -414 370
82830: -396 -202 -415 434
82831: -396 -202 -416 498
82834: -396 -210 -411 179
82840: -396 -218 -409 52
82849: -396 -226 -410 117
82850: -396 -226 -411 181
82853: -396 -226 -414 373
82854: -396 -226 -415 437
82855: -396 -226 -416 501
82870: -396 -242 -415 439
82880: -404 -195 -409 49
82882: -404 -195 -411 177
82886: -404 -195 -415 433
82906: -404 -219 -411 180
82913: -404 -227 -410 117
82916: -404 -227 -413 309
82917: -404 -227 -414 373
82918: -404 -227 -415 437
82919: -404 -227 -416 501
82955: -412 -204 -412 242
82963: -412 -212 -412 243
82979: -412 -228 -412 245
82987: -412 -236 -412 246
82995: -412 -244 -412 247
83003: -412 -252 -412 248
83016: -420 -205 -409 50
83024: -420 -213 -409 51
83056: -420 -245 -409 55
83068: -420 -253 -413 312
83072: -428 -198 -409 49
83074: -428 -198 -411 177
83076: -428 -198 -413 305
83105: -428 -230 -410 117
83106: -428 -230 -411 181
83108: -428 -230 -413 309
83109: -428 -230 -414 373
83110: -428 -230 -415 437
83111: -428 -230 -416 501
83141: -436 -199 -414 369
83168: -436 -231 -409 53
83200: -444 -200 -409 49
83233: -444 -232 -410 117
83234: -444 -232 -411 181
83237: -444 -232 -414 373
83238: -444 -232 -415 437
83272: -452 -201 -473 58
83280: -452 -209 -473 59
83312: -452 -241 -473 63
83328: -460 -194 -473 57
83329: -460 -194 -474 121
83330: -460 -194 -475 185
83332: -460 -194 -477 313
83333: -460 -194 -478 377
83334: -460 -194 -479 441
83335: -460 -194 -480 505
83362: -460 -226 -475 189
83365: -460 -226 -478 381
83366: -460 -226 -479 445
83367: -460 -226 -480 509
83385: -460 -250 -474 128
83392: -468 -195 -473 57
83394: -468 -195 -475 185
83408: -468 -211 -473 59
83418: -468 -219 -475 188
83425: -468 -227 -474 125
83428: -468 -227 -477 317
83429: -468 -227 -478 381
83430: -468 -227 -479 445
83431: -468 -227 -480 509
83440: -468 -243 -473 63
83467: -476 -204 -476 250
83475: -476 -212 -476 251
83499: -476 -236 -476 254
83507: -476 -244 -476 255
83515: -476 -252 -476 256
83536: -484 -213 -473 59
83540: -484 -213 -477 315
83541: -484 -213 -478 379
83542: -484 -213 -479 443
83566: -484 -237 -479 446
83569: -484 -245 -474 127
83577: -484 -253 -474 128
83584: -492 -198 -473 57
83588: -492 -198 -477 313
83616: -492 -230 -473 61
83617: -492 -230 -474 125
83618: -492 -230 -475 189
83622: -492 -230 -479 445
83623: -492 -230 -480 509
83648: -500 -199 -473 57
83649: -500 -199 -474 121
83654: -500 -199 -479 441
83680: -500 -231 -473 61
83681: -500 -231 -474 125
83682: -500 -231 -475 189
83685: -500 -231 -478 381
83687: -500 -231 -480 509
83744: -508 -232 -473 61
83971: -29 -260 -36 193
83979: -29 -268 -36 194
83987: -29 -276 -36 195
83995: -29 -284 -36 196
84003: -29 -292 -36 197
84011: -29 -300 -36 198
84019: -29 -308 -36 199
84027: -29 -316 -36 200
84305: -69 -273 -98 75
84307: -69 -273 -100 203
84314: -69 -281 -99 140
84320: -69 -289 -97 13
84328: -69 -297 -97 14
84330: -69 -297 -99 142
84336: -69 -305 -97 15
84346: -69 -313 -99 144
84354: -77 -258 -99 137
84376: -77 -282 -97 12
84416: -85 -259 -97 9
84418: -85 -259 -99 137
84426: -85 -267 -99 138
84433: -85 -275 -98 75
84434: -85 -275 -99 139
84442: -85 -283 -99 140
84448: -85 -291 -97 13
84449: -85 -291 -98 77
84450: -85 -291 -99 141
84451: -85 -291 -100 205
84456: -85 -299 -97 14
84457: -85 -299 -98 78
84458: -85 -299 -99 142
84461: -85 -299 -102 334
84466: -85 -307 -99 143
84473: -85 -315 -98 80
84474: -85 -315 -99 144
84497: -93 -276 -98 75
84498: -93 -276 -99 139
84499: -93 -276 -100 203
84503: -93 -276 -104 459
84521: -93 -300 -98 78
84525: -93 -300 -102 334
84531: -93 -308 -100 207
84534: -93 -308 -103 399
84537: -93 -316 -98 80
84543: -93 -316 -104 464
84556: -101 -269 -101 266
84564: -101 -277 -101 267
84588: -101 -301 -101 270
84596: -101 -309 -101 271
84604: -101 -317 -101 272
84608: -109 -262 -97 9
84609: -109 -262 -98 73
84610: -109 -262 -99 137
84616: -109 -270 -97 10
84632: -109 -286 -97 12
84633: -109 -286 -98 76
84634: -109 -286 -99 140
84635: -109 -286 -100 204
84639: -109 -286 -104 460
84642: -109 -294 -99 141
84666: -109 -318 -99 144
84672: -117 -263 -97 9
84674: -117 -263 -99 137
84675: -117 -263 -100 201
84696: -117 -287 -97 12
84697: -117 -287 -98 76
84698: -117 -287 -99 140
84700: -117 -287 -101 268
84701: -117 -287 -102 332
84704: -117 -295 -97 13
84705: -117 -295 -98 77
84736: -125 -264 -97 9
84738: -125 -264 -99 137
84739: -125 -264 -100 201
84741: -125 -264 -102 329
84742: -125 -264 -103 393
84743: -125 -264 -104 457
84744: -125 -272 -97 10
84760: -125 -288 -97 12
84761: -125 -288 -98 76
84762: -125 -288 -99 140
84765: -125 -288 -102 332
84766: -125 -288 -103 396
84768: -125 -296 -97 13
84809: -133 -265 -162 82
84810: -133 -265 -163 146
84811: -133 -265 -164 210
84813: -133 -265 -166 338
84814: -133 -265 -167 402
84815: -133 -265 -168 466
84832: -133 -289 -161 21
84840: -133 -297 -161 22
84841: -133 -297 -162 86
84848: -133 -305 -161 23
84849: -133 -305 -162 87
84853: -133 -305 -166 343
84856: -133 -313 -161 24
84857: -133 -313 -162 88
84862: -133 -313 -167 408
84864: -141 -258 -161 17
84867: -141 -258 -164 209
84889: -141 -282 -162 84
84893: -141 -282 -166 340
84897: -141 -290 -162 85
84905: -141 -298 -162 86
84913: -141 -306 -162 87
84921: -141 -314 -162 88
84929: -149 -259 -162 81
84933: -149 -259 -166 337
84934: -149 -259 -167 401
84935: -149 -259 -168 465
84952: -149 -283 -161 20
85001: -157 -268 -162 82
85002: -157 -268 -163 146
85003: -157 -268 -164 210
85006: -157 -268 -167 402
85007: -157 -268 -168 466
85008: -157 -276 -161 19
85009: -157 -276 -162 83
85010: -157 -276 -163 147
85011: -157 -276 -164 211
85013: -157 -276 -166 339
85014: -157 -276 -167 403
85015: -157 -276 -168 467
85032: -157 -300 -161 22
85034: -157 -300 -163 150
85037: -157 -300 -166 342
85040: -157 -308 -161 23
85047: -157 -308 -168 471
85048: -157 -316 -161 24
85051: -157 -316 -164 216
85053: -157 -316 -166 344
85068: -165 -269 -165 274
85076: -165 -277 -165 275
85100: -165 -301 -165 278
85108: -165 -309 -165 279
85116: -165 -317 -165 280
85120: -173 -262 -161 17
85121: -173 -262 -162 81
85123: -173 -262 -164 209
85126: -173 -262 -167 401
85127: -173 -262 -168 465
85129: -173 -270 -162 82
85131: -173 -270 -164 210
85144: -173 -286 -161 20
85145: -173 -286 -162 84
85146: -173 -286 -163 148
85147: -173 -286 -164 212
85149: -173 -286 -166 340
85150: -173 -286 -167 404
85151: -173 -286 -168 468
85152: -173 -294 -161 21
85155: -173 -294 -164 213
85163: -173 -302 -164 214
85171: -173 -310 -164 215
85184: -181 -263 -161 17
85187: -181 -263 -164 209
85193: -181 -271 -162 82
85200: -181 -279 -161 19
85208: -181 -287 -161 20
85209: -181 -287 -162 84
85210: -181 -287 -163 148
85213: -181 -287 -166 340
85214: -181 -287 -167 404
85215: -181 -287 -168 468
85216: -181 -295 -161 21
85240: -181 -319 -161 24
85248: -189 -264 -161 17
85249: -189 -264 -162 81
85259: -189 -272 -164 210
85264: -189 -280 -161 19
85272: -189 -288 -161 20
85273: -189 -288 -162 84
85274: -189 -288 -163 148
85277: -189 -288 -166 340
85278: -189 -288 -167 404
85296: -189 -312 -161 23
85376: -205 -258 -225 25
85377: -205 -258 -226 89
85378: -205 -258 -227 153
85379: -205 -258 -228 217
85381: -205 -258 -230 345
85382: -205 -258 -231 409
85383: -205 -258 -232 473
85401: -205 -282 -226 92
85406: -205 -282 -231 412
85418: -205 -298 -227 158
85426: -205 -306 -227 159
85434: -205 -314 -227 160
85440: -213 -259 -225 25
85441: -213 -259 -226 89
85442: -213 -259 -227 153
85443: -213 -259 -228 217
85445: -213 -259 -230 345
85446: -213 -259 -231 409
85447: -213 -259 -232 473
85449: -213 -267 -226 90
85465: -213 -283 -226 92
85466: -213 -283 -227 156
85497: -213 -315 -226 96
85572: -229 -261 -229 281
85632: -237 -262 -225 25
85633: -237 -262 -226 89
85634: -237 -262 -227 153
85635: -237 -262 -228 217
85637: -237 -262 -230 345
85638: -237 -262 -231 409
85639: -237 -262 -232 473
85641: -237 -270 -226 90
85642: -237 -270 -227 154
85649: -237 -278 -226 91
85650: -237 -278 -227 155
85657: -237 -286 -226 92
85658: -237 -286 -227 156
85662: -237 -286 -231 412
85665: -237 -294 -226 93
85666: -237 -294 -227 157
85669: -237 -294 -230 349
85670: -237 -294 -231 413
85673: -237 -302 -226 94
85674: -237 -302 -227 158
85681: -237 -310 -226 95
85682: -237 -310 -227 159
85696: -245 -263 -225 25
85697: -245 -263 -226 89
85698: -245 -263 -227 153
85699: -245 -263 -228 217
85701: -245 -263 -230 345
85702: -245 -263 -231 409
85703: -245 -263 -232 473
85714: -245 -279 -227 155
85721: -245 -287 -226 92
85722: -245 -287 -227 156
85725: -245 -287 -230 348
85727: -245 -287 -232 476
85729: -245 -295 -226 93
85734: -245 -295 -231 413
85741: -245 -303 -230 350
85749: -245 -311 -230 351
85753: -245 -319 -226 96
85760: -253 -264 -225 25
85761: -253 -264 -226 89
85762: -253 -264 -227 153
85763: -253 -264 -228 217
85765: -253 -264 -230 345
85766: -253 -264 -231 409
85767: -253 -264 -232 473
85773: -253 -272 -230 346
85778: -253 -280 -227 155
85785: -253 -288 -226 92
85786: -253 -288 -227 156
85789: -253 -288 -230 348
85790: -253 -288 -231 412
85793: -253 -296 -226 93
85794: -253 -296 -227 157
85797: -253 -296 -230 349
85805: -253 -304 -230 350
85817: -253 -320 -226 96
85818: -253 -320 -227 160
85890: -269 -258 -291 161
85893: -269 -258 -294 353
85895: -269 -258 -296 481
85911: -269 -274 -296 483
85930: -269 -298 -291 166
85977: -277 -283 -290 100
85981: -277 -283 -294 356
85982: -277 -283 -295 420
85983: -277 -283 -296 484
85993: -277 -299 -290 102
85998: -277 -299 -295 422
86007: -277 -307 -296 487
86013: -277 -315 -294 360
86032: -285 -276 -289 35
86056: -285 -300 -289 38
86124: -293 -301 -293 294
86145: -301 -262 -290 97
86146: -301 -262 -291 161
86150: -301 -262 -295 417
86151: -301 -262 -296 481
86159: -301 -270 -296 482
86166: -301 -278 -295 419
86167: -301 -278 -296 483
86169: -301 -286 -290 100
86170: -301 -286 -291 164
86174: -301 -286 -295 420
86175: -301 -286 -296 484
86194: -301 -310 -291 167
86202: -301 -318 -291 168
86206: -301 -318 -295 424
86210: -309 -263 -291 161
86221: -309 -271 -294 354
86234: -309 -287 -291 164
86298: -317 -288 -291 164
86322: -317 -312 -291 167
86344: -325 -265 -353 42
86346: -325 -265 -355 170
86347: -325 -265 -356 234
86349: -325 -265 -358 362
86350: -325 -265 -359 426
86351: -325 -265 -360 490
86352: -325 -273 -353 43
86353: -325 -273 -354 107
86359: -325 -273 -360 491
86392: -325 -313 -353 48
86393: -325 -313 -354 112
86395: -325 -313 -356 240
86399: -325 -313 -360 496
86400: -333 -258 -353 41
86401: -333 -258 -354 105
86402: -333 -258 -355 169
86403: -333 -258 -356 233
86405: -333 -258 -358 361
86406: -333 -258 -359 425
86407: -333 -258 -360 489
86425: -333 -282 -354 108
86429: -333 -282 -358 364
86430: -333 -282 -359 428
86431: -333 -282 -360 492
86443: -333 -298 -356 238
86456: -333 -314 -353 48
86464: -341 -259 -353 41
86471: -341 -259 -360 489
86488: -341 -283 -353 44
86489: -341 -283 -354 108
86491: -341 -283 -356 236
86493: -341 -283 -358 364
86494: -341 -283 -359 428
86495: -341 -283 -360 492
86515: -341 -307 -356 239
86536: -349 -268 -353 42
86543: -349 -268 -360 490
86546: -349 -276 -355 171
86568: -349 -300 -353 46
86583: -349 -308 -360 495
86604: -357 -269 -357 298
86612: -357 -277 -357 299
86628: -357 -293 -357 301
86636: -357 -301 -357 302
86644: -357 -309 -357 303
86652: -357 -317 -357 304
86663: -365 -262 -360 489
86673: -365 -278 -354 107
86680: -365 -286 -353 44
86712: -365 -318 -353 48
86720: -373 -263 -353 41
86723: -373 -263 -356 233
86736: -373 -279 -353 43
86744: -373 -287 -353 44
86745: -373 -287 -354 108
86746: -373 -287 -355 172
86749: -373 -287 -358 364
86765: -373 -303 -358 366
86776: -373 -319 -353 48
86784: -381 -264 -353 41
86785: -381 -264 -354 105
86791: -381 -264 -360 489
86808: -381 -288 -353 44
86810: -381 -288 -355 172
86813: -381 -288 -358 364
86815: -381 -288 -360 492
86840: -381 -320 -353 48
86856: -389 -265 -417 50
86863: -389 -265 -424 498
86864: -389 -273 -417 51
86865: -389 -273 -418 115
86867: -389 -273 -420 243
86893: -389 -297 -422 374
86913: -397 -258 -418 113
86939: -397 -282 -420 244
86941: -397 -282 -422 372
86942: -397 -282 -423 436
86943: -397 -282 -424 500
86971: -397 -314 -420 248
86976: -405 -259 -417 49
86977: -405 -259 -418 113
86978: -405 -259 -419 177
86979: -405 -259 -420 241
86981: -405 -259 -422 369
87000: -405 -283 -417 52
87001: -405 -283 -418 116
87005: -405 -283 -422 372
87006: -405 -283 -423 436
87007: -405 -283 -424 500
87048: -413 -268 -417 50
87051: -413 -268 -420 242
87061: -413 -276 -422 371
87080: -413 -300 -417 54
87088: -413 -308 -417 55
87116: -421 -269 -421 306
87124: -421 -277 -421 307
87140: -421 -293 -421 309
87148: -421 -301 -421 310
87156: -421 -309 -421 311
87164: -421 -317 -421 312
87168: -429 -262 -417 49
87169: -429 -262 -418 113
87171: -429 -262 -420 241
87173: -429 -262 -422 369
87175: -429 -262 -424 497
87193: -429 -286 -418 116
87194: -429 -286 -419 180
87198: -429 -286 -423 436
87199: -429 -286 -424 500
87237: -437 -263 -422 369
87256: -437 -287 -417 52
87296: -445 -264 -417 49
87321: -445 -288 -418 116
87322: -445 -288 -419 180
87326: -445 -288 -423 436
87377: -453 -273 -482 123
87379: -453 -273 -484 251
87414: -453 -305 -487 447
87427: -461 -258 -484 249
87448: -461 -282 -481 60
87449: -461 -282 -482 124
87450: -461 -282 -483 188
87451: -461 -282 -484 252
87453: -461 -282 -486 380
87454: -461 -282 -487 444
87455: -461 -282 -488 508
87488: -469 -259 -481 57
87489: -469 -259 -482 121
87490: -469 -259 -483 185
87491: -469 -259 -484 249
87493: -469 -259 -486 377
87495: -469 -259 -488 505
87504: -469 -275 -481 59
87513: -469 -283 -482 124
87517: -469 -283 -486 380
87518: -469 -283 -487 444
87519: -469 -283 -488 508
87527: -469 -291 -488 509
87536: -469 -307 -481 63
87561: -477 -268 -482 122
87562: -477 -268 -483 186
87569: -477 -276 -482 123
87570: -477 -276 -483 187
87598: -477 -300 -487 446
87607: -477 -308 -488 511
87608: -477 -316 -481 64
87628: -485 -269 -485 314
87636: -485 -277 -485 315
87652: -485 -293 -485 317
87660: -485 -301 -485 318
87668: -485 -309 -485 319
87680: -493 -262 -481 57
87705: -493 -286 -482 124
87706: -493 -286 -483 188
87710: -493 -286 -487 444
87711: -493 -286 -488 508
87735: -493 -310 -488 511
87744: -501 -263 -481 57
87750: -501 -263 -487 441
87769: -501 -287 -482 124
87770: -501 -287 -483 188
87773: -501 -287 -486 380
87775: -501 -287 -488 508
87807: -501 -319 -488 512
87814: -509 -264 -487 441
87832: -509 -288 -481 60
87851: -509 -304 -484 254
88326: -62 -328 -47 385
88334: -62 -336 -47 386
88342: -62 -344 -47 387
88350: -62 -352 -47 388
88358: -62 -360 -47 389
88366: -62 -368 -47 390
88374: -62 -376 -47 391
88382: -62 -384 -47 392
88401: -70 -337 -106 75
88402: -70 -337 -107 139
88403: -70 -337 -108 203
88404: -70 -337 -109 267
88407: -70 -337 -112 459
88410: -70 -345 -107 140
88411: -70 -345 -108 204
88412: -70 -345 -109 268
88418: -70 -353 -107 141
88419: -70 -353 -108 205
88420: -70 -353 -109 269
88454: -78 -322 -111 393
88494: -78 -362 -111 398
88495: -78 -362 -112 462
88503: -78 -370 -112 463
88512: -86 -323 -105 9
88514: -86 -323 -107 137
88520: -86 -331 -105 10
88524: -86 -331 -109 266
88539: -86 -347 -108 204
88540: -86 -347 -109 268
88546: -86 -355 -107 141
88547: -86 -355 -108 205
88552: -86 -363 -105 14
88554: -86 -363 -107 142
88555: -86 -363 -108 206
88578: -94 -324 -107 137
88579: -94 -324 -108 201
88584: -94 -332 -105 10
88585: -94 -332 -106 74
88586: -94 -332 -107 138
88594: -94 -340 -107 139
88618: -94 -364 -107 142
88642: -102 -325 -107 137
88644: -102 -325 -109 265
88648: -102 -333 -105 10
88658: -102 -341 -107 139
88741: -110 -358 -110 333
88775: -118 -327 -112 457
88777: -118 -335 -106 74
88783: -118 -335 -112 458
88815: -118 -367 -112 462
88817: -118 -375 -106 79
88823: -118 -375 -112 463
88841: -126 -336 -106 74
88846: -126 -336 -111 394
88847: -126 -336 -112 458
88855: -126 -344 -112 459
88887: -126 -376 -112 463
88895: -126 -384 -112 464
88906: -134 -329 -171 146
88907: -134 -329 -172 210
88908: -134 -329 -173 274
88910: -134 -329 -175 402
88920: -134 -345 -169 20
88921: -134 -345 -170 84
88922: -134 -345 -171 148
88923: -134 -345 -172 212
88924: -134 -345 -173 276
88928: -134 -353 -169 21
88929: -134 -353 -170 85
88930: -134 -353 -171 149
88931: -134 -353 -172 213
88932: -134 -353 -173 277
88934: -134 -353 -175 405
88935: -134 -353 -176 469
88945: -134 -369 -170 87
88953: -134 -377 -170 88
88960: -142 -322 -169 17
88961: -142 -322 -170 81
88963: -142 -322 -172 209
88964: -142 -322 -173 273
88972: -142 -330 -173 274
88977: -142 -338 -170 83
88979: -142 -338 -172 211
88985: -142 -346 -170 84
88987: -142 -346 -172 212
88993: -142 -354 -170 85
88994: -142 -354 -171 149
89000: -142 -362 -169 22
89001: -142 -362 -170 86
89009: -142 -370 -170 87
89011: -142 -370 -172 215
89017: -142 -378 -170 88
89083: -150 -379 -172 216
89115: -158 -348 -172 212
89155: -166 -325 -172 209
89156: -166 -325 -173 273
89163: -166 -333 -172 210
89193: -166 -365 -170 86
89209: -166 -381 -170 88
89237: -174 -342 -174 339
89253: -174 -358 -174 341
89261: -174 -366 -174 342
89417: -198 -329 -234 90
89420: -198 -329 -237 282
89425: -198 -337 -234 91
89428: -198 -337 -237 283
89441: -198 -353 -234 93
89442: -198 -353 -235 157
89443: -198 -353 -236 221
89444: -198 -353 -237 285
89446: -198 -353 -239 413
89447: -198 -353 -240 477
89460: -198 -369 -237 287
89473: -206 -322 -234 89
89476: -206 -322 -237 281
89489: -206 -338 -234 91
89490: -206 -338 -235 155
89492: -206 -338 -237 283
89497: -206 -346 -234 92
89499: -206 -346 -236 220
89505: -206 -354 -234 93
89508: -206 -354 -237 285
89513: -206 -362 -234 94
89514: -206 -362 -235 158
89540: -214 -323 -237 281
89560: -214 -347 -233 28
89572: -214 -355 -237 285
89580: -214 -363 -237 286
89590: -214 -371 -239 415
89604: -222 -324 -237 281
89612: -222 -332 -237 282
89620: -222 -340 -237 283
89636: -222 -356 -237 285
89657: -222 -380 -234 96
89664: -230 -325 -233 25
89665: -230 -325 -234 89
89667: -230 -325 -236 217
89668: -230 -325 -237 281
89670: -230 -325 -239 409
89674: -230 -333 -235 154
89676: -230 -333 -237 282
89680: -230 -341 -233 27
89681: -230 -341 -234 91
89683: -230 -341 -236 219
89684: -230 -341 -237 283
89692: -230 -349 -237 284
89700: -230 -357 -237 285
89704: -230 -365 -233 30
89708: -230 -365 -237 286
89716: -230 -373 -237 287
89724: -230 -381 -237 288
89741: -238 -334 -238 346
89757: -238 -350 -238 348
89773: -238 -366 -238 350
89792: -246 -327 -233 25
89796: -246 -327 -237 281
89828: -246 -359 -237 285
89892: -254 -360 -237 285
89929: -262 -329 -298 98
89930: -262 -329 -299 162
89931: -262 -329 -300 226
89932: -262 -329 -301 290
89936: -262 -337 -297 35
89937: -262 -337 -298 99
89939: -262 -337 -300 227
89945: -262 -345 -298 100
89946: -262 -345 -299 164
89947: -262 -345 -300 228
89948: -262 -345 -301 292
89950: -262 -345 -303 420
89951: -262 -345 -304 484
89964: -262 -361 -301 294
89971: -262 -369 -300 231
89972: -262 -369 -301 295
89980: -262 -377 -301 296
89987: -270 -322 -300 225
90011: -270 -346 -300 228
90027: -270 -362 -300 230
90050: -278 -323 -299 161
90060: -278 -331 -301 290
90075: -278 -347 -300 228
90080: -278 -355 -297 37
90084: -278 -355 -301 293
90091: -278 -363 -300 230
90112: -286 -324 -297 33
90114: -286 -324 -299 161
90115: -286 -324 -300 225
90116: -286 -324 -301 289
90124: -286 -332 -301 290
90128: -286 -340 -297 35
90129: -286 -340 -298 99
90131: -286 -340 -300 227
90132: -286 -340 -301 291
90139: -286 -348 -300 228
90140: -286 -348 -301 292
90144: -286 -356 -297 37
90152: -286 -364 -297 38
90155: -286 -364 -300 230
90156: -286 -364 -301 294
90164: -286 -372 -301 295
90172: -286 -380 -301 296
90179: -294 -325 -300 225
90183: -294 -325 -304 481
90191: -294 -333 -304 482
90199: -294 -341 -304 483
90217: -294 -365 -298 102
90231: -294 -373 -304 487
90277: -302 -358 -302 357
90285: -302 -366 -302 358
90301: -302 -382 -302 360
90308: -310 -327 -301 289
90311: -310 -327 -304 481
90319: -310 -335 -304 482
90327: -310 -343 -304 483
90331: -310 -351 -300 228
90335: -310 -351 -304 484
90340: -310 -359 -301 293
90343: -310 -359 -304 485
90351: -310 -367 -304 486
90359: -310 -375 -304 487
90367: -310 -383 -304 488
90380: -318 -336 -301 290
90388: -318 -344 -301 291
90395: -318 -352 -300 228
90396: -318 -352 -301 292
90404: -318 -360 -301 293
90407: -318 -360 -304 485
90442: -326 -329 -363 170
90449: -326 -337 -362 107
90460: -326 -345 -365 300
90467: -326 -353 -364 237
90494: -326 -377 -367 432
90499: -334 -322 -364 233
90500: -334 -322 -365 297
90502: -334 -322 -367 425
90516: -334 -338 -365 299
90563: -342 -323 -364 233
90698: -358 -333 -363 170
90714: -358 -349 -363 172
91012: -398 -322 -429 305
91043: -398 -354 -428 245
91063: -398 -370 -432 503
91076: -406 -323 -429 305
91100: -406 -347 -429 308
91103: -406 -347 -432 500
91155: -414 -340 -428 243
91207: -422 -325 -432 497
91269: -430 -326 -430 369
91452: -446 -384 -429 312
91465: -454 -329 -490 122
91483: -454 -345 -492 252
91492: -454 -353 -493 317
91563: -462 -362 -492 254
91598: -470 -331 -495 442
91627: -470 -363 -492 254
91662: -478 -332 -495 442
91939: -510 -360 -492 253
92295: -47 -390 -56 449
92303: -47 -398 -56 450
92311: -47 -406 -56 451
92319: -47 -414 -56 452
92327: -47 -422 -56 453
92335: -47 -430 -56 454
92343: -47 -438 -56 455
92351: -47 -446 -56 456
92499: -71 -401 -116 203
92507: -71 -409 -116 204
92514: -71 -417 -115 141
92515: -71 -417 -116 205
92516: -71 -417 -117 269
92522: -71 -425 -115 142
92530: -71 -433 -115 143
92538: -71 -441 -115 144
92549: -79 -386 -118 329
92576: -79 -418 -113 13
92605: -79 -442 -118 336
92608: -87 -387 -113 9
92610: -87 -387 -115 137
92616: -87 -395 -113 10
92636: -87 -411 -117 268
92637: -87 -411 -118 332
92645: -87 -419 -118 333
92648: -87 -427 -113 14
92651: -87 -427 -116 206
92656: -87 -435 -113 15
92658: -87 -435 -115 143
92659: -87 -435 -116 207
92661: -87 -435 -118 335
92667: -87 -443 -116 208
92674: -95 -388 -115 137
92675: -95 -388 -116 201
92679: -95 -388 -120 457
92680: -95 -396 -113 10
92682: -95 -396 -115 138
92690: -95 -404 -115 139
92722: -95 -436 -115 143
92754: -103 -405 -115 139
92809: -111 -398 -114 74
92817: -111 -406 -114 75
92818: -111 -406 -115 139
92894: -119 -415 -119 396
92933: -127 -392 -118 329
92937: -127 -400 -114 74
92941: -127 -400 -118 330
92949: -127 -408 -118 331
92954: -127 -416 -115 140
92965: -127 -424 -118 333
92973: -127 -432 -118 334
92981: -127 -440 -118 335
92985: -127 -448 -114 80
92989: -127 -448 -118 336
93001: -135 -393 -178 82
93002: -135 -393 -179 146
93003: -135 -393 -180 210
93004: -135 -393 -181 274
93016: -135 -409 -177 20
93017: -135 -409 -178 84
93018: -135 -409 -179 148
93019: -135 -409 -180 212
93020: -135 -409 -181 276
93025: -135 -417 -178 85
93027: -135 -417 -180 213
93028: -135 -417 -181 277
93033: -135 -425 -178 86
93035: -135 -425 -180 214
93043: -135 -433 -180 215
93048: -135 -441 -177 24
93049: -135 -441 -178 88
93057: -143 -386 -178 81
93059: -143 -386 -180 209
93060: -143 -386 -181 273
93065: -143 -394 -178 82
93073: -143 -402 -178 83
93081: -143 -410 -178 84
93089: -143 -418 -178 85
93091: -143 -418 -180 213
93099: -143 -426 -180 214
93105: -143 -434 -178 87
93107: -143 -434 -180 215
93113: -143 -442 -178 88
93129: -151 -395 -178 82
93132: -151 -395 -181 274
93186: -159 -388 -179 145
93187: -159 -388 -180 209
93194: -159 -396 -179 146
93201: -159 -404 -178 83
93202: -159 -404 -179 147
93204: -159 -404 -181 275
93210: -159 -412 -179 148
93216: -159 -420 -177 21
93217: -159 -420 -178 85
93218: -159 -420 -179 149
93229: -159 -428 -182 342
93234: -159 -436 -179 151
93242: -159 -444 -179 152
93259: -167 -397 -180 210
93297: -167 -437 -178 87
93332: -175 -406 -181 275
93339: -175 -414 -180 212
93382: -183 -391 -183 401
93398: -183 -407 -183 403
93422: -183 -431 -183 406
93512: -199 -393 -241 26
93513: -199 -393 -242 90
93514: -199 -393 -243 154
93516: -199 -393 -245 282
93520: -199 -401 -241 27
93521: -199 -401 -242 91
93522: -199 -401 -243 155
93523: -199 -401 -244 219
93524: -199 -401 -245 283
93527: -199 -401 -248 475
93537: -199 -417 -242 93
93538: -199 -417 -243 157
93539: -199 -417 -244 221
93541: -199 -417 -246 349
93543: -199 -417 -248 477
93548: -199 -425 -245 286
93556: -199 -433 -245 287
93560: -199 -441 -241 32
93564: -199 -441 -245 288
93568: -207 -386 -241 25
93569: -207 -386 -242 89
93572: -207 -386 -245 281
93573: -207 -386 -246 345
93575: -207 -386 -248 473
93588: -207 -402 -245 283
93620: -207 -434 -245 287
93636: -215 -387 -245 281
93637: -215 -387 -246 345
93639: -215 -387 -248 473
93652: -215 -403 -245 283
93659: -215 -411 -244 220
93660: -215 -411 -245 284
93668: -215 -419 -245 285
93676: -215 -427 -245 286
93684: -215 -435 -245 287
93712: -223 -404 -241 27
93732: -223 -420 -245 285
93761: -231 -389 -242 89
93764: -231 -389 -245 281
93772: -231 -397 -245 282
93776: -231 -405 -241 27
93780: -231 -405 -245 283
93784: -231 -413 -241 28
93788: -231 -413 -245 284
93803: -231 -429 -244 222
93804: -231 -429 -245 286
93808: -231 -437 -241 31
93812: -231 -437 -245 287
93820: -231 -445 -245 288
93860: -239 -422 -245 285
94024: -263 -393 -305 34
94027: -263 -393 -308 226
94032: -263 -401 -305 35
94033: -263 -401 -306 99
94034: -263 -401 -307 163
94035: -263 -401 -308 227
94036: -263 -401 -309 291
94039: -263 -401 -312 483
94041: -263 -409 -306 100
94042: -263 -409 -307 164
94044: -263 -409 -309 292
94045: -263 -409 -310 356
94047: -263 -409 -312 484
94061: -263 -425 -310 358
94072: -263 -441 -305 40
94075: -263 -441 -308 232
94080: -271 -386 -305 33
94112: -271 -418 -305 37
94146: -279 -387 -307 161
94171: -279 -411 -308 228
94192: -279 -435 -305 39
94195: -279 -435 -308 231
94208: -287 -388 -305 33
94209: -287 -388 -306 97
94210: -287 -388 -307 161
94211: -287 -388 -308 225
94216: -287 -396 -305 34
94219: -287 -396 -308 226
94221: -287 -396 -310 354
94224: -287 -404 -305 35
94227: -287 -404 -308 227
94229: -287 -404 -310 355
94235: -287 -412 -308 228
94251: -287 -428 -308 230
94252: -287 -428 -309 294
94256: -287 -436 -305 39
94259: -287 -436 -308 231
94261: -287 -436 -310 359
94269: -287 -444 -310 360
94277: -295 -389 -310 353
94299: -295 -413 -308 228
94333: -295 -445 -310 360
94335: -295 -445 -312 488
94438: -311 -423 -311 421
94469: -319 -392 -310 353
94476: -319 -400 -309 290
94477: -319 -400 -310 354
94485: -319 -408 -310 355
94493: -319 -416 -310 356
94500: -319 -424 -309 293
94501: -319 -424 -310 357
94517: -319 -440 -310 359
94525: -319 -448 -310 360
94547: -327 -401 -372 235
94548: -327 -401 -373 299
94555: -327 -409 -372 236
94556: -327 -409 -373 300
94557: -327 -409 -374 364
94563: -327 -417 -372 237
94564: -327 -417 -373 301
94565: -327 -417 -374 365
94625: -335 -418 -370 109
94626: -335 -418 -371 173
94627: -335 -418 -372 237
94628: -335 -418 -373 301
94629: -335 -418 -374 365
94795: -359 -397 -372 234
94820: -359 -421 -373 301
95002: -383 -416 -371 172
95004: -383 -416 -373 300
95005: -383 -416 -374 364
95050: -391 -393 -435 178
95057: -391 -401 -434 115
95068: -391 -409 -437 308
95075: -391 -417 -436 245
95107: -399 -386 -436 241
95111: -399 -386 -440 497
95239: -415 -388 -440 497
95283: -415 -436 -436 247
95386: -431 -414 -435 180
95490: -447 -392 -435 177
95616: -463 -386 -497 57
95617: -463 -386 -498 121
95618: -463 -386 -499 185
95619: -463 -386 -500 249
95620: -463 -386 -501 313
95623: -463 -386 -504 505
95644: -463 -410 -501 316
95651: -463 -418 -500 253
95680: -471 -387 -497 57
95681: -471 -387 -498 121
95682: -471 -387 -499 185
95683: -471 -387 -500 249
95684: -471 -387 -501 313
95685: -471 -387 -502 377
95687: -471 -387 -504 505
95715: -471 -419 -500 253
95915: -495 -430 -500 254
95942: -503 -391 -503 441
95958: -503 -407 -503 443
95966: -503 -415 -503 444
95974: -503 -423 -503 445
95990: -503 -439 -503 447
95998: -503 -447 -503 448
96453: -56 -455 -62 321
96461: -56 -463 -62 322
96469: -56 -471 -62 323
96477: -56 -479 -62 324
96485: -56 -487 -62 325
96493: -56 -495 -62 326
96501: -56 -503 -62 327
96509: -56 -511 -62 328
96593: -72 -465 -122 75
96595: -72 -465 -124 203
96597: -72 -465 -126 331
96603: -72 -473 -124 204
96610: -72 -481 -123 141
96611: -72 -481 -124 205
96612: -72 -481 -125 269
96626: -72 -497 -123 143
96661: -80 -466 -126 331
96665: -80 -474 -122 76
96670: -80 -474 -127 396
96677: -80 -482 -126 333
96704: -88 -451 -121 9
96706: -88 -451 -123 137
96716: -88 -459 -125 266
96730: -88 -475 -123 140
96731: -88 -475 -124 204
96732: -88 -475 -125 268
96739: -88 -483 -124 205
96755: -88 -499 -124 207
96760: -88 -507 -121 16
96762: -88 -507 -123 144
96768: -96 -452 -121 9
96771: -96 -452 -124 201
96786: -96 -468 -123 139
96811: -96 -492 -124 206
96826: -96 -508 -123 144
96836: -104 -453 -125 265
96850: -104 -469 -123 139
96901: -112 -454 -126 329
96902: -112 -454 -127 393
96905: -112 -462 -122 74
96909: -112 -462 -126 330
96910: -112 -462 -127 394
96913: -112 -470 -122 75
96917: -112 -470 -126 331
96921: -112 -478 -122 76
96929: -112 -486 -122 77
96933: -112 -486 -126 333
96937: -112 -494 -122 78
96953: -112 -510 -122 80
96957: -112 -510 -126 336
96958: -112 -510 -127 400
96973: -120 -463 -126 330
96978: -120 -471 -123 139
96981: -120 -471 -126 331
96989: -120 -479 -126 332
96997: -120 -487 -126 333
97005: -120 -495 -126 334
97039: -128 -464 -128 458
97098: -136 -457 -187 146
97100: -136 -457 -189 274
97114: -136 -473 -187 148
97115: -136 -473 -188 212
97120: -136 -481 -185 21
97121: -136 -481 -186 85
97122: -136 -481 -187 149
97123: -136 -481 -188 213
97124: -136 -481 -189 277
97128: -136 -489 -185 22
97129: -136 -489 -186 86
97136: -136 -497 -185 23
97137: -136 -497 -186 87
97138: -136 -497 -187 151
97146: -136 -505 -187 152
97153: -144 -450 -186 81
97154: -144 -450 -187 145
97155: -144 -450 -188 209
97156: -144 -450 -189 273
97157: -144 -450 -190 337
97161: -144 -458 -186 82
97163: -144 -458 -188 210
97164: -144 -458 -189 274
97168: -144 -466 -185 19
97169: -144 -466 -186 83
97177: -144 -474 -186 84
97185: -144 -482 -186 85
97201: -144 -498 -186 87
97204: -144 -498 -189 279
97206: -144 -498 -191 407
97208: -144 -506 -185 24
97209: -144 -506 -186 88
97210: -144 -506 -187 152
97355: -168 -461 -188 210
97360: -168 -469 -185 19
97362: -168 -469 -187 147
97401: -168 -509 -186 88
97403: -168 -509 -188 216
97484: -184 -463 -189 274
97486: -184 -463 -191 402
97489: -184 -471 -186 83
97497: -184 -479 -186 84
97505: -184 -487 -186 85
97525: -184 -503 -190 343
97543: -192 -456 -192 465
97575: -192 -488 -192 469
97608: -200 -457 -249 26
97609: -200 -457 -250 90
97610: -200 -457 -251 154
97612: -200 -457 -253 282
97617: -200 -465 -250 91
97620: -200 -465 -253 283
97633: -200 -481 -250 93
97634: -200 -481 -251 157
97635: -200 -481 -252 221
97638: -200 -481 -255 413
97652: -200 -497 -253 287
97665: -208 -450 -250 89
97667: -208 -450 -252 217
97669: -208 -450 -254 345
97672: -208 -458 -249 26
97732: -216 -451 -253 281
97748: -216 -467 -253 283
97756: -216 -475 -253 284
97764: -216 -483 -253 285
97768: -216 -491 -249 30
97772: -216 -491 -253 286
97788: -216 -507 -253 288
97796: -224 -452 -253 281
97808: -224 -468 -249 27
97828: -224 -484 -253 285
97856: -232 -453 -249 25
97857: -232 -453 -250 89
97858: -232 -453 -251 153
97860: -232 -453 -253 281
97866: -232 -461 -251 154
97868: -232 -461 -253 282
97876: -232 -469 -253 283
97884: -232 -477 -253 284
97892: -232 -485 -253 285
97900: -232 -493 -253 286
97912: -232 -509 -249 32
97914: -232 -509 -251 160
97916: -232 -509 -253 288
97995: -248 -463 -252 218
97997: -248 -463 -254 346
97998: -248 -463 -255 410
98020: -248 -487 -253 285
98087: -256 -488 -256 477
98120: -264 -457 -313 34
98121: -264 -457 -314 98
98123: -264 -457 -316 226
98128: -264 -465 -313 35
98130: -264 -465 -315 163
98131: -264 -465 -316 227
98137: -264 -473 -314 100
98138: -264 -473 -315 164
98139: -264 -473 -316 228
98140: -264 -473 -317 292
98141: -264 -473 -318 356
98142: -264 -473 -319 420
98155: -264 -489 -316 230
98163: -264 -497 -316 231
98179: -272 -450 -316 225
98187: -272 -458 -316 226
98203: -272 -474 -316 228
98211: -272 -482 -316 229
98219: -272 -490 -316 230
98235: -272 -506 -316 232
98242: -280 -451 -315 161
98267: -280 -475 -316 228
98304: -288 -452 -313 33
98306: -288 -452 -315 161
98307: -288 -452 -316 225
98315: -288 -460 -316 226
98323: -288 -468 -316 227
98331: -288 -476 -316 228
98339: -288 -484 -316 229
98347: -288 -492 -316 230
98348: -288 -492 -317 294
98355: -288 -500 -316 231
98363: -288 -508 -316 232
98385: -296 -469 -314 99
98395: -296 -477 -316 228
98438: -304 -454 -319 417
98444: -304 -462 -317 290
98446: -304 -462 -319 418
98452: -304 -470 -317 291
98462: -304 -478 -319 420
98470: -304 -486 -319 421
98478: -304 -494 -319 422
98486: -304 -502 -319 423
98492: -304 -510 -317 296
98494: -304 -510 -319 424
98509: -312 -463 -318 354
98517: -312 -471 -318 355
98523: -312 -479 -316 228
98525: -312 -479 -318 356
98533: -312 -487 -318 357
98541: -312 -495 -318 358
98542: -312 -495 -319 422
98549: -312 -503 -318 359
98575: -320 -464 -320 482
98599: -320 -488 -320 485
98788: -344 -483 -381 301
98836: -352 -468 -381 299
98886: -360 -453 -383 425
98892: -360 -461 -381 298
99079: -384 -456 -384 489
99087: -384 -464 -384 490
99119: -384 -496 -384 494
99135: -384 -512 -384 496
99156: -392 -465 -445 307
99163: -392 -473 -444 244
99299: -408 -483 -444 245
99473: -432 -470 -442 115
99481: -432 -478 -442 116
99482: -432 -478 -443 180
99484: -432 -478 -445 308
99486: -432 -478 -447 436
99658: -456 -457 -507 186
99665: -456 -465 -506 123
99683: -456 -481 -508 253
99731: -464 -466 -508 251
99738: -464 -474 -507 188
99781: -472 -451 -510 377
99848: -480 -460 -505 58
99899: -480 -508 -508 256
99915: -488 -461 -508 250
100029: -496 -510 -510 384
100160: -1 -9
100161: -1 -17
100162: -1 -25
100163: -1 -33
100164: -1 -41
100165: -1 -49
100166: -1 -57
100202: -18 -26
100203: -18 -34
100204: -18 -42
100205: -18 -50
100206: -18 -58
100225: -11 -19
100226: -11 -27
100227: -11 -35
100228: -11 -43
100229: -11 -51
100230: -11 -59
100269: -36 -44
100270: -36 -52
100271: -36 -60
100294: -29 -37
100295: -29 -45
100296: -29 -53
100297: -29 -61
100359: -47 -55
100360: -47 -63
100390: -56 -64
100400: -73 -89
100401: -73 -97
100402: -73 -105
100404: -73 -121
100405: -81 -89
100406: -81 -97
100410: -89 -97
100411: -89 -105
100412: -89 -113
100413: -89 -121
100414: -97 -105
100415: -97 -113
100416: -97 -121
100417: -105 -113
100418: -105 -121
100419: -113 -121
100420: 65 73 81 89 97 105 113 121
100429: -74 -90
100430: -74 -98
100431: -74 -106
100433: -74 -122
100435: -82 -98
100436: -82 -106
100438: -82 -122
100439: -90 -98
100441: -90 -114
100443: -98 -106
100446: -106 -114
100447: -106 -122
100449: 66 74 82 90 98 106 114 122
100468: -91 -99
100469: -91 -107
100470: -91 -115
100471: -91 -123
100472: -99 -107
100473: -99 -115
100474: -99 -123
100475: -107 -115
100476: -107 -123
100477: -115 -123
100478: 67 75 83 91 99 107 115 123
100479: -68 -76
100480: -68 -84
100481: -68 -92
100482: -68 -100
100483: -68 -108
100484: -68 -116
100485: -68 -124
100486: -76 -84
100487: -76 -92
100490: -76 -116
100492: -84 -92
100493: -84 -100
100494: -84 -108
100495: -84 -116
100496: -84 -124
100497: -92 -100
100499: -92 -116
100500: -92 -124
100501: -100 -108
100502: -100 -116
100503: -100 -124
100504: -108 -116
100505: -108 -124
100506: -116 -124
100507: 68 76 84 92 100 108 116 124
100508: -69 -77
100509: -69 -85
100510: -69 -93
100511: -69 -101
100512: -69 -109
100513: -69 -117
100514: -69 -125
100515: -77 -85
100516: -77 -93
100517: -77 -101
100519: -77 -117
100521: -85 -93
100522: -85 -101
100523: -85 -109
100524: -85 -117
100525: -85 -125
100526: -93 -101
100527: -93 -109
100528: -93 -117
100529: -93 -125
100533: -109 -117
100534: -109 -125
100536: 69 77 85 93 101 109 117 125
100537: -70 -78
100538: -70 -86
100539: -70 -94
100540: -70 -102
100541: -70 -110
100542: -70 -118
100543: -70 -126
100544: -78 -86
100545: -78 -94
100546: -78 -102
100549: -78 -126
100550: -86 -94
100551: -86 -102
100552: -86 -110
100553: -86 -118
100554: -86 -126
100555: -94 -102
100558: -94 -126
100563: -110 -126
100564: -118 -126
100565: 70 78 86 94 102 110 118 126
100566: -71 -79
100567: -71 -87
100568: -71 -95
100569: -71 -103
100570: -71 -111
100571: -71 -119
100572: -71 -127
100573: -79 -87
100574: -79 -95
100575: -79 -103
100578: -79 -127
100579: -87 -95
100580: -87 -103
100581: -87 -111
100582: -87 -119
100583: -87 -127
100584: -95 -103
100586: -95 -119
100592: -111 -127
100593: -119 -127
100594: 71 79 87 95 103 111 119 127
100595: -72 -80
100596: -72 -88
100597: -72 -96
100598: -72 -104
100599: -72 -112
100600: -72 -120
100601: -72 -128
100602: -80 -88
100605: -80 -112
100606: -80 -120
100607: -80 -128
100608: -88 -96
100609: -88 -104
100610: -88 -112
100611: -88 -120
100612: -88 -128
100613: -96 -104
100614: -96 -112
100619: -104 -128
100620: -112 -120
100623: 72 80 88 96 104 112 120 128
100632: -137 -153
100633: -137 -161
100635: -137 -177
100636: -137 -185
100637: -145 -153
100638: -145 -161
100641: -145 -185
100642: -153 -161
100643: -153 -169
100644: -153 -177
100645: -153 -185
100646: -161 -169
100647: -161 -177
100648: -161 -185
100649: -169 -177
100650: -169 -185
100651: -177 -185
100652: 129 137 145 153 161 169 177 185
100672: -154 -170
100675: -162 -170
100676: -162 -178
100677: -162 -186
100678: -170 -178
100679: -170 -186
100680: -178 -186
100681: 130 138 146 154 162 170 178 186
100692: -139 -171
100695: -147 -155
100696: -147 -163
100697: -147 -171
100698: -147 -179
100699: -147 -187
100700: -155 -163
100702: -155 -179
100704: -163 -171
100705: -163 -179
100706: -163 -187
100707: -171 -179
100708: -171 -187
100709: -179 -187
100710: 131 139 147 155 163 171 179 187
100711: -132 -140
100712: -132 -148
100713: -132 -156
100714: -132 -164
100715: -132 -172
100716: -132 -180
100717: -132 -188
100718: -140 -148
100719: -140 -156
100720: -140 -164
100721: -140 -172
100722: -140 -180
100723: -140 -188
100724: -148 -156
100725: -148 -164
100726: -148 -172
100727: -148 -180
100728: -148 -188
100730: -156 -172
100731: -156 -180
100732: -156 -188
100733: -164 -172
100734: -164 -180
100735: -164 -188
100736: -172 -180
100737: -172 -188
100738: -180 -188
100739: 132 140 148 156 164 172 180 188
100740: -133 -141
100741: -133 -149
100742: -133 -157
100743: -133 -165
100744: -133 -173
100745: -133 -181
100746: -133 -189
100747: -141 -149
100749: -141 -165
100750: -141 -173
100751: -141 -181
100752: -141 -189
100754: -149 -165
100755: -149 -173
100756: -149 -181
100757: -149 -189
100759: -157 -173
100760: -157 -181
100761: -157 -189
100765: -173 -181
100766: -173 -189
100767: -181 -189
100768: 133 141 149 157 165 173 181 189
100769: -134 -142
100770: -134 -150
100771: -134 -158
100772: -134 -166
100773: -134 -174
100774: -134 -182
100776: -142 -150
100777: -142 -158
100778: -142 -166
100779: -142 -174
100780: -142 -182
100781: -142 -190
100782: -150 -158
100783: -150 -166
100786: -150 -190
100787: -158 -166
100788: -158 -174
100790: -158 -190
100792: -166 -182
100793: -166 -190
100796: -182 -190
100797: 134 142 150 158 166 174 182 190
100798: -135 -143
100799: -135 -151
100800: -135 -159
100801: -135 -167
100802: -135 -175
100803: -135 -183
100804: -135 -191
100805: -143 -151
100806: -143 -159
100807: -143 -167
100808: -143 -175
100809: -143 -183
100810: -143 -191
100811: -151 -159
100812: -151 -167
100813: -151 -175
100815: -151 -191
100816: -159 -167
100817: -159 -175
100818: -159 -183
100819: -159 -191
100820: -167 -175
100822: -167 -191
100823: -175 -183
100824: -175 -191
100826: 135 143 151 159 167 175 183 191
100827: -136 -144
100828: -136 -152
100829: -136 -160
100830: -136 -168
100831: -136 -176
100832: -136 -184
100833: -136 -192
100834: -144 -152
100835: -144 -160
100836: -144 -168
100837: -144 -176
100838: -144 -184
100839: -144 -192
100840: -152 -160
100841: -152 -168
100842: -152 -176
100843: -152 -184
100845: -160 -168
100847: -160 -184
100848: -160 -192
100849: -168 -176
100850: -168 -184
100855: 136 144 152 160 168 176 184 192
100863: -201 -209
100864: -201 -217
100865: -201 -225
100866: -201 -233
100867: -201 -241
100868: -201 -249
100869: -209 -217
100870: -209 -225
100871: -209 -233
100872: -209 -241
100873: -209 -249
100874: -217 -225
100875: -217 -233
100877: -217 -249
100878: -225 -233
100879: -225 -241
100881: -233 -241
100882: -233 -249
100883: -241 -249
100884: 193 201 209 217 225 233 241 249
100885: -194 -202
100886: -194 -210
100887: -194 -218
100888: -194 -226
100889: -194 -234
100890: -194 -242
100891: -194 -250
100894: -202 -226
100895: -202 -234
100896: -202 -242
100899: -210 -226
100901: -210 -242
100903: -218 -226
100904: -218 -234
100905: -218 -242
100907: -226 -234
100908: -226 -242
100909: -226 -250
100910: -234 -242
100913: 194 202 210 218 226 234 242 250
100914: -195 -203
100915: -195 -211
100916: -195 -219
100917: -195 -227
100918: -195 -235
100919: -195 -243
100920: -195 -251
100922: -203 -219
100923: -203 -227
100924: -203 -235
100925: -203 -243
100926: -203 -251
100928: -211 -227
100932: -219 -227
100933: -219 -235
100934: -219 -243
100935: -219 -251
100936: -227 -235
100937: -227 -243
100938: -227 -251
100940: -235 -251
100941: -243 -251
100942: 195 203 211 219 227 235 243 251
100950: -204 -212
100952: -204 -228
100953: -204 -236
100956: -212 -220
100959: -212 -244
100960: -212 -252
100961: -220 -228
100962: -220 -236
100964: -220 -252
100965: -228 -236
100967: -228 -252
100968: -236 -244
100969: -236 -252
100970: -244 -252
100971: 196 204 212 220 228 236 244 252
100979: -205 -213
100982: -205 -237
100983: -205 -245
100984: -205 -253
100987: -213 -237
100988: -213 -245
100989: -213 -253
100997: -237 -245
100998: -237 -253
100999: -245 -253
101000: 197 205 213 221 229 237 245 253
101001: -198 -206
101002: -198 -214
101003: -198 -222
101004: -198 -230
101005: -198 -238
101006: -198 -246
101007: -198 -254
101008: -206 -214
101010: -206 -230
101012: -206 -246
101013: -206 -254
101014: -214 -222
101015: -214 -230
101017: -214 -246
101018: -214 -254
101019: -222 -230
101022: -222 -254
101023: -230 -238
101024: -230 -246
101025: -230 -254
101027: -238 -254
101029: 198 206 214 222 230 238 246 254
101030: -199 -207
101031: -199 -215
101032: -199 -223
101033: -199 -231
101034: -199 -239
101035: -199 -247
101036: -199 -255
101037: -207 -215
101038: -207 -223
101039: -207 -231
101040: -207 -239
101041: -207 -247
101042: -207 -255
101043: -215 -223
101044: -215 -231
101045: -215 -239
101046: -215 -247
101047: -215 -255
101048: -223 -231
101049: -223 -239
101050: -223 -247
101052: -231 -239
101053: -231 -247
101054: -231 -255
101055: -239 -247
101058: 199 207 215 223 231 239 247 255
101059: -200 -208
101060: -200 -216
101061: -200 -224
101062: -200 -232
101063: -200 -240
101064: -200 -248
101065: -200 -256
101066: -208 -216
101067: -208 -224
101068: -208 -232
101069: -208 -240
101070: -208 -248
101071: -208 -256
101072: -216 -224
101073: -216 -232
101074: -216 -240
101077: -224 -232
101078: -224 -240
101080: -224 -256
101081: -232 -240
101082: -232 -248
101087: 200 208 216 224 232 240 248 256
101095: -265 -273
101096: -265 -281
101097: -265 -289
101098: -265 -297
101099: -265 -305
101100: -265 -313
101101: -273 -281
101102: -273 -289
101103: -273 -297
101104: -273 -305
101105: -273 -313
101111: -289 -305
101113: -297 -305
101114: -297 -313
101115: -305 -313
101116: 257 265 273 281 289 297 305 313
101117: -258 -266
101118: -258 -274
101119: -258 -282
101120: -258 -290
101121: -258 -298
101122: -258 -306
101123: -258 -314
101125: -266 -282
101130: -274 -282
101133: -274 -306
101134: -274 -314
101135: -282 -290
101136: -282 -298
101137: -282 -306
101138: -282 -314
101139: -290 -298
101141: -290 -314
101143: -298 -314
101145: 258 266 274 282 290 298 306 314
101146: -259 -267
101147: -259 -275
101148: -259 -283
101149: -259 -291
101150: -259 -299
101151: -259 -307
101152: -259 -315
101154: -267 -283
101156: -267 -299
101157: -267 -307
101159: -275 -283
101160: -275 -291
101161: -275 -299
101162: -275 -307
101164: -283 -291
101165: -283 -299
101166: -283 -307
101167: -283 -315
101169: -291 -307
101171: -299 -307
101172: -299 -315
101173: -307 -315
101174: 259 267 275 283 291 299 307 315
101182: -268 -276
101185: -268 -300
101186: -268 -308
101187: -268 -316
101190: -276 -300
101191: -276 -308
101192: -276 -316
101200: -300 -308
101201: -300 -316
101202: -308 -316
101203: 260 268 276 284 292 300 308 316
101211: -269 -277
101213: -269 -293
101214: -269 -301
101216: -269 -317
101218: -277 -293
101219: -277 -301
101220: -277 -309
101221: -277 -317
101224: -285 -309
101226: -293 -301
101227: -293 -309
101228: -293 -317
101229: -301 -309
101230: -301 -317
101232: 261 269 277 285 293 301 309 317
101233: -262 -270
101234: -262 -278
101235: -262 -286
101236: -262 -294
101237: -262 -302
101238: -262 -310
101239: -262 -318
101241: -270 -286
101242: -270 -294
101246: -278 -286
101247: -278 -294
101249: -278 -310
101250: -278 -318
101251: -286 -294
101252: -286 -302
101253: -286 -310
101254: -286 -318
101257: -294 -318
101260: -310 -318
101261: 262 270 278 286 294 302 310 318
101262: -263 -271
101263: -263 -279
101264: -263 -287
101265: -263 -295
101266: -263 -303
101267: -263 -311
101268: -263 -319
101269: -271 -279
101270: -271 -287
101271: -271 -295
101275: -279 -287
101276: -279 -295
101277: -279 -303
101278: -279 -311
101280: -287 -295
101281: -287 -303
101282: -287 -311
101283: -287 -319
101284: -295 -303
101285: -295 -311
101286: -295 -319
101287: -303 -311
101288: -303 -319
101290: 263 271 279 287 295 303 311 319
101291: -264 -272
101292: -264 -280
101293: -264 -288
101294: -264 -296
101295: -264 -304
101296: -264 -312
101297: -264 -320
101298: -272 -280
101299: -272 -288
101300: -272 -296
101302: -272 -312
101304: -280 -288
101305: -280 -296
101307: -280 -312
101309: -288 -296
101310: -288 -304
101311: -288 -312
101312: -288 -320
101314: -296 -312
101315: -296 -320
101316: -304 -312
101317: -304 -320
101319: 264 272 280 288 296 304 312 320
101327: -329 -337
101328: -329 -345
101329: -329 -353
101332: -329 -377
101333: -337 -345
101334: -337 -353
101336: -337 -369
101337: -337 -377
101338: -345 -353
101339: -345 -361
101340: -345 -369
101341: -345 -377
101342: -353 -361
101343: -353 -369
101344: -353 -377
101345: -361 -369
101347: -369 -377
101348: 321 329 337 345 353 361 369 377
101349: -322 -330
101351: -322 -346
101352: -322 -354
101353: -322 -362
101354: -322 -370
101355: -322 -378
101358: -330 -354
101362: -338 -346
101363: -338 -354
101364: -338 -362
101367: -346 -354
101369: -346 -370
101371: -354 -362
101372: -354 -370
101373: -354 -378
101375: -362 -378
101376: -370 -378
101377: 322 330 338 346 354 362 370 378
101378: -323 -331
101379: -323 -339
101380: -323 -347
101381: -323 -355
101382: -323 -363
101384: -323 -379
101386: -331 -347
101387: -331 -355
101388: -331 -363
101389: -331 -371
101390: -331 -379
101392: -339 -355
101396: -347 -355
101397: -347 -363
101398: -347 -371
101399: -347 -379
101400: -355 -363
101403: -363 -371
101406: 323 331 339 347 355 363 371 379
101407: -324 -332
101408: -324 -340
101409: -324 -348
101410: -324 -356
101411: -324 -364
101412: -324 -372
101413: -324 -380
101414: -332 -340
101416: -332 -356
101417: -332 -364
101418: -332 -372
101419: -332 -380
101420: -340 -348
101421: -340 -356
101422: -340 -364
101423: -340 -372
101429: -356 -364
101431: -356 -380
101435: 324 332 340 348 356 364 372 380
101436: -325 -333
101437: -325 -341
101439: -325 -357
101440: -325 -365
101441: -325 -373
101442: -325 -381
101443: -333 -341
101444: -333 -349
101445: -333 -357
101446: -333 -365
101447: -333 -373
101449: -341 -349
101450: -341 -357
101451: -341 -365
101452: -341 -373
101453: -341 -381
101461: -365 -373
101464: 325 333 341 349 357 365 373 381
101465: -326 -334
101468: -326 -358
101469: -326 -366
101471: -326 -382
101472: -334 -342
101473: -334 -350
101474: -334 -358
101475: -334 -366
101478: -342 -350
101479: -342 -358
101480: -342 -366
101481: -342 -374
101483: -350 -358
101487: -358 -366
101489: -358 -382
101490: -366 -374
101493: 326 334 342 350 358 366 374 382
101494: -327 -335
101495: -327 -343
101496: -327 -351
101497: -327 -359
101499: -327 -375
101500: -327 -383
101501: -335 -343
101503: -335 -359
101504: -335 -367
101508: -343 -359
101513: -351 -367
101516: -359 -367
101518: -359 -383
101519: -367 -375
101522: 327 335 343 351 359 367 375 383
101531: -336 -352
101532: -336 -360
101534: -336 -376
101537: -344 -360
101551: 328 336 344 352 360 368 376 384
101559: -393 -401
101560: -393 -409
101561: -393 -417
101564: -393 -441
101565: -401 -409
101566: -401 -417
101568: -401 -433
101569: -401 -441
101570: -409 -417
101573: -409 -441
101580: 385 393 401 409 417 425 433 441
101581: -386 -394
101582: -386 -402
101583: -386 -410
101584: -386 -418
101585: -386 -426
101586: -386 -434
101587: -386 -442
101590: -394 -418
101594: -402 -410
101595: -402 -418
101603: -418 -426
101605: -418 -442
101609: 386 394 402 410 418 426 434 442
101611: -387 -403
101612: -387 -411
101613: -387 -419
101614: -387 -427
101616: -387 -443
101618: -395 -411
101619: -395 -419
101623: -403 -411
101628: -411 -419
101629: -411 -427
101638: 387 395 403 411 419 427 435 443
101640: -388 -404
101641: -388 -412
101642: -388 -420
101643: -388 -428
101645: -388 -444
101646: -396 -404
101647: -396 -412
101649: -396 -428
101650: -396 -436
101651: -396 -444
101652: -404 -412
101653: -404 -420
101654: -404 -428
101655: -404 -436
101656: -404 -444
101658: -412 -428
101661: -420 -428
101665: -428 -444
101667: 388 396 404 412 420 428 436 444
101668: -389 -397
101669: -389 -405
101672: -389 -429
101674: -389 -445
101675: -397 -405
101676: -397 -413
101678: -397 -429
101681: -405 -413
101682: -405 -421
101685: -405 -445
101687: -413 -429
101690: -421 -429
101694: -429 -445
101696: 389 397 405 413 421 429 437 445
101706: -398 -422
101707: -398 -430
101709: -398 -446
101719: -422 -430
101721: -422 -446
101725: 390 398 406 414 422 430 438 446
101728: -391 -415
101729: -391 -423
101731: -391 -439
101733: -399 -407
101734: -399 -415
101735: -399 -423
101736: -399 -431
101737: -399 -439
101739: -407 -415
101742: -407 -439
101746: -415 -439
101749: -423 -439
101754: 391 399 407 415 423 431 439 447
101756: -392 -408
101757: -392 -416
101758: -392 -424
101766: -400 -440
101769: -408 -424
101771: -408 -440
101775: -416 -440
101778: -424 -440
101783: 392 400 408 416 424 432 440 448
101791: -457 -465
101792: -457 -473
101793: -457 -481
101794: -457 -489
101796: -457 -505
101797: -465 -473
101798: -465 -481
101802: -473 -481
101803: -473 -489
101805: -473 -505
101806: -481 -489
101807: -481 -497
101808: -481 -505
101810: -489 -505
101811: -497 -505
101812: 449 457 465 473 481 489 497 505
101814: -450 -466
101815: -450 -474
101816: -450 -482
101817: -450 -490
101821: -458 -474
101822: -458 -482
101826: -466 -474
101831: -474 -482
101833: -474 -498
101836: -482 -498
101841: 450 458 466 474 482 490 498 506
101842: -451 -459
101844: -451 -475
101845: -451 -483
101849: -459 -467
101850: -459 -475
101851: -459 -483
101852: -459 -491
101855: -467 -475
101860: -475 -483
101862: -475 -499
101864: -483 -491
101870: 451 459 467 475 483 491 499 507
101872: -452 -468
101874: -452 -484
101876: -452 -500
101879: -460 -476
101882: -460 -500
101885: -468 -484
101893: -484 -492
101894: -484 -500
101899: 452 460 468 476 484 492 500 508
101900: -453 -461
101901: -453 -469
101902: -453 -477
101904: -453 -493
101905: -453 -501
101906: -453 -509
101907: -461 -469
101908: -461 -477
101913: -469 -477
101914: -469 -485
101917: -469 -509
101928: 453 461 469 477 485 493 501 509
101932: -454 -486
101941: -462 -510
101942: -470 -478
101943: -470 -486
101947: -478 -486
101953: -486 -510
101956: -502 -510
101957: 454 462 470 478 486 494 502 510
101966: -463 -479
101967: -463 -487
101971: -471 -479
101974: -471 -503
101976: -479 -487
101977: -479 -495
101986: 455 463 471 479 487 495 503 511
101990: -456 -488
101991: -456 -496
101992: -456 -504
101993: -456 -512
101995: -464 -480
101998: -464 -504
101999: -464 -512
102001: -472 -488
102003: -472 -504
102004: -472 -512
102005: -480 -488
102008: -480 -512
102011: -488 -512
102013: -496 -512
102024: -65 -1 2
102032: -129 -1 3
102040: -193 -1 4
102048: -257 -1 5
102056: -321 -1 6
102064: -385 -1 7
102072: -449 -1 8
102097: -138 -74 75
102104: -202 -73 12
102105: -202 -74 76
102115: -266 -76 205
102118: -266 -79 397
102120: -330 -73 14
102121: -330 -74 78
102125: -330 -78 334
102126: -330 -79 398
102128: -394 -73 15
102129: -394 -74 79
102134: -394 -79 399
102135: -394 -80 463
102136: -458 -73 16
102137: -458 -74 80
102141: -458 -78 336
102142: -458 -79 400
102143: -458 -80 464
102168: -211 -145 20
102170: -211 -147 148
102172: -211 -149 276
102173: -211 -150 340
102174: -211 -151 404
102175: -211 -152 468
102176: -275 -145 21
102178: -275 -147 149
102179: -275 -148 213
102180: -275 -149 277
102181: -275 -150 341
102182: -275 -151 405
102183: -275 -152 469
102184: -339 -145 22
102186: -339 -147 150
102187: -339 -148 214
102189: -339 -150 342
102190: -339 -151 406
102192: -403 -145 23
102194: -403 -147 151
102195: -403 -148 215
102198: -403 -151 407
102199: -403 -152 471
102200: -467 -145 24
102202: -467 -147 152
102204: -467 -149 280
102207: -467 -152 472
102216: -92 -217 26
102218: -92 -219 154
102219: -92 -220 218
102222: -92 -223 410
102224: -156 -217 27
102225: -156 -218 91
102227: -156 -220 219
102229: -156 -222 347
102231: -156 -224 475
102243: -284 -220 221
102248: -348 -217 30
102250: -348 -219 158
102251: -348 -220 222
102256: -412 -217 31
102258: -412 -219 159
102259: -412 -220 223
102261: -412 -222 351
102262: -412 -223 415
102263: -412 -224 479
102264: -476 -217 32
102267: -476 -220 224
102269: -476 -222 352
102270: -476 -223 416
102280: -101 -289 34
102282: -101 -291 162
102284: -101 -293 290
102285: -101 -294 354
102288: -165 -289 35
102289: -165 -290 99
102292: -165 -293 291
102293: -165 -294 355
102294: -165 -295 419
102295: -165 -296 483
102312: -357 -289 38
102316: -357 -293 294
102318: -357 -295 422
102319: -357 -296 486
102320: -421 -289 39
102322: -421 -291 167
102324: -421 -293 295
102325: -421 -294 359
102327: -421 -296 487
102328: -485 -289 40
102329: -485 -290 104
102330: -485 -291 168
102332: -485 -293 296
102333: -485 -294 360
102334: -485 -295 424
102344: -110 -361 42
102345: -110 -362 106
102346: -110 -363 170
102347: -110 -364 234
102348: -110 -365 298
102349: -110 -366 362
102350: -110 -367 426
102353: -174 -362 107
102355: -174 -364 235
102356: -174 -365 299
102361: -238 -362 108
102362: -238 -363 172
102364: -238 -365 300
102368: -302 -361 45
102369: -302 -362 109
102370: -302 -363 173
102371: -302 -364 237
102374: -302 -367 429
102410: -119 -435 178
102416: -183 -433 51
102417: -183 -434 115
102419: -183 -436 243
102420: -183 -437 307
102422: -183 -439 435
102423: -183 -440 499
102424: -247 -433 52
102425: -247 -434 116
102426: -247 -435 180
102427: -247 -436 244
102428: -247 -437 308
102430: -247 -439 436
102432: -311 -433 53
102433: -311 -434 117
102434: -311 -435 181
102435: -311 -436 245
102438: -311 -439 437
102439: -311 -440 501
102458: -503 -435 184
102460: -503 -437 312
102462: -503 -439 440
102463: -503 -440 504
102472: -128 -505 58
102473: -128 -506 122
102474: -128 -507 186
102475: -128 -508 250
102476: -128 -509 314
102477: -128 -510 378
102479: -128 -512 506
102488: -256 -505 60
102489: -256 -506 124
102490: -256 -507 188
102492: -256 -509 316
102493: -256 -510 380
102495: -256 -512 508
102496: -320 -505 61
102497: -320 -506 125
102498: -320 -507 189
102499: -320 -508 253
102501: -320 -510 381
102503: -320 -512 509
103059: -73 -11 -84 195
103060: -73 -11 -85 259
103061: -73 -11 -86 323
103062: -73 -11 -87 387
103063: -73 -11 -88 451
103266: -76 -205 -99 157
103269: -76 -205 -102 349
103270: -76 -205 -103 413
103271: -76 -205 -104 477
103303: -77 -265 -72 481
103325: -77 -268 -94 356
103326: -77 -268 -95 420
103327: -77 -268 -96 484
103347: -77 -271 -116 231
103422: -78 -336 -127 432
103485: -79 -400 -126 376
103492: -80 -457 -69 313
103563: -145 -18 -140 194
103564: -145 -18 -141 258
103565: -145 -18 -142 322
103566: -145 -18 -143 386
103567: -145 -18 -144 450
103781: -148 -213 -166 349
103782: -148 -213 -167 413
103783: -148 -213 -168 477
103837: -149 -276 -158 356
103838: -149 -276 -159 420
103893: -150 -339 -150 363
103939: -151 -401 -132 241
104003: -152 -465 -132 249
104097: -217 -29 -226 69
104098: -217 -29 -227 133
104099: -217 -29 -228 197
104101: -217 -29 -230 325
104102: -217 -29 -231 389
104103: -217 -29 -232 453
104150: -218 -91 -215 395
104151: -218 -91 -216 459
104198: -219 -153 -199 401
104199: -219 -153 -200 465
104205: -219 -154 -206 338
104206: -219 -154 -207 402
104207: -219 -154 -208 466
104218: -219 -156 -219 148
104225: -219 -157 -226 85
104230: -219 -157 -231 405
104231: -219 -157 -232 469
104236: -219 -158 -237 278
104449: -223 -409 -194 113
104465: -223 -411 -210 115
104485: -223 -413 -230 373
104492: -223 -414 -237 310
104564: -224 -479 -245 319
104601: -289 -36 -282 68
104602: -289 -36 -283 132
104604: -289 -36 -285 260
104605: -289 -36 -286 324
104606: -289 -36 -287 388
104607: -289 -36 -288 452
104642: -290 -97 -259 137
104659: -290 -99 -276 203
104666: -290 -100 -283 140
104670: -290 -100 -287 396
104673: -290 -101 -290 77
104709: -291 -161 -262 337
104715: -291 -162 -268 210
104717: -291 -162 -270 338
104719: -291 -162 -272 466
104734: -291 -164 -287 404
104738: -291 -165 -291 149
104748: -291 -166 -301 278
104897: -294 -353 -258 105
104898: -294 -353 -259 169
104912: -294 -355 -273 43
104921: -294 -356 -282 108
104933: -294 -357 -294 365
104962: -295 -417 -259 177
104965: -295 -417 -262 369
104971: -295 -418 -268 242
104976: -295 -419 -273 51
104998: -295 -421 -295 437
105026: -296 -481 -259 185
105035: -296 -482 -268 250
105040: -296 -483 -273 59
105063: -296 -485 -296 509
105076: -296 -487 -309 319
105137: -361 -47 -370 71
105138: -361 -47 -371 135
105139: -361 -47 -372 199
105140: -361 -47 -373 263
105143: -361 -47 -376 455
105172: -362 -107 -341 267
105184: -362 -109 -353 13
105211: -362 -112 -380 208
105214: -362 -112 -383 400
105281: -364 -233 -322 89
105284: -364 -233 -325 281
105314: -364 -237 -355 157
105318: -364 -237 -359 413
105345: -365 -297 -322 97
105357: -365 -298 -334 354
105359: -365 -298 -336 482
105369: -365 -300 -346 100
105370: -365 -300 -347 164
105374: -365 -300 -351 420
105375: -365 -300 -352 484
105400: -365 -304 -377 40
105406: -365 -304 -383 424
105480: -367 -426 -329 50
105483: -367 -426 -332 242
105484: -367 -426 -333 306
105487: -367 -426 -336 498
105496: -367 -428 -345 52
105658: -433 -56 -443 136
105659: -433 -56 -444 200
105685: -434 -115 -406 331
105687: -434 -115 -408 459
105756: -435 -180 -413 276
105759: -435 -180 -416 468
105829: -436 -245 -422 349
105831: -436 -245 -424 477
105858: -437 -305 -387 161
105882: -437 -308 -411 164
105885: -437 -308 -414 356
105887: -437 -308 -416 484
105897: -437 -310 -426 102
105898: -437 -310 -427 166
106072: -440 -500 -409 60
106080: -440 -501 -417 61
106081: -440 -501 -418 125
106082: -440 -501 -419 189
106083: -440 -501 -420 253
106154: -505 -62 -491 134
106155: -505 -62 -492 198
106156: -505 -62 -493 262
106158: -505 -62 -495 390
106196: -506 -123 -469 267
106233: -506 -128 -506 80
106252: -507 -186 -461 274
106342: -508 -253 -487 413
106343: -508 -253 -488 477
106371: -509 -313 -452 225
106384: -509 -315 -465 35
106393: -509 -316 -474 100
106416: -509 -319 -497 39
106442: -510 -378 -459 170
106443: -510 -378 -460 234
106444: -510 -378 -461 298
106464: -510 -381 -481 45
106466: -510 -381 -483 173
107155: -73 -11 -90 195
107156: -73 -11 -98 259
107159: -73 -11 -122 451
107364: -76 -205 -98 285
107419: -77 -268 -90 228
107443: -77 -271 -90 231
107491: -78 -333 -90 237
107660: -145 -18 -163 258
107661: -145 -18 -171 322
107662: -145 -18 -179 386
107663: -145 -18 -187 450
107845: -148 -209 -171 345
107878: -148 -213 -179 413
107950: -149 -278 -179 422
107971: -150 -337 -155 233
108036: -151 -401 -163 305
108043: -151 -402 -155 242
108079: -151 -406 -187 502
108193: -217 -29 -204 69
108194: -217 -29 -212 133
108197: -217 -29 -236 325
108198: -217 -29 -244 389
108242: -218 -91 -212 139
108294: -219 -153 -244 401
108295: -219 -153 -252 465
108325: -219 -157 -236 341
108326: -219 -157 -244 405
108327: -219 -157 -252 469
108337: -219 -159 -204 87
108661: -224 -479 -236 383
108697: -289 -36 -269 68
108698: -289 -36 -277 132
108701: -289 -36 -301 324
108702: -289 -36 -309 388
108703: -289 -36 -317 452
108741: -290 -97 -301 329
108789: -290 -103 -301 335
108797: -290 -104 -301 336
108809: -291 -162 -269 82
108814: -291 -162 -309 402
108855: -291 -167 -317 471
109047: -294 -359 -317 495
109103: -295 -422 -317 502
109137: -296 -483 -269 123
109165: -296 -486 -301 382
109166: -296 -486 -309 446
109172: -296 -487 -293 319
109175: -296 -487 -317 511
109233: -361 -47 -334 71
109235: -361 -47 -350 199
109236: -361 -47 -358 263
109239: -361 -47 -382 455
109276: -362 -108 -358 268
109304: -362 -112 -326 16
109306: -362 -112 -342 144
109307: -362 -112 -350 208
109308: -362 -112 -358 272
109316: -363 -169 -358 273
109324: -363 -170 -358 274
109415: -364 -237 -382 477
109446: -365 -297 -374 417
109450: -365 -298 -342 162
109453: -365 -298 -366 354
109454: -365 -298 -374 418
109455: -365 -298 -382 482
109497: -365 -304 -334 104
109547: -366 -366 -350 238
109548: -366 -366 -358 302
109578: -367 -426 -342 178
109601: -367 -429 -334 117
109602: -367 -429 -342 181
109603: -367 -429 -350 245
109753: -433 -56 -399 72
109756: -433 -56 -423 264
109795: -434 -117 -415 205
109836: -435 -178 -423 274
109853: -435 -180 -431 340
109856: -435 -181 -391 21
109859: -435 -181 -415 213
109863: -435 -181 -447 469
109905: -436 -243 -399 91
109924: -436 -245 -423 285
109962: -437 -306 -407 162
110132: -439 -439 -423 311
110163: -440 -499 -415 251
110249: -505 -62 -464 70
110250: -505 -62 -472 134
110474: -509 -314 -472 162
110513: -509 -319 -464 103
110563: -510 -381 -480 237
110793: -76 -74 -74
110801: -77 -74 -74
110825: -80 -74 -74
110858: -149 -147 -147
110874: -151 -147 -147
110882: -152 -147 -147
110931: -223 -220 -220
110939: -224 -220 -220
110980: -294 -293 -293
110996: -296 -293 -293
111666: -73 -11 -82
111789: -76 -202
111790: -76 -90
111792: -76 -204
111849: -76 -94 -106
111858: -77 -266
111859: -77 -98
111860: -77 -290
111861: -77 -269
111922: -77 -103 -394
111927: -78 -330
111928: -78 -106
111930: -78 -334
111992: -78 -111 -398
111993: -78 -112 -122
111995: -78 -112 -462
111996: -79 -394
111997: -79 -114
111998: -79 -434
111999: -79 -399
112051: -79 -116 -202
112065: -80 -458
112066: -80 -122
112067: -80 -506
112068: -80 -464
112098: -80 -462 -378
112119: -80 -124 -90
112122: -80 -125 -98
112125: -80 -126 -106
112145: -145 -18 -137
112272: -148 -211
112273: -148 -155
112274: -148 -219
112275: -148 -212
112302: -148 -214 -171
112307: -148 -215 -179
112332: -148 -158 -171
112335: -148 -159 -179
112341: -149 -275
112342: -149 -163
112343: -149 -291
112344: -149 -277
112411: -150 -171
112412: -150 -363
112413: -150 -342
112445: -150 -343 -179
112460: -150 -170 -86
112464: -150 -172 -155
112467: -150 -173 -163
112473: -150 -175 -179
112475: -150 -175 -406
112480: -151 -179
112533: -151 -180 -155
112536: -151 -181 -163
112549: -152 -187
112573: -152 -469 -163
112602: -152 -188 -155
112611: -152 -191 -179
112642: -217 -29 -228
112683: -217 -200 -252
112686: -218 -92
112689: -218 -90
112755: -219 -156
112756: -219 -212
112758: -219 -155
112795: -219 -160 -252
112797: -219 -160 -256
112893: -222 -348
112894: -222 -236
112895: -222 -364
112962: -223 -412
112963: -223 -244
112964: -223 -436
112965: -223 -415
113022: -223 -246 -236
113028: -223 -248 -252
113029: -223 -248 -476
113031: -224 -476
113032: -224 -252
113034: -224 -480
113080: -224 -250 -92
113082: -224 -251 -212
113083: -224 -251 -156
113091: -224 -254 -236
113120: -289 -36 -285
113163: -289 -263 -309
113169: -290 -101
113170: -290 -269
113172: -290 -98
113199: -290 -102 -301
113238: -291 -165
113239: -291 -277
113241: -291 -163
113248: -291 -162 -269
113268: -291 -166 -301
113278: -291 -168 -317
113298: -291 -278 -301
113376: -294 -357
113377: -294 -301
113378: -294 -365
113379: -294 -358
113416: -294 -360 -317
113419: -294 -360 -493
113439: -294 -303 -309
113443: -294 -304 -485
113444: -294 -304 -486
113445: -295 -421
113446: -295 -309
113448: -295 -423
113478: -295 -422 -373
113485: -295 -424 -317
113505: -295 -310 -301
113511: -295 -312 -317
113512: -295 -312 -485
113514: -296 -485
113515: -296 -317
113516: -296 -509
113517: -296 -488
113551: -296 -487 -311
113566: -296 -315 -165
113574: -296 -318 -301
113584: -361 -326
113620: -361 -47 -375
113652: -362 -110
113653: -362 -334
113655: -362 -106
113709: -362 -333 -358
113722: -363 -342
113724: -363 -171
113775: -363 -340 -350
113777: -363 -340 -235
113778: -363 -341 -358
113793: -364 -236
113859: -365 -302
113860: -365 -358
113862: -365 -301
113871: -365 -298 -330
113872: -365 -298 -102
113901: -365 -304 -384
113929: -367 -374
114067: -433 -391
114108: -433 -56 -448
114136: -434 -399
114138: -434 -114
114204: -435 -183
114205: -435 -407
114206: -435 -151
114207: -435 -179
114231: -435 -181 -421
114276: -436 -244
114324: -436 -411 -407
114342: -437 -311
114343: -437 -423
114344: -437 -295
114374: -437 -310 -430
114480: -440 -503
114481: -440 -447
114527: -440 -441 -56
114550: -505 -456
114579: -505 -62 -496
114581: -505 -62 -494
114619: -506 -464
114655: -506 -127 -503
114687: -507 -192
114688: -507 -472
114690: -507 -187
114756: -508 -256
114781: -508 -253 -488
114825: -509 -320
114826: -509 -488
114827: -509 -296
114828: -509 -317
114862: -509 -319 -503
115032: 1
115033: 11
115034: 18
115035: 29
115036: 36
115037: 47
115038: 56